Quest ID,Quest Name,Faction,Item ID,Item Name,Item Level,Quality,Slot
10588,"The Cipher of Damnation",Both,31036,"Oronok's Ancient Scepter",108,Rare,"Two-Hand"
10588,"The Cipher of Damnation",Both,31038,"Staff of the Redeemer",108,Rare,"Two-Hand"
10588,"The Cipher of Damnation",Both,31062,"Torn-heart Axe of Battle",109,Rare,"Two-Hand"
10588,"The Cipher of Damnation",Both,31073,"Borak's Reminder",109,Rare,"One-Hand"
10588,"The Cipher of Damnation",Both,31072,"Lohn'goron, Bow of the Torn-heart",109,Rare,"Ranged"
10588,"The Cipher of Damnation",Both,31071,"Grom'tor's Charge",109,Rare,"One-Hand"
10588,"The Cipher of Damnation",Both,31074,"Amulet of the Torn-heart",109,Rare,"Neck"
13267,"The Battle For The Undercity",Horde,44346,"Warchief's Leggings of Wisdom",146,Rare,"Legs"
13267,"The Battle For The Undercity",Horde,44347,"Warchief's Legguards of Heroism",146,Rare,"Legs"
13267,"The Battle For The Undercity",Horde,44348,"Warchief's Leggings of Valor",146,Rare,"Legs"
13267,"The Battle For The Undercity",Horde,44349,"Warchief's Legplates of Carnage",146,Rare,"Legs"
13267,"The Battle For The Undercity",Horde,44579,"Medallion of Heroism",146,Rare,"Trinket"
13267,"The Battle For The Undercity",Horde,44583,"Warchief's Legguards of Brutality",146,Rare,"Legs"
13267,"The Battle For The Undercity",Horde,44590,"Warchief's Leggings of Foresight",146,Rare,"Legs"
13377,"The Battle For The Undercity",Alliance,44591,"Wrynn's Leggings of Foresight",146,Rare,"Legs"
13377,"The Battle For The Undercity",Alliance,44592,"Wrynn's Leggings of Valor",146,Rare,"Legs"
13377,"The Battle For The Undercity",Alliance,44595,"Wrynn's Legguards of Heroism",146,Rare,"Legs"
13377,"The Battle For The Undercity",Alliance,44594,"Wrynn's Legguards of Brutality",146,Rare,"Legs"
13377,"The Battle For The Undercity",Alliance,44593,"Wrynn's Leggings of Wisdom",146,Rare,"Legs"
13377,"The Battle For The Undercity",Alliance,44596,"Wrynn's Legplates of Carnage",146,Rare,"Legs"
13377,"The Battle For The Undercity",Alliance,44597,"Medallion of Heroism",146,Rare,"Trinket"
9023,"The Perfect Poison",Both,22347,"Fahrad's Reloading Repeater",65,Rare,"Ranged"
9023,"The Perfect Poison",Both,22348,"Doomulus Prime",65,Rare,"Two-Hand"
9023,"The Perfect Poison",Both,22377,"The Thunderwood Poker",65,Rare,"One-Hand"
9023,"The Perfect Poison",Both,22378,"Ravenholdt Slicer",65,Rare,"One-Hand"
9023,"The Perfect Poison",Both,22379,"Shivsprocket's Shiv",65,Rare,"Main Hand"
9023,"The Perfect Poison",Both,22380,"Simone's Cultivating Hammer",65,Rare,"Main Hand"
9222,"Epic Armaments of Battle - Friend of the Dawn",Both,22656,"The Purifier",60,Epic,"Ranged"
9222,"Epic Armaments of Battle - Friend of the Dawn",Both,22657,"Amulet of the Dawn",60,Epic,"Neck"
9222,"Epic Armaments of Battle - Friend of the Dawn",Both,22659,"Medallion of the Dawn",60,Epic,"Neck"
9222,"Epic Armaments of Battle - Friend of the Dawn",Both,22667,"Bracers of Hope",60,Epic,"Wrist"
9222,"Epic Armaments of Battle - Friend of the Dawn",Both,22668,"Bracers of Subterfuge",60,Epic,"Wrist"
9222,"Epic Armaments of Battle - Friend of the Dawn",Both,22678,"Talisman of Ascendance",60,Epic,"Trinket"
9224,"Epic Armaments of Battle - Honored Amongst the Dawn",Both,22656,"The Purifier",60,Epic,"Ranged"
9224,"Epic Armaments of Battle - Honored Amongst the Dawn",Both,22657,"Amulet of the Dawn",60,Epic,"Neck"
9224,"Epic Armaments of Battle - Honored Amongst the Dawn",Both,22659,"Medallion of the Dawn",60,Epic,"Neck"
9224,"Epic Armaments of Battle - Honored Amongst the Dawn",Both,22667,"Bracers of Hope",60,Epic,"Wrist"
9224,"Epic Armaments of Battle - Honored Amongst the Dawn",Both,22668,"Bracers of Subterfuge",60,Epic,"Wrist"
9224,"Epic Armaments of Battle - Honored Amongst the Dawn",Both,22678,"Talisman of Ascendance",60,Epic,"Trinket"
9225,"Epic Armaments of Battle - Revered Amongst the Dawn",Both,22656,"The Purifier",60,Epic,"Ranged"
9225,"Epic Armaments of Battle - Revered Amongst the Dawn",Both,22657,"Amulet of the Dawn",60,Epic,"Neck"
9225,"Epic Armaments of Battle - Revered Amongst the Dawn",Both,22659,"Medallion of the Dawn",60,Epic,"Neck"
9225,"Epic Armaments of Battle - Revered Amongst the Dawn",Both,22667,"Bracers of Hope",60,Epic,"Wrist"
9225,"Epic Armaments of Battle - Revered Amongst the Dawn",Both,22668,"Bracers of Subterfuge",60,Epic,"Wrist"
9225,"Epic Armaments of Battle - Revered Amongst the Dawn",Both,22678,"Talisman of Ascendance",60,Epic,"Trinket"
9228,"Epic Armaments of Battle - Exalted Amongst the Dawn",Both,22656,"The Purifier",60,Epic,"Ranged"
9228,"Epic Armaments of Battle - Exalted Amongst the Dawn",Both,22657,"Amulet of the Dawn",60,Epic,"Neck"
9228,"Epic Armaments of Battle - Exalted Amongst the Dawn",Both,22659,"Medallion of the Dawn",60,Epic,"Neck"
9228,"Epic Armaments of Battle - Exalted Amongst the Dawn",Both,22667,"Bracers of Hope",60,Epic,"Wrist"
9228,"Epic Armaments of Battle - Exalted Amongst the Dawn",Both,22668,"Bracers of Subterfuge",60,Epic,"Wrist"
9228,"Epic Armaments of Battle - Exalted Amongst the Dawn",Both,22678,"Talisman of Ascendance",60,Epic,"Trinket"
9852,"The Ultimate Bloodsport",Both,25639,"Hemet's Elekk Gun",103,Rare,"Ranged"
9852,"The Ultimate Bloodsport",Both,25640,"Nesingwary Safari Stick",103,Rare,"Ranged"
9852,"The Ultimate Bloodsport",Both,25643,"Harold's Rejuvenating Broach",103,Rare,"Relic"
9852,"The Ultimate Bloodsport",Both,25644,"Blessed Book of Nagrand",103,Rare,"Relic"
9852,"The Ultimate Bloodsport",Both,25645,"Totem of the Plains",103,Rare,"Relic"
9852,"The Ultimate Bloodsport",Both,29211,"Fitz's Throwing Axe",103,Rare,"Thrown"
9977,"The Ring of Blood: The Final Challenge",Both,25760,"Battle Mage's Baton",103,Rare,"Two-Hand"
9977,"The Ring of Blood: The Final Challenge",Both,25759,"Mogor's Anointing Club",103,Rare,"Main Hand"
9977,"The Ring of Blood: The Final Challenge",Both,25761,"Staff of Beasts",103,Rare,"Two-Hand"
9977,"The Ring of Blood: The Final Challenge",Both,25762,"Honed Voidaxe",103,Rare,"Two-Hand"
9977,"The Ring of Blood: The Final Challenge",Both,25763,"Ceremonial Warmaul Blood-blade",103,Rare,"One-Hand"
9977,"The Ring of Blood: The Final Challenge",Both,25764,"Mag'hari Fury Brand",103,Rare,"One-Hand"
10579,"The Cipher of Damnation - The Third Fragment Recovered",Both,30925,"Spaulders of the Torn-heart",109,Rare,"Shoulder"
10579,"The Cipher of Damnation - The Third Fragment Recovered",Both,30939,"Felboar Hide Shoes",109,Rare,"Feet"
10579,"The Cipher of Damnation - The Third Fragment Recovered",Both,30944,"Umberhowl's Collar",109,Rare,"Wrist"
10579,"The Cipher of Damnation - The Third Fragment Recovered",Both,30951,"Ar'tor's Mainstay",109,Rare,"Hands"
10579,"The Cipher of Damnation - The Third Fragment Recovered",Both,30962,"Borak's Belt of Bravery",109,Rare,"Waist"
10579,"The Cipher of Damnation - The Third Fragment Recovered",Both,30967,"The Hands of Fate",109,Rare,"Hands"
10651,"Varedis Must Be Stopped",Both,30933,"Hauberk of Karabor",109,Rare,"Chest"
10651,"Varedis Must Be Stopped",Both,30948,"Sunfury Legguards",109,Rare,"Legs"
10651,"Varedis Must Be Stopped",Both,31002,"Summoner's Blade",109,Rare,"Main Hand"
10651,"Varedis Must Be Stopped",Both,31010,"Slayer's Axe",109,Rare,"Two-Hand"
10651,"Varedis Must Be Stopped",Both,31009,"Wildcaller",109,Rare,"Two-Hand"
10651,"Varedis Must Be Stopped",Both,31013,"Ceremonial Kris",109,Rare,"Main Hand"
10692,"Varedis Must Be Stopped",Both,30933,"Hauberk of Karabor",109,Rare,"Chest"
10692,"Varedis Must Be Stopped",Both,30948,"Sunfury Legguards",109,Rare,"Legs"
10692,"Varedis Must Be Stopped",Both,31002,"Summoner's Blade",109,Rare,"Main Hand"
10692,"Varedis Must Be Stopped",Both,31010,"Slayer's Axe",109,Rare,"Two-Hand"
10692,"Varedis Must Be Stopped",Both,31009,"Wildcaller",109,Rare,"Two-Hand"
10692,"Varedis Must Be Stopped",Both,31013,"Ceremonial Kris",109,Rare,"Main Hand"
10708,"Akama's Promise",undefined,30932,"Akama's Sash",109,Rare,"Waist"
10708,"Akama's Promise",undefined,30943,"Verdant Gloves",109,Rare,"Hands"
10708,"Akama's Promise",undefined,30984,"Spellbreaker's Buckler",109,Rare,"Off Hand"
10708,"Akama's Promise",undefined,30999,"Ashtongue Blade",109,Rare,"One-Hand"
10708,"Akama's Promise",undefined,31000,"Bloodwarder's Rifle",109,Rare,"Ranged"
10708,"Akama's Promise",undefined,31417,"Staff of the Ashtongue Deathsworn",109,Rare,"Two-Hand"
11052,"Akama's Promise",Both,30932,"Akama's Sash",109,Rare,"Waist"
11052,"Akama's Promise",Both,30943,"Verdant Gloves",109,Rare,"Hands"
11052,"Akama's Promise",Both,30984,"Spellbreaker's Buckler",109,Rare,"Off Hand"
11052,"Akama's Promise",Both,30999,"Ashtongue Blade",109,Rare,"One-Hand"
11052,"Akama's Promise",Both,31000,"Bloodwarder's Rifle",109,Rare,"Ranged"
11052,"Akama's Promise",Both,31417,"Staff of the Ashtongue Deathsworn",109,Rare,"Two-Hand"
10639,"Teron Gorefiend, I am...",Horde,31104,"Evoker's Helmet of Second Sight",109,Rare,"Head"
10639,"Teron Gorefiend, I am...",Horde,31105,"Overlord's Helmet of Second Sight",109,Rare,"Head"
10639,"Teron Gorefiend, I am...",Horde,31106,"Stalker's Helmet of Second Sight",109,Rare,"Head"
10639,"Teron Gorefiend, I am...",Horde,31107,"Shamanistic Helmet of Second Sight",109,Rare,"Head"
10639,"Teron Gorefiend, I am...",Horde,31109,"Stealther's Helmet of Second Sight",109,Rare,"Head"
10639,"Teron Gorefiend, I am...",Horde,31110,"Druidic Helmet of Second Sight",109,Rare,"Head"
10645,"Teron Gorefiend, I am...",Alliance,31104,"Evoker's Helmet of Second Sight",109,Rare,"Head"
10645,"Teron Gorefiend, I am...",Alliance,31105,"Overlord's Helmet of Second Sight",109,Rare,"Head"
10645,"Teron Gorefiend, I am...",Alliance,31106,"Stalker's Helmet of Second Sight",109,Rare,"Head"
10645,"Teron Gorefiend, I am...",Alliance,31107,"Shamanistic Helmet of Second Sight",109,Rare,"Head"
10645,"Teron Gorefiend, I am...",Alliance,31109,"Stealther's Helmet of Second Sight",109,Rare,"Head"
10645,"Teron Gorefiend, I am...",Alliance,31110,"Druidic Helmet of Second Sight",109,Rare,"Head"
10742,"Showdown",Horde,31544,"Clefthoof Hide Leggings",109,Rare,"Legs"
10742,"Showdown",Horde,31545,"Oilcloth Breeches",109,Rare,"Legs"
10742,"Showdown",Horde,31547,"Malefactor's Eyepatch",109,Rare,"Head"
10742,"Showdown",Horde,31546,"Tourmaline Crown",109,Rare,"Head"
10742,"Showdown",Horde,31548,"Blackened Chestplate",109,Rare,"Chest"
10742,"Showdown",Horde,31549,"Leonine Breastplate",109,Rare,"Chest"
10806,"Showdown",Alliance,31544,"Clefthoof Hide Leggings",109,Rare,"Legs"
10806,"Showdown",Alliance,31545,"Oilcloth Breeches",109,Rare,"Legs"
10806,"Showdown",Alliance,31547,"Malefactor's Eyepatch",109,Rare,"Head"
10806,"Showdown",Alliance,31546,"Tourmaline Crown",109,Rare,"Head"
10806,"Showdown",Alliance,31548,"Blackened Chestplate",109,Rare,"Chest"
10806,"Showdown",Alliance,31549,"Leonine Breastplate",109,Rare,"Chest"
10912,"The Hound-Master",Both,31691,"Natasha's Guardian Cord",103,Rare,"Neck"
10912,"The Hound-Master",Both,31693,"Natasha's Arcane Filament",103,Rare,"Neck"
10912,"The Hound-Master",Both,31692,"Natasha's Ember Necklace",103,Rare,"Neck"
10912,"The Hound-Master",Both,31695,"Natasha's Choker",103,Rare,"Neck"
10912,"The Hound-Master",Both,31694,"Natasha's Pack Collar",103,Rare,"Neck"
10912,"The Hound-Master",Both,31696,"Natasha's Battle Chain",103,Rare,"Neck"
11233,"Landing the Killing Blow",Horde,35809,"Earthspike",138,Uncommon,"Main Hand"
11233,"Landing the Killing Blow",Horde,35808,"Coldstone Cutlass",138,Uncommon,"One-Hand"
11233,"Landing the Killing Blow",Horde,35807,"Bramblethorn Greatstaff",138,Uncommon,"Two-Hand"
11233,"Landing the Killing Blow",Horde,35810,"Pacifying Pummeler",138,Uncommon,"Main Hand"
11233,"Landing the Killing Blow",Horde,35811,"Elekk-Horn Crossbow",138,Uncommon,"Ranged"
11233,"Landing the Killing Blow",Horde,35812,"Cragthumper",138,Uncommon,"Two-Hand"
11244,"Rescuing the Rescuers",Alliance,35809,"Earthspike",138,Uncommon,"Main Hand"
11244,"Rescuing the Rescuers",Alliance,35808,"Coldstone Cutlass",138,Uncommon,"One-Hand"
11244,"Rescuing the Rescuers",Alliance,35807,"Bramblethorn Greatstaff",138,Uncommon,"Two-Hand"
11244,"Rescuing the Rescuers",Alliance,35810,"Pacifying Pummeler",138,Uncommon,"Main Hand"
11244,"Rescuing the Rescuers",Alliance,35811,"Elekk-Horn Crossbow",138,Uncommon,"Ranged"
11244,"Rescuing the Rescuers",Alliance,35812,"Cragthumper",138,Uncommon,"Two-Hand"
11241,"Trail of Fire",Horde,35823,"Ice-Rimed Dagger",138,Uncommon,"One-Hand"
11241,"Trail of Fire",Horde,35826,"Whelpling-Skull Zapper",138,Uncommon,"Ranged"
11241,"Trail of Fire",Horde,35827,"Regal Sceptre",138,Uncommon,"Ranged"
11241,"Trail of Fire",Horde,35830,"Worn Vrykul Smasher",138,Uncommon,"Off Hand"
11241,"Trail of Fire",Horde,35824,"Stoneblade Slicer",138,Uncommon,"One-Hand"
11241,"Trail of Fire",Horde,35829,"Coldspike Longbow",138,Uncommon,"Ranged"
11288,"The Shining Light",Alliance,35823,"Ice-Rimed Dagger",138,Uncommon,"One-Hand"
11288,"The Shining Light",Alliance,35826,"Whelpling-Skull Zapper",138,Uncommon,"Ranged"
11288,"The Shining Light",Alliance,35827,"Regal Sceptre",138,Uncommon,"Ranged"
11288,"The Shining Light",Alliance,35830,"Worn Vrykul Smasher",138,Uncommon,"Off Hand"
11288,"The Shining Light",Alliance,35824,"Stoneblade Slicer",138,Uncommon,"One-Hand"
11288,"The Shining Light",Alliance,35829,"Coldspike Longbow",138,Uncommon,"Ranged"
11602,"Cutting Off the Source",Horde,36878,"Writhing Longstaff",138,Uncommon,"Two-Hand"
11602,"Cutting Off the Source",Horde,36879,"Soldier's Spiked Mace",138,Uncommon,"One-Hand"
11602,"Cutting Off the Source",Horde,36880,"Vicious Spellblade",138,Uncommon,"Main Hand"
11602,"Cutting Off the Source",Horde,36882,"Warsong Longbow",138,Uncommon,"Ranged"
11602,"Cutting Off the Source",Horde,36881,"Medic's Morning Star",138,Uncommon,"Main Hand"
11602,"Cutting Off the Source",Horde,36883,"Combatant Greatsword",138,Uncommon,"Two-Hand"
11797,"The Siege",Alliance,36878,"Writhing Longstaff",138,Uncommon,"Two-Hand"
11797,"The Siege",Alliance,36879,"Soldier's Spiked Mace",138,Uncommon,"One-Hand"
11797,"The Siege",Alliance,36880,"Vicious Spellblade",138,Uncommon,"Main Hand"
11797,"The Siege",Alliance,36881,"Medic's Morning Star",138,Uncommon,"Main Hand"
11797,"The Siege",Alliance,36883,"Combatant Greatsword",138,Uncommon,"Two-Hand"
11797,"The Siege",Alliance,38208,"Valiance Longbow",138,Uncommon,"Ranged"
11872,"The Nefarious Clam Master...",Both,37014,"Rod of Poacher Punishment",138,Uncommon,"One-Hand"
11872,"The Nefarious Clam Master...",Both,37015,"Dowsing Rod",138,Uncommon,"Ranged"
11872,"The Nefarious Clam Master...",Both,37016,"Wand of the Keeper",138,Uncommon,"Ranged"
11872,"The Nefarious Clam Master...",Both,37017,"Nimble Blade",138,Uncommon,"One-Hand"
11872,"The Nefarious Clam Master...",Both,37019,"Borean Ward",138,Uncommon,"Off Hand"
11872,"The Nefarious Clam Master...",Both,37018,"G.E.H.T.A.",138,Uncommon,"Ranged"
11613,"Karuk's Oath",Both,37021,"Claw of the Tuskarr",138,Uncommon,"Main Hand"
11613,"Karuk's Oath",Both,37022,"Shark Stabber",138,Uncommon,"One-Hand"
11613,"Karuk's Oath",Both,37023,"Compact Arrow Launcher",138,Uncommon,"Ranged"
11613,"Karuk's Oath",Both,37024,"Medicine Stick",138,Uncommon,"Held In Off-hand"
11613,"Karuk's Oath",Both,37026,"Spirit Channeller's Rod",138,Uncommon,"Two-Hand"
11613,"Karuk's Oath",Both,37025,"Blubber Carver",138,Uncommon,"Two-Hand"
11570,"Escape from the Winterfin Caverns",Both,37036,"Fish-Eye Poker",138,Uncommon,"One-Hand"
11570,"Escape from the Winterfin Caverns",Both,37039,"Mrgl Blade",138,Uncommon,"One-Hand"
11570,"Escape from the Winterfin Caverns",Both,37041,"Scepter of the Winterfin",138,Uncommon,"Main Hand"
11570,"Escape from the Winterfin Caverns",Both,37042,"Glimmering Orca Tooth",138,Uncommon,"Main Hand"
11570,"Escape from the Winterfin Caverns",Both,37044,"Amphibious Speargun",138,Uncommon,"Ranged"
11570,"Escape from the Winterfin Caverns",Both,37046,"Shell Smasher",138,Uncommon,"Two-Hand"
11638,"Return My Remains",Horde,37047,"Branch of Everlasting Flame",138,Uncommon,"Ranged"
11638,"Return My Remains",Horde,37049,"Lost Marksman's Rifle",138,Uncommon,"Ranged"
11638,"Return My Remains",Horde,37528,"Dry Earth Circle",138,Uncommon,"Finger"
11638,"Return My Remains",Horde,37574,"Libram of Furious Blows",138,Uncommon,"Relic"
11638,"Return My Remains",Horde,37573,"Idol of the Plainstalker",138,Uncommon,"Relic"
11638,"Return My Remains",Horde,37575,"Totem of the Tundra",138,Uncommon,"Relic"
11673,"Get Me Outa Here!",Alliance,37047,"Branch of Everlasting Flame",138,Uncommon,"Ranged"
11673,"Get Me Outa Here!",Alliance,37049,"Lost Marksman's Rifle",138,Uncommon,"Ranged"
11673,"Get Me Outa Here!",Alliance,37528,"Dry Earth Circle",138,Uncommon,"Finger"
11673,"Get Me Outa Here!",Alliance,37574,"Libram of Furious Blows",138,Uncommon,"Relic"
11673,"Get Me Outa Here!",Alliance,37573,"Idol of the Plainstalker",138,Uncommon,"Relic"
11673,"Get Me Outa Here!",Alliance,37575,"Totem of the Tundra",138,Uncommon,"Relic"
11969,"Springing the Trap",Both,37075,"Serrated Scale Shank",138,Uncommon,"One-Hand"
11969,"Springing the Trap",Both,37077,"Smoldering Talon",138,Uncommon,"Off Hand"
11969,"Springing the Trap",Both,37078,"Rod of the Crimson Keeper",138,Uncommon,"Ranged"
11969,"Springing the Trap",Both,37076,"Fiery Prod",138,Uncommon,"One-Hand"
11969,"Springing the Trap",Both,37080,"Crimson Will",138,Uncommon,"Two-Hand"
11969,"Springing the Trap",Both,37564,"Scaled Flame Cloak",138,Uncommon,"Back"
12032,"Conversing With the Depths",Both,38126,"Frostbite Warstaff",146,Uncommon,"Two-Hand"
12032,"Conversing With the Depths",Both,38127,"Carved Dragonbone Mace",146,Uncommon,"Main Hand"
12032,"Conversing With the Depths",Both,38128,"Staff of the Spiked Beast",146,Uncommon,"Two-Hand"
12032,"Conversing With the Depths",Both,38146,"Gleaming Iceblade",146,Uncommon,"One-Hand"
12032,"Conversing With the Depths",Both,38148,"Chilled Headsmasher",146,Uncommon,"Two-Hand"
12032,"Conversing With the Depths",Both,38150,"Imported Ironshod Crossbow",146,Uncommon,"Ranged"
12151,"Wanton Warlord",Horde,38130,"Emme's Lost Spellblade",146,Uncommon,"Main Hand"
12151,"Wanton Warlord",Horde,38154,"Taigasha",146,Uncommon,"One-Hand"
12151,"Wanton Warlord",Horde,38155,"Shortblade of the Ruby Ally",146,Uncommon,"One-Hand"
12151,"Wanton Warlord",Horde,38156,"Battered Magnataur Dualblade",146,Uncommon,"Two-Hand"
12151,"Wanton Warlord",Horde,38157,"Longbow of the Ruby Rider",146,Uncommon,"Ranged"
12151,"Wanton Warlord",Horde,38224,"Life Binder Talisman",146,Uncommon,"Held In Off-hand"
12111,"Where the Wild Things Roam",Horde,38131,"Staff of Ruby Wood",146,Uncommon,"Two-Hand"
12111,"Where the Wild Things Roam",Horde,38132,"Moonrest Garden Stave",146,Uncommon,"Two-Hand"
12111,"Where the Wild Things Roam",Horde,38170,"Spiked Coldwind Club",146,Uncommon,"One-Hand"
12111,"Where the Wild Things Roam",Horde,38171,"Battleworn Magnataur Crusher",146,Uncommon,"Two-Hand"
12111,"Where the Wild Things Roam",Horde,38172,"Crossbow of the Hardened Ranger",146,Uncommon,"Ranged"
12111,"Where the Wild Things Roam",Horde,38169,"Keen Woodland Shank",146,Uncommon,"One-Hand"
12441,"Wanted: High Shaman Bloodpaw",Alliance,38131,"Staff of Ruby Wood",146,Uncommon,"Two-Hand"
12441,"Wanted: High Shaman Bloodpaw",Alliance,38132,"Moonrest Garden Stave",146,Uncommon,"Two-Hand"
12441,"Wanted: High Shaman Bloodpaw",Alliance,38170,"Spiked Coldwind Club",146,Uncommon,"One-Hand"
12441,"Wanted: High Shaman Bloodpaw",Alliance,38171,"Battleworn Magnataur Crusher",146,Uncommon,"Two-Hand"
12441,"Wanted: High Shaman Bloodpaw",Alliance,38172,"Crossbow of the Hardened Ranger",146,Uncommon,"Ranged"
12441,"Wanted: High Shaman Bloodpaw",Alliance,38169,"Keen Woodland Shank",146,Uncommon,"One-Hand"
12221,"The Forsaken Blight",Horde,38134,"Bloodtinged Spellblade",146,Uncommon,"Main Hand"
12221,"The Forsaken Blight",Horde,38135,"Mace of the Fallen Raven Priest",146,Uncommon,"Main Hand"
12221,"The Forsaken Blight",Horde,38176,"Stronghold Battlemace",146,Uncommon,"One-Hand"
12221,"The Forsaken Blight",Horde,38177,"Siege Captain's Gun",146,Uncommon,"Ranged"
12221,"The Forsaken Blight",Horde,38178,"Battlement Enforcer's Axe",146,Uncommon,"Two-Hand"
12221,"The Forsaken Blight",Horde,38295,"Idol of the Wastes",146,Uncommon,"Relic"
12464,"My Old Enemy",Alliance,38134,"Bloodtinged Spellblade",146,Uncommon,"Main Hand"
12464,"My Old Enemy",Alliance,38135,"Mace of the Fallen Raven Priest",146,Uncommon,"Main Hand"
12464,"My Old Enemy",Alliance,38176,"Stronghold Battlemace",146,Uncommon,"One-Hand"
12464,"My Old Enemy",Alliance,38177,"Siege Captain's Gun",146,Uncommon,"Ranged"
12464,"My Old Enemy",Alliance,38178,"Battlement Enforcer's Axe",146,Uncommon,"Two-Hand"
12464,"My Old Enemy",Alliance,38295,"Idol of the Wastes",146,Uncommon,"Relic"
12089,"Wanted: Magister Keldonus",Horde,38137,"Endurance of the Spell Warder",146,Uncommon,"Two-Hand"
12089,"Wanted: Magister Keldonus",Horde,38138,"Keldonus's Missing Spellshard",146,Uncommon,"Main Hand"
12089,"Wanted: Magister Keldonus",Horde,38189,"Backtwister",146,Uncommon,"One-Hand"
12089,"Wanted: Magister Keldonus",Horde,38194,"Mageslayer Rifle",146,Uncommon,"Ranged"
12089,"Wanted: Magister Keldonus",Horde,38196,"Bloodsmeared Brutalizer",146,Uncommon,"One-Hand"
12089,"Wanted: Magister Keldonus",Horde,38195,"Magister's Bane",146,Uncommon,"Two-Hand"
12050,"Lumber Hack",Both,38141,"Coldwind Scratching Pole",146,Uncommon,"Two-Hand"
12050,"Lumber Hack",Both,38143,"Composite Harpyspine Staff",146,Uncommon,"Two-Hand"
12050,"Lumber Hack",Both,38142,"Infused Dragonbone Splinter",146,Uncommon,"Main Hand"
12050,"Lumber Hack",Both,38187,"Reactive Waraxe",146,Uncommon,"One-Hand"
12050,"Lumber Hack",Both,38191,"Compact Explosive Delivery Device",146,Uncommon,"One-Hand"
12050,"Lumber Hack",Both,38197,"Mounted Boneshredder",146,Uncommon,"Two-Hand"
11916,"Hellscream's Champion",Horde,38237,"Axe of Frozen Death",138,Rare,"Two-Hand"
11916,"Hellscream's Champion",Horde,38238,"Borean Smasher",138,Rare,"Main Hand"
11916,"Hellscream's Champion",Horde,38239,"Tower of the Infinite Mind",138,Rare,"Two-Hand"
11916,"Hellscream's Champion",Horde,38240,"Staff of the Purposeful Mendicant",138,Rare,"Two-Hand"
11916,"Hellscream's Champion",Horde,38241,"Fury of the Raging Dragon",138,Rare,"Ranged"
11916,"Hellscream's Champion",Horde,38242,"Fang of the Desolate Soul",138,Rare,"One-Hand"
12019,"Last Rites",Alliance,38237,"Axe of Frozen Death",138,Rare,"Two-Hand"
12019,"Last Rites",Alliance,38238,"Borean Smasher",138,Rare,"Main Hand"
12019,"Last Rites",Alliance,38239,"Tower of the Infinite Mind",138,Rare,"Two-Hand"
12019,"Last Rites",Alliance,38240,"Staff of the Purposeful Mendicant",138,Rare,"Two-Hand"
12019,"Last Rites",Alliance,38241,"Fury of the Raging Dragon",138,Rare,"Ranged"
12019,"Last Rites",Alliance,38242,"Fang of the Desolate Soul",138,Rare,"One-Hand"
12152,"Jin'arrak's End",Both,39114,"Axe of the Warlord's Demise",154,Uncommon,"Two-Hand"
12152,"Jin'arrak's End",Both,39113,"Jagged Troll Render",154,Uncommon,"Off Hand"
12152,"Jin'arrak's End",Both,39118,"Glowing Voodoo Orb",154,Uncommon,"Held In Off-hand"
12152,"Jin'arrak's End",Both,39125,"Beaked Dagger",154,Uncommon,"One-Hand"
12152,"Jin'arrak's End",Both,39124,"Branch of Insightful Dreams",154,Uncommon,"Held In Off-hand"
12152,"Jin'arrak's End",Both,39127,"Serrated Cold-Iron Slicer",154,Uncommon,"One-Hand"
11984,"Filling the Cages",Both,39116,"Grinder of Reverse Emancipation",154,Uncommon,"Two-Hand"
11984,"Filling the Cages",Both,39128,"Yoke Slasher",154,Uncommon,"One-Hand"
11984,"Filling the Cages",Both,39129,"Spike of Renounced Autonomy",154,Uncommon,"One-Hand"
11984,"Filling the Cages",Both,39132,"Sword of the Caged Mind",154,Uncommon,"Main Hand"
11984,"Filling the Cages",Both,39131,"Warbling Crossbow",154,Uncommon,"Ranged"
11984,"Filling the Cages",Both,39142,"Mace of Helotry",154,Uncommon,"Main Hand"
12236,"Ursoc, the Bear God",Horde,39173,"Bulwark of the Tormented God",154,Rare,"Off Hand"
12236,"Ursoc, the Bear God",Horde,39174,"Legguards of Dissolved Hope",154,Rare,"Legs"
12236,"Ursoc, the Bear God",Horde,39175,"Leggings of Forceful Purification",154,Rare,"Legs"
12236,"Ursoc, the Bear God",Horde,39177,"Pants of Purified Wind",154,Rare,"Legs"
12236,"Ursoc, the Bear God",Horde,39176,"Kilt of Deific Torment",154,Rare,"Legs"
12236,"Ursoc, the Bear God",Horde,39178,"Greaves of Sanctified Dissolution",154,Rare,"Legs"
12249,"Ursoc, the Bear God",Alliance,39173,"Bulwark of the Tormented God",154,Rare,"Off Hand"
12249,"Ursoc, the Bear God",Alliance,39174,"Legguards of Dissolved Hope",154,Rare,"Legs"
12249,"Ursoc, the Bear God",Alliance,39175,"Leggings of Forceful Purification",154,Rare,"Legs"
12249,"Ursoc, the Bear God",Alliance,39177,"Pants of Purified Wind",154,Rare,"Legs"
12249,"Ursoc, the Bear God",Alliance,39176,"Kilt of Deific Torment",154,Rare,"Legs"
12249,"Ursoc, the Bear God",Alliance,39178,"Greaves of Sanctified Dissolution",154,Rare,"Legs"
12614,"Post-partum Aggression",Both,39478,"Cloak of the Deadliest Game",162,Rare,"Back"
12614,"Post-partum Aggression",Both,39486,"Hemet's Trophy Gun",162,Rare,"Ranged"
12614,"Post-partum Aggression",Both,39487,"Dragon Slayer's Shortbow",162,Rare,"Ranged"
12614,"Post-partum Aggression",Both,39488,"Nesingwary Brush Burner",162,Rare,"Ranged"
12614,"Post-partum Aggression",Both,39490,"Dorian's Prybar",162,Rare,"Thrown"
12614,"Post-partum Aggression",Both,40353,"Polished Protodrake Cloak",162,Rare,"Back"
12555,"A Tangled Skein",Both,39784,"Staff of the Dutybound",158,Uncommon,"Two-Hand"
12555,"A Tangled Skein",Both,39806,"Blade of Diligence",158,Uncommon,"One-Hand"
12555,"A Tangled Skein",Both,39808,"Staff of Diligence",158,Uncommon,"Two-Hand"
12555,"A Tangled Skein",Both,39822,"Knife of the Dutybound",158,Uncommon,"One-Hand"
12555,"A Tangled Skein",Both,39823,"Dutybound Mace of Purity",158,Uncommon,"Main Hand"
12555,"A Tangled Skein",Both,39824,"Cleaver of Diligence",158,Uncommon,"Two-Hand"
12948,"The Champion of Anguish",Horde,41816,"De-Raged Waraxe",175,Rare,"Two-Hand"
12948,"The Champion of Anguish",Horde,41815,"Icier Barbed Spear",175,Rare,"Two-Hand"
12948,"The Champion of Anguish",Horde,41822,"Screw-Sprung Fixer-Upper",175,Rare,"Main Hand"
12948,"The Champion of Anguish",Horde,41821,"Chilly Slobberknocker",175,Rare,"Two-Hand"
12948,"The Champion of Anguish",Horde,41824,"Crimson Cranium Crusher",175,Rare,"One-Hand"
12948,"The Champion of Anguish",Horde,41825,"Wodin's Second-Best Shanker",175,Rare,"One-Hand"
4903,"Warlord's Command",Both,13958,"Wyrmthalak's Shackles",60,Rare,"Wrist"
4903,"Warlord's Command",Both,13959,"Omokk's Girth Restrainer",60,Rare,"Waist"
4903,"Warlord's Command",Both,13961,"Halycon's Muzzle",60,Rare,"Shoulder"
4903,"Warlord's Command",Both,13962,"Vosh'gajin's Strand",60,Rare,"Waist"
4903,"Warlord's Command",Both,13963,"Voone's Vice Grips",60,Rare,"Hands"
5081,"Maxwell's Mission",Both,13958,"Wyrmthalak's Shackles",60,Rare,"Wrist"
5081,"Maxwell's Mission",Both,13959,"Omokk's Girth Restrainer",60,Rare,"Waist"
5081,"Maxwell's Mission",Both,13961,"Halycon's Muzzle",60,Rare,"Shoulder"
5081,"Maxwell's Mission",Both,13962,"Vosh'gajin's Strand",60,Rare,"Waist"
5081,"Maxwell's Mission",Both,13963,"Voone's Vice Grips",60,Rare,"Hands"
5944,"In Dreams",Both,15411,"Mark of Fordring",63,Rare,"Neck"
5944,"In Dreams",Both,15413,"Ornate Adamantium Breastplate",63,Rare,"Chest"
5944,"In Dreams",Both,15418,"Shimmering Platinum Warhammer",63,Rare,"Two-Hand"
5944,"In Dreams",Both,15421,"Shroud of the Exile",63,Rare,"Back"
5944,"In Dreams",Both,16058,"Fordring's Seal",63,Rare,"Finger"
9221,"Superior Armaments of Battle - Friend of the Dawn",Both,22680,"Band of Resolution",66,Rare,"Finger"
9221,"Superior Armaments of Battle - Friend of the Dawn",Both,22681,"Band of Piety",66,Rare,"Finger"
9221,"Superior Armaments of Battle - Friend of the Dawn",Both,22688,"Verimonde's Last Resort",66,Rare,"Main Hand"
9221,"Superior Armaments of Battle - Friend of the Dawn",Both,22689,"Sanctified Leather Helm",66,Rare,"Head"
9221,"Superior Armaments of Battle - Friend of the Dawn",Both,22690,"Leggings of the Plague Hunter",66,Rare,"Legs"
9223,"Superior Armaments of Battle - Honored Amongst the Dawn",Both,22680,"Band of Resolution",66,Rare,"Finger"
9223,"Superior Armaments of Battle - Honored Amongst the Dawn",Both,22681,"Band of Piety",66,Rare,"Finger"
9223,"Superior Armaments of Battle - Honored Amongst the Dawn",Both,22688,"Verimonde's Last Resort",66,Rare,"Main Hand"
9223,"Superior Armaments of Battle - Honored Amongst the Dawn",Both,22689,"Sanctified Leather Helm",66,Rare,"Head"
9223,"Superior Armaments of Battle - Honored Amongst the Dawn",Both,22690,"Leggings of the Plague Hunter",66,Rare,"Legs"
9226,"Superior Armaments of Battle - Revered Amongst the Dawn",Both,22680,"Band of Resolution",66,Rare,"Finger"
9226,"Superior Armaments of Battle - Revered Amongst the Dawn",Both,22681,"Band of Piety",66,Rare,"Finger"
9226,"Superior Armaments of Battle - Revered Amongst the Dawn",Both,22688,"Verimonde's Last Resort",66,Rare,"Main Hand"
9226,"Superior Armaments of Battle - Revered Amongst the Dawn",Both,22689,"Sanctified Leather Helm",66,Rare,"Head"
9226,"Superior Armaments of Battle - Revered Amongst the Dawn",Both,22690,"Leggings of the Plague Hunter",66,Rare,"Legs"
9227,"Superior Armaments of Battle - Exalted Amongst the Dawn",Both,22680,"Band of Resolution",66,Rare,"Finger"
9227,"Superior Armaments of Battle - Exalted Amongst the Dawn",Both,22681,"Band of Piety",66,Rare,"Finger"
9227,"Superior Armaments of Battle - Exalted Amongst the Dawn",Both,22688,"Verimonde's Last Resort",66,Rare,"Main Hand"
9227,"Superior Armaments of Battle - Exalted Amongst the Dawn",Both,22689,"Sanctified Leather Helm",66,Rare,"Head"
9227,"Superior Armaments of Battle - Exalted Amongst the Dawn",Both,22690,"Leggings of the Plague Hunter",66,Rare,"Legs"
9447,"Administering the Salve",Horde,25492,"Earthcaller's Mace",93,Uncommon,"Main Hand"
9447,"Administering the Salve",Horde,25496,"Mag'har Bow",93,Uncommon,"Ranged"
9447,"Administering the Salve",Horde,25494,"Totemic Staff",93,Uncommon,"Two-Hand"
9447,"Administering the Salve",Horde,25495,"Wolfrider's Dagger",93,Uncommon,"One-Hand"
9447,"Administering the Salve",Horde,29212,"Balanced Stone Dirk",93,Uncommon,"Thrown"
9951,"It's Watching You!",Both,25542,"Lucky Circle of the Fool",96,Uncommon,"Finger"
9951,"It's Watching You!",Both,28028,"Moonstruck Bands",96,Uncommon,"Wrist"
9951,"It's Watching You!",Both,28027,"Lunatic's Choker",96,Uncommon,"Neck"
9951,"It's Watching You!",Both,28026,"Crazy Cenarion Cloak",96,Uncommon,"Back"
9951,"It's Watching You!",Both,31723,"Madman's Blade",96,Uncommon,"One-Hand"
9494,"Fel Embers",Alliance,25788,"Dauntless Handguards",114,Rare,"Hands"
9494,"Fel Embers",Alliance,25789,"Rune-Engraved Belt",114,Rare,"Waist"
9494,"Fel Embers",Alliance,25790,"Expedition Scout's Epaulets",114,Rare,"Shoulder"
9494,"Fel Embers",Alliance,25792,"Curate's Boots",114,Rare,"Feet"
9494,"Fel Embers",Alliance,25791,"Gloves of Preservation",114,Rare,"Hands"
9497,"Emblem of the Fel Horde",Horde,25794,"Bone Studded Girdle",114,Uncommon,"Waist"
9497,"Emblem of the Fel Horde",Horde,25796,"Lurking Shadow Spaulders",114,Uncommon,"Shoulder"
9497,"Emblem of the Fel Horde",Horde,25793,"Curate's Footwraps",114,Uncommon,"Feet"
9497,"Emblem of the Fel Horde",Horde,25797,"Crushing Grasp",114,Uncommon,"Hands"
9497,"Emblem of the Fel Horde",Horde,25795,"Gloves of Preservation",114,Uncommon,"Hands"
10834,"Grillok "Darkeye"",Horde,28051,"Jerkin of the Untamed Spirit",85,Rare,"Chest"
10834,"Grillok "Darkeye"",Horde,28052,"Goldweave Tunic",85,Rare,"Chest"
10834,"Grillok "Darkeye"",Horde,28050,"Sacred Feather Vest",85,Rare,"Chest"
10834,"Grillok "Darkeye"",Horde,28055,"Gilded Crimson Chestplate",85,Rare,"Chest"
10834,"Grillok "Darkeye"",Horde,28057,"Bonechewer Berserker's Vest",85,Rare,"Chest"
10895,"Zeth'Gor Must Burn!",Alliance,28051,"Jerkin of the Untamed Spirit",85,Rare,"Chest"
10895,"Zeth'Gor Must Burn!",Alliance,28052,"Goldweave Tunic",85,Rare,"Chest"
10895,"Zeth'Gor Must Burn!",Alliance,28050,"Sacred Feather Vest",85,Rare,"Chest"
10895,"Zeth'Gor Must Burn!",Alliance,28055,"Gilded Crimson Chestplate",85,Rare,"Chest"
10895,"Zeth'Gor Must Burn!",Alliance,28057,"Bonechewer Berserker's Vest",85,Rare,"Chest"
10132,"Colossal Menace",Both,28066,"Totem of Lightning",93,Uncommon,"Relic"
10132,"Colossal Menace",Both,28065,"Libram of Wracking",93,Uncommon,"Relic"
10132,"Colossal Menace",Both,28062,"Expedition Repeater",93,Uncommon,"Ranged"
10132,"Colossal Menace",Both,28064,"Idol of the Wild",93,Uncommon,"Relic"
10132,"Colossal Menace",Both,28063,"Survivalist's Wand",93,Uncommon,"Ranged"
10212,"Hero of the Mag'har",Horde,28168,"Insignia of the Mag'hari Hero",103,Rare,"Neck"
10212,"Hero of the Mag'har",Horde,28169,"Mag'hari Ritualist's Horns",103,Rare,"Head"
10212,"Hero of the Mag'har",Horde,28172,"Mag'hari Scout's Tunic",103,Rare,"Chest"
10212,"Hero of the Mag'har",Horde,28173,"Mag'hari Huntsman's Leggings",103,Rare,"Legs"
10212,"Hero of the Mag'har",Horde,28175,"Mag'hari Warlord's Legplates",103,Rare,"Legs"
10337,"When the Cows Come Home",Both,29804,"Wrangler's Boots",111,Uncommon,"Feet"
10337,"When the Cows Come Home",Both,29806,"Cowpoke's Riding Gloves",111,Uncommon,"Hands"
10337,"When the Cows Come Home",Both,29807,"Engraved Cattleman's Buckle",111,Uncommon,"Waist"
10337,"When the Cows Come Home",Both,30400,"Thadell's Bracers",111,Uncommon,"Wrist"
10337,"When the Cows Come Home",Both,30523,"Hotshot Cattle Prod",111,Uncommon,"Ranged"
10123,"Felspark Ravine",Horde,29908,"Rage Reaver",81,Uncommon,"Two-Hand"
10123,"Felspark Ravine",Horde,29909,"Screaming Dagger",81,Uncommon,"One-Hand"
10123,"Felspark Ravine",Horde,29910,"The Staff of Twin Worlds",81,Uncommon,"Two-Hand"
10123,"Felspark Ravine",Horde,29911,"Agamaggan's Quill",81,Uncommon,"Two-Hand"
10123,"Felspark Ravine",Horde,29913,"Foe Reaver",81,Uncommon,"One-Hand"
10142,"The Path of Anguish",Alliance,29908,"Rage Reaver",81,Uncommon,"Two-Hand"
10142,"The Path of Anguish",Alliance,29909,"Screaming Dagger",81,Uncommon,"One-Hand"
10142,"The Path of Anguish",Alliance,29910,"The Staff of Twin Worlds",81,Uncommon,"Two-Hand"
10142,"The Path of Anguish",Alliance,29911,"Agamaggan's Quill",81,Uncommon,"Two-Hand"
10142,"The Path of Anguish",Alliance,29913,"Foe Reaver",81,Uncommon,"One-Hand"
10450,"Bonechewer Blood",Horde,29914,"Hellfire Skiver",81,Uncommon,"Off Hand"
10450,"Bonechewer Blood",Horde,29916,"Ironstar Repeater",81,Uncommon,"Ranged"
10450,"Bonechewer Blood",Horde,29915,"Desolation Rod",81,Uncommon,"Ranged"
10450,"Bonechewer Blood",Horde,29917,"Landslide Buckler",81,Uncommon,"Off Hand"
10450,"Bonechewer Blood",Horde,29919,"Adamantine Kite Shield",81,Uncommon,"Off Hand"
10482,"Fel Orc Scavengers",Alliance,29914,"Hellfire Skiver",81,Uncommon,"Off Hand"
10482,"Fel Orc Scavengers",Alliance,29916,"Ironstar Repeater",81,Uncommon,"Ranged"
10482,"Fel Orc Scavengers",Alliance,29915,"Desolation Rod",81,Uncommon,"Ranged"
10482,"Fel Orc Scavengers",Alliance,29917,"Landslide Buckler",81,Uncommon,"Off Hand"
10482,"Fel Orc Scavengers",Alliance,29919,"Adamantine Kite Shield",81,Uncommon,"Off Hand"
10144,"Disrupt Their Reinforcements",Alliance,29927,"Shadowbrim Travel Hat",81,Uncommon,"Head"
10144,"Disrupt Their Reinforcements",Alliance,29932,"Arcane Ringed Tunic",81,Uncommon,"Chest"
10144,"Disrupt Their Reinforcements",Alliance,29935,"Fire Scarred Breastplate",81,Uncommon,"Chest"
10144,"Disrupt Their Reinforcements",Alliance,29939,"Flayer-Hide Leggings",81,Uncommon,"Legs"
10144,"Disrupt Their Reinforcements",Alliance,29946,"Invader's Greathelm",81,Uncommon,"Head"
10208,"Disrupt Their Reinforcements",Horde,29927,"Shadowbrim Travel Hat",81,Uncommon,"Head"
10208,"Disrupt Their Reinforcements",Horde,29932,"Arcane Ringed Tunic",81,Uncommon,"Chest"
10208,"Disrupt Their Reinforcements",Horde,29935,"Fire Scarred Breastplate",81,Uncommon,"Chest"
10208,"Disrupt Their Reinforcements",Horde,29939,"Flayer-Hide Leggings",81,Uncommon,"Legs"
10208,"Disrupt Their Reinforcements",Horde,29946,"Invader's Greathelm",81,Uncommon,"Head"
10408,"Nexus-King Salhadaar",Both,30009,"The Burning Crusader",109,Rare,"Two-Hand"
10408,"Nexus-King Salhadaar",Both,30010,"Fleshling Simulation Staff",109,Rare,"Two-Hand"
10408,"Nexus-King Salhadaar",Both,30011,"Ameer's Impulse Taser",109,Rare,"Two-Hand"
10408,"Nexus-King Salhadaar",Both,30012,"Ameer's Judgement",109,Rare,"Two-Hand"
10408,"Nexus-King Salhadaar",Both,30013,"Twin-Bladed Ripper",109,Rare,"One-Hand"
10409,"Deathblow to the Legion",Both,30368,"Slippers of the High Priestess",109,Rare,"Feet"
10409,"Deathblow to the Legion",Both,30369,"Cleansed Fel Pauldrons",109,Rare,"Shoulder"
10409,"Deathblow to the Legion",Both,30370,"Gauntlets of the Redeemed Vindicator",109,Rare,"Hands"
10409,"Deathblow to the Legion",Both,30371,"Lightwarden's Girdle",109,Rare,"Waist"
10409,"Deathblow to the Legion",Both,30860,"Kaylaan's Signet",109,Rare,"Finger"
10507,"Turning Point",Both,30375,"Gauntlets of the Vanquisher",109,Rare,"Hands"
10507,"Turning Point",Both,30372,"Socrethar's Girdle",109,Rare,"Waist"
10507,"Turning Point",Both,30374,"Greaves of Spellpower",109,Rare,"Feet"
10507,"Turning Point",Both,30373,"Netherfused Pauldrons",109,Rare,"Shoulder"
10507,"Turning Point",Both,30859,"Wand of the Seer",109,Rare,"Ranged"
10744,"News of Victory",Alliance,30924,"Gloves of the High Magus",106,Rare,"Hands"
10744,"News of Victory",Alliance,30973,"Band of Anguish",106,Rare,"Finger"
10744,"News of Victory",Alliance,31025,"Idol of the Avenger",106,Rare,"Relic"
10744,"News of Victory",Alliance,31031,"Stormfury Totem",106,Rare,"Relic"
10744,"News of Victory",Alliance,31033,"Libram of Righteous Power",106,Rare,"Relic"
10745,"News of Victory",Horde,30924,"Gloves of the High Magus",106,Rare,"Hands"
10745,"News of Victory",Horde,30973,"Band of Anguish",106,Rare,"Finger"
10745,"News of Victory",Horde,31025,"Idol of the Avenger",106,Rare,"Relic"
10745,"News of Victory",Horde,31031,"Stormfury Totem",106,Rare,"Relic"
10745,"News of Victory",Horde,31033,"Libram of Righteous Power",106,Rare,"Relic"
10541,"The Cipher of Damnation - The Second Fragment Recovered",Both,30931,"Ghostly Headwrap",114,Uncommon,"Head"
10541,"The Cipher of Damnation - The Second Fragment Recovered",Both,30936,"Eva's Strap",114,Uncommon,"Waist"
10541,"The Cipher of Damnation - The Second Fragment Recovered",Both,30959,"Torn-heart Family Tunic",114,Uncommon,"Chest"
10541,"The Cipher of Damnation - The Second Fragment Recovered",Both,30957,"Oronok's Old Leggings",114,Uncommon,"Legs"
10541,"The Cipher of Damnation - The Second Fragment Recovered",Both,30971,"Torn-heart Cloak",114,Uncommon,"Back"
10704,"How to Break Into the Arcatraz",Both,31460,"Sha'tari Vindicator's Waistguard",115,Rare,"Waist"
10704,"How to Break Into the Arcatraz",Both,31461,"A'dal's Gift",115,Rare,"Waist"
10704,"How to Break Into the Arcatraz",Both,31462,"Shattrath's Champion Belt",115,Rare,"Waist"
10704,"How to Break Into the Arcatraz",Both,31464,"Naaru Belt of Precision",115,Rare,"Waist"
10704,"How to Break Into the Arcatraz",Both,31465,"Sha'tari Anchorite's Cloak",115,Rare,"Back"
10870,"Ally of the Netherwing",Both,31491,"Netherwing Defender's Shield",109,Rare,"Off Hand"
10870,"Ally of the Netherwing",Both,31490,"Netherwing Protector's Shield",109,Rare,"Off Hand"
10870,"Ally of the Netherwing",Both,31492,"Claw of the Netherwing Flight",108,Rare,"One-Hand"
10870,"Ally of the Netherwing",Both,31493,"Netherwing Spiritualist's Charm",108,Rare,"Held In Off-hand"
10870,"Ally of the Netherwing",Both,31494,"Netherwing Sorceror's Charm",108,Rare,"Held In Off-hand"
10871,"Ally of the Netherwing",Both,31491,"Netherwing Defender's Shield",109,Rare,"Off Hand"
10871,"Ally of the Netherwing",Both,31490,"Netherwing Protector's Shield",109,Rare,"Off Hand"
10871,"Ally of the Netherwing",Both,31492,"Claw of the Netherwing Flight",108,Rare,"One-Hand"
10871,"Ally of the Netherwing",Both,31493,"Netherwing Spiritualist's Charm",108,Rare,"Held In Off-hand"
10871,"Ally of the Netherwing",Both,31494,"Netherwing Sorceror's Charm",108,Rare,"Held In Off-hand"
11968,"The Tides Turn",Both,37030,"Blubber Grinder",138,Uncommon,"Two-Hand"
11968,"The Tides Turn",Both,37029,"Fin Carver",138,Uncommon,"One-Hand"
11968,"The Tides Turn",Both,37032,"Edge of the Tuskarr",138,Uncommon,"One-Hand"
11968,"The Tides Turn",Both,37033,"Manual of the Tides",138,Uncommon,"Held In Off-hand"
11968,"The Tides Turn",Both,37031,"Zook's Walking Stick",138,Uncommon,"Two-Hand"
11670,"It Was The Orcs, Honest!",Alliance,37054,"Frostbiter",138,Uncommon,"Two-Hand"
11670,"It Was The Orcs, Honest!",Alliance,37072,"Jagged Icefist",138,Uncommon,"Main Hand"
11670,"It Was The Orcs, Honest!",Alliance,37073,"Hungering Greatstaff",138,Uncommon,"Two-Hand"
11670,"It Was The Orcs, Honest!",Alliance,37231,"Frostspeaker Collar",138,Uncommon,"Neck"
11670,"It Was The Orcs, Honest!",Alliance,37357,"Shivering Healer's Cloak",138,Uncommon,"Back"
11907,"The Sub-Chieftains",Horde,37054,"Frostbiter",138,Uncommon,"Two-Hand"
11907,"The Sub-Chieftains",Horde,37072,"Jagged Icefist",138,Uncommon,"Main Hand"
11907,"The Sub-Chieftains",Horde,37073,"Hungering Greatstaff",138,Uncommon,"Two-Hand"
11907,"The Sub-Chieftains",Horde,37231,"Frostspeaker Collar",138,Uncommon,"Neck"
11907,"The Sub-Chieftains",Horde,37357,"Shivering Healer's Cloak",138,Uncommon,"Back"
11689,"Return with the Bad News",Horde,37074,"Greatmother's Talisman of Cleansing",138,Uncommon,"Held In Off-hand"
11689,"Return with the Bad News",Horde,37354,"Reinforced Caribou-Hide Boots",138,Uncommon,"Feet"
11689,"Return with the Bad News",Horde,37440,"Spiked Magmoth Chestpiece",138,Uncommon,"Chest"
11689,"Return with the Bad News",Horde,37519,"Amberplate Headguard",138,Uncommon,"Head"
11689,"Return with the Bad News",Horde,37529,"Shivering Healer's Ring",138,Uncommon,"Finger"
11909,"Defeat the Gearmaster",Horde,37122,"Taut Driftwood Bow",138,Uncommon,"Ranged"
11909,"Defeat the Gearmaster",Horde,37522,"Earthborn Greaves",138,Uncommon,"Feet"
11909,"Defeat the Gearmaster",Horde,37535,"Stave of the Windborn",138,Uncommon,"Two-Hand"
11909,"Defeat the Gearmaster",Horde,37537,"Stave of the Spiritcaller",138,Uncommon,"Two-Hand"
11909,"Defeat the Gearmaster",Horde,37547,"Fireborn Warhammer",138,Uncommon,"One-Hand"
11701,"Back to the Airstrip",Alliance,37354,"Reinforced Caribou-Hide Boots",138,Uncommon,"Feet"
11701,"Back to the Airstrip",Alliance,37440,"Spiked Magmoth Chestpiece",138,Uncommon,"Chest"
11701,"Back to the Airstrip",Alliance,37519,"Amberplate Headguard",138,Uncommon,"Head"
11701,"Back to the Airstrip",Alliance,37529,"Shivering Healer's Ring",138,Uncommon,"Finger"
11701,"Back to the Airstrip",Alliance,38214,"Hypergizmatic Energy Booster",138,Uncommon,"Held In Off-hand"
12047,"Something That Doesn't Melt",Both,37948,"Refractive Shoulderpads",146,Uncommon,"Shoulder"
12047,"Something That Doesn't Melt",Both,37991,"Hyper-amplified Natural Leather Vest",146,Uncommon,"Chest"
12047,"Something That Doesn't Melt",Both,38035,"Tightened Chainmesh Boots",146,Uncommon,"Feet"
12047,"Something That Doesn't Melt",Both,38072,"Thunder Capacitor",146,Uncommon,"Trinket"
12047,"Something That Doesn't Melt",Both,38080,"Automated Weapon Coater",146,Uncommon,"Trinket"
11980,"Pride of the Horde",Horde,37964,"Spiderwarder Braces",146,Uncommon,"Wrist"
11980,"Pride of the Horde",Horde,38006,"Glade Wanderer Belt",146,Uncommon,"Waist"
11980,"Pride of the Horde",Horde,38048,"Breastplate of Sizzling Chitin",146,Uncommon,"Chest"
11980,"Pride of the Horde",Horde,38081,"Scarab of Isanoth",146,Uncommon,"Trinket"
11980,"Pride of the Horde",Horde,38110,"Legplates of the Agmar Preserver",146,Uncommon,"Legs"
12303,"Funding the War Effort",Horde,37986,"Hood of the Forgotten Rifleman",146,Uncommon,"Head"
12303,"Funding the War Effort",Horde,38030,"Chestpiece of the Forgotten Captain",146,Uncommon,"Chest"
12303,"Funding the War Effort",Horde,38036,"Circlet of the Forgotten Mercenary",146,Uncommon,"Finger"
12303,"Funding the War Effort",Horde,38071,"Valonforth's Remembrance",146,Uncommon,"Trinket"
12303,"Funding the War Effort",Horde,38181,"Warblade of the Forgotten Footman",146,Uncommon,"Two-Hand"
12305,"Parting Thoughts",Alliance,37986,"Hood of the Forgotten Rifleman",146,Uncommon,"Head"
12305,"Parting Thoughts",Alliance,38030,"Chestpiece of the Forgotten Captain",146,Uncommon,"Chest"
12305,"Parting Thoughts",Alliance,38036,"Circlet of the Forgotten Mercenary",146,Uncommon,"Finger"
12305,"Parting Thoughts",Alliance,38071,"Valonforth's Remembrance",146,Uncommon,"Trinket"
12305,"Parting Thoughts",Alliance,38181,"Warblade of the Forgotten Footman",146,Uncommon,"Two-Hand"
12107,"The End of the Line",Alliance,38129,"Staff of the Ley Mender",146,Uncommon,"Two-Hand"
12107,"The End of the Line",Alliance,38151,"Daschal's Discarded Shiv",146,Uncommon,"One-Hand"
12107,"The End of the Line",Alliance,38153,"Mana Infused Claw",146,Uncommon,"Off Hand"
12107,"The End of the Line",Alliance,38152,"Mace of the Violet Guardian",146,Uncommon,"One-Hand"
12107,"The End of the Line",Alliance,38217,"Tome of the Violet Tower",146,Uncommon,"Held In Off-hand"
12110,"The End of the Line",Horde,38129,"Staff of the Ley Mender",146,Uncommon,"Two-Hand"
12110,"The End of the Line",Horde,38151,"Daschal's Discarded Shiv",146,Uncommon,"One-Hand"
12110,"The End of the Line",Horde,38153,"Mana Infused Claw",146,Uncommon,"Off Hand"
12110,"The End of the Line",Horde,38152,"Mace of the Violet Guardian",146,Uncommon,"One-Hand"
12110,"The End of the Line",Horde,38217,"Tome of the Violet Tower",146,Uncommon,"Held In Off-hand"
12545,"The Cleansing Of Jintha'kalar",Both,38188,"Claw of the Undead Ravager",146,Uncommon,"Off Hand"
12545,"The Cleansing Of Jintha'kalar",Both,38190,"Scourgeslayer's Shank",146,Uncommon,"One-Hand"
12545,"The Cleansing Of Jintha'kalar",Both,38198,"Joint-Severing Quickblade",146,Uncommon,"One-Hand"
12545,"The Cleansing Of Jintha'kalar",Both,38206,"Wand of Blinding Light",146,Uncommon,"Ranged"
12545,"The Cleansing Of Jintha'kalar",Both,38207,"Wand of Purifying Fire",146,Uncommon,"Ranged"
12255,"The Thane of Voldrune",Alliance,38712,"Headbinder's Crown",154,Uncommon,"Head"
12255,"The Thane of Voldrune",Alliance,38749,"Thane-Reaper's Signet",154,Uncommon,"Finger"
12255,"The Thane of Voldrune",Alliance,39016,"Tunic of the Rectified Thane",154,Uncommon,"Chest"
12255,"The Thane of Voldrune",Alliance,39045,"Legguards of Refuted Feudalism",154,Uncommon,"Legs"
12255,"The Thane of Voldrune",Alliance,39077,"Skull-Reshaper's Helm",154,Uncommon,"Head"
12259,"The Thane of Voldrune",Horde,38712,"Headbinder's Crown",154,Uncommon,"Head"
12259,"The Thane of Voldrune",Horde,38749,"Thane-Reaper's Signet",154,Uncommon,"Finger"
12259,"The Thane of Voldrune",Horde,39016,"Tunic of the Rectified Thane",154,Uncommon,"Chest"
12259,"The Thane of Voldrune",Horde,39045,"Legguards of Refuted Feudalism",154,Uncommon,"Legs"
12259,"The Thane of Voldrune",Horde,39077,"Skull-Reshaper's Helm",154,Uncommon,"Head"
12068,"Voices From the Dust",Both,38718,"Wispy Shoulderpads",154,Uncommon,"Shoulder"
12068,"Voices From the Dust",Both,38751,"Vengeful Spirit Beads",154,Uncommon,"Neck"
12068,"Voices From the Dust",Both,39022,"Helm of Rising Smoke",154,Uncommon,"Head"
12068,"Voices From the Dust",Both,39051,"Plane-shifted Boots",154,Uncommon,"Feet"
12068,"Voices From the Dust",Both,39089,"Spiritforged Legguards",155,Uncommon,"Legs"
12114,"Therapy",Both,38728,"Kilt of Peaceful Reclamation",154,Uncommon,"Legs"
12114,"Therapy",Both,38758,"Therapeutic Cloak",154,Uncommon,"Back"
12114,"Therapy",Both,39027,"Leggings of Anger Management",154,Uncommon,"Legs"
12114,"Therapy",Both,39055,"Handguards of Extermination",154,Uncommon,"Hands"
12114,"Therapy",Both,39093,"Chestguard of Expressed Fury",154,Uncommon,"Chest"
12292,"Local Support",Alliance,38732,"Bramble-Proof Leggings",154,Uncommon,"Legs"
12292,"Local Support",Alliance,38759,"Injured Trapper's Cloak",154,Uncommon,"Back"
12292,"Local Support",Alliance,39030,"Patchhide Pants",154,Uncommon,"Legs"
12292,"Local Support",Alliance,39058,"Legguards of Swift Pursuit",154,Uncommon,"Legs"
12292,"Local Support",Alliance,39096,"Snaptooth Legplates",154,Uncommon,"Legs"
12412,"My Enemy's Friend",Horde,38732,"Bramble-Proof Leggings",154,Uncommon,"Legs"
12412,"My Enemy's Friend",Horde,38759,"Injured Trapper's Cloak",154,Uncommon,"Back"
12412,"My Enemy's Friend",Horde,39030,"Patchhide Pants",154,Uncommon,"Legs"
12412,"My Enemy's Friend",Horde,39058,"Legguards of Swift Pursuit",154,Uncommon,"Legs"
12412,"My Enemy's Friend",Horde,39096,"Snaptooth Legplates",154,Uncommon,"Legs"
12308,"Escape from Silverbrook",Alliance,38733,"Raiment of the Caged Beast",154,Uncommon,"Chest"
12308,"Escape from Silverbrook",Alliance,38750,"Worgslayer's Ring",154,Uncommon,"Finger"
12308,"Escape from Silverbrook",Alliance,39031,"Boots of Internal Strife",154,Uncommon,"Feet"
12308,"Escape from Silverbrook",Alliance,39059,"Wristguard of the Tormented Soul",154,Uncommon,"Wrist"
12308,"Escape from Silverbrook",Alliance,39097,"Sabatons of Crushed Humanity",154,Uncommon,"Feet"
12413,"Attack on Silverbrook",Horde,38733,"Raiment of the Caged Beast",154,Uncommon,"Chest"
12413,"Attack on Silverbrook",Horde,38750,"Worgslayer's Ring",154,Uncommon,"Finger"
12413,"Attack on Silverbrook",Horde,39031,"Boots of Internal Strife",154,Uncommon,"Feet"
12413,"Attack on Silverbrook",Horde,39059,"Wristguard of the Tormented Soul",154,Uncommon,"Wrist"
12413,"Attack on Silverbrook",Horde,39097,"Sabatons of Crushed Humanity",154,Uncommon,"Feet"
13524,"Escape from Silverbrook",undefined,38733,"Raiment of the Caged Beast",154,Uncommon,"Chest"
13524,"Escape from Silverbrook",undefined,38750,"Worgslayer's Ring",154,Uncommon,"Finger"
13524,"Escape from Silverbrook",undefined,39031,"Boots of Internal Strife",154,Uncommon,"Feet"
13524,"Escape from Silverbrook",undefined,39059,"Wristguard of the Tormented Soul",154,Uncommon,"Wrist"
13524,"Escape from Silverbrook",undefined,39097,"Sabatons of Crushed Humanity",154,Uncommon,"Feet"
12099,"Free at Last",Both,39109,"Branch of the Roaming Spirit",154,Uncommon,"Two-Hand"
12099,"Free at Last",Both,39112,"Talon of Freedom",154,Uncommon,"Main Hand"
12099,"Free at Last",Both,39117,"Liberator's Blade",154,Uncommon,"Two-Hand"
12099,"Free at Last",Both,39119,"Bondsniper",154,Uncommon,"Ranged"
12099,"Free at Last",Both,39120,"Spire of Soaring Rumination",154,Uncommon,"Two-Hand"
13321,"Retest Now",Alliance,39121,"Cultist's Cauldron Stirrer",174,Uncommon,"Two-Hand"
13321,"Retest Now",Alliance,39134,"Bow of Regression",174,Uncommon,"Ranged"
13321,"Retest Now",Alliance,39138,"Deadly Razordarts",174,Uncommon,"Thrown"
13321,"Retest Now",Alliance,39143,"Writhing Mace",174,Uncommon,"Main Hand"
13321,"Retest Now",Alliance,39144,"Twisted Hooligan Whacker",174,Uncommon,"One-Hand"
13356,"Retest Now",undefined,39121,"Cultist's Cauldron Stirrer",174,Uncommon,"Two-Hand"
13356,"Retest Now",undefined,39134,"Bow of Regression",174,Uncommon,"Ranged"
13356,"Retest Now",undefined,39138,"Deadly Razordarts",174,Uncommon,"Thrown"
13356,"Retest Now",undefined,39143,"Writhing Mace",174,Uncommon,"Main Hand"
13356,"Retest Now",undefined,39144,"Twisted Hooligan Whacker",174,Uncommon,"One-Hand"
12164,"Hour of the Worg",Both,39168,"Worg-Rendering Shoulderguards",154,Rare,"Shoulder"
12164,"Hour of the Worg",Both,39169,"Keen Razorfang Spaulders",154,Rare,"Shoulder"
12164,"Hour of the Worg",Both,39172,"Bone-Polished Iceplate Shoulders",154,Rare,"Shoulder"
12164,"Hour of the Worg",Both,39170,"Furred Worgslayer Spaulders",154,Rare,"Shoulder"
12164,"Hour of the Worg",Both,39171,"Fangsever Shoulderguards",154,Rare,"Shoulder"
12431,"The Conquest Pit: Final Showdown",Horde,39179,"Charged Earthlink Grips",154,Rare,"Hands"
12431,"The Conquest Pit: Final Showdown",Horde,39180,"Handguards of the Sanguine Gladiator",154,Rare,"Hands"
12431,"The Conquest Pit: Final Showdown",Horde,39181,"Grips of Torrential Power",154,Rare,"Hands"
12431,"The Conquest Pit: Final Showdown",Horde,39182,"Handguards of Deluded Might",154,Rare,"Hands"
12431,"The Conquest Pit: Final Showdown",Horde,39183,"Shining Buckle Gauntlets",154,Rare,"Hands"
12558,"Dreadsaber Mastery: Ready to Pounce",Both,39323,"Scrap-Hide Spaulders",162,Uncommon,"Shoulder"
12558,"Dreadsaber Mastery: Ready to Pounce",Both,39375,"Dreadsaber Tooth Shoulderpads",162,Uncommon,"Shoulder"
12558,"Dreadsaber Mastery: Ready to Pounce",Both,39429,"Pauldrons of Swift Replenishment",162,Uncommon,"Shoulder"
12558,"Dreadsaber Mastery: Ready to Pounce",Both,39451,"Pauldrons of the Silent Mist",162,Uncommon,"Shoulder"
12558,"Dreadsaber Mastery: Ready to Pounce",Both,39503,"Bronzed Dome Protector",162,Uncommon,"Head"
12611,"Returned Sevenfold",Both,39367,"Cowl of the Purifier",162,Uncommon,"Head"
12611,"Returned Sevenfold",Both,39412,"Scourgebane Treads",162,Uncommon,"Feet"
12611,"Returned Sevenfold",Both,39444,"Keeper's Touch",162,Uncommon,"Hands"
12611,"Returned Sevenfold",Both,39464,"Lifegiver's Ward",162,Uncommon,"Wrist"
12611,"Returned Sevenfold",Both,39481,"Signet of the Avenging Heart",162,Uncommon,"Finger"
13342,"Not a Bug",Alliance,39372,"Mantle of the Dark Messenger",174,Uncommon,"Shoulder"
13342,"Not a Bug",Alliance,39414,"Gilly's Strangulation Gauntlets",174,Uncommon,"Hands"
13342,"Not a Bug",Alliance,39443,"Chain Gloves of the Demonic Minion",174,Uncommon,"Hands"
13342,"Not a Bug",Alliance,39462,"Legplates of the Northern Expedition",162,Uncommon,"Legs"
13342,"Not a Bug",Alliance,39471,"Gutbuster of Aldur'thar",174,Uncommon,"Waist"
13358,"Not a Bug",undefined,39372,"Mantle of the Dark Messenger",174,Uncommon,"Shoulder"
13358,"Not a Bug",undefined,39414,"Gilly's Strangulation Gauntlets",174,Uncommon,"Hands"
13358,"Not a Bug",undefined,39443,"Chain Gloves of the Demonic Minion",174,Uncommon,"Hands"
13358,"Not a Bug",undefined,39462,"Legplates of the Northern Expedition",162,Uncommon,"Legs"
13358,"Not a Bug",undefined,39471,"Gutbuster of Aldur'thar",174,Uncommon,"Waist"
12707,"Wooly Justice",Horde,39770,"Soothsayer's Hood",158,Uncommon,"Head"
12707,"Wooly Justice",Horde,39776,"Bloodbinder's Shoulderguards",154,Uncommon,"Shoulder"
12707,"Wooly Justice",Horde,39778,"Bloodletter's Legplates",158,Uncommon,"Legs"
12707,"Wooly Justice",Horde,39818,"Frigid Crossbow",158,Uncommon,"Ranged"
12707,"Wooly Justice",Horde,39833,"Supple Bloodbinder's Boots",158,Uncommon,"Feet"
12740,"Parachutes for the Argent Crusade",Both,39779,"Crusader's Ripcord",158,Uncommon,"Waist"
12740,"Parachutes for the Argent Crusade",Both,39799,"Rescuer's Chestguard",158,Uncommon,"Chest"
12740,"Parachutes for the Argent Crusade",Both,39801,"Boots of the Rescuer",158,Uncommon,"Feet"
12740,"Parachutes for the Argent Crusade",Both,39820,"Blade of Valorous Service",158,Uncommon,"One-Hand"
12740,"Parachutes for the Argent Crusade",Both,39840,"Rescuer's Ripcord",158,Uncommon,"Neck"
12685,"You Reap What You Sow",Horde,39793,"Neckcharm of Mighty Mojo",158,Uncommon,"Neck"
12685,"You Reap What You Sow",Horde,39826,"Bloodletter's Blade",158,Uncommon,"One-Hand"
12685,"You Reap What You Sow",Horde,39844,"Ritualistic Shield",158,Uncommon,"Off Hand"
12685,"You Reap What You Sow",Horde,39845,"Ancestral Gauntlets",158,Uncommon,"Hands"
12685,"You Reap What You Sow",Horde,39861,"Supple Bloodbinder's Leggings",158,Uncommon,"Legs"
12596,"Pa'Troll",Both,39800,"Pantaloons of the Dutybound",158,Uncommon,"Legs"
12596,"Pa'Troll",Both,39827,"Vile Tome of Tenets",158,Uncommon,"Held In Off-hand"
12596,"Pa'Troll",Both,39850,"Wristguards of Service",158,Uncommon,"Wrist"
12596,"Pa'Troll",Both,39851,"Ribbed Helm of Servitude",158,Uncommon,"Head"
12596,"Pa'Troll",Both,39864,"Belt of Service",158,Uncommon,"Waist"
12609,"Stocking the Shelves",Both,39802,"Crusader's Greatblade",158,Uncommon,"Two-Hand"
12609,"Stocking the Shelves",Both,39829,"High-Strung Bow",158,Uncommon,"Ranged"
12609,"Stocking the Shelves",Both,39852,"Victorious Spellblade",158,Uncommon,"Main Hand"
12609,"Stocking the Shelves",Both,39853,"Thorny Bough of the Light",158,Uncommon,"Two-Hand"
12609,"Stocking the Shelves",Both,39865,"Knuckle of Victory",158,Uncommon,"Main Hand"
12661,"Infiltrating Voltarus",Both,39809,"Sandals of Spying",158,Uncommon,"Feet"
12661,"Infiltrating Voltarus",Both,39830,"Fist of Subtlety",158,Uncommon,"Off Hand"
12661,"Infiltrating Voltarus",Both,39866,"Gauntlets of the Secret Agent",158,Uncommon,"Hands"
12661,"Infiltrating Voltarus",Both,39869,"Double-Agent's Wristwraps",158,Uncommon,"Wrist"
12661,"Infiltrating Voltarus",Both,39870,"Drape of Duplicity",158,Uncommon,"Back"
12652,"Feedin' Da Goolz",Both,39812,"Soiled Trousers",158,Uncommon,"Legs"
12652,"Feedin' Da Goolz",Both,39831,"Petrified Ghoul Finger",158,Uncommon,"Finger"
12652,"Feedin' Da Goolz",Both,39876,"Aged Abomination Tripe",158,Uncommon,"Waist"
12652,"Feedin' Da Goolz",Both,39880,"Redigested Mail Scraps",158,Uncommon,"Wrist"
12652,"Feedin' Da Goolz",Both,39882,"Carved Bone Helm",158,Uncommon,"Head"
12546,"Reclamation",Both,40290,"Gaze of the Punishing Construct",162,Rare,"Head"
12546,"Reclamation",Both,40292,"Headguard of Vast Destruction",162,Rare,"Head"
12546,"Reclamation",Both,40291,"Helm of the Avenging Protector",162,Rare,"Head"
12546,"Reclamation",Both,40293,"Helm of Towering Rage",162,Rare,"Head"
12546,"Reclamation",Both,40295,"Greathelm of the Titan Protectorate",162,Rare,"Head"
12919,"The Storm King's Vengeance",Both,41826,"Grips of the Giant-Rider",158,Rare,"Hands"
12919,"The Storm King's Vengeance",Both,41829,"Horns of Electrified Terror",158,Rare,"Head"
12919,"The Storm King's Vengeance",Both,41844,"Bracers of Vengeful Flight",158,Rare,"Wrist"
12919,"The Storm King's Vengeance",Both,41845,"Life-Light Pauldrons",158,Rare,"Shoulder"
12919,"The Storm King's Vengeance",Both,41846,"Clutch of the Storm Giant",158,Rare,"Chest"
11911,"Quickening",Both,42760,"Sandals of Mystical Evolution",155,Rare,"Feet"
11911,"Quickening",Both,42762,"Treads of Torn Future",155,Rare,"Feet"
11911,"Quickening",Both,42766,"Spiked Treads of Mutation",155,Rare,"Feet"
11911,"Quickening",Both,42767,"Invigorating Sabatons",155,Rare,"Feet"
11911,"Quickening",Both,42768,"Boots of the Unbowed Protector",155,Rare,"Feet"
12828,"Ample Inspiration",Both,42785,"Mammoth Sinew Cinch",174,Uncommon,"Waist"
12828,"Ample Inspiration",Both,42798,"Mammoth Hide Galoshes",174,Uncommon,"Feet"
12828,"Ample Inspiration",Both,42810,"Wooly Cowl",174,Uncommon,"Head"
12828,"Ample Inspiration",Both,42822,"K3 Pachyderm Prevention Device",174,Uncommon,"Ranged"
12828,"Ample Inspiration",Both,42825,"Polished Tusk Shackles",174,Uncommon,"Wrist"
12824,"Demolitionist Extraordinaire",Both,42790,"K3 Surgeon's Gloves",174,Uncommon,"Hands"
12824,"Demolitionist Extraordinaire",Both,42803,"Buckshot-Proof Battlesurgeon's Protector",174,Uncommon,"Chest"
12824,"Demolitionist Extraordinaire",Both,42815,"Mammoth Mukluks",174,Uncommon,"Feet"
12824,"Demolitionist Extraordinaire",Both,42823,"Ricket's Beatstick",174,Uncommon,"One-Hand"
12824,"Demolitionist Extraordinaire",Both,42826,"Goblin Damage Absorber",174,Uncommon,"Waist"
12872,"Norgannon's Shell",Alliance,42794,"Hardened Vine of the Mauler",174,Uncommon,"Two-Hand"
12872,"Norgannon's Shell",Alliance,42807,"Blade of the Inception",174,Uncommon,"One-Hand"
12872,"Norgannon's Shell",Alliance,42819,"Maker's Touch",174,Uncommon,"Main Hand"
12872,"Norgannon's Shell",Alliance,42824,"Maker's Edge",174,Uncommon,"Two-Hand"
12872,"Norgannon's Shell",Alliance,42831,"Maiden's Dagger",174,Uncommon,"Main Hand"
12928,"Norgannon's Shell",Horde,42794,"Hardened Vine of the Mauler",174,Uncommon,"Two-Hand"
12928,"Norgannon's Shell",Horde,42807,"Blade of the Inception",174,Uncommon,"One-Hand"
12928,"Norgannon's Shell",Horde,42819,"Maker's Touch",174,Uncommon,"Main Hand"
12928,"Norgannon's Shell",Horde,42824,"Maker's Edge",174,Uncommon,"Two-Hand"
12928,"Norgannon's Shell",Horde,42831,"Maiden's Dagger",174,Uncommon,"Main Hand"
12886,"The Drakkensryd",Both,42841,"Leggings of the Frozen Wastes",174,Uncommon,"Legs"
12886,"The Drakkensryd",Both,42863,"Sharpened Hyldnir Harpoon",174,Uncommon,"Thrown"
12886,"The Drakkensryd",Both,42865,"Frost Hardened Bracers",174,Uncommon,"Wrist"
12886,"The Drakkensryd",Both,42876,"Light-Touched Mantle",174,Uncommon,"Shoulder"
12886,"The Drakkensryd",Both,42887,"Pauldrons of the Ascent",174,Uncommon,"Shoulder"
12843,"They Took Our Men!",Both,42842,"Fur-Lined Shoulder Warmers",174,Uncommon,"Shoulder"
12843,"They Took Our Men!",Both,42864,"Frozen Mood Ring",174,Uncommon,"Finger"
12843,"They Took Our Men!",Both,42866,"Fur-Lined Mittens",174,Uncommon,"Hands"
12843,"They Took Our Men!",Both,42877,"Chestguard of the Frozen Ascent",174,Uncommon,"Chest"
12843,"They Took Our Men!",Both,42888,"Summit Bracers",174,Uncommon,"Wrist"
12989,"The Slithering Darkness",Both,42846,"Jormungar Galoshes",174,Uncommon,"Feet"
12989,"The Slithering Darkness",Both,42861,"Jormungar Fang",174,Uncommon,"One-Hand"
12989,"The Slithering Darkness",Both,42870,"Hibernal Chestguard",174,Uncommon,"Chest"
12989,"The Slithering Darkness",Both,42881,"Bjornrittar's Chilled Legguards",174,Uncommon,"Legs"
12989,"The Slithering Darkness",Both,42895,"Scaled Jormungar Protector",174,Uncommon,"Head"
12942,"Off With Their Black Wings",Both,42849,"Flowing Valkyrion Robes",174,Uncommon,"Chest"
12942,"Off With Their Black Wings",Both,42862,"Hyldnir Painbringer",174,Uncommon,"Off Hand"
12942,"Off With Their Black Wings",Both,42872,"Proto-Drake Cover",174,Uncommon,"Head"
12942,"Off With Their Black Wings",Both,42883,"Iva's Boots",174,Uncommon,"Feet"
12942,"Off With Their Black Wings",Both,42892,"Scaled Proto-Wristguard",174,Uncommon,"Wrist"
13051,"Territorial Trespass",Both,42857,"Thorim's Riding Crop",174,Uncommon,"Two-Hand"
13051,"Territorial Trespass",Both,42858,"Crossbow of the Storms",174,Uncommon,"Ranged"
13051,"Territorial Trespass",Both,42859,"Thorim's Crusher",174,Uncommon,"Two-Hand"
13051,"Territorial Trespass",Both,42860,"Broodmother's Protector",174,Uncommon,"Off Hand"
13051,"Territorial Trespass",Both,42848,"Razor-sharp Icicle",174,Uncommon,"One-Hand"
13111,"One of a Kind",Both,43171,"Fur-lined Moccasins",175,Rare,"Feet"
13111,"One of a Kind",Both,43172,"Rhino Hide Kneeboots",175,Rare,"Feet"
13111,"One of a Kind",Both,43173,"Scaled Boots of Fallen Hope",175,Rare,"Feet"
13111,"One of a Kind",Both,43176,"Slippers of the Mojo Dojo",175,Rare,"Feet"
13111,"One of a Kind",Both,43174,"Trollkickers",175,Rare,"Feet"
13109,"Diametrically Opposed",Both,43193,"Lightning Infused Mantle",174,Rare,"Shoulder"
13109,"Diametrically Opposed",Both,43194,"Charred Leather Shoulderguards",174,Rare,"Shoulder"
13109,"Diametrically Opposed",Both,43195,"Stormforged Shoulders",174,Rare,"Shoulder"
13109,"Diametrically Opposed",Both,43197,"Pauldrons of Extinguished Hatred",174,Rare,"Shoulder"
13109,"Diametrically Opposed",Both,43198,"Mantle of Volkhan",174,Rare,"Shoulder"
12955,"Eliminate the Competition",Both,43843,"Iron Coffin Lid",174,Uncommon,"Off Hand"
12955,"Eliminate the Competition",Both,43856,"Sigrid's Mittens",174,Uncommon,"Hands"
12955,"Eliminate the Competition",Both,43913,"Efrem's Bracers",174,Uncommon,"Wrist"
12955,"Eliminate the Competition",Both,43946,"Chestplate of the Glacial Crusader",174,Uncommon,"Chest"
12955,"Eliminate the Competition",Both,43981,"Gauntlets of Onu'zun",174,Uncommon,"Hands"
12992,"Crush Dem Vrykuls!",Both,43858,"Vrykul Crusher",174,Uncommon,"Two-Hand"
12992,"Crush Dem Vrykuls!",Both,43911,"Vile's Poker",174,Uncommon,"One-Hand"
12992,"Crush Dem Vrykuls!",Both,43927,"Wrought-Iron Staff",174,Uncommon,"Two-Hand"
12992,"Crush Dem Vrykuls!",Both,43929,"Vile's Uglystick",174,Uncommon,"Two-Hand"
12992,"Crush Dem Vrykuls!",Both,43928,"Bow of Bone and Sinew",174,Uncommon,"Ranged"
13059,"Revenge for the Vargul",Both,43862,"Mantle of the Underhalls",174,Uncommon,"Shoulder"
13059,"Revenge for the Vargul",Both,43908,"Boots of the Fallen Thane",174,Uncommon,"Feet"
13059,"Revenge for the Vargul",Both,43924,"Illskar's Greatcloak",174,Uncommon,"Back"
13059,"Revenge for the Vargul",Both,43943,"Gauntlets of the Holy Gladiator",174,Uncommon,"Hands"
13059,"Revenge for the Vargul",Both,43978,"Circlet of Suffering",174,Uncommon,"Head"
12840,"In Strict Confidence",undefined,43883,"Arete's Command",174,Uncommon,"Two-Hand"
12840,"In Strict Confidence",undefined,43890,"Interrogator's Flaming Knuckles",174,Uncommon,"Main Hand"
12840,"In Strict Confidence",undefined,43919,"Curved Assassin's Dagger",174,Uncommon,"One-Hand"
12840,"In Strict Confidence",undefined,43921,"Staff of Interrogation",174,Uncommon,"Two-Hand"
12840,"In Strict Confidence",undefined,43920,"Growler's Intimidation",174,Uncommon,"Two-Hand"
13083,"Light Within the Darkness",Horde,44018,"Bridenbrad's Sash",174,Rare,"Waist"
13083,"Light Within the Darkness",Horde,44039,"Signet of Bridenbrad",174,Rare,"Finger"
13083,"Light Within the Darkness",Horde,44041,"Belt of the Never-Forgotten",174,Rare,"Waist"
13083,"Light Within the Darkness",Horde,44042,"Chained Belt of Remembrance",174,Rare,"Waist"
13083,"Light Within the Darkness",Horde,44043,"Girdle of Eternal Memory",174,Rare,"Waist"
13157,"The Crusaders' Pinnacle",Both,44019,"The Argent Skullcap",174,Rare,"Head"
13157,"The Crusaders' Pinnacle",Both,44040,"The Crusader's Resolution",174,Rare,"Head"
13157,"The Crusaders' Pinnacle",Both,44044,"Tirion's Headwrap",174,Rare,"Head"
13157,"The Crusaders' Pinnacle",Both,44045,"Crusader's Coif",174,Rare,"Head"
13157,"The Crusaders' Pinnacle",Both,44046,"The Argent Crown",174,Rare,"Head"
13142,"Banshee's Revenge",Alliance,44022,"The Witching Grimoire",174,Rare,"Held In Off-hand"
13142,"Banshee's Revenge",Alliance,44023,"Bonecaster's Endgame",174,Rare,"Held In Off-hand"
13142,"Banshee's Revenge",Alliance,44028,"Vengance Shiv",174,Rare,"One-Hand"
13142,"Banshee's Revenge",Alliance,44029,"Quickblade of Cold Return",174,Rare,"One-Hand"
13142,"Banshee's Revenge",Alliance,44032,"Bulwark of Redemption",174,Rare,"Off Hand"
13132,"Vengeance Be Mine!",Both,44408,"Cowl of the Vindictive Captain",187,Rare,"Head"
13132,"Vengeance Be Mine!",Both,44409,"Headguard of Retaliation",187,Rare,"Head"
13132,"Vengeance Be Mine!",Both,44410,"Helmet of Just Retribution",187,Rare,"Head"
13132,"Vengeance Be Mine!",Both,44412,"Faceguard of Punishment",187,Rare,"Head"
13132,"Vengeance Be Mine!",Both,44411,"Platehelm of Irate Revenge",187,Rare,"Head"
55,"Morbent Fel",Alliance,1282,"Sparkmetal Coif",33,Uncommon,"Head"
55,"Morbent Fel",Alliance,2953,"Watch Master's Cloak",33,Uncommon,"Back"
55,"Morbent Fel",Alliance,2954,"Night Watch Pantaloons",33,Uncommon,"Legs"
55,"Morbent Fel",Alliance,7344,"Torch of Holy Flame",33,Uncommon,"Held In Off-hand"
550,"Battle of Hillsbrad",Horde,3761,"Deadskull Shield",32,Uncommon,"Off Hand"
550,"Battle of Hillsbrad",Horde,3760,"Band of the Undercity",32,Uncommon,"Finger"
550,"Battle of Hillsbrad",Horde,3822,"Runic Darkblade",32,Uncommon,"Two-Hand"
550,"Battle of Hillsbrad",Horde,6282,"Sacred Burial Trousers",32,Uncommon,"Legs"
14351,"Battle of Hillsbrad",Both,3761,"Deadskull Shield",32,Uncommon,"Off Hand"
14351,"Battle of Hillsbrad",Both,3760,"Band of the Undercity",32,Uncommon,"Finger"
14351,"Battle of Hillsbrad",Both,3822,"Runic Darkblade",32,Uncommon,"Two-Hand"
14351,"Battle of Hillsbrad",Both,6282,"Sacred Burial Trousers",32,Uncommon,"Legs"
1101,"The Crone of the Kraul",Alliance,4197,"Berylline Pads",36,Rare,"Shoulder"
1101,"The Crone of the Kraul",Alliance,6725,"Marbled Buckler",36,Rare,"Off Hand"
1101,"The Crone of the Kraul",Alliance,6742,"Stonefist Girdle",36,Rare,"Waist"
1101,"The Crone of the Kraul",Alliance,29200,"Falfindel's Blaster",31,Uncommon,"Ranged"
1081,"Reception from Tyrande",Both,6678,"Band of Elven Grace",28,Uncommon,"Finger"
1081,"Reception from Tyrande",Both,7334,"Efflorescent Robe",28,Uncommon,"Chest"
1081,"Reception from Tyrande",Both,7335,"Grizzly Tunic",28,Uncommon,"Chest"
1081,"Reception from Tyrande",Both,7336,"Wildwood Chain",24,Uncommon,"Chest"
1053,"In the Name of the Light",Alliance,6829,"Sword of Serenity",44,Rare,"One-Hand"
1053,"In the Name of the Light",Alliance,6830,"Bonebiter",44,Rare,"Two-Hand"
1053,"In the Name of the Light",Alliance,6831,"Black Menace",44,Rare,"One-Hand"
1053,"In the Name of the Light",Alliance,11262,"Orb of Lorica",44,Rare,"Held In Off-hand"
1693,"Weapons of Elunite",Both,6966,"Elunite Axe",15,Uncommon,"One-Hand"
1693,"Weapons of Elunite",Both,6967,"Elunite Sword",15,Uncommon,"One-Hand"
1693,"Weapons of Elunite",Both,6969,"Elunite Dagger",15,Uncommon,"One-Hand"
1693,"Weapons of Elunite",Both,6968,"Elunite Hammer",15,Uncommon,"One-Hand"
1682,"Grey Iron Weapons",Alliance,6978,"Umbral Axe",15,Uncommon,"One-Hand"
1682,"Grey Iron Weapons",Alliance,6981,"Umbral Dagger",15,Uncommon,"One-Hand"
1682,"Grey Iron Weapons",Alliance,6982,"Umbral Mace",15,Uncommon,"One-Hand"
1682,"Grey Iron Weapons",Alliance,6984,"Umbral Sword",15,Uncommon,"One-Hand"
1667,"Dead-tooth Jack",Alliance,6980,"Haggard's Dagger",15,Uncommon,"One-Hand"
1667,"Dead-tooth Jack",Alliance,6979,"Haggard's Axe",15,Uncommon,"One-Hand"
1667,"Dead-tooth Jack",Alliance,6983,"Haggard's Hammer",15,Uncommon,"One-Hand"
1667,"Dead-tooth Jack",Alliance,6985,"Haggard's Sword",15,Uncommon,"One-Hand"
1822,"Heirloom Weapon",Horde,7115,"Heirloom Axe",15,Uncommon,"One-Hand"
1822,"Heirloom Weapon",Horde,7117,"Heirloom Hammer",15,Uncommon,"One-Hand"
1822,"Heirloom Weapon",Horde,7118,"Heirloom Sword",15,Uncommon,"One-Hand"
1822,"Heirloom Weapon",Horde,7116,"Heirloom Dagger",15,Uncommon,"One-Hand"
1503,"Forged Steel",Both,7326,"Thun'grim's Axe",15,Uncommon,"One-Hand"
1503,"Forged Steel",Both,7327,"Thun'grim's Dagger",15,Uncommon,"One-Hand"
1503,"Forged Steel",Both,7328,"Thun'grim's Mace",15,Uncommon,"One-Hand"
1503,"Forged Steel",Both,7329,"Thun'grim's Sword",15,Uncommon,"One-Hand"
3129,"Weapons of Spirit",Horde,9686,"Spirit of the Faerie Dragon",51,Rare,"One-Hand"
3129,"Weapons of Spirit",Horde,9683,"Strength of the Treant",51,Rare,"Two-Hand"
3129,"Weapons of Spirit",Horde,9684,"Force of the Hippogryph",51,Rare,"One-Hand"
3129,"Weapons of Spirit",Horde,10652,"Will of the Mountain Giant",51,Rare,"Two-Hand"
1440,"Return to Vahlarriel",Both,9699,"Garrison Cloak",33,Uncommon,"Back"
1440,"Return to Vahlarriel",Both,9687,"Grappler's Belt",33,Uncommon,"Waist"
1440,"Return to Vahlarriel",Both,9698,"Gloves of Insight",33,Uncommon,"Hands"
1440,"Return to Vahlarriel",Both,11884,"Moonlit Amice",33,Uncommon,"Shoulder"
717,"Tremors of the Earth",Both,11196,"Mindburst Medallion",57,Uncommon,"Neck"
717,"Tremors of the Earth",Both,11195,"Warforged Chestplate",57,Uncommon,"Chest"
717,"Tremors of the Earth",Both,11193,"Blazewind Breastplate",57,Uncommon,"Chest"
717,"Tremors of the Earth",Both,11194,"Prismscale Hauberk",57,Uncommon,"Chest"
793,"Broken Alliances",Horde,11196,"Mindburst Medallion",57,Uncommon,"Neck"
793,"Broken Alliances",Horde,11195,"Warforged Chestplate",57,Uncommon,"Chest"
793,"Broken Alliances",Horde,11193,"Blazewind Breastplate",57,Uncommon,"Chest"
793,"Broken Alliances",Horde,11194,"Prismscale Hauberk",57,Uncommon,"Chest"
3907,"Disharmony of Fire",Horde,12114,"Nightfall Gloves",56,Uncommon,"Hands"
3907,"Disharmony of Fire",Horde,12112,"Crypt Demon Bracers",56,Uncommon,"Wrist"
3907,"Disharmony of Fire",Horde,12115,"Stalwart Clutch",56,Uncommon,"Waist"
3907,"Disharmony of Fire",Horde,12113,"Sunborne Cape",56,Uncommon,"Back"
4263,"Incendius!",Alliance,12114,"Nightfall Gloves",56,Uncommon,"Hands"
4263,"Incendius!",Alliance,12112,"Crypt Demon Bracers",56,Uncommon,"Wrist"
4263,"Incendius!",Alliance,12115,"Stalwart Clutch",56,Uncommon,"Waist"
4263,"Incendius!",Alliance,12113,"Sunborne Cape",56,Uncommon,"Back"
4063,"The Rise of the Machines",Horde,12109,"Azure Moon Amice",58,Uncommon,"Shoulder"
4063,"The Rise of the Machines",Horde,12111,"Lavaplate Gauntlets",58,Uncommon,"Hands"
4063,"The Rise of the Machines",Horde,12110,"Raincaster Drape",58,Uncommon,"Back"
4063,"The Rise of the Machines",Horde,12108,"Basaltscale Armor",58,Uncommon,"Chest"
5466,"The Lich, Ras Frostwhisper",Both,13984,"Darrowspike",63,Rare,"One-Hand"
5466,"The Lich, Ras Frostwhisper",Both,13982,"Warblade of Caer Darrow",63,Rare,"Two-Hand"
5466,"The Lich, Ras Frostwhisper",Both,13986,"Crown of Caer Darrow",63,Rare,"Head"
5466,"The Lich, Ras Frostwhisper",Both,14002,"Darrowshire Strongguard",63,Rare,"Off Hand"
5730,"Hidden Enemies",Both,15424,"Axe of Orgrimmar",18,Uncommon,"Two-Hand"
5730,"Hidden Enemies",Both,15445,"Hammer of Orgrimmar",18,Uncommon,"One-Hand"
5730,"Hidden Enemies",Both,15444,"Staff of Orgrimmar",18,Uncommon,"Two-Hand"
5730,"Hidden Enemies",Both,15443,"Kris of Orgrimmar",18,Uncommon,"One-Hand"
7028,"Twisted Evils",Both,17775,"Acumen Robes",47,Uncommon,"Chest"
7028,"Twisted Evils",Both,17776,"Sprightring Helm",47,Uncommon,"Head"
7028,"Twisted Evils",Both,17777,"Relentless Chain",47,Uncommon,"Chest"
7028,"Twisted Evils",Both,17779,"Hulkstone Pauldrons",47,Uncommon,"Shoulder"
1318,"Unfinished Gordok Business",Both,18366,"Gordok's Handguards",60,Rare,"Hands"
1318,"Unfinished Gordok Business",Both,18368,"Gordok's Gloves",60,Rare,"Hands"
1318,"Unfinished Gordok Business",Both,18369,"Gordok's Handwraps",60,Rare,"Hands"
1318,"Unfinished Gordok Business",Both,18367,"Gordok's Gauntlets",60,Rare,"Hands"
7703,"Unfinished Gordok Business",Both,18366,"Gordok's Handguards",60,Rare,"Hands"
7703,"Unfinished Gordok Business",Both,18368,"Gordok's Gloves",60,Rare,"Hands"
7703,"Unfinished Gordok Business",Both,18369,"Gordok's Handwraps",60,Rare,"Hands"
7703,"Unfinished Gordok Business",Both,18367,"Gordok's Gauntlets",60,Rare,"Hands"
8271,"Hero of the Stormpike",Alliance,19106,"Ice Barbed Spear",63,Rare,"Two-Hand"
8271,"Hero of the Stormpike",Alliance,19107,"Bloodseeker",63,Rare,"Ranged"
8271,"Hero of the Stormpike",Alliance,19108,"Wand of Biting Cold",63,Rare,"Ranged"
8271,"Hero of the Stormpike",Alliance,20648,"Cold Forged Hammer",63,Rare,"One-Hand"
8272,"Hero of the Frostwolf",Horde,19106,"Ice Barbed Spear",63,Rare,"Two-Hand"
8272,"Hero of the Frostwolf",Horde,19107,"Bloodseeker",63,Rare,"Ranged"
8272,"Hero of the Frostwolf",Horde,19108,"Wand of Biting Cold",63,Rare,"Ranged"
8272,"Hero of the Frostwolf",Horde,20648,"Cold Forged Hammer",63,Rare,"One-Hand"
8201,"A Collection of Heads",Both,20213,"Belt of Shrunken Heads",70,Rare,"Waist"
8201,"A Collection of Heads",Both,20215,"Belt of Shriveled Heads",70,Rare,"Waist"
8201,"A Collection of Heads",Both,20216,"Belt of Preserved Heads",70,Rare,"Waist"
8201,"A Collection of Heads",Both,20217,"Belt of Tiny Heads",70,Rare,"Waist"
8574,"Stalwart's Battlegear",Both,21184,"Deeprock Bracers",62,Epic,"Wrist"
8574,"Stalwart's Battlegear",Both,21185,"Earthcalm Orb",62,Epic,"Held In Off-hand"
8574,"Stalwart's Battlegear",Both,21186,"Rockfury Bracers",62,Epic,"Wrist"
8574,"Stalwart's Battlegear",Both,21189,"Might of Cenarius",62,Epic,"Finger"
8464,"Winterfall Activity",Both,21318,"Earth Warder's Gloves",58,Uncommon,"Hands"
8464,"Winterfall Activity",Both,21319,"Gloves of the Pathfinder",58,Uncommon,"Hands"
8464,"Winterfall Activity",Both,21320,"Vest of the Den Watcher",58,Uncommon,"Chest"
8464,"Winterfall Activity",Both,21322,"Ursa's Embrace",58,Uncommon,"Chest"
9232,"The Only Song I Know...",Both,22699,"Icebane Leggings",80,Epic,"Legs"
9232,"The Only Song I Know...",Both,22700,"Glacial Leggings",80,Epic,"Legs"
9232,"The Only Song I Know...",Both,22701,"Polar Leggings",80,Epic,"Legs"
9232,"The Only Song I Know...",Both,22702,"Icy Scale Leggings",80,Epic,"Legs"
9167,"The Traitor's Destruction",Horde,22980,"Staff of the Sun",21,Rare,"Two-Hand"
9167,"The Traitor's Destruction",Horde,22982,"Farstrider's Longbow",21,Rare,"Ranged"
9167,"The Traitor's Destruction",Horde,22984,"Dawnblade",21,Rare,"One-Hand"
9167,"The Traitor's Destruction",Horde,22995,"Sin'dorei Warblade",21,Rare,"Two-Hand"
9094,"Argent Dawn Gloves",Alliance,23078,"Gauntlets of Undead Slaying",63,Rare,"Hands"
9094,"Argent Dawn Gloves",Alliance,23082,"Handguards of Undead Slaying",63,Rare,"Hands"
9094,"Argent Dawn Gloves",Alliance,23081,"Handwraps of Undead Slaying",63,Rare,"Hands"
9094,"Argent Dawn Gloves",Alliance,23084,"Gloves of Undead Cleansing",63,Rare,"Hands"
9333,"Argent Dawn Gloves",Horde,23078,"Gauntlets of Undead Slaying",63,Rare,"Hands"
9333,"Argent Dawn Gloves",Horde,23082,"Handguards of Undead Slaying",63,Rare,"Hands"
9333,"Argent Dawn Gloves",Horde,23081,"Handwraps of Undead Slaying",63,Rare,"Hands"
9333,"Argent Dawn Gloves",Horde,23084,"Gloves of Undead Cleansing",63,Rare,"Hands"
9140,"Windrunner Village",Horde,23403,"Salvaged Mail Leggings",14,Uncommon,"Legs"
9140,"Windrunner Village",Horde,23404,"Padded Running Shoes",14,Uncommon,"Feet"
9140,"Windrunner Village",Horde,23402,"Arcanist's Dagger",14,Uncommon,"One-Hand"
9140,"Windrunner Village",Horde,28151,"Arcanist's Wand",14,Uncommon,"Ranged"
9159,"Curbing the Plague",Horde,23415,"Survival Knife",15,Uncommon,"One-Hand"
9159,"Curbing the Plague",Horde,28142,"Farstrider's Belt",15,Uncommon,"Waist"
9159,"Curbing the Plague",Horde,28143,"Rusted Chain Girdle",15,Uncommon,"Waist"
9159,"Curbing the Plague",Horde,28141,"Ranger's Sash",15,Uncommon,"Waist"
10350,"Behomat",Alliance,23423,"Mercenary Greatsword",10,Uncommon,"Two-Hand"
10350,"Behomat",Alliance,23429,"Mercenary Clout",10,Uncommon,"Two-Hand"
10350,"Behomat",Alliance,23430,"Mercenary Sword",10,Uncommon,"One-Hand"
10350,"Behomat",Alliance,23431,"Mercenary Stiletto",10,Uncommon,"One-Hand"
9315,"Anok'suten",Horde,24339,"Stung",11,Uncommon,"One-Hand"
9315,"Anok'suten",Horde,24340,"Vandril's Hand Me Down Pants",11,Uncommon,"Legs"
9315,"Anok'suten",Horde,24341,"Fortified Oven Mitts",11,Uncommon,"Hands"
9315,"Anok'suten",Horde,28149,"Tranquillien Breeches",11,Uncommon,"Legs"
9759,"Ending Their World",Alliance,24351,"Mace of the Hand",20,Uncommon,"One-Hand"
9759,"Ending Their World",Alliance,24352,"Blade of the Hand",20,Uncommon,"Two-Hand"
9759,"Ending Their World",Alliance,24354,"Staff of the Hand",20,Uncommon,"Two-Hand"
9759,"Ending Their World",Alliance,24353,"Crossbow of the Hand",20,Uncommon,"Ranged"
9441,"Envoy to the Mag'har",Horde,25510,"Ceremonial Robes",93,Uncommon,"Chest"
9441,"Envoy to the Mag'har",Horde,25511,"Thunderforge Leggings",93,Uncommon,"Legs"
9441,"Envoy to the Mag'har",Horde,25512,"Tribal Hauberk",93,Uncommon,"Chest"
9441,"Envoy to the Mag'har",Horde,25513,"Clefthoof Hide Mask",93,Uncommon,"Head"
9788,"A Damp, Dark Place",Both,25514,"Ikeyen's Pauldrons",87,Uncommon,"Shoulder"
9788,"A Damp, Dark Place",Both,25515,"Mud Encrusted Boots",87,Uncommon,"Feet"
9788,"A Damp, Dark Place",Both,25516,"Ikeyen's Boots",87,Uncommon,"Feet"
9788,"A Damp, Dark Place",Both,27716,"Refuge Armor",87,Uncommon,"Chest"
9709,"Stealing Back the Mushrooms",Both,25525,"Zangar Epaulets",96,Uncommon,"Shoulder"
9709,"Stealing Back the Mushrooms",Both,25530,"Helm of Natural Purity",96,Uncommon,"Head"
9709,"Stealing Back the Mushrooms",Both,25534,"Marsh Survivalist's Belt",96,Uncommon,"Waist"
9709,"Stealing Back the Mushrooms",Both,31661,"Leesa'oh's Wristbands",96,Uncommon,"Wrist"
9783,"An Unnatural Drought",Alliance,25599,"Explorer's Bands",90,Uncommon,"Wrist"
9783,"An Unnatural Drought",Alliance,25597,"Vindicator's Cinch",90,Uncommon,"Waist"
9783,"An Unnatural Drought",Alliance,25598,"Fen Strider's Bracer",90,Uncommon,"Wrist"
9783,"An Unnatural Drought",Alliance,31659,"Researcher's Mantle",90,Uncommon,"Shoulder"
9772,"Jyoba's Report",Horde,25600,"Bog Walker's Bands",90,Uncommon,"Wrist"
9772,"Jyoba's Report",Horde,25601,"Murk-Darkened Bracers",90,Uncommon,"Wrist"
9772,"Jyoba's Report",Horde,25602,"Bog Walker's Belt",90,Uncommon,"Waist"
9772,"Jyoba's Report",Horde,31768,"Deep Mire Cloak",90,Uncommon,"Back"
9803,"Messenger to the Feralfen",Alliance,25613,"Feralfen Mystic's Handwraps",96,Uncommon,"Hands"
9803,"Messenger to the Feralfen",Alliance,25614,"Feralfen Beastmaster's Hauberk",102,Uncommon,"Chest"
9803,"Messenger to the Feralfen",Alliance,25615,"Feralfen Champion's Boots",96,Uncommon,"Feet"
9803,"Messenger to the Feralfen",Alliance,31660,"Feralfen Skulker's Belt",102,Uncommon,"Waist"
9589,"The Blood is Life",Alliance,25702,"Scaled Legs of Ruination",88,Rare,"Legs"
9589,"The Blood is Life",Alliance,25701,"Breastplate of Retribution",88,Rare,"Chest"
9589,"The Blood is Life",Alliance,25710,"Moonkin Headdress",88,Rare,"Head"
9589,"The Blood is Life",Alliance,25711,"Deadly Borer Leggings",88,Rare,"Legs"
9590,"The Blood is Life",Horde,25702,"Scaled Legs of Ruination",88,Rare,"Legs"
9590,"The Blood is Life",Horde,25701,"Breastplate of Retribution",88,Rare,"Chest"
9590,"The Blood is Life",Horde,25710,"Moonkin Headdress",88,Rare,"Head"
9590,"The Blood is Life",Horde,25711,"Deadly Borer Leggings",88,Rare,"Legs"
9572,"Weaken the Ramparts",Horde,25715,"Jade Warrior Pauldrons",85,Rare,"Shoulder"
9572,"Weaken the Ramparts",Horde,25718,"Mantle of Magical Might",85,Rare,"Shoulder"
9572,"Weaken the Ramparts",Horde,25716,"Handguards of Precision",85,Rare,"Hands"
9572,"Weaken the Ramparts",Horde,25717,"Sure-Step Boots",85,Rare,"Feet"
9575,"Weaken the Ramparts",Alliance,25715,"Jade Warrior Pauldrons",85,Rare,"Shoulder"
9575,"Weaken the Ramparts",Alliance,25718,"Mantle of Magical Might",85,Rare,"Shoulder"
9575,"Weaken the Ramparts",Alliance,25716,"Handguards of Precision",85,Rare,"Hands"
9575,"Weaken the Ramparts",Alliance,25717,"Sure-Step Boots",85,Rare,"Feet"
9492,"Turning the Tide",Alliance,25805,"Mantle of Vivification",109,Rare,"Back"
9492,"Turning the Tide",Alliance,25803,"Medallion of the Valiant Guardian",109,Rare,"Neck"
9492,"Turning the Tide",Alliance,25806,"Nethekurse's Rod of Torment",109,Rare,"Ranged"
9492,"Turning the Tide",Alliance,25804,"Naliko's Revenge",109,Rare,"Finger"
9495,"The Will of the Warchief",Horde,25808,"Rod of Dire Shadows",109,Rare,"Ranged"
9495,"The Will of the Warchief",Horde,25810,"Vicar's Cloak",109,Rare,"Back"
9495,"The Will of the Warchief",Horde,25809,"Maimfist's Choker",109,Rare,"Neck"
9495,"The Will of the Warchief",Horde,25811,"Conqueror's Band",109,Rare,"Finger"
10011,"Forge Camp: Annihilated",Both,25820,"Metallic Headband of Simm'onz",103,Rare,"Head"
10011,"Forge Camp: Annihilated",Both,25821,"Leggings of Unending Assault",103,Rare,"Legs"
10011,"Forge Camp: Annihilated",Both,25822,"Watcher's Tunic",103,Rare,"Chest"
10011,"Forge Camp: Annihilated",Both,25819,"Breastplate of the Warbringer",103,Rare,"Chest"
9902,"The Terror of Marshlight Lake",Alliance,25922,"Fearless Girdle",99,Uncommon,"Waist"
9902,"The Terror of Marshlight Lake",Alliance,25924,"Swamprunner's Boots",99,Uncommon,"Feet"
9902,"The Terror of Marshlight Lake",Alliance,25925,"Terrorcloth Mantle",99,Uncommon,"Shoulder"
9902,"The Terror of Marshlight Lake",Alliance,25923,"Fierce Mantle",99,Uncommon,"Shoulder"
9904,"Pursuing Terrorclaw",Horde,25922,"Fearless Girdle",99,Uncommon,"Waist"
9904,"Pursuing Terrorclaw",Horde,25924,"Swamprunner's Boots",99,Uncommon,"Feet"
9904,"Pursuing Terrorclaw",Horde,25925,"Terrorcloth Mantle",99,Uncommon,"Shoulder"
9904,"Pursuing Terrorclaw",Horde,25923,"Fierce Mantle",99,Uncommon,"Shoulder"
10112,"A Personal Favor",Both,25926,"Nexus-Stalker's Band",99,Uncommon,"Finger"
10112,"A Personal Favor",Both,25927,"Consortium Cloak of the Quick",99,Uncommon,"Back"
10112,"A Personal Favor",Both,25928,"Ethereal Healing Pendant",99,Uncommon,"Neck"
10112,"A Personal Favor",Both,31724,"Arakkoa Divining Rod",99,Uncommon,"Ranged"
10005,"Letting Earthbinder Tavgren Know",Alliance,25931,"Cenarion Thicket Circlet",93,Uncommon,"Head"
10005,"Letting Earthbinder Tavgren Know",Alliance,25930,"Cenarion Thicket Helm",93,Uncommon,"Head"
10005,"Letting Earthbinder Tavgren Know",Alliance,25929,"Cenarion Thicket Legplates",93,Uncommon,"Legs"
10005,"Letting Earthbinder Tavgren Know",Alliance,25932,"Cenarion Thicket Jerkin",93,Uncommon,"Chest"
10006,"Letting Earthbinder Tavgren Know",Horde,25931,"Cenarion Thicket Circlet",93,Uncommon,"Head"
10006,"Letting Earthbinder Tavgren Know",Horde,25930,"Cenarion Thicket Helm",93,Uncommon,"Head"
10006,"Letting Earthbinder Tavgren Know",Horde,25929,"Cenarion Thicket Legplates",93,Uncommon,"Legs"
10006,"Letting Earthbinder Tavgren Know",Horde,25932,"Cenarion Thicket Jerkin",93,Uncommon,"Chest"
10031,"Helping the Lost Find Their Way",Both,25949,"Gloves of the Afterlife",99,Uncommon,"Hands"
10031,"Helping the Lost Find Their Way",Both,25951,"Fleet Refugee's Boots",99,Uncommon,"Feet"
10031,"Helping the Lost Find Their Way",Both,25948,"Girdle of the Penitent",99,Uncommon,"Waist"
10031,"Helping the Lost Find Their Way",Both,31725,"Cilice of Suffering",99,Uncommon,"Waist"
10861,"Veil Lithic: Preemptive Strike",Both,25958,"Eagle Engraved Bracers",96,Uncommon,"Wrist"
10861,"Veil Lithic: Preemptive Strike",Both,25959,"Feathered Armbands",96,Uncommon,"Wrist"
10861,"Veil Lithic: Preemptive Strike",Both,25961,"Feathered Wrist Cuffs",96,Uncommon,"Wrist"
10861,"Veil Lithic: Preemptive Strike",Both,25960,"Talonstalker Bracers",96,Uncommon,"Wrist"
10022,"The Elusive Ironjaw",Alliance,25974,"Helm of Lupine Cunning",96,Uncommon,"Head"
10022,"The Elusive Ironjaw",Alliance,25975,"Wolf Hunter's Guise",96,Uncommon,"Head"
10022,"The Elusive Ironjaw",Alliance,25976,"Helm of Lupine Grace",96,Uncommon,"Head"
10022,"The Elusive Ironjaw",Alliance,25977,"Helm of Lupine Ferocity",96,Uncommon,"Head"
10791,"Welcoming the Wolf Spirit",Horde,25974,"Helm of Lupine Cunning",96,Uncommon,"Head"
10791,"Welcoming the Wolf Spirit",Horde,25975,"Wolf Hunter's Guise",96,Uncommon,"Head"
10791,"Welcoming the Wolf Spirit",Horde,25976,"Helm of Lupine Grace",96,Uncommon,"Head"
10791,"Welcoming the Wolf Spirit",Horde,25977,"Helm of Lupine Ferocity",96,Uncommon,"Head"
9634,"Alien Predators",Alliance,26051,"2 Stone Sledgehammer",11,Uncommon,"Two-Hand"
9634,"Alien Predators",Alliance,26049,"Old Elekk Prod",11,Uncommon,"One-Hand"
9634,"Alien Predators",Alliance,26053,"Elekk Handler's Blade",11,Uncommon,"One-Hand"
9634,"Alien Predators",Alliance,27389,"Surplus Bastard Sword",11,Uncommon,"Two-Hand"
10096,"Saving the Sporeloks",Both,27717,"Expedition Forager Leggings",90,Uncommon,"Legs"
10096,"Saving the Sporeloks",Both,27715,"Circle's Stalwart Helmet",90,Uncommon,"Head"
10096,"Saving the Sporeloks",Both,31657,"Chemise of Rebirth",90,Uncommon,"Chest"
10096,"Saving the Sporeloks",Both,31658,"Scout's Hood",90,Uncommon,"Head"
9817,"Leader of the Bloodscale",Both,27724,"Wild Shoulderpads",93,Uncommon,"Shoulder"
9817,"Leader of the Bloodscale",Both,27721,"Expedition Footgear",93,Uncommon,"Feet"
9817,"Leader of the Bloodscale",Both,27722,"Gloves of Marshmanship",93,Uncommon,"Hands"
9817,"Leader of the Bloodscale",Both,27723,"Belt of the Moonkin",93,Uncommon,"Waist"
9730,"Leader of the Darkcrest",Both,27727,"Swift Cenarion Footwear",93,Uncommon,"Feet"
9730,"Leader of the Darkcrest",Both,27725,"Expedition Mantle",93,Uncommon,"Shoulder"
9730,"Leader of the Darkcrest",Both,27726,"Hearty Cenarion Cincture",93,Uncommon,"Waist"
9730,"Leader of the Darkcrest",Both,27728,"Cushy Cenarion Walkers",93,Uncommon,"Feet"
9731,"Drain Schematics",Both,27730,"Watcher's Cloak of Vigilance",93,Uncommon,"Back"
9731,"Drain Schematics",Both,27733,"Warden's Ring of Precision",93,Uncommon,"Finger"
9731,"Drain Schematics",Both,27735,"Pendant of the Marsh",93,Uncommon,"Neck"
9731,"Drain Schematics",Both,27734,"Expedition Caster's Band",93,Uncommon,"Finger"
9726,"Now That We're Friends...",Both,27750,"Hammer of the Sporelings",99,Uncommon,"Two-Hand"
9726,"Now That We're Friends...",Both,27751,"Survivalist's Pike",99,Uncommon,"Two-Hand"
9726,"Now That We're Friends...",Both,27752,"Zangarmarsh Claymore",99,Uncommon,"Two-Hand"
9726,"Now That We're Friends...",Both,27749,"Staff of the Wild",99,Uncommon,"Two-Hand"
10351,"Natural Remedies",Both,28069,"Golden Cenarion Greaves",91,Rare,"Feet"
10351,"Natural Remedies",Both,28070,"Verdant Handwraps",91,Rare,"Hands"
10351,"Natural Remedies",Both,28074,"Studded Green Anklewraps",91,Rare,"Feet"
10351,"Natural Remedies",Both,28075,"Destroyers' Mantle",91,Rare,"Shoulder"
10091,"The Soul Devices",Both,28167,"Sha'tari Wrought Armguards",115,Rare,"Wrist"
10091,"The Soul Devices",Both,28170,"Auchenai Bracers",115,Rare,"Wrist"
10091,"The Soul Devices",Both,28171,"Spymistress's Wristguards",115,Rare,"Wrist"
10091,"The Soul Devices",Both,28174,"Shattrath Wraps",115,Rare,"Wrist"
10095,"Into the Heart of the Labyrinth",Both,28179,"Shattrath Jumpers",115,Rare,"Feet"
10095,"Into the Heart of the Labyrinth",Both,28176,"Sha'tari Wrought Greaves",115,Rare,"Feet"
10095,"Into the Heart of the Labyrinth",Both,28178,"Spymistress's Boots",115,Rare,"Feet"
10095,"Into the Heart of the Labyrinth",Both,28177,"Auchenai Boots",115,Rare,"Feet"
9763,"The Warlord's Hideout",Both,28181,"Earthwarden's Coif",115,Rare,"Head"
9763,"The Warlord's Hideout",Both,28180,"Myrmidon's Headdress",115,Rare,"Head"
9763,"The Warlord's Hideout",Both,28183,"Hydromancer's Headwrap",115,Rare,"Head"
9763,"The Warlord's Hideout",Both,28182,"Helm of the Claw",115,Rare,"Head"
11002,"The Fall of Magtheridon",Alliance,28793,"Band of Crimson Fury",125,Epic,"Finger"
11002,"The Fall of Magtheridon",Alliance,28791,"Ring of the Recalcitrant",125,Epic,"Finger"
11002,"The Fall of Magtheridon",Alliance,28790,"Naaru Lightwarden's Band",125,Epic,"Finger"
11002,"The Fall of Magtheridon",Alliance,28792,"A'dal's Signet of Defense",125,Epic,"Finger"
11003,"The Fall of Magtheridon",Horde,28793,"Band of Crimson Fury",125,Epic,"Finger"
11003,"The Fall of Magtheridon",Horde,28791,"Ring of the Recalcitrant",125,Epic,"Finger"
11003,"The Fall of Magtheridon",Horde,28790,"Naaru Lightwarden's Band",125,Epic,"Finger"
11003,"The Fall of Magtheridon",Horde,28792,"A'dal's Signet of Defense",125,Epic,"Finger"
10253,"Levixus the Soul Caller",Both,29314,"Leggings of the Third Coin",97,Rare,"Legs"
10253,"Levixus the Soul Caller",Both,29312,"Cover of Righteous Fury",97,Rare,"Head"
10253,"Levixus the Soul Caller",Both,29313,"Earthbreaker's Greaves",97,Rare,"Feet"
10253,"Levixus the Soul Caller",Both,29315,"Gloves of Penitence",97,Rare,"Hands"
10285,"Return to Andormu",Both,29316,"Warchief's Mantle",103,Rare,"Shoulder"
10285,"Return to Andormu",Both,29318,"Southshore Sneakers",103,Rare,"Feet"
10285,"Return to Andormu",Both,29319,"Tarren Mill Defender's Cinch",103,Rare,"Waist"
10285,"Return to Andormu",Both,29317,"Tempest's Touch",103,Rare,"Hands"
10298,"Hero of the Brood",Both,29320,"Band of the Guardian",115,Rare,"Finger"
10298,"Hero of the Brood",Both,29322,"Keeper's Ring of Piety",115,Rare,"Finger"
10298,"Hero of the Brood",Both,29321,"Time-bending Gem",115,Rare,"Finger"
10298,"Hero of the Brood",Both,29323,"Andormu's Tear",115,Rare,"Finger"
10218,"Someone Else's Hard Work Pays Off",Both,29325,"Flesh Beast's Metal Greaves",97,Rare,"Feet"
10218,"Someone Else's Hard Work Pays Off",Both,29326,"Consortium Mantle of Phasing",97,Rare,"Shoulder"
10218,"Someone Else's Hard Work Pays Off",Both,29327,"Cryo-mitts",97,Rare,"Hands"
10218,"Someone Else's Hard Work Pays Off",Both,29328,"Consortium Prince's Wrap",97,Rare,"Waist"
10097,"Brother Against Brother",Both,29333,"Torc of the Sethekk Prophet",115,Rare,"Neck"
10097,"Brother Against Brother",Both,29336,"Mark of the Ravenguard",115,Rare,"Neck"
10097,"Brother Against Brother",Both,29335,"Talon Lord's Collar",115,Rare,"Neck"
10097,"Brother Against Brother",Both,29334,"Sethekk Oracle's Focus",115,Rare,"Neck"
10164,"Everything Will Be Alright",Both,29339,"Auchenai Tracker's Hauberk",100,Rare,"Chest"
10164,"Everything Will Be Alright",Both,29340,"Auchenai Monk's Tunic",100,Rare,"Chest"
10164,"Everything Will Be Alright",Both,29337,"The Exarch's Protector",100,Rare,"Chest"
10164,"Everything Will Be Alright",Both,29341,"Auchenai Anchorite's Robe",100,Rare,"Chest"
10165,"Undercutting the Competition",Both,29342,"Consortium Plated Legguards",97,Rare,"Legs"
10165,"Undercutting the Competition",Both,29345,"Haramad's Leg Wraps",97,Rare,"Legs"
10165,"Undercutting the Competition",Both,29343,"Haramad's Leggings of the Third Coin",97,Rare,"Legs"
10165,"Undercutting the Competition",Both,29344,"Haramad's Linked Chain Pantaloons",97,Rare,"Legs"
10188,"The Sigil of Krasus",Both,29771,"Kirin'Var Journeyman's Belt",111,Uncommon,"Waist"
10188,"The Sigil of Krasus",Both,29772,"Kirin'Var Scout's Belt",111,Uncommon,"Waist"
10188,"The Sigil of Krasus",Both,29773,"Battle-Mage's Helmet",111,Uncommon,"Head"
10188,"The Sigil of Krasus",Both,29774,"Kirin'Var Defender's Chausses",111,Uncommon,"Legs"
10176,"Ar'kelos the Guardian",Both,29775,"Pendant of the Battle-Mage",108,Uncommon,"Neck"
10176,"Ar'kelos the Guardian",Both,29776,"Core of Ar'kelos",108,Uncommon,"Trinket"
10176,"Ar'kelos the Guardian",Both,29777,"Cloak of the Valiant Defender",108,Uncommon,"Back"
10176,"Ar'kelos the Guardian",Both,29779,"Rejuvenating Scepter",108,Uncommon,"Ranged"
10320,"Destroy Naberius!",Both,29781,"Lifewarden's Breastplate",106,Rare,"Chest"
10320,"Destroy Naberius!",Both,29780,"Kirin Tor Apprentice's Robes",109,Rare,"Chest"
10320,"Destroy Naberius!",Both,29782,"Coif of the Wicked",106,Rare,"Head"
10320,"Destroy Naberius!",Both,29783,"Legguards of the Resolute Defender",106,Rare,"Legs"
10332,"Master Smith Rhonsus",Both,29787,"Master Smith's Hammer",111,Uncommon,"One-Hand"
10332,"Master Smith Rhonsus",Both,29788,"Finely Wrought Scale Leggings",111,Uncommon,"Legs"
10332,"Master Smith Rhonsus",Both,29789,"Andrethan's Masterwork",111,Uncommon,"Chest"
10332,"Master Smith Rhonsus",Both,29791,"Reinforced Heaume",111,Uncommon,"Head"
10240,"Building a Perimeter",Both,29784,"Harmony's Touch",111,Uncommon,"Hands"
10240,"Building a Perimeter",Both,29785,"Crimson Mail Bracers",111,Uncommon,"Wrist"
10240,"Building a Perimeter",Both,29786,"Kirin'Var Defender's Greaves",111,Uncommon,"Feet"
10240,"Building a Perimeter",Both,30398,"Boots of the Beneficent",111,Uncommon,"Feet"
10223,"Down With Daellis",Both,29792,"Dawnstrike's Cloak",111,Uncommon,"Back"
10223,"Down With Daellis",Both,29793,"Signet of the Violet Tower",111,Uncommon,"Finger"
10223,"Down With Daellis",Both,29794,"Strength of the Violet Tower",111,Uncommon,"Neck"
10223,"Down With Daellis",Both,30399,"Nightstalker's Wristguards",111,Uncommon,"Wrist"
10274,"Securing the Celestial Ridge",Both,29808,"Shimmering Azure Boots",111,Uncommon,"Feet"
10274,"Securing the Celestial Ridge",Both,29810,"Dragon Crested Epaulets",111,Uncommon,"Shoulder"
10274,"Securing the Celestial Ridge",Both,29812,"Blued Steel Gauntlets",111,Uncommon,"Hands"
10274,"Securing the Celestial Ridge",Both,29811,"Goldenlink Bracers",111,Uncommon,"Wrist"
10162,"Mission: The Abyssal Shelf",Horde,29926,"Whispering Tunic",81,Uncommon,"Chest"
10162,"Mission: The Abyssal Shelf",Horde,29933,"Arcane Ringed Greaves",81,Uncommon,"Legs"
10162,"Mission: The Abyssal Shelf",Horde,29936,"Skyfire Greaves",81,Uncommon,"Legs"
10162,"Mission: The Abyssal Shelf",Horde,29940,"Veteran's Skullcap",81,Uncommon,"Head"
10163,"Mission: The Abyssal Shelf",Alliance,29926,"Whispering Tunic",81,Uncommon,"Chest"
10163,"Mission: The Abyssal Shelf",Alliance,29933,"Arcane Ringed Greaves",81,Uncommon,"Legs"
10163,"Mission: The Abyssal Shelf",Alliance,29936,"Skyfire Greaves",81,Uncommon,"Legs"
10163,"Mission: The Abyssal Shelf",Alliance,29940,"Veteran's Skullcap",81,Uncommon,"Head"
10129,"Mission: Gateways Murketh and Shaadraz",Horde,29929,"Raging Spirit Harness",81,Uncommon,"Chest"
10129,"Mission: Gateways Murketh and Shaadraz",Horde,29937,"Helm of Infinite Visions",81,Uncommon,"Head"
10129,"Mission: Gateways Murketh and Shaadraz",Horde,29942,"Battle Scarred Leggings",81,Uncommon,"Legs"
10129,"Mission: Gateways Murketh and Shaadraz",Horde,29944,"Protectorate Breastplate",81,Uncommon,"Chest"
10146,"Mission: The Murketh and Shaadraz Gateways",Alliance,29929,"Raging Spirit Harness",81,Uncommon,"Chest"
10146,"Mission: The Murketh and Shaadraz Gateways",Alliance,29937,"Helm of Infinite Visions",81,Uncommon,"Head"
10146,"Mission: The Murketh and Shaadraz Gateways",Alliance,29942,"Battle Scarred Leggings",81,Uncommon,"Legs"
10146,"Mission: The Murketh and Shaadraz Gateways",Alliance,29944,"Protectorate Breastplate",81,Uncommon,"Chest"
10078,"Laying Waste to the Unwanted",Alliance,29928,"Wanderer's Stitched Trousers",81,Uncommon,"Legs"
10078,"Laying Waste to the Unwanted",Alliance,29930,"Nature-Stitched Kilt",81,Uncommon,"Legs"
10078,"Laying Waste to the Unwanted",Alliance,29934,"Helm of Affinity",81,Uncommon,"Head"
10078,"Laying Waste to the Unwanted",Alliance,29941,"Scale Brand Breastplate",81,Uncommon,"Chest"
10087,"Burn It Up... For the Horde!",Horde,29928,"Wanderer's Stitched Trousers",81,Uncommon,"Legs"
10087,"Burn It Up... For the Horde!",Horde,29930,"Nature-Stitched Kilt",81,Uncommon,"Legs"
10087,"Burn It Up... For the Horde!",Horde,29934,"Helm of Affinity",81,Uncommon,"Head"
10087,"Burn It Up... For the Horde!",Horde,29941,"Scale Brand Breastplate",81,Uncommon,"Chest"
10055,"Waste Not, Want Not",Alliance,29931,"Phantasmal Headdress",81,Uncommon,"Head"
10055,"Waste Not, Want Not",Alliance,29938,"Battle Seeker Chestguard",81,Uncommon,"Chest"
10055,"Waste Not, Want Not",Alliance,29943,"Legionnaire's Studded Helm",81,Uncommon,"Head"
10055,"Waste Not, Want Not",Alliance,29945,"Magistrate's Greaves",81,Uncommon,"Legs"
10086,"I Work... For the Horde!",Horde,29931,"Phantasmal Headdress",81,Uncommon,"Head"
10086,"I Work... For the Horde!",Horde,29938,"Battle Seeker Chestguard",81,Uncommon,"Chest"
10086,"I Work... For the Horde!",Horde,29943,"Legionnaire's Studded Helm",81,Uncommon,"Head"
10086,"I Work... For the Horde!",Horde,29945,"Magistrate's Greaves",81,Uncommon,"Legs"
10185,"A Fate Worse Than Death",Both,29954,"Spiritbinder's Mantle",108,Uncommon,"Shoulder"
10185,"A Fate Worse Than Death",Both,29955,"Mana Infused Wristguards",108,Uncommon,"Wrist"
10185,"A Fate Worse Than Death",Both,29959,"Spiritualist's Gauntlets",108,Uncommon,"Hands"
10185,"A Fate Worse Than Death",Both,30401,"Farahlite Studded Boots",108,Uncommon,"Feet"
10221,"Dr. Boom!",Both,29967,"Nether Vest",108,Uncommon,"Chest"
10221,"Dr. Boom!",Both,29968,"Nether Leggings",108,Uncommon,"Legs"
10221,"Dr. Boom!",Both,29969,"Sparky's Discarded Helmet",108,Uncommon,"Head"
10221,"Dr. Boom!",Both,30514,"Nether Guards",108,Uncommon,"Shoulder"
10199,"That Little Extra Kick",Both,30000,"Mixologist's Gloves",108,Uncommon,"Hands"
10199,"That Little Extra Kick",Both,29999,"After Hours Pauldrons",108,Uncommon,"Shoulder"
10199,"That Little Extra Kick",Both,30001,"Doc's Belt",108,Uncommon,"Waist"
10199,"That Little Extra Kick",Both,30002,"Boot's Boots",108,Uncommon,"Feet"
10318,"Dealing with the Overmaster",Both,30003,"Gloves of the Nether-Stalker",114,Uncommon,"Hands"
10318,"Dealing with the Overmaster",Both,30004,"Landing Boots",114,Uncommon,"Feet"
10318,"Dealing with the Overmaster",Both,30006,"Wind Trader's Band",114,Uncommon,"Finger"
10318,"Dealing with the Overmaster",Both,30005,"Overmaster's Shoulders",114,Uncommon,"Shoulder"
11007,"Kael'thas and the Verdant Sphere",Both,30007,"The Darkener's Grasp",138,Epic,"Neck"
11007,"Kael'thas and the Verdant Sphere",Both,30015,"The Sun King's Talisman",138,Epic,"Neck"
11007,"Kael'thas and the Verdant Sphere",Both,30017,"Telonicus's Pendant of Mayhem",138,Epic,"Neck"
11007,"Kael'thas and the Verdant Sphere",Both,30018,"Lord Sanguinar's Claim",138,Epic,"Neck"
10249,"Back to the Chief!",Both,30014,"X-52 Pilot's Leggings",106,Rare,"Legs"
10249,"Back to the Chief!",Both,30016,"X-52 Technician's Helm",106,Rare,"Head"
10249,"Back to the Chief!",Both,30019,"Area 52 Defender's Pants",106,Rare,"Legs"
10249,"Back to the Chief!",Both,30847,"X-52 Rocket Helmet",108,Uncommon,"Head"
10186,"You're Hired!",Both,30218,"Junior Technician 3rd Grade Shoulders",108,Uncommon,"Shoulder"
10186,"You're Hired!",Both,30225,"Junior Technician 3rd Grade Bracers",108,Uncommon,"Wrist"
10186,"You're Hired!",Both,30224,"Junior Technician 3rd Grade Gloves",108,Uncommon,"Hands"
10186,"You're Hired!",Both,30515,"Junior Technician 3rd Grade Goggles",108,Uncommon,"Head"
10226,"Elemental Power Extraction",Both,30262,"Trep's Shoulderguards",108,Uncommon,"Shoulder"
10226,"Elemental Power Extraction",Both,30264,"Area 52 Engineering Gloves",108,Uncommon,"Hands"
10226,"Elemental Power Extraction",Both,30263,"Heavy-Duty Engineering Boots",108,Uncommon,"Feet"
10226,"Elemental Power Extraction",Both,30516,"Chief Engineer's Belt",108,Uncommon,"Waist"
10435,"Retrieving the Goods",Both,30284,"Audi's Embroidered Boots",111,Uncommon,"Feet"
10435,"Retrieving the Goods",Both,30285,"B.O.O.M. Operative's Belt",111,Uncommon,"Waist"
10435,"Retrieving the Goods",Both,30286,"Otherworldly Pauldrons",111,Uncommon,"Shoulder"
10435,"Retrieving the Goods",Both,30402,"Field Agent's Bracers",108,Uncommon,"Wrist"
10440,"Success!",Both,30290,"Leggings of Concentrated Power",111,Uncommon,"Legs"
10440,"Success!",Both,30293,"Heavenly Inspiration",111,Uncommon,"Trinket"
10440,"Success!",Both,30291,"Nexus-Guard's Pauldrons",111,Uncommon,"Shoulder"
10440,"Success!",Both,30520,"Gold-Trimmed Cuffs",111,Uncommon,"Wrist"
10439,"Dimensius the All-Devouring",Both,30297,"Circlet of the Starcaller",109,Rare,"Head"
10439,"Dimensius the All-Devouring",Both,30300,"Dabiri's Enigma",109,Rare,"Trinket"
10439,"Dimensius the All-Devouring",Both,30298,"Void Slayer's Tunic",109,Rare,"Chest"
10439,"Dimensius the All-Devouring",Both,30299,"Starcaller's Plated Legguards",109,Rare,"Legs"
10353,"Arconus the Insatiable",Both,30329,"Flesh Handler's Headpiece",114,Uncommon,"Head"
10353,"Arconus the Insatiable",Both,30328,"Protectorate Assassin's Tunic",114,Uncommon,"Chest"
10353,"Arconus the Insatiable",Both,30330,"Starcaller's Plated Belt",114,Uncommon,"Waist"
10353,"Arconus the Insatiable",Both,30517,"Netherfarer's Leggings",114,Uncommon,"Legs"
10425,"Escape from the Staging Grounds",Both,30331,"Diviner's Cinch",114,Uncommon,"Waist"
10425,"Escape from the Staging Grounds",Both,30332,"Ferocious Bands",114,Uncommon,"Wrist"
10425,"Escape from the Staging Grounds",Both,30334,"Starcaller's Plated Stompers",114,Uncommon,"Feet"
10425,"Escape from the Staging Grounds",Both,30333,"Spaulders of the Protectorate",114,Uncommon,"Shoulder"
10406,"Delivering the Message",Both,30335,"Druidic Force Boots",114,Uncommon,"Feet"
10406,"Delivering the Message",Both,30337,"Protectorate Headplate",114,Uncommon,"Head"
10406,"Delivering the Message",Both,30336,"Surger's Hand Wraps",114,Uncommon,"Hands"
10406,"Delivering the Message",Both,30518,"Warpthread Vest",114,Uncommon,"Chest"
10345,"The Flesh Lies...",Both,30342,"Protectorate Waistband",114,Uncommon,"Waist"
10345,"The Flesh Lies...",Both,30341,"Flesh Handler's Gauntlets",114,Uncommon,"Hands"
10345,"The Flesh Lies...",Both,30352,"Demolisher's Bracers",114,Uncommon,"Wrist"
10345,"The Flesh Lies...",Both,30519,"Boots of the Nexus Warden",114,Uncommon,"Feet"
10313,"Measuring Warp Energies",Both,30362,"Energized Helm",108,Uncommon,"Head"
10313,"Measuring Warp Energies",Both,30363,"Warp-Shielded Hauberk",108,Uncommon,"Chest"
10313,"Measuring Warp Energies",Both,30364,"Resonating Axe",108,Uncommon,"One-Hand"
10313,"Measuring Warp Energies",Both,30521,"Warpweaver's Gloves",108,Uncommon,"Hands"
10381,"Aldor No More",Both,30380,"Girdle of the Lost Vindicator",114,Uncommon,"Waist"
10381,"Aldor No More",Both,30379,"Vindicator's Light Vest",114,Uncommon,"Chest"
10381,"Aldor No More",Both,30382,"Aldor Ceremonial Wraps",114,Uncommon,"Wrist"
10381,"Aldor No More",Both,30381,"Kaylaan's Spaulders",114,Uncommon,"Shoulder"
10198,"Information Gathering",Both,30383,"Belt of the Sage",108,Uncommon,"Waist"
10198,"Information Gathering",Both,30386,"Bloodguard's Greaves",108,Uncommon,"Feet"
10198,"Information Gathering",Both,30384,"Brightdawn Bracers",108,Uncommon,"Wrist"
10198,"Information Gathering",Both,30397,"Spymaster's Crossbow",108,Uncommon,"Ranged"
10341,"Kick Them While They're Down",Both,30396,"Jeweled Halberd",114,Uncommon,"Two-Hand"
10341,"Kick Them While They're Down",Both,30394,"Sunfury Blade",114,Uncommon,"Two-Hand"
10341,"Kick Them While They're Down",Both,30395,"Warp-Master's Maul",114,Uncommon,"Two-Hand"
10341,"Kick Them While They're Down",Both,30522,"Conjurer's Staff",114,Uncommon,"Two-Hand"
10679,"Quenching the Blade",Both,30787,"Illidari-Bane Mageblade",115,Rare,"Main Hand"
10679,"Quenching the Blade",Both,30788,"Illidari-Bane Broadsword",115,Rare,"One-Hand"
10679,"Quenching the Blade",Both,30789,"Illidari-Bane Claymore",115,Rare,"Two-Hand"
10679,"Quenching the Blade",Both,31745,"Illidari-Bane Dagger",115,Rare,"One-Hand"
10816,"Reclaiming Holy Grounds",Both,30922,"Ata'mal Crown",114,Uncommon,"Head"
10816,"Reclaiming Holy Grounds",Both,30940,"Aged Leather Bindings",114,Uncommon,"Wrist"
10816,"Reclaiming Holy Grounds",Both,30958,"Blackened Chain Greaves",114,Uncommon,"Feet"
10816,"Reclaiming Holy Grounds",Both,30961,"Ash-Covered Helm",114,Uncommon,"Head"
10817,"The Great Retribution",Both,30922,"Ata'mal Crown",114,Uncommon,"Head"
10817,"The Great Retribution",Both,30940,"Aged Leather Bindings",114,Uncommon,"Wrist"
10817,"The Great Retribution",Both,30958,"Blackened Chain Greaves",114,Uncommon,"Feet"
10817,"The Great Retribution",Both,30961,"Ash-Covered Helm",114,Uncommon,"Head"
10626,"Capture the Weapons",Alliance,30926,"Ashwalker's Footwraps",111,Uncommon,"Feet"
10626,"Capture the Weapons",Alliance,30938,"Azurestrike Shoulders",111,Uncommon,"Shoulder"
10626,"Capture the Weapons",Alliance,30950,"Darkhunter's Cinch",111,Uncommon,"Waist"
10626,"Capture the Weapons",Alliance,30966,"Singed Vambraces",111,Uncommon,"Wrist"
10627,"Capture the Weapons",Horde,30926,"Ashwalker's Footwraps",111,Uncommon,"Feet"
10627,"Capture the Weapons",Horde,30938,"Azurestrike Shoulders",111,Uncommon,"Shoulder"
10627,"Capture the Weapons",Horde,30950,"Darkhunter's Cinch",111,Uncommon,"Waist"
10627,"Capture the Weapons",Horde,30966,"Singed Vambraces",111,Uncommon,"Wrist"
10564,"Blast the Infernals!",Alliance,30929,"Soothsayer's Kilt",111,Uncommon,"Legs"
10564,"Blast the Infernals!",Alliance,30946,"Mooncrest Headdress",111,Uncommon,"Head"
10564,"Blast the Infernals!",Alliance,30947,"Crimson Mail Hauberk",111,Uncommon,"Chest"
10564,"Blast the Infernals!",Alliance,30986,"Bloodforged Guard",111,Uncommon,"Off Hand"
10598,"Blast the Infernals!",Horde,30929,"Soothsayer's Kilt",111,Uncommon,"Legs"
10598,"Blast the Infernals!",Horde,30946,"Mooncrest Headdress",111,Uncommon,"Head"
10598,"Blast the Infernals!",Horde,30947,"Crimson Mail Hauberk",111,Uncommon,"Chest"
10598,"Blast the Infernals!",Horde,30986,"Bloodforged Guard",111,Uncommon,"Off Hand"
10808,"Thwart the Dark Conclave",Both,30928,"Sketh'lon Survivor's Tunic",111,Uncommon,"Chest"
10808,"Thwart the Dark Conclave",Both,30941,"Ash Tempered Legguards",111,Uncommon,"Legs"
10808,"Thwart the Dark Conclave",Both,30955,"Crown of Cinders",111,Uncommon,"Head"
10808,"Thwart the Dark Conclave",Both,30960,"Runed Sketh'lon Legplates",111,Uncommon,"Legs"
10451,"Escape from Coilskar Cistern",Both,30927,"Earthmender's Bracer of Shattering",114,Uncommon,"Wrist"
10451,"Escape from Coilskar Cistern",Both,30937,"Earthmender's Fists of Undoing",114,Uncommon,"Hands"
10451,"Escape from Coilskar Cistern",Both,30952,"Earthmender's Crimson Spaulders",114,Uncommon,"Shoulder"
10451,"Escape from Coilskar Cistern",Both,30968,"Earthmender's Plated Boots",114,Uncommon,"Feet"
10523,"The Cipher of Damnation - The First Fragment Recovered",Both,30923,"Grom'tor's Bloodied Bandage",114,Uncommon,"Waist"
10523,"The Cipher of Damnation - The First Fragment Recovered",Both,30945,"Grom'tor's Friend's Cousin's Tunic",114,Uncommon,"Chest"
10523,"The Cipher of Damnation - The First Fragment Recovered",Both,30956,"Oronok's Old Bracers",114,Uncommon,"Wrist"
10523,"The Cipher of Damnation - The First Fragment Recovered",Both,30981,"Grom'tor's Pendant of Conquest",114,Uncommon,"Neck"
10481,"Enraged Spirits of Air",Both,30930,"Grips of the Void",114,Uncommon,"Hands"
10481,"Enraged Spirits of Air",Both,30942,"Manimal's Cinch",114,Uncommon,"Waist"
10481,"Enraged Spirits of Air",Both,30953,"Boots of the Skybreaker",114,Uncommon,"Feet"
10481,"Enraged Spirits of Air",Both,30964,"Skybreaker's Pauldrons",114,Uncommon,"Shoulder"
10769,"Dissension Amongst the Ranks...",Horde,31075,"Evoker's Mark of the Redemption",109,Rare,"Finger"
10769,"Dissension Amongst the Ranks...",Horde,31076,"Spellsword's Mark of the Redemption",109,Rare,"Finger"
10769,"Dissension Amongst the Ranks...",Horde,31077,"Slayer's Mark of the Redemption",109,Rare,"Finger"
10769,"Dissension Amongst the Ranks...",Horde,31078,"Protector's Mark of the Redemption",109,Rare,"Finger"
10776,"Dissension Amongst the Ranks...",Alliance,31075,"Evoker's Mark of the Redemption",109,Rare,"Finger"
10776,"Dissension Amongst the Ranks...",Alliance,31076,"Spellsword's Mark of the Redemption",109,Rare,"Finger"
10776,"Dissension Amongst the Ranks...",Alliance,31077,"Slayer's Mark of the Redemption",109,Rare,"Finger"
10776,"Dissension Amongst the Ranks...",Alliance,31078,"Protector's Mark of the Redemption",109,Rare,"Finger"
10647,"Wanted: Uvuros, Scourge of Shadowmoon",Horde,31111,"Uvuros Hide Gloves",114,Uncommon,"Hands"
10647,"Wanted: Uvuros, Scourge of Shadowmoon",Horde,31112,"Uvuros Hide Boots",114,Uncommon,"Feet"
10647,"Wanted: Uvuros, Scourge of Shadowmoon",Horde,31114,"Uvuros Hide Cinch",114,Uncommon,"Waist"
10647,"Wanted: Uvuros, Scourge of Shadowmoon",Horde,31115,"Uvuros Plated Spaulders",114,Uncommon,"Shoulder"
10648,"Wanted: Uvuros, Scourge of Shadowmoon",Alliance,31111,"Uvuros Hide Gloves",114,Uncommon,"Hands"
10648,"Wanted: Uvuros, Scourge of Shadowmoon",Alliance,31112,"Uvuros Hide Boots",114,Uncommon,"Feet"
10648,"Wanted: Uvuros, Scourge of Shadowmoon",Alliance,31114,"Uvuros Hide Cinch",114,Uncommon,"Waist"
10648,"Wanted: Uvuros, Scourge of Shadowmoon",Alliance,31115,"Uvuros Plated Spaulders",114,Uncommon,"Shoulder"
10701,"Breaking Down Netherock",Both,31312,"Sinister Area 52 Boots",108,Uncommon,"Feet"
10701,"Breaking Down Netherock",Both,31313,"Nether-Rocket Gloves",108,Uncommon,"Hands"
10701,"Breaking Down Netherock",Both,31314,"Rocket-Chief Pauldrons",108,Uncommon,"Shoulder"
10701,"Breaking Down Netherock",Both,31315,"Goblin Girdle",108,Uncommon,"Waist"
10781,"Battle of the Crimson Watch",Both,31380,"Acrobat's Mark of the Sha'tar",109,Rare,"Finger"
10781,"Battle of the Crimson Watch",Both,31381,"Aggressor's Mark of the Sha'tar",109,Rare,"Finger"
10781,"Battle of the Crimson Watch",Both,31382,"Mage's Mark of the Sha'tar",109,Rare,"Finger"
10781,"Battle of the Crimson Watch",Both,31383,"Spiritualist's Mark of the Sha'tar",109,Rare,"Finger"
10457,"Protecting Our Own",Both,31418,"Sylvanaar Gloves",102,Uncommon,"Hands"
10457,"Protecting Our Own",Both,31419,"Living Grove Shoulderpads",102,Uncommon,"Shoulder"
10457,"Protecting Our Own",Both,31420,"Protector's Boots",102,Uncommon,"Feet"
10457,"Protecting Our Own",Both,31421,"Sentinel Armbands",102,Uncommon,"Wrist"
10504,"The Bladespire Ogres",Both,31425,"Ogre Vanquisher's Belt",102,Uncommon,"Waist"
10504,"The Bladespire Ogres",Both,31426,"Agile Mountain Bracers",102,Uncommon,"Wrist"
10504,"The Bladespire Ogres",Both,31427,"Sylvanaar Defender's Pauldrons",102,Uncommon,"Shoulder"
10504,"The Bladespire Ogres",Both,31428,"Commander Skyshadow's Gloves",102,Uncommon,"Hands"
10510,"Into the Draenethyst Mine",Both,31429,"Spelunker's Mantle",102,Uncommon,"Shoulder"
10510,"Into the Draenethyst Mine",Both,31430,"Miner's Gloves",102,Uncommon,"Hands"
10510,"Into the Draenethyst Mine",Both,31431,"All-Weather Armguards",102,Uncommon,"Wrist"
10510,"Into the Draenethyst Mine",Both,31432,"Explorer's Boots",102,Uncommon,"Feet"
10518,"Planting the Banner",Alliance,31433,"Sylvanaar Elite Caster's Armor",105,Uncommon,"Chest"
10518,"Planting the Banner",Alliance,31434,"Ogre Assassin's Britches",105,Uncommon,"Legs"
10518,"Planting the Banner",Alliance,31435,"Gurn's Horned Helmet",108,Uncommon,"Head"
10518,"Planting the Banner",Alliance,31436,"Sylvanaar Champion's Shoulders",108,Uncommon,"Shoulder"
10609,"What Came First, the Drake or the Egg?",Both,31438,"Fizit's Mantle of Drake Hunting",105,Uncommon,"Shoulder"
10609,"What Came First, the Drake or the Egg?",Both,31439,"Precise Gloves of Alacrity",105,Uncommon,"Hands"
10609,"What Came First, the Drake or the Egg?",Both,31440,"Devolved Drake Girdle",105,Uncommon,"Waist"
10609,"What Came First, the Drake or the Egg?",Both,31441,"Clocktock's Jumpers",105,Uncommon,"Feet"
10594,"Gauging the Resonant Frequency",Alliance,31442,"Metro's Slimming Legs",105,Uncommon,"Legs"
10594,"Gauging the Resonant Frequency",Alliance,31443,"Nickwinkle's Harness Experiment",105,Uncommon,"Chest"
10594,"Gauging the Resonant Frequency",Alliance,31444,"Party Hat Mistake",105,Uncommon,"Head"
10594,"Gauging the Resonant Frequency",Alliance,31445,"Last Year's "In" Belt",105,Uncommon,"Waist"
10657,"Ride the Lightning",Alliance,31452,"Energized Wristwraps",105,Uncommon,"Wrist"
10657,"Ride the Lightning",Alliance,31454,"Scalewing Gloves",105,Uncommon,"Hands"
10657,"Ride the Lightning",Alliance,31453,"Charged Footwear",105,Uncommon,"Feet"
10657,"Ride the Lightning",Alliance,31455,"Muscle Toning Belt",105,Uncommon,"Waist"
10675,"Show Them Gnome Mercy!",Alliance,31456,"Gnomish Casting Boots",108,Uncommon,"Feet"
10675,"Show Them Gnome Mercy!",Alliance,31457,"Toshley's Station Hero's Hat",108,Uncommon,"Head"
10675,"Show Them Gnome Mercy!",Alliance,31459,"Soul Saver's Chest Plate",108,Uncommon,"Chest"
10675,"Show Them Gnome Mercy!",Alliance,31458,"Razaani-Buster Leggings",108,Uncommon,"Legs"
10544,"A Curse Upon Both of Your Clans!",Horde,31470,"Witch Doctor's Beads",102,Uncommon,"Chest"
10544,"A Curse Upon Both of Your Clans!",Horde,31471,"T'chali's Kilt",102,Uncommon,"Legs"
10544,"A Curse Upon Both of Your Clans!",Horde,31472,"Hexxer's Belt",102,Uncommon,"Waist"
10544,"A Curse Upon Both of Your Clans!",Horde,31473,"Ogre Defiler's Handguards",102,Uncommon,"Hands"
10505,"The Bloodmaul Ogres",Horde,31477,"Red Hands of the Thunderlord",102,Uncommon,"Hands"
10505,"The Bloodmaul Ogres",Horde,31478,"Tor'chunk's Foot Covers",102,Uncommon,"Feet"
10505,"The Bloodmaul Ogres",Horde,31480,"Ogre Beater's Belt",102,Uncommon,"Waist"
10505,"The Bloodmaul Ogres",Horde,31479,"Rugged Mountain Bracers",102,Uncommon,"Wrist"
10488,"Protecting Our Own",Horde,31481,"Thunderlord Armbands",102,Uncommon,"Wrist"
10488,"Protecting Our Own",Horde,31484,"Wolf Chaps",102,Uncommon,"Waist"
10488,"Protecting Our Own",Horde,31483,"Gor'drek's Pauldrons",102,Uncommon,"Shoulder"
10488,"Protecting Our Own",Horde,31482,"Dire Wolf Handler Gloves",102,Uncommon,"Hands"
10489,"Felling an Ancient Tree",Horde,31485,"Dark Deed Leggings",102,Uncommon,"Legs"
10489,"Felling an Ancient Tree",Horde,31486,"Bear-Strength Harness",102,Uncommon,"Chest"
10489,"Felling an Ancient Tree",Horde,31487,"Wild Horned Helm",102,Uncommon,"Head"
10489,"Felling an Ancient Tree",Horde,31488,"Boots of the Ancient-Killer",102,Uncommon,"Feet"
10747,"Whelps of the Wyrmcult",Both,31509,"Wyrmcultist's Hood",108,Uncommon,"Head"
10747,"Whelps of the Wyrmcult",Both,31513,"Blackwhelp Belt",105,Uncommon,"Waist"
10747,"Whelps of the Wyrmcult",Both,31515,"Whelpscale Gauntlets",108,Uncommon,"Hands"
10747,"Whelps of the Wyrmcult",Both,31519,"Inkling's Leggings",108,Uncommon,"Legs"
10748,"Maxnar Must Die!",Both,31508,"Coven Britches",108,Uncommon,"Legs"
10748,"Maxnar Must Die!",Both,31511,"Chest of the Wyrmcult",108,Uncommon,"Chest"
10748,"Maxnar Must Die!",Both,31514,"Dragonkin Shirt",108,Uncommon,"Chest"
10748,"Maxnar Must Die!",Both,31520,"Blackwing Helm",108,Uncommon,"Head"
10713,"...and a Time for Action",Both,31510,"Hewing Gloves",105,Uncommon,"Hands"
10713,"...and a Time for Action",Both,31512,"Tree Warden's Belt",105,Uncommon,"Waist"
10713,"...and a Time for Action",Both,31516,"Bracers of the Weald",105,Uncommon,"Wrist"
10713,"...and a Time for Action",Both,31521,"Expedition Defender's Shoulders",105,Uncommon,"Shoulder"
10830,"Exorcising the Trees",Both,31523,"Treebole's Hoop",108,Uncommon,"Finger"
10830,"Exorcising the Trees",Both,31526,"Raven's Wood Exorciser's Band",108,Uncommon,"Finger"
10830,"Exorcising the Trees",Both,31528,"Ring of the Stonebark",108,Uncommon,"Finger"
10830,"Exorcising the Trees",Both,31527,"Leafbeard Ring",108,Uncommon,"Finger"
10607,"Whispers of the Raven God",Both,31533,"Diluvian Spaulders",108,Uncommon,"Shoulder"
10607,"Whispers of the Raven God",Both,31532,"Supple Leather Boots",108,Uncommon,"Feet"
10607,"Whispers of the Raven God",Both,31531,"Wraithcloth Bindings",108,Uncommon,"Wrist"
10607,"Whispers of the Raven God",Both,31534,"Whiteknuckle Gauntlets",108,Uncommon,"Hands"
10784,"Crush the Bloodmaul Camp",Horde,31537,"Darktread Boots",105,Uncommon,"Feet"
10784,"Crush the Bloodmaul Camp",Horde,31538,"Twin Moon Shoulderguards",105,Uncommon,"Shoulder"
10784,"Crush the Bloodmaul Camp",Horde,31540,"Fairweather's Wristguards",105,Uncommon,"Wrist"
10784,"Crush the Bloodmaul Camp",Horde,31539,"Chaintwine Cinch",105,Uncommon,"Waist"
10796,"Crush the Bloodmaul Camp!",Alliance,31537,"Darktread Boots",105,Uncommon,"Feet"
10796,"Crush the Bloodmaul Camp!",Alliance,31538,"Twin Moon Shoulderguards",105,Uncommon,"Shoulder"
10796,"Crush the Bloodmaul Camp!",Alliance,31540,"Fairweather's Wristguards",105,Uncommon,"Wrist"
10796,"Crush the Bloodmaul Camp!",Alliance,31539,"Chaintwine Cinch",105,Uncommon,"Waist"
10845,"Slay the Brood Mother",Horde,31683,"Dreadwing Skin Belt",108,Uncommon,"Waist"
10845,"Slay the Brood Mother",Horde,31685,"Brood Mother Leggings",108,Uncommon,"Legs"
10845,"Slay the Brood Mother",Horde,31684,"Netherhide Gloves",108,Uncommon,"Hands"
10845,"Slay the Brood Mother",Horde,31686,"Nether Protector's Chest",108,Uncommon,"Chest"
10867,"There Can Be Only One Response",Horde,31689,"Mok'Nathal Hero's Pantaloons",108,Uncommon,"Legs"
10867,"There Can Be Only One Response",Horde,31687,"Mok'Nathal Mantle",108,Uncommon,"Shoulder"
10867,"There Can Be Only One Response",Horde,31690,"Belt of the Soul Saver",108,Uncommon,"Waist"
10867,"There Can Be Only One Response",Horde,31688,"Spiritcaller's Mask",108,Uncommon,"Head"
10857,"Teleport This!",Both,31699,"Imbued Draenethyst Crystal",108,Uncommon,"Held In Off-hand"
10857,"Teleport This!",Both,31700,"Runed Silver Staff",108,Uncommon,"Two-Hand"
10857,"Teleport This!",Both,31701,"Saboteur's Axe",108,Uncommon,"Two-Hand"
10857,"Teleport This!",Both,31703,"Nether-Stalker's Blade",108,Uncommon,"One-Hand"
10853,"Spirit Calling",Horde,31713,"Ritualist's Helm",105,Uncommon,"Head"
10853,"Spirit Calling",Horde,31711,"Nether-Empowered Footgear",105,Uncommon,"Feet"
10853,"Spirit Calling",Horde,31712,"Mok'Nathal Champion's Shoulderguards",105,Uncommon,"Shoulder"
10853,"Spirit Calling",Horde,31714,"Nether Drake Wristguards",105,Uncommon,"Wrist"
10876,"The Foot of the Citadel",Horde,31717,"Shadowcast Tunic",88,Rare,"Chest"
10876,"The Foot of the Citadel",Horde,31718,"Darkstorm Tunic",88,Rare,"Chest"
10876,"The Foot of the Citadel",Horde,31719,"Stormstrike Vest",88,Rare,"Chest"
10876,"The Foot of the Citadel",Horde,31720,"Battlemaster's Breastplate",88,Rare,"Chest"
10937,"Drill the Drillmaster",Alliance,31717,"Shadowcast Tunic",88,Rare,"Chest"
10937,"Drill the Drillmaster",Alliance,31718,"Darkstorm Tunic",88,Rare,"Chest"
10937,"Drill the Drillmaster",Alliance,31719,"Stormstrike Vest",88,Rare,"Chest"
10937,"Drill the Drillmaster",Alliance,31720,"Battlemaster's Breastplate",88,Rare,"Chest"
10887,"Escaping the Tomb",Both,31731,"Mekeda's Gift",99,Uncommon,"Held In Off-hand"
10887,"Escaping the Tomb",Both,31732,"Unearthed Orb",99,Uncommon,"Held In Off-hand"
10887,"Escaping the Tomb",Both,31733,"Akuno's Blade",99,Uncommon,"One-Hand"
10887,"Escaping the Tomb",Both,31734,"Ancient Draenei Crest",99,Uncommon,"Off Hand"
10446,"The Final Code",Alliance,31782,"Warpstalker Breastplate",99,Uncommon,"Chest"
10446,"The Final Code",Alliance,31783,"Bloodfire Leggings",99,Uncommon,"Legs"
10446,"The Final Code",Alliance,31785,"Edge of Inevitability",99,Uncommon,"Two-Hand"
10446,"The Final Code",Alliance,31784,"Ancient Terokkar Hood",99,Uncommon,"Head"
10447,"The Final Code",Horde,31782,"Warpstalker Breastplate",99,Uncommon,"Chest"
10447,"The Final Code",Horde,31783,"Bloodfire Leggings",99,Uncommon,"Legs"
10447,"The Final Code",Horde,31785,"Edge of Inevitability",99,Uncommon,"Two-Hand"
10447,"The Final Code",Horde,31784,"Ancient Terokkar Hood",99,Uncommon,"Head"
9896,"Blacksting's Bane",Alliance,31787,"Stalwart Girdle",90,Uncommon,"Waist"
9896,"Blacksting's Bane",Alliance,31788,"Blacksting Gloves",90,Uncommon,"Hands"
9896,"Blacksting's Bane",Alliance,31789,"Marshfang Boots",90,Uncommon,"Feet"
9896,"Blacksting's Bane",Alliance,31786,"Blacksting Shoulders",90,Uncommon,"Shoulder"
9898,"The Respect of Another",Horde,31787,"Stalwart Girdle",90,Uncommon,"Waist"
9898,"The Respect of Another",Horde,31788,"Blacksting Gloves",90,Uncommon,"Hands"
9898,"The Respect of Another",Horde,31789,"Marshfang Boots",90,Uncommon,"Feet"
9898,"The Respect of Another",Horde,31786,"Blacksting Shoulders",90,Uncommon,"Shoulder"
10821,"You're Fired!",Both,31790,"Expedition Pendant",108,Uncommon,"Neck"
10821,"You're Fired!",Both,31791,"Wildlord's Band",108,Uncommon,"Finger"
10821,"You're Fired!",Both,31793,"Ruuan Weald Wristguards",108,Uncommon,"Wrist"
10821,"You're Fired!",Both,31792,"Evergrove Ranger's Cloak",108,Uncommon,"Back"
10915,"The Fallen Exarch",Both,31794,"Sha'tari Vindicator's Legplates",99,Uncommon,"Legs"
10915,"The Fallen Exarch",Both,31797,"Elekk Hide Spaulders",99,Uncommon,"Shoulder"
10915,"The Fallen Exarch",Both,31796,"Sha'tari Marksman's Gloves",99,Uncommon,"Hands"
10915,"The Fallen Exarch",Both,31798,"Death-Speaker's Tunic",99,Uncommon,"Chest"
10921,"Terokkarantula",Both,31819,"Noble Plate Pauldrons",102,Uncommon,"Shoulder"
10921,"Terokkarantula",Both,31820,"Blessed Signet Ring",102,Uncommon,"Finger"
10921,"Terokkarantula",Both,31821,"Blade of Retribution",102,Uncommon,"Main Hand"
10921,"Terokkarantula",Both,31823,"Book of Many Blessings",102,Uncommon,"Held In Off-hand"
11073,"Terokk's Downfall",Both,32830,"Severin's Cane",109,Rare,"Two-Hand"
11073,"Terokk's Downfall",Both,32829,"Windcharger's Lance",109,Rare,"Two-Hand"
11073,"Terokk's Downfall",Both,32831,"Jeweled Rod",109,Rare,"Ranged"
11073,"Terokk's Downfall",Both,32832,"Scout's Throwing Knives",109,Rare,"Thrown"
11041,"A Job Unfinished...",Both,32866,"Ascendant's Boots",114,Uncommon,"Feet"
11041,"A Job Unfinished...",Both,32865,"Drake Tamer's Gloves",114,Uncommon,"Hands"
11041,"A Job Unfinished...",Both,32867,"Dragonmaw Augur's Cinch",114,Uncommon,"Waist"
11041,"A Job Unfinished...",Both,32868,"Skybreaker's Mantle",114,Uncommon,"Shoulder"
11090,"Subdue the Subduer",Both,32870,"Legguards of Contemplation",114,Uncommon,"Legs"
11090,"Subdue the Subduer",Both,32871,"Horns of the Illidari",114,Uncommon,"Head"
11090,"Subdue the Subduer",Both,32872,"Illidari Rod of Discipline",114,Uncommon,"Ranged"
11090,"Subdue the Subduer",Both,32869,"Illidari Lord's Tunic",114,Uncommon,"Chest"
11290,"Dragonflayer Battle Plans",Alliance,35815,"Bone-Threaded Harness",138,Uncommon,"Chest"
11290,"Dragonflayer Battle Plans",Alliance,35816,"Blood-Stained Chain Leggings",138,Uncommon,"Legs"
11290,"Dragonflayer Battle Plans",Alliance,35814,"Benevolent Hood",138,Uncommon,"Head"
11290,"Dragonflayer Battle Plans",Alliance,35817,"Nerubian Inner Husk",138,Uncommon,"Off Hand"
11278,"Return to Valgarde",Alliance,35818,"Stretch-Hide Spaulders",138,Uncommon,"Shoulder"
11278,"Return to Valgarde",Alliance,35820,"Deacon's Wraps",138,Uncommon,"Hands"
11278,"Return to Valgarde",Alliance,35821,"Streamlined Stompers",138,Uncommon,"Feet"
11278,"Return to Valgarde",Alliance,35822,"Scavenged Tirasian Plate",138,Uncommon,"Chest"
11283,"Baleheim Bodycount",Horde,35818,"Stretch-Hide Spaulders",138,Uncommon,"Shoulder"
11283,"Baleheim Bodycount",Horde,35820,"Deacon's Wraps",138,Uncommon,"Hands"
11283,"Baleheim Bodycount",Horde,35821,"Streamlined Stompers",138,Uncommon,"Feet"
11283,"Baleheim Bodycount",Horde,35822,"Scavenged Tirasian Plate",138,Uncommon,"Chest"
11167,"The New Plague",Horde,35834,"Nimblefinger Scaled Gloves",138,Uncommon,"Hands"
11167,"The New Plague",Horde,35832,"Blauvelt's Special Occasion Gloves",138,Uncommon,"Hands"
11167,"The New Plague",Horde,35833,"Imperious Worghide Cap",138,Uncommon,"Head"
11167,"The New Plague",Horde,35835,"Antique Reinforced Legguards",138,Uncommon,"Legs"
11344,"Anguish of Nifflevar",Alliance,35834,"Nimblefinger Scaled Gloves",138,Uncommon,"Hands"
11344,"Anguish of Nifflevar",Alliance,35832,"Blauvelt's Special Occasion Gloves",138,Uncommon,"Hands"
11344,"Anguish of Nifflevar",Alliance,35833,"Imperious Worghide Cap",138,Uncommon,"Head"
11344,"Anguish of Nifflevar",Alliance,35835,"Antique Reinforced Legguards",138,Uncommon,"Legs"
11170,"Test at Sea",Horde,35839,"Runed Clamshell Choker",138,Uncommon,"Neck"
11170,"Test at Sea",Horde,35841,"Frost-Trimmed Gauntlets",138,Uncommon,"Hands"
11170,"Test at Sea",Horde,35842,"Azure Chain Hauberk",138,Uncommon,"Chest"
11170,"Test at Sea",Horde,35843,"Ramshorn-Inlaid Shoulders",138,Uncommon,"Shoulder"
11421,"It Goes to 11...",Alliance,35839,"Runed Clamshell Choker",138,Uncommon,"Neck"
11421,"It Goes to 11...",Alliance,35841,"Frost-Trimmed Gauntlets",138,Uncommon,"Hands"
11421,"It Goes to 11...",Alliance,35842,"Azure Chain Hauberk",138,Uncommon,"Chest"
11421,"It Goes to 11...",Alliance,35843,"Ramshorn-Inlaid Shoulders",138,Uncommon,"Shoulder"
11309,"Parts for the Job",Horde,35845,"Crystalline Star",138,Uncommon,"Thrown"
11309,"Parts for the Job",Horde,35844,"Shock-Resistant Hood",138,Uncommon,"Head"
11309,"Parts for the Job",Horde,35848,"Munificent Legguards",138,Uncommon,"Legs"
11309,"Parts for the Job",Horde,35846,"Banded Chain Gloves",138,Uncommon,"Hands"
11494,"Lightning Infused Relics",Alliance,35845,"Crystalline Star",138,Uncommon,"Thrown"
11494,"Lightning Infused Relics",Alliance,35844,"Shock-Resistant Hood",138,Uncommon,"Head"
11494,"Lightning Infused Relics",Alliance,35848,"Munificent Legguards",138,Uncommon,"Legs"
11494,"Lightning Infused Relics",Alliance,35846,"Banded Chain Gloves",138,Uncommon,"Hands"
11305,"A Tailor-Made Formula",Horde,35849,"Featherweight Claymore",138,Uncommon,"Two-Hand"
11305,"A Tailor-Made Formula",Horde,35851,"Acid-Etched Knuckles",138,Uncommon,"Main Hand"
11305,"A Tailor-Made Formula",Horde,35852,"Fullered Coldsteel Dagger",138,Uncommon,"One-Hand"
11305,"A Tailor-Made Formula",Horde,35856,"Hair-Trigger Blunderbuss",138,Uncommon,"Ranged"
11495,"The Delicate Sound of Thunder",Alliance,35849,"Featherweight Claymore",138,Uncommon,"Two-Hand"
11495,"The Delicate Sound of Thunder",Alliance,35851,"Acid-Etched Knuckles",138,Uncommon,"Main Hand"
11495,"The Delicate Sound of Thunder",Alliance,35852,"Fullered Coldsteel Dagger",138,Uncommon,"One-Hand"
11495,"The Delicate Sound of Thunder",Alliance,35856,"Hair-Trigger Blunderbuss",138,Uncommon,"Ranged"
11310,"Warning: Some Assembly Required",Horde,35859,"Fire-Purifying Tunic",138,Uncommon,"Chest"
11310,"Warning: Some Assembly Required",Horde,35860,"Flexible Leather Footwraps",138,Uncommon,"Feet"
11310,"Warning: Some Assembly Required",Horde,35861,"Inescapable Girdle",138,Uncommon,"Waist"
11310,"Warning: Some Assembly Required",Horde,35862,"Light-Bound Chestguard",138,Uncommon,"Chest"
11470,"There Exists No Honor Among Birds",Alliance,35859,"Fire-Purifying Tunic",138,Uncommon,"Chest"
11470,"There Exists No Honor Among Birds",Alliance,35860,"Flexible Leather Footwraps",138,Uncommon,"Feet"
11470,"There Exists No Honor Among Birds",Alliance,35861,"Inescapable Girdle",138,Uncommon,"Waist"
11470,"There Exists No Honor Among Birds",Alliance,35862,"Light-Bound Chestguard",138,Uncommon,"Chest"
11292,"Preying Upon the Weak",Alliance,35863,"Earth-Infused Leggings",138,Uncommon,"Legs"
11292,"Preying Upon the Weak",Alliance,35864,"Fizznik's Patented Earwarmer",138,Uncommon,"Head"
11292,"Preying Upon the Weak",Alliance,35865,"Arcanum Shield",138,Uncommon,"Off Hand"
11292,"Preying Upon the Weak",Alliance,35866,"Master Artilleryman Boots",138,Uncommon,"Feet"
11301,"Brains! Brains! Brains!",Horde,35863,"Earth-Infused Leggings",138,Uncommon,"Legs"
11301,"Brains! Brains! Brains!",Horde,35864,"Fizznik's Patented Earwarmer",138,Uncommon,"Head"
11301,"Brains! Brains! Brains!",Horde,35865,"Arcanum Shield",138,Uncommon,"Off Hand"
11301,"Brains! Brains! Brains!",Horde,35866,"Master Artilleryman Boots",138,Uncommon,"Feet"
11282,"A Lesson in Fear",Horde,35867,"Nimblefinger Band",138,Uncommon,"Finger"
11282,"A Lesson in Fear",Horde,35868,"Grounded Pants",138,Uncommon,"Legs"
11282,"A Lesson in Fear",Horde,35869,"Hex-Linked Stronghelm",138,Uncommon,"Head"
11282,"A Lesson in Fear",Horde,35870,"Stoneground Cleaver",138,Uncommon,"Two-Hand"
11188,"Two Wrongs...",Alliance,35871,"Indigo Robe of Replenishment",138,Uncommon,"Chest"
11188,"Two Wrongs...",Alliance,35872,"Iron-Studded Leggings",138,Uncommon,"Legs"
11188,"Two Wrongs...",Alliance,35873,"Interlinked Chain Girdle",138,Uncommon,"Waist"
11188,"Two Wrongs...",Alliance,35875,"Beneficent Skullcap",138,Uncommon,"Head"
11280,"Draconis Gastritis",Horde,35871,"Indigo Robe of Replenishment",138,Uncommon,"Chest"
11280,"Draconis Gastritis",Horde,35872,"Iron-Studded Leggings",138,Uncommon,"Legs"
11280,"Draconis Gastritis",Horde,35873,"Interlinked Chain Girdle",138,Uncommon,"Waist"
11280,"Draconis Gastritis",Horde,35875,"Beneficent Skullcap",138,Uncommon,"Head"
11236,"Necro Overlord Mezhen",Alliance,35877,"Worgskin Shoulders",138,Uncommon,"Shoulder"
11236,"Necro Overlord Mezhen",Alliance,35878,"Dusk-Linked Leggings",138,Uncommon,"Legs"
11236,"Necro Overlord Mezhen",Alliance,35879,"Gold-Plated Coldsteel Girdle",138,Uncommon,"Waist"
11236,"Necro Overlord Mezhen",Alliance,35938,"Drape of Munificence",138,Uncommon,"Back"
11264,"Necro Overlord Mezhen",Horde,35877,"Worgskin Shoulders",138,Uncommon,"Shoulder"
11264,"Necro Overlord Mezhen",Horde,35878,"Dusk-Linked Leggings",138,Uncommon,"Legs"
11264,"Necro Overlord Mezhen",Horde,35879,"Gold-Plated Coldsteel Girdle",138,Uncommon,"Waist"
11264,"Necro Overlord Mezhen",Horde,35938,"Drape of Munificence",138,Uncommon,"Back"
11238,"The Frost Wyrm and its Master",Alliance,35880,"Earthwell Footwraps",138,Uncommon,"Feet"
11238,"The Frost Wyrm and its Master",Alliance,35881,"Lost Vrykul Signet",138,Uncommon,"Finger"
11238,"The Frost Wyrm and its Master",Alliance,35883,"Silversteel Gauntlets",138,Uncommon,"Hands"
11238,"The Frost Wyrm and its Master",Alliance,35882,"Magispike Helm",138,Uncommon,"Head"
11267,"The Frost Wyrm and its Master",Horde,35880,"Earthwell Footwraps",138,Uncommon,"Feet"
11267,"The Frost Wyrm and its Master",Horde,35881,"Lost Vrykul Signet",138,Uncommon,"Finger"
11267,"The Frost Wyrm and its Master",Horde,35883,"Silversteel Gauntlets",138,Uncommon,"Hands"
11267,"The Frost Wyrm and its Master",Horde,35882,"Magispike Helm",138,Uncommon,"Head"
11239,"In Service to the Light",Alliance,35884,"Regal Pantaloons",138,Uncommon,"Legs"
11239,"In Service to the Light",Alliance,35887,"Loam-Stained Greaves",138,Uncommon,"Feet"
11239,"In Service to the Light",Alliance,35886,"Worgtooth Pendant",138,Uncommon,"Neck"
11239,"In Service to the Light",Alliance,35885,"Tribal Chestguard",138,Uncommon,"Chest"
11268,"The Walking Dead",Horde,35884,"Regal Pantaloons",138,Uncommon,"Legs"
11268,"The Walking Dead",Horde,35887,"Loam-Stained Greaves",138,Uncommon,"Feet"
11268,"The Walking Dead",Horde,35886,"Worgtooth Pendant",138,Uncommon,"Neck"
11268,"The Walking Dead",Horde,35885,"Tribal Chestguard",138,Uncommon,"Chest"
11202,"Mission: Eternal Flame",Alliance,35888,"Embossed Ermine Girdle",138,Uncommon,"Waist"
11202,"Mission: Eternal Flame",Alliance,35889,"Bone-Inlaid Bracers",138,Uncommon,"Wrist"
11202,"Mission: Eternal Flame",Alliance,35890,"Magdun Spaulders",138,Uncommon,"Shoulder"
11202,"Mission: Eternal Flame",Alliance,35891,"Runeplate Helm",138,Uncommon,"Head"
12481,"Adding Injury to Insult",Horde,35888,"Embossed Ermine Girdle",138,Uncommon,"Waist"
12481,"Adding Injury to Insult",Horde,35889,"Bone-Inlaid Bracers",138,Uncommon,"Wrist"
12481,"Adding Injury to Insult",Horde,35890,"Magdun Spaulders",138,Uncommon,"Shoulder"
12481,"Adding Injury to Insult",Horde,35891,"Runeplate Helm",138,Uncommon,"Head"
11332,"Mission: Plague This!",Alliance,35892,"Flamebinder Handwraps",138,Uncommon,"Hands"
11332,"Mission: Plague This!",Alliance,35893,"Coldstone-Inlaid Waistguard",138,Uncommon,"Waist"
11332,"Mission: Plague This!",Alliance,35894,"Purestrike Bracers",138,Uncommon,"Wrist"
11332,"Mission: Plague This!",Alliance,35895,"Emeraldscale Pauldrons",138,Uncommon,"Shoulder"
11424,"Shield Hill",Horde,35892,"Flamebinder Handwraps",138,Uncommon,"Hands"
11424,"Shield Hill",Horde,35893,"Coldstone-Inlaid Waistguard",138,Uncommon,"Waist"
11424,"Shield Hill",Horde,35894,"Purestrike Bracers",138,Uncommon,"Wrist"
11424,"Shield Hill",Horde,35895,"Emeraldscale Pauldrons",138,Uncommon,"Shoulder"
11154,"Scare the Guano Out of Them!",Alliance,35897,"Ice-Crusted Cape",138,Uncommon,"Back"
11154,"Scare the Guano Out of Them!",Alliance,35896,"Icestriker Bands",138,Uncommon,"Wrist"
11154,"Scare the Guano Out of Them!",Alliance,35898,"Reinforced Tuskhide Hauberk",138,Uncommon,"Chest"
11154,"Scare the Guano Out of Them!",Alliance,35899,"Bloodbinder's Girdle",138,Uncommon,"Waist"
11296,"Rivenwood Captives",Horde,35897,"Ice-Crusted Cape",138,Uncommon,"Back"
11296,"Rivenwood Captives",Horde,35896,"Icestriker Bands",138,Uncommon,"Wrist"
11296,"Rivenwood Captives",Horde,35898,"Reinforced Tuskhide Hauberk",138,Uncommon,"Chest"
11296,"Rivenwood Captives",Horde,35899,"Bloodbinder's Girdle",138,Uncommon,"Waist"
11249,"Stop the Ascension!",Alliance,35901,"Rejuvenating Cord",138,Uncommon,"Waist"
11249,"Stop the Ascension!",Alliance,35900,"Supple Doeskin Moccasins",138,Uncommon,"Feet"
11249,"Stop the Ascension!",Alliance,35902,"Shock-Bound Spaulders",138,Uncommon,"Shoulder"
11249,"Stop the Ascension!",Alliance,35903,"Onyx Grips",138,Uncommon,"Hands"
11260,"Stop the Ascension!",Horde,35901,"Rejuvenating Cord",138,Uncommon,"Waist"
11260,"Stop the Ascension!",Horde,35900,"Supple Doeskin Moccasins",138,Uncommon,"Feet"
11260,"Stop the Ascension!",Horde,35902,"Shock-Bound Spaulders",138,Uncommon,"Shoulder"
11260,"Stop the Ascension!",Horde,35903,"Onyx Grips",138,Uncommon,"Hands"
11250,"All Hail the Conqueror of Skorn!",Alliance,35904,"Puissance-Infused Pendant",138,Uncommon,"Neck"
11250,"All Hail the Conqueror of Skorn!",Alliance,35905,"Vinewoven Tunic",138,Uncommon,"Chest"
11250,"All Hail the Conqueror of Skorn!",Alliance,35909,"Sun-fired Striders",138,Uncommon,"Feet"
11250,"All Hail the Conqueror of Skorn!",Alliance,35910,"Shaleground Bracers",138,Uncommon,"Wrist"
11261,"The Conqueror of Skorn!",Horde,35904,"Puissance-Infused Pendant",138,Uncommon,"Neck"
11261,"The Conqueror of Skorn!",Horde,35905,"Vinewoven Tunic",138,Uncommon,"Chest"
11261,"The Conqueror of Skorn!",Horde,35909,"Sun-fired Striders",138,Uncommon,"Feet"
11261,"The Conqueror of Skorn!",Horde,35910,"Shaleground Bracers",138,Uncommon,"Wrist"
11324,"Alpha Worg",Horde,35913,"Gholamweave Leggings",138,Uncommon,"Legs"
11324,"Alpha Worg",Horde,35914,"Proto-Drake Tooth Spaulders",138,Uncommon,"Shoulder"
11324,"Alpha Worg",Horde,35915,"Darksteel Ringmail Greaves",138,Uncommon,"Feet"
11324,"Alpha Worg",Horde,35916,"Worgblood Berserker's Hauberk",138,Uncommon,"Chest"
11326,"Alpha Worg",Alliance,35913,"Gholamweave Leggings",138,Uncommon,"Legs"
11326,"Alpha Worg",Alliance,35914,"Proto-Drake Tooth Spaulders",138,Uncommon,"Shoulder"
11326,"Alpha Worg",Alliance,35915,"Darksteel Ringmail Greaves",138,Uncommon,"Feet"
11326,"Alpha Worg",Alliance,35916,"Worgblood Berserker's Hauberk",138,Uncommon,"Chest"
11240,"Leader of the Deranged",Alliance,35917,"Wrathwrought Shoulderpads",138,Uncommon,"Shoulder"
11240,"Leader of the Deranged",Alliance,35918,"Spiked Skullguard",138,Uncommon,"Head"
11240,"Leader of the Deranged",Alliance,35919,"Whispersteel Handguards",138,Uncommon,"Hands"
11240,"Leader of the Deranged",Alliance,35920,"Feather-Lined Shoulderpads",138,Uncommon,"Shoulder"
11182,"Root Causes",Both,35923,"Cold-Iron Armbands",138,Uncommon,"Wrist"
11182,"Root Causes",Both,35924,"Arcanum-Bound Bracers",138,Uncommon,"Wrist"
11182,"Root Causes",Both,35922,"Dark Iron Signet",138,Uncommon,"Finger"
11182,"Root Causes",Both,35921,"Flint-Reinforced Spaulders",138,Uncommon,"Shoulder"
11269,"Down to the Wire",Alliance,35925,"Shimmering Cold-Iron Band",138,Uncommon,"Finger"
11269,"Down to the Wire",Alliance,35926,"Artfully Tooled Leggings",138,Uncommon,"Legs"
11269,"Down to the Wire",Alliance,35927,"Songscale Breastplate",138,Uncommon,"Chest"
11269,"Down to the Wire",Alliance,35928,"Cold-Forged Bronze Legplates",138,Uncommon,"Legs"
11271,"Hasty Preparations",Horde,35925,"Shimmering Cold-Iron Band",138,Uncommon,"Finger"
11271,"Hasty Preparations",Horde,35926,"Artfully Tooled Leggings",138,Uncommon,"Legs"
11271,"Hasty Preparations",Horde,35927,"Songscale Breastplate",138,Uncommon,"Chest"
11271,"Hasty Preparations",Horde,35928,"Cold-Forged Bronze Legplates",138,Uncommon,"Legs"
11281,"Mimicking Nature's Call",Horde,35929,"Gholamcloth Wrap",138,Uncommon,"Waist"
11281,"Mimicking Nature's Call",Horde,35931,"Appointed Scalemail Leggings",138,Uncommon,"Legs"
11281,"Mimicking Nature's Call",Horde,35930,"Inscribed Worghide Treads",138,Uncommon,"Feet"
11281,"Mimicking Nature's Call",Horde,35937,"Braxley's Backyard Moonshine",138,Uncommon,"Trinket"
11284,"The Yeti Next Door",Alliance,35929,"Gholamcloth Wrap",138,Uncommon,"Waist"
11284,"The Yeti Next Door",Alliance,35931,"Appointed Scalemail Leggings",138,Uncommon,"Legs"
11284,"The Yeti Next Door",Alliance,35930,"Inscribed Worghide Treads",138,Uncommon,"Feet"
11284,"The Yeti Next Door",Alliance,35937,"Braxley's Backyard Moonshine",138,Uncommon,"Trinket"
11396,"Bring Down Those Shields",Alliance,35932,"Earthbinder's Regenerating Band",138,Uncommon,"Finger"
11396,"Bring Down Those Shields",Alliance,35934,"Ghoul-Crushing Stompers",138,Uncommon,"Feet"
11396,"Bring Down Those Shields",Alliance,35935,"Infused Coldstone Rune",138,Uncommon,"Trinket"
11396,"Bring Down Those Shields",Alliance,35933,"Ramshorn Greathelm",138,Uncommon,"Head"
11399,"Bring Down Those Shields",Horde,35932,"Earthbinder's Regenerating Band",138,Uncommon,"Finger"
11399,"Bring Down Those Shields",Horde,35934,"Ghoul-Crushing Stompers",138,Uncommon,"Feet"
11399,"Bring Down Those Shields",Horde,35935,"Infused Coldstone Rune",138,Uncommon,"Trinket"
11399,"Bring Down Those Shields",Horde,35933,"Ramshorn Greathelm",138,Uncommon,"Head"
11690,"Bring 'Em Back Alive",Horde,36884,"Transborean Cover",138,Uncommon,"Head"
11690,"Bring 'Em Back Alive",Horde,36886,"Westrift Leggings",138,Uncommon,"Legs"
11690,"Bring 'Em Back Alive",Horde,36887,"Mightstone Pauldrons",138,Uncommon,"Shoulder"
11690,"Bring 'Em Back Alive",Horde,36885,"Marshwalker Chestpiece",138,Uncommon,"Chest"
11897,"Plug the Sinkholes",Alliance,36884,"Transborean Cover",138,Uncommon,"Head"
11897,"Plug the Sinkholes",Alliance,36886,"Westrift Leggings",138,Uncommon,"Legs"
11897,"Plug the Sinkholes",Alliance,36887,"Mightstone Pauldrons",138,Uncommon,"Shoulder"
11897,"Plug the Sinkholes",Alliance,36885,"Marshwalker Chestpiece",138,Uncommon,"Chest"
11608,"Bury Those Cockroaches!",Horde,36888,"Marshwalker Legguards",138,Uncommon,"Legs"
11608,"Bury Those Cockroaches!",Horde,36938,"Mightstone Breastplate",138,Uncommon,"Chest"
11608,"Bury Those Cockroaches!",Horde,36937,"Tundrastrider Coif",138,Uncommon,"Head"
11608,"Bury Those Cockroaches!",Horde,37555,"Warsong's Wrath",138,Uncommon,"Trinket"
11792,"Enemies of the Light",Alliance,36888,"Marshwalker Legguards",138,Uncommon,"Legs"
11792,"Enemies of the Light",Alliance,36938,"Mightstone Breastplate",138,Uncommon,"Chest"
11792,"Enemies of the Light",Alliance,36937,"Tundrastrider Coif",138,Uncommon,"Head"
11792,"Enemies of the Light",Alliance,38213,"Harbinger's Wrath",138,Uncommon,"Trinket"
11868,"The Culler Cometh",Both,36939,"Nymph Stockings",138,Uncommon,"Legs"
11868,"The Culler Cometh",Both,36998,"Assailant Shroud",138,Uncommon,"Back"
11868,"The Culler Cometh",Both,37002,"Binder's Links",138,Uncommon,"Chest"
11868,"The Culler Cometh",Both,37004,"Plainwatcher Legplates",138,Uncommon,"Legs"
11879,"Kaw the Mammoth Destroyer",Both,37005,"D.E.H.T.A. Overshirt",138,Uncommon,"Chest"
11879,"Kaw the Mammoth Destroyer",Both,37008,"Ethical Epaulettes",138,Uncommon,"Shoulder"
11879,"Kaw the Mammoth Destroyer",Both,37007,"Faux Leather Hood",138,Uncommon,"Head"
11879,"Kaw the Mammoth Destroyer",Both,37009,"Moral Sabatons",138,Uncommon,"Feet"
11664,"Escaping the Mist",Horde,37028,"Condor-Bone Star",138,Uncommon,"Thrown"
11664,"Escaping the Mist",Horde,37212,"Transborean Wraps",138,Uncommon,"Hands"
11664,"Escaping the Mist",Horde,37399,"Floodplain Shoulderpads",138,Uncommon,"Shoulder"
11664,"Escaping the Mist",Horde,37422,"Westrift Wristguards",138,Uncommon,"Wrist"
11560,"Oh Noes, the Tadpoles!",Both,37034,"Lobstrock Slicer",138,Uncommon,"One-Hand"
11560,"Oh Noes, the Tadpoles!",Both,37508,"Sinking Pauldrons",138,Uncommon,"Shoulder"
11560,"Oh Noes, the Tadpoles!",Both,37527,"Shimmering Band",138,Uncommon,"Finger"
11560,"Oh Noes, the Tadpoles!",Both,37558,"Tidal Boon",138,Uncommon,"Trinket"
11884,"Ned, Lord of Rhinos...",Both,37203,"Regenerative Cloth",138,Uncommon,"Chest"
11884,"Ned, Lord of Rhinos...",Both,37406,"Denwatcher's Leggings",138,Uncommon,"Legs"
11884,"Ned, Lord of Rhinos...",Both,37414,"Farseer's Headpiece",138,Uncommon,"Head"
11884,"Ned, Lord of Rhinos...",Both,37520,"Plainkeeper Blockade",138,Uncommon,"Off Hand"
11722,"Trophies of Gammoth",Horde,37204,"Transborean Leggings",138,Uncommon,"Legs"
11722,"Trophies of Gammoth",Horde,37405,"Marshwalker Pauldrons",138,Uncommon,"Shoulder"
11722,"Trophies of Gammoth",Horde,37415,"Tundrastrider Ringmail",138,Uncommon,"Chest"
11722,"Trophies of Gammoth",Horde,37480,"Mightstone Helm",138,Uncommon,"Head"
11794,"The Hunt is On",Alliance,37204,"Transborean Leggings",138,Uncommon,"Legs"
11794,"The Hunt is On",Alliance,37405,"Marshwalker Pauldrons",138,Uncommon,"Shoulder"
11794,"The Hunt is On",Alliance,37415,"Tundrastrider Ringmail",138,Uncommon,"Chest"
11794,"The Hunt is On",Alliance,37480,"Mightstone Helm",138,Uncommon,"Head"
11714,"Vermin Extermination",Horde,37205,"Transborean Mantle",138,Uncommon,"Shoulder"
11714,"Vermin Extermination",Horde,37404,"Floodplain Cover",138,Uncommon,"Head"
11714,"Vermin Extermination",Horde,37481,"Chestguard of Salved Wounds",138,Uncommon,"Chest"
11714,"Vermin Extermination",Horde,37524,"Scout's Signet Ring",138,Uncommon,"Finger"
11913,"Take No Chances",Alliance,37205,"Transborean Mantle",138,Uncommon,"Shoulder"
11913,"Take No Chances",Alliance,37404,"Floodplain Cover",138,Uncommon,"Head"
11913,"Take No Chances",Alliance,37481,"Chestguard of Salved Wounds",138,Uncommon,"Chest"
11913,"Take No Chances",Alliance,37524,"Scout's Signet Ring",138,Uncommon,"Finger"
11611,"Taken by the Scourge",Horde,37206,"Weathered Worker Cloak",138,Uncommon,"Back"
11611,"Taken by the Scourge",Horde,37403,"Marshwalker Boots",138,Uncommon,"Feet"
11611,"Taken by the Scourge",Horde,37417,"Westrift Handcovers",138,Uncommon,"Hands"
11611,"Taken by the Scourge",Horde,37482,"Mightstone Legplates",138,Uncommon,"Legs"
12035,"Repurposed Technology",Alliance,37206,"Weathered Worker Cloak",138,Uncommon,"Back"
12035,"Repurposed Technology",Alliance,37403,"Marshwalker Boots",138,Uncommon,"Feet"
12035,"Repurposed Technology",Alliance,37417,"Westrift Handcovers",138,Uncommon,"Hands"
12035,"Repurposed Technology",Alliance,37482,"Mightstone Legplates",138,Uncommon,"Legs"
11600,"The Late William Allerton",Alliance,37207,"Seafarer Boots",138,Uncommon,"Feet"
11600,"The Late William Allerton",Alliance,37418,"Seaspeaker Legguards",138,Uncommon,"Legs"
11600,"The Late William Allerton",Alliance,37483,"Seabone Heaume",138,Uncommon,"Head"
11600,"The Late William Allerton",Alliance,37556,"Talisman of the Tundra",138,Uncommon,"Trinket"
11656,"Burn in Effigy",Horde,37207,"Seafarer Boots",138,Uncommon,"Feet"
11656,"Burn in Effigy",Horde,37418,"Seaspeaker Legguards",138,Uncommon,"Legs"
11656,"Burn in Effigy",Horde,37483,"Seabone Heaume",138,Uncommon,"Head"
11656,"Burn in Effigy",Horde,37556,"Talisman of the Tundra",138,Uncommon,"Trinket"
11661,"Orabus the Helmsman",Horde,37208,"Transborean Bracers",138,Uncommon,"Wrist"
11661,"Orabus the Helmsman",Horde,37402,"Floodplain Vest",138,Uncommon,"Chest"
11661,"Orabus the Helmsman",Horde,37484,"Mendicant's Treads",138,Uncommon,"Feet"
11661,"Orabus the Helmsman",Horde,37543,"Pugnacious Collar",138,Uncommon,"Neck"
11903,"It's Time for Action",Alliance,37208,"Transborean Bracers",138,Uncommon,"Wrist"
11903,"It's Time for Action",Alliance,37402,"Floodplain Vest",138,Uncommon,"Chest"
11903,"It's Time for Action",Alliance,37484,"Mendicant's Treads",138,Uncommon,"Feet"
11903,"It's Time for Action",Alliance,37543,"Pugnacious Collar",138,Uncommon,"Neck"
11619,"Gamel the Cruel",Both,37209,"Wharfmaster's Hat",138,Uncommon,"Head"
11619,"Gamel the Cruel",Both,37419,"Seaspeaker Mantle",138,Uncommon,"Shoulder"
11619,"Gamel the Cruel",Both,37523,"Rigid Tuskring",138,Uncommon,"Finger"
11619,"Gamel the Cruel",Both,37541,"Giant Turtle Collar",138,Uncommon,"Neck"
11949,"Not Without a Fight!",Both,37211,"Iceflow Footwraps",138,Uncommon,"Feet"
11949,"Not Without a Fight!",Both,37421,"Waverunner Waistband",138,Uncommon,"Waist"
11949,"Not Without a Fight!",Both,37486,"Landlocked Wristguards",138,Uncommon,"Wrist"
11949,"Not Without a Fight!",Both,37525,"Deep Sea Tuskring",138,Uncommon,"Finger"
11626,"The Emissary",Both,37213,"Iceflow Wristwraps",138,Uncommon,"Wrist"
11626,"The Emissary",Both,37396,"Whalehunter Gloves",138,Uncommon,"Hands"
11626,"The Emissary",Both,37423,"Sharkproof Coif",138,Uncommon,"Head"
11626,"The Emissary",Both,37487,"Seabone Legplates",138,Uncommon,"Legs"
11566,"Surrender... Not!",Both,37215,"Lost Sea Oculus",138,Uncommon,"Head"
11566,"Surrender... Not!",Both,37392,"Soggy Hide Pauldrons",138,Uncommon,"Shoulder"
11566,"Surrender... Not!",Both,37426,"Rusty Mesh Leggings",138,Uncommon,"Legs"
11566,"Surrender... Not!",Both,37506,"Bogstrok Plate Gloves",138,Uncommon,"Hands"
11632,"What the Cold Wind Brings...",Horde,37214,"Sweltering Leggings",138,Uncommon,"Legs"
11632,"What the Cold Wind Brings...",Horde,37394,"Marshwalker Waistguard",138,Uncommon,"Waist"
11632,"What the Cold Wind Brings...",Horde,37424,"Plainhunter's Epaulettes",138,Uncommon,"Shoulder"
11632,"What the Cold Wind Brings...",Horde,37505,"Battle Leader's Breastplate",138,Uncommon,"Chest"
11944,"Surrounded!",Alliance,37214,"Sweltering Leggings",138,Uncommon,"Legs"
11944,"Surrounded!",Alliance,37394,"Marshwalker Waistguard",138,Uncommon,"Waist"
11944,"Surrounded!",Alliance,37424,"Plainhunter's Epaulettes",138,Uncommon,"Shoulder"
11944,"Surrounded!",Alliance,37505,"Battle Leader's Breastplate",138,Uncommon,"Chest"
11677,"Stop the Plague",Horde,37223,"Sweltering Handwraps",138,Uncommon,"Hands"
11677,"Stop the Plague",Horde,37391,"Rhinohide Mask",138,Uncommon,"Head"
11677,"Stop the Plague",Horde,37427,"Plainhunter's Waistband",138,Uncommon,"Waist"
11677,"Stop the Plague",Horde,37507,"Chilled Shoulderplates",138,Uncommon,"Shoulder"
11694,"There's Something Going On In Those Caves",Alliance,37223,"Sweltering Handwraps",138,Uncommon,"Hands"
11694,"There's Something Going On In Those Caves",Alliance,37391,"Rhinohide Mask",138,Uncommon,"Head"
11694,"There's Something Going On In Those Caves",Alliance,37427,"Plainhunter's Waistband",138,Uncommon,"Waist"
11694,"There's Something Going On In Those Caves",Alliance,37507,"Chilled Shoulderplates",138,Uncommon,"Shoulder"
11681,"Rescuing Evanor",Both,37224,"Sweltering Belt",138,Uncommon,"Waist"
11681,"Rescuing Evanor",Both,37387,"Charred Treads",138,Uncommon,"Feet"
11681,"Rescuing Evanor",Both,37429,"Glimmering Ringmail Gloves",138,Uncommon,"Hands"
11681,"Rescuing Evanor",Both,37509,"Seething Waistguard",138,Uncommon,"Waist"
11919,"Drake Hunt",Both,37226,"Sweltering Robes",138,Uncommon,"Chest"
11919,"Drake Hunt",Both,37382,"Charred Drakehide Belt",138,Uncommon,"Waist"
11919,"Drake Hunt",Both,37435,"Flame Infused Bindings",138,Uncommon,"Wrist"
11919,"Drake Hunt",Both,37513,"Helm of the Crimson Drakonid",138,Uncommon,"Head"
11610,"Leading the Ancestors Home",Both,37227,"Seafarer Mantle",138,Uncommon,"Shoulder"
11610,"Leading the Ancestors Home",Both,37380,"Whalehunter Leggings",138,Uncommon,"Legs"
11610,"Leading the Ancestors Home",Both,37514,"Freed Shackles",138,Uncommon,"Wrist"
11610,"Leading the Ancestors Home",Both,37548,"Iceflow Collar",138,Uncommon,"Neck"
11706,"The Collapse",Horde,37228,"Sweltering Cuffs",138,Uncommon,"Wrist"
11706,"The Collapse",Horde,37375,"Rhinohide Gloves",138,Uncommon,"Hands"
11706,"The Collapse",Horde,37437,"Plainhunter's Chestpiece",138,Uncommon,"Chest"
11706,"The Collapse",Horde,37516,"Chilled Greaves",138,Uncommon,"Feet"
11723,"Deploy the Shake-n-Quake!",Alliance,37228,"Sweltering Cuffs",138,Uncommon,"Wrist"
11723,"Deploy the Shake-n-Quake!",Alliance,37375,"Rhinohide Gloves",138,Uncommon,"Hands"
11723,"Deploy the Shake-n-Quake!",Alliance,37437,"Plainhunter's Chestpiece",138,Uncommon,"Chest"
11723,"Deploy the Shake-n-Quake!",Alliance,37516,"Chilled Greaves",138,Uncommon,"Feet"
11647,"Neutralizing the Cauldrons",Horde,37234,"Layered Frost Hood",138,Uncommon,"Head"
11647,"Neutralizing the Cauldrons",Horde,37356,"Rhinohide Wristwraps",138,Uncommon,"Wrist"
11647,"Neutralizing the Cauldrons",Horde,37439,"Spiked Magmoth Gloves",138,Uncommon,"Hands"
11647,"Neutralizing the Cauldrons",Horde,37517,"Chilled Pauldrons",138,Uncommon,"Shoulder"
11712,"Re-Cursive",Alliance,37234,"Layered Frost Hood",138,Uncommon,"Head"
11712,"Re-Cursive",Alliance,37356,"Rhinohide Wristwraps",138,Uncommon,"Wrist"
11712,"Re-Cursive",Alliance,37439,"Spiked Magmoth Gloves",138,Uncommon,"Hands"
11712,"Re-Cursive",Alliance,37517,"Chilled Pauldrons",138,Uncommon,"Shoulder"
11683,"Fallen Necropolis",Horde,37239,"Layered Frost Sandals",138,Uncommon,"Feet"
11683,"Fallen Necropolis",Horde,37355,"Reinforced Caribou-Hide Chestguard",138,Uncommon,"Chest"
11683,"Fallen Necropolis",Horde,37518,"Amberplate Waistguard",138,Uncommon,"Waist"
11683,"Fallen Necropolis",Horde,37560,"Vial of Renewal",138,Uncommon,"Trinket"
11698,"Might As Well Wipe Out the Scourge",Alliance,37239,"Layered Frost Sandals",138,Uncommon,"Feet"
11698,"Might As Well Wipe Out the Scourge",Alliance,37355,"Reinforced Caribou-Hide Chestguard",138,Uncommon,"Chest"
11698,"Might As Well Wipe Out the Scourge",Alliance,37518,"Amberplate Waistguard",138,Uncommon,"Waist"
11698,"Might As Well Wipe Out the Scourge",Alliance,37560,"Vial of Renewal",138,Uncommon,"Trinket"
11639,"Revenge Upon Magmoth",Horde,37270,"Layered Frost Robes",138,Uncommon,"Chest"
11639,"Revenge Upon Magmoth",Horde,37353,"Reinforced Caribou-Hide Helm",138,Uncommon,"Head"
11639,"Revenge Upon Magmoth",Horde,37441,"Spiked Magmoth Mantle",138,Uncommon,"Shoulder"
11639,"Revenge Upon Magmoth",Horde,37479,"Amberplate Legguards",138,Uncommon,"Legs"
11730,"Master and Servant",Alliance,37270,"Layered Frost Robes",138,Uncommon,"Chest"
11730,"Master and Servant",Alliance,37353,"Reinforced Caribou-Hide Helm",138,Uncommon,"Head"
11730,"Master and Servant",Alliance,37441,"Spiked Magmoth Mantle",138,Uncommon,"Shoulder"
11730,"Master and Servant",Alliance,37479,"Amberplate Legguards",138,Uncommon,"Legs"
11592,"We Strike!",Horde,37271,"Dusk Watcher's Belt",138,Uncommon,"Waist"
11592,"We Strike!",Horde,37393,"Shadewrap Gloves",138,Uncommon,"Hands"
11592,"We Strike!",Horde,37425,"Tundrastrider Boots",138,Uncommon,"Feet"
11592,"We Strike!",Horde,37557,"Warsong's Fervor",138,Uncommon,"Trinket"
11938,"Buying Some Time",Alliance,37271,"Dusk Watcher's Belt",138,Uncommon,"Waist"
11938,"Buying Some Time",Alliance,37393,"Shadewrap Gloves",138,Uncommon,"Hands"
11938,"Buying Some Time",Alliance,37425,"Tundrastrider Boots",138,Uncommon,"Feet"
11938,"Buying Some Time",Alliance,38212,"Death Knight's Anguish",138,Uncommon,"Trinket"
11653,"Hah... You're Not So Big Now!",Alliance,37272,"Wizzlenob Shoulder Covers",138,Uncommon,"Shoulder"
11653,"Hah... You're Not So Big Now!",Alliance,37388,"Reinforced Elastic Band",138,Uncommon,"Waist"
11653,"Hah... You're Not So Big Now!",Alliance,37428,"Ring-Ridden Wrist Protectors",138,Uncommon,"Wrist"
11653,"Hah... You're Not So Big Now!",Alliance,37526,"Thin Dexterity Enhancing Tube",138,Uncommon,"Finger"
11894,"Patching Up",Horde,37272,"Wizzlenob Shoulder Covers",138,Uncommon,"Shoulder"
11894,"Patching Up",Horde,37388,"Reinforced Elastic Band",138,Uncommon,"Waist"
11894,"Patching Up",Horde,37428,"Ring-Ridden Wrist Protectors",138,Uncommon,"Wrist"
11894,"Patching Up",Horde,37526,"Thin Dexterity Enhancing Tube",138,Uncommon,"Finger"
11631,"Vision of Air",Horde,37274,"Mender's Cover",138,Uncommon,"Head"
11631,"Vision of Air",Horde,37352,"Regenerative Hide Harness",138,Uncommon,"Chest"
11631,"Vision of Air",Horde,37442,"Chilled Mail Boots",138,Uncommon,"Feet"
11631,"Vision of Air",Horde,37530,"Icy Ripper Ring",138,Uncommon,"Finger"
11798,"The Gearmaster",Alliance,37274,"Mender's Cover",138,Uncommon,"Head"
11798,"The Gearmaster",Alliance,37352,"Regenerative Hide Harness",138,Uncommon,"Chest"
11798,"The Gearmaster",Alliance,37442,"Chilled Mail Boots",138,Uncommon,"Feet"
11798,"The Gearmaster",Alliance,37530,"Icy Ripper Ring",138,Uncommon,"Finger"
11873,"Give Fizzcrank the News",Alliance,37275,"Mantle of Congealed Anger",138,Uncommon,"Shoulder"
11873,"Give Fizzcrank the News",Alliance,37351,"Reinforced Caribou-Hide Leggings",138,Uncommon,"Legs"
11873,"Give Fizzcrank the News",Alliance,37443,"Spiked Magmoth Helm",138,Uncommon,"Head"
11873,"Give Fizzcrank the News",Alliance,37478,"Amberplate Grips",138,Uncommon,"Hands"
11906,"Cleaning Up the Pools",Horde,37275,"Mantle of Congealed Anger",138,Uncommon,"Shoulder"
11906,"Cleaning Up the Pools",Horde,37351,"Reinforced Caribou-Hide Leggings",138,Uncommon,"Legs"
11906,"Cleaning Up the Pools",Horde,37443,"Spiked Magmoth Helm",138,Uncommon,"Head"
11906,"Cleaning Up the Pools",Horde,37478,"Amberplate Grips",138,Uncommon,"Hands"
11652,"The Plains of Nasam",Horde,37276,"Grek'lor's Loungewear",138,Uncommon,"Legs"
11652,"The Plains of Nasam",Horde,37325,"Warsong Scout Spaulders",138,Uncommon,"Shoulder"
11652,"The Plains of Nasam",Horde,37446,"Tank Commander's Treads",138,Uncommon,"Feet"
11652,"The Plains of Nasam",Horde,37476,"Grek'lor's Breastplate of Bloodrage",138,Uncommon,"Chest"
11705,"Foolish Endeavors",Horde,37277,"Ermine Ruff Cloak",138,Uncommon,"Back"
11705,"Foolish Endeavors",Horde,37447,"Reinforced Mendicant's Cowl",138,Uncommon,"Head"
11705,"Foolish Endeavors",Horde,37475,"Benign Crusader's Plate",138,Uncommon,"Legs"
11705,"Foolish Endeavors",Horde,37545,"Graven Shoveltusk Pendant",138,Uncommon,"Neck"
11957,"Saragosa's End",Both,37280,"Flame Hardened Waistband",138,Uncommon,"Waist"
11957,"Saragosa's End",Both,37322,"Flame Hardened Wristbindings",138,Uncommon,"Wrist"
11957,"Saragosa's End",Both,37456,"Cauterizing Chain Leggings",138,Uncommon,"Legs"
11957,"Saragosa's End",Both,37562,"Fury of the Crimson Drake",138,Uncommon,"Trinket"
12117,"Travel to Moa'ki Harbor",Both,37283,"Wandering Healer's Kilt",138,Uncommon,"Legs"
12117,"Travel to Moa'ki Harbor",Both,37319,"Grips of the Windswept Plains",138,Uncommon,"Hands"
12117,"Travel to Moa'ki Harbor",Both,37546,"Choker of the Northern Wind",138,Uncommon,"Neck"
12117,"Travel to Moa'ki Harbor",Both,37566,"Durable Worghide Cape",138,Uncommon,"Back"
12118,"Travel to Moa'ki Harbor",Both,37283,"Wandering Healer's Kilt",138,Uncommon,"Legs"
12118,"Travel to Moa'ki Harbor",Both,37319,"Grips of the Windswept Plains",138,Uncommon,"Hands"
12118,"Travel to Moa'ki Harbor",Both,37546,"Choker of the Northern Wind",138,Uncommon,"Neck"
12118,"Travel to Moa'ki Harbor",Both,37566,"Durable Worghide Cape",138,Uncommon,"Back"
12728,"Monitoring the Rift: Winterfin Cavern",Both,37282,"Cavernous Gauntlets",138,Uncommon,"Hands"
12728,"Monitoring the Rift: Winterfin Cavern",Both,37320,"Spaulders of Echoing Truth",138,Uncommon,"Shoulder"
12728,"Monitoring the Rift: Winterfin Cavern",Both,37458,"Wristguards of Rocky Horror",138,Uncommon,"Wrist"
12728,"Monitoring the Rift: Winterfin Cavern",Both,37471,"Girdle of Ripped Space",138,Uncommon,"Waist"
11623,"A Visit to the Curator",Both,37378,"Sealskin Bindings",138,Uncommon,"Wrist"
11623,"A Visit to the Curator",Both,37436,"Seaspeaker Gloves",138,Uncommon,"Hands"
11623,"A Visit to the Curator",Both,37515,"Lost Crusader Waistguard",138,Uncommon,"Waist"
11623,"A Visit to the Curator",Both,37521,"Icechill Buckler",138,Uncommon,"Off Hand"
11914,"Keep the Secret Safe",Both,37383,"Seared Scale Cape",138,Uncommon,"Back"
11914,"Keep the Secret Safe",Both,37434,"Cauterizing Chain Strand",138,Uncommon,"Waist"
11914,"Keep the Secret Safe",Both,37512,"Gauntlets of the Crimson Guardian",138,Uncommon,"Hands"
11914,"Keep the Secret Safe",Both,37559,"Serrah's Star",138,Uncommon,"Trinket"
12017,"Meat on the Hook",Both,37936,"Fisherman's Earwarmer",146,Uncommon,"Head"
12017,"Meat on the Hook",Both,37980,"Moa'ki Thresherhide Tunic",146,Uncommon,"Chest"
12017,"Meat on the Hook",Both,38023,"Sharkdiver's Leggings",146,Uncommon,"Legs"
12017,"Meat on the Hook",Both,38084,"Crustacean Stompers",146,Uncommon,"Feet"
12456,"The Plume of Alystros",Both,37937,"Alystros's Plume Cinch",146,Uncommon,"Waist"
12456,"The Plume of Alystros",Both,37981,"Ancient Dreamer's Leggings",146,Uncommon,"Legs"
12456,"The Plume of Alystros",Both,38024,"Verdant Linked Boots",146,Uncommon,"Feet"
12456,"The Plume of Alystros",Both,38085,"Belt of the Emerald Guardian",146,Uncommon,"Waist"
12282,"Imprints on the Past",Alliance,37938,"Visionary's Robes",146,Uncommon,"Chest"
12282,"Imprints on the Past",Alliance,38025,"Guiding Gloves of the Seer",146,Uncommon,"Hands"
12282,"Imprints on the Past",Alliance,38070,"Foresight's Anticipation",146,Uncommon,"Trinket"
12282,"Imprints on the Past",Alliance,38086,"Vigilant Skullcap",146,Uncommon,"Head"
11959,"Slay Loguhn",Both,37939,"Baleen Braided Collar",146,Uncommon,"Neck"
11959,"Slay Loguhn",Both,37982,"Gleaming Tuskring",146,Uncommon,"Finger"
11959,"Slay Loguhn",Both,38026,"Sharkdiver's Bracers",146,Uncommon,"Wrist"
11959,"Slay Loguhn",Both,38087,"Sea Rusted Gauntlets",146,Uncommon,"Hands"
12459,"That Which Creates Can Also Destroy",Both,37940,"Mantle of Itharius",146,Uncommon,"Shoulder"
12459,"That Which Creates Can Also Destroy",Both,37983,"Gloves of the Emerald Stalker",146,Uncommon,"Hands"
12459,"That Which Creates Can Also Destroy",Both,38027,"Verdant Hunter's Guise",146,Uncommon,"Head"
12459,"That Which Creates Can Also Destroy",Both,38088,"Breastplate of Nature's Ire",146,Uncommon,"Chest"
12083,"Atop the Woodlands",Alliance,37942,"Kirin Tor Initiate's Sandals",146,Uncommon,"Feet"
12083,"Atop the Woodlands",Alliance,37985,"Violet Stalker Shoulderpads",146,Uncommon,"Shoulder"
12083,"Atop the Woodlands",Alliance,38029,"Azurehunter Handguards",146,Uncommon,"Hands"
12083,"Atop the Woodlands",Alliance,38093,"Dalaran Sentry Wristbraces",146,Uncommon,"Wrist"
12084,"Atop the Woodlands",Horde,37942,"Kirin Tor Initiate's Sandals",146,Uncommon,"Feet"
12084,"Atop the Woodlands",Horde,37985,"Violet Stalker Shoulderpads",146,Uncommon,"Shoulder"
12084,"Atop the Woodlands",Horde,38029,"Azurehunter Handguards",146,Uncommon,"Hands"
12084,"Atop the Woodlands",Horde,38093,"Dalaran Sentry Wristbraces",146,Uncommon,"Wrist"
12013,"End Arcanimus",Both,37941,"Fading Handwraps",146,Uncommon,"Hands"
12013,"End Arcanimus",Both,37984,"Deathtouched Boots",146,Uncommon,"Feet"
12013,"End Arcanimus",Both,38028,"Ring of the Afterlife",146,Uncommon,"Finger"
12013,"End Arcanimus",Both,38092,"Crystalplate Pauldrons",146,Uncommon,"Shoulder"
12267,"Neltharion's Flame",Both,37944,"High Priest Forith's Robes",146,Uncommon,"Chest"
12267,"Neltharion's Flame",Both,37988,"Lord Prestor's Drape",146,Uncommon,"Back"
12267,"Neltharion's Flame",Both,38032,"Wyrm-slave Collar",146,Uncommon,"Neck"
12267,"Neltharion's Flame",Both,38095,"Legplates of the Conquered Knight",146,Uncommon,"Legs"
12004,"Prevent the Accord",Alliance,37943,"Kirin Tor Initiate's Cowl",146,Uncommon,"Head"
12004,"Prevent the Accord",Alliance,37987,"Violet Stalker Bracers",146,Uncommon,"Wrist"
12004,"Prevent the Accord",Alliance,38031,"Azurehunter Legguards",146,Uncommon,"Legs"
12004,"Prevent the Accord",Alliance,38094,"Dalaran Sentry Headguard",146,Uncommon,"Head"
12005,"Prevent the Accord",Horde,37943,"Kirin Tor Initiate's Cowl",146,Uncommon,"Head"
12005,"Prevent the Accord",Horde,37987,"Violet Stalker Bracers",146,Uncommon,"Wrist"
12005,"Prevent the Accord",Horde,38031,"Azurehunter Legguards",146,Uncommon,"Legs"
12005,"Prevent the Accord",Horde,38094,"Dalaran Sentry Headguard",146,Uncommon,"Head"
12080,"Really Big Worm",Both,37945,"Thin Jormungar Legwraps",146,Uncommon,"Legs"
12080,"Really Big Worm",Both,37989,"Rattlebore Slayer Leggings",146,Uncommon,"Legs"
12080,"Really Big Worm",Both,38033,"Ice Heart Chestguard",146,Uncommon,"Chest"
12080,"Really Big Worm",Both,38096,"Crystalplate Legguards",146,Uncommon,"Legs"
12052,"Harp on This!",Both,37947,"Miraculous Waistwarming Band",146,Uncommon,"Waist"
12052,"Harp on This!",Both,37990,"Narf's Explosiveproof Strand",146,Uncommon,"Waist"
12052,"Harp on This!",Both,38034,"Serrated Chain Links",146,Uncommon,"Waist"
12052,"Harp on This!",Both,38097,"Experimental Utility Belt",146,Uncommon,"Waist"
12243,"Fire Upon the Waters",Horde,37950,"Highseas Wristwraps",146,Uncommon,"Wrist"
12243,"Fire Upon the Waters",Horde,37993,"Glade Wanderer Boots",146,Uncommon,"Feet"
12243,"Fire Upon the Waters",Horde,38037,"Westwind Shoulderguards",146,Uncommon,"Shoulder"
12243,"Fire Upon the Waters",Horde,38068,"Sinner's Repentance",146,Uncommon,"Finger"
12321,"A Righteous Sermon",Alliance,37950,"Highseas Wristwraps",146,Uncommon,"Wrist"
12321,"A Righteous Sermon",Alliance,37993,"Glade Wanderer Boots",146,Uncommon,"Feet"
12321,"A Righteous Sermon",Alliance,38037,"Westwind Shoulderguards",146,Uncommon,"Shoulder"
12321,"A Righteous Sermon",Alliance,38068,"Sinner's Repentance",146,Uncommon,"Finger"
12252,"Torture the Torturer",Horde,37953,"Wastewind Garments",146,Uncommon,"Chest"
12252,"Torture the Torturer",Horde,37995,"Snowfall Reaver Hood",146,Uncommon,"Head"
12252,"Torture the Torturer",Horde,38039,"Iceshear Pauldrons",146,Uncommon,"Shoulder"
12252,"Torture the Torturer",Horde,38100,"Crystalplate Gauntlets",146,Uncommon,"Hands"
12311,"The Noble's Crypt",Alliance,37953,"Wastewind Garments",146,Uncommon,"Chest"
12311,"The Noble's Crypt",Alliance,37995,"Snowfall Reaver Hood",146,Uncommon,"Head"
12311,"The Noble's Crypt",Alliance,38039,"Iceshear Pauldrons",146,Uncommon,"Shoulder"
12311,"The Noble's Crypt",Alliance,38100,"Crystalplate Gauntlets",146,Uncommon,"Hands"
12041,"The Lost Empire",Horde,37954,"Wastewind Cinch",146,Uncommon,"Waist"
12041,"The Lost Empire",Horde,37996,"Snowfall Reaver Gloves",146,Uncommon,"Hands"
12041,"The Lost Empire",Horde,38040,"Iceshear Bindings",146,Uncommon,"Wrist"
12041,"The Lost Empire",Horde,38101,"Stonepath Sabatons",146,Uncommon,"Feet"
12258,"The Fate of the Dead",Alliance,37954,"Wastewind Cinch",146,Uncommon,"Waist"
12258,"The Fate of the Dead",Alliance,37996,"Snowfall Reaver Gloves",146,Uncommon,"Hands"
12258,"The Fate of the Dead",Alliance,38040,"Iceshear Bindings",146,Uncommon,"Wrist"
12258,"The Fate of the Dead",Alliance,38101,"Stonepath Sabatons",146,Uncommon,"Feet"
12064,"Chains of the Anub'ar",Horde,37959,"Wastewind Pauldrons",146,Uncommon,"Shoulder"
12064,"Chains of the Anub'ar",Horde,38001,"Snowfall Reaver Pauldrons",146,Uncommon,"Shoulder"
12064,"Chains of the Anub'ar",Horde,38044,"Anub'ar-Husk Shoulderguards",146,Uncommon,"Shoulder"
12064,"Chains of the Anub'ar",Horde,38105,"Stonepath Pauldrons",146,Uncommon,"Shoulder"
12462,"Breaking Off A Piece",Alliance,37959,"Wastewind Pauldrons",146,Uncommon,"Shoulder"
12462,"Breaking Off A Piece",Alliance,38001,"Snowfall Reaver Pauldrons",146,Uncommon,"Shoulder"
12462,"Breaking Off A Piece",Alliance,38044,"Anub'ar-Husk Shoulderguards",146,Uncommon,"Shoulder"
12462,"Breaking Off A Piece",Alliance,38105,"Stonepath Pauldrons",146,Uncommon,"Shoulder"
12053,"The Might of the Horde",Horde,37956,"Frontrunner's Blessed Handwraps",146,Uncommon,"Hands"
12053,"The Might of the Horde",Horde,37998,"Snowfall Reaver Boots",146,Uncommon,"Feet"
12053,"The Might of the Horde",Horde,38041,"Westwind Waistband",146,Uncommon,"Waist"
12053,"The Might of the Horde",Horde,38102,"Stonepath Gauntlets",146,Uncommon,"Hands"
12251,"Return to the High Commander",Alliance,37956,"Frontrunner's Blessed Handwraps",146,Uncommon,"Hands"
12251,"Return to the High Commander",Alliance,37998,"Snowfall Reaver Boots",146,Uncommon,"Feet"
12251,"Return to the High Commander",Alliance,38041,"Westwind Waistband",146,Uncommon,"Waist"
12251,"Return to the High Commander",Alliance,38102,"Stonepath Gauntlets",146,Uncommon,"Hands"
12072,"Blightbeasts be Damned!",Horde,37957,"Wastewind Bracers",146,Uncommon,"Wrist"
12072,"Blightbeasts be Damned!",Horde,37999,"Glade Wanderer Bracers",146,Uncommon,"Wrist"
12072,"Blightbeasts be Damned!",Horde,38042,"Scourge Ghoul Collar",146,Uncommon,"Neck"
12072,"Blightbeasts be Damned!",Horde,38103,"Petrified Bone Chestguard",146,Uncommon,"Chest"
12438,"Wanted: Kreug Oathbreaker",Alliance,37957,"Wastewind Bracers",146,Uncommon,"Wrist"
12438,"Wanted: Kreug Oathbreaker",Alliance,37999,"Glade Wanderer Bracers",146,Uncommon,"Wrist"
12438,"Wanted: Kreug Oathbreaker",Alliance,38042,"Scourge Ghoul Collar",146,Uncommon,"Neck"
12438,"Wanted: Kreug Oathbreaker",Alliance,38103,"Petrified Bone Chestguard",146,Uncommon,"Chest"
12136,"The Translated Tome",Horde,37958,"Wastewind Headcover",146,Uncommon,"Head"
12136,"The Translated Tome",Horde,38000,"Snowfall Reaver Breastplate",146,Uncommon,"Chest"
12136,"The Translated Tome",Horde,38043,"Anub'ar-Husk Leggings",146,Uncommon,"Legs"
12136,"The Translated Tome",Horde,38104,"Stonepath Helm",146,Uncommon,"Head"
12467,"Chasing Icestorm: Thel'zan's Phylactery",Alliance,37958,"Wastewind Headcover",146,Uncommon,"Head"
12467,"Chasing Icestorm: Thel'zan's Phylactery",Alliance,38000,"Snowfall Reaver Breastplate",146,Uncommon,"Chest"
12467,"Chasing Icestorm: Thel'zan's Phylactery",Alliance,38043,"Anub'ar-Husk Leggings",146,Uncommon,"Legs"
12467,"Chasing Icestorm: Thel'zan's Phylactery",Alliance,38104,"Stonepath Helm",146,Uncommon,"Head"
12048,"Scourge Armaments",Horde,37961,"Wastewind Leggings",146,Uncommon,"Legs"
12048,"Scourge Armaments",Horde,38003,"Snowfall Reaver Leggings",146,Uncommon,"Legs"
12048,"Scourge Armaments",Horde,38045,"Anub'ar-Husk Helm",146,Uncommon,"Head"
12048,"Scourge Armaments",Horde,38107,"Stonepath Chestguard",146,Uncommon,"Chest"
12169,"The High Cultist",Alliance,37961,"Wastewind Leggings",146,Uncommon,"Legs"
12169,"The High Cultist",Alliance,38003,"Snowfall Reaver Leggings",146,Uncommon,"Legs"
12169,"The High Cultist",Alliance,38045,"Anub'ar-Husk Helm",146,Uncommon,"Head"
12169,"The High Cultist",Alliance,38107,"Stonepath Chestguard",146,Uncommon,"Chest"
12140,"All Hail Roanauk!",Horde,37960,"Oath Signet",146,Uncommon,"Finger"
12140,"All Hail Roanauk!",Horde,38002,"Honorborn Cloak",146,Uncommon,"Back"
12140,"All Hail Roanauk!",Horde,38106,"Petrified Bone Footguards",146,Uncommon,"Feet"
12140,"All Hail Roanauk!",Horde,38293,"Suntouched Flowers",146,Uncommon,"Held In Off-hand"
12277,"Leave Nothing to Chance",Alliance,37960,"Oath Signet",146,Uncommon,"Finger"
12277,"Leave Nothing to Chance",Alliance,38002,"Honorborn Cloak",146,Uncommon,"Back"
12277,"Leave Nothing to Chance",Alliance,38106,"Petrified Bone Footguards",146,Uncommon,"Feet"
12277,"Leave Nothing to Chance",Alliance,38293,"Suntouched Flowers",146,Uncommon,"Held In Off-hand"
12418,"Through Fields of Flame",Alliance,37962,"Treads of the Charred Canyon",146,Uncommon,"Feet"
12418,"Through Fields of Flame",Alliance,38004,"Scourgeslayer Belt",146,Uncommon,"Waist"
12418,"Through Fields of Flame",Alliance,38046,"Wyrmfire Gloves",146,Uncommon,"Hands"
12418,"Through Fields of Flame",Alliance,38108,"Conscript's Ruby Waistguard",146,Uncommon,"Waist"
12450,"Through Fields of Flame",Horde,37962,"Treads of the Charred Canyon",146,Uncommon,"Feet"
12450,"Through Fields of Flame",Horde,38004,"Scourgeslayer Belt",146,Uncommon,"Waist"
12450,"Through Fields of Flame",Horde,38046,"Wyrmfire Gloves",146,Uncommon,"Hands"
12450,"Through Fields of Flame",Horde,38108,"Conscript's Ruby Waistguard",146,Uncommon,"Waist"
12188,"The Forsaken Blight and You: How Not to Die",Horde,37963,"Wastewind Handwraps",146,Uncommon,"Hands"
12188,"The Forsaken Blight and You: How Not to Die",Horde,38005,"Spiritfury Bands",146,Uncommon,"Wrist"
12188,"The Forsaken Blight and You: How Not to Die",Horde,38047,"Belt of Ghostly Essence",146,Uncommon,"Waist"
12188,"The Forsaken Blight and You: How Not to Die",Horde,38109,"Wraithshimmer Legplates",146,Uncommon,"Legs"
12143,"Canyon Chase",Alliance,37965,"Wyrmward Cover",146,Uncommon,"Head"
12143,"Canyon Chase",Alliance,38007,"Canyon Runner's Vest",146,Uncommon,"Chest"
12143,"Canyon Chase",Alliance,38049,"Wyrmchaser's Waistguard",146,Uncommon,"Waist"
12143,"Canyon Chase",Alliance,38111,"Wyrmbane Wristguards",146,Uncommon,"Wrist"
12145,"Canyon Chase",Horde,37965,"Wyrmward Cover",146,Uncommon,"Head"
12145,"Canyon Chase",Horde,38007,"Canyon Runner's Vest",146,Uncommon,"Chest"
12145,"Canyon Chase",Horde,38049,"Wyrmchaser's Waistguard",146,Uncommon,"Waist"
12145,"Canyon Chase",Horde,38111,"Wyrmbane Wristguards",146,Uncommon,"Wrist"
12092,"Strengthen the Ancients",Alliance,37966,"Bracers of Nature's Fury",146,Uncommon,"Wrist"
12092,"Strengthen the Ancients",Alliance,38008,"Lothalar Woodwalker Belt",146,Uncommon,"Waist"
12092,"Strengthen the Ancients",Alliance,38051,"Star's Rest Treads",146,Uncommon,"Feet"
12092,"Strengthen the Ancients",Alliance,38112,"Bark Covered Pauldrons",146,Uncommon,"Shoulder"
12096,"Strengthen the Ancients",Horde,37966,"Bracers of Nature's Fury",146,Uncommon,"Wrist"
12096,"Strengthen the Ancients",Horde,38008,"Lothalar Woodwalker Belt",146,Uncommon,"Waist"
12096,"Strengthen the Ancients",Horde,38051,"Star's Rest Treads",146,Uncommon,"Feet"
12096,"Strengthen the Ancients",Horde,38112,"Bark Covered Pauldrons",146,Uncommon,"Shoulder"
12273,"The Denouncement",Horde,37968,"Robe of Calcified Tears",146,Uncommon,"Chest"
12273,"The Denouncement",Horde,38011,"Torturer's Fleshwoven Leggings",146,Uncommon,"Legs"
12273,"The Denouncement",Horde,38054,"Paingiver Wristguards",146,Uncommon,"Wrist"
12273,"The Denouncement",Horde,38115,"Sabatons of the Enforcer",146,Uncommon,"Feet"
12091,"Wanted: Dreadtalon",Horde,37970,"Feathers of the Dragon Wastes",146,Uncommon,"Head"
12091,"Wanted: Dreadtalon",Horde,38013,"Lothalar Woodwalker Shoulders",146,Uncommon,"Shoulder"
12091,"Wanted: Dreadtalon",Horde,38056,"Ridgehunter Chestguard",146,Uncommon,"Chest"
12091,"Wanted: Dreadtalon",Horde,38117,"Dreadtalon's Clutch",146,Uncommon,"Waist"
12090,"Wanted: Gigantaur",Horde,37969,"Chaos Mender Cloak",146,Uncommon,"Back"
12090,"Wanted: Gigantaur",Horde,38012,"Lothalar Woodwalker Bracers",146,Uncommon,"Wrist"
12090,"Wanted: Gigantaur",Horde,38055,"Ridgehunter Gauntlets",146,Uncommon,"Hands"
12090,"Wanted: Gigantaur",Horde,38116,"Plated Magnataur Leggings",146,Uncommon,"Legs"
12211,"Let Them Not Rise!",Horde,37971,"Sash of the Nibbling Plague",146,Uncommon,"Waist"
12211,"Let Them Not Rise!",Horde,38014,"Vermin-Handler's Gauntlets",146,Uncommon,"Hands"
12211,"Let Them Not Rise!",Horde,38057,"Rodent-Proof Headguard",146,Uncommon,"Head"
12211,"Let Them Not Rise!",Horde,38118,"Bite-Proof Grips",146,Uncommon,"Hands"
12498,"On Ruby Wings",Both,38010,"Scourgeslayer Cover",146,Uncommon,"Head"
12498,"On Ruby Wings",Both,38053,"Wyrmfire Links",146,Uncommon,"Chest"
12498,"On Ruby Wings",Both,38073,"Will of the Red Dragonflight",146,Uncommon,"Trinket"
12498,"On Ruby Wings",Both,38114,"Chestplate of the Ruby Champion",146,Uncommon,"Chest"
12442,"Wanted: Onslaught Commander Iustus",Alliance,38054,"Paingiver Wristguards",146,Uncommon,"Wrist"
12442,"Wanted: Onslaught Commander Iustus",Alliance,38115,"Sabatons of the Enforcer",146,Uncommon,"Feet"
12442,"Wanted: Onslaught Commander Iustus",Alliance,38528,"Legpads of the Inquisitor",146,Uncommon,"Legs"
12442,"Wanted: Onslaught Commander Iustus",Alliance,38529,"Robe of the Justicebringer",146,Uncommon,"Chest"
12470,"Mystery of the Infinite",Both,38133,"Timeshattered Spire",146,Uncommon,"Two-Hand"
12470,"Mystery of the Infinite",Both,38173,"Dagger of the Returning Past",146,Uncommon,"One-Hand"
12470,"Mystery of the Infinite",Both,38174,"Time-Bending Smasher",146,Uncommon,"One-Hand"
12470,"Mystery of the Infinite",Both,38202,"Twig of Happy Reminders",146,Uncommon,"Ranged"
12097,"Sarathstra, Scourge of the North",Horde,38530,"Wrap of Vigorous Destruction",146,Rare,"Waist"
12097,"Sarathstra, Scourge of the North",Horde,38531,"Links of Righteous Persecution",146,Rare,"Waist"
12097,"Sarathstra, Scourge of the North",Horde,38532,"Belt of Vengeful Purification",146,Rare,"Waist"
12097,"Sarathstra, Scourge of the North",Horde,38533,"Girdle of Forceful Annihilation",146,Rare,"Waist"
12478,"Frostmourne Cavern",Alliance,38530,"Wrap of Vigorous Destruction",146,Rare,"Waist"
12478,"Frostmourne Cavern",Alliance,38531,"Links of Righteous Persecution",146,Rare,"Waist"
12478,"Frostmourne Cavern",Alliance,38532,"Belt of Vengeful Purification",146,Rare,"Waist"
12478,"Frostmourne Cavern",Alliance,38533,"Girdle of Forceful Annihilation",146,Rare,"Waist"
12285,"Do Unto Others",Horde,38534,"Purity-Anointed Warbands",146,Rare,"Wrist"
12285,"Do Unto Others",Horde,38535,"Wristguards of the Remorseful",146,Rare,"Wrist"
12285,"Do Unto Others",Horde,38536,"Bindings of the Forceful Vanquisher",146,Rare,"Wrist"
12285,"Do Unto Others",Horde,38537,"Cuffs of the Decapitator",146,Rare,"Wrist"
12224,"The Kor'kron Vanguard!",Horde,38540,"Sandals of Chaos Resolution",146,Rare,"Feet"
12224,"The Kor'kron Vanguard!",Horde,38542,"Treads of the Valiant Struggle",146,Rare,"Feet"
12224,"The Kor'kron Vanguard!",Horde,38541,"Implacable Zombie Crushers",146,Rare,"Feet"
12224,"The Kor'kron Vanguard!",Horde,38543,"Reinforced Traveler's Boots",146,Rare,"Feet"
12474,"To Fordragon Hold!",Alliance,38540,"Sandals of Chaos Resolution",146,Rare,"Feet"
12474,"To Fordragon Hold!",Alliance,38542,"Treads of the Valiant Struggle",146,Rare,"Feet"
12474,"To Fordragon Hold!",Alliance,38541,"Implacable Zombie Crushers",146,Rare,"Feet"
12474,"To Fordragon Hold!",Alliance,38543,"Reinforced Traveler's Boots",146,Rare,"Feet"
11993,"The Runic Prophecies",Alliance,38710,"Wayfinder's Bracers",154,Uncommon,"Wrist"
11993,"The Runic Prophecies",Alliance,39013,"Discoverer's Mitts",154,Uncommon,"Hands"
11993,"The Runic Prophecies",Alliance,39043,"Trailbreaker's Spaulders",154,Uncommon,"Shoulder"
11993,"The Runic Prophecies",Alliance,39075,"Waywalker's Girdle",154,Uncommon,"Waist"
12058,"The Runic Prophecies",Horde,38710,"Wayfinder's Bracers",154,Uncommon,"Wrist"
12058,"The Runic Prophecies",Horde,39013,"Discoverer's Mitts",154,Uncommon,"Hands"
12058,"The Runic Prophecies",Horde,39043,"Trailbreaker's Spaulders",154,Uncommon,"Shoulder"
12058,"The Runic Prophecies",Horde,39075,"Waywalker's Girdle",154,Uncommon,"Waist"
12153,"The Iron Thane and His Anvil",Alliance,38711,"Grounded Gloves",154,Uncommon,"Hands"
12153,"The Iron Thane and His Anvil",Alliance,39015,"Crackpot Spaulders",154,Uncommon,"Shoulder"
12153,"The Iron Thane and His Anvil",Alliance,39044,"Short-Circuiting Boots",154,Uncommon,"Feet"
12153,"The Iron Thane and His Anvil",Alliance,39076,"Golem-Rider's Greaves",154,Uncommon,"Legs"
12199,"Bringing Down the Iron Thane",Horde,38711,"Grounded Gloves",154,Uncommon,"Hands"
12199,"Bringing Down the Iron Thane",Horde,39015,"Crackpot Spaulders",154,Uncommon,"Shoulder"
12199,"Bringing Down the Iron Thane",Horde,39044,"Short-Circuiting Boots",154,Uncommon,"Feet"
12199,"Bringing Down the Iron Thane",Horde,39076,"Golem-Rider's Greaves",154,Uncommon,"Legs"
12027,"Mr. Floppy's Perilous Adventure",Alliance,38714,"Path-Cutter's Cord",154,Uncommon,"Waist"
12027,"Mr. Floppy's Perilous Adventure",Alliance,39018,"Boots of Safe Travel",154,Uncommon,"Feet"
12027,"Mr. Floppy's Perilous Adventure",Alliance,39047,"Legguards of Unerring Navigation",154,Uncommon,"Legs"
12027,"Mr. Floppy's Perilous Adventure",Alliance,39079,"Bracers of the Chaperon",154,Uncommon,"Wrist"
12185,"Put on Your Best Face for Loken",Alliance,38713,"Spaulders of Foresight",154,Uncommon,"Shoulder"
12185,"Put on Your Best Face for Loken",Alliance,39046,"Shoulderpads of Imminent Disaster",154,Uncommon,"Shoulder"
12185,"Put on Your Best Face for Loken",Alliance,39078,"Whispering Stompers",154,Uncommon,"Feet"
12185,"Put on Your Best Face for Loken",Alliance,39017,"Belt of Keen Hearing",154,Uncommon,"Waist"
11985,"Into the Breach",Both,38715,"Forge-Scarred Sandals",154,Uncommon,"Feet"
11985,"Into the Breach",Both,39019,"Iron-Shatter Leggings",154,Uncommon,"Legs"
11985,"Into the Breach",Both,39048,"Flame-Tested Chestguard",154,Uncommon,"Chest"
11985,"Into the Breach",Both,39080,"Grips of Flawed Temper",154,Uncommon,"Hands"
11991,"Subject to Interpretation",Both,38716,"Ethereal Hood",154,Uncommon,"Head"
11991,"Subject to Interpretation",Both,39020,"Drakuru's Ghastly Helm",154,Uncommon,"Head"
11991,"Subject to Interpretation",Both,39049,"Helm of Spirit Links",154,Uncommon,"Head"
11991,"Subject to Interpretation",Both,39081,"Spiritforged Helm",154,Uncommon,"Head"
12014,"Steady as a Rock?",Alliance,38717,"Dusty Miner's Leggings",154,Uncommon,"Legs"
12014,"Steady as a Rock?",Alliance,39021,"Ectoplasm Stained Wristguards",154,Uncommon,"Wrist"
12014,"Steady as a Rock?",Alliance,39050,"Ghostridden Waistguard",154,Uncommon,"Waist"
12014,"Steady as a Rock?",Alliance,39082,"Shocksteel Shoulderguards",154,Uncommon,"Shoulder"
12207,"Vordrassil's Fall",Horde,38719,"Robe of Expurgation",154,Uncommon,"Chest"
12207,"Vordrassil's Fall",Horde,39023,"Wax-Coated Chestguard",154,Uncommon,"Chest"
12207,"Vordrassil's Fall",Horde,39052,"Acid-Resistant Hauberk",154,Uncommon,"Chest"
12207,"Vordrassil's Fall",Horde,39090,"Chestplate of Untimely Rewards",154,Uncommon,"Chest"
12219,"The Failed World Tree",Alliance,38719,"Robe of Expurgation",154,Uncommon,"Chest"
12219,"The Failed World Tree",Alliance,39023,"Wax-Coated Chestguard",154,Uncommon,"Chest"
12219,"The Failed World Tree",Alliance,39052,"Acid-Resistant Hauberk",154,Uncommon,"Chest"
12219,"The Failed World Tree",Alliance,39090,"Chestplate of Untimely Rewards",154,Uncommon,"Chest"
12328,"Ruuna's Request",Both,38727,"Foreseer's Girdle",154,Uncommon,"Waist"
12328,"Ruuna's Request",Both,39026,"Pauldrons of the Prophet",154,Uncommon,"Shoulder"
12328,"Ruuna's Request",Both,39054,"Gossamer-Stained Grips",154,Uncommon,"Hands"
12328,"Ruuna's Request",Both,39092,"Thought-Purifying Protector",154,Uncommon,"Head"
12082,"Dun-da-Dun-tah!",Both,38729,"Sandals of Quick Escape",154,Uncommon,"Feet"
12082,"Dun-da-Dun-tah!",Both,39028,"Coiled Leather Gauntlets",154,Uncommon,"Hands"
12082,"Dun-da-Dun-tah!",Both,39056,"Whip-Stitched Wristguards",154,Uncommon,"Wrist"
12082,"Dun-da-Dun-tah!",Both,39094,"Load-Bearing Girdle",154,Uncommon,"Waist"
12229,"A Possible Link",Horde,38726,"Instigator's Gloves",154,Uncommon,"Hands"
12229,"A Possible Link",Horde,39025,"Shackles of Sanity",154,Uncommon,"Wrist"
12229,"A Possible Link",Horde,39053,"Helm of the Furbolg Purifier",154,Uncommon,"Head"
12229,"A Possible Link",Horde,39091,"Blood-Spattered Spaulders",154,Uncommon,"Shoulder"
12246,"A Possible Link",Alliance,38726,"Instigator's Gloves",154,Uncommon,"Hands"
12246,"A Possible Link",Alliance,39025,"Shackles of Sanity",154,Uncommon,"Wrist"
12246,"A Possible Link",Alliance,39053,"Helm of the Furbolg Purifier",154,Uncommon,"Head"
12246,"A Possible Link",Alliance,39091,"Blood-Spattered Spaulders",154,Uncommon,"Shoulder"
12120,"Drak'aguul's Mallet",Both,38730,"Bell-Ringer's Shoulderpads",154,Uncommon,"Shoulder"
12120,"Drak'aguul's Mallet",Both,39029,"Waistguard of Expedient Procurement",154,Uncommon,"Waist"
12120,"Drak'aguul's Mallet",Both,39057,"Polished Staghorn Helm",154,Uncommon,"Head"
12120,"Drak'aguul's Mallet",Both,39095,"Hammer-Holder's Gauntlets",154,Uncommon,"Hands"
12159,"Souls at Unrest",Alliance,38735,"Specially Treated Robes",154,Uncommon,"Chest"
12159,"Souls at Unrest",Alliance,39034,"Bearskin Helm",154,Uncommon,"Head"
12159,"Souls at Unrest",Alliance,39064,"Hide-Lined Chestguard",154,Uncommon,"Chest"
12159,"Souls at Unrest",Alliance,39099,"Carapace of the Fallen",154,Uncommon,"Chest"
12176,"A Minor Substitution",Horde,38735,"Specially Treated Robes",154,Uncommon,"Chest"
12176,"A Minor Substitution",Horde,39034,"Bearskin Helm",154,Uncommon,"Head"
12176,"A Minor Substitution",Horde,39064,"Hide-Lined Chestguard",154,Uncommon,"Chest"
12176,"A Minor Substitution",Horde,39099,"Carapace of the Fallen",154,Uncommon,"Chest"
12105,"Descent into Darkness",Alliance,38734,"Abandoned Hood",154,Uncommon,"Head"
12105,"Descent into Darkness",Alliance,39033,"Discarded Miner's Jerkin",154,Uncommon,"Chest"
12105,"Descent into Darkness",Alliance,39060,"Patched Trapper Pauldrons",154,Uncommon,"Shoulder"
12105,"Descent into Darkness",Alliance,39098,"Rusty Cave Stompers",154,Uncommon,"Feet"
12175,"Gray Worg Hides",Horde,38734,"Abandoned Hood",154,Uncommon,"Head"
12175,"Gray Worg Hides",Horde,39033,"Discarded Miner's Jerkin",154,Uncommon,"Chest"
12175,"Gray Worg Hides",Horde,39060,"Patched Trapper Pauldrons",154,Uncommon,"Shoulder"
12175,"Gray Worg Hides",Horde,39098,"Rusty Cave Stompers",154,Uncommon,"Feet"
13239,"Volatility",Horde,38736,"Smuggler's Bracers",174,Uncommon,"Wrist"
13239,"Volatility",Horde,39035,"Glacier-walker's Mukluks",174,Uncommon,"Feet"
13239,"Volatility",Horde,39065,"Skycaptain's Belt",174,Uncommon,"Waist"
13239,"Volatility",Horde,39100,"Plated Bracelet of the Skies",174,Uncommon,"Wrist"
13291,"Borrowed Technology",Alliance,38736,"Smuggler's Bracers",174,Uncommon,"Wrist"
13291,"Borrowed Technology",Alliance,39035,"Glacier-walker's Mukluks",174,Uncommon,"Feet"
13291,"Borrowed Technology",Alliance,39065,"Skycaptain's Belt",174,Uncommon,"Waist"
13291,"Borrowed Technology",Alliance,39100,"Plated Bracelet of the Skies",174,Uncommon,"Wrist"
13259,"Establishing Superiority",Horde,38737,"Shock-Proof Head Protector",174,Uncommon,"Head"
13259,"Establishing Superiority",Horde,39036,"Hulking Horror Tunic",174,Uncommon,"Chest"
13259,"Establishing Superiority",Horde,39070,"Gloves of the Mad Bomber",174,Uncommon,"Hands"
13259,"Establishing Superiority",Horde,39102,"Icewalker's Spikes",174,Uncommon,"Feet"
13387,"Securing the Perimeter",Alliance,38737,"Shock-Proof Head Protector",174,Uncommon,"Head"
13387,"Securing the Perimeter",Alliance,39036,"Hulking Horror Tunic",174,Uncommon,"Chest"
13387,"Securing the Perimeter",Alliance,39070,"Gloves of the Mad Bomber",174,Uncommon,"Hands"
13387,"Securing the Perimeter",Alliance,39102,"Icewalker's Spikes",174,Uncommon,"Feet"
12307,"Wolfsbane Root",Alliance,38754,"Pruning Pendant",154,Uncommon,"Neck"
12307,"Wolfsbane Root",Alliance,38756,"Drape of Horticultural Sanitization",154,Uncommon,"Back"
12307,"Wolfsbane Root",Alliance,39062,"Herbalist's Pauldrons",154,Uncommon,"Shoulder"
12307,"Wolfsbane Root",Alliance,39105,"Girdle of Growing Vines",154,Uncommon,"Waist"
12134,"Sasha's Hunt",Both,38755,"Scepter of Passionate Reprisal",154,Uncommon,"Held In Off-hand"
12134,"Sasha's Hunt",Both,39011,"Bloody Bulwark",154,Uncommon,"Off Hand"
12134,"Sasha's Hunt",Both,39010,"Wolfslayer's Crest",154,Uncommon,"Off Hand"
12134,"Sasha's Hunt",Both,39110,"Staff of Righteous Vengeance",154,Uncommon,"Two-Hand"
12569,"Crocolisk Mastery: The Ambush",Both,39331,"Tooth-Marked Girdle",162,Uncommon,"Waist"
12569,"Crocolisk Mastery: The Ambush",Both,39374,"Crocscale Moccasins",162,Uncommon,"Feet"
12569,"Crocolisk Mastery: The Ambush",Both,39461,"Muck-Stained Carapace",162,Uncommon,"Chest"
12569,"Crocolisk Mastery: The Ambush",Both,39480,"Bent Crocolisk Tooth",162,Uncommon,"Finger"
12592,"The Great Hunter's Challenge",Both,39330,"Fingers of Dextrous Decimation",162,Uncommon,"Hands"
12592,"The Great Hunter's Challenge",Both,39373,"Bracers of Rapid Death",162,Uncommon,"Wrist"
12592,"The Great Hunter's Challenge",Both,39428,"Faceguard of Flawless Aim",162,Uncommon,"Head"
12592,"The Great Hunter's Challenge",Both,39448,"Helm of Brutal Slaughter",162,Uncommon,"Head"
12556,"Rhino Mastery: The Kill",Both,39333,"Nimblefoot Moccasins",162,Uncommon,"Feet"
12556,"Rhino Mastery: The Kill",Both,39377,"Toenail Belt",162,Uncommon,"Waist"
12556,"Rhino Mastery: The Kill",Both,39431,"Shaved Rhinohorn Chestguard",162,Uncommon,"Chest"
12556,"Rhino Mastery: The Kill",Both,39453,"Rhino-Tail Girdle",162,Uncommon,"Waist"
12525,"Wipe That Grin Off His Face",Both,39332,"Ogre-Crushing Wristguards",162,Uncommon,"Wrist"
12525,"Wipe That Grin Off His Face",Both,39376,"Bracers of the Rejuvenated Forest",162,Uncommon,"Wrist"
12525,"Wipe That Grin Off His Face",Both,39430,"Spitelinked Bracers",162,Uncommon,"Wrist"
12525,"Wipe That Grin Off His Face",Both,39452,"Roaming Wristguards",162,Uncommon,"Wrist"
12570,"Fortunate Misunderstandings",Both,39335,"Leggings of Mending Fronds",162,Uncommon,"Legs"
12570,"Fortunate Misunderstandings",Both,39378,"Ragged Leaf Grips",162,Uncommon,"Hands"
12570,"Fortunate Misunderstandings",Both,39432,"Belt of Misconceptions",162,Uncommon,"Waist"
12570,"Fortunate Misunderstandings",Both,39482,"Ring of Misinterpreted Gestures",162,Uncommon,"Finger"
12575,"The Lost Mistwhisper Treasure",Horde,39336,"Bracers of Prompt Reclamation",162,Uncommon,"Wrist"
12575,"The Lost Mistwhisper Treasure",Horde,39380,"Legguards of the Aggressive Emissary",162,Uncommon,"Legs"
12575,"The Lost Mistwhisper Treasure",Horde,39433,"Clear Earthen Scalemail",162,Uncommon,"Chest"
12575,"The Lost Mistwhisper Treasure",Horde,39454,"Handguards of Transient Friendship",162,Uncommon,"Hands"
12532,"Flown the Coop!",Both,39337,"Stained Coop Warmer",162,Uncommon,"Chest"
12532,"Flown the Coop!",Both,39383,"Egg-Warming Boots",162,Uncommon,"Feet"
12532,"Flown the Coop!",Both,39435,"Straw-Lined Leggings",162,Uncommon,"Legs"
12532,"Flown the Coop!",Both,39455,"Cracked Nest Stabilizer",162,Uncommon,"Waist"
12534,"The Sapphire Queen",Both,39346,"Chitin-Reinforced Hood",162,Uncommon,"Head"
12534,"The Sapphire Queen",Both,39387,"Stinger-Proof Chestguard",162,Uncommon,"Chest"
12534,"The Sapphire Queen",Both,39436,"Insect-Filtering Faceguard",162,Uncommon,"Head"
12534,"The Sapphire Queen",Both,39450,"Bug-Smashing Pauldrons",162,Uncommon,"Shoulder"
12537,"Lightning Definitely Strikes Twice",Both,39347,"Gloves of the Crackling Storm",162,Uncommon,"Hands"
12537,"Lightning Definitely Strikes Twice",Both,39400,"Static-Dispersing Shoulderpads",162,Uncommon,"Shoulder"
12537,"Lightning Definitely Strikes Twice",Both,39437,"Belt of Trapped Lightning",162,Uncommon,"Waist"
12537,"Lightning Definitely Strikes Twice",Both,39457,"Zepik's Grounded Legplates",162,Uncommon,"Legs"
12691,"A Timeworn Coffer",Both,39348,"Aged Watcher's Legwraps",162,Uncommon,"Legs"
12691,"A Timeworn Coffer",Both,39402,"Binding of the Ancient Keeper",162,Uncommon,"Waist"
12691,"A Timeworn Coffer",Both,39438,"Rockhandler's Gloves",162,Uncommon,"Hands"
12691,"A Timeworn Coffer",Both,39508,"Stonebound Chestguard",162,Uncommon,"Chest"
12561,"An Issue of Trust",Both,39363,"Binding of Purified Corpses",162,Uncommon,"Waist"
12561,"An Issue of Trust",Both,39406,"Splattered Zombie Wristguards",162,Uncommon,"Wrist"
12561,"An Issue of Trust",Both,39439,"Skeleton Smashers",162,Uncommon,"Feet"
12561,"An Issue of Trust",Both,39459,"Preservative-Stained Gauntlets",162,Uncommon,"Hands"
12617,"Exterminate the Intruders",Both,39365,"Lifewarden's Raiment",162,Uncommon,"Chest"
12617,"Exterminate the Intruders",Both,39385,"Helm of the Ancient Horn",162,Uncommon,"Head"
12617,"Exterminate the Intruders",Both,39441,"Treads of Bound Life",162,Uncommon,"Feet"
12617,"Exterminate the Intruders",Both,39449,"Wristguards of Titanic Vengeance",162,Uncommon,"Wrist"
12547,"The Activation Rune",Both,39366,"Spaulders of the Runeseeker",162,Uncommon,"Shoulder"
12547,"The Activation Rune",Both,39411,"Legguards of Guided Travel",162,Uncommon,"Legs"
12547,"The Activation Rune",Both,39442,"Seeing-Eye Belt",162,Uncommon,"Waist"
12547,"The Activation Rune",Both,39465,"Pathfinding Treads",162,Uncommon,"Feet"
12681,"Reagent Agent",Both,39368,"Field Researcher's Boots",162,Uncommon,"Feet"
12681,"Reagent Agent",Both,39413,"Hydrafang Breeches",162,Uncommon,"Legs"
12681,"Reagent Agent",Both,39445,"Roc Hunter's Bracer",162,Uncommon,"Wrist"
12681,"Reagent Agent",Both,39463,"Norrington's Burnished Breastplate",162,Uncommon,"Chest"
12624,"It Could Be Anywhere!",Both,39446,"Pauldrons of Resolution",162,Uncommon,"Shoulder"
12624,"It Could Be Anywhere!",Both,39466,"Boots of Dominance",162,Uncommon,"Feet"
12624,"It Could Be Anywhere!",Both,39474,"Ring of Devoted Promises",162,Uncommon,"Finger"
12624,"It Could Be Anywhere!",Both,39479,"Cloak of Renewed Hope",162,Uncommon,"Back"
13319,"Chain of Command",Alliance,39458,"Cultbreaker's Chestguard",174,Uncommon,"Chest"
13319,"Chain of Command",Alliance,43882,"Cultist's Cowl",174,Uncommon,"Head"
13319,"Chain of Command",Alliance,43891,"Jhaeqon's Tunic",174,Uncommon,"Chest"
13319,"Chain of Command",Alliance,43931,"Savryn's Muddy Boots",174,Uncommon,"Feet"
13354,"Chain of Command",undefined,39458,"Cultbreaker's Chestguard",174,Uncommon,"Chest"
13354,"Chain of Command",undefined,43882,"Cultist's Cowl",174,Uncommon,"Head"
13354,"Chain of Command",undefined,43891,"Jhaeqon's Tunic",174,Uncommon,"Chest"
13354,"Chain of Command",undefined,43931,"Savryn's Muddy Boots",174,Uncommon,"Feet"
12581,"A Hero's Burden",Horde,39475,"Artruis's Focus Stone",162,Rare,"Neck"
12581,"A Hero's Burden",Horde,39484,"Spiked Collar of Servitude",162,Rare,"Neck"
12581,"A Hero's Burden",Horde,39483,"Choker of Binding",162,Rare,"Neck"
12581,"A Hero's Burden",Horde,39485,"Blood-Infused Pendant",162,Rare,"Neck"
12573,"Making Peace",Both,39672,"Drape of the Offered Branch",162,Uncommon,"Back"
12573,"Making Peace",Both,39673,"Lightning Beetle's Cape",162,Uncommon,"Back"
12573,"Making Peace",Both,39674,"Cloak of the Buzzing Swarm",162,Uncommon,"Back"
12573,"Making Peace",Both,39675,"Cloak of the Hardened Tortoise",162,Uncommon,"Back"
11272,"A Score to Settle",Horde,39678,"Vendetta Bindings",155,Rare,"Wrist"
11272,"A Score to Settle",Horde,39676,"Wraps of the San'layn",155,Rare,"Wrist"
11272,"A Score to Settle",Horde,39679,"Runecaster's Bracers",155,Rare,"Wrist"
11272,"A Score to Settle",Horde,39680,"Vambraces of the Vengeance Bringer",155,Rare,"Wrist"
12504,"Argent Crusade, We Are Leaving!",Both,39771,"Embattled Legwraps",158,Uncommon,"Legs"
12504,"Argent Crusade, We Are Leaving!",Both,39780,"Valiant Belt of Battle",158,Uncommon,"Waist"
12504,"Argent Crusade, We Are Leaving!",Both,39782,"Thick Bracers of Battle",158,Uncommon,"Wrist"
12504,"Argent Crusade, We Are Leaving!",Both,39834,"Embattled Jerkin",158,Uncommon,"Chest"
12639,"The Frozen Earth",Both,39772,"Bloodbinder's Wrist Wraps",158,Uncommon,"Wrist"
12639,"The Frozen Earth",Both,39783,"Bloodbinder's Gauntlets",158,Uncommon,"Hands"
12639,"The Frozen Earth",Both,39786,"Band of the Bloodletter",158,Uncommon,"Finger"
12639,"The Frozen Earth",Both,39835,"Supple Bloodbinder's Helm",158,Uncommon,"Head"
12584,"Pure Evil",Both,39773,"Soothsayer's Shoulderpads",158,Uncommon,"Shoulder"
12584,"Pure Evil",Both,39792,"Ritualistic Band of Light",158,Uncommon,"Finger"
12584,"Pure Evil",Both,39795,"Boots of the Altar",158,Uncommon,"Feet"
12584,"Pure Evil",Both,39837,"Gloves of Swift Death",158,Uncommon,"Hands"
12622,"The Leaders at Jin'Alai",Both,39775,"Soothsayer's Sandals",158,Uncommon,"Feet"
12622,"The Leaders at Jin'Alai",Both,39796,"Boots of the Great Sacrifice",158,Uncommon,"Feet"
12622,"The Leaders at Jin'Alai",Both,39798,"Ring of Ancestral Protectors",158,Uncommon,"Finger"
12622,"The Leaders at Jin'Alai",Both,39838,"Supple Belt of the Bloodletter",158,Uncommon,"Waist"
12662,"Bringing Down Heb'Jin",Both,39777,"Band of Misty Mojo",158,Uncommon,"Finger"
12662,"Bringing Down Heb'Jin",Both,39788,"Leggings of the Ritual",158,Uncommon,"Legs"
12662,"Bringing Down Heb'Jin",Both,39790,"Gauntlets of the Altar",158,Uncommon,"Hands"
12662,"Bringing Down Heb'Jin",Both,39836,"Supple Mantle of the Bloodletter",158,Uncommon,"Shoulder"
12510,"Precious Elemental Fluids",Both,39781,"Bloodbinder's Raiment",158,Uncommon,"Chest"
12510,"Precious Elemental Fluids",Both,39803,"Gauntlets of the Great Sacrifice",158,Uncommon,"Hands"
12510,"Precious Elemental Fluids",Both,39805,"Chestplate of the Altar",158,Uncommon,"Chest"
12510,"Precious Elemental Fluids",Both,39842,"Bloodletter's Boots",158,Uncommon,"Feet"
12516,"Too Much of a Good Thing",Both,39785,"Soothsayer's Garb",158,Uncommon,"Chest"
12516,"Too Much of a Good Thing",Both,39815,"Bloodbinder's Links",158,Uncommon,"Legs"
12516,"Too Much of a Good Thing",Both,39817,"Brazen Offender's Shoulderplates",158,Uncommon,"Shoulder"
12516,"Too Much of a Good Thing",Both,39843,"Supple Wristguards",158,Uncommon,"Wrist"
12632,"But First My Offspring",Both,39787,"Soothsayer's Handwraps",158,Uncommon,"Hands"
12632,"But First My Offspring",Both,39821,"Spiritist's Focus",158,Uncommon,"Trinket"
12632,"But First My Offspring",Both,39856,"Bloodletter's Pants",158,Uncommon,"Legs"
12632,"But First My Offspring",Both,39891,"Brazen Offender's Helm",158,Uncommon,"Head"
12647,"An End to the Suffering",Both,39789,"Bloodbinder's Shoulderpads",158,Uncommon,"Shoulder"
12647,"An End to the Suffering",Both,39825,"Belt of the Bloodbinder",158,Uncommon,"Waist"
12647,"An End to the Suffering",Both,39858,"Drape of the Bloodletter",158,Uncommon,"Back"
12647,"An End to the Suffering",Both,39893,"Ancestral Chestplates",158,Uncommon,"Chest"
12674,"Hell Hath a Fury",Horde,39791,"Soothsayer's Wristwraps",158,Uncommon,"Wrist"
12674,"Hell Hath a Fury",Horde,39839,"Ritualistic Shoulderguards",158,Uncommon,"Shoulder"
12674,"Hell Hath a Fury",Horde,39841,"Ancestral Girdle",158,Uncommon,"Waist"
12674,"Hell Hath a Fury",Horde,39859,"Bloodletter's Skullcap",158,Uncommon,"Head"
12721,"Rampage",Horde,39794,"Bloodbinder's Gloves",158,Uncommon,"Hands"
12721,"Rampage",Horde,39846,"Bloodletter's Headgear",158,Uncommon,"Head"
12721,"Rampage",Horde,39847,"Ancestral War Boots",158,Uncommon,"Feet"
12721,"Rampage",Horde,39862,"Supple Vest of the Bloodletter",158,Uncommon,"Chest"
12709,"Hexed Caches",Horde,39797,"Bloodbinder's Hood",158,Uncommon,"Head"
12709,"Hexed Caches",Horde,39848,"Neckcharm of the Bloodletter",158,Uncommon,"Neck"
12709,"Hexed Caches",Horde,39849,"Belt of Divine Ancestry",158,Uncommon,"Waist"
12709,"Hexed Caches",Horde,39863,"Supple Vest of the Bloodbinder",158,Uncommon,"Chest"
12610,"Clipping Their Wings",Both,39804,"Braided Bat Sinew",158,Uncommon,"Waist"
12610,"Clipping Their Wings",Both,39854,"Huntsman's Jerkin",158,Uncommon,"Chest"
12610,"Clipping Their Wings",Both,39855,"Gauntlets of the Gatherer",158,Uncommon,"Hands"
12610,"Clipping Their Wings",Both,39867,"Bat Fur Mitts",158,Uncommon,"Hands"
12512,"Leave No One Behind",Both,39807,"Rescuer's Cloak",158,Uncommon,"Back"
12512,"Leave No One Behind",Both,39857,"Rescuer's Binding",158,Uncommon,"Waist"
12512,"Leave No One Behind",Both,39860,"Vindicator's Bracers of Sacrifice",158,Uncommon,"Wrist"
12512,"Leave No One Behind",Both,39868,"Ravager's Skullcap",158,Uncommon,"Head"
12669,"So Far, So Bad",Both,39810,"Cords of Duplicity",158,Uncommon,"Waist"
12669,"So Far, So Bad",Both,39871,"Subtle Boots of the Infiltrator",158,Uncommon,"Feet"
12669,"So Far, So Bad",Both,39872,"Helm of Subtle Whispers",158,Uncommon,"Head"
12669,"So Far, So Bad",Both,39874,"Infiltrator's Shield",158,Uncommon,"Off Hand"
12676,"Sabotage",Both,39811,"Badge of the Infiltrator",158,Uncommon,"Trinket"
12676,"Sabotage",Both,39873,"Skins of Subterfuge",158,Uncommon,"Legs"
12676,"Sabotage",Both,39875,"Shoulderguards of Subterfuge",158,Uncommon,"Shoulder"
12676,"Sabotage",Both,39877,"Belt of the Betrayer",158,Uncommon,"Waist"
13264,"That's Abominable!",undefined,39814,"Slippers of the Broken Front",174,Uncommon,"Feet"
13264,"That's Abominable!",undefined,39881,"Mantle of Reanimation",158,Uncommon,"Shoulder"
13264,"That's Abominable!",undefined,39887,"Geist Stalker Leggings",174,Uncommon,"Legs"
13264,"That's Abominable!",undefined,39888,"Scourgebane Pauldrons",174,Uncommon,"Shoulder"
13288,"That's Abominable!",Alliance,39814,"Slippers of the Broken Front",174,Uncommon,"Feet"
13288,"That's Abominable!",Alliance,39881,"Mantle of Reanimation",158,Uncommon,"Shoulder"
13288,"That's Abominable!",Alliance,39887,"Geist Stalker Leggings",174,Uncommon,"Legs"
13288,"That's Abominable!",Alliance,39888,"Scourgebane Pauldrons",174,Uncommon,"Shoulder"
12903,"That's What Friends Are For...",Both,39816,"Medic's Hood",158,Uncommon,"Head"
12903,"That's What Friends Are For...",Both,39886,"Greenhealer's Gauntlets",158,Uncommon,"Hands"
12903,"That's What Friends Are For...",Both,39889,"Horn of Argent Fury",158,Uncommon,"Trinket"
12903,"That's What Friends Are For...",Both,39890,"Purifier's Pantaloons",158,Uncommon,"Legs"
12238,"Cleansing Drak'Tharon",Both,40755,"Enticing Sabatons",171,Rare,"Feet"
12238,"Cleansing Drak'Tharon",Both,40756,"Shoulders of the Seducer",171,Rare,"Shoulder"
12238,"Cleansing Drak'Tharon",Both,40757,"Shackles of Dark Whispers",171,Rare,"Wrist"
12238,"Cleansing Drak'Tharon",Both,40758,"Shroud of Temptation",171,Rare,"Head"
12861,"Trolls Is Gone Crazy!",Both,41761,"Wristguard of Healing Fingers",158,Uncommon,"Wrist"
12861,"Trolls Is Gone Crazy!",Both,41762,"Freedom-Path Treads",158,Uncommon,"Feet"
12861,"Trolls Is Gone Crazy!",Both,41760,"Emancipator's Robes",158,Uncommon,"Chest"
12861,"Trolls Is Gone Crazy!",Both,41763,"Leggings of the Canny Chief",158,Uncommon,"Legs"
12730,"Convocation at Zol'Heb",Horde,41891,"Intricate Zandalari Tunic",158,Rare,"Chest"
12730,"Convocation at Zol'Heb",Horde,41890,"Robe of the Conquered Prophet",158,Rare,"Chest"
12730,"Convocation at Zol'Heb",Horde,41905,"Chestguard of Rampaging Fury",158,Rare,"Chest"
12730,"Convocation at Zol'Heb",Horde,41932,"Links of the Terrified Deity",158,Rare,"Chest"
12857,"Wanted: Ragemane's Flipper",Both,41987,"Staff of the Sorrowful Chieftain",175,Rare,"Two-Hand"
12857,"Wanted: Ragemane's Flipper",Both,44735,"Crescent of Brooding Fury",175,Rare,"One-Hand"
12857,"Wanted: Ragemane's Flipper",Both,44734,"Hammer of Quiet Mourning",175,Rare,"Main Hand"
12857,"Wanted: Ragemane's Flipper",Both,44736,"Sword of Heartwrenching Slaughter",175,Rare,"One-Hand"
11905,"Postponing the Inevitable",Both,42758,"Time-Twisted Wraps",155,Rare,"Hands"
11905,"Postponing the Inevitable",Both,42761,"Time-Stop Gloves",155,Rare,"Hands"
11905,"Postponing the Inevitable",Both,42763,"Bindings of Sabotage",155,Rare,"Hands"
11905,"Postponing the Inevitable",Both,42765,"Gauntlets of the Disturbed Giant",155,Rare,"Hands"
12832,"Bitter Departure",Both,42786,"Daschal's Serrated Blade",174,Uncommon,"One-Hand"
12832,"Bitter Departure",Both,42799,"Snowblind Butcher",174,Uncommon,"Two-Hand"
12832,"Bitter Departure",Both,42811,"Twisted Reflection",174,Uncommon,"Main Hand"
12832,"Bitter Departure",Both,42828,"Garm's Ward",174,Uncommon,"Two-Hand"
12820,"A Delicate Touch",Both,42787,"Ironwool Bindings",174,Uncommon,"Wrist"
12820,"A Delicate Touch",Both,42800,"Gale-wind Guard",174,Uncommon,"Shoulder"
12820,"A Delicate Touch",Both,42812,"Commemorative K3 Expedition Ring",174,Uncommon,"Finger"
12820,"A Delicate Touch",Both,42829,"Plated Skullguard",174,Uncommon,"Head"
12865,"Loyal Companions",Alliance,42789,"Boots of the Howling Winds",174,Uncommon,"Feet"
12865,"Loyal Companions",Alliance,42802,"Hardened Whipping Belt",174,Uncommon,"Waist"
12865,"Loyal Companions",Alliance,42814,"Broken Chastity Belt",174,Uncommon,"Waist"
12865,"Loyal Companions",Alliance,42833,"Jawbreakers",174,Uncommon,"Feet"
13056,"There's Always Time for Revenge",Horde,42789,"Boots of the Howling Winds",174,Uncommon,"Feet"
13056,"There's Always Time for Revenge",Horde,42802,"Hardened Whipping Belt",174,Uncommon,"Waist"
13056,"There's Always Time for Revenge",Horde,42814,"Broken Chastity Belt",174,Uncommon,"Waist"
13056,"There's Always Time for Revenge",Horde,42833,"Jawbreakers",174,Uncommon,"Feet"
12874,"Fervor of the Frostborn",Alliance,42788,"Frosthowl Cinch",174,Uncommon,"Waist"
12874,"Fervor of the Frostborn",Alliance,42801,"Nomadic Bracers",174,Uncommon,"Wrist"
12874,"Fervor of the Frostborn",Alliance,42813,"Chestplate of the Northern Ranger",174,Uncommon,"Chest"
12874,"Fervor of the Frostborn",Alliance,42832,"Coldblooded Legplates",174,Uncommon,"Legs"
13000,"Emergency Measures",Horde,42788,"Frosthowl Cinch",174,Uncommon,"Waist"
13000,"Emergency Measures",Horde,42801,"Nomadic Bracers",174,Uncommon,"Wrist"
13000,"Emergency Measures",Horde,42813,"Chestplate of the Northern Ranger",174,Uncommon,"Chest"
13000,"Emergency Measures",Horde,42832,"Coldblooded Legplates",174,Uncommon,"Legs"
12986,"Fate of the Titans",Alliance,42791,"Ring of Order",174,Uncommon,"Finger"
12986,"Fate of the Titans",Alliance,42804,"Spiked Iceclimber's Boots",174,Uncommon,"Feet"
12986,"Fate of the Titans",Alliance,42816,"Cuffs of Invention",174,Uncommon,"Wrist"
12986,"Fate of the Titans",Alliance,42834,"Mantle of Long Winter",174,Uncommon,"Shoulder"
12924,"Forging an Alliance",Both,42792,"Vestments of Dun Niffelem",174,Uncommon,"Chest"
12924,"Forging an Alliance",Both,42805,"Njormeld's Pauldrons",174,Uncommon,"Shoulder"
12924,"Forging an Alliance",Both,42817,"Reforged Chain Leggings",174,Uncommon,"Legs"
12924,"Forging an Alliance",Both,42830,"Ring of Jokkum",174,Uncommon,"Wrist"
13010,"Krolmir, Hammer of Storms",Both,42793,"Locket of Snowcrest",174,Uncommon,"Neck"
13010,"Krolmir, Hammer of Storms",Both,42806,"Storm-weathered Cuffs",174,Uncommon,"Wrist"
13010,"Krolmir, Hammer of Storms",Both,42818,"Stormstalker's Clutch",174,Uncommon,"Waist"
13010,"Krolmir, Hammer of Storms",Both,42835,"Backhanded Grips",174,Uncommon,"Hands"
12965,"The Gifts of Loken",Both,42795,"Leggings of Renewed Hope",174,Uncommon,"Legs"
12965,"The Gifts of Loken",Both,42808,"Bouldercrag's Pendant",174,Uncommon,"Neck"
12965,"The Gifts of Loken",Both,42820,"Mantle of Bouldercrag",174,Uncommon,"Shoulder"
12965,"The Gifts of Loken",Both,42827,"Rockshaper's Resolve",174,Uncommon,"Chest"
12984,"Valduran the Stormborn",Both,42796,"Lantern of Enchanted Flame",174,Uncommon,"Held In Off-hand"
12984,"Valduran the Stormborn",Both,42809,"Bloodied Leather Gloves",174,Uncommon,"Hands"
12984,"Valduran the Stormborn",Both,42821,"Belt of the Stormforged",174,Uncommon,"Waist"
12984,"Valduran the Stormborn",Both,42836,"Rockshaper Stompers",174,Uncommon,"Feet"
13108,"Whatever it Takes!",Both,42844,"Robes of Lightning",187,Rare,"Chest"
13108,"Whatever it Takes!",Both,43207,"Hardened Tongue Tunic",187,Rare,"Chest"
13108,"Whatever it Takes!",Both,43208,"Lightningbringer's Hauberk",187,Rare,"Chest"
13108,"Whatever it Takes!",Both,43209,"Breastplate of Jagged Stone",187,Rare,"Chest"
12906,"Discipline",Both,42843,"Mildred's Cowl",174,Uncommon,"Head"
12906,"Discipline",Both,42867,"Cured Proto-Drake Leggings",174,Uncommon,"Legs"
12906,"Discipline",Both,42878,"Vrykul Training Helm",174,Uncommon,"Head"
12906,"Discipline",Both,42889,"Mildred's Grasp",174,Uncommon,"Waist"
12900,"Making a Harness",Both,42845,"Brunnhildar Runed Ring",174,Uncommon,"Finger"
12900,"Making a Harness",Both,42869,"Yeti Hide Mantle",174,Uncommon,"Shoulder"
12900,"Making a Harness",Both,42880,"Astrid's Riding Gloves",174,Uncommon,"Hands"
12900,"Making a Harness",Both,42891,"Brunnhildar Snowkickers",174,Uncommon,"Feet"
13005,"The Earthen Oath",Both,42847,"Terrace Gazer's Gloves",174,Uncommon,"Hands"
13005,"The Earthen Oath",Both,42871,"Bracer of Tarbash",174,Uncommon,"Wrist"
13005,"The Earthen Oath",Both,42882,"Thorim's Grasp",174,Uncommon,"Waist"
13005,"The Earthen Oath",Both,42893,"Shoulders of Earthen Might",174,Uncommon,"Shoulder"
12953,"Valkyrion Must Burn",Both,42850,"Flamebringer's Crown",174,Uncommon,"Head"
12953,"Valkyrion Must Burn",Both,42874,"Wooly Stompers",174,Uncommon,"Feet"
12953,"Valkyrion Must Burn",Both,42884,"Steel-tipped Snowboots",174,Uncommon,"Feet"
12953,"Valkyrion Must Burn",Both,42896,"Valkyrion Tracker's Chestguard",174,Uncommon,"Chest"
12971,"Taking on All Challengers",Both,42868,"Hyldnir Headcracker",174,Uncommon,"One-Hand"
12971,"Taking on All Challengers",Both,42879,"Crown of Hyldnir",174,Uncommon,"Head"
12971,"Taking on All Challengers",Both,42890,"Proto-scale Pants",174,Uncommon,"Legs"
12971,"Taking on All Challengers",Both,43204,"Hyldnir Runeweaver's Garb",174,Uncommon,"Chest"
12554,"Malas the Corrupter",Both,43160,"Leggings of Fastidious Decapitation",158,Rare,"Legs"
12554,"Malas the Corrupter",Both,43162,"Ceremonial Pike Leggings",158,Rare,"Legs"
12554,"Malas the Corrupter",Both,43163,"Legplates of the Vengeful Mendicant",158,Rare,"Legs"
12554,"Malas the Corrupter",Both,43161,"Legguards of Solemn Revenge",158,Rare,"Legs"
13096,"Gal'darah Must Pay",undefined,43164,"Sly Mojo Sash",175,Rare,"Waist"
13096,"Gal'darah Must Pay",undefined,43165,"Strange Voodoo Belt",175,Rare,"Waist"
13096,"Gal'darah Must Pay",undefined,43167,"Ranger's Belt of the Fallen Empire",175,Rare,"Waist"
13096,"Gal'darah Must Pay",undefined,43168,"Clasp of the Fallen Demi-God",175,Rare,"Waist"
13098,"For Posterity",Both,43177,"Voodoo Signet",175,Rare,"Finger"
13098,"For Posterity",Both,43178,"Ring of Foul Mojo",175,Rare,"Finger"
13098,"For Posterity",Both,43179,"Solid Platinum Band",175,Rare,"Finger"
13098,"For Posterity",Both,43180,"Lion's Head Ring",175,Rare,"Finger"
13094,"Have They No Shame?",Alliance,43181,"Shoulders of the Northern Lights",155,Rare,"Shoulder"
13094,"Have They No Shame?",Alliance,43182,"Cured Mammoth Hide Mantle",155,Rare,"Shoulder"
13094,"Have They No Shame?",Alliance,43183,"Tundra Tracker's Shoulderguards",155,Rare,"Shoulder"
13094,"Have They No Shame?",Alliance,43184,"Tundra Pauldrons",155,Rare,"Shoulder"
13095,"Have They No Shame?",Horde,43181,"Shoulders of the Northern Lights",155,Rare,"Shoulder"
13095,"Have They No Shame?",Horde,43182,"Cured Mammoth Hide Mantle",155,Rare,"Shoulder"
13095,"Have They No Shame?",Horde,43183,"Tundra Tracker's Shoulderguards",155,Rare,"Shoulder"
13095,"Have They No Shame?",Horde,43184,"Tundra Pauldrons",155,Rare,"Shoulder"
12973,"The Brothers Bronzebeard",Alliance,43189,"Amberglow Signet",174,Rare,"Finger"
12973,"The Brothers Bronzebeard",Alliance,43190,"Iceforged Battle Ring",174,Rare,"Finger"
12973,"The Brothers Bronzebeard",Alliance,43191,"Jagged Ice Band",174,Rare,"Finger"
12973,"The Brothers Bronzebeard",Alliance,43192,"Ring of the Northern Winds",174,Rare,"Finger"
13285,"Forging the Keystone",Horde,43189,"Amberglow Signet",174,Rare,"Finger"
13285,"Forging the Keystone",Horde,43190,"Iceforged Battle Ring",174,Rare,"Finger"
13285,"Forging the Keystone",Horde,43191,"Jagged Ice Band",174,Rare,"Finger"
13285,"Forging the Keystone",Horde,43192,"Ring of the Northern Winds",174,Rare,"Finger"
13417,"The Brothers Bronzebeard",Alliance,43189,"Amberglow Signet",174,Rare,"Finger"
13417,"The Brothers Bronzebeard",Alliance,43190,"Iceforged Battle Ring",174,Rare,"Finger"
13417,"The Brothers Bronzebeard",Alliance,43191,"Jagged Ice Band",174,Rare,"Finger"
13417,"The Brothers Bronzebeard",Alliance,43192,"Ring of the Northern Winds",174,Rare,"Finger"
12868,"Sirana Iceshriek",Alliance,43185,"Wand of Chilled Renewal",174,Rare,"Ranged"
12868,"Sirana Iceshriek",Alliance,43188,"Razor-sharp Ice Shards",174,Rare,"Thrown"
12868,"Sirana Iceshriek",Alliance,43186,"Iceshrieker's Touch",174,Rare,"Ranged"
12868,"Sirana Iceshriek",Alliance,43187,"Weighted Throwing Axe",174,Rare,"Thrown"
13058,"Changing the Wind's Course",Horde,43185,"Wand of Chilled Renewal",174,Rare,"Ranged"
13058,"Changing the Wind's Course",Horde,43188,"Razor-sharp Ice Shards",174,Rare,"Thrown"
13058,"Changing the Wind's Course",Horde,43186,"Iceshrieker's Touch",174,Rare,"Ranged"
13058,"Changing the Wind's Course",Horde,43187,"Weighted Throwing Axe",174,Rare,"Thrown"
13007,"The Iron Colossus",Both,43201,"Leggings of Heightened Renewal",174,Rare,"Legs"
13007,"The Iron Colossus",Both,43200,"Snowdrift Pantaloons",174,Rare,"Legs"
13007,"The Iron Colossus",Both,43202,"Jormungar Hide Legguards",174,Rare,"Legs"
13007,"The Iron Colossus",Both,43203,"Iron Colossus Legplates",174,Rare,"Legs"
13047,"The Reckoning",Both,43211,"Rough Climber's Grips",174,Rare,"Hands"
13047,"The Reckoning",Both,43210,"Gloves of the Servant",174,Rare,"Hands"
13047,"The Reckoning",Both,43212,"Gauntlets of the Windreacher",187,Rare,"Hands"
13047,"The Reckoning",Both,43213,"Gauntlets of Vigilance",187,Rare,"Hands"
13039,"Defending The Vanguard",Both,43828,"Touch of Light",174,Uncommon,"Ranged"
13039,"Defending The Vanguard",Both,43829,"Crusader's Locket",174,Uncommon,"Trinket"
13039,"Defending The Vanguard",Both,43831,"Enchanted Plate Waistguard",174,Uncommon,"Waist"
13039,"Defending The Vanguard",Both,43841,"Argent Girdle",174,Uncommon,"Waist"
13125,"The Air Stands Still",Both,43830,"Cobalt's Shoulderguards",174,Uncommon,"Shoulder"
13125,"The Air Stands Still",Both,43839,"Leiah's Footpads",174,Uncommon,"Feet"
13125,"The Air Stands Still",Both,43840,"Sixen's Skullcap",174,Uncommon,"Head"
13125,"The Air Stands Still",Both,43842,"Jayde's Reinforced Handguards",174,Uncommon,"Hands"
13110,"The Restless Dead",Both,43832,"The Argent Resolve",174,Uncommon,"Two-Hand"
13110,"The Restless Dead",Both,43834,"Staff of Redeemed Souls",174,Uncommon,"Two-Hand"
13110,"The Restless Dead",Both,43833,"Blade of Echoes",174,Uncommon,"One-Hand"
13110,"The Restless Dead",Both,43835,"Hand of Gustav",174,Uncommon,"Main Hand"
12982,"Ebon Blade Prisoners",Both,43844,"Ebon Pauldrons",174,Uncommon,"Shoulder"
12982,"Ebon Blade Prisoners",Both,43859,"Shadow Vault Cowl",174,Uncommon,"Head"
12982,"Ebon Blade Prisoners",Both,43910,"Gloves of the Flayed",174,Uncommon,"Hands"
12982,"Ebon Blade Prisoners",Both,43935,"Links of the Battlemender",174,Uncommon,"Chest"
12814,"You'll Need a Gryphon",Alliance,43846,"Helmet of the Dedicated",174,Uncommon,"Head"
12814,"You'll Need a Gryphon",Alliance,43879,"Gryphon Rider's Bracers",174,Uncommon,"Wrist"
12814,"You'll Need a Gryphon",Alliance,43894,"Gryphon Hide Moccasins",174,Uncommon,"Feet"
12814,"You'll Need a Gryphon",Alliance,43933,"Gauntlets of Urgency",174,Uncommon,"Hands"
12893,"Free Your Mind",Both,43849,"Chain of the Sovereign",174,Uncommon,"Neck"
12893,"Free Your Mind",Both,43874,"Lady Nightswood's Engagement Ring",174,Uncommon,"Finger"
12893,"Free Your Mind",Both,43925,"Shadow Vault Shawl",174,Uncommon,"Back"
12893,"Free Your Mind",Both,43926,"Signet of Baron Sliver",174,Uncommon,"Finger"
13130,"The Stone That Started A Revolution",Both,43855,"Adepts Wristwraps",174,Uncommon,"Wrist"
13130,"The Stone That Started A Revolution",Both,43914,"Girdle of Reprieve",174,Uncommon,"Waist"
13130,"The Stone That Started A Revolution",Both,43947,"Stability Girdle",174,Uncommon,"Waist"
13130,"The Stone That Started A Revolution",Both,43982,"Architect's Spaulders",174,Uncommon,"Shoulder"
12943,"Shadow Vault Decree",Both,43857,"Duke Lankral's Velvet Slippers",174,Uncommon,"Feet"
12943,"Shadow Vault Decree",Both,43912,"Vest of Jotunheim",174,Uncommon,"Chest"
12943,"Shadow Vault Decree",Both,43945,"Blackened Breastplate of the Vault",174,Uncommon,"Chest"
12943,"Shadow Vault Decree",Both,43980,"Thane's Restraints",174,Uncommon,"Wrist"
13043,"The Sum is Greater than the Parts",Both,43861,"Bone Witch's Drape",174,Uncommon,"Back"
13043,"The Sum is Greater than the Parts",Both,43909,"Belt of Njorndar",174,Uncommon,"Waist"
13043,"The Sum is Greater than the Parts",Both,43944,"Rings of Nergeld",174,Uncommon,"Wrist"
13043,"The Sum is Greater than the Parts",Both,43979,"Glaciel Ranger's Leggings",174,Uncommon,"Legs"
13091,"The Art of Being a Water Terror",Both,43863,"Pantaloons of the Water Magi",174,Uncommon,"Legs"
13091,"The Art of Being a Water Terror",Both,43907,"Spear-Sisters Mantle",174,Uncommon,"Shoulder"
13091,"The Art of Being a Water Terror",Both,43942,"Jotunheim Shackles",174,Uncommon,"Wrist"
13091,"The Art of Being a Water Terror",Both,43977,"Links of the Sleep-Watcher",174,Uncommon,"Chest"
13137,"Not-So-Honorable Combat",Alliance,44016,"Wristguard of the Bone Witch",174,Rare,"Wrist"
13137,"Not-So-Honorable Combat",Alliance,44036,"Njorndar Furywraps",174,Rare,"Wrist"
13137,"Not-So-Honorable Combat",Alliance,44037,"Iskalder's Fate",174,Rare,"Wrist"
13137,"Not-So-Honorable Combat",Alliance,44038,"Battlescar Spirebands",174,Rare,"Wrist"
12852,"The Admiral Revealed",undefined,44017,"Emeline's Locket",174,Rare,"Neck"
12852,"The Admiral Revealed",undefined,44033,"The Severed Noose of Westwind",174,Rare,"Neck"
12852,"The Admiral Revealed",undefined,44035,"Reinforced Titanium Neckguard",174,Rare,"Neck"
12852,"The Admiral Revealed",undefined,44034,"Amulet of the Crusade",174,Rare,"Neck"
13308,"Mind Tricks",Alliance,44021,"The Darkspeaker's Footpads",174,Rare,"Feet"
13308,"Mind Tricks",Alliance,44024,"The Darkspeaker's Treads",174,Rare,"Feet"
13308,"Mind Tricks",Alliance,44030,"The Darkspeaker's Sabatons",174,Rare,"Feet"
13308,"Mind Tricks",Alliance,44031,"The Darkspeaker's Iron Walkers",174,Rare,"Feet"
13124,"The Struggle Persists",Horde,44334,"Ring of Temerity",175,Rare,"Finger"
13124,"The Struggle Persists",Horde,44335,"Band of Motivation",175,Rare,"Finger"
13124,"The Struggle Persists",Horde,44336,"Flourishing Band",175,Rare,"Finger"
13124,"The Struggle Persists",Horde,44337,"Staunch Signet",175,Rare,"Finger"
13128,"A Wing and a Prayer",Horde,44338,"Cuffs of Gratitude",175,Rare,"Wrist"
13128,"A Wing and a Prayer",Horde,44340,"Bindings of Raelorasz",175,Rare,"Wrist"
13128,"A Wing and a Prayer",Horde,44339,"Soaring Wristwraps",175,Rare,"Wrist"
13128,"A Wing and a Prayer",Horde,44341,"Bracers of Reverence",175,Rare,"Wrist"
13159,"Containment",Both,44342,"Tattooed Deerskin Leggings",167,Rare,"Legs"
13159,"Containment",Both,44343,"Conferred Pantaloons",167,Rare,"Legs"
13159,"Containment",Both,44345,"Dalaran Warden's Legplates",167,Rare,"Legs"
13159,"Containment",Both,44344,"Labyrinthine Legguards",167,Rare,"Legs"
13187,"The Faceless Ones",Both,44350,"Mantle of Thwarted Evil",163,Rare,"Shoulder"
13187,"The Faceless Ones",Both,44351,"Shoulderpads of Abhorrence",163,Rare,"Shoulder"
13187,"The Faceless Ones",Both,44352,"Shoulderplates of the Abolished",163,Rare,"Shoulder"
13187,"The Faceless Ones",Both,44353,"Epaulets of the Faceless Ones",163,Rare,"Shoulder"
13413,"Aces High!",undefined,44354,"Assault Hauberk",174,Rare,"Chest"
13413,"Aces High!",undefined,44355,"Incursion Vestments",167,Rare,"Chest"
13413,"Aces High!",undefined,44356,"Vest of the Assailant",167,Rare,"Chest"
13413,"Aces High!",undefined,44357,"Besieging Breastplate",167,Rare,"Chest"
13167,"Death to the Traitor King",Both,44358,"Kilix's Silk Slippers",159,Rare,"Feet"
13167,"Death to the Traitor King",Both,44359,"Don Soto's Boots",159,Rare,"Feet"
13167,"Death to the Traitor King",Both,44360,"Husk Shard Sabatons",159,Rare,"Feet"
13167,"Death to the Traitor King",Both,44361,"Greaves of the Traitor",159,Rare,"Feet"
13182,"Don't Forget the Eggs!",Both,44362,"Expelling Gauntlets",159,Rare,"Hands"
13182,"Don't Forget the Eggs!",Both,44363,"Purging Handguards",159,Rare,"Hands"
13182,"Don't Forget the Eggs!",Both,44364,"Wraps of Quelled Bane",159,Rare,"Hands"
13182,"Don't Forget the Eggs!",Both,44365,"Gloves of Banished Infliction",159,Rare,"Hands"
13129,"Head Games",Horde,44366,"Shameful Cuffs",159,Rare,"Wrist"
13129,"Head Games",Horde,44367,"Scorned Bands",159,Rare,"Wrist"
13129,"Head Games",Horde,44368,"Accused Wristguards",159,Rare,"Wrist"
13129,"Head Games",Horde,44369,"Disavowed Bracers",159,Rare,"Wrist"
13207,"Halls of Stone",Both,44370,"Mantle of the Intrepid Explorer",175,Rare,"Shoulder"
13207,"Halls of Stone",Both,44372,"Spaulders of Lost Secrets",175,Rare,"Shoulder"
13207,"Halls of Stone",Both,44371,"Shoulderpads of the Adventurer",175,Rare,"Shoulder"
13207,"Halls of Stone",Both,44373,"Pauldrons of Reconnaissance",175,Rare,"Shoulder"
13205,"Disarmament",Alliance,44375,"Razor-Blade Pendant",151,Rare,"Neck"
13205,"Disarmament",Alliance,44376,"Necklace of Fragmented Light",151,Rare,"Neck"
13205,"Disarmament",Alliance,44374,"Amulet of the Tranquil Mind",151,Rare,"Neck"
13205,"Disarmament",Alliance,44377,"Woven Steel Necklace",151,Rare,"Neck"
13219,"Battle at Valhalas: Final Challenge",undefined,44382,"Robes of Refrained Celebration",183,Rare,"Chest"
13219,"Battle at Valhalas: Final Challenge",undefined,44383,"Battleplate of Unheard Ovation",183,Rare,"Chest"
13219,"Battle at Valhalas: Final Challenge",undefined,44385,"Tunic of the Unduly Victorious",183,Rare,"Chest"
13219,"Battle at Valhalas: Final Challenge",undefined,44384,"Chestguard of Unwanted Success",183,Rare,"Chest"
13151,"A Royal Escort",Both,44396,"Gloves of the Time Guardian",187,Rare,"Hands"
13151,"A Royal Escort",Both,44397,"Handwraps of Preserved History",187,Rare,"Hands"
13151,"A Royal Escort",Both,44398,"Grips of Chronological Events",187,Rare,"Hands"
13151,"A Royal Escort",Both,44399,"Gauntlets of The Culling",187,Rare,"Hands"
13206,"Disarmament",Horde,44400,"Necklace of Calm Skies",146,Rare,"Neck"
13206,"Disarmament",Horde,44401,"Hundred Tooth Necklace",146,Rare,"Neck"
13206,"Disarmament",Horde,44403,"Amulet of Constrained Power",146,Rare,"Neck"
13206,"Disarmament",Horde,44402,"Tiled-Stone Pendant",146,Rare,"Neck"
13131,"Junk in My Trunk",Both,44404,"Bauble-Woven Gown",187,Rare,"Chest"
13131,"Junk in My Trunk",Both,44405,"Exotic Leather Tunic",187,Rare,"Chest"
13131,"Junk in My Trunk",Both,44406,"Gilded Ringmail Hauberk",187,Rare,"Chest"
13131,"Junk in My Trunk",Both,44407,"Silver-Plated Battlechest",187,Rare,"Chest"
13384,"Judgment at the Eye of Eternity",undefined,44657,"Torque of the Red Dragonflight",213,Epic,"Neck"
13384,"Judgment at the Eye of Eternity",undefined,44658,"Chain of the Ancient Wyrm",213,Epic,"Neck"
13384,"Judgment at the Eye of Eternity",undefined,44659,"Pendant of the Dragonsworn",213,Epic,"Neck"
13384,"Judgment at the Eye of Eternity",undefined,44660,"Drakescale Collar",213,Epic,"Neck"
13385,"Heroic Judgment at the Eye of Eternity",undefined,44665,"Nexus War Champion Beads",226,Epic,"Neck"
13385,"Heroic Judgment at the Eye of Eternity",undefined,44661,"Wyrmrest Necklace of Power",226,Epic,"Neck"
13385,"Heroic Judgment at the Eye of Eternity",undefined,44662,"Life-Binder's Locket",226,Epic,"Neck"
13385,"Heroic Judgment at the Eye of Eternity",undefined,44664,"Favor of the Dragon Queen",226,Epic,"Neck"
1046,"Raene's Cleansing",Both,1116,"Ring of Pure Silver",31,Uncommon,"Finger"
1046,"Raene's Cleansing",Both,5815,"Glacial Stone",31,Uncommon,"Two-Hand"
1046,"Raene's Cleansing",Both,17046,"Gutterblade",31,Uncommon,"One-Hand"
104,"The Coastal Menace",Both,1172,"Grayson's Torch",21,Uncommon,"Held In Off-hand"
104,"The Coastal Menace",Both,1557,"Buckler of the Seas",20,Uncommon,"Off Hand"
104,"The Coastal Menace",Both,5240,"Torchlight Wand",21,Uncommon,"Ranged"
275,"Blisters on The Land",Both,1273,"Forest Chain",25,Uncommon,"Chest"
275,"Blisters on The Land",Both,2263,"Phytoblade",25,Uncommon,"One-Hand"
275,"Blisters on The Land",Both,3558,"Fen Keeper Robe",25,Uncommon,"Chest"
219,"Missing In Action",Alliance,1275,"Deputy Chain Coat",25,Uncommon,"Chest"
219,"Missing In Action",Alliance,3431,"Bone-studded Leather",25,Uncommon,"Chest"
219,"Missing In Action",Alliance,3555,"Robe of Solomon",25,Uncommon,"Chest"
89,"The Everstill Bridge",Alliance,1303,"Bridgeworker's Gloves",20,Uncommon,"Hands"
89,"The Everstill Bridge",Alliance,1304,"Riding Gloves",20,Uncommon,"Hands"
89,"The Everstill Bridge",Alliance,1310,"Smith's Trousers",20,Uncommon,"Legs"
217,"In Defense of the King's Lands",Alliance,1436,"Frontier Britches",17,Uncommon,"Legs"
217,"In Defense of the King's Lands",Alliance,1832,"Lucky Trousers",17,Uncommon,"Legs"
217,"In Defense of the King's Lands",Alliance,6187,"Dwarven Defender",17,Uncommon,"Off Hand"
14,"The People's Militia",Alliance,1480,"Fist of the People's Militia",17,Uncommon,"One-Hand"
14,"The People's Militia",Alliance,1566,"Edge of the People's Militia",17,Uncommon,"Two-Hand"
14,"The People's Militia",Alliance,12296,"Spark of the People's Militia",17,Uncommon,"Ranged"
223,"Worgen in the Woods",Alliance,1547,"Shield of the Faith",30,Uncommon,"Off Hand"
223,"Worgen in the Woods",Alliance,2902,"Cloak of the Faith",30,Uncommon,"Back"
223,"Worgen in the Woods",Alliance,5244,"Consecrated Wand",30,Uncommon,"Ranged"
166,"The Defias Brotherhood",Alliance,2042,"Staff of Westfall",24,Rare,"Two-Hand"
166,"The Defias Brotherhood",Alliance,2041,"Tunic of Westfall",24,Rare,"Chest"
166,"The Defias Brotherhood",Alliance,6087,"Chausses of Westfall",24,Rare,"Legs"
214,"Red Silk Bandanas",Alliance,2074,"Solid Shortblade",18,Uncommon,"One-Hand"
214,"Red Silk Bandanas",Alliance,2089,"Scrimshaw Dagger",18,Uncommon,"One-Hand"
214,"Red Silk Bandanas",Alliance,6094,"Piercing Axe",18,Uncommon,"Two-Hand"
501,"Elixir of Pain",Horde,2230,"Gloves of Brawn",24,Uncommon,"Hands"
501,"Elixir of Pain",Horde,3741,"Stomping Boots",24,Uncommon,"Feet"
501,"Elixir of Pain",Horde,6482,"Firewalker Boots",24,Uncommon,"Feet"
452,"Pyrewood Ambush",Horde,2818,"Stretched Leather Trousers",15,Uncommon,"Legs"
452,"Pyrewood Ambush",Horde,3449,"Mystic Shawl",15,Uncommon,"Back"
452,"Pyrewood Ambush",Horde,3450,"Faerleia's Shield",15,Uncommon,"Off Hand"
314,"Protecting the Herd",Alliance,2817,"Soft Leather Tunic",12,Uncommon,"Chest"
314,"Protecting the Herd",Alliance,3103,"Coldridge Hammer",12,Uncommon,"Two-Hand"
314,"Protecting the Herd",Alliance,10549,"Rancher's Trousers",12,Uncommon,"Legs"
307,"Filthy Paws",Alliance,3161,"Robe of the Keeper",15,Uncommon,"Chest"
307,"Filthy Paws",Alliance,3160,"Ironplate Buckler",15,Uncommon,"Off Hand"
307,"Filthy Paws",Alliance,3166,"Ironheart Chain",15,Uncommon,"Chest"
297,"Gathering Idols",Alliance,3154,"Thelsamar Axe",18,Uncommon,"One-Hand"
297,"Gathering Idols",Alliance,5241,"Dwarven Flamestick",18,Uncommon,"Ranged"
297,"Gathering Idols",Alliance,6186,"Trogg Slicer",18,Uncommon,"Two-Hand"
491,"Wand to Bethor",Horde,3457,"Stamped Trousers",18,Uncommon,"Legs"
491,"Wand to Bethor",Horde,3458,"Rugged Mail Gloves",18,Uncommon,"Hands"
491,"Wand to Bethor",Horde,3581,"Serrated Knife",18,Uncommon,"One-Hand"
1370,"Stealing Supplies",Both,3464,"Feathered Arrow",35,Uncommon,"Ammo"
1370,"Stealing Supplies",Both,3465,"Exploding Shot",36,Uncommon,"Ammo"
1370,"Stealing Supplies",Both,32378,"Silver Star",37,Uncommon,"Thrown"
296,"Ormer's Revenge",Both,3493,"Raptor's End",30,Uncommon,"Ranged"
296,"Ormer's Revenge",Both,3566,"Raptorbane Armor",29,Uncommon,"Chest"
296,"Ormer's Revenge",Both,5246,"Excavation Rod",30,Uncommon,"Ranged"
153,"Red Leather Bandanas",Alliance,3511,"Cloak of the People's Militia",15,Uncommon,"Back"
153,"Red Leather Bandanas",Alliance,5944,"Greaves of the People's Militia",15,Uncommon,"Feet"
153,"Red Leather Bandanas",Alliance,12295,"Leggings of the People's Militia",15,Uncommon,"Legs"
99,"Arugal's Folly",Horde,3570,"Bonegrinding Pestle",16,Uncommon,"One-Hand"
99,"Arugal's Folly",Horde,3586,"Logsplitter",16,Uncommon,"Two-Hand"
99,"Arugal's Folly",Horde,5242,"Cinder Wand",16,Uncommon,"Ranged"
567,"Dangerous!",Horde,3743,"Sentry Buckler",28,Uncommon,"Off Hand"
567,"Dangerous!",Horde,3742,"Bow of Plunder",28,Uncommon,"Ranged"
567,"Dangerous!",Horde,5250,"Charred Wand",28,Uncommon,"Ranged"
1102,"A Vengeful Fate",Horde,4197,"Berylline Pads",36,Rare,"Shoulder"
1102,"A Vengeful Fate",Horde,6725,"Marbled Buckler",36,Rare,"Off Hand"
1102,"A Vengeful Fate",Horde,6742,"Stonefist Girdle",36,Rare,"Waist"
1051,"Vorrel's Revenge",Horde,4643,"Grimsteel Cape",33,Uncommon,"Back"
1051,"Vorrel's Revenge",Horde,7751,"Vorrel's Boots",30,Uncommon,"Feet"
1051,"Vorrel's Revenge",Horde,7750,"Mantle of Woe",33,Uncommon,"Shoulder"
827,"Skull Rock",Horde,4939,"Steady Bastard Sword",11,Uncommon,"Two-Hand"
827,"Skull Rock",Horde,4948,"Stinging Mace",11,Uncommon,"One-Hand"
827,"Skull Rock",Horde,4947,"Jagged Dagger",11,Uncommon,"One-Hand"
876,"Serena Bloodfeather",Horde,5279,"Harpy Skinner",20,Uncommon,"One-Hand"
876,"Serena Bloodfeather",Horde,5321,"Elegant Shortsword",20,Uncommon,"One-Hand"
876,"Serena Bloodfeather",Horde,5318,"Zhovur Axe",20,Uncommon,"Two-Hand"
913,"Cry of the Thunderhawk",Horde,5299,"Gloves of the Moon",20,Uncommon,"Hands"
913,"Cry of the Thunderhawk",Horde,5302,"Cobalt Buckler",20,Uncommon,"Off Hand"
913,"Cry of the Thunderhawk",Horde,5306,"Wind Rider Staff",20,Uncommon,"Two-Hand"
4740,"WANTED: Murkdeep!",Alliance,5315,"Timberland Armguards",18,Uncommon,"Wrist"
4740,"WANTED: Murkdeep!",Alliance,15403,"Ridgeback Bracers",18,Uncommon,"Wrist"
4740,"WANTED: Murkdeep!",Alliance,15404,"Breakwater Girdle",18,Uncommon,"Waist"
855,"Centaur Bracers",Horde,5344,"Pointed Axe",14,Uncommon,"One-Hand"
855,"Centaur Bracers",Horde,5346,"Orcish Battle Bow",14,Uncommon,"Ranged"
855,"Centaur Bracers",Horde,5345,"Stonewood Hammer",14,Uncommon,"Two-Hand"
873,"Isha Awak",Horde,5357,"Ward of the Vale",27,Uncommon,"Off Hand"
873,"Isha Awak",Horde,5355,"Beastmaster's Girdle",28,Uncommon,"Waist"
873,"Isha Awak",Horde,5356,"Branding Rod",27,Uncommon,"Ranged"
957,"Bashal'Aran",Alliance,5604,"Elven Wand",13,Uncommon,"Ranged"
957,"Bashal'Aran",Alliance,5617,"Vagabond Leggings",13,Uncommon,"Legs"
957,"Bashal'Aran",Alliance,7229,"Explorer's Vest",13,Uncommon,"Chest"
741,"The Absent Minded Prospector",Both,5630,"Windfelt Gloves",20,Uncommon,"Hands"
741,"The Absent Minded Prospector",Both,5629,"Hammerfist Gloves",20,Uncommon,"Hands"
741,"The Absent Minded Prospector",Both,11936,"Relic Hunter Belt",20,Uncommon,"Waist"
1035,"Fallen Sky Lake",Both,5814,"Snapbrook Armor",30,Uncommon,"Chest"
1035,"Fallen Sky Lake",Both,6722,"Beastial Manacles",30,Uncommon,"Wrist"
1035,"Fallen Sky Lake",Both,17047,"Luminescent Amice",30,Uncommon,"Shoulder"
176,"Wanted: "Hogger"",Alliance,6084,"Stormwind Guard Leggings",13,Uncommon,"Legs"
176,"Wanted: "Hogger"",Alliance,6085,"Footman Tunic",13,Uncommon,"Chest"
176,"Wanted: "Hogger"",Alliance,6215,"Balanced Fighting Stick",13,Uncommon,"Two-Hand"
1089,"The Den",Horde,6669,"Sacred Band",25,Uncommon,"Finger"
1089,"The Den",Horde,6670,"Panther Armor",27,Uncommon,"Chest"
1089,"The Den",Horde,6671,"Juggernaut Leggings",27,Uncommon,"Legs"
1144,"Willix the Importer",Both,6748,"Monkey Ring",31,Uncommon,"Finger"
1144,"Willix the Importer",Both,6749,"Tiger Band",31,Uncommon,"Finger"
1144,"Willix the Importer",Both,6750,"Snake Hoop",31,Uncommon,"Finger"
14355,"Into The Scarlet Monastery",Horde,6803,"Prophetic Cane",44,Rare,"Held In Off-hand"
14355,"Into The Scarlet Monastery",Horde,6802,"Sword of Omen",44,Rare,"One-Hand"
14355,"Into The Scarlet Monastery",Horde,10711,"Dragon's Blood Necklace",44,Rare,"Neck"
1792,"Whirlwind Weapon",Both,6975,"Whirlwind Axe",40,Rare,"Two-Hand"
1792,"Whirlwind Weapon",Both,6977,"Whirlwind Sword",40,Rare,"Two-Hand"
1792,"Whirlwind Weapon",Both,6976,"Whirlwind Warhammer",40,Rare,"Two-Hand"
1952,"Mage's Wand",Both,7514,"Icefury Wand",40,Rare,"Ranged"
1952,"Mage's Wand",Both,7513,"Ragefire Wand",40,Rare,"Ranged"
1952,"Mage's Wand",Both,11263,"Nether Force Wand",40,Rare,"Ranged"
1049,"Compendium of the Fallen",Horde,7747,"Vile Protector",41,Uncommon,"Off Hand"
1049,"Compendium of the Fallen",Horde,7749,"Omega Orb",41,Uncommon,"Held In Off-hand"
1049,"Compendium of the Fallen",Horde,17508,"Forcestone Buckler",41,Uncommon,"Off Hand"
2418,"Power Stones",Both,9522,"Energized Stone Circle",36,Uncommon,"Off Hand"
2418,"Power Stones",Both,10358,"Duracin Bracers",36,Uncommon,"Wrist"
2418,"Power Stones",Both,10359,"Everlast Boots",36,Uncommon,"Feet"
2841,"Rig Wars",Both,9625,"Dual Reinforced Leggings",37,Rare,"Legs"
2841,"Rig Wars",Both,9624,"Triprunner Dungarees",37,Rare,"Legs"
2841,"Rig Wars",Both,9623,"Civinad Robes",37,Rare,"Chest"
2929,"The Grand Betrayal",Alliance,9625,"Dual Reinforced Leggings",37,Rare,"Legs"
2929,"The Grand Betrayal",Alliance,9624,"Triprunner Dungarees",37,Rare,"Legs"
2929,"The Grand Betrayal",Alliance,9623,"Civinad Robes",37,Rare,"Chest"
864,"Return to Apothecary Zinge",Horde,9635,"Master Apothecary Cape",45,Uncommon,"Back"
864,"Return to Apothecary Zinge",Horde,9634,"Skilled Handling Gloves",46,Uncommon,"Hands"
864,"Return to Apothecary Zinge",Horde,11502,"Loreskin Shoulders",46,Uncommon,"Shoulder"
2938,"Venom to the Undercity",Horde,9649,"Royal Highmark Vestments",55,Rare,"Chest"
2938,"Venom to the Undercity",Horde,9650,"Honorguard Chestpiece",55,Rare,"Chest"
2938,"Venom to the Undercity",Horde,10686,"Aegis of Battle",55,Rare,"Off Hand"
1427,"Threat From the Sea",Horde,9680,"Tok'kar's Murloc Shanker",43,Uncommon,"One-Hand"
1427,"Threat From the Sea",Horde,9678,"Tok'kar's Murloc Basher",43,Uncommon,"Two-Hand"
1427,"Threat From the Sea",Horde,9679,"Tok'kar's Murloc Chopper",43,Uncommon,"Two-Hand"
3625,"Enchanted Azsharite Fel Weaponry",Both,10696,"Enchanted Azsharite Felbane Sword",60,Uncommon,"One-Hand"
3625,"Enchanted Azsharite Fel Weaponry",Both,10698,"Enchanted Azsharite Felbane Staff",60,Uncommon,"Two-Hand"
3625,"Enchanted Azsharite Fel Weaponry",Both,10697,"Enchanted Azsharite Felbane Dagger",60,Uncommon,"One-Hand"
3566,"Rise, Obsidion!",Both,10739,"Ring of Fortitude",53,Uncommon,"Finger"
3566,"Rise, Obsidion!",Both,10741,"Lordrec Helmet",53,Uncommon,"Head"
3566,"Rise, Obsidion!",Both,10740,"Centurion Legplates",53,Uncommon,"Legs"
3463,"Set Them Ablaze!",Both,10744,"Axe of the Ebon Drake",51,Uncommon,"One-Hand"
3463,"Set Them Ablaze!",Both,10742,"Dragonflight Leggings",51,Uncommon,"Legs"
3463,"Set Them Ablaze!",Both,10743,"Drakefire Headguard",51,Uncommon,"Head"
3528,"The God Hakkar",Both,10749,"Avenguard Helm",54,Rare,"Head"
3528,"The God Hakkar",Both,10751,"Gemburst Circlet",54,Rare,"Head"
3528,"The God Hakkar",Both,10750,"Lifeforce Dirk",54,Rare,"One-Hand"
4300,"Bone-Bladed Weapons",Both,11863,"White Bone Shredder",52,Uncommon,"Off Hand"
4300,"Bone-Bladed Weapons",Both,11862,"White Bone Band",52,Uncommon,"Finger"
4300,"Bone-Bladed Weapons",Both,11864,"White Bone Spear",52,Uncommon,"Two-Hand"
4136,"Ribbly Screwspigot",Both,11865,"Rancor Boots",53,Uncommon,"Feet"
4136,"Ribbly Screwspigot",Both,11963,"Penance Spaulders",53,Uncommon,"Shoulder"
4136,"Ribbly Screwspigot",Both,12049,"Splintsteel Armor",53,Uncommon,"Chest"
4510,"Calm Before the Storm",Alliance,11870,"Oblivion Orb",54,Uncommon,"Held In Off-hand"
4510,"Calm Before the Storm",Alliance,11871,"Snarkshaw Spaulders",54,Uncommon,"Shoulder"
4510,"Calm Before the Storm",Alliance,11872,"Eschewal Greaves",54,Uncommon,"Feet"
4511,"Calm Before the Storm",Both,11870,"Oblivion Orb",54,Uncommon,"Held In Off-hand"
4511,"Calm Before the Storm",Both,11871,"Snarkshaw Spaulders",54,Uncommon,"Shoulder"
4511,"Calm Before the Storm",Both,11872,"Eschewal Greaves",54,Uncommon,"Feet"
3962,"It's Dangerous to Go Alone",Both,11904,"Spirit of Aquementas",56,Uncommon,"Held In Off-hand"
3962,"It's Dangerous to Go Alone",Both,11902,"Linken's Sword of Mastery",56,Uncommon,"Main Hand"
3962,"It's Dangerous to Go Alone",Both,11905,"Linken's Boomerang",56,Uncommon,"Trinket"
4491,"A Little Help From My Friends",Both,11911,"Treetop Leggings",55,Uncommon,"Legs"
4491,"A Little Help From My Friends",Both,11910,"Bejeweled Legguards",55,Uncommon,"Legs"
4491,"A Little Help From My Friends",Both,11913,"Clayridge Helm",55,Uncommon,"Head"
4503,"Shizzle's Flyer",Both,11915,"Shizzle's Drizzle Blocker",55,Uncommon,"Off Hand"
4503,"Shizzle's Flyer",Both,11916,"Shizzle's Muzzle",55,Uncommon,"Shoulder"
4503,"Shizzle's Flyer",Both,11917,"Shizzle's Nozzle Wiper",55,Uncommon,"Wrist"
4242,"Abandoned Hope",Alliance,12018,"Conservator Helm",54,Uncommon,"Head"
4242,"Abandoned Hope",Alliance,12021,"Shieldplate Sabatons",54,Uncommon,"Feet"
4242,"Abandoned Hope",Alliance,12041,"Windshear Leggings",54,Uncommon,"Legs"
4322,"Jail Break!",Alliance,12061,"Blade of Reckoning",60,Uncommon,"One-Hand"
4322,"Jail Break!",Alliance,12062,"Skilled Fighting Blade",60,Uncommon,"One-Hand"
4322,"Jail Break!",Alliance,12065,"Ward of the Elements",60,Uncommon,"Trinket"
4024,"A Taste of Flame",Both,12066,"Shaleskin Cape",58,Uncommon,"Back"
4024,"A Taste of Flame",Both,12082,"Wyrmhide Spaulders",58,Uncommon,"Shoulder"
4024,"A Taste of Flame",Both,12083,"Valconian Sash",58,Uncommon,"Waist"
5265,"The Argent Hold",Both,13243,"Argent Defender",62,Rare,"Off Hand"
5265,"The Argent Hold",Both,13246,"Argent Avenger",62,Rare,"One-Hand"
5265,"The Argent Hold",Both,13249,"Argent Crusader",62,Rare,"Two-Hand"
5384,"Kirtonos the Herald",Both,13544,"Spectral Essence",60,Uncommon,"Trinket"
5384,"Kirtonos the Herald",Both,15805,"Penelope's Rose",61,Rare,"Held In Off-hand"
5384,"Kirtonos the Herald",Both,15806,"Mirah's Song",61,Rare,"One-Hand"
4974,"For The Horde!",Both,13965,"Blackhand's Breadth",63,Rare,"Trinket"
4974,"For The Horde!",Both,13966,"Mark of Tyranny",63,Rare,"Trinket"
4974,"For The Horde!",Both,13968,"Eye of the Beast",63,Rare,"Trinket"
5102,"General Drakkisath's Demise",Both,13965,"Blackhand's Breadth",63,Rare,"Trinket"
5102,"General Drakkisath's Demise",Both,13966,"Mark of Tyranny",63,Rare,"Trinket"
5102,"General Drakkisath's Demise",Both,13968,"Eye of the Beast",63,Rare,"Trinket"
4763,"The Blackwood Corrupted",Both,15202,"Wildkeeper Leggings",18,Uncommon,"Legs"
4763,"The Blackwood Corrupted",Both,15203,"Guststorm Legguards",18,Uncommon,"Legs"
4763,"The Blackwood Corrupted",Both,15204,"Moonstone Wand",18,Uncommon,"Ranged"
5321,"The Sleeper Has Awakened",Alliance,15205,"Owlsight Rifle",20,Uncommon,"Ranged"
5321,"The Sleeper Has Awakened",Alliance,15207,"Steelcap Shield",20,Uncommon,"Off Hand"
5321,"The Sleeper Has Awakened",Alliance,15206,"Jadefinger Baton",20,Uncommon,"Held In Off-hand"
4813,"The Fragments Within",Both,15335,"Briarsteel Shortsword",14,Uncommon,"One-Hand"
4813,"The Fragments Within",Both,15396,"Curvewood Dagger",14,Uncommon,"One-Hand"
4813,"The Fragments Within",Both,15397,"Oakthrush Staff",14,Uncommon,"Two-Hand"
14356,"The Power to Destroy...",Both,15450,"Dredgemire Leggings",18,Uncommon,"Legs"
14356,"The Power to Destroy...",Both,15449,"Ghastly Trousers",18,Uncommon,"Legs"
14356,"The Power to Destroy...",Both,15451,"Gargoyle Leggings",18,Uncommon,"Legs"
5064,"Grimtotem Spying",Horde,15457,"Desert Shoulders",28,Uncommon,"Shoulder"
5064,"Grimtotem Spying",Horde,15458,"Tundra Boots",28,Uncommon,"Feet"
5064,"Grimtotem Spying",Horde,15459,"Grimtoll Wristguards",28,Uncommon,"Wrist"
4966,"Protect Kanati Greycloud",Horde,15461,"Lightheel Boots",25,Uncommon,"Feet"
4966,"Protect Kanati Greycloud",Horde,15463,"Palestrider Gloves",25,Uncommon,"Hands"
4966,"Protect Kanati Greycloud",Horde,15462,"Loamflake Bracers",25,Uncommon,"Wrist"
5088,"Arikara",Both,15466,"Clink Shield",28,Uncommon,"Off Hand"
5088,"Arikara",Both,15464,"Brute Hammer",28,Uncommon,"Two-Hand"
5088,"Arikara",Both,15465,"Stingshot Wand",28,Uncommon,"Ranged"
6142,"Clam Bait",Horde,15585,"Pardoc Grips",35,Uncommon,"Hands"
6142,"Clam Bait",Horde,15588,"Bracesteel Belt",35,Uncommon,"Waist"
6142,"Clam Bait",Horde,15587,"Ringtail Girdle",35,Uncommon,"Waist"
5943,"Gizelton Caravan",Both,15691,"Sidegunner Shottie",38,Uncommon,"Ranged"
5943,"Gizelton Caravan",Both,15692,"Kodo Brander",38,Uncommon,"Ranged"
5943,"Gizelton Caravan",Both,15695,"Studded Ring Shield",38,Uncommon,"Off Hand"
5242,"A Final Blow",Both,15707,"Brantwood Sash",58,Uncommon,"Waist"
5242,"A Final Blow",Both,15709,"Gearforge Girdle",58,Uncommon,"Waist"
5242,"A Final Blow",Both,15708,"Blight Leather Gloves",58,Uncommon,"Hands"
5121,"High Chief Winterfall",Both,15784,"Crystal Breeze Mantle",59,Uncommon,"Shoulder"
5121,"High Chief Winterfall",Both,15786,"Fernpulse Jerkin",59,Uncommon,"Chest"
5121,"High Chief Winterfall",Both,15787,"Willow Band Hauberk",59,Uncommon,"Chest"
5253,"The Crystal of Zin-Malor",Both,15792,"Plow Wood Spaulders",58,Uncommon,"Shoulder"
5253,"The Crystal of Zin-Malor",Both,15791,"Turquoise Sash",58,Uncommon,"Waist"
5253,"The Crystal of Zin-Malor",Both,15795,"Emerald Mist Gauntlets",58,Uncommon,"Hands"
5237,"Mission Accomplished!",Alliance,15799,"Heroic Commendation Medal",58,Rare,"Neck"
5237,"Mission Accomplished!",Alliance,15801,"Valiant Shortsword",58,Rare,"One-Hand"
5237,"Mission Accomplished!",Alliance,15800,"Intrepid Shortsword",58,Rare,"One-Hand"
5238,"Mission Accomplished!",Horde,15799,"Heroic Commendation Medal",58,Rare,"Neck"
5238,"Mission Accomplished!",Horde,15801,"Valiant Shortsword",58,Rare,"One-Hand"
5238,"Mission Accomplished!",Horde,15800,"Intrepid Shortsword",58,Rare,"One-Hand"
4701,"Put Her Down",Both,15825,"Traphook Jerkin",59,Uncommon,"Chest"
4701,"Put Her Down",Both,15824,"Astoria Robes",59,Uncommon,"Chest"
4701,"Put Her Down",Both,15827,"Jadescale Breastplate",59,Uncommon,"Chest"
4724,"The Pack Mistress",Both,15825,"Traphook Jerkin",59,Uncommon,"Chest"
4724,"The Pack Mistress",Both,15824,"Astoria Robes",59,Uncommon,"Chest"
4724,"The Pack Mistress",Both,15827,"Jadescale Breastplate",59,Uncommon,"Chest"
5942,"Hidden Treasures",Both,15856,"Archlight Talisman",60,Rare,"Neck"
5942,"Hidden Treasures",Both,15857,"Magebane Scion",60,Rare,"Held In Off-hand"
5942,"Hidden Treasures",Both,15855,"Ring of Protection",60,Rare,"Finger"
824,"Je'neu of the Earthen Ring",Horde,16659,"Deftkin Belt",27,Uncommon,"Waist"
824,"Je'neu of the Earthen Ring",Horde,16661,"Soft Willow Cape",27,Uncommon,"Back"
824,"Je'neu of the Earthen Ring",Horde,16660,"Driftmire Shield",27,Uncommon,"Off Hand"
6571,"Warsong Supplies",Horde,16978,"Warsong Gauntlets",27,Rare,"Hands"
6571,"Warsong Supplies",Horde,16975,"Warsong Sash",27,Rare,"Waist"
6571,"Warsong Supplies",Horde,16977,"Warsong Boots",27,Rare,"Feet"
6041,"When Smokey Sings, I Get Violent",Both,16992,"Smokey's Explosive Launcher",60,Uncommon,"Ranged"
6041,"When Smokey Sings, I Get Violent",Both,16993,"Smokey's Fireshooter",60,Uncommon,"Ranged"
6041,"When Smokey Sings, I Get Violent",Both,17523,"Smokey's Drape",58,Uncommon,"Back"
6148,"The Scarlet Oracle, Demetria",Horde,16998,"Sacred Protector",62,Rare,"Off Hand"
6148,"The Scarlet Oracle, Demetria",Horde,16997,"Stormrager",62,Rare,"Ranged"
6148,"The Scarlet Oracle, Demetria",Horde,16996,"Gorewood Bow",62,Rare,"Ranged"
6187,"Order Must Be Restored",Both,16998,"Sacred Protector",62,Rare,"Off Hand"
6187,"Order Must Be Restored",Both,16997,"Stormrager",62,Rare,"Ranged"
6187,"Order Must Be Restored",Both,16996,"Gorewood Bow",62,Rare,"Ranged"
6136,"The Corpulent One",Horde,17002,"Ichor Spitter",61,Uncommon,"One-Hand"
6136,"The Corpulent One",Horde,17003,"Skullstone Hammer",61,Uncommon,"One-Hand"
6136,"The Corpulent One",Horde,17004,"Sarah's Guide",61,Uncommon,"Two-Hand"
6521,"An Unholy Alliance",Horde,17042,"Nail Spitter",36,Uncommon,"Ranged"
6521,"An Unholy Alliance",Horde,17039,"Skullbreaker",36,Uncommon,"One-Hand"
6521,"An Unholy Alliance",Horde,17043,"Zealot's Robe",36,Uncommon,"Chest"
14353,"An Unholy Alliance",Both,17042,"Nail Spitter",36,Uncommon,"Ranged"
14353,"An Unholy Alliance",Both,17039,"Skullbreaker",36,Uncommon,"One-Hand"
14353,"An Unholy Alliance",Both,17043,"Zealot's Robe",36,Uncommon,"Chest"
7064,"Corruption of Earth and Seed",Both,17705,"Thrash Blade",53,Rare,"One-Hand"
7064,"Corruption of Earth and Seed",Both,17743,"Resurgence Rod",53,Rare,"Two-Hand"
7064,"Corruption of Earth and Seed",Both,17753,"Verdant Keeper's Aim",53,Rare,"Ranged"
7065,"Corruption of Earth and Seed",Both,17705,"Thrash Blade",53,Rare,"One-Hand"
7065,"Corruption of Earth and Seed",Both,17743,"Resurgence Rod",53,Rare,"Two-Hand"
7065,"Corruption of Earth and Seed",Both,17753,"Verdant Keeper's Aim",53,Rare,"Ranged"
7029,"Vyletongue Corruption",Both,17768,"Woodseed Hoop",47,Uncommon,"Finger"
7029,"Vyletongue Corruption",Both,17770,"Branchclaw Gauntlets",47,Uncommon,"Hands"
7029,"Vyletongue Corruption",Both,17778,"Sagebrush Girdle",47,Uncommon,"Waist"
7041,"Vyletongue Corruption",Both,17768,"Woodseed Hoop",47,Uncommon,"Finger"
7041,"Vyletongue Corruption",Both,17770,"Branchclaw Gauntlets",47,Uncommon,"Hands"
7041,"Vyletongue Corruption",Both,17778,"Sagebrush Girdle",47,Uncommon,"Waist"
7491,"For All To See",Horde,18403,"Dragonslayer's Signet",74,Epic,"Finger"
7491,"For All To See",Horde,18404,"Onyxia Tooth Pendant",74,Epic,"Neck"
7491,"For All To See",Horde,18406,"Onyxia Blood Talisman",74,Epic,"Trinket"
7496,"Celebrating Good Times",Alliance,18403,"Dragonslayer's Signet",74,Epic,"Finger"
7496,"Celebrating Good Times",Alliance,18404,"Onyxia Tooth Pendant",74,Epic,"Neck"
7496,"Celebrating Good Times",Alliance,18406,"Onyxia Blood Talisman",74,Epic,"Trinket"
7462,"The Treasure of the Shen'dralar",Both,18420,"Bonecrusher",63,Rare,"Two-Hand"
7462,"The Treasure of the Shen'dralar",Both,18421,"Backwood Helm",63,Rare,"Head"
7462,"The Treasure of the Shen'dralar",Both,18424,"Sedge Boots",63,Rare,"Feet"
7877,"The Treasure of the Shen'dralar",Both,18420,"Bonecrusher",63,Rare,"Two-Hand"
7877,"The Treasure of the Shen'dralar",Both,18421,"Backwood Helm",63,Rare,"Head"
7877,"The Treasure of the Shen'dralar",Both,18424,"Sedge Boots",63,Rare,"Feet"
7181,"The Legend of Korrak",Both,19106,"Ice Barbed Spear",63,Rare,"Two-Hand"
7181,"The Legend of Korrak",Both,19107,"Bloodseeker",63,Rare,"Ranged"
7181,"The Legend of Korrak",Both,19108,"Wand of Biting Cold",63,Rare,"Ranged"
7202,"Korrak the Bloodrager",Both,19106,"Ice Barbed Spear",63,Rare,"Two-Hand"
7202,"Korrak the Bloodrager",Both,19107,"Bloodseeker",63,Rare,"Ranged"
7202,"Korrak the Bloodrager",Both,19108,"Wand of Biting Cold",63,Rare,"Ranged"
8183,"The Heart of Hakkar",Both,19948,"Zandalarian Hero Badge",68,Epic,"Trinket"
8183,"The Heart of Hakkar",Both,19949,"Zandalarian Hero Medallion",68,Epic,"Trinket"
8183,"The Heart of Hakkar",Both,19950,"Zandalarian Hero Charm",68,Epic,"Trinket"
8236,"The Azure Key",Both,19982,"Duskbat Drape",52,Rare,"Back"
8236,"The Azure Key",Both,19984,"Ebon Mask",52,Rare,"Head"
8236,"The Azure Key",Both,20255,"Whisperwalk Boots",52,Rare,"Feet"
8232,"The Green Drake",Both,19991,"Devilsaur Eye",52,Rare,"Trinket"
8232,"The Green Drake",Both,19992,"Devilsaur Tooth",52,Rare,"Trinket"
8232,"The Green Drake",Both,20083,"Hunting Spear",52,Rare,"Two-Hand"
8257,"Blood of Morphaz",Both,20006,"Circle of Hope",52,Rare,"Finger"
8257,"Blood of Morphaz",Both,20082,"Woestave",52,Rare,"Ranged"
8257,"Blood of Morphaz",Both,19990,"Blessed Prayer Beads",52,Rare,"Trinket"
8253,"Destroy Morphaz",Both,20037,"Arcane Crystal Pendant",52,Rare,"Neck"
8253,"Destroy Morphaz",Both,20035,"Glacial Spike",52,Rare,"One-Hand"
8253,"Destroy Morphaz",Both,20036,"Fire Ruby",52,Rare,"Trinket"
8425,"Voodoo Feathers",Both,20130,"Diamond Flask",52,Rare,"Trinket"
8425,"Voodoo Feathers",Both,20517,"Razorsteel Shoulders",52,Rare,"Shoulder"
8425,"Voodoo Feathers",Both,20521,"Fury Visor",52,Rare,"Head"
8413,"Da Voodoo",Both,20369,"Azurite Fists",52,Rare,"Hands"
8413,"Da Voodoo",Both,20503,"Enamored Water Spirit",52,Rare,"Trinket"
8413,"Da Voodoo",Both,20556,"Wildstaff",52,Rare,"Two-Hand"
8422,"Trolls of a Feather",Both,20530,"Robes of Servitude",52,Rare,"Chest"
8422,"Trolls of a Feather",Both,20534,"Abyss Shard",52,Rare,"Trinket"
8422,"Trolls of a Feather",Both,20536,"Soul Harvester",52,Rare,"Two-Hand"
8548,"Volunteer's Battlegear",Both,21178,"Gloves of Earthen Power",62,Rare,"Hands"
8548,"Volunteer's Battlegear",Both,21179,"Band of Earthen Wrath",62,Rare,"Finger"
8548,"Volunteer's Battlegear",Both,21187,"Earthweave Cloak",62,Rare,"Back"
8572,"Veteran's Battlegear",Both,21181,"Grace of Earth",66,Rare,"Trinket"
8572,"Veteran's Battlegear",Both,21182,"Band of Earthen Might",66,Rare,"Finger"
8572,"Veteran's Battlegear",Both,21183,"Earthpower Vest",66,Rare,"Chest"
8959,"Anthion's Parting Words",Alliance,21995,"Boots of Heroism",60,Epic,"Feet"
8959,"Anthion's Parting Words",Alliance,22000,"Legplates of Heroism",66,Rare,"Legs"
8959,"Anthion's Parting Words",Alliance,22001,"Spaulders of Heroism",65,Rare,"Shoulder"
9022,"Anthion's Parting Words",Horde,21995,"Boots of Heroism",60,Epic,"Feet"
9022,"Anthion's Parting Words",Horde,22000,"Legplates of Heroism",66,Rare,"Legs"
9022,"Anthion's Parting Words",Horde,22001,"Spaulders of Heroism",65,Rare,"Shoulder"
8956,"Anthion's Parting Words",Alliance,22003,"Darkmantle Boots",60,Epic,"Feet"
8956,"Anthion's Parting Words",Alliance,22007,"Darkmantle Pants",66,Rare,"Legs"
8956,"Anthion's Parting Words",Alliance,22008,"Darkmantle Spaulders",65,Rare,"Shoulder"
9020,"Anthion's Parting Words",Horde,22003,"Darkmantle Boots",60,Epic,"Feet"
9020,"Anthion's Parting Words",Horde,22007,"Darkmantle Pants",66,Rare,"Legs"
9020,"Anthion's Parting Words",Horde,22008,"Darkmantle Spaulders",65,Rare,"Shoulder"
8953,"Anthion's Parting Words",Both,22064,"Sorcerer's Boots",60,Epic,"Feet"
8953,"Anthion's Parting Words",Both,22067,"Sorcerer's Leggings",66,Rare,"Legs"
8953,"Anthion's Parting Words",Both,22068,"Sorcerer's Mantle",65,Rare,"Shoulder"
9019,"Anthion's Parting Words",Both,22082,"Virtuous Mantle",65,Rare,"Shoulder"
9019,"Anthion's Parting Words",Both,22084,"Virtuous Sandals",60,Epic,"Feet"
9019,"Anthion's Parting Words",Both,22085,"Virtuous Skirt",66,Rare,"Legs"
8954,"Anthion's Parting Words",Alliance,22087,"Soulforge Boots",60,Epic,"Feet"
8954,"Anthion's Parting Words",Alliance,22092,"Soulforge Legplates",66,Rare,"Legs"
8954,"Anthion's Parting Words",Alliance,22093,"Soulforge Spaulders",65,Rare,"Shoulder"
8951,"Anthion's Parting Words",Alliance,22107,"Feralheart Boots",60,Epic,"Feet"
8951,"Anthion's Parting Words",Alliance,22111,"Feralheart Kilt",66,Rare,"Legs"
8951,"Anthion's Parting Words",Alliance,22112,"Feralheart Spaulders",65,Rare,"Shoulder"
9016,"Anthion's Parting Words",Horde,22107,"Feralheart Boots",60,Epic,"Feet"
9016,"Anthion's Parting Words",Horde,22111,"Feralheart Kilt",66,Rare,"Legs"
9016,"Anthion's Parting Words",Horde,22112,"Feralheart Spaulders",65,Rare,"Shoulder"
9053,"A Better Ingredient",Both,22272,"Forest's Embrace",52,Rare,"Chest"
9053,"A Better Ingredient",Both,22274,"Grizzled Pelt",52,Rare,"Chest"
9053,"A Better Ingredient",Both,22458,"Moonshadow Stave",52,Rare,"Two-Hand"
9170,"Dar'Khan's Lieutenants",Horde,22996,"Reforged Quel'dorei Crest",20,Uncommon,"Off Hand"
9170,"Dar'Khan's Lieutenants",Horde,22997,"Ley-Keeper's Wand",20,Uncommon,"Ranged"
9170,"Dar'Khan's Lieutenants",Horde,22998,"Ghostclaw Leggings",20,Uncommon,"Legs"
9169,"Deactivate An'owyn",Horde,23400,"Sylastor's Cloak",16,Uncommon,"Back"
9169,"Deactivate An'owyn",Horde,23401,"Divining Crystal",16,Uncommon,"Held In Off-hand"
9169,"Deactivate An'owyn",Horde,28160,"An'telas Scale Shirt",16,Uncommon,"Chest"
9146,"Report to Captain Helios",Horde,23405,"Farstrider's Tunic",12,Uncommon,"Chest"
9146,"Report to Captain Helios",Horde,28144,"Troll Handler Gloves",12,Uncommon,"Hands"
9146,"Report to Captain Helios",Horde,28153,"Farstrider's Shield",12,Uncommon,"Off Hand"
9277,"Assault on Zeb'Nowa",Horde,23406,"Sentry Bracers",19,Uncommon,"Wrist"
9277,"Assault on Zeb'Nowa",Horde,23407,"Supple Cotton Bracer",19,Uncommon,"Wrist"
9277,"Assault on Zeb'Nowa",Horde,23408,"Farstrider's Bracers",19,Uncommon,"Wrist"
9215,"Bring Me Kel'gash's Head!",Horde,23411,"Well Crafted Staff",20,Uncommon,"Two-Hand"
9215,"Bring Me Kel'gash's Head!",Horde,23410,"Well Crafted Sword",20,Uncommon,"One-Hand"
9215,"Bring Me Kel'gash's Head!",Horde,23409,"Well Crafted Long Bow",20,Uncommon,"Ranged"
9212,"Escape from the Catacombs",Horde,23412,"Troll Kickers",17,Uncommon,"Feet"
9212,"Escape from the Catacombs",Horde,23414,"Troll Kickers",17,Uncommon,"Feet"
9212,"Escape from the Catacombs",Horde,23413,"Troll Kickers",17,Uncommon,"Feet"
9560,"Beasts of the Apocalypse!",Alliance,24109,"Thick Ravager Belt",10,Uncommon,"Waist"
9560,"Beasts of the Apocalypse!",Alliance,24107,"Ravager Chitin Tunic",10,Uncommon,"Chest"
9560,"Beasts of the Apocalypse!",Alliance,24108,"Ravager Hide Leggings",10,Uncommon,"Legs"
9522,"Never Again!",Both,24118,"Signet of Argas",32,Uncommon,"Finger"
9522,"Never Again!",Both,24120,"Seal of Argas",32,Uncommon,"Finger"
9522,"Never Again!",Both,24119,"Band of Argas",32,Uncommon,"Finger"
9536,"Never Again!",Horde,24118,"Signet of Argas",32,Uncommon,"Finger"
9536,"Never Again!",Horde,24120,"Seal of Argas",32,Uncommon,"Finger"
9536,"Never Again!",Horde,24119,"Band of Argas",32,Uncommon,"Finger"
9689,"Razormaw",Alliance,24346,"Robe of the Dragon Slayer",18,Uncommon,"Chest"
9689,"Razormaw",Alliance,24347,"Vest of the Dragon Slayer",18,Uncommon,"Chest"
9689,"Razormaw",Alliance,24348,"Tunic of the Dragon Slayer",18,Uncommon,"Chest"
9564,"Gurf's Dignity",Alliance,24438,"Fur Covered Robe",11,Uncommon,"Chest"
9564,"Gurf's Dignity",Alliance,24440,"Heavy Chain Leggings",11,Uncommon,"Legs"
9564,"Gurf's Dignity",Alliance,24439,"Savage Leggings",11,Uncommon,"Legs"
9490,"The Rock Flayer Matriarch",Alliance,25478,"Defender's Gauntlets",93,Uncommon,"Hands"
9490,"The Rock Flayer Matriarch",Alliance,25479,"Boots of the Earthcaller",93,Uncommon,"Feet"
9490,"The Rock Flayer Matriarch",Alliance,25480,"Wastewalker's Sash",93,Uncommon,"Waist"
9466,"Wanted: Blacktalon the Savage",Horde,25481,"Sunstrider's Gauntlets",93,Uncommon,"Hands"
9466,"Wanted: Blacktalon the Savage",Horde,25483,"Fine Sash",93,Uncommon,"Waist"
9466,"Wanted: Blacktalon the Savage",Horde,25482,"Venn'ren's Boots",93,Uncommon,"Feet"
9427,"Cleansing the Waters",Alliance,25484,"Telhamat Pendant",93,Uncommon,"Neck"
9427,"Cleansing the Waters",Alliance,25485,"Amaan's Signet",93,Uncommon,"Finger"
9427,"Cleansing the Waters",Alliance,25486,"Demonslayer's Wristguards",93,Uncommon,"Wrist"
9418,"Avruu's Orb",Both,25489,"Windtalker's Cloak",93,Uncommon,"Back"
9418,"Avruu's Orb",Both,25487,"Wind Dancer's Pendant",93,Uncommon,"Neck"
9418,"Avruu's Orb",Both,25488,"Signet of Aeranas",93,Uncommon,"Finger"
9370,"The Cleansing Must Be Stopped",Horde,25499,"Felblood Band",93,Uncommon,"Finger"
9370,"The Cleansing Must Be Stopped",Horde,25500,"Felforce Medallion",93,Uncommon,"Neck"
9370,"The Cleansing Must Be Stopped",Horde,25501,"Lost Anchorite's Cloak",93,Uncommon,"Back"
9391,"Marking the Path",Horde,25502,"Lightbearer's Gauntlets",90,Uncommon,"Hands"
9391,"Marking the Path",Horde,25503,"Flamehandler's Gloves",90,Uncommon,"Hands"
9391,"Marking the Path",Horde,25504,"Pilgrim's Belt",90,Uncommon,"Waist"
9545,"The Seer's Relic",Alliance,25506,"Vindicator's Chain Helm",93,Uncommon,"Head"
9545,"The Seer's Relic",Alliance,25507,"Leggings of Telhamat",93,Uncommon,"Legs"
9545,"The Seer's Relic",Alliance,25508,"Omenai Vest",93,Uncommon,"Chest"
9752,"Escape from Umbrafen",Both,25517,"Preserver's Medallion",93,Uncommon,"Neck"
9752,"Escape from Umbrafen",Both,25518,"Explorer's Leggings",93,Uncommon,"Legs"
9752,"Escape from Umbrafen",Both,25519,"Warden's Hammer",93,Uncommon,"One-Hand"
9732,"Return to the Marsh",Both,25522,"Marshstrider's Spaulders",93,Uncommon,"Shoulder"
9732,"Return to the Marsh",Both,25523,"Windcaller's Gauntlets",93,Uncommon,"Hands"
9732,"Return to the Marsh",Both,25524,"Cenarion Expedition Boots",93,Uncommon,"Feet"
9734,"Return to the Marsh",Horde,25522,"Marshstrider's Spaulders",93,Uncommon,"Shoulder"
9734,"Return to the Marsh",Horde,25523,"Windcaller's Gauntlets",93,Uncommon,"Hands"
9734,"Return to the Marsh",Horde,25524,"Cenarion Expedition Boots",93,Uncommon,"Feet"
9729,"Fhwoor Smash!",Both,25536,"Sporeggar Smasher",94,Rare,"Main Hand"
9729,"Fhwoor Smash!",Both,25538,"Sporeling Claw",94,Rare,"One-Hand"
9729,"Fhwoor Smash!",Both,25537,"Hewing Axe of the Marsh",94,Rare,"Two-Hand"
9738,"Lost in Action",Both,25540,"Dark Cloak of the Marsh",94,Rare,"Back"
9738,"Lost in Action",Both,25541,"Cenarion Ring of Casting",94,Rare,"Finger"
9738,"Lost in Action",Both,28029,"Goldenvine Wraps",94,Rare,"Wrist"
9859,"Talbuk Mastery",Both,25543,"Talbuk Sticker",105,Uncommon,"Main Hand"
9859,"Talbuk Mastery",Both,25545,"Talbuk Dirk",105,Uncommon,"One-Hand"
9859,"Talbuk Mastery",Both,25636,"Talbuk Cape",105,Uncommon,"Back"
9900,"Gava'xi",Both,25544,"Zerid's Vintage Musket",105,Uncommon,"Ranged"
9900,"Gava'xi",Both,25634,"Oshu'gun Relic",105,Uncommon,"Trinket"
9900,"Gava'xi",Both,25637,"Ethereal Sash",105,Uncommon,"Waist"
9810,"The Spirit Polluted",Both,25557,"Salvaged Ango'rosh Pauldrons",102,Uncommon,"Shoulder"
9810,"The Spirit Polluted",Both,25556,"Oversized Ogre Hauberk",102,Uncommon,"Chest"
9810,"The Spirit Polluted",Both,25558,"Ango'rosh Souleater's Cowl",102,Uncommon,"Head"
9815,"Muck Diving",Both,25561,"Muck-ridden Galoshes",79,Uncommon,"Feet"
9815,"Muck Diving",Both,25559,"Lo'ap's Tunic of Muck Diving",79,Uncommon,"Chest"
9815,"Muck Diving",Both,25560,"Lo'ap's Muck Diving Pads",79,Uncommon,"Shoulder"
9853,"Gurok the Usurper",Both,25562,"Earthen Mark of Razing",100,Rare,"Neck"
9853,"Gurok the Usurper",Both,25563,"Earthen Mark of Power",100,Rare,"Neck"
9853,"Gurok the Usurper",Both,25564,"Earthen Mark of Health",100,Rare,"Neck"
9862,"Murkblood Corrupters",Both,25566,"Judicator's Gauntlets",105,Uncommon,"Hands"
9862,"Murkblood Corrupters",Both,25565,"Spaulders of the Ring",105,Uncommon,"Shoulder"
9862,"Murkblood Corrupters",Both,25567,"Cord of the Ring",105,Uncommon,"Waist"
9863,"Vile Idolatry",Horde,25569,"Murkblood Avenger's Chestplate",105,Uncommon,"Chest"
9863,"Vile Idolatry",Horde,25568,"Warcaster's Scaled Leggings",105,Uncommon,"Legs"
9863,"Vile Idolatry",Horde,25570,"Melia's Lustrous Crown",105,Uncommon,"Head"
9874,"Stopping the Spread",Alliance,25569,"Murkblood Avenger's Chestplate",105,Uncommon,"Chest"
9874,"Stopping the Spread",Alliance,25568,"Warcaster's Scaled Leggings",105,Uncommon,"Legs"
9874,"Stopping the Spread",Alliance,25570,"Melia's Lustrous Crown",105,Uncommon,"Head"
9866,"He Will Walk The Earth...",Horde,25574,"Greenkeeper's Pantaloons",105,Uncommon,"Legs"
9866,"He Will Walk The Earth...",Horde,25575,"Thunderbringer's Guard",105,Uncommon,"Head"
9866,"He Will Walk The Earth...",Horde,25576,"Smuggler's Mitts",105,Uncommon,"Hands"
9878,"Solving the Problem",Alliance,25577,"Greenblood Pantaloons",105,Uncommon,"Legs"
9878,"Solving the Problem",Alliance,25578,"Caustic Feelers",105,Uncommon,"Hands"
9878,"Solving the Problem",Alliance,25579,"Dark Shaman's Cover",105,Uncommon,"Head"
9867,"Murkblood Leaders...",Horde,25583,"Eighty Silver Links",105,Uncommon,"Waist"
9867,"Murkblood Leaders...",Horde,25584,"Murkblood Oven Mitts",105,Uncommon,"Hands"
9867,"Murkblood Leaders...",Horde,25585,"Murkblood Avenger's Legplates",105,Uncommon,"Legs"
9873,"Ortor My Old Friend...",Alliance,25583,"Eighty Silver Links",105,Uncommon,"Waist"
9873,"Ortor My Old Friend...",Alliance,25584,"Murkblood Oven Mitts",105,Uncommon,"Hands"
9873,"Ortor My Old Friend...",Alliance,25585,"Murkblood Avenger's Legplates",105,Uncommon,"Legs"
9851,"Clefthoof Mastery",Both,25589,"Clefthoof Helm",105,Uncommon,"Head"
9851,"Clefthoof Mastery",Both,25591,"Clefthoof Gloves",105,Uncommon,"Hands"
9851,"Clefthoof Mastery",Both,25592,"Clefthoof Wristguards",105,Uncommon,"Wrist"
9856,"Windroc Mastery",Both,25593,"Windroc Greaves",105,Uncommon,"Feet"
9856,"Windroc Mastery",Both,25594,"Windroc Boots",105,Uncommon,"Feet"
9856,"Windroc Mastery",Both,25595,"Windroc Shroud",105,Uncommon,"Chest"
9933,"Message to Telaar",Alliance,25603,"Lantresor's Warblade",97,Rare,"Two-Hand"
9933,"Message to Telaar",Alliance,25605,"Burning Blade Devotee's Cinch",97,Rare,"Waist"
9933,"Message to Telaar",Alliance,25606,"Burning Blade Cultist Band",97,Rare,"Finger"
9816,"Have You Ever Seen One of These?",Horde,25610,"Fen Strider's Footguards",80,Uncommon,"Feet"
9816,"Have You Ever Seen One of These?",Horde,25611,"The Witch Doctor's Wraps",80,Uncommon,"Hands"
9816,"Have You Ever Seen One of These?",Horde,25612,"Daggerfen Mail",84,Uncommon,"Chest"
9934,"Message to Garadar",Horde,25607,"Burning Blade Cultist Band",97,Rare,"Finger"
9934,"Message to Garadar",Horde,25608,"Lantresor's Warblade",97,Rare,"Two-Hand"
9934,"Message to Garadar",Horde,25609,"Burning Blade Devotee's Cinch",97,Rare,"Waist"
9839,"Overlord Gorefist",Alliance,25618,"Telaar Courier's Cloak",96,Uncommon,"Back"
9839,"Overlord Gorefist",Alliance,25619,"Glowing Crystal Insignia",96,Uncommon,"Trinket"
9839,"Overlord Gorefist",Alliance,31770,"Marsh Bracers",96,Uncommon,"Wrist"
9847,"A Spirit Ally?",Horde,25620,"Ancient Crystal Talisman",96,Uncommon,"Trinket"
9847,"A Spirit Ally?",Horde,25621,"Serpent Spirit's Drape",96,Uncommon,"Back"
9847,"A Spirit Ally?",Horde,31770,"Marsh Bracers",96,Uncommon,"Wrist"
9907,"An Audacious Advance",Horde,25622,"Staff of the Four Golden Coins",102,Uncommon,"Two-Hand"
9907,"An Audacious Advance",Horde,25623,"Bracers of the Battle Cleric",102,Uncommon,"Wrist"
9907,"An Audacious Advance",Horde,25624,"King's Bulwark",102,Uncommon,"Off Hand"
9922,"The Twin Clefts of Nagrand",Alliance,25622,"Staff of the Four Golden Coins",102,Uncommon,"Two-Hand"
9922,"The Twin Clefts of Nagrand",Alliance,25623,"Bracers of the Battle Cleric",102,Uncommon,"Wrist"
9922,"The Twin Clefts of Nagrand",Alliance,25624,"King's Bulwark",102,Uncommon,"Off Hand"
9916,"Bleeding Hollow Supply Crates",Horde,25628,"Ogre Mauler's Badge",102,Uncommon,"Trinket"
9916,"Bleeding Hollow Supply Crates",Horde,25629,"Ogre Handler's Shooter",102,Uncommon,"Ranged"
9916,"Bleeding Hollow Supply Crates",Horde,25630,"Ogre Basher's Slippers",102,Uncommon,"Feet"
9924,"Corki's Gone Missing Again!",Alliance,25631,"Boots of the Specialist",102,Uncommon,"Feet"
9924,"Corki's Gone Missing Again!",Alliance,25632,"Wand of Happiness",102,Uncommon,"Ranged"
9924,"Corki's Gone Missing Again!",Alliance,25633,"Uniting Charm",102,Uncommon,"Trinket"
9607,"Heart of Rage",Alliance,25712,"Perfectly Balanced Cape",88,Rare,"Back"
9607,"Heart of Rage",Alliance,25713,"Holy Healing Band",88,Rare,"Finger"
9607,"Heart of Rage",Alliance,25714,"Crimson Pendant of Clarity",88,Rare,"Neck"
9608,"Heart of Rage",Horde,25712,"Perfectly Balanced Cape",88,Rare,"Back"
9608,"Heart of Rage",Horde,25713,"Holy Healing Band",88,Rare,"Finger"
9608,"Heart of Rage",Horde,25714,"Crimson Pendant of Clarity",88,Rare,"Neck"
9937,"Wanted: Durn the Hungerer",Horde,25773,"Hungering Bone Cudgel",100,Rare,"One-Hand"
9937,"Wanted: Durn the Hungerer",Horde,25774,"Azure Lightblade",100,Rare,"Main Hand"
9937,"Wanted: Durn the Hungerer",Horde,25772,"Crystalline Kopesh",100,Rare,"One-Hand"
9938,"Wanted: Durn the Hungerer",Alliance,25773,"Hungering Bone Cudgel",100,Rare,"One-Hand"
9938,"Wanted: Durn the Hungerer",Alliance,25774,"Azure Lightblade",100,Rare,"Main Hand"
9938,"Wanted: Durn the Hungerer",Alliance,25772,"Crystalline Kopesh",100,Rare,"One-Hand"
9946,"Cho'war the Pillager",Horde,25775,"Ogre Slayer's Band",100,Rare,"Finger"
9946,"Cho'war the Pillager",Horde,25776,"Ogre Slayer's Pendant",100,Rare,"Neck"
9946,"Cho'war the Pillager",Horde,25777,"Ogre Slayer's Cover",100,Rare,"Back"
9955,"Cho'war the Pillager",Alliance,25775,"Ogre Slayer's Band",100,Rare,"Finger"
9955,"Cho'war the Pillager",Alliance,25776,"Ogre Slayer's Pendant",100,Rare,"Neck"
9955,"Cho'war the Pillager",Alliance,25777,"Ogre Slayer's Cover",100,Rare,"Back"
9948,"Finding the Survivors",Horde,25778,"Manacles of Remembrance",105,Uncommon,"Wrist"
9948,"Finding the Survivors",Horde,25779,"Warmaul Slayer's Band",105,Uncommon,"Finger"
9948,"Finding the Survivors",Horde,25780,"Warmaul Defender's Cloak",105,Uncommon,"Back"
9956,"The Ravaged Caravan",Alliance,25778,"Manacles of Remembrance",105,Uncommon,"Wrist"
9956,"The Ravaged Caravan",Alliance,25779,"Warmaul Slayer's Band",105,Uncommon,"Finger"
9956,"The Ravaged Caravan",Alliance,25780,"Warmaul Defender's Cloak",105,Uncommon,"Back"
9376,"A Pilgrim's Plight",Horde,25781,"Segmented Breastplate",93,Uncommon,"Chest"
9376,"A Pilgrim's Plight",Horde,25782,"Sunstrider Legguards",93,Uncommon,"Legs"
9376,"A Pilgrim's Plight",Horde,25783,"Pilgrim's Cover",93,Uncommon,"Head"
9387,"Source of the Corruption",Horde,25914,"Broken Choker",93,Uncommon,"Neck"
9387,"Source of the Corruption",Horde,25913,"Ring of the Slain Anchorite",93,Uncommon,"Finger"
9387,"Source of the Corruption",Horde,25915,"Fallen Vindicator's Blade",93,Uncommon,"Main Hand"
10051,"Escape from Firewing Point!",Alliance,25918,"Blood-Guided Knife",96,Uncommon,"One-Hand"
10051,"Escape from Firewing Point!",Alliance,25917,"Healer's Staff of the Forest",96,Uncommon,"Two-Hand"
10051,"Escape from Firewing Point!",Alliance,25916,"Terokkar Axe",96,Uncommon,"One-Hand"
10052,"Escape from Firewing Point!",Horde,25918,"Blood-Guided Knife",96,Uncommon,"One-Hand"
10052,"Escape from Firewing Point!",Horde,25917,"Healer's Staff of the Forest",96,Uncommon,"Two-Hand"
10052,"Escape from Firewing Point!",Horde,25916,"Terokkar Axe",96,Uncommon,"One-Hand"
9424,"Makuru's Vengeance",Alliance,25919,"Sedai's Necklace",93,Uncommon,"Neck"
9424,"Makuru's Vengeance",Alliance,25920,"Sedai's Blade",93,Uncommon,"Main Hand"
9424,"Makuru's Vengeance",Alliance,25921,"Sedai's Ring",93,Uncommon,"Finger"
10042,"Kill the Shadow Council!",Alliance,25933,"Extra Sharp Blade",99,Uncommon,"One-Hand"
10042,"Kill the Shadow Council!",Alliance,25934,"Spiked Destroyer",99,Uncommon,"Two-Hand"
10042,"Kill the Shadow Council!",Alliance,25935,"Invincible Stave",99,Uncommon,"Two-Hand"
10043,"Kill the Shadow Council!",Horde,25933,"Extra Sharp Blade",99,Uncommon,"One-Hand"
10043,"Kill the Shadow Council!",Horde,25934,"Spiked Destroyer",99,Uncommon,"Two-Hand"
10043,"Kill the Shadow Council!",Horde,25935,"Invincible Stave",99,Uncommon,"Two-Hand"
10874,"Veil Shalas: Signal Fires",Both,25965,"Cloak of Grasping Talons",96,Uncommon,"Back"
10874,"Veil Shalas: Signal Fires",Both,25966,"Arakkoa Sage's Shawl",96,Uncommon,"Back"
10874,"Veil Shalas: Signal Fires",Both,25963,"Kokorek's Signet",96,Uncommon,"Finger"
10007,"Thinning the Ranks",Alliance,25972,"Deadeye's Piece",80,Uncommon,"Ranged"
10007,"Thinning the Ranks",Alliance,25973,"Dark Augur's Wand",80,Uncommon,"Ranged"
10007,"Thinning the Ranks",Alliance,25971,"Stout Oak Longbow",80,Uncommon,"Ranged"
10008,"What Happens in Terokkar Stays in Terokkar",Horde,25972,"Deadeye's Piece",80,Uncommon,"Ranged"
10008,"What Happens in Terokkar Stays in Terokkar",Horde,25973,"Dark Augur's Wand",80,Uncommon,"Ranged"
10008,"What Happens in Terokkar Stays in Terokkar",Horde,25971,"Stout Oak Longbow",80,Uncommon,"Ranged"
10161,"In Case of Emergency...",Both,25979,"Flintlocke's Piloting Pants",87,Uncommon,"Legs"
10161,"In Case of Emergency...",Both,25980,"Aerodynamic Scaled Vest",87,Uncommon,"Chest"
10161,"In Case of Emergency...",Both,25981,"Dirigible Crash Helmet",87,Uncommon,"Head"
9350,"A Peon's Work is Never Done",Horde,25982,"Foreman's Sash",87,Uncommon,"Waist"
9350,"A Peon's Work is Never Done",Horde,25983,"Heavy Miner's Belt",87,Uncommon,"Waist"
9350,"A Peon's Work is Never Done",Horde,25984,"Miner's Brace",87,Uncommon,"Shoulder"
9354,"Searching for New Materials",Alliance,25982,"Foreman's Sash",87,Uncommon,"Waist"
9354,"Searching for New Materials",Alliance,25983,"Heavy Miner's Belt",87,Uncommon,"Waist"
9354,"Searching for New Materials",Alliance,25984,"Miner's Brace",87,Uncommon,"Shoulder"
10099,"The Mastermind",Alliance,25982,"Foreman's Sash",87,Uncommon,"Waist"
10099,"The Mastermind",Alliance,25983,"Heavy Miner's Belt",87,Uncommon,"Waist"
10099,"The Mastermind",Alliance,25984,"Miner's Brace",87,Uncommon,"Shoulder"
10255,"Testing the Antidote",Both,25986,"Dreadtusk's Fury",93,Uncommon,"Two-Hand"
10255,"Testing the Antidote",Both,25987,"Helboar Carving Blade",93,Uncommon,"Two-Hand"
10255,"Testing the Antidote",Both,25985,"Cenarion Naturalist's Staff",93,Uncommon,"Two-Hand"
10057,"Looking to the Leadership",Alliance,25989,"Draenethyst Chaplet",87,Uncommon,"Neck"
10057,"Looking to the Leadership",Alliance,25993,"Finely Wrought Chain",87,Uncommon,"Neck"
10057,"Looking to the Leadership",Alliance,25992,"Enforcer's Chain",87,Uncommon,"Neck"
9624,"A Favorite Treat",Alliance,26004,"Farmhand's Vest",11,Uncommon,"Chest"
9624,"A Favorite Treat",Alliance,26018,"Elekk Handler's Leathers",11,Uncommon,"Chest"
9624,"A Favorite Treat",Alliance,26031,"Elekk Rider's Mail",11,Uncommon,"Chest"
9649,"Ysera's Tears",Alliance,26005,"Maatparm's Fungus Lined Tunic",16,Uncommon,"Chest"
9649,"Ysera's Tears",Alliance,26019,"Maatparm's Fungus Lined Vest",16,Uncommon,"Chest"
9649,"Ysera's Tears",Alliance,26030,"Maatparm's Fungus Lined Hauberk",16,Uncommon,"Chest"
9581,"Learning from the Crystals",Alliance,26006,"Crystal-Flecked Pants",12,Uncommon,"Legs"
9581,"Learning from the Crystals",Alliance,26020,"Shard-Covered Leggings",12,Uncommon,"Legs"
9581,"Learning from the Crystals",Alliance,26032,"Crystal-Studded Legguards",12,Uncommon,"Legs"
9711,"Matis the Cruel",Alliance,26007,"Vindicator's Woolies",17,Uncommon,"Legs"
9711,"Matis the Cruel",Alliance,26021,"Vindicator's Leather Chaps",17,Uncommon,"Legs"
9711,"Matis the Cruel",Alliance,26033,"Vindicator's Iron Legguards",17,Uncommon,"Legs"
9700,"I Shoot Magic Into the Darkness",Alliance,26010,"Vindicator's Soft Sole Slippers",14,Uncommon,"Feet"
9700,"I Shoot Magic Into the Darkness",Alliance,26024,"Vindicator's Leather Moccasins",14,Uncommon,"Feet"
9700,"I Shoot Magic Into the Darkness",Alliance,26036,"Vindicator's Stompers",14,Uncommon,"Feet"
9761,"Clearing the Way",Alliance,26009,"Flutterer Silk Handwraps",20,Uncommon,"Hands"
9761,"Clearing the Way",Alliance,26023,"Ravager Hide Gloves",20,Uncommon,"Hands"
9761,"Clearing the Way",Alliance,26035,"Corin's Handguards",20,Uncommon,"Hands"
9579,"Galaen's Fate",Alliance,26011,"Cryo-Core Attendant's Boots",19,Uncommon,"Feet"
9579,"Galaen's Fate",Alliance,26025,"Technician's Boots",19,Uncommon,"Feet"
9579,"Galaen's Fate",Alliance,26037,"Lightweight Mesh Boots",19,Uncommon,"Feet"
9666,"Declaration of Power",Alliance,26012,"Kessel's Cinch Wrap",15,Uncommon,"Waist"
9666,"Declaration of Power",Alliance,26027,"Kessel's Sweat Stained Elekk Leash",15,Uncommon,"Waist"
9666,"Declaration of Power",Alliance,26039,"Kessel's Sturdy Riding Handle",15,Uncommon,"Waist"
9647,"Culling the Flutterers",Alliance,26013,"Cincture of Woven Reeds",20,Uncommon,"Waist"
9647,"Culling the Flutterers",Alliance,26026,"Ornately Tooled Belt",20,Uncommon,"Waist"
9647,"Culling the Flutterers",Alliance,26038,"Segmented Girdle",20,Uncommon,"Waist"
9648,"Maatparm Mushroom Menagerie",Alliance,26014,"Maatparm's Fungus Lined Cuffs",13,Uncommon,"Wrist"
9648,"Maatparm Mushroom Menagerie",Alliance,26028,"Maatparm's Fungus Lined Bands",13,Uncommon,"Wrist"
9648,"Maatparm Mushroom Menagerie",Alliance,26040,"Maatparm's Fungus Lined Bracers",13,Uncommon,"Wrist"
9629,"Catch and Release",Alliance,26008,"Scholar's Gloves",13,Uncommon,"Hands"
9629,"Catch and Release",Alliance,26022,"Researcher's Gloves",13,Uncommon,"Hands"
9629,"Catch and Release",Alliance,26034,"Protective Field Gloves",13,Uncommon,"Hands"
9694,"Blood Watch",Alliance,26050,"Fist of Argus",16,Uncommon,"One-Hand"
9694,"Blood Watch",Alliance,26054,"Blade of Argus",16,Uncommon,"One-Hand"
9694,"Blood Watch",Alliance,27640,"Hand of Argus Crossfire",16,Uncommon,"Ranged"
9703,"The Cryo-Core",Alliance,26052,"Vindicator's Smasher",16,Uncommon,"Two-Hand"
9703,"The Cryo-Core",Alliance,27390,"Vindicator's Letter Opener",16,Uncommon,"Two-Hand"
9703,"The Cryo-Core",Alliance,27641,"Vindicator's Walking Stick",16,Uncommon,"Two-Hand"
9544,"The Prophecy of Akida",Alliance,27399,"Stillpine Defender",12,Uncommon,"Off Hand"
9544,"The Prophecy of Akida",Alliance,27401,"Arugoo's Crossbow of Destruction",12,Uncommon,"Ranged"
9544,"The Prophecy of Akida",Alliance,27403,"Stillpine Stinger",12,Uncommon,"Ranged"
9833,"Lines of Communication",Alliance,27754,"Keen Marshfang Slicer",93,Uncommon,"One-Hand"
9833,"Lines of Communication",Alliance,27753,"Ensorcelled Marshfang Blade",93,Uncommon,"Main Hand"
9833,"Lines of Communication",Alliance,27756,"Marshfang Blade Axe",93,Uncommon,"One-Hand"
9842,"The Sharpest Blades",Horde,27754,"Keen Marshfang Slicer",93,Uncommon,"One-Hand"
9842,"The Sharpest Blades",Horde,27753,"Ensorcelled Marshfang Blade",93,Uncommon,"Main Hand"
9842,"The Sharpest Blades",Horde,27756,"Marshfang Blade Axe",93,Uncommon,"One-Hand"
10111,"Bring Me The Egg!",Both,28031,"Nomad's Woven Cloak",97,Rare,"Back"
10111,"Bring Me The Egg!",Both,28030,"Spell-slinger's Protector",97,Rare,"Back"
10111,"Bring Me The Egg!",Both,28032,"Delicate Green Poncho",97,Rare,"Back"
10136,"Cruel's Intentions",Horde,28041,"Bladefist's Breadth",88,Rare,"Trinket"
10136,"Cruel's Intentions",Horde,28042,"Regal Protectorate",88,Rare,"Trinket"
10136,"Cruel's Intentions",Horde,28040,"Vengeance of the Illidari",88,Rare,"Trinket"
10400,"Overlord",Alliance,28041,"Bladefist's Breadth",88,Rare,"Trinket"
10400,"Overlord",Alliance,28042,"Regal Protectorate",88,Rare,"Trinket"
10400,"Overlord",Alliance,28040,"Vengeance of the Illidari",88,Rare,"Trinket"
9148,"Delivery to Tranquillien",Horde,28148,"Bronze Mail Bracers",10,Uncommon,"Wrist"
9148,"Delivery to Tranquillien",Horde,28147,"Tranquillien Scout's Bracers",10,Uncommon,"Wrist"
9148,"Delivery to Tranquillien",Horde,28146,"Courier's Wraps",10,Uncommon,"Wrist"
9199,"Troll Juju",Horde,28156,"Rotting Handwraps",17,Uncommon,"Hands"
9199,"Troll Juju",Horde,28159,"Undertaker's Gloves",17,Uncommon,"Hands"
9199,"Troll Juju",Horde,28163,"Maltendis's Handguards",17,Uncommon,"Hands"
9172,"Report to Magister Kaendris",Horde,28154,"Red Silk Trousers",16,Uncommon,"Legs"
9172,"Report to Magister Kaendris",Horde,28157,"Black Leather Jerkin",16,Uncommon,"Chest"
9172,"Report to Magister Kaendris",Horde,28161,"Tranquillien Scale Leggings",16,Uncommon,"Legs"
11031,"Archmage No More",Both,29279,"Violet Signet of the Great Protector",130,Epic,"Finger"
11031,"Archmage No More",Both,29283,"Violet Signet of the Master Assassin",130,Epic,"Finger"
11031,"Archmage No More",Both,29290,"Violet Signet of the Grand Restorer",130,Epic,"Finger"
11033,"Assassin No More",Both,29279,"Violet Signet of the Great Protector",130,Epic,"Finger"
11033,"Assassin No More",Both,29287,"Violet Signet of the Archmage",130,Epic,"Finger"
11033,"Assassin No More",Both,29290,"Violet Signet of the Grand Restorer",130,Epic,"Finger"
11034,"Restorer No More",Both,29279,"Violet Signet of the Great Protector",130,Epic,"Finger"
11034,"Restorer No More",Both,29283,"Violet Signet of the Master Assassin",130,Epic,"Finger"
11034,"Restorer No More",Both,29287,"Violet Signet of the Archmage",130,Epic,"Finger"
11032,"Protector No More",Both,29283,"Violet Signet of the Master Assassin",130,Epic,"Finger"
11032,"Protector No More",Both,29287,"Violet Signet of the Archmage",130,Epic,"Finger"
11032,"Protector No More",Both,29290,"Violet Signet of the Grand Restorer",130,Epic,"Finger"
11103,"Sage No More",Both,29301,"Band of the Eternal Champion",152,Epic,"Finger"
11103,"Sage No More",Both,29297,"Band of the Eternal Defender",152,Epic,"Finger"
11103,"Sage No More",Both,29309,"Band of the Eternal Restorer",152,Epic,"Finger"
11104,"Restorer No More",Both,29301,"Band of the Eternal Champion",152,Epic,"Finger"
11104,"Restorer No More",Both,29297,"Band of the Eternal Defender",152,Epic,"Finger"
11104,"Restorer No More",Both,29305,"Band of the Eternal Sage",152,Epic,"Finger"
11106,"Defender No More",Both,29301,"Band of the Eternal Champion",152,Epic,"Finger"
11106,"Defender No More",Both,29305,"Band of the Eternal Sage",152,Epic,"Finger"
11106,"Defender No More",Both,29309,"Band of the Eternal Restorer",152,Epic,"Finger"
11105,"Champion No More",Both,29297,"Band of the Eternal Defender",152,Epic,"Finger"
11105,"Champion No More",Both,29305,"Band of the Eternal Sage",152,Epic,"Finger"
11105,"Champion No More",Both,29309,"Band of the Eternal Restorer",152,Epic,"Finger"
10098,"Terokk's Legacy",Both,29329,"Terokk's Quill",115,Rare,"Two-Hand"
10098,"Terokk's Legacy",Both,29332,"Terokk's Mask",115,Rare,"Head"
10098,"Terokk's Legacy",Both,29330,"The Saga of Terokk",115,Rare,"Held In Off-hand"
10295,"From the Abyss",Horde,29398,"Circle of Banishing",93,Uncommon,"Finger"
10295,"From the Abyss",Horde,29399,"Rod of the Void Caller",93,Uncommon,"Two-Hand"
10295,"From the Abyss",Horde,29400,"Abyssal Shroud",93,Uncommon,"Back"
10293,"Hitting the Motherlode",Both,29813,"Cloak of Woven Energy",106,Rare,"Back"
10293,"Hitting the Motherlode",Both,29815,"Chain of Glowing Tendrils",106,Rare,"Neck"
10293,"Hitting the Motherlode",Both,29814,"Celestial Jewel Ring",106,Rare,"Finger"
10310,"Sabotage the Warp-Gate!",Both,29979,"Netherstorm Eyepatch",114,Uncommon,"Head"
10310,"Sabotage the Warp-Gate!",Both,29978,"Consortium Combatant's Robes",114,Uncommon,"Chest"
10310,"Sabotage the Warp-Gate!",Both,29980,"Midrealm Leggings",114,Uncommon,"Legs"
10191,"Mark V is Alive!",Both,30226,"Alley's Recurve",108,Uncommon,"Ranged"
10191,"Mark V is Alive!",Both,30227,"Mark V's Throwing Star",108,Uncommon,"Thrown"
10191,"Mark V is Alive!",Both,30252,"Unearthed Enkaat Wand",108,Uncommon,"Ranged"
10335,"Surveying the Ruins",Both,30253,"Ethereal Gloves",114,Uncommon,"Hands"
10335,"Surveying the Ruins",Both,30254,"Zephyrion's Belt",114,Uncommon,"Waist"
10335,"Surveying the Ruins",Both,30255,"Chestguard of the Stormspire",114,Uncommon,"Chest"
10280,"Special Delivery to Shattrath City",Both,30257,"Shattrath Leggings",109,Rare,"Legs"
10280,"Special Delivery to Shattrath City",Both,30258,"Chestplate of A'dal",109,Rare,"Chest"
10280,"Special Delivery to Shattrath City",Both,30256,"Pants of the Naaru",109,Rare,"Legs"
10205,"Warp-Raider Nesaad",Both,30266,"Zaxxis Boots",111,Uncommon,"Feet"
10205,"Warp-Raider Nesaad",Both,30265,"Zaxxis Bracers",111,Uncommon,"Wrist"
10205,"Warp-Raider Nesaad",Both,30267,"Zaxxis Gloves",111,Uncommon,"Hands"
10309,"It's a Fel Reaver, But with Heart",Both,30268,"Heap Leggings",108,Uncommon,"Legs"
10309,"It's a Fel Reaver, But with Heart",Both,30269,"Warp-Raider's Eyepatch",108,Uncommon,"Head"
10309,"It's a Fel Reaver, But with Heart",Both,30270,"Scavenged Breastplate",108,Uncommon,"Chest"
10267,"Rightful Repossession",Both,30272,"Eco-Dome Leggings",111,Uncommon,"Legs"
10267,"Rightful Repossession",Both,30273,"Duro Footgear",111,Uncommon,"Feet"
10267,"Rightful Repossession",Both,30271,"Midrealm Hat",111,Uncommon,"Head"
10206,"Pick Your Part",Both,30274,"Papa's Armbands",108,Uncommon,"Wrist"
10206,"Pick Your Part",Both,30275,"Mech Tech Shoulders",108,Uncommon,"Shoulder"
10206,"Pick Your Part",Both,30276,"Wheeler Family Heirloom",108,Uncommon,"Neck"
10235,"Declawing Doomclaw",Both,30279,"Mama's Insurance",111,Uncommon,"Ranged"
10235,"Declawing Doomclaw",Both,30278,"Pilfered Ethereal Blade",111,Uncommon,"One-Hand"
10235,"Declawing Doomclaw",Both,30277,"Ripfang Paw",111,Uncommon,"Main Hand"
10261,"Wanted: Annihilator Servo!",Both,30294,"Red Pointy Hat",108,Uncommon,"Head"
10261,"Wanted: Annihilator Servo!",Both,30295,"Exotic Spiked Shoulders",108,Uncommon,"Shoulder"
10261,"Wanted: Annihilator Servo!",Both,30296,"Lost Chestplate of the Reverent",108,Uncommon,"Chest"
10413,"The Horrors of Pollution",Both,30338,"Diviner's Cloak",114,Uncommon,"Back"
10413,"The Horrors of Pollution",Both,30339,"Protectorate Assassin's Ring",114,Uncommon,"Finger"
10413,"The Horrors of Pollution",Both,30340,"Starkiller's Bauble",114,Uncommon,"Trinket"
10630,"Beneath Thrallmar",Both,30857,"Deep Core Lantern",84,Uncommon,"Held In Off-hand"
10630,"Beneath Thrallmar",Both,30856,"Underworld Helm",84,Uncommon,"Head"
10630,"Beneath Thrallmar",Both,30855,"Shatterstone Pick",84,Uncommon,"One-Hand"
10771,"From the Ashes",Both,31414,"Wild Wood Staff",108,Uncommon,"Two-Hand"
10771,"From the Ashes",Both,31415,"Iron Oak Shield",111,Uncommon,"Off Hand"
10771,"From the Ashes",Both,31416,"Scorch Wood Bow",108,Uncommon,"Ranged"
10690,"The Den Mother",Both,31424,"Arcane Wand of Sylvanaar",102,Uncommon,"Ranged"
10690,"The Den Mother",Both,31423,"Wolf Hewer's Axe",102,Uncommon,"One-Hand"
10690,"The Den Mother",Both,31422,"Heavy Elven Dirk",102,Uncommon,"One-Hand"
10632,"Cutting Your Teeth",Alliance,31447,"Vibro Dagger",105,Uncommon,"Main Hand"
10632,"Cutting Your Teeth",Alliance,31446,"Vibro Shanker",105,Uncommon,"One-Hand"
10632,"Cutting Your Teeth",Alliance,31448,"Vibro Sword",105,Uncommon,"Main Hand"
10526,"The Thunderspike",Horde,31474,"Wand of the Ancestors",105,Uncommon,"Ranged"
10526,"The Thunderspike",Horde,31475,"Thunderlord Scalpel",105,Uncommon,"Main Hand"
10526,"The Thunderspike",Horde,31476,"Slow Death Dirk",105,Uncommon,"One-Hand"
10723,"Gorgrom the Dragon-Eater",Horde,31541,"Whistling Sword",108,Uncommon,"One-Hand"
10723,"Gorgrom the Dragon-Eater",Horde,31542,"Fanged Axe",108,Uncommon,"Two-Hand"
10723,"Gorgrom the Dragon-Eater",Horde,31543,"Adjudicator's Staff",108,Uncommon,"Two-Hand"
10802,"Gorgrom the Dragon-Eater",Alliance,31541,"Whistling Sword",108,Uncommon,"One-Hand"
10802,"Gorgrom the Dragon-Eater",Alliance,31542,"Fanged Axe",108,Uncommon,"Two-Hand"
10802,"Gorgrom the Dragon-Eater",Alliance,31543,"Adjudicator's Staff",108,Uncommon,"Two-Hand"
10881,"The Shadow Tomb",Both,31728,"Heirloom Signet of Willpower",99,Uncommon,"Finger"
10881,"The Shadow Tomb",Both,31729,"Heirloom Signet of Valor",99,Uncommon,"Finger"
10881,"The Shadow Tomb",Both,31730,"Heirloom Signet of Convalescence",99,Uncommon,"Finger"
10882,"Harbinger of Doom",Both,31749,"A'dal's Recovery Necklace",115,Rare,"Neck"
10882,"Harbinger of Doom",Both,31747,"Potent Sha'tari Pendant",115,Rare,"Neck"
10882,"Harbinger of Doom",Both,31748,"Shattrath Choker of Power",115,Rare,"Neck"
10930,"The Big Bone Worm",Both,31758,"Revered Mother's Crysknife",94,Rare,"Main Hand"
10930,"The Big Bone Worm",Both,31759,"Shani's Crysknife",94,Rare,"One-Hand"
10930,"The Big Bone Worm",Both,31756,"Dib'Muad's Crysknife",94,Rare,"One-Hand"
10898,"Skywing",Both,31765,"Redeemer's Plate",99,Uncommon,"Chest"
10898,"Skywing",Both,31764,"Stillfire Leggings",99,Uncommon,"Legs"
10898,"Skywing",Both,31766,"Skywitch Hat",99,Uncommon,"Head"
10923,"Evil Draws Near",Both,31817,"Dragonbone Shoulders",102,Uncommon,"Shoulder"
10923,"Evil Draws Near",Both,31816,"Dragonbone Greatsword",102,Uncommon,"Two-Hand"
10923,"Evil Draws Near",Both,31818,"Dragonbone Talisman",102,Uncommon,"Neck"
11152,"Peace at Last",Both,33230,"Leggings of the Long Road",39,Uncommon,"Legs"
11152,"Peace at Last",Both,33243,"Skirmisher's Cover",39,Uncommon,"Head"
11152,"Peace at Last",Both,33251,"Steel-banded Hauberk",39,Uncommon,"Chest"
11206,"Justice Dispensed",Horde,33230,"Leggings of the Long Road",39,Uncommon,"Legs"
11206,"Justice Dispensed",Horde,33243,"Skirmisher's Cover",39,Uncommon,"Head"
11206,"Justice Dispensed",Horde,33251,"Steel-banded Hauberk",39,Uncommon,"Chest"
11162,"Challenge to the Black Flight",Both,33231,"Oversized Stonemaul Hood",40,Uncommon,"Head"
11162,"Challenge to the Black Flight",Both,33237,"Brogg's Battle Harness",40,Uncommon,"Chest"
11162,"Challenge to the Black Flight",Both,33256,"Refitted Bruiser Gauntlets",40,Uncommon,"Hands"
11134,"The End of the Deserters",Both,33232,"Journeyman's Cowl",37,Uncommon,"Head"
11134,"The End of the Deserters",Both,33249,"Boots of the Skirmisher",37,Uncommon,"Feet"
11134,"The End of the Deserters",Both,33274,"Mercenary's Crossbow",37,Uncommon,"Ranged"
11174,"Corrosion Prevention",Both,33233,"Cobalt-threaded Gloves",40,Uncommon,"Hands"
11174,"Corrosion Prevention",Both,33239,"Marshwarden's Tunic",40,Uncommon,"Chest"
11174,"Corrosion Prevention",Both,33255,"Rustproof Waistguard",40,Uncommon,"Waist"
11198,"Take Down Tethyr!",Alliance,33228,"Crimson Tunic",36,Uncommon,"Chest"
11198,"Take Down Tethyr!",Alliance,33247,"Swift Wind Spaulders",36,Uncommon,"Shoulder"
11198,"Take Down Tethyr!",Alliance,33253,"Golden Helm",36,Uncommon,"Head"
11183,"Cleansing Witch Hill",Both,33229,"Mordant's Travel Tunic",36,Uncommon,"Chest"
11183,"Cleansing Witch Hill",Both,33245,"Grimsby's Gaudy Girdle",36,Uncommon,"Waist"
11183,"Cleansing Witch Hill",Both,33257,"Scaled Marshwalkers",36,Uncommon,"Feet"
11156,"Direhorn Raiders",Both,33240,"Grimtotem Earthbinder's Tunic",39,Uncommon,"Chest"
11156,"Direhorn Raiders",Both,33261,"Destroyer's Cloak",39,Uncommon,"Back"
11156,"Direhorn Raiders",Both,33262,"Morlann's Seal",39,Uncommon,"Finger"
11217,"Catch a Dragon by the Tail",Both,33235,"Journeyman's Epaulets",40,Uncommon,"Shoulder"
11217,"Catch a Dragon by the Tail",Both,33241,"Oiled Leather Leggings",40,Uncommon,"Legs"
11217,"Catch a Dragon by the Tail",Both,33271,"Battlecaster's Edge",40,Uncommon,"One-Hand"
11184,"WANTED: Goreclaw the Ravenous",Both,33242,"Raptorhide Legguards",40,Uncommon,"Legs"
11184,"WANTED: Goreclaw the Ravenous",Both,33258,"Protective Engineer's Leggings",40,Uncommon,"Legs"
11184,"WANTED: Goreclaw the Ravenous",Both,33263,"Raptor Eye Ring",40,Uncommon,"Finger"
11173,"The Reagent Thief",Both,33244,"The Wanderer's Cover",39,Uncommon,"Head"
11173,"The Reagent Thief",Both,33260,"Spellbound Cloak",39,Uncommon,"Back"
11173,"The Reagent Thief",Both,33273,"Seasoned Marshwood Bow",39,Uncommon,"Ranged"
11147,"Unleash the Raptors",Alliance,33248,"Crested Shoulderpads",37,Uncommon,"Shoulder"
11147,"Unleash the Raptors",Alliance,33265,"Pendant of Ferocity",37,Uncommon,"Neck"
11147,"Unleash the Raptors",Alliance,33266,"Book of the Adept",37,Uncommon,"Held In Off-hand"
9437,"Twilight of the Dawn Runner",Horde,33250,"Archer's Wristguard",37,Uncommon,"Wrist"
9437,"Twilight of the Dawn Runner",Horde,33252,"Gleaming Scale Breastplate",37,Uncommon,"Chest"
9437,"Twilight of the Dawn Runner",Horde,33269,"Bejeweled Dagger",37,Uncommon,"One-Hand"
11142,"Survey Alcaz Island",Alliance,33250,"Archer's Wristguard",37,Uncommon,"Wrist"
11142,"Survey Alcaz Island",Alliance,33252,"Gleaming Scale Breastplate",37,Uncommon,"Chest"
11142,"Survey Alcaz Island",Alliance,33269,"Bejeweled Dagger",37,Uncommon,"One-Hand"
11223,"Return to Jaina",Both,33250,"Archer's Wristguard",37,Uncommon,"Wrist"
11223,"Return to Jaina",Both,33252,"Gleaming Scale Breastplate",37,Uncommon,"Chest"
11223,"Return to Jaina",Both,33269,"Bejeweled Dagger",37,Uncommon,"One-Hand"
11140,"Recover the Cargo!",Alliance,33259,"Crimson Barbut",38,Uncommon,"Head"
11140,"Recover the Cargo!",Alliance,33267,"Fleshripper",38,Uncommon,"One-Hand"
11140,"Recover the Cargo!",Alliance,33270,"Mariner's Sword",38,Uncommon,"One-Hand"
11204,"Return to Krog",Horde,33259,"Crimson Barbut",38,Uncommon,"Head"
11204,"Return to Krog",Horde,33267,"Fleshripper",38,Uncommon,"One-Hand"
11204,"Return to Krog",Horde,33270,"Mariner's Sword",38,Uncommon,"One-Hand"
11148,"Arms of the Grimtotems",Both,33264,"Glowing Tourmaline Ring",38,Uncommon,"Finger"
11148,"Arms of the Grimtotems",Both,33268,"Bone Dirk",38,Uncommon,"One-Hand"
11148,"Arms of the Grimtotems",Both,33272,"Biting Axe",38,Uncommon,"One-Hand"
11200,"More than Coincidence",Horde,33264,"Glowing Tourmaline Ring",38,Uncommon,"Finger"
11200,"More than Coincidence",Horde,33268,"Bone Dirk",38,Uncommon,"One-Hand"
11200,"More than Coincidence",Horde,33272,"Biting Axe",38,Uncommon,"One-Hand"
11230,"Ambushed!",Horde,35815,"Bone-Threaded Harness",138,Uncommon,"Chest"
11230,"Ambushed!",Horde,35814,"Benevolent Hood",138,Uncommon,"Head"
11230,"Ambushed!",Horde,35817,"Nerubian Inner Husk",138,Uncommon,"Off Hand"
11286,"The Artifacts of Steel Gate",Horde,35911,"Unsparing Band",138,Uncommon,"Finger"
11286,"The Artifacts of Steel Gate",Horde,35912,"Crackling Cloak",138,Uncommon,"Back"
11286,"The Artifacts of Steel Gate",Horde,35936,"Worg-Fang Talisman",138,Uncommon,"Neck"
11390,"I've Got a Flying Machine!",Alliance,35911,"Unsparing Band",138,Uncommon,"Finger"
11390,"I've Got a Flying Machine!",Alliance,35912,"Crackling Cloak",138,Uncommon,"Back"
11390,"I've Got a Flying Machine!",Alliance,35936,"Worg-Fang Talisman",138,Uncommon,"Neck"
11572,"Return to Atuik",Both,36871,"Fury of the Encroaching Storm",138,Rare,"Trinket"
11572,"Return to Atuik",Both,36874,"Horn of the Herald",138,Rare,"Trinket"
11572,"Return to Atuik",Both,36872,"Mender of the Oncoming Dawn",138,Rare,"Trinket"
12232,"Bombard the Ballistae",Horde,37949,"Saboteur's Wrap",146,Uncommon,"Back"
12232,"Bombard the Ballistae",Horde,37992,"Ritual Neckguard",146,Uncommon,"Neck"
12232,"Bombard the Ballistae",Horde,38284,"Siegemaster's Torch Ring",146,Uncommon,"Finger"
12326,"Steamtank Surprise",Alliance,37949,"Saboteur's Wrap",146,Uncommon,"Back"
12326,"Steamtank Surprise",Alliance,37992,"Ritual Neckguard",146,Uncommon,"Neck"
12326,"Steamtank Surprise",Alliance,38284,"Siegemaster's Torch Ring",146,Uncommon,"Finger"
11252,"Into Utgarde!",Alliance,38218,"Executioner's Band",155,Rare,"Finger"
11252,"Into Utgarde!",Alliance,38219,"Ring of Decimation",155,Rare,"Finger"
11252,"Into Utgarde!",Alliance,38220,"Signet of Swift Judgment",155,Rare,"Finger"
11262,"Ingvar Must Die!",Horde,38218,"Executioner's Band",155,Rare,"Finger"
11262,"Ingvar Must Die!",Horde,38219,"Ring of Decimation",155,Rare,"Finger"
11262,"Ingvar Must Die!",Horde,38220,"Signet of Swift Judgment",155,Rare,"Finger"
11973,"Prisoner of War",Both,38222,"Mantle of Keristrasza",159,Rare,"Back"
11973,"Prisoner of War",Both,38221,"Shroud of Fluid Strikes",159,Rare,"Back"
11973,"Prisoner of War",Both,38223,"Cloak of Azure Lights",159,Rare,"Back"
11965,"Call to Arms!",Alliance,38226,"Chain of the Tolling Bell",138,Rare,"Neck"
11965,"Call to Arms!",Alliance,38227,"Indomitable Choker of Light",138,Rare,"Neck"
11965,"Call to Arms!",Alliance,38228,"Pendant of Revolutionary Thought",138,Rare,"Neck"
11898,"Breaking Through",Horde,38230,"Clutch of Undying Will",138,Rare,"Neck"
11898,"Breaking Through",Horde,38231,"Choker of Forceful Redemption",138,Rare,"Neck"
11898,"Breaking Through",Horde,38232,"Chain of Vigilant Thought",138,Rare,"Neck"
11892,"The Assassination of Harold Lane",Both,38250,"Activist's Signet of Blasting",138,Rare,"Finger"
11892,"The Assassination of Harold Lane",Both,38252,"Band of Wholesome Preservation",138,Rare,"Finger"
11892,"The Assassination of Harold Lane",Both,38251,"Ring of Indignant Rage",138,Rare,"Finger"
11471,"The Jig is Up",Both,38257,"Strike of the Seas",138,Rare,"Trinket"
11471,"The Jig is Up",Both,38258,"Sailor's Knotted Charm",138,Rare,"Trinket"
11471,"The Jig is Up",Both,38259,"First Mate's Pocketwatch",138,Rare,"Trinket"
12679,"Tonight We Dine In Havenshire",Both,38664,"Sky Darkener's Shroud of the Unholy",70,Rare,"Back"
12679,"Tonight We Dine In Havenshire",Both,39322,"Shroud of the North Wind",70,Rare,"Back"
12679,"Tonight We Dine In Havenshire",Both,39320,"Sky Darkener's Shroud of Blood",70,Rare,"Back"
12242,"Vordrassil's Seeds",Horde,38743,"Band of the Tender",154,Uncommon,"Finger"
12242,"Vordrassil's Seeds",Horde,38753,"Hoarder's Necklace",154,Uncommon,"Neck"
12242,"Vordrassil's Seeds",Horde,38757,"Drape of the Possessive Soul",154,Uncommon,"Back"
12250,"Vordrassil's Seeds",Alliance,38743,"Band of the Tender",154,Uncommon,"Finger"
12250,"Vordrassil's Seeds",Alliance,38753,"Hoarder's Necklace",154,Uncommon,"Neck"
12250,"Vordrassil's Seeds",Alliance,38757,"Drape of the Possessive Soul",154,Uncommon,"Back"
12330,"Anatoly Will Talk",Both,38744,"Solstice Signet",154,Uncommon,"Finger"
12330,"Anatoly Will Talk",Both,38748,"Seal of the Slumbering Wolf",154,Uncommon,"Finger"
12330,"Anatoly Will Talk",Both,38752,"Tatjana's Pendant",154,Uncommon,"Neck"
12227,"Doing Your Duty",Alliance,38745,"Fetid Loop",154,Uncommon,"Finger"
12227,"Doing Your Duty",Alliance,38747,"Mildly Tarnished Ring",154,Uncommon,"Finger"
12227,"Doing Your Duty",Alliance,38746,"Rancid Signet",154,Uncommon,"Finger"
12299,"Northern Hospitality",Alliance,38760,"Mendicant's Charm",154,Uncommon,"Trinket"
12299,"Northern Hospitality",Alliance,38761,"Talon of Hatred",154,Uncommon,"Trinket"
12299,"Northern Hospitality",Alliance,38762,"Insignia of Bloody Fire",154,Uncommon,"Trinket"
12453,"Eyes Above",Horde,38760,"Mendicant's Charm",154,Uncommon,"Trinket"
12453,"Eyes Above",Horde,38761,"Talon of Hatred",154,Uncommon,"Trinket"
12453,"Eyes Above",Horde,38762,"Insignia of Bloody Fire",154,Uncommon,"Trinket"
13343,"Mystery of the Infinite, Redux",Both,38763,"Futuresight Rune",174,Uncommon,"Trinket"
13343,"Mystery of the Infinite, Redux",Both,38765,"Rune of Infinite Power",174,Uncommon,"Trinket"
13343,"Mystery of the Infinite, Redux",Both,38764,"Rune of Finite Variation",174,Uncommon,"Trinket"
11319,"Seeds of the Blacksouled Keepers",Both,39072,"Blacksoul Protector's Hauberk",138,Uncommon,"Chest"
11319,"Seeds of the Blacksouled Keepers",Both,39073,"Root of the Everlasting",138,Uncommon,"Ranged"
11319,"Seeds of the Blacksouled Keepers",Both,39074,"Drape of Distilled Hatred",138,Uncommon,"Back"
12037,"Search and Rescue",Alliance,39648,"Kurzel's Rage",171,Rare,"Finger"
12037,"Search and Rescue",Alliance,39649,"Kurzel's Angst",171,Rare,"Finger"
12037,"Search and Rescue",Alliance,39650,"Kurzel's Warband",171,Rare,"Finger"
12713,"Betrayal",Both,39652,"Choker of the Betrayer",171,Rare,"Neck"
12713,"Betrayal",Both,39653,"Choker of Betrayal",171,Rare,"Neck"
12713,"Betrayal",Both,39655,"Betrayer's Choker",171,Rare,"Neck"
12898,"The Shadow Vault",Alliance,43836,"Thorny Rose Brooch",174,Uncommon,"Trinket"
12898,"The Shadow Vault",Alliance,43837,"Softly Glowing Orb",174,Uncommon,"Trinket"
12898,"The Shadow Vault",Alliance,43838,"Chuchu's Tiny Box of Horrors",174,Uncommon,"Trinket"
12899,"The Shadow Vault",Horde,43836,"Thorny Rose Brooch",174,Uncommon,"Trinket"
12899,"The Shadow Vault",Horde,43837,"Softly Glowing Orb",174,Uncommon,"Trinket"
12899,"The Shadow Vault",Horde,43838,"Chuchu's Tiny Box of Horrors",174,Uncommon,"Trinket"
13237,"Poke and Prod",undefined,43884,"Amulet of the Malefic Necromancer",174,Uncommon,"Neck"
13237,"Poke and Prod",undefined,43889,"Hulking Abomination Hide Cloak",174,Uncommon,"Back"
13237,"Poke and Prod",undefined,43903,"Ring of the Fallen Shadow Adept",174,Uncommon,"Finger"
13287,"Poke and Prod",Alliance,43884,"Amulet of the Malefic Necromancer",174,Uncommon,"Neck"
13287,"Poke and Prod",Alliance,43889,"Hulking Abomination Hide Cloak",174,Uncommon,"Back"
13287,"Poke and Prod",Alliance,43903,"Ring of the Fallen Shadow Adept",174,Uncommon,"Finger"
13086,"The Last Line Of Defense",Both,44013,"Cannoneer's Fuselighter",174,Rare,"Trinket"
13086,"The Last Line Of Defense",Both,44014,"Fezzik's Pocketwatch",174,Rare,"Trinket"
13086,"The Last Line Of Defense",Both,44015,"Cannoneer's Morale",174,Rare,"Trinket"
13279,"Basic Chemistry",undefined,44386,"Newt-Eye Ring",174,Rare,"Finger"
13279,"Basic Chemistry",undefined,44387,"Bat-Wool Signet",174,Rare,"Finger"
13279,"Basic Chemistry",undefined,44388,"Frog-Toe Band",174,Rare,"Finger"
13295,"Basic Chemistry",Alliance,44386,"Newt-Eye Ring",174,Rare,"Finger"
13295,"Basic Chemistry",Alliance,44387,"Bat-Wool Signet",174,Rare,"Finger"
13295,"Basic Chemistry",Alliance,44388,"Frog-Toe Band",174,Rare,"Finger"
13346,"No Rest For The Wicked",Alliance,44394,"Encrusted Zombie Finger",174,Rare,"Ranged"
13346,"No Rest For The Wicked",Alliance,44393,"Polished Zombie Exterminator",174,Rare,"Ranged"
13346,"No Rest For The Wicked",Alliance,44395,"Touch of Unlife",174,Rare,"Ranged"
13367,"No Rest For The Wicked",undefined,44394,"Encrusted Zombie Finger",174,Rare,"Ranged"
13367,"No Rest For The Wicked",undefined,44393,"Polished Zombie Exterminator",174,Rare,"Ranged"
13367,"No Rest For The Wicked",undefined,44395,"Touch of Unlife",174,Rare,"Ranged"
417,"A Pilot's Revenge",Both,1009,"Compact Hammer",13,Uncommon,"Main Hand"
417,"A Pilot's Revenge",Both,2218,"Craftsman's Dagger",13,Uncommon,"One-Hand"
378,"The Fury Runs Deep",Both,1264,"Headbasher",26,Uncommon,"Two-Hand"
378,"The Fury Runs Deep",Both,3562,"Belt of Vindication",27,Uncommon,"Waist"
19,"Tharil'zun",Alliance,1276,"Fire Hardened Buckler",27,Uncommon,"Off Hand"
19,"Tharil'zun",Alliance,6093,"Orc Crusher",27,Uncommon,"Two-Hand"
122,"Underbelly Scales",Alliance,1302,"Black Whelp Gloves",18,Uncommon,"Hands"
122,"Underbelly Scales",Alliance,6092,"Black Whelp Boots",18,Uncommon,"Feet"
6481,"Earthen Arise",Horde,1306,"Wolfmane Wristguards",20,Uncommon,"Wrist"
6481,"Earthen Arise",Horde,16981,"Owlbeard Bracers",20,Uncommon,"Wrist"
386,"What Comes Around...",Alliance,1317,"Hardened Root Staff",25,Uncommon,"Two-Hand"
386,"What Comes Around...",Alliance,3400,"Lucine Longsword",25,Uncommon,"One-Hand"
126,"Howling in the Hills",Both,1319,"Ring of Iron Will",25,Uncommon,"Finger"
126,"Howling in the Hills",Both,2910,"Gold Militia Boots",25,Uncommon,"Feet"
256,"WANTED: Chok'sul",Alliance,1449,"Minor Channeling Ring",24,Uncommon,"Finger"
256,"WANTED: Chok'sul",Alliance,6191,"Kimbra Boots",23,Uncommon,"Feet"
9,"The Killing Fields",Alliance,1561,"Harvester's Robe",15,Uncommon,"Chest"
9,"The Killing Fields",Alliance,3578,"Harvester's Pants",15,Uncommon,"Legs"
1164,"To Steal From Thieves",Horde,2032,"Gallan Cuffs",36,Uncommon,"Wrist"
1164,"To Steal From Thieves",Horde,4443,"Grim Pauldrons",36,Uncommon,"Shoulder"
168,"Collecting Memories",Alliance,2036,"Dusty Mining Gloves",18,Uncommon,"Hands"
168,"Collecting Memories",Alliance,2037,"Tunneler's Boots",18,Uncommon,"Feet"
98,"The Legend of Stalvan",Alliance,2043,"Ring of Forlorn Spirits",35,Rare,"Finger"
98,"The Legend of Stalvan",Alliance,2044,"Crescent of Forlorn Spirits",35,Rare,"One-Hand"
377,"Crime and Punishment",Alliance,2033,"Ambassador's Boots",25,Uncommon,"Feet"
377,"Crime and Punishment",Alliance,2906,"Darkshire Mail Leggings",26,Uncommon,"Legs"
471,"Apprentice's Duties",Alliance,2545,"Malleable Chain Leggings",26,Uncommon,"Legs"
471,"Apprentice's Duties",Alliance,3561,"Resilient Poncho",26,Uncommon,"Back"
3281,"Stolen Silver",Horde,2694,"Settler's Leggings",17,Uncommon,"Legs"
3281,"Stolen Silver",Horde,11853,"Rambling Boots",18,Uncommon,"Feet"
257,"A Hunter's Boast",Both,2903,"Daryl's Hunting Bow",15,Uncommon,"Ranged"
257,"A Hunter's Boast",Both,2904,"Daryl's Hunting Rifle",16,Uncommon,"Ranged"
283,"A Dark Threat Looms",Both,2907,"Dwarven Tree Chopper",20,Uncommon,"Two-Hand"
283,"A Dark Threat Looms",Both,2908,"Thornblade",20,Uncommon,"One-Hand"
304,"A Grim Task",Both,2917,"Tranquil Ring",33,Uncommon,"Finger"
304,"A Grim Task",Both,2916,"Gold Lion Shield",34,Uncommon,"Off Hand"
286,"Return the Statuette",Alliance,2949,"Mariner Boots",25,Uncommon,"Feet"
286,"Return the Statuette",Alliance,2950,"Icicle Rod",25,Uncommon,"Two-Hand"
770,"The Demon Scarred Cloak",Horde,3079,"Skorn's Rifle",12,Uncommon,"Ranged"
770,"The Demon Scarred Cloak",Horde,4971,"Skorn's Hammer",12,Uncommon,"One-Hand"
474,"Defeat Nek'rosh",Alliance,3209,"Ancient War Sword",32,Uncommon,"Two-Hand"
474,"Defeat Nek'rosh",Alliance,6194,"Barreling Reaper",32,Uncommon,"One-Hand"
309,"Protecting the Shipment",Alliance,3217,"Foreman Belt",15,Uncommon,"Waist"
309,"Protecting the Shipment",Alliance,6188,"Mud Stompers",15,Uncommon,"Feet"
408,"The Family Crypt",Horde,3440,"Bonecracker",13,Uncommon,"Two-Hand"
408,"The Family Crypt",Horde,3446,"Darkwood Staff",13,Uncommon,"Two-Hand"
480,"The Weaver",Horde,3452,"Ceranium Rod",22,Uncommon,"Two-Hand"
480,"The Weaver",Horde,3585,"Camouflaged Tunic",22,Uncommon,"Chest"
451,"A Recipe For Death",Horde,3451,"Nightglow Concoction",18,Uncommon,"Held In Off-hand"
451,"A Recipe For Death",Horde,3582,"Acidproof Cloak",18,Uncommon,"Back"
442,"Assault on Fenris Isle",Horde,3461,"High Robe of the Adjudicator",24,Uncommon,"Chest"
442,"Assault on Fenris Isle",Horde,3462,"Talonstrike",24,Uncommon,"One-Hand"
253,"Bride of the Embalmer",Alliance,3560,"Mantle of Honor",35,Uncommon,"Shoulder"
253,"Bride of the Embalmer",Alliance,6223,"Crest of Darkshire",35,Uncommon,"Off Hand"
498,"The Rescue",Horde,3733,"Orcish War Chain",23,Uncommon,"Chest"
498,"The Rescue",Horde,3752,"Grunt Vest",22,Uncommon,"Chest"
515,"Elixir of Agony",Horde,3747,"Meditative Sash",30,Uncommon,"Waist"
515,"Elixir of Agony",Horde,3749,"High Apothecary Cloak",30,Uncommon,"Back"
505,"Syndicate Assassins",Alliance,3758,"Crusader Belt",33,Uncommon,"Waist"
505,"Syndicate Assassins",Alliance,3759,"Insulated Sage Gloves",33,Uncommon,"Hands"
547,"Humbert's Sword",Horde,3750,"Ribbed Breastplate",30,Uncommon,"Chest"
547,"Humbert's Sword",Horde,3751,"Mercenary Leggings",30,Uncommon,"Legs"
564,"Costly Menace",Both,3754,"Shepherd's Gloves",33,Uncommon,"Hands"
564,"Costly Menace",Both,3753,"Shepherd's Girdle",34,Uncommon,"Waist"
504,"Crushridge Warmongers",Both,3763,"Lunar Buckler",40,Uncommon,"Off Hand"
504,"Crushridge Warmongers",Both,5249,"Burning Sliver",40,Uncommon,"Ranged"
508,"Taretha's Gift",Horde,3764,"Mantis Boots",40,Uncommon,"Feet"
508,"Taretha's Gift",Horde,3765,"Brigand's Pauldrons",40,Uncommon,"Shoulder"
705,"Pearl Diving",Both,4086,"Flash Rifle",37,Uncommon,"Ranged"
705,"Pearl Diving",Both,5248,"Flash Wand",37,Uncommon,"Ranged"
204,"Bad Medicine",Alliance,4126,"Guerrilla Cleaver",34,Uncommon,"One-Hand"
204,"Bad Medicine",Alliance,4140,"Palm Frond Mantle",34,Uncommon,"Shoulder"
331,"Report to Doren",Both,4123,"Frost Metal Pauldrons",37,Uncommon,"Shoulder"
331,"Report to Doren",Both,4139,"Junglewalker Sandals",37,Uncommon,"Feet"
600,"Venture Company Mining",Both,4128,"Silver Spade",41,Uncommon,"Two-Hand"
600,"Venture Company Mining",Both,5253,"Goblin Igniter",40,Uncommon,"Ranged"
582,"Headhunting",Horde,4132,"Darkspear Armsplints",37,Uncommon,"Wrist"
582,"Headhunting",Horde,4133,"Darkspear Cuffs",37,Uncommon,"Wrist"
592,"Saving Yenniku",Horde,4134,"Nimboya's Mystical Staff",46,Rare,"Two-Hand"
592,"Saving Yenniku",Horde,6723,"Medal of Courage",45,Rare,"Neck"
598,"Split Bone Necklace",Horde,4137,"Darkspear Shoes",42,Uncommon,"Feet"
598,"Split Bone Necklace",Horde,4136,"Darkspear Boots",42,Uncommon,"Feet"
633,"The Thandol Span",Both,4504,"Dwarven Guard Cloak",31,Uncommon,"Back"
633,"The Thandol Span",Both,4505,"Swampland Trousers",31,Uncommon,"Legs"
646,"Trol'kalar",Horde,4507,"Pit Fighter's Shield",42,Rare,"Off Hand"
646,"Trol'kalar",Horde,4508,"Blood-tinged Armor",42,Rare,"Chest"
1013,"The Book of Ur",Horde,4534,"Steel-clasped Bracers",29,Uncommon,"Wrist"
1013,"The Book of Ur",Horde,6335,"Grizzled Boots",29,Uncommon,"Feet"
673,"Foul Magics",Horde,4543,"White Drakeskin Cap",40,Uncommon,"Head"
673,"Foul Magics",Horde,4545,"Radiant Silver Bracers",40,Uncommon,"Wrist"
666,"Sunken Treasure",Both,4547,"Gnomish Zapper",40,Uncommon,"Ranged"
666,"Sunken Treasure",Both,4548,"Servomechanic Sledgehammer",41,Uncommon,"Two-Hand"
667,"Death From Below",Both,4549,"Seafire Band",46,Uncommon,"Finger"
667,"Death From Below",Both,4550,"Coldwater Ring",46,Uncommon,"Finger"
733,"Scrounging",Both,4652,"Salbac Shield",45,Uncommon,"Off Hand"
733,"Scrounging",Both,4653,"Ironheel Boots",45,Uncommon,"Feet"
685,"Wanted! Otto and Falconcrest",Alliance,4745,"War Rider Bracers",40,Uncommon,"Wrist"
685,"Wanted! Otto and Falconcrest",Alliance,5247,"Rod of Sorrow",39,Uncommon,"Ranged"
765,"Supervisor Fizsprocket",Horde,4964,"Goblin Smasher",12,Uncommon,"Two-Hand"
765,"Supervisor Fizsprocket",Horde,4974,"Compact Fighting Knife",12,Uncommon,"One-Hand"
680,"The Real Threat",Horde,4976,"Mistspray Kilt",40,Uncommon,"Legs"
680,"The Real Threat",Horde,4977,"Sword of Hammerfall",41,Uncommon,"One-Hand"
697,"Malin's Request",Both,4975,"Vigilant Buckler",39,Rare,"Off Hand"
697,"Malin's Request",Both,15104,"Wingborne Boots",39,Rare,"Feet"
1203,"Jarl Needs a Blade",Both,5016,"Artisan's Trousers",35,Uncommon,"Legs"
1203,"Jarl Needs a Blade",Both,9622,"Reedknot Ring",35,Uncommon,"Finger"
872,"The Disruption Ends",Horde,5275,"Binding Girdle",15,Uncommon,"Waist"
872,"The Disruption Ends",Horde,5328,"Cinched Belt",15,Uncommon,"Waist"
891,"The Guns of Northwatch",Horde,5309,"Privateer Musket",20,Uncommon,"Ranged"
891,"The Guns of Northwatch",Horde,5310,"Sea Dog Britches",20,Uncommon,"Legs"
899,"Consumed by Hatred",Horde,5314,"Boar Hunter's Cape",20,Uncommon,"Back"
899,"Consumed by Hatred",Horde,6477,"Grassland Sash",20,Uncommon,"Waist"
898,"Free From the Hold",Horde,5312,"Riveted Gauntlets",20,Uncommon,"Hands"
898,"Free From the Hold",Horde,5311,"Buckled Boots",21,Uncommon,"Feet"
906,"Betrayal from Within",Horde,5317,"Dry Moss Tunic",25,Uncommon,"Chest"
906,"Betrayal from Within",Horde,5316,"Barkshell Tunic",25,Uncommon,"Chest"
888,"Stolen Booty",Both,5320,"Padded Lamellar Boots",16,Uncommon,"Feet"
888,"Stolen Booty",Both,5337,"Wayfaring Gloves",16,Uncommon,"Hands"
893,"Weapons of Choice",Horde,5323,"Everglow Lantern",25,Uncommon,"Held In Off-hand"
893,"Weapons of Choice",Horde,5322,"Demolition Hammer",26,Uncommon,"Two-Hand"
976,"Supplies to Auberdine",Both,5323,"Everglow Lantern",25,Uncommon,"Held In Off-hand"
976,"Supplies to Auberdine",Both,6721,"Chestplate of Kor",24,Uncommon,"Chest"
902,"Samophlange",Both,5325,"Welding Shield",16,Uncommon,"Off Hand"
902,"Samophlange",Both,5324,"Engineer's Hammer",16,Uncommon,"One-Hand"
863,"The Escape",Both,5327,"Greasy Tinker's Pants",18,Uncommon,"Legs"
863,"The Escape",Both,5326,"Flaring Baton",18,Uncommon,"Ranged"
486,"Ursal the Mauler",Alliance,5459,"Defender Axe",13,Uncommon,"One-Hand"
486,"Ursal the Mauler",Alliance,5587,"Thornroot Club",13,Uncommon,"One-Hand"
981,"The Tower of Althalaxx",Both,5614,"Seraph's Strike",31,Uncommon,"Two-Hand"
981,"The Tower of Althalaxx",Both,10043,"Pious Legwraps",31,Uncommon,"Legs"
973,"The Tower of Althalaxx",Both,5613,"Staff of the Purifier",23,Uncommon,"Two-Hand"
973,"The Tower of Althalaxx",Both,5622,"Clergy Ring",22,Uncommon,"Finger"
951,"Mathystra Relics",Both,5615,"Woodsman Sword",20,Uncommon,"Two-Hand"
951,"Mathystra Relics",Both,5757,"Hardwood Cudgel",20,Uncommon,"One-Hand"
943,"The Absent Minded Prospector",Both,5627,"Relic Blade",20,Uncommon,"One-Hand"
943,"The Absent Minded Prospector",Both,5626,"Skullchipper",20,Uncommon,"Two-Hand"
1044,"Answered Questions",Alliance,5817,"Lunaris Bow",30,Uncommon,"Ranged"
1044,"Answered Questions",Alliance,5818,"Moonbeam Wand",30,Uncommon,"Ranged"
1031,"The Branch of Cenarius",Both,5820,"Faerie Mantle",32,Uncommon,"Shoulder"
1031,"The Branch of Cenarius",Both,11229,"Brightscale Girdle",32,Uncommon,"Waist"
1487,"Deviate Eradication",Both,6481,"Dagmire Gauntlets",23,Uncommon,"Hands"
1487,"Deviate Eradication",Both,8071,"Sizzle Stick",23,Uncommon,"Ranged"
868,"Egg Hunt",Horde,6503,"Harlequin Robes",22,Uncommon,"Chest"
868,"Egg Hunt",Horde,6502,"Violet Scale Armor",22,Uncommon,"Chest"
914,"Leaders of the Fang",Horde,6505,"Crescent Staff",24,Rare,"Two-Hand"
914,"Leaders of the Fang",Horde,6504,"Wingblade",24,Rare,"One-Hand"
1058,"Jin'Zil's Forest Magic",Horde,6664,"Voodoo Mantle",26,Uncommon,"Shoulder"
1058,"Jin'Zil's Forest Magic",Horde,6665,"Hexed Bracers",26,Uncommon,"Wrist"
1096,"Gerenzo Wrenchwhistle",Horde,6668,"Draftsman Boots",27,Uncommon,"Feet"
1096,"Gerenzo Wrenchwhistle",Horde,6667,"Engineer's Cloak",27,Uncommon,"Back"
1059,"Reclaiming the Charred Vale",Alliance,6675,"Tempered Bracers",27,Uncommon,"Wrist"
1059,"Reclaiming the Charred Vale",Alliance,6676,"Constable Buckler",27,Uncommon,"Off Hand"
1189,"Safety First",Both,6726,"Razzeric's Customized Seatbelt",41,Uncommon,"Waist"
1189,"Safety First",Both,6727,"Razzeric's Racing Grips",41,Uncommon,"Hands"
1137,"News for Fizzle",Both,6729,"Fizzle's Zippy Lighter",38,Uncommon,"Ranged"
1137,"News for Fizzle",Both,6732,"Gnomish Mechanic's Gloves",38,Uncommon,"Hands"
1197,"The Sacred Flame",Horde,6739,"Cliffrunner's Aim",29,Uncommon,"Ranged"
1197,"The Sacred Flame",Horde,6740,"Azure Sash",29,Uncommon,"Waist"
1184,"Parts of the Swarm",Horde,6737,"Dryleaf Pants",35,Uncommon,"Legs"
1184,"Parts of the Swarm",Horde,6738,"Bleeding Crescent",35,Uncommon,"One-Hand"
1436,"Alliance Relations",Horde,6744,"Gloves of Kapelan",33,Uncommon,"Hands"
1436,"Alliance Relations",Horde,6745,"Swiftrunner Cape",33,Uncommon,"Back"
1488,"The Corrupter",Horde,6746,"Basalt Buckler",40,Uncommon,"Off Hand"
1488,"The Corrupter",Horde,6747,"Enforcer Pauldrons",40,Uncommon,"Shoulder"
1142,"Mortality Wanes",Alliance,6751,"Mourning Shawl",30,Uncommon,"Back"
1142,"Mortality Wanes",Alliance,6752,"Lancer Boots",30,Uncommon,"Feet"
1380,"Khan Hratha",Both,6773,"Gelkis Marauder Chain",42,Uncommon,"Chest"
1380,"Khan Hratha",Both,6774,"Uthek's Finger",42,Uncommon,"Held In Off-hand"
1366,"Centaur Bounty",Horde,6784,"Braced Handguards",36,Uncommon,"Hands"
1366,"Centaur Bounty",Horde,6780,"Lilac Sash",36,Uncommon,"Waist"
1381,"Khan Hratha",Both,6788,"Magram Hunter's Belt",42,Uncommon,"Waist"
1381,"Khan Hratha",Both,6789,"Ceremonial Centaur Blanket",42,Uncommon,"Back"
1457,"The Karnitol Shipwreck",Both,6792,"Sanguine Pauldrons",40,Uncommon,"Shoulder"
1457,"The Karnitol Shipwreck",Both,6791,"Hellion Boots",40,Uncommon,"Feet"
1467,"Reagents for Reclaimers Inc.",Both,6794,"Stormfire Gauntlets",40,Uncommon,"Hands"
1467,"Reagents for Reclaimers Inc.",Both,6793,"Auric Bracers",40,Uncommon,"Wrist"
1273,"Questioning Reethe",Horde,6797,"Eyepoker",37,Uncommon,"Ranged"
1273,"Questioning Reethe",Horde,6798,"Blasting Hackbut",37,Uncommon,"Ranged"
1394,"Final Passage",Horde,6804,"Windstorm Hammer",34,Rare,"One-Hand"
1394,"Final Passage",Horde,6806,"Dancing Flame",40,Rare,"Ranged"
1383,"Nothing But The Truth",Horde,6832,"Cloak of Blight",42,Uncommon,"Back"
1383,"Nothing But The Truth",Horde,11265,"Cragwood Maul",42,Uncommon,"Two-Hand"
1740,"The Orb of Soran'ruk",Both,6898,"Orb of Soran'ruk",25,Uncommon,"Held In Off-hand"
1740,"The Orb of Soran'ruk",Both,15109,"Staff of Soran'ruk",25,Uncommon,"Two-Hand"
1199,"Twilight Falls",Alliance,7000,"Heartwood Girdle",25,Uncommon,"Waist"
1199,"Twilight Falls",Alliance,6998,"Nimbus Boots",25,Uncommon,"Feet"
1200,"Blackfathom Villainy",Both,7001,"Gravestone Scepter",29,Rare,"Ranged"
1200,"Blackfathom Villainy",Both,7002,"Arctic Buckler",29,Rare,"Off Hand"
6561,"Blackfathom Villainy",Both,7001,"Gravestone Scepter",29,Rare,"Ranged"
6561,"Blackfathom Villainy",Both,7002,"Arctic Buckler",29,Rare,"Off Hand"
1275,"Researching the Corruption",Both,7003,"Beetle Clasps",27,Uncommon,"Wrist"
1275,"Researching the Corruption",Both,7004,"Prelacy Cape",27,Uncommon,"Back"
181,"Look To The Stars",Alliance,7106,"Zodiac Gloves",33,Uncommon,"Hands"
181,"Look To The Stars",Alliance,7107,"Belt of the Stars",33,Uncommon,"Waist"
1880,"Mage-tastic Gizmonitor",Both,7507,"Arcane Orb",10,Uncommon,"Held In Off-hand"
1880,"Mage-tastic Gizmonitor",Both,9514,"Arcane Staff",10,Uncommon,"Two-Hand"
1882,"The Balnir Farmstead",Both,7507,"Arcane Orb",10,Uncommon,"Held In Off-hand"
1882,"The Balnir Farmstead",Both,9514,"Arcane Staff",10,Uncommon,"Two-Hand"
1861,"Mirror Lake",Both,7508,"Ley Orb",13,Uncommon,"Held In Off-hand"
1861,"Mirror Lake",Both,9513,"Ley Staff",13,Uncommon,"Two-Hand"
1884,"Ju-Ju Heaps",Both,7508,"Ley Orb",13,Uncommon,"Held In Off-hand"
1884,"Ju-Ju Heaps",Both,9513,"Ley Staff",13,Uncommon,"Two-Hand"
9404,"Recently Living",Horde,7508,"Ley Orb",13,Uncommon,"Held In Off-hand"
9404,"Recently Living",Horde,9513,"Ley Staff",13,Uncommon,"Two-Hand"
9595,"Control",Both,7508,"Ley Orb",13,Uncommon,"Held In Off-hand"
9595,"Control",Both,9513,"Ley Staff",13,Uncommon,"Two-Hand"
1946,"Nether-lace Garment",Both,7512,"Nether-lace Robe",31,Uncommon,"Chest"
1946,"Nether-lace Garment",Both,9515,"Nether-lace Tunic",31,Uncommon,"Chest"
1958,"Celestial Power",Both,7515,"Celestial Orb",40,Rare,"Held In Off-hand"
1958,"Celestial Power",Both,9517,"Celestial Stave",40,Rare,"Two-Hand"
1942,"Astral Knot Garment",Both,7511,"Astral Knot Robe",31,Uncommon,"Chest"
1942,"Astral Knot Garment",Both,9516,"Astral Knot Blouse",31,Uncommon,"Chest"
2040,"Underground Assault",Alliance,7606,"Polar Gauntlets",22,Uncommon,"Hands"
2040,"Underground Assault",Alliance,7607,"Sable Wand",22,Uncommon,"Ranged"
2139,"Tharnariun's Hope",Both,7738,"Evergreen Gloves",18,Uncommon,"Hands"
2139,"Tharnariun's Hope",Both,7739,"Timberland Cape",18,Uncommon,"Back"
1177,"Hungry!",Both,9519,"Durtfeet Stompers",36,Uncommon,"Feet"
1177,"Hungry!",Both,9518,"Mud's Crushers",36,Uncommon,"Hands"
679,"Call to Arms",Horde,9520,"Silent Hunter",41,Uncommon,"One-Hand"
679,"Call to Arms",Horde,9521,"Skullsplitter",41,Uncommon,"Two-Hand"
2904,"A Fine Mess",Both,9536,"Fairywing Mantle",30,Uncommon,"Shoulder"
2904,"A Fine Mess",Both,9535,"Fire-welded Bracers",30,Uncommon,"Wrist"
2846,"Tiara of the Deep",Both,9527,"Spellshifter Rod",46,Uncommon,"Two-Hand"
2846,"Tiara of the Deep",Both,9531,"Gemshale Pauldrons",46,Uncommon,"Shoulder"
2768,"Divino-matic Rod",Both,9534,"Engineer's Guild Headpiece",47,Rare,"Head"
2768,"Divino-matic Rod",Both,9533,"Masons Fraternity Ring",47,Rare,"Finger"
2930,"Data Rescue",Alliance,9604,"Mechanic's Pipehammer",30,Uncommon,"Two-Hand"
2930,"Data Rescue",Alliance,9605,"Repairman's Cape",30,Uncommon,"Back"
483,"The Relics of Wakening",Alliance,9599,"Barkmail Leggings",10,Uncommon,"Legs"
483,"The Relics of Wakening",Alliance,9603,"Gritroot Staff",10,Uncommon,"Two-Hand"
2561,"Druid of the Claw",Alliance,9598,"Sleeping Robes",10,Uncommon,"Chest"
2561,"Druid of the Claw",Alliance,18957,"Brushwood Blade",10,Uncommon,"One-Hand"
2928,"Gyrodrillmatic Excavationators",Alliance,9608,"Shoni's Disarming Tool",31,Uncommon,"Off Hand"
2928,"Gyrodrillmatic Excavationators",Alliance,9609,"Shilly Mitts",31,Uncommon,"Hands"
2240,"The Hidden Chamber",Alliance,9626,"Dwarven Charge",42,Uncommon,"Two-Hand"
2240,"The Hidden Chamber",Alliance,9627,"Explorers' League Lodestar",42,Uncommon,"Held In Off-hand"
2822,"The Mark of Quality",Horde,9633,"Jangdor's Handcrafted Boots",45,Uncommon,"Feet"
2822,"The Mark of Quality",Horde,9632,"Jangdor's Handcrafted Gloves",45,Uncommon,"Hands"
2821,"The Mark of Quality",Alliance,9630,"Pratt's Handcrafted Boots",45,Uncommon,"Feet"
2821,"The Mark of Quality",Alliance,9631,"Pratt's Handcrafted Gloves",45,Uncommon,"Hands"
2874,"Deliver to MacKinley",Both,9636,"Swashbuckler Sash",45,Uncommon,"Waist"
2874,"Deliver to MacKinley",Both,9637,"Shinkicker Boots",45,Uncommon,"Feet"
1560,"Tooga's Quest",Both,9638,"Chelonian Cuffs",50,Uncommon,"Wrist"
1560,"Tooga's Quest",Both,9642,"Band of the Great Tortoise",50,Uncommon,"Finger"
2994,"Saving Sharpbeak",Alliance,9651,"Gryphon Rider's Stormhammer",53,Rare,"One-Hand"
2994,"Saving Sharpbeak",Alliance,9652,"Gryphon Rider's Leggings",53,Rare,"Legs"
836,"Rescue OOX-09/HL!",Both,9645,"Gnomish Inventor Boots",49,Uncommon,"Feet"
836,"Rescue OOX-09/HL!",Both,9646,"Gnomish Water Sinking Device",49,Uncommon,"Feet"
648,"Rescue OOX-17/TN!",Both,9643,"Optomatic Deflector",51,Uncommon,"Off Hand"
648,"Rescue OOX-17/TN!",Both,9644,"Thermotastic Egg Timer",51,Uncommon,"Held In Off-hand"
2767,"Rescue OOX-22/FE!",Both,9647,"Failed Flying Experiment",48,Uncommon,"Shoulder"
2767,"Rescue OOX-22/FE!",Both,9648,"Chainlink Towel",48,Uncommon,"Back"
2845,"Wandering Shay",Both,9656,"Granite Grips",49,Uncommon,"Hands"
2845,"Wandering Shay",Both,9657,"Vinehedge Cinch",49,Uncommon,"Waist"
2942,"The Morrow Stone",Both,9655,"Seedtime Hoop",50,Uncommon,"Finger"
2942,"The Morrow Stone",Both,9654,"Cairnstone Sliver",50,Uncommon,"Ranged"
2987,"Gordunni Cobalt",Horde,9660,"Stargazer Cloak",43,Uncommon,"Back"
2987,"Gordunni Cobalt",Horde,9658,"Boots of the Maharishi",43,Uncommon,"Feet"
2871,"Delivering the Relic",Alliance,9663,"Dawnrider's Chestpiece",45,Uncommon,"Chest"
2871,"Delivering the Relic",Alliance,9664,"Sentinel's Guard",45,Uncommon,"Head"
2903,"The Battle Plans",Horde,9661,"Earthclasp Barrier",43,Uncommon,"Off Hand"
2903,"The Battle Plans",Horde,9662,"Rushridge Boots",43,Uncommon,"Feet"
3062,"Dark Heart",Horde,9665,"Wingcrest Gloves",50,Uncommon,"Hands"
3062,"Dark Heart",Horde,9666,"Stronghorn Girdle",50,Uncommon,"Waist"
1169,"Identifying the Brood",Horde,9703,"Scorched Cape",43,Uncommon,"Back"
1169,"Identifying the Brood",Horde,9704,"Rustler Gloves",43,Uncommon,"Hands"
1168,"Army of the Black Dragon",Horde,9706,"Tharg's Disk",43,Uncommon,"Off Hand"
1168,"Army of the Black Dragon",Horde,9705,"Tharg's Shoelace",43,Uncommon,"Waist"
1358,"Sample for Helbrim",Both,10638,"Long Draping Cape",15,Uncommon,"Back"
1358,"Sample for Helbrim",Both,10637,"Brewer's Gloves",15,Uncommon,"Hands"
3514,"Horde Presence",Horde,10653,"Trailblazer Boots",30,Uncommon,"Feet"
3514,"Horde Presence",Horde,10654,"Jutebraid Gloves",31,Uncommon,"Hands"
3369,"In Nightmares",Horde,10657,"Talbar Mantle",26,Uncommon,"Shoulder"
3369,"In Nightmares",Horde,10658,"Quagmire Galoshes",25,Uncommon,"Feet"
3370,"In Nightmares",Both,10657,"Talbar Mantle",26,Uncommon,"Shoulder"
3370,"In Nightmares",Both,10658,"Quagmire Galoshes",25,Uncommon,"Feet"
1172,"The Brood of Onyxia",Horde,10700,"Encarmine Boots",45,Uncommon,"Feet"
1172,"The Brood of Onyxia",Horde,10701,"Boots of Zua'tec",45,Uncommon,"Feet"
3507,"Betrayed",Horde,10709,"Pyrestone Orb",55,Uncommon,"Held In Off-hand"
3507,"Betrayed",Horde,11120,"Belgrom's Hammer",55,Uncommon,"One-Hand"
3461,"Return to Tymor",Both,10708,"Skullspell Orb",52,Uncommon,"Held In Off-hand"
3461,"Return to Tymor",Both,10707,"Steelsmith Greaves",52,Uncommon,"Feet"
1173,"Challenge Overlord Mok'Morokk",Horde,10703,"Fiendish Skiv",45,Uncommon,"One-Hand"
1173,"Challenge Overlord Mok'Morokk",Horde,10704,"Chillnail Splinter",46,Uncommon,"Ranged"
2972,"Doling Justice",Alliance,10705,"Firwillow Wristbands",47,Uncommon,"Wrist"
2972,"Doling Justice",Alliance,10706,"Nightscale Girdle",47,Uncommon,"Waist"
3378,"Prayer to Elune",Both,10745,"Kaylari Shoulders",50,Uncommon,"Shoulder"
3378,"Prayer to Elune",Both,10746,"Runesteel Vambraces",50,Uncommon,"Wrist"
1364,"Mazen's Behest",Both,10747,"Teacher's Sash",41,Uncommon,"Waist"
1364,"Mazen's Behest",Both,10748,"Wanderlust Boots",41,Uncommon,"Feet"
3628,"You Are Rakh'likh, Demon",Both,10779,"Demon's Blood",60,Uncommon,"Trinket"
3628,"You Are Rakh'likh, Demon",Both,10778,"Necklace of Sanctuary",60,Uncommon,"Neck"
3301,"Mura Runetotem",Horde,10820,"Jackseed Belt",15,Uncommon,"Waist"
3301,"Mura Runetotem",Horde,10821,"Sower's Cloak",15,Uncommon,"Back"
3341,"Bring the End",Horde,10823,"Vanquisher's Sword",44,Rare,"One-Hand"
3341,"Bring the End",Horde,10824,"Amberglow Talisman",44,Rare,"Neck"
3636,"Bring the Light",Alliance,10823,"Vanquisher's Sword",44,Rare,"One-Hand"
3636,"Bring the Light",Alliance,10824,"Amberglow Talisman",44,Rare,"Neck"
3161,"Gahz'ridian",Both,10826,"Staff of Lore",48,Uncommon,"Two-Hand"
3161,"Gahz'ridian",Both,10827,"Surveyor's Tunic",48,Uncommon,"Chest"
1446,"Jammal'an the Prophet",Both,11123,"Rainstrider Leggings",55,Rare,"Legs"
1446,"Jammal'an the Prophet",Both,11124,"Helm of Exile",55,Rare,"Head"
3924,"Samophlange Manual",Horde,11855,"Tork Wrench",19,Uncommon,"Held In Off-hand"
3924,"Samophlange Manual",Horde,11854,"Samophlange Screwdriver",19,Uncommon,"Two-Hand"
4266,"A Hero's Welcome",Alliance,11856,"Ceremonial Elven Blade",45,Uncommon,"One-Hand"
4266,"A Hero's Welcome",Alliance,11857,"Sanctimonial Rod",46,Uncommon,"Two-Hand"
4450,"Ledger from Tanaris",Both,11861,"Girdle of Reprisal",46,Uncommon,"Waist"
4450,"Ledger from Tanaris",Both,11860,"Charged Lightning Rod",46,Uncommon,"Ranged"
2976,"A Grim Discovery",Horde,11858,"Battlehard Cape",45,Uncommon,"Back"
2976,"A Grim Discovery",Horde,11859,"Jademoon Orb",45,Uncommon,"Held In Off-hand"
4201,"The Love Potion",Both,11866,"Nagmara's Whipping Belt",55,Rare,"Waist"
4201,"The Love Potion",Both,11962,"Manacle Cuffs",55,Rare,"Wrist"
3825,"Ogre Head On A Stick = Party",Both,11867,"Maddening Gauntlets",53,Uncommon,"Hands"
3825,"Ogre Head On A Stick = Party",Both,11868,"Choking Band",53,Uncommon,"Finger"
4261,"Ancient Spirit",Both,11874,"Clouddrift Mantle",56,Uncommon,"Shoulder"
4261,"Ancient Spirit",Both,11873,"Ethereal Mist Cape",56,Uncommon,"Back"
4292,"The Bait for Lar'korwi",Both,11882,"Outrider Leggings",56,Uncommon,"Legs"
4292,"The Bait for Lar'korwi",Both,11876,"Plainstalker Tunic",56,Uncommon,"Chest"
3791,"The Mystery of Morrowgrain",Both,11889,"Bark Iron Pauldrons",50,Uncommon,"Shoulder"
3791,"The Mystery of Morrowgrain",Both,11888,"Quintis' Research Gloves",50,Uncommon,"Hands"
4301,"The Mighty U'cha",Both,11906,"Beastsmasher",55,Uncommon,"One-Hand"
4301,"The Mighty U'cha",Both,11907,"Beastslayer",55,Uncommon,"Two-Hand"
3882,"Roll the Bones",Both,11908,"Archaeologist's Quarry Boots",55,Uncommon,"Feet"
3882,"Roll the Bones",Both,11909,"Excavator's Utility Belt",55,Uncommon,"Waist"
4501,"Beware of Pterrordax",Both,11918,"Grotslab Gloves",55,Uncommon,"Hands"
4501,"Beware of Pterrordax",Both,11919,"Cragplate Greaves",55,Uncommon,"Feet"
4126,"Hurley Blackbreath",Alliance,11964,"Swiftstrike Cudgel",55,Uncommon,"One-Hand"
4126,"Hurley Blackbreath",Alliance,12000,"Limb Cleaver",55,Uncommon,"Two-Hand"
4134,"Lost Thunderbrew Recipe",Both,11964,"Swiftstrike Cudgel",55,Uncommon,"One-Hand"
4134,"Lost Thunderbrew Recipe",Both,12000,"Limb Cleaver",55,Uncommon,"Two-Hand"
4513,"A Little Slime Goes a Long Way",Alliance,12050,"Hazecover Boots",54,Uncommon,"Feet"
4513,"A Little Slime Goes a Long Way",Alliance,12051,"Brazen Gauntlets",54,Uncommon,"Hands"
4363,"The Princess's Surprise",Alliance,12543,"Songstone of Ironforge",60,Rare,"Finger"
4363,"The Princess's Surprise",Alliance,12548,"Magni's Will",60,Rare,"Finger"
4004,"The Princess Saved?",Horde,12544,"Thrall's Resolve",60,Rare,"Finger"
4004,"The Princess Saved?",Horde,12545,"Eye of Orgrimmar",60,Rare,"Finger"
5167,"Legplates of the Chromatic Defier",Both,12903,"Legguards of the Chromatic Defier",62,Epic,"Legs"
5167,"Legplates of the Chromatic Defier",Both,12945,"Legplates of the Chromatic Defier",62,Epic,"Legs"
5213,"The Active Agent",Both,13209,"Seal of the Dawn",61,Rare,"Trinket"
5213,"The Active Agent",Both,19812,"Rune of the Dawn",61,Rare,"Trinket"
5243,"Houses of the Holy",Both,13216,"Crown of the Penitent",61,Uncommon,"Head"
5243,"Houses of the Holy",Both,13217,"Band of the Penitent",61,Uncommon,"Finger"
5060,"Locked Away",Both,13474,"Farmer Dalson's Shotgun",56,Uncommon,"Ranged"
5060,"Locked Away",Both,13475,"Dalson Family Wedding Ring",55,Uncommon,"Finger"
4964,"The Completed Orb of Dar'Orahil",Both,15106,"Staff of Dar'Orahil",40,Uncommon,"Two-Hand"
4964,"The Completed Orb of Dar'Orahil",Both,15108,"Orb of Dar'Orahil",40,Rare,"Held In Off-hand"
4975,"The Completed Orb of Noh'Orahil",Both,15105,"Staff of Noh'Orahil",40,Uncommon,"Two-Hand"
4975,"The Completed Orb of Noh'Orahil",Both,15107,"Orb of Noh'Orahil",40,Rare,"Held In Off-hand"
1138,"Fruit of the Sea",Alliance,15406,"Crustacean Boots",17,Uncommon,"Feet"
1138,"Fruit of the Sea",Alliance,15405,"Shucking Gloves",17,Uncommon,"Hands"
661,"Hints of a New Plague?",Alliance,15455,"Dustfall Robes",37,Uncommon,"Chest"
661,"Hints of a New Plague?",Alliance,15456,"Lightstep Leggings",37,Uncommon,"Legs"
5724,"Returning the Lost Satchel",Horde,15452,"Featherbead Bracers",18,Uncommon,"Wrist"
5724,"Returning the Lost Satchel",Horde,15453,"Savannah Bracers",18,Uncommon,"Wrist"
4904,"Free at Last",Horde,15468,"Windsong Drape",29,Uncommon,"Back"
4904,"Free at Last",Horde,15469,"Windsong Cinch",29,Uncommon,"Waist"
5147,"Wanted - Arnak Grimtotem",Horde,15470,"Plainsguard Leggings",29,Uncommon,"Legs"
5147,"Wanted - Arnak Grimtotem",Horde,15471,"Brawnhide Armor",29,Uncommon,"Chest"
5561,"Kodo Roundup",Both,15697,"Kodo Rustler Boots",38,Uncommon,"Feet"
5561,"Kodo Roundup",Both,15698,"Wrangling Spaulders",38,Uncommon,"Shoulder"
4642,"Melding of Influences",Both,15702,"Chemist's Ring",55,Uncommon,"Finger"
4642,"Melding of Influences",Both,15703,"Chemist's Smock",55,Uncommon,"Back"
5385,"The Remains of Trey Lightforge",Both,15705,"Tidecrest Blade",57,Uncommon,"One-Hand"
5385,"The Remains of Trey Lightforge",Both,15706,"Hunt Tracker Blade",57,Uncommon,"One-Hand"
5056,"Shy-Rotam",Horde,15782,"Beaststalker Blade",60,Uncommon,"One-Hand"
5056,"Shy-Rotam",Horde,15783,"Beasthunter Dagger",60,Uncommon,"One-Hand"
4883,"Guarding Secrets",Horde,15796,"Seaspray Bracers",59,Uncommon,"Wrist"
4883,"Guarding Secrets",Horde,15797,"Shining Armplates",59,Uncommon,"Wrist"
4971,"A Matter of Time",Both,15812,"Orchid Amice",56,Uncommon,"Shoulder"
4971,"A Matter of Time",Both,15813,"Gold Link Belt",56,Uncommon,"Waist"
6031,"Runecloth",Both,15822,"Shadowskin Spaulders",55,Uncommon,"Shoulder"
6031,"Runecloth",Both,15823,"Bricksteel Gauntlets",55,Uncommon,"Hands"
6024,"Hameya's Plea",Both,15814,"Hameya's Slayer",60,Uncommon,"One-Hand"
6024,"Hameya's Plea",Both,15815,"Hameya's Cloak",60,Uncommon,"Back"
4771,"Dawn's Gambit",Both,15854,"Dancing Sliver",60,Rare,"Two-Hand"
4771,"Dawn's Gambit",Both,15853,"Windreaper",60,Rare,"One-Hand"
6134,"Ghost-o-plasm Round Up",Both,15864,"Condor Bracers",39,Uncommon,"Wrist"
6134,"Ghost-o-plasm Round Up",Both,15865,"Anchorhold Buckler",39,Uncommon,"Off Hand"
4983,"Bijou's Reconnaissance Report",Both,15858,"Freewind Gloves",59,Uncommon,"Hands"
4983,"Bijou's Reconnaissance Report",Both,15859,"Seapost Girdle",59,Uncommon,"Waist"
4765,"Delivery to Ridgewell",Both,15860,"Blinkstrike Armguards",60,Uncommon,"Wrist"
4765,"Delivery to Ridgewell",Both,15861,"Swiftfoot Treads",60,Uncommon,"Feet"
4768,"The Darkstone Tablet",Both,15860,"Blinkstrike Armguards",60,Uncommon,"Wrist"
4768,"The Darkstone Tablet",Both,15861,"Swiftfoot Treads",60,Uncommon,"Feet"
4810,"Return to Tinkee",Both,15863,"Grave Scepter",54,Uncommon,"One-Hand"
4810,"Return to Tinkee",Both,15862,"Blitzcleaver",54,Uncommon,"One-Hand"
4902,"Wildkin of Elune",Both,16622,"Thornflinger",57,Uncommon,"Ranged"
4902,"Wildkin of Elune",Both,16623,"Opaline Medallion",57,Uncommon,"Neck"
5863,"The Dunemaul Compound",Both,16739,"Rugwood Mantle",48,Uncommon,"Shoulder"
5863,"The Dunemaul Compound",Both,16738,"Witherseed Gloves",48,Uncommon,"Hands"
6504,"The Lost Pages",Horde,16740,"Shredder Operating Gloves",31,Uncommon,"Hands"
6504,"The Lost Pages",Horde,16741,"Oilrag Handwraps",31,Uncommon,"Hands"
6161,"Claim Rackmore's Treasure!",Both,16788,"Captain Rackmore's Wheel",36,Uncommon,"Off Hand"
6161,"Claim Rackmore's Treasure!",Both,16789,"Captain Rackmore's Tiller",36,Uncommon,"Ranged"
6027,"Book of the Ancients",Both,16791,"Silkstream Cuffs",38,Uncommon,"Wrist"
6027,"Book of the Ancients",Both,16793,"Arcmetal Shoulders",38,Uncommon,"Shoulder"
5581,"Portals of the Legion",Horde,16794,"Gripsteel Wristguards",38,Uncommon,"Wrist"
5581,"Portals of the Legion",Horde,16873,"Braidfur Gloves",38,Uncommon,"Hands"
909,"Baron Aquanis",Horde,16886,"Outlaw Sabre",30,Rare,"One-Hand"
909,"Baron Aquanis",Horde,16887,"Witch's Finger",30,Rare,"Held In Off-hand"
6922,"Baron Aquanis",Horde,16886,"Outlaw Sabre",30,Rare,"One-Hand"
6922,"Baron Aquanis",Horde,16887,"Witch's Finger",30,Rare,"Held In Off-hand"
6544,"Torek's Assault",Horde,16890,"Slatemetal Cutlass",24,Uncommon,"One-Hand"
6544,"Torek's Assault",Horde,16889,"Polished Walking Staff",24,Uncommon,"Two-Hand"
6284,"Arachnophobia",Horde,16891,"Claystone Shortsword",21,Uncommon,"One-Hand"
6284,"Arachnophobia",Horde,16894,"Clear Crystal Rod",21,Uncommon,"Two-Hand"
6381,"New Life",Horde,16985,"Windseeker Boots",25,Uncommon,"Feet"
6381,"New Life",Horde,16986,"Sandspire Gloves",25,Uncommon,"Hands"
6283,"Bloodfury Bloodline",Horde,16987,"Screecher Belt",27,Uncommon,"Waist"
6283,"Bloodfury Bloodline",Horde,16990,"Spritekin Cloak",27,Uncommon,"Back"
6135,"Duskwing, Oh How I Hate Thee...",Horde,16995,"Duskwing Mantle",60,Uncommon,"Shoulder"
6135,"Duskwing, Oh How I Hate Thee...",Horde,16994,"Duskwing Gloves",60,Uncommon,"Hands"
6163,"Ramstein",Horde,17001,"Elemental Circle",62,Uncommon,"Finger"
6163,"Ramstein",Horde,18022,"Royal Seal of Alexis",62,Rare,"Finger"
6621,"King of the Foulweald",Horde,17005,"Boorguard Tunic",27,Uncommon,"Chest"
6621,"King of the Foulweald",Horde,17006,"Cobalt Legguards",27,Uncommon,"Legs"
5125,"Aurius' Reckoning",Both,17044,"Will of the Martyr",61,Rare,"Neck"
5125,"Aurius' Reckoning",Both,17045,"Blood of the Martyr",61,Rare,"Finger"
208,"Big Game Hunter",Both,17686,"Master Hunter's Bow",43,Uncommon,"Ranged"
208,"Big Game Hunter",Both,17687,"Master Hunter's Rifle",43,Uncommon,"Ranged"
6565,"Allegiance to the Old Gods",Horde,17694,"Band of the Fist",25,Uncommon,"Finger"
6565,"Allegiance to the Old Gods",Horde,17695,"Chestnut Mantle",26,Uncommon,"Shoulder"
7068,"Shadowshard Fragments",Horde,17772,"Zealous Shadowshard Pendant",42,Uncommon,"Neck"
7068,"Shadowshard Fragments",Horde,17773,"Prodigious Shadowshard Pendant",42,Uncommon,"Neck"
7070,"Shadowshard Fragments",Alliance,17772,"Zealous Shadowshard Pendant",42,Uncommon,"Neck"
7070,"Shadowshard Fragments",Alliance,17773,"Prodigious Shadowshard Pendant",42,Uncommon,"Neck"
7486,"A Hero's Reward",Both,18399,"Ocean's Breeze",63,Rare,"Finger"
7486,"A Hero's Reward",Both,18398,"Tidal Loop",63,Rare,"Finger"
6845,"Uncovering Past Secrets",Both,18400,"Ring of Living Stone",57,Uncommon,"Finger"
6845,"Uncovering Past Secrets",Both,18402,"Glowing Crystal Ring",57,Uncommon,"Finger"
7441,"Pusillin and the Elder Azj'Tordin",Both,18410,"Sprinter's Sword",57,Uncommon,"Two-Hand"
7441,"Pusillin and the Elder Azj'Tordin",Both,18411,"Spry Boots",57,Uncommon,"Feet"
5526,"Shards of the Felvine",Both,18536,"Milli's Lexicon",59,Rare,"Held In Off-hand"
5526,"Shards of the Felvine",Both,18535,"Milli's Shield",59,Rare,"Off Hand"
7541,"Service to the Horde",Horde,18585,"Band of Allegiance",35,Rare,"Finger"
7541,"Service to the Horde",Horde,18586,"Lonetree's Circle",35,Rare,"Finger"
7732,"Zukk'ash Report",Horde,19037,"Emerald Peak Spaulders",48,Uncommon,"Shoulder"
7732,"Zukk'ash Report",Horde,19038,"Ring of Subtlety",48,Uncommon,"Finger"
7847,"Return to Primal Torntusk",Horde,19115,"Flask of Forest Mojo",51,Uncommon,"Held In Off-hand"
7847,"Return to Primal Torntusk",Horde,19114,"Highland Bow",51,Uncommon,"Ranged"
7849,"Separation Anxiety",Horde,19116,"Greenleaf Handwraps",50,Uncommon,"Hands"
7849,"Separation Anxiety",Horde,19117,"Laquered Wooden Plate Legguards",50,Uncommon,"Legs"
7861,"Wanted: Vile Priestess Hexx and Her Minions",Horde,19121,"Deep Woodlands Cloak",51,Rare,"Back"
7861,"Wanted: Vile Priestess Hexx and Her Minions",Horde,19159,"Woven Ivy Necklace",51,Rare,"Neck"
7728,"STOLEN: Smithing Tuyere and Lookout's Spyglass",Both,19123,"Everwarm Handwraps",48,Uncommon,"Hands"
7728,"STOLEN: Smithing Tuyere and Lookout's Spyglass",Both,19124,"Slagplate Leggings",48,Uncommon,"Legs"
7701,"WANTED: Overseer Maltorius",Both,19128,"Seared Mail Vest",50,Uncommon,"Chest"
7701,"WANTED: Overseer Maltorius",Both,19127,"Charred Leather Tunic",50,Uncommon,"Chest"
8193,"Master Angler",Both,19970,"Arcanite Fishing Pole",20,Rare,"Two-Hand"
8193,"Master Angler",Both,19979,"Hook of the Master Angler",65,Rare,"Trinket"
8181,"Confront Yeh'kinya",Both,20219,"Tattered Hakkari Cape",59,Rare,"Back"
8181,"Confront Yeh'kinya",Both,20218,"Faded Hakkari Cloak",59,Rare,"Back"
8418,"Forging the Mightstone",Both,20505,"Chivalrous Signet",52,Rare,"Finger"
8418,"Forging the Mightstone",Both,20512,"Sanctified Orb",52,Rare,"Trinket"
8366,"Southsea Shakedown",Both,20640,"Southsea Head Bucket",45,Uncommon,"Head"
8366,"Southsea Shakedown",Both,20641,"Southsea Mojo Boots",45,Uncommon,"Feet"
8273,"Oran's Gratitude",Horde,20642,"Antiquated Nobleman's Tunic",47,Uncommon,"Chest"
8273,"Oran's Gratitude",Horde,20643,"Undercity Reservist's Cap",47,Uncommon,"Head"
8283,"Wanted - Deathclasp, Terror of the Sands",Both,20646,"Sandstrider's Mark",59,Rare,"Ranged"
8283,"Wanted - Deathclasp, Terror of the Sands",Both,20647,"Black Crystal Dagger",59,Rare,"Main Hand"
8321,"Vyral the Vile",Both,20649,"Sunprism Pendant",60,Uncommon,"Neck"
8321,"Vyral the Vile",Both,20650,"Desert Wind Gauntlets",60,Uncommon,"Hands"
8316,"Armaments of War",Both,20699,"Cenarion Reservist's Legplates",63,Rare,"Legs"
8316,"Armaments of War",Both,20710,"Crystal Encrusted Greaves",63,Rare,"Feet"
8376,"Armaments of War",Both,20700,"Cenarion Reservist's Legplates",63,Rare,"Legs"
8376,"Armaments of War",Both,20711,"Crystal Lined Greaves",63,Rare,"Feet"
8380,"Armaments of War",Both,20701,"Cenarion Reservist's Legguards",63,Rare,"Legs"
8380,"Armaments of War",Both,20712,"Wastewalker's Gauntlets",63,Rare,"Hands"
8377,"Armaments of War",Both,20702,"Cenarion Reservist's Legguards",63,Rare,"Legs"
8377,"Armaments of War",Both,20713,"Desertstalkers's Gauntlets",63,Rare,"Hands"
8378,"Armaments of War",Both,20703,"Cenarion Reservist's Leggings",63,Rare,"Legs"
8378,"Armaments of War",Both,20715,"Dunestalker's Boots",63,Rare,"Feet"
8382,"Armaments of War",Both,20704,"Cenarion Reservist's Leggings",63,Rare,"Legs"
8382,"Armaments of War",Both,20714,"Sandstorm Boots",63,Rare,"Feet"
8381,"Armaments of War",Both,20705,"Cenarion Reservist's Pants",63,Rare,"Legs"
8381,"Armaments of War",Both,20716,"Sandworm Skin Gloves",63,Rare,"Hands"
8379,"Armaments of War",Both,20707,"Cenarion Reservist's Pants",63,Rare,"Legs"
8379,"Armaments of War",Both,20717,"Desert Bloom Gloves",63,Rare,"Hands"
8573,"Champion's Battlegear",Both,21180,"Earthstrike",66,Epic,"Trinket"
8573,"Champion's Battlegear",Both,21190,"Wrath of Cenarius",66,Epic,"Finger"
8460,"Timbermaw Ally",Both,21311,"Earth Warder's Vest",48,Uncommon,"Chest"
8460,"Timbermaw Ally",Both,21312,"Belt of the Den Watcher",48,Uncommon,"Waist"
8461,"Deadwood of the North",Both,21316,"Leggings of the Ursa",55,Uncommon,"Legs"
8461,"Deadwood of the North",Both,21317,"Helm of the Pathfinder",55,Uncommon,"Head"
8937,"Just Compensation",Alliance,21994,"Belt of Heroism",65,Rare,"Waist"
8937,"Just Compensation",Alliance,21998,"Gauntlets of Heroism",60,Epic,"Hands"
8944,"Just Compensation",Horde,21994,"Belt of Heroism",65,Rare,"Waist"
8944,"Just Compensation",Horde,21998,"Gauntlets of Heroism",60,Epic,"Hands"
9006,"Saving the Best for Last",Alliance,21997,"Breastplate of Heroism",60,Epic,"Chest"
9006,"Saving the Best for Last",Alliance,21999,"Helm of Heroism",60,Epic,"Head"
9013,"Saving the Best for Last",Horde,21997,"Breastplate of Heroism",60,Epic,"Chest"
9013,"Saving the Best for Last",Horde,21999,"Helm of Heroism",60,Epic,"Head"
8935,"Just Compensation",Both,22002,"Darkmantle Belt",65,Rare,"Waist"
8935,"Just Compensation",Both,22006,"Darkmantle Gloves",60,Epic,"Hands"
8941,"Just Compensation",Both,22002,"Darkmantle Belt",65,Rare,"Waist"
8941,"Just Compensation",Both,22006,"Darkmantle Gloves",60,Epic,"Hands"
9004,"Saving the Best for Last",Alliance,22005,"Darkmantle Cap",60,Epic,"Head"
9004,"Saving the Best for Last",Alliance,22009,"Darkmantle Tunic",60,Epic,"Chest"
9010,"Saving the Best for Last",Horde,22005,"Darkmantle Cap",60,Epic,"Head"
9010,"Saving the Best for Last",Horde,22009,"Darkmantle Tunic",60,Epic,"Chest"
8931,"Just Compensation",Alliance,22010,"Beastmaster's Belt",65,Rare,"Waist"
8931,"Just Compensation",Alliance,22015,"Beastmaster's Gloves",60,Epic,"Hands"
8938,"Just Compensation",Horde,22010,"Beastmaster's Belt",65,Rare,"Waist"
8938,"Just Compensation",Horde,22015,"Beastmaster's Gloves",60,Epic,"Hands"
9000,"Saving the Best for Last",Alliance,22013,"Beastmaster's Cap",60,Epic,"Head"
9000,"Saving the Best for Last",Alliance,22060,"Beastmaster's Tunic",60,Epic,"Chest"
9008,"Saving the Best for Last",Horde,22013,"Beastmaster's Cap",60,Epic,"Head"
9008,"Saving the Best for Last",Horde,22060,"Beastmaster's Tunic",60,Epic,"Chest"
8952,"Anthion's Parting Words",Alliance,22017,"Beastmaster's Pants",66,Rare,"Legs"
8952,"Anthion's Parting Words",Alliance,22061,"Beastmaster's Boots",60,Epic,"Feet"
9017,"Anthion's Parting Words",Horde,22017,"Beastmaster's Pants",66,Rare,"Legs"
9017,"Anthion's Parting Words",Horde,22061,"Beastmaster's Boots",60,Epic,"Feet"
8932,"Just Compensation",Alliance,22062,"Sorcerer's Belt",65,Rare,"Waist"
8932,"Just Compensation",Alliance,22066,"Sorcerer's Gloves",60,Epic,"Hands"
8939,"Just Compensation",Horde,22062,"Sorcerer's Belt",65,Rare,"Waist"
8939,"Just Compensation",Horde,22066,"Sorcerer's Gloves",60,Epic,"Hands"
9018,"Anthion's Parting Words",Horde,22064,"Sorcerer's Boots",60,Epic,"Feet"
9018,"Anthion's Parting Words",Horde,22067,"Sorcerer's Leggings",66,Rare,"Legs"
9001,"Saving the Best for Last",Alliance,22065,"Sorcerer's Crown",60,Epic,"Head"
9001,"Saving the Best for Last",Alliance,22069,"Sorcerer's Robes",60,Epic,"Chest"
9014,"Saving the Best for Last",Horde,22065,"Sorcerer's Crown",60,Epic,"Head"
9014,"Saving the Best for Last",Horde,22069,"Sorcerer's Robes",60,Epic,"Chest"
8936,"Just Compensation",Alliance,22070,"Deathmist Belt",65,Rare,"Waist"
8936,"Just Compensation",Alliance,22077,"Deathmist Wraps",60,Epic,"Hands"
8943,"Just Compensation",Horde,22070,"Deathmist Belt",65,Rare,"Waist"
8943,"Just Compensation",Horde,22077,"Deathmist Wraps",60,Epic,"Hands"
8958,"Anthion's Parting Words",Alliance,22072,"Deathmist Leggings",66,Rare,"Legs"
8958,"Anthion's Parting Words",Alliance,22076,"Deathmist Sandals",60,Epic,"Feet"
9021,"Anthion's Parting Words",Horde,22072,"Deathmist Leggings",66,Rare,"Legs"
9021,"Anthion's Parting Words",Horde,22076,"Deathmist Sandals",60,Epic,"Feet"
9005,"Saving the Best for Last",Alliance,22074,"Deathmist Mask",60,Epic,"Head"
9005,"Saving the Best for Last",Alliance,22075,"Deathmist Robe",60,Epic,"Chest"
9012,"Saving the Best for Last",Horde,22074,"Deathmist Mask",60,Epic,"Head"
9012,"Saving the Best for Last",Horde,22075,"Deathmist Robe",60,Epic,"Chest"
8934,"Just Compensation",Alliance,22078,"Virtuous Belt",65,Rare,"Waist"
8934,"Just Compensation",Alliance,22081,"Virtuous Gloves",60,Epic,"Hands"
8940,"Just Compensation",Horde,22078,"Virtuous Belt",65,Rare,"Waist"
8940,"Just Compensation",Horde,22081,"Virtuous Gloves",60,Epic,"Hands"
9003,"Saving the Best for Last",Alliance,22080,"Virtuous Crown",60,Epic,"Head"
9003,"Saving the Best for Last",Alliance,22083,"Virtuous Robe",60,Epic,"Chest"
9009,"Saving the Best for Last",Horde,22080,"Virtuous Crown",60,Epic,"Head"
9009,"Saving the Best for Last",Horde,22083,"Virtuous Robe",60,Epic,"Chest"
8955,"Anthion's Parting Words",Alliance,22084,"Virtuous Sandals",60,Epic,"Feet"
8955,"Anthion's Parting Words",Alliance,22085,"Virtuous Skirt",66,Rare,"Legs"
8933,"Just Compensation",Alliance,22086,"Soulforge Belt",65,Rare,"Waist"
8933,"Just Compensation",Alliance,22090,"Soulforge Gauntlets",60,Epic,"Hands"
10495,"Just Compensation",Horde,22086,"Soulforge Belt",65,Rare,"Waist"
10495,"Just Compensation",Horde,22090,"Soulforge Gauntlets",60,Epic,"Hands"
10497,"Anthion's Parting Words",Horde,22087,"Soulforge Boots",60,Epic,"Feet"
10497,"Anthion's Parting Words",Horde,22092,"Soulforge Legplates",66,Rare,"Legs"
9002,"Saving the Best for Last",Alliance,22089,"Soulforge Breastplate",60,Epic,"Chest"
9002,"Saving the Best for Last",Alliance,22091,"Soulforge Helm",60,Epic,"Head"
10499,"Saving the Best for Last",Horde,22089,"Soulforge Breastplate",60,Epic,"Chest"
10499,"Saving the Best for Last",Horde,22091,"Soulforge Helm",60,Epic,"Head"
8957,"Anthion's Parting Words",Horde,22096,"Boots of The Five Thunders",60,Epic,"Feet"
8957,"Anthion's Parting Words",Horde,22100,"Kilt of The Five Thunders",66,Rare,"Legs"
10496,"Anthion's Parting Words",Alliance,22096,"Boots of The Five Thunders",60,Epic,"Feet"
10496,"Anthion's Parting Words",Alliance,22100,"Kilt of The Five Thunders",66,Rare,"Legs"
9011,"Saving the Best for Last",Horde,22097,"Coif of The Five Thunders",60,Epic,"Head"
9011,"Saving the Best for Last",Horde,22102,"Vest of The Five Thunders",60,Epic,"Chest"
10498,"Saving the Best for Last",Alliance,22097,"Coif of The Five Thunders",60,Epic,"Head"
10498,"Saving the Best for Last",Alliance,22102,"Vest of The Five Thunders",60,Epic,"Chest"
8942,"Just Compensation",Horde,22098,"Cord of The Five Thunders",65,Rare,"Waist"
8942,"Just Compensation",Horde,22099,"Gauntlets of The Five Thunders",60,Epic,"Hands"
10494,"Just Compensation",Alliance,22098,"Cord of The Five Thunders",65,Rare,"Waist"
10494,"Just Compensation",Alliance,22099,"Gauntlets of The Five Thunders",60,Epic,"Hands"
8926,"Just Compensation",Alliance,22106,"Feralheart Belt",65,Rare,"Waist"
8926,"Just Compensation",Alliance,22110,"Feralheart Gloves",60,Epic,"Hands"
8927,"Just Compensation",Horde,22106,"Feralheart Belt",65,Rare,"Waist"
8927,"Just Compensation",Horde,22110,"Feralheart Gloves",60,Epic,"Hands"
8999,"Saving the Best for Last",Alliance,22109,"Feralheart Cowl",60,Epic,"Head"
8999,"Saving the Best for Last",Alliance,22113,"Feralheart Vest",60,Epic,"Chest"
9007,"Saving the Best for Last",Horde,22109,"Feralheart Cowl",60,Epic,"Head"
9007,"Saving the Best for Last",Horde,22113,"Feralheart Vest",60,Epic,"Chest"
8949,"Falrin's Vendetta",Both,22149,"Beads of Ogre Mojo",63,Rare,"Neck"
8949,"Falrin's Vendetta",Both,22150,"Beads of Ogre Might",63,Rare,"Neck"
8479,"Zul'Marosh",Horde,22969,"Ven'jashi's Bow",11,Uncommon,"Ranged"
8479,"Zul'Marosh",Horde,22971,"Hoodoo Wand",11,Uncommon,"Ranged"
9156,"Wanted: Knucklerot and Luzran",Horde,22979,"Slayer's Band",21,Uncommon,"Finger"
9156,"Wanted: Knucklerot and Luzran",Horde,28303,"Invoker's Signet",21,Uncommon,"Finger"
9120,"The Fall of Kel'Thuzad",Both,23206,"Mark of the Champion",90,Epic,"Trinket"
9120,"The Fall of Kel'Thuzad",Both,23207,"Mark of the Champion",90,Epic,"Trinket"
9571,"The Kurken's Hide",Alliance,24111,"Kurken Hide Jerkin",10,Uncommon,"Chest"
9571,"The Kurken's Hide",Alliance,24112,"Kurkenstoks",10,Uncommon,"Feet"
9667,"Saving Princess Stillpine",Alliance,24342,"Stillpine Shocker",13,Uncommon,"Ranged"
9667,"Saving Princess Stillpine",Alliance,24343,"The Thumper",13,Uncommon,"One-Hand"
9762,"The Unwritten Prophecy",Alliance,24349,"Signet Ring of the Hand",20,Uncommon,"Finger"
9762,"The Unwritten Prophecy",Alliance,24350,"Signet Ring of the Hand",20,Uncommon,"Finger"
9351,"Voidwalkers Gone Wild",Both,25787,"Charm of Alacrity",93,Uncommon,"Trinket"
9351,"Voidwalkers Gone Wild",Both,25786,"Hypnotist's Watch",93,Uncommon,"Trinket"
9355,"A Job for an Intelligent Man",Alliance,25785,"Adept's Band",87,Uncommon,"Finger"
9355,"A Job for an Intelligent Man",Alliance,25784,"Imbued Chain",87,Uncommon,"Neck"
10035,"Torgos!",Alliance,25936,"Terokkar Tablet of Vim",99,Uncommon,"Trinket"
10035,"Torgos!",Alliance,25937,"Terokkar Tablet of Precision",99,Uncommon,"Trinket"
10036,"Torgos!",Horde,25936,"Terokkar Tablet of Vim",99,Uncommon,"Trinket"
10036,"Torgos!",Horde,25937,"Terokkar Tablet of Precision",99,Uncommon,"Trinket"
9646,"WANTED: Deathclaw",Alliance,27398,"Carved Crystalline Orb",17,Uncommon,"Held In Off-hand"
9646,"WANTED: Deathclaw",Alliance,27400,"Peacekeeper's Buckler",17,Uncommon,"Off Hand"
9569,"Containing the Threat",Alliance,27402,"Huntsman's Crossbow",17,Uncommon,"Ranged"
9569,"Containing the Threat",Alliance,27404,"Lightspark",17,Uncommon,"Ranged"
10792,"Zeth'Gor Must Burn!",Horde,27731,"Vindicator's Cloak",90,Uncommon,"Back"
10792,"Zeth'Gor Must Burn!",Horde,27732,"Infiltrator's Cloak",90,Uncommon,"Back"
9719,"Stalk the Stalker",Both,28109,"Essence Infused Mushroom",97,Rare,"Trinket"
9719,"Stalk the Stalker",Both,28108,"Power Infused Mushroom",97,Rare,"Trinket"
10258,"Honor the Fallen",Horde,29108,"Blade of the Unyielding",87,Uncommon,"One-Hand"
10258,"Honor the Fallen",Horde,29109,"Rod of the Unyielding",87,Uncommon,"Two-Hand"
10323,"Shutting Down Manaforge Ara",Both,30365,"Overseer's Signet",109,Rare,"Finger"
10323,"Shutting Down Manaforge Ara",Both,30377,"Karja's Medallion",109,Rare,"Neck"
10365,"Shutting Down Manaforge Ara",Both,30366,"Manastorm Band",109,Rare,"Finger"
10365,"Shutting Down Manaforge Ara",Both,30378,"Thalodien's Charm",109,Rare,"Neck"
10548,"The Sad Truth",Horde,30504,"Leafblade Dagger",19,Uncommon,"One-Hand"
10548,"The Sad Truth",Horde,30505,"Ghostclaw Tunic",19,Uncommon,"Chest"
10842,"Vengeful Souls",Both,31615,"Ancient Draenei Arcane Relic",102,Uncommon,"Trinket"
10842,"Vengeful Souls",Both,31617,"Ancient Draenei War Talisman",102,Uncommon,"Trinket"
10879,"The Skettis Offensive",Both,31726,"Necklace of Bloodied Feathers",94,Rare,"Neck"
10879,"The Skettis Offensive",Both,31727,"Choker of Bloodied Feathers",94,Rare,"Neck"
10848,"Veil Rhaze: Unliving Evil",Both,31761,"Talonbranch Wand",96,Uncommon,"Ranged"
10848,"Veil Rhaze: Unliving Evil",Both,31762,"Feather-Wrapped Bow",96,Uncommon,"Ranged"
4267,"Rise of the Silithid",Alliance,34416,"Gloves of the Dune",46,Rare,"Hands"
4267,"Rise of the Silithid",Alliance,34417,"Marauder's Handwraps",46,Rare,"Hands"
2964,"A Future Task",Both,34419,"Thorium Flight Blade",50,Rare,"Thrown"
2964,"A Future Task",Both,34418,"Scrying Wand",50,Rare,"Ranged"
2968,"A Future Task",Both,34422,"Tempered Thorium Boots",50,Rare,"Feet"
2968,"A Future Task",Both,34421,"Cave Crawler's Mail Treads",50,Rare,"Feet"
5128,"Words of the High Chief",Both,34423,"Strength of the High Chief",59,Rare,"Trinket"
5128,"Words of the High Chief",Both,34424,"Power of the High Chief",59,Rare,"Trinket"
11972,"Shards of Ahune",Both,35279,"Tabard of Summer Skies",1,Rare,"Tabard"
11972,"Shards of Ahune",Both,35280,"Tabard of Summer Flames",1,Rare,"Tabard"
11307,"Field Test",Horde,35857,"Munificent Bulwark",138,Uncommon,"Off Hand"
11307,"Field Test",Horde,35858,"Tome of Alacrity",138,Uncommon,"Held In Off-hand"
11501,"News From the East",Alliance,35857,"Munificent Bulwark",138,Uncommon,"Off Hand"
11501,"News From the East",Alliance,35858,"Tome of Alacrity",138,Uncommon,"Held In Off-hand"
12801,"The Light of Dawn",Both,38632,"Greatsword of the Ebon Blade",70,Rare,"Two-Hand"
12801,"The Light of Dawn",Both,38633,"Greataxe of the Ebon Blade",70,Rare,"Two-Hand"
24803,"Kalu'ak Fishing Derby",Both,50255,"Dread Pirate Ring",1,Heirloom,"Finger"
24803,"Kalu'ak Fishing Derby",Both,50287,"Boots of the Bay",1,Rare,"Feet"
53,"Sweet Amber",Both,744,"Thunderbrew's Boot Flask",44,Uncommon,"Trinket"
101,"The Totem of Infliction",Alliance,1131,"Totem of Infliction",25,Uncommon,"Held In Off-hand"
116,"Dry Times",Alliance,1270,"Finely Woven Cloak",15,Uncommon,"Back"
1445,"The Temple of Atal'Hakkar",Both,1490,"Guardian Talisman",50,Uncommon,"Trinket"
1475,"Into The Temple of Atal'Hakkar",Both,1490,"Guardian Talisman",50,Uncommon,"Trinket"
167,"Oh Brother. . .",Alliance,1893,"Miner's Revenge",20,Uncommon,"Two-Hand"
231,"A Daughter's Love",Alliance,2000,"Archeus",35,Uncommon,"Two-Hand"
566,"WANTED: Baron Vardus",Horde,2231,"Inferno Robe",40,Uncommon,"Chest"
565,"Bartolo's Yeti Fur Cloak",Alliance,2805,"Yeti Fur Cloak",34,Uncommon,"Back"
778,"This Is Going to Be Hard",Both,2820,"Nifty Stopwatch",50,Uncommon,"Trinket"
299,"Uncovering the Past",Alliance,2913,"Silk Mantle of Gamn",28,Uncommon,"Shoulder"
396,"An Audience with the King",Alliance,2933,"Seal of Wrynn",31,Rare,"Finger"
293,"Cleansing the Eye",Both,2943,"Eye of Paleth",31,Uncommon,"Held In Off-hand"
530,"A Husband's Revenge",Horde,3235,"Ring of Scorn",20,Uncommon,"Finger"
1098,"Deathstalkers in Shadowfang",Horde,3324,"Ghostly Mantle",28,Uncommon,"Shoulder"
140,"Captain Sanders' Hidden Treasure",Both,3344,"Captain Sanders' Sash",15,Uncommon,"Waist"
397,"You Have Served Us Well",Both,3556,"Dread Mage Hat",30,Uncommon,"Head"
245,"Eight-Legged Menaces",Alliance,3559,"Night Watch Gauntlets",21,Uncommon,"Hands"
150,"Murloc Poachers",Alliance,3567,"Dwarven Fishing Pole",19,Uncommon,"Ranged"
466,"Search for Incendicite",Both,3565,"Beerstained Gloves",20,Uncommon,"Hands"
258,"A Hunter's Challenge",Both,3572,"Daryl's Shortsword",17,Uncommon,"One-Hand"
546,"Souvenirs of Death",Horde,3739,"Skull Ring",25,Uncommon,"Finger"
562,"Stormwind Ho!",Alliance,3755,"Fish Gutter",32,Uncommon,"One-Hand"
628,"Excelsior",Both,4109,"Excelsior Boots",41,Uncommon,"Feet"
569,"The Defense of Grom'gol",Horde,4115,"Grom'gol Buckler",37,Uncommon,"Off Hand"
573,"Mok'thardin's Enchantment",Horde,4112,"Choker of the High Shaman",44,Uncommon,"Neck"
188,"Tiger Mastery",Both,4107,"Tiger Hunter Gloves",37,Uncommon,"Hands"
348,"Stranglethorn Fever",Both,4113,"Medicine Blanket",45,Uncommon,"Back"
193,"Panther Mastery",Both,4108,"Panther Hunter Leggings",40,Uncommon,"Legs"
630,"Message in a Bottle",Both,4118,"Poobah's Nose Ring",50,Uncommon,"Wrist"
197,"Raptor Mastery",Both,4119,"Raptor Hunter Tunic",43,Uncommon,"Chest"
617,"Akiris by the Bundle",Both,4117,"Scorching Sash",44,Uncommon,"Waist"
213,"Hostile Takeover",Both,4121,"Gemmed Gloves",35,Uncommon,"Hands"
622,"Return to Corporal Kaleb",Both,4124,"Cap of Harmony",40,Uncommon,"Head"
328,"The Hidden Key",Both,4122,"Bookmaker's Scepter",37,Uncommon,"One-Hand"
611,"The Curse of the Tides",Alliance,4120,"Robe of Crystal Waters",40,Rare,"Chest"
206,"Mai'Zoth",Both,4125,"Tranquil Orb",43,Uncommon,"Held In Off-hand"
202,"Colonel Kurzen",Alliance,4127,"Shrapnel Blaster",40,Uncommon,"Ranged"
613,"Cracking Maury's Foot",Both,4129,"Collection Plate",44,Uncommon,"Off Hand"
618,"Facing Negolash",Both,4130,"Smotts' Compass",50,Uncommon,"Trinket"
8554,"Facing Negolash",Both,4130,"Smotts' Compass",50,Uncommon,"Trinket"
596,"Bloody Bone Necklaces",Horde,4135,"Bloodbone Band",35,Uncommon,"Finger"
621,"Zanzil's Secret",Both,4131,"Belt of Corruption",44,Uncommon,"Waist"
608,"The Bloodsail Buccaneers",Both,4138,"Blackwater Tunic",45,Uncommon,"Chest"
576,"Keep An Eye Out",Both,4114,"Darktide Cape",42,Uncommon,"Back"
521,"The Crown of Will",Horde,4430,"Ethereal Talisman",43,Uncommon,"Neck"
664,"Drowned Sorrows",Both,4509,"Seawolf Gloves",40,Uncommon,"Hands"
662,"Deep Sea Salvage",Both,4511,"Black Water Hammer",40,Uncommon,"One-Hand"
700,"A King's Tribute",Both,4535,"Ironforge Memorial Ring",31,Uncommon,"Finger"
709,"Solution to Doom",Both,4746,"Doomsayer's Robe",40,Uncommon,"Chest"
656,"Summoning the Princess",Both,4743,"Pulsating Crystalline Shard",50,Rare,"Neck"
682,"Stromgarde Badges",Alliance,4741,"Stromgarde Cavalry Leggings",37,Uncommon,"Legs"
684,"Wanted! Marez Cowl",Alliance,4744,"Arcane Runed Bracers",39,Uncommon,"Wrist"
776,"Rites of the Earthmother",Both,4909,"Kodo Hunter's Leggings",15,Uncommon,"Legs"
14440,"Rites of the Earthmother",Both,4909,"Kodo Hunter's Leggings",15,Uncommon,"Legs"
716,"Stone Is Better than Cloth",Both,4979,"Enchanted Stonecloth Bracers",42,Uncommon,"Wrist"
719,"A Dwarf and His Tools",Both,4978,"Ryedol's Hammer",36,Uncommon,"One-Hand"
704,"Agmond's Fate",Both,4980,"Prospector Gloves",37,Uncommon,"Hands"
737,"Forbidden Knowledge",Both,4984,"Skull of Impending Doom",41,Uncommon,"Held In Off-hand"
739,"Murdaloc",Alliance,4983,"Rock Pulverizer",42,Uncommon,"Two-Hand"
762,"An Ambassador of Evil",Both,4987,"Dwarf Captain's Sword",45,Uncommon,"One-Hand"
516,"Beren's Peril",Horde,5252,"Wand of Decay",21,Uncommon,"Ranged"
249,"Morganth",Alliance,5274,"Rose Mantle",27,Uncommon,"Shoulder"
849,"Revenge of Gann",Horde,5313,"Totemic Clan Ring",25,Uncommon,"Finger"
866,"Root Samples",Both,5341,"Spore-covered Tunic",15,Uncommon,"Chest"
853,"Apothecary Zamah",Horde,5340,"Cauldron Stirrer",15,Uncommon,"Two-Hand"
865,"Raptor Horns",Both,5343,"Barkeeper's Cloak",18,Uncommon,"Back"
852,"Hezrul Bloodmark",Horde,5351,"Bounty Hunter's Ring",20,Uncommon,"Finger"
924,"The Demon Seed",Horde,5420,"Banshee Armor",14,Uncommon,"Chest"
994,"Escape Through Force",Both,5609,"Steadfast Cinch",22,Uncommon,"Waist"
947,"Cave Mushrooms",Alliance,5610,"Gustweald Cloak",15,Uncommon,"Back"
963,"For Love Eternal",Both,5611,"Tear of Grief",16,Uncommon,"Held In Off-hand"
1009,"Ruuzel",Both,5812,"Robes of Antiquity",25,Uncommon,"Chest"
1012,"Insane Druids",Both,5813,"Emil's Brand",32,Uncommon,"Two-Hand"
346,"Return to Kristoff",Both,6095,"Wandering Boots",24,Uncommon,"Feet"
1014,"Arugal Must Die",Horde,6414,"Seal of Sylvanas",29,Rare,"Finger"
1486,"Deviate Hides",Both,6480,"Slick Deviate Leggings",20,Uncommon,"Legs"
995,"Escape Through Stealth",Both,6659,"Scarab Trousers",20,Uncommon,"Legs"
1092,"Gerenzo's Orders",Horde,6666,"Dredge Boots",22,Uncommon,"Feet"
1078,"Retrieval for Mauren",Both,6677,"Spellcrafter Wand",26,Uncommon,"Ranged"
1139,"The Lost Tablets of Will",Both,6723,"Medal of Courage",45,Rare,"Neck"
1136,"Frostmaw",Horde,6720,"Spirit Hunter Headdress",37,Uncommon,"Head"
1135,"Highperch Venom",Both,6719,"Windborne Belt",30,Uncommon,"Waist"
971,"Knowledge in the Deeps",Both,6743,"Sustaining Ring",25,Uncommon,"Finger"
1267,"The Missing Diplomat",Alliance,6757,"Jaina's Signet Ring",38,Uncommon,"Finger"
1387,"Centaur Bounty",Both,6790,"Ring of Calm",32,Uncommon,"Finger"
1258,"... and Bugs",Alliance,6801,"Baroque Apron",40,Uncommon,"Chest"
1393,"Galen's Escape",Both,6828,"Visionary Buckler",38,Uncommon,"Off Hand"
4786,"The Completed Robe",Both,6900,"Enchanted Gold Bloodrobe",38,Rare,"Chest"
1806,"The Test of Righteousness",Both,6953,"Verigan's Fist",31,Rare,"Two-Hand"
1706,"Grimand's Armor",Both,6971,"Fire Hardened Coif",31,Uncommon,"Head"
1709,"Klockmort's Creation",Both,6974,"Fire Hardened Gauntlets",31,Uncommon,"Hands"
1711,"Mathiel's Armor",Both,6973,"Fire Hardened Leggings",29,Uncommon,"Legs"
1782,"Furen's Armor",Both,6972,"Fire Hardened Hauberk",30,Rare,"Chest"
1702,"The Shieldsmith",Both,6970,"Furen's Favor",20,Uncommon,"Off Hand"
1824,"Trial at the Field of Giants",Both,7120,"Ruga's Bulwark",20,Uncommon,"Off Hand"
1843,"Brutal Gauntlets",Both,7129,"Brutal Gauntlets",31,Uncommon,"Hands"
1845,"Brutal Helm",Both,7130,"Brutal Helm",31,Uncommon,"Head"
1848,"Brutal Hauberk",Both,7133,"Brutal Hauberk",30,Rare,"Chest"
1847,"Brutal Legguards",Both,7132,"Brutal Legguards",29,Uncommon,"Legs"
1858,"The Shattered Hand",Horde,7298,"Blade of Cunning",13,Uncommon,"One-Hand"
2206,"Snatch and Grab",Alliance,7298,"Blade of Cunning",13,Uncommon,"One-Hand"
2239,"Onin's Report",Both,7298,"Blade of Cunning",13,Uncommon,"One-Hand"
2242,"Destiny Calls",Alliance,7298,"Blade of Cunning",13,Uncommon,"One-Hand"
9618,"Return the Reports",Horde,7298,"Blade of Cunning",13,Uncommon,"One-Hand"
14418,"The Deathstalkers",Horde,7298,"Blade of Cunning",13,Uncommon,"One-Hand"
1941,"Manaweave Robe",Alliance,7509,"Manaweave Robe",20,Uncommon,"Chest"
9488,"A Simple Robe",Horde,7509,"Manaweave Robe",20,Uncommon,"Chest"
1962,"Spellfire Robes",Both,7510,"Lesser Spellfire Robes",20,Uncommon,"Chest"
2361,"Restoring the Necklace",Both,7673,"Talvash's Enhancing Necklace",47,Rare,"Neck"
1050,"Mythology of the Titans",Alliance,7746,"Explorers' League Commendation",41,Uncommon,"Neck"
2341,"Necklace Recovery, Take 3",Horde,7888,"Jarkal's Enhancing Necklace",47,Rare,"Neck"
2765,"Expert Blacksmith!",Both,8703,"Signet of Expertise",45,Uncommon,"Trinket"
2948,"Gnome Improvement",Alliance,9538,"Talvash's Gold Ring",35,Rare,"Finger"
2950,"Nogg's Ring Redo",Horde,9588,"Nogg's Gold Ring",35,Rare,"Finger"
1652,"The Tome of Valor",Both,9607,"Bastion of Stormwind",25,Uncommon,"Off Hand"
1430,"Fresh Meat",Horde,9682,"Leather Chef's Belt",44,Uncommon,"Waist"
3321,"Did You Lose This?",Both,10418,"Glimmering Mithril Insignia",50,Uncommon,"Trinket"
3373,"The Essence of Eranikus",Both,10455,"Chained Essence of Eranikus",60,Uncommon,"Trinket"
3379,"Shadoweaver",Both,10461,"Shadowy Bracers",45,Uncommon,"Wrist"
3385,"The Undermarket",Both,10462,"Shadowy Belt",47,Uncommon,"Waist"
2701,"Heroes of Old",Both,10659,"Shard of the Splithooves",57,Uncommon,"Trinket"
1166,"Overlord Mok'Morokk's Concern",Horde,10702,"Enormous Ogre Boots",43,Uncommon,"Feet"
3525,"Extinguishing the Idol",Both,10710,"Dragonclaw Ring",38,Rare,"Finger"
862,"Dig Rat Stew",Both,10919,"Apothecary Gloves",18,Uncommon,"Hands"
962,"Serpentbloom",Horde,10919,"Apothecary Gloves",18,Uncommon,"Hands"
2770,"Gahz'rilla",Both,11122,"Carrot on a Stick",50,Uncommon,"Trinket"
614,"The Captain's Chest",Both,11469,"Bloodband Bracers",46,Uncommon,"Wrist"
8551,"The Captain's Chest",Both,11469,"Bloodband Bracers",46,Uncommon,"Wrist"
3822,"Krom'Grul",Horde,11869,"Sha'ni's Ring",53,Uncommon,"Finger"
4906,"Further Corruption",Alliance,11875,"Breezecloud Bracers",54,Uncommon,"Wrist"
3911,"The Last Element",Both,12038,"Lagrave's Seal",54,Uncommon,"Finger"
7201,"The Last Element",Horde,12038,"Lagrave's Seal",54,Uncommon,"Finger"
4132,"Operation: Death to Angerforge",Horde,12059,"Conqueror's Medallion",58,Rare,"Neck"
3701,"The Smoldering Ruins of Thaurissan",Both,12102,"Ring of the Aristocrat",54,Uncommon,"Finger"
4621,"Avast Ye, Admiral!",Both,12185,"Bloodsail Admiral's Hat",60,Uncommon,"Head"
4743,"Seal of Ascension",Both,12344,"Seal of Ascension",61,Rare,"Finger"
2038,"Bingles' Missing Supplies",Alliance,12522,"Bingles' Flying Gloves",15,Uncommon,"Hands"
5063,"Cap of the Scarlet Savant",Both,12752,"Cap of the Scarlet Savant",62,Epic,"Head"
5067,"Leggings of Arcana",Both,12756,"Leggings of Arcana",62,Epic,"Legs"
5068,"Breastplate of Bloodthirst",Both,12757,"Breastplate of Bloodthirst",62,Epic,"Chest"
5166,"Breastplate of the Chromatic Flight",Both,12895,"Breastplate of the Chromatic Flight",62,Epic,"Chest"
5214,"The Great Ezra Grimm",Both,13171,"Smokey's Lighter",61,Uncommon,"Trinket"
5051,"Two Halves Become One",Both,13473,"Felstone Good Luck Charm",54,Uncommon,"Neck"
5530,"<NYI> <TXT> Necklace of the Dawn",Both,13811,"Necklace of the Dawn",60,Uncommon,"Neck"
5532,"<NYI> <TXT> Ring of the Dawn",Both,13812,"Ring of the Dawn",58,Uncommon,"Finger"
5342,"The Last Barov",Horde,14022,"Barov Peasant Caller",62,Rare,"Trinket"
5344,"The Last Barov",Both,14023,"Barov Peasant Caller",62,Rare,"Trinket"
4681,"Washed Ashore",Both,15399,"Dryweed Belt",14,Uncommon,"Waist"
5151,"Hypercapacitor Gizmo",Horde,15467,"Inventor's League Ring",31,Uncommon,"Finger"
5821,"Bodyguard for Hire",Both,15689,"Trader's Ring",35,Uncommon,"Finger"
5501,"Bone Collector",Both,15690,"Kodobone Necklace",41,Uncommon,"Neck"
5057,"Past Endeavors",Both,15704,"Hunter's Insignia Medal",60,Uncommon,"Neck"
4842,"Strange Sources",Both,15789,"Deep River Cloak",56,Uncommon,"Back"
4986,"Glyphed Oaken Branch",Alliance,15804,"Cerise Drape",56,Uncommon,"Back"
4987,"Glyphed Oaken Branch",Horde,15804,"Cerise Drape",56,Uncommon,"Back"
6124,"Curing the Sick",Both,15866,"Veildust Medicine Bag",15,Uncommon,"Held In Off-hand"
6129,"Curing the Sick",Horde,15866,"Veildust Medicine Bag",15,Uncommon,"Held In Off-hand"
4867,"Urok Doomhowl",Both,15867,"Prismcharm",60,Uncommon,"Trinket"
4866,"Mother's Milk",Both,15873,"Ragged John's Neverending Cup",60,Rare,"Trinket"
5621,"Garments of the Moon",Alliance,16604,"Moon Robes of Elune",5,Uncommon,"Chest"
5624,"Garments of the Light",Alliance,16605,"Friar's Robes of the Light",5,Uncommon,"Chest"
5625,"Garments of the Light",Alliance,16605,"Friar's Robes of the Light",5,Uncommon,"Chest"
5648,"Garments of Spirituality",Horde,16606,"Juju Hex Robes",5,Uncommon,"Chest"
31,"Aquatic Form",Horde,16608,"Aquarius Belt",21,Rare,"Waist"
5061,"Aquatic Form",Alliance,16608,"Aquarius Belt",21,Rare,"Waist"
5650,"Garments of Darkness",Horde,16607,"Acolyte's Sacrificial Robes",5,Uncommon,"Chest"
247,"The Hunt Completed",Horde,16658,"Wildhunter Cloak",32,Uncommon,"Back"
7046,"The Scepter of Celebras",Both,17191,"Scepter of Celebras",53,Rare,"Two-Hand"
338,"The Green Hills of Stranglethorn",Both,17688,"Jungle Boots",40,Uncommon,"Feet"
7161,"Proving Grounds",Horde,17690,"Frostwolf Insignia Rank 1",60,Uncommon,"Trinket"
7162,"Proving Grounds",Alliance,17691,"Stormpike Insignia Rank 1",60,Uncommon,"Trinket"
6641,"Vorsha the Lasher",Horde,17692,"Horn Ring",23,Uncommon,"Finger"
105,"Alas, Andorhal",Horde,17759,"Mark of Resolution",60,Rare,"Trinket"
211,"Alas, Andorhal",Alliance,17759,"Mark of Resolution",60,Rare,"Trinket"
7067,"The Pariah's Instructions",Both,17774,"Mark of the Chosen",48,Uncommon,"Trinket"
7168,"Rise and Be Recognized",Alliance,17900,"Stormpike Insignia Rank 2",60,Uncommon,"Trinket"
7169,"Honored Amongst the Guard",Alliance,17901,"Stormpike Insignia Rank 3",60,Uncommon,"Trinket"
7170,"Earned Reverence",Alliance,17902,"Stormpike Insignia Rank 4",60,Rare,"Trinket"
7171,"Legendary Heroes",Alliance,17903,"Stormpike Insignia Rank 5",60,Rare,"Trinket"
7172,"The Eye of Command",Alliance,17904,"Stormpike Insignia Rank 6",60,Epic,"Trinket"
7163,"Rise and Be Recognized",Horde,17905,"Frostwolf Insignia Rank 2",60,Uncommon,"Trinket"
7164,"Honored Amongst the Clan",Horde,17906,"Frostwolf Insignia Rank 3",60,Uncommon,"Trinket"
7165,"Earned Reverence",Horde,17907,"Frostwolf Insignia Rank 4",60,Rare,"Trinket"
7166,"Legendary Heroes",Horde,17908,"Frostwolf Insignia Rank 5",60,Rare,"Trinket"
7167,"The Eye of Command",Horde,17909,"Frostwolf Insignia Rank 6",60,Epic,"Trinket"
7499,"Codex of Defense",Both,18466,"Royal Seal of Eldre'Thalas",62,Rare,"Trinket"
7500,"The Arcanist's Cookbook",Both,18468,"Royal Seal of Eldre'Thalas",62,Rare,"Trinket"
7502,"Harnessing Shadows",Both,18467,"Royal Seal of Eldre'Thalas",62,Rare,"Trinket"
7504,"Holy Bologna: What the Light Won't Tell You",Both,18469,"Royal Seal of Eldre'Thalas",62,Rare,"Trinket"
7498,"Garona: A Study on Stealth and Treachery",Both,18465,"Royal Seal of Eldre'Thalas",62,Rare,"Trinket"
7505,"Frost Shock and You",Both,18471,"Royal Seal of Eldre'Thalas",62,Rare,"Trinket"
7506,"The Emerald Dream...",Both,18470,"Royal Seal of Eldre'Thalas",62,Rare,"Trinket"
7503,"The Greatest Race of Hunters",Both,18473,"Royal Seal of Eldre'Thalas",62,Rare,"Trinket"
7501,"The Light and How To Swing It",Both,18472,"Royal Seal of Eldre'Thalas",62,Rare,"Trinket"
7488,"Lethtendris's Web",Both,18491,"Lorespinner",57,Rare,"One-Hand"
7489,"Lethtendris's Web",Horde,18491,"Lorespinner",57,Rare,"One-Hand"
7583,"Suppression",Both,18602,"Tome of Sacrifice",60,Rare,"Held In Off-hand"
7603,"Kroshius' Infernal Core",Both,18762,"Shard of the Green Flame",54,Rare,"Held In Off-hand"
7668,"The Darkreaver Menace",Both,18807,"Helm of Latent Power",62,Rare,"Head"
7815,"Snapjaws, Mon!",Horde,19022,"Nat Pagle's Extreme Angler FC-5000",50,Uncommon,"Two-Hand"
7838,"Arena Grandmaster",Both,19024,"Arena Grand Master",55,Rare,"Trinket"
7721,"Fuel for the Zapping",Both,19039,"Zorbin's Water Resistant Hat",48,Uncommon,"Head"
7003,"Zapped Giants",Both,19040,"Zorbin's Mega-Slicer",48,Uncommon,"One-Hand"
7733,"Improved Quality",Both,19041,"Pratt's Handcrafted Tunic",48,Uncommon,"Chest"
7734,"Improved Quality",Horde,19042,"Jangdor's Handcrafted Tunic",48,Uncommon,"Chest"
7850,"Dark Vessels",Horde,19118,"Nature's Breath",50,Uncommon,"Ranged"
7843,"The Final Message to the Wildhammer",Horde,19119,"Owlbeast Hide Gloves",50,Uncommon,"Hands"
7862,"Job Opening: Guard Captain of Revantusk Village",Horde,19120,"Rune of the Guard Captain",51,Uncommon,"Trinket"
7724,"Fiery Menace!",Both,19125,"Seared Mail Girdle",49,Uncommon,"Waist"
7723,"Curse These Fat Fingers",Both,19126,"Slagplate Gauntlets",49,Uncommon,"Hands"
7727,"Incendosaurs? Whateverosaur is More Like It",Both,19141,"Luffa",50,Uncommon,"Trinket"
8041,"Strength of Mount Mugamba",Both,19574,"Strength of Mugamba",60,Uncommon,"Neck"
8042,"Strength of Mount Mugamba",Both,19575,"Strength of Mugamba",60,Rare,"Neck"
8043,"Strength of Mount Mugamba",Both,19576,"Strength of Mugamba",68,Rare,"Neck"
8044,"The Rage of Mugamba",Both,19577,"Rage of Mugamba",65,Epic,"Neck"
8045,"The Heathen's Brand",Both,19579,"Heathen's Brand",60,Uncommon,"Neck"
8046,"The Heathen's Brand",Both,19585,"Heathen's Brand",60,Rare,"Neck"
8047,"The Heathen's Brand",Both,19586,"Heathen's Brand",68,Rare,"Neck"
8048,"The Hero's Brand",Both,19588,"Hero's Brand",65,Epic,"Neck"
8049,"The Eye of Zuldazar",Both,19591,"The Eye of Zuldazar",60,Uncommon,"Neck"
8050,"The Eye of Zuldazar",Both,19592,"The Eye of Zuldazar",60,Rare,"Neck"
8052,"The All-Seeing Eye of Zuldazar",Both,19594,"The All-Seeing Eye of Zuldazar",65,Epic,"Neck"
8051,"The Eye of Zuldazar",Both,19593,"The Eye of Zuldazar",68,Rare,"Neck"
8101,"The Pebble of Kajaro",Both,19598,"Pebble of Kajaro",60,Uncommon,"Neck"
8102,"The Pebble of Kajaro",Both,19599,"Pebble of Kajaro",60,Rare,"Neck"
8103,"The Pebble of Kajaro",Both,19600,"Pebble of Kajaro",68,Rare,"Neck"
8104,"The Jewel of Kajaro",Both,19601,"Jewel of Kajaro",65,Epic,"Neck"
8107,"Kezan's Taint",Both,19603,"Kezan's Taint",60,Rare,"Neck"
8106,"Kezan's Taint",Both,19602,"Kezan's Taint",60,Uncommon,"Neck"
8109,"Kezan's Unstoppable Taint",Both,19605,"Kezan's Unstoppable Taint",65,Epic,"Neck"
8116,"Vision of Voodress",Both,19606,"Vision of Voodress",60,Uncommon,"Neck"
8108,"Kezan's Taint",Both,19604,"Kezan's Taint",68,Rare,"Neck"
8117,"Vision of Voodress",Both,19607,"Vision of Voodress",60,Rare,"Neck"
8118,"Vision of Voodress",Both,19608,"Vision of Voodress",68,Rare,"Neck"
8119,"The Unmarred Vision of Voodress",Both,19609,"Unmarred Vision of Voodress",65,Epic,"Neck"
8110,"Enchanted South Seas Kelp",Both,19610,"Enchanted South Seas Kelp",60,Uncommon,"Neck"
8111,"Enchanted South Seas Kelp",Both,19611,"Enchanted South Seas Kelp",60,Rare,"Neck"
8112,"Enchanted South Seas Kelp",Both,19612,"Enchanted South Seas Kelp",68,Rare,"Neck"
8113,"Pristine Enchanted South Seas Kelp",Both,19613,"Pristine Enchanted South Seas Kelp",65,Epic,"Neck"
8141,"Zandalarian Shadow Talisman",Both,19614,"Zandalarian Shadow Talisman",60,Uncommon,"Neck"
8143,"Zandalarian Shadow Talisman",Both,19616,"Zandalarian Shadow Talisman",68,Rare,"Neck"
8142,"Zandalarian Shadow Talisman",Both,19615,"Zandalarian Shadow Talisman",60,Rare,"Neck"
8144,"Zandalarian Shadow Mastery Talisman",Both,19617,"Zandalarian Shadow Mastery Talisman",65,Epic,"Neck"
8145,"The Maelstrom's Tendril",Both,19618,"Maelstrom's Tendril",60,Uncommon,"Neck"
8146,"The Maelstrom's Tendril",Both,19619,"Maelstrom's Tendril",60,Rare,"Neck"
8148,"Maelstrom's Wrath",Both,19621,"Maelstrom's Wrath",65,Epic,"Neck"
8147,"The Maelstrom's Tendril",Both,19620,"Maelstrom's Tendril",68,Rare,"Neck"
8079,"Paragons of Power: The Vindicator's Breastplate",Both,19822,"Zandalar Vindicator's Breastplate",65,Epic,"Chest"
8078,"Paragons of Power: The Vindicator's Belt",Both,19823,"Zandalar Vindicator's Belt",61,Epic,"Waist"
8058,"Paragons of Power: The Vindicator's Armguards",Both,19824,"Zandalar Vindicator's Armguards",61,Epic,"Wrist"
8054,"Paragons of Power: The Freethinker's Belt",Both,19826,"Zandalar Freethinker's Belt",61,Epic,"Waist"
8055,"Paragons of Power: The Freethinker's Breastplate",Both,19825,"Zandalar Freethinker's Breastplate",65,Epic,"Chest"
8053,"Paragons of Power: The Freethinker's Armguards",Both,19827,"Zandalar Freethinker's Armguards",61,Epic,"Wrist"
8075,"Paragons of Power: The Augur's Hauberk",Both,19828,"Zandalar Augur's Hauberk",65,Epic,"Chest"
8074,"Paragons of Power: The Augur's Belt",Both,19829,"Zandalar Augur's Belt",61,Epic,"Waist"
8056,"Paragons of Power: The Augur's Bracers",Both,19830,"Zandalar Augur's Bracers",61,Epic,"Wrist"
8067,"Paragons of Power: The Predator's Mantle",Both,19831,"Zandalar Predator's Mantle",68,Epic,"Shoulder"
8066,"Paragons of Power: The Predator's Belt",Both,19832,"Zandalar Predator's Belt",61,Epic,"Waist"
8062,"Paragons of Power: The Predator's Bracers",Both,19833,"Zandalar Predator's Bracers",61,Epic,"Wrist"
8073,"Paragons of Power: The Madcap's Tunic",Both,19834,"Zandalar Madcap's Tunic",65,Epic,"Chest"
8072,"Paragons of Power: The Madcap's Mantle",Both,19835,"Zandalar Madcap's Mantle",61,Epic,"Shoulder"
8063,"Paragons of Power: The Madcap's Bracers",Both,19836,"Zandalar Madcap's Bracers",61,Epic,"Wrist"
8065,"Paragons of Power: The Haruspex's Tunic",Both,19838,"Zandalar Haruspex's Tunic",65,Epic,"Chest"
8057,"Paragons of Power: The Haruspex's Bracers",Both,19840,"Zandalar Haruspex's Bracers",61,Epic,"Wrist"
8064,"Paragons of Power: The Haruspex's Belt",Both,19839,"Zandalar Haruspex's Belt",61,Epic,"Waist"
8071,"Paragons of Power: The Confessor's Mantle",Both,19841,"Zandalar Confessor's Mantle",68,Epic,"Shoulder"
8070,"Paragons of Power: The Confessor's Bindings",Both,19842,"Zandalar Confessor's Bindings",61,Epic,"Waist"
8061,"Paragons of Power: The Confessor's Wraps",Both,19843,"Zandalar Confessor's Wraps",61,Epic,"Wrist"
8068,"Paragons of Power: The Illusionist's Mantle",Both,19845,"Zandalar Illusionist's Mantle",61,Epic,"Shoulder"
8059,"Paragons of Power: The Demoniac's Wraps",Both,19848,"Zandalar Demoniac's Wraps",61,Epic,"Wrist"
8060,"Paragons of Power: The Illusionist's Wraps",Both,19846,"Zandalar Illusionist's Wraps",61,Epic,"Wrist"
8076,"Paragons of Power: The Demoniac's Mantle",Both,19849,"Zandalar Demoniac's Mantle",61,Epic,"Shoulder"
8221,"Rare Fish - Keefer's Angelfish",Both,19972,"Lucky Fishing Hat",40,Uncommon,"Head"
8069,"Paragons of Power: The Illusionist's Robes",Both,20034,"Zandalar Illusionist's Robe",65,Epic,"Chest"
8077,"Paragons of Power: The Demoniac's Robes",Both,20033,"Zandalar Demoniac's Robe",65,Epic,"Chest"
8258,"The Darkreaver Menace",Both,20134,"Skyfury Helm",62,Epic,"Head"
8259,"A More Fitting Reward",Both,20134,"Skyfury Helm",62,Epic,"Head"
8306,"Into The Maw of Madness",Both,20724,"Corrupted Blackwood Staff",62,Uncommon,"Two-Hand"
8308,"Brann Bronzebeard's Lost Letter",Both,20723,"Brann's Trusty Pick",62,Uncommon,"One-Hand"
8481,"The Root of All Evil",Both,21326,"Defender of the Timbermaw",62,Epic,"Trinket"
8912,"An Earnest Proposition",Alliance,21996,"Bracers of Heroism",65,Rare,"Wrist"
8920,"An Earnest Proposition",Horde,21996,"Bracers of Heroism",65,Rare,"Wrist"
8910,"An Earnest Proposition",Alliance,22004,"Darkmantle Bracers",65,Rare,"Wrist"
8917,"An Earnest Proposition",Horde,22004,"Darkmantle Bracers",65,Rare,"Wrist"
8906,"An Earnest Proposition",Alliance,22011,"Beastmaster's Bindings",65,Rare,"Wrist"
8914,"An Earnest Proposition",Both,22011,"Beastmaster's Bindings",65,Rare,"Wrist"
8907,"An Earnest Proposition",Alliance,22063,"Sorcerer's Bindings",65,Rare,"Wrist"
8915,"An Earnest Proposition",Horde,22063,"Sorcerer's Bindings",65,Rare,"Wrist"
8911,"An Earnest Proposition",Alliance,22071,"Deathmist Bracers",65,Rare,"Wrist"
8919,"An Earnest Proposition",Both,22071,"Deathmist Bracers",65,Rare,"Wrist"
8909,"An Earnest Proposition",Alliance,22079,"Virtuous Bracers",65,Rare,"Wrist"
8916,"An Earnest Proposition",Both,22079,"Virtuous Bracers",65,Rare,"Wrist"
8908,"An Earnest Proposition",Both,22088,"Soulforge Bracers",65,Rare,"Wrist"
10493,"An Earnest Proposition",Horde,22088,"Soulforge Bracers",65,Rare,"Wrist"
8918,"An Earnest Proposition",Both,22095,"Bindings of The Five Thunders",65,Rare,"Wrist"
10492,"An Earnest Proposition",Alliance,22095,"Bindings of The Five Thunders",65,Rare,"Wrist"
8905,"An Earnest Proposition",Alliance,22108,"Feralheart Bracers",65,Rare,"Wrist"
8913,"An Earnest Proposition",Horde,22108,"Feralheart Bracers",65,Rare,"Wrist"
9230,"Ramaladni's Icy Grasp",Both,22707,"Ramaladni's Icy Grasp",80,Epic,"Finger"
9248,"A Humble Offering",Both,22725,"Band of Cenarius",70,Rare,"Finger"
9176,"The Twin Ziggurats",Horde,22783,"Sunwell Blade",20,Uncommon,"One-Hand"
8890,"Word from the Spire",Horde,23399,"Fallen Apprentice's Robe",10,Uncommon,"Chest"
9420,"The Finest Down",Alliance,23587,"Mirren's Drinking Hat",90,Uncommon,"Head"
9489,"Cleansing the Scar",Horde,23924,"Robes of Silvermoon",5,Uncommon,"Chest"
9586,"Help Tavara",Both,23931,"Azure Watch Robes",5,Uncommon,"Chest"
9528,"A Cry For Help",Alliance,24113,"Cowlen's Bracers of Kinship",10,Uncommon,"Wrist"
9673,"Beast Training",Horde,24136,"Farstrider's Bow",12,Uncommon,"Ranged"
9675,"Beast Training",Alliance,24138,"Silver Crossbow",12,Uncommon,"Ranged"
9683,"Ending the Bloodcurse",Alliance,24334,"Wheel of the Lost Hope",19,Uncommon,"Off Hand"
9710,"The Blood-Tempered Ranseur",Horde,25464,"Blood-Tempered Ranseur",27,Rare,"Two-Hand"
9472,"Arelion's Mistress",Horde,25505,"Carinda's Wedding Band",90,Uncommon,"Finger"
9848,"Secrets of the Daggerfen",Alliance,25616,"Tim's Trusty Helmet",96,Uncommon,"Head"
9823,"Us or Them",Horde,25617,"Captain Krosh's Crash Helmet",96,Uncommon,"Head"
8249,"Junkboxes Needed",Both,25878,"Dusksteel Throwing Knife",52,Uncommon,"Thrown"
10037,"Rather Be Fishin'",Both,25978,"Seth's Graphite Fishing Pole",60,Uncommon,"Two-Hand"
9628,"Salvaging the Data",Alliance,26016,"Surveyor's Mantle",14,Uncommon,"Back"
9670,"They're Alive! Maybe...",Alliance,26017,"Venomous Silk Cover",19,Uncommon,"Back"
9149,"The Plagued Coast",Horde,28150,"Renzithen's Dusty Cloak",13,Uncommon,"Back"
9139,"Goldenmist Village",Horde,28152,"Quel'Thalas Recurve",11,Uncommon,"Ranged"
10732,"Path of the Violet Protector",Both,29276,"Violet Signet",115,Rare,"Finger"
10736,"Down the Violet Path",Both,29277,"Violet Signet",110,Epic,"Finger"
10741,"Distinguished Service",Both,29278,"Violet Signet",120,Epic,"Finger"
10728,"Eminence Among the Violet Eye",Both,29279,"Violet Signet of the Great Protector",130,Epic,"Finger"
10731,"Path of the Violet Assassin",Both,29280,"Violet Signet",115,Rare,"Finger"
10735,"Down the Violet Path",Both,29281,"Violet Signet",110,Epic,"Finger"
10740,"Distinguished Service",Both,29282,"Violet Signet",120,Epic,"Finger"
10727,"Eminence Among the Violet Eye",Both,29283,"Violet Signet of the Master Assassin",130,Epic,"Finger"
10729,"Path of the Violet Mage",Both,29284,"Violet Signet",115,Rare,"Finger"
10733,"Down the Violet Path",Both,29285,"Violet Signet",110,Epic,"Finger"
10738,"Distinguished Service",Both,29286,"Violet Signet",120,Epic,"Finger"
10725,"Eminence Among the Violet Eye",Both,29287,"Violet Signet of the Archmage",130,Epic,"Finger"
10730,"Path of the Violet Restorer",Both,29288,"Violet Signet",115,Rare,"Finger"
10726,"Eminence Among the Violet Eye",Both,29290,"Violet Signet of the Grand Restorer",130,Epic,"Finger"
10739,"Distinguished Service",Both,29291,"Violet Signet",120,Epic,"Finger"
10734,"Down the Violet Path",Both,29289,"Violet Signet",110,Epic,"Finger"
10460,"Defender's Pledge",Both,29294,"Band of Eternity",128,Epic,"Finger"
10464,"Sage's Vow",Both,29303,"Band of Eternity",136,Epic,"Finger"
10471,"Defender's Oath",Both,29296,"Band of Eternity",144,Epic,"Finger"
10467,"Defender's Vow",Both,29295,"Band of Eternity",136,Epic,"Finger"
10474,"Champion's Covenant",Both,29301,"Band of the Eternal Champion",152,Epic,"Finger"
10475,"Defender's Covenant",Both,29297,"Band of the Eternal Defender",152,Epic,"Finger"
10462,"Champion's Pledge",Both,29298,"Band of Eternity",128,Epic,"Finger"
10470,"Champion's Oath",Both,29300,"Band of Eternity",135,Epic,"Finger"
10466,"Champion's Vow",Both,29299,"Band of Eternity",136,Epic,"Finger"
10463,"Sage's Pledge",Both,29302,"Band of Eternity",128,Epic,"Finger"
10468,"Sage's Oath",Both,29304,"Band of Eternity",135,Epic,"Finger"
10472,"Sage's Covenant",Both,29305,"Band of the Eternal Sage",152,Epic,"Finger"
10746,"DEPRECATED Karazhan: LAB - E - Exalted Ring - Caster",undefined,29305,"Band of the Eternal Sage",152,Epic,"Finger"
10465,"Restorer's Vow",Both,29306,"Band of Eternity",136,Epic,"Finger"
10469,"Restorer's Oath",Both,29308,"Band of Eternity",144,Epic,"Finger"
10461,"Restorer's Pledge",Both,29307,"Band of Eternity",128,Epic,"Finger"
10473,"Restorer's Covenant",Both,29309,"Band of the Eternal Restorer",152,Epic,"Finger"
10593,"Ancient Evil",Horde,30696,"Scourgebane",52,Rare,"Trinket"
9860,"The New Directive",Both,31113,"Violet Badge",115,Epic,"Trinket"
10838,"The Demoniac Scryer",Horde,31715,"Demoniac Soul Prison",87,Uncommon,"Held In Off-hand"
10888,"Trial of the Naaru: Magtheridon",Both,31746,"Phoenix-fire Band",115,Epic,"Finger"
13430,"Trial of the Naaru: Magtheridon",undefined,31746,"Phoenix-fire Band",115,Epic,"Finger"
11001,"Vanquish the Raven God",Both,32387,"Idol of the Raven Goddess",115,Rare,"Relic"
10992,"The Hawk's Essence",Both,32481,"Charm of Swift Flight",70,Rare,"Trinket"
10985,"A Distraction for Akama",Both,32649,"Medallion of Karabor",141,Epic,"Neck"
13429,"A Distraction for Akama",undefined,32649,"Medallion of Karabor",141,Epic,"Neck"
11053,"Rise, Overseer!",Both,32694,"Overseer's Badge",70,Uncommon,"Trinket"
11084,"Stand Tall, Captain!",Both,32695,"Captain's Badge",70,Rare,"Trinket"
10959,"The Fall of the Betrayer",Both,32757,"Blessed Medallion of Karabor",141,Epic,"Neck"
11071,"Dragonmaw Race: Captain Skyshatter",Both,32863,"Skybreaker Whip",70,Rare,"Trinket"
11092,"Hail, Commander!",Both,32864,"Commander's Badge",109,Rare,"Trinket"
11976,"Ice Shards",undefined,35279,"Tabard of Summer Skies",1,Rare,"Tabard"
12779,"An End To All Things...",Both,38661,"Greathelm of the Scourge Champion",70,Rare,"Head"
12657,"The Might Of The Scourge",Both,38662,"Bladed Ebon Amulet",70,Rare,"Neck"
12727,"Bloody Breakout",Both,38665,"Saronite War Plate",70,Rare,"Chest"
12757,"Scarlet Armies Approach...",Both,38663,"Blood-soaked Saronite Plated Spaulders",70,Rare,"Shoulder"
12701,"Massacre At Light's Point",Both,38666,"Plated Saronite Bracers",70,Rare,"Wrist"
12724,"The Path Of The Righteous Crusader",Both,38667,"Bloodbane's Gauntlets of Command",70,Rare,"Hands"
12716,"The Plaguebringer's Request",Both,38668,"The Plaguebringer's Girdle",70,Rare,"Waist"
12722,"Lambs To The Slaughter",Both,38670,"Greaves of the Slaughter",70,Rare,"Feet"
12706,"Victory At Death's Breach!",Both,38669,"Engraved Saronite Legplates",70,Rare,"Legs"
12720,"How To Win Friends And Influence Enemies",Both,38672,"Keleseth's Signet Ring",70,Rare,"Finger"
12678,"If Chaos Drives, Let Suffering Hold The Reins",Both,38671,"Valanar's Signet Ring",70,Rare,"Finger"
12698,"The Gift That Keeps On Giving",Both,38674,"Soul Harvester's Charm",70,Rare,"Trinket"
12751,"A Sort Of Homecoming",Both,38675,"Signet of the Dark Brotherhood",70,Rare,"Trinket"
12619,"The Emblazoned Runeblade",Both,38707,"Runed Soulblade",65,Rare,"Two-Hand"
12687,"Into the Realm of Shadows",Both,39208,"Sigil of the Dark Rider",70,Rare,"Relic"
13408,"Hellfire Fortifications",Alliance,40476,"Insignia of the Alliance",60,Rare,"Trinket"
13409,"Hellfire Fortifications",undefined,40477,"Insignia of the Horde",60,Rare,"Trinket"
12733,"Death's Challenge",Both,40483,"Insignia of the Scourge",0,Rare,"Trinket"
12859,"This Just In: Fire Still Hot!",Both,41755,"The Fire Extinguisher",158,Rare,"Two-Hand"
6607,"Nat Pagle, Angler Extreme",Both,45858,"Nat's Lucky Fishing Pole",20,Rare,"Two-Hand"
13826,"Nat Pagle, Angler Extreme",undefined,45858,"Nat's Lucky Fishing Pole",20,Rare,"Two-Hand"