[2025-11-21T02:10:59.365Z] 🚀 Initializing browser with anti-detection...
[2025-11-21T02:11:00.204Z] ✅ Browser initialized with stealth mode
[2025-11-21T02:11:00.204Z] 
🚀 Starting HTML Collection

[2025-11-21T02:11:00.204Z] 📋 Processing 55 subcategories
[2025-11-21T02:11:00.205Z] 📁 Loaded 214 IDs from turtle_db/items-2.0.json
[2025-11-21T02:11:00.205Z] 
🎯 Processing 1h-axes (2.0)
[2025-11-21T02:11:00.205Z] 📊 Total IDs to process: 214
[2025-11-21T02:11:00.205Z] 📦 Already collected: 0
[2025-11-21T02:11:00.205Z] ⏳ Remaining to process: 214
[2025-11-21T02:11:00.205Z] 🔍 Processing 1h-axes item 811 (1/214)
[2025-11-21T02:11:03.193Z] ✅ Collected HTML for item 811
[2025-11-21T02:11:05.195Z] 🔍 Processing 1h-axes item 871 (2/214)
[2025-11-21T02:11:08.289Z] ✅ Collected HTML for item 871
[2025-11-21T02:11:16.284Z] 🚀 Initializing browser with anti-detection...
[2025-11-21T02:11:16.592Z] ✅ Browser initialized with stealth mode
[2025-11-21T02:11:16.592Z] 
🚀 Starting HTML Collection

[2025-11-21T02:11:16.593Z] 📋 Processing 55 subcategories
[2025-11-21T02:11:16.593Z] 📁 Loaded 214 IDs from turtle_db/items-2.0.json
[2025-11-21T02:11:16.593Z] 
🎯 Processing 1h-axes (2.0)
[2025-11-21T02:11:16.593Z] 📊 Total IDs to process: 214
[2025-11-21T02:11:16.593Z] 📦 Already collected: 2
[2025-11-21T02:11:16.593Z] ⏳ Remaining to process: 212
[2025-11-21T02:11:16.593Z] 🔍 Processing 1h-axes item 1292 (3/214)
[2025-11-21T02:11:19.589Z] ✅ Collected HTML for item 1292
[2025-11-21T02:11:21.591Z] 🔍 Processing 1h-axes item 1454 (4/214)
[2025-11-21T02:11:25.432Z] ⏳ Cloudflare protection detected for item 1454, waiting...
[2025-11-21T02:18:16.848Z] 🚀 Initializing browser with anti-detection...
[2025-11-21T02:18:17.249Z] ✅ Browser initialized with stealth mode
[2025-11-21T02:18:17.249Z] 
🚀 Starting HTML Collection

[2025-11-21T02:18:17.249Z] 📋 Processing 55 subcategories
[2025-11-21T02:18:17.250Z] 📁 Loaded 214 IDs from turtle_db/items-2.0.json
[2025-11-21T02:18:17.250Z] 
🎯 Processing 1h-axes (2.0)
[2025-11-21T02:18:17.250Z] 📊 Total IDs to process: 214
[2025-11-21T02:18:17.250Z] 📦 Already collected: 3
[2025-11-21T02:18:17.250Z] ⏳ Remaining to process: 211
[2025-11-21T02:18:17.250Z] 🔍 Processing 1h-axes item 1454 (4/214)
[2025-11-21T02:18:21.901Z] ✅ Collected HTML for item 1454
[2025-11-21T02:18:23.903Z] 🔍 Processing 1h-axes item 1481 (5/214)
[2025-11-21T02:18:28.656Z] ⏳ Cloudflare protection detected for item 1481, waiting...
[2025-11-21T02:18:58.660Z] ❌ Cloudflare timeout for item 1481
[2025-11-21T02:19:00.664Z] 🔍 Processing 1h-axes item 2044 (6/214)
[2025-11-21T02:19:05.322Z] ⏳ Cloudflare protection detected for item 2044, waiting...
[2025-11-21T02:21:11.317Z] 🚀 Initializing browser with anti-detection...
[2025-11-21T02:21:11.723Z] ✅ Browser initialized with stealth mode
[2025-11-21T02:21:11.724Z] 
🚀 Starting HTML Collection

[2025-11-21T02:21:11.724Z] 📋 Processing 55 subcategories
[2025-11-21T02:21:11.724Z] 📁 Loaded 214 IDs from turtle_db/items-2.0.json
[2025-11-21T02:21:11.724Z] 
🎯 Processing 1h-axes (2.0)
[2025-11-21T02:21:11.724Z] 📊 Total IDs to process: 214
[2025-11-21T02:21:11.724Z] 📦 Already collected: 4
[2025-11-21T02:21:11.724Z] ⏳ Remaining to process: 209
[2025-11-21T02:21:11.724Z] 🔍 Processing 1h-axes item 2044 (5/214)
[2025-11-21T02:21:15.721Z] ✅ Collected HTML for item 2044
[2025-11-21T02:21:17.722Z] 🔍 Processing 1h-axes item 2807 (6/214)
[2025-11-21T02:21:22.477Z] ⏳ Cloudflare protection detected for item 2807, waiting...
[2025-11-21T02:21:32.480Z] ⚠️ No main-contents found for item 2807
[2025-11-21T02:21:34.483Z] 🔍 Processing 1h-axes item 2815 (7/214)
[2025-11-21T02:21:39.190Z] ⏳ Cloudflare protection detected for item 2815, waiting...
[2025-11-21T02:21:49.194Z] ⚠️ No main-contents found for item 2815
[2025-11-21T02:21:51.195Z] 🔍 Processing 1h-axes item 2878 (8/214)
[2025-11-21T02:21:55.848Z] ⏳ Cloudflare protection detected for item 2878, waiting...
[2025-11-21T02:22:05.851Z] ⚠️ No main-contents found for item 2878
[2025-11-21T02:22:07.853Z] 🔍 Processing 1h-axes item 6692 (9/214)
[2025-11-21T02:22:12.524Z] ⏳ Cloudflare protection detected for item 6692, waiting...
[2025-11-21T02:22:22.528Z] ⚠️ No main-contents found for item 6692
[2025-11-21T02:48:32.706Z] 🚀 Initializing browser with anti-detection...
[2025-11-21T02:48:33.080Z] ✅ Browser initialized with stealth mode
[2025-11-21T02:48:33.081Z] 
🚀 Starting HTML Collection

[2025-11-21T02:48:33.081Z] 📋 Processing 55 subcategories
[2025-11-21T02:48:33.081Z] 📁 Loaded 214 IDs from turtle_db/items-2.0.json
[2025-11-21T02:48:33.081Z] 
🎯 Processing 1h-axes (2.0)
[2025-11-21T02:48:33.081Z] 📊 Total IDs to process: 214
[2025-11-21T02:48:33.082Z] 📦 Already collected: 5
[2025-11-21T02:48:33.082Z] ⏳ Remaining to process: 204
[2025-11-21T02:48:33.082Z] 🔍 Processing 1h-axes item 7786 (6/214)
[2025-11-21T02:48:37.082Z] ✅ Collected HTML for item 7786
[2025-11-21T02:48:38.572Z] 🔍 Processing 1h-axes item 9465 (7/214)
[2025-11-21T02:48:43.353Z] ⏳ Cloudflare protection detected for item 9465, waiting...
[2025-11-21T02:49:32.766Z] 🚀 Initializing browser with anti-detection...
[2025-11-21T02:49:33.152Z] ✅ Browser initialized with stealth mode
[2025-11-21T02:49:33.152Z] 
🚀 Starting HTML Collection

[2025-11-21T02:49:33.152Z] 📋 Processing 55 subcategories
[2025-11-21T02:49:33.152Z] 📁 Loaded 214 IDs from turtle_db/items-2.0.json
[2025-11-21T02:49:33.152Z] 
🎯 Processing 1h-axes (2.0)
[2025-11-21T02:49:33.152Z] 📊 Total IDs to process: 214
[2025-11-21T02:49:33.153Z] 📦 Already collected: 6
[2025-11-21T02:49:33.153Z] ⏳ Remaining to process: 203
[2025-11-21T02:49:33.153Z] 🔍 Processing 1h-axes item 9465 (7/214)
[2025-11-21T02:49:37.151Z] ✅ Collected HTML for item 9465
[2025-11-21T02:49:38.784Z] 🔍 Processing 1h-axes item 9478 (8/214)
[2025-11-21T02:49:43.552Z] ⏳ Cloudflare protection detected for item 9478, waiting...
[2025-11-21T02:50:35.396Z] 🚀 Initializing browser with anti-detection...
[2025-11-21T02:50:35.792Z] ✅ Browser initialized with stealth mode
[2025-11-21T02:50:35.793Z] 
🚀 Starting HTML Collection

[2025-11-21T02:50:35.793Z] 📋 Processing 55 subcategories
[2025-11-21T02:50:35.793Z] 📁 Loaded 214 IDs from turtle_db/items-2.0.json
[2025-11-21T02:50:35.793Z] 
🎯 Processing 1h-axes (2.0)
[2025-11-21T02:50:35.793Z] 📊 Total IDs to process: 214
[2025-11-21T02:50:35.793Z] 📦 Already collected: 7
[2025-11-21T02:50:35.793Z] ⏳ Remaining to process: 202
[2025-11-21T02:50:35.793Z] 🔍 Processing 1h-axes item 9478 (8/214)
[2025-11-21T02:50:39.790Z] ✅ Collected HTML for item 9478
[2025-11-21T02:50:41.022Z] 🔍 Processing 1h-axes item 9684 (9/214)
[2025-11-21T02:50:41.023Z] 🔄 Creating fresh page for better stealth...
[2025-11-21T02:50:45.786Z] ⏳ Cloudflare protection detected for item 9684, waiting...
[2025-11-21T03:09:42.592Z] 🚀 Initializing browser with anti-detection...
[2025-11-21T03:09:42.979Z] ⏳ Waiting 4.5s after browser init...
[2025-11-21T03:09:47.461Z] ✅ Browser initialized with stealth mode
[2025-11-21T03:09:47.462Z] 
🚀 Starting HTML Collection

[2025-11-21T03:09:47.463Z] 📋 Processing 55 subcategories
[2025-11-21T03:09:47.464Z] 📁 Loaded 214 IDs from turtle_db/items-2.0.json
[2025-11-21T03:09:47.464Z] 
🎯 Processing 1h-axes (2.0)
[2025-11-21T03:09:47.464Z] 📊 Total IDs to process: 214
[2025-11-21T03:09:47.465Z] 📦 Already collected: 8
[2025-11-21T03:09:47.465Z] ⏳ Remaining to process: 201
[2025-11-21T03:09:47.465Z] 🔍 Processing 1h-axes item 9684 (9/214)
[2025-11-21T03:09:51.639Z] ✅ Collected HTML for item 9684
[2025-11-21T03:09:52.874Z] 🔍 Processing 1h-axes item 10772 (10/214)
[2025-11-21T03:09:52.875Z] 🔄 Creating fresh page for better stealth...
[2025-11-21T03:09:57.664Z] ⏳ Cloudflare protection detected for item 10772, waiting...
[2025-11-21T03:10:07.667Z] ⚠️ No main-contents found for item 10772
[2025-11-21T03:10:08.850Z] 🔍 Processing 1h-axes item 11702 (11/214)
[2025-11-21T03:10:08.850Z] 🔄 Creating fresh page for better stealth...
[2025-11-21T03:10:13.568Z] ⏳ Cloudflare protection detected for item 11702, waiting...
[2025-11-21T03:10:23.569Z] ⚠️ No main-contents found for item 11702
[2025-11-21T03:10:24.879Z] 🔍 Processing 1h-axes item 12527 (12/214)
[2025-11-21T03:10:24.880Z] 🔄 Creating fresh page for better stealth...
[2025-11-21T03:10:29.617Z] ⏳ Cloudflare protection detected for item 12527, waiting...
[2025-11-21T03:10:39.620Z] ⚠️ No main-contents found for item 12527
[2025-11-21T03:10:41.511Z] 🔍 Processing 1h-axes item 12621 (13/214)
[2025-11-21T03:10:41.512Z] 🔄 Creating fresh page for better stealth...
[2025-11-21T03:10:46.260Z] ⏳ Cloudflare protection detected for item 12621, waiting...
[2025-11-21T03:10:56.264Z] ⚠️ No main-contents found for item 12621
[2025-11-21T03:10:57.391Z] 🔍 Processing 1h-axes item 12774 (14/214)
[2025-11-21T03:10:57.391Z] 🔄 Creating fresh page for better stealth...
[2025-11-21T03:11:02.193Z] ⏳ Cloudflare protection detected for item 12774, waiting...
[2025-11-21T03:11:12.198Z] ⚠️ No main-contents found for item 12774
[2025-11-21T03:11:13.573Z] 🔍 Processing 1h-axes item 12798 (15/214)
[2025-11-21T03:11:13.573Z] 🔄 Creating fresh page for better stealth...
[2025-11-21T03:11:18.300Z] ⏳ Cloudflare protection detected for item 12798, waiting...
[2025-11-21T03:11:28.303Z] ⚠️ No main-contents found for item 12798
[2025-11-21T03:11:29.761Z] 🔍 Processing 1h-axes item 12990 (16/214)
[2025-11-21T03:11:29.761Z] 🔄 Creating fresh page for better stealth...
[2025-11-21T03:11:34.613Z] ⏳ Cloudflare protection detected for item 12990, waiting...
[2025-11-21T03:11:58.671Z] 🚀 Initializing browser with anti-detection...
[2025-11-21T03:11:59.063Z] ⏳ Waiting 3.3s after browser init...
[2025-11-21T03:12:02.319Z] ✅ Browser initialized with stealth mode
[2025-11-21T03:12:02.320Z] 
🚀 Starting HTML Collection

[2025-11-21T03:12:02.320Z] 📋 Processing 55 subcategories
[2025-11-21T03:12:02.320Z] 📁 Loaded 214 IDs from turtle_db/items-2.0.json
[2025-11-21T03:12:02.320Z] 
🎯 Processing 1h-axes (2.0)
[2025-11-21T03:12:02.321Z] 📊 Total IDs to process: 214
[2025-11-21T03:12:02.321Z] 📦 Already collected: 9
[2025-11-21T03:12:02.321Z] ⏳ Remaining to process: 194
[2025-11-21T03:12:02.321Z] 🔍 Processing 1h-axes item 12990 (10/214)
[2025-11-21T03:12:06.478Z] ✅ Collected HTML for item 12990
[2025-11-21T03:12:08.351Z] 🔍 Processing 1h-axes item 13014 (11/214)
[2025-11-21T03:12:08.352Z] 🔄 Creating fresh page for better stealth...
[2025-11-21T03:12:08.408Z] 🔥 Warming up session with safe navigation...
[2025-11-21T03:12:13.573Z] ✅ Session warmed up
[2025-11-21T03:12:18.215Z] ⏳ Cloudflare protection detected for item 13014, waiting...
[2025-11-21T03:12:28.217Z] ⚠️ No main-contents found for item 13014
[2025-11-21T03:12:29.601Z] 🔍 Processing 1h-axes item 13015 (12/214)
[2025-11-21T03:12:29.601Z] 🔄 Creating fresh page for better stealth...
[2025-11-21T03:12:29.648Z] 🔥 Warming up session with safe navigation...
[2025-11-21T03:12:34.732Z] ✅ Session warmed up
[2025-11-21T03:12:39.334Z] ⏳ Cloudflare protection detected for item 13015, waiting...
[2025-11-21T03:12:49.337Z] ⚠️ No main-contents found for item 13015
[2025-11-21T03:12:50.462Z] 🔍 Processing 1h-axes item 13286 (13/214)
[2025-11-21T03:12:50.463Z] 🔄 Creating fresh page for better stealth...
[2025-11-21T03:12:50.507Z] 🔥 Warming up session with safe navigation...
[2025-11-21T03:12:56.177Z] ✅ Session warmed up
[2025-11-21T03:13:00.809Z] ⏳ Cloudflare protection detected for item 13286, waiting...
[2025-11-21T03:13:10.811Z] ⚠️ No main-contents found for item 13286
[2025-11-21T03:13:11.997Z] 🔍 Processing 1h-axes item 13952 (14/214)
[2025-11-21T03:13:11.997Z] 🔄 Creating fresh page for better stealth...
[2025-11-21T03:13:12.045Z] 🔥 Warming up session with safe navigation...
[2025-11-21T03:13:17.058Z] ✅ Session warmed up
[2025-11-21T03:13:21.729Z] ⏳ Cloudflare protection detected for item 13952, waiting...
[2025-11-21T03:13:31.733Z] ⚠️ No main-contents found for item 13952
[2025-11-21T03:13:33.357Z] 🔍 Processing 1h-axes item 17016 (15/214)
[2025-11-21T03:13:33.358Z] 🔄 Creating fresh page for better stealth...
[2025-11-21T03:13:33.406Z] 🔥 Warming up session with safe navigation...
[2025-11-21T03:13:38.443Z] ✅ Session warmed up
[2025-11-21T03:13:43.169Z] ⏳ Cloudflare protection detected for item 17016, waiting...
[2025-11-21T03:13:53.171Z] ⚠️ No main-contents found for item 17016
[2025-11-21T03:13:54.942Z] 🔍 Processing 1h-axes item 17068 (16/214)
[2025-11-21T03:13:54.942Z] 🔄 Creating fresh page for better stealth...
[2025-11-21T03:13:54.987Z] 🔥 Warming up session with safe navigation...
[2025-11-21T03:14:30.873Z] 🚀 Initializing browser with anti-detection...
[2025-11-21T03:14:31.271Z] ⏳ Waiting 2.3s after browser init...
[2025-11-21T03:14:33.590Z] ✅ Browser initialized with stealth mode
[2025-11-21T03:14:33.591Z] 
🚀 Starting HTML Collection

[2025-11-21T03:14:33.592Z] 📋 Processing 55 subcategories
[2025-11-21T03:14:33.593Z] 📁 Loaded 214 IDs from turtle_db/items-2.0.json
[2025-11-21T03:14:33.593Z] 
🎯 Processing 1h-axes (2.0)
[2025-11-21T03:14:33.593Z] 📊 Total IDs to process: 214
[2025-11-21T03:14:33.594Z] 📦 Already collected: 10
[2025-11-21T03:14:33.594Z] ⏳ Remaining to process: 188
[2025-11-21T03:14:33.594Z] 🔍 Processing 1h-axes item 17068 (11/214)
[2025-11-21T03:14:38.397Z] ✅ Collected HTML for item 17068
[2025-11-21T03:14:40.032Z] 🔍 Processing 1h-axes item 18498 (12/214)
[2025-11-21T03:14:40.033Z] 🔄 Creating fresh page for better stealth...
[2025-11-21T03:14:40.081Z] 🔥 Warming up session with safe navigation...
[2025-11-21T03:14:45.377Z] ✅ Session warmed up
[2025-11-21T03:14:50.517Z] ⏳ Cloudflare protection detected for item 18498, waiting...
[2025-11-21T03:15:00.520Z] ⚠️ No main-contents found for item 18498
[2025-11-21T03:15:01.998Z] 🔍 Processing 1h-axes item 18737 (13/214)
[2025-11-21T03:15:01.998Z] 🔄 Creating fresh page for better stealth...
[2025-11-21T03:15:02.043Z] 🔥 Warming up session with safe navigation...
[2025-11-21T03:15:07.433Z] ✅ Session warmed up
[2025-11-21T03:15:12.743Z] ⏳ Cloudflare protection detected for item 18737, waiting...
[2025-11-21T03:15:22.746Z] ⚠️ No main-contents found for item 18737
[2025-11-21T03:15:24.339Z] 🔍 Processing 1h-axes item 18827 (14/214)
[2025-11-21T03:15:24.339Z] 🔄 Creating fresh page for better stealth...
[2025-11-21T03:15:24.388Z] 🔥 Warming up session with safe navigation...
[2025-11-21T03:15:29.759Z] ✅ Session warmed up
[2025-11-21T03:15:34.924Z] ⏳ Cloudflare protection detected for item 18827, waiting...
[2025-11-21T03:15:44.927Z] ⚠️ No main-contents found for item 18827
[2025-11-21T03:15:46.486Z] 🔍 Processing 1h-axes item 18828 (15/214)
[2025-11-21T03:15:46.486Z] 🔄 Creating fresh page for better stealth...
[2025-11-21T03:15:46.528Z] 🔥 Warming up session with safe navigation...
[2025-11-21T03:15:51.919Z] ✅ Session warmed up
[2025-11-21T03:15:57.065Z] ⏳ Cloudflare protection detected for item 18828, waiting...
[2025-11-21T03:16:07.068Z] ⚠️ No main-contents found for item 18828
[2025-11-21T03:16:08.749Z] 🔍 Processing 1h-axes item 19103 (16/214)
[2025-11-21T03:16:08.750Z] 🔄 Creating fresh page for better stealth...
[2025-11-21T03:16:08.797Z] 🔥 Warming up session with safe navigation...
[2025-11-21T03:16:14.237Z] ✅ Session warmed up
[2025-11-21T03:16:19.360Z] ⏳ Cloudflare protection detected for item 19103, waiting...
[2025-11-21T03:16:29.363Z] ⚠️ No main-contents found for item 19103
[2025-11-21T03:16:30.742Z] 🔍 Processing 1h-axes item 19362 (17/214)
[2025-11-21T03:16:30.743Z] 🔄 Creating fresh page for better stealth...
[2025-11-21T03:16:30.787Z] 🔥 Warming up session with safe navigation...
[2025-11-21T03:16:48.433Z] 🚀 Initializing browser with anti-detection...
[2025-11-21T03:16:48.840Z] ⏳ Waiting 4.7s after browser init...
[2025-11-21T03:16:53.537Z] ✅ Browser initialized with stealth mode
[2025-11-21T03:16:53.538Z] 
🚀 Starting HTML Collection

[2025-11-21T03:16:53.538Z] 📋 Processing 55 subcategories
[2025-11-21T03:16:53.539Z] 📁 Loaded 214 IDs from turtle_db/items-2.0.json
[2025-11-21T03:16:53.539Z] 
🎯 Processing 1h-axes (2.0)
[2025-11-21T03:16:53.539Z] 📊 Total IDs to process: 214
[2025-11-21T03:16:53.540Z] 📦 Already collected: 11
[2025-11-21T03:16:53.540Z] ⏳ Remaining to process: 182
[2025-11-21T03:16:53.540Z] 🔍 Processing 1h-axes item 19362 (12/214)
[2025-11-21T03:16:58.963Z] ⏳ Cloudflare protection detected for item 19362, waiting...
[2025-11-21T03:17:08.966Z] ⚠️ No main-contents found for item 19362
[2025-11-21T03:17:12.392Z] 🔍 Processing 1h-axes item 19363 (13/214)
[2025-11-21T03:17:12.393Z] 🔄 Creating fresh page for better stealth...
[2025-11-21T03:17:12.441Z] 🔥 Warming up session with safe navigation...
[2025-11-21T03:17:17.899Z] ✅ Session warmed up
[2025-11-21T03:17:25.148Z] ⏳ Cloudflare protection detected for item 19363, waiting...
[2025-11-21T03:17:35.151Z] ⚠️ No main-contents found for item 19363
[2025-11-21T03:17:41.287Z] 🔍 Processing 1h-axes item 19852 (14/214)
[2025-11-21T03:17:41.288Z] 🔄 Creating fresh page for better stealth...
[2025-11-21T03:17:41.335Z] 🔥 Warming up session with safe navigation...
[2025-11-21T03:17:46.688Z] ✅ Session warmed up
[2025-11-21T03:17:55.211Z] ⏳ Cloudflare protection detected for item 19852, waiting...
[2025-11-21T03:18:05.216Z] ⚠️ No main-contents found for item 19852
[2025-11-21T03:18:11.622Z] 🔍 Processing 1h-axes item 21242 (15/214)
[2025-11-21T03:18:11.622Z] 🔄 Creating fresh page for better stealth...
[2025-11-21T03:18:11.669Z] 🔥 Warming up session with safe navigation...
[2025-11-21T03:18:16.492Z] ✅ Session warmed up
[2025-11-21T03:18:24.237Z] ⏳ Cloudflare protection detected for item 21242, waiting...
[2025-11-21T03:18:34.240Z] ⚠️ No main-contents found for item 21242
[2025-11-21T03:18:38.013Z] 🔍 Processing 1h-axes item 21392 (16/214)
[2025-11-21T03:18:38.014Z] 🔄 Creating fresh page for better stealth...
[2025-11-21T03:18:38.057Z] 🔥 Warming up session with safe navigation...
[2025-11-21T03:18:43.641Z] ✅ Session warmed up
[2025-11-21T03:24:17.242Z] 🚀 Initializing browser with anti-detection...
[2025-11-21T03:24:17.624Z] ✅ Browser initialized with stealth mode
[2025-11-21T03:24:17.624Z] 
🚀 Starting HTML Collection

[2025-11-21T03:24:17.624Z] 📋 Processing 55 subcategories
[2025-11-21T03:24:17.624Z] 📁 Loaded 214 IDs from turtle_db/items-2.0.json
[2025-11-21T03:24:17.624Z] 
🎯 Processing 1h-axes (2.0)
[2025-11-21T03:24:17.624Z] 📊 Total IDs to process: 214
[2025-11-21T03:24:17.625Z] 📦 Already collected: 11
[2025-11-21T03:24:17.625Z] ⏳ Remaining to process: 178
[2025-11-21T03:24:17.625Z] 🔍 Processing 1h-axes item 21392 (12/214)
[2025-11-21T03:24:21.618Z] ✅ Collected HTML for item 21392
[2025-11-21T03:24:23.619Z] 🔍 Processing 1h-axes item 21401 (13/214)
[2025-11-21T03:24:28.440Z] ⏳ Cloudflare protection detected for item 21401, waiting...
[2025-11-21T03:24:38.442Z] ⚠️ No main-contents found for item 21401
[2025-11-21T03:24:40.445Z] 🔍 Processing 1h-axes item 22816 (14/214)
[2025-11-21T03:24:45.029Z] ⏳ Cloudflare protection detected for item 22816, waiting...
[2025-11-21T03:24:55.034Z] ⚠️ No main-contents found for item 22816
[2025-11-21T03:24:57.038Z] 🔍 Processing 1h-axes item 51832 (15/214)
[2025-11-21T03:25:01.582Z] ⏳ Cloudflare protection detected for item 51832, waiting...
[2025-11-21T03:25:11.586Z] ⚠️ No main-contents found for item 51832
[2025-11-21T03:25:13.588Z] 🔍 Processing 1h-axes item 55080 (16/214)
[2025-11-21T03:25:18.165Z] ⏳ Cloudflare protection detected for item 55080, waiting...
[2025-11-21T03:25:28.168Z] ⚠️ No main-contents found for item 55080
[2025-11-21T03:25:30.169Z] 🔍 Processing 1h-axes item 58194 (17/214)
[2025-11-21T03:25:34.976Z] ⏳ Cloudflare protection detected for item 58194, waiting...
[2025-11-21T03:25:44.985Z] 🔄 Retrying item 58194 in 5 seconds...
[2025-11-21T03:25:49.993Z] 🔄 Retrying item 58194 in 7 seconds...
[2025-11-21T03:36:29.080Z] 🔄 Retrying item 58194 in 9 seconds...
[2025-11-21T04:11:10.745Z] 🚀 Initializing browser with anti-detection...
[2025-11-21T04:11:11.033Z] ✅ Browser initialized with stealth mode
[2025-11-21T04:11:11.033Z] 
🚀 Starting HTML Collection

[2025-11-21T04:11:11.034Z] 📋 Processing 55 subcategories
[2025-11-21T04:11:11.034Z] 📁 Loaded 214 IDs from turtle_db/items-2.0.json
[2025-11-21T04:11:11.034Z] 
🎯 Processing 1h-axes (2.0)
[2025-11-21T04:11:11.034Z] 📊 Total IDs to process: 214
[2025-11-21T04:11:11.034Z] 📦 Already collected: 12
[2025-11-21T04:11:11.034Z] ⏳ Remaining to process: 173
[2025-11-21T04:11:11.034Z] 🔍 Processing 1h-axes item 58194 (13/214)
[2025-11-21T04:11:15.046Z] ✅ Collected HTML for item 58194
[2025-11-21T04:11:17.050Z] 🔄 Restarting browser for fresh session...
[2025-11-21T04:11:17.150Z] 🔒 Browser closed
[2025-11-21T04:11:17.150Z] 🚀 Initializing browser with anti-detection...
[2025-11-21T04:11:17.438Z] ✅ Browser initialized with stealth mode
[2025-11-21T04:11:17.438Z] 🔍 Processing 1h-axes item 60442 (14/214)
[2025-11-21T04:11:22.030Z] ✅ Collected HTML for item 60442
[2025-11-21T04:11:24.034Z] 🔄 Restarting browser for fresh session...
[2025-11-21T04:11:24.124Z] 🔒 Browser closed
[2025-11-21T04:11:24.124Z] 🚀 Initializing browser with anti-detection...
[2025-11-21T04:11:24.408Z] ✅ Browser initialized with stealth mode
[2025-11-21T04:11:24.408Z] 🔍 Processing 1h-axes item 60565 (15/214)
[2025-11-21T04:11:28.280Z] ✅ Collected HTML for item 60565
[2025-11-21T04:11:30.283Z] 🔄 Restarting browser for fresh session...
[2025-11-21T04:11:30.382Z] 🔒 Browser closed
[2025-11-21T04:11:30.382Z] 🚀 Initializing browser with anti-detection...
[2025-11-21T04:11:30.679Z] ✅ Browser initialized with stealth mode
[2025-11-21T04:11:30.679Z] 🔍 Processing 1h-axes item 61448 (16/214)
[2025-11-21T04:11:34.692Z] ✅ Collected HTML for item 61448
[2025-11-21T04:11:36.695Z] 🔄 Restarting browser for fresh session...
[2025-11-21T04:11:36.792Z] 🔒 Browser closed
[2025-11-21T04:11:36.792Z] 🚀 Initializing browser with anti-detection...
[2025-11-21T04:11:37.073Z] ✅ Browser initialized with stealth mode
[2025-11-21T04:11:37.073Z] 🔍 Processing 1h-axes item 80533 (17/214)
[2025-11-21T04:27:32.101Z] ✅ Collected HTML for item 80533
[2025-11-21T10:12:13.164Z] 🚀 Initializing browser with anti-detection...
[2025-11-21T10:12:15.633Z] ✅ Browser initialized with stealth mode
[2025-11-21T10:12:15.634Z] 
🚀 Starting HTML Collection

[2025-11-21T10:12:15.634Z] 📋 Processing 55 subcategories
[2025-11-21T10:12:15.634Z] 📁 Loaded 214 IDs from turtle_db/items-2.0.json
[2025-11-21T10:12:15.634Z] 
🎯 Processing 1h-axes (2.0)
[2025-11-21T10:12:15.634Z] 📊 Total IDs to process: 214
[2025-11-21T10:12:15.635Z] 📦 Already collected: 17
[2025-11-21T10:12:15.635Z] ⏳ Remaining to process: 168
[2025-11-21T10:12:15.635Z] 🔍 Processing 1h-axes item 80633 (18/214)
[2025-11-21T10:12:19.624Z] ✅ Collected HTML for item 80633
[2025-11-21T10:12:21.627Z] 🔄 Restarting browser for fresh session...
[2025-11-21T10:12:21.764Z] 🔒 Browser closed
[2025-11-21T10:12:21.764Z] 🚀 Initializing browser with anti-detection...
[2025-11-21T10:12:22.081Z] ✅ Browser initialized with stealth mode
[2025-11-21T10:12:22.081Z] 🔍 Processing 1h-axes item 80635 (19/214)
[2025-11-21T10:12:26.071Z] ✅ Collected HTML for item 80635
[2025-11-21T10:12:28.073Z] 🔄 Restarting browser for fresh session...
[2025-11-21T10:12:28.194Z] 🔒 Browser closed
[2025-11-21T10:12:28.194Z] 🚀 Initializing browser with anti-detection...
[2025-11-21T10:12:28.538Z] ✅ Browser initialized with stealth mode
[2025-11-21T10:12:28.538Z] 🔍 Processing 1h-axes item 80739 (20/214)
[2025-11-21T10:12:32.671Z] ✅ Collected HTML for item 80739
[2025-11-21T10:12:34.673Z] 🔄 Restarting browser for fresh session...
[2025-11-21T10:12:34.798Z] 🔒 Browser closed
[2025-11-21T10:12:34.798Z] 🚀 Initializing browser with anti-detection...
[2025-11-21T10:12:35.152Z] ✅ Browser initialized with stealth mode
[2025-11-21T10:12:35.152Z] 🔍 Processing 1h-axes item 81260 (21/214)
[2025-11-21T10:12:39.295Z] ✅ Collected HTML for item 81260
[2025-11-21T10:12:41.297Z] 🔄 Restarting browser for fresh session...
[2025-11-21T10:12:41.421Z] 🔒 Browser closed
[2025-11-21T10:12:41.421Z] 🚀 Initializing browser with anti-detection...
[2025-11-21T10:12:41.766Z] ✅ Browser initialized with stealth mode
[2025-11-21T10:12:41.766Z] 🔍 Processing 1h-axes item 790 (22/214)
[2025-11-21T10:12:45.758Z] ✅ Collected HTML for item 790
[2025-11-21T10:12:47.761Z] 🔄 Restarting browser for fresh session...
[2025-11-21T10:12:47.890Z] 🔒 Browser closed
[2025-11-21T10:12:47.891Z] 🚀 Initializing browser with anti-detection...
[2025-11-21T10:12:48.229Z] ✅ Browser initialized with stealth mode
[2025-11-21T10:12:48.229Z] 🔍 Processing 1h-axes item 826 (23/214)
[2025-11-21T10:12:52.219Z] ✅ Collected HTML for item 826
[2025-11-21T10:12:54.221Z] 🔄 Restarting browser for fresh session...
[2025-11-21T10:12:54.365Z] 🔒 Browser closed
[2025-11-21T10:12:54.365Z] 🚀 Initializing browser with anti-detection...
[2025-11-21T10:12:54.700Z] ✅ Browser initialized with stealth mode
[2025-11-21T10:12:54.700Z] 🔍 Processing 1h-axes item 863 (24/214)
[2025-11-21T10:12:58.700Z] ✅ Collected HTML for item 863
[2025-11-21T10:13:00.702Z] 🔄 Restarting browser for fresh session...
[2025-11-21T10:13:00.824Z] 🔒 Browser closed
[2025-11-21T10:13:00.824Z] 🚀 Initializing browser with anti-detection...
[2025-11-21T10:13:01.157Z] ✅ Browser initialized with stealth mode
[2025-11-21T10:13:01.157Z] 🔍 Processing 1h-axes item 885 (25/214)
[2025-11-21T10:13:05.153Z] ✅ Collected HTML for item 885
[2025-11-21T10:13:07.155Z] 🔄 Restarting browser for fresh session...
[2025-11-21T10:13:07.283Z] 🔒 Browser closed
[2025-11-21T10:13:07.284Z] 🚀 Initializing browser with anti-detection...
[2025-11-21T10:13:07.609Z] ✅ Browser initialized with stealth mode
[2025-11-21T10:13:07.609Z] 🔍 Processing 1h-axes item 934 (26/214)
[2025-11-21T10:13:11.604Z] ✅ Collected HTML for item 934
[2025-11-21T10:13:13.605Z] 🔄 Restarting browser for fresh session...
[2025-11-21T10:13:13.730Z] 🔒 Browser closed
[2025-11-21T10:13:13.730Z] 🚀 Initializing browser with anti-detection...
[2025-11-21T10:13:14.054Z] ✅ Browser initialized with stealth mode
[2025-11-21T10:13:14.054Z] 🔍 Processing 1h-axes item 1602 (27/214)
[2025-11-21T10:13:18.041Z] ✅ Collected HTML for item 1602
[2025-11-21T10:13:20.042Z] 🔄 Restarting browser for fresh session...
[2025-11-21T10:13:20.182Z] 🔒 Browser closed
[2025-11-21T10:13:20.182Z] 🚀 Initializing browser with anti-detection...
[2025-11-21T10:13:20.544Z] ✅ Browser initialized with stealth mode
[2025-11-21T10:13:20.544Z] 🔍 Processing 1h-axes item 1927 (28/214)
[2025-11-21T10:13:24.536Z] ✅ Collected HTML for item 1927
[2025-11-21T10:13:26.538Z] 🔄 Restarting browser for fresh session...
[2025-11-21T10:13:26.673Z] 🔒 Browser closed
[2025-11-21T10:13:26.673Z] 🚀 Initializing browser with anti-detection...
[2025-11-21T10:13:26.999Z] ✅ Browser initialized with stealth mode
[2025-11-21T10:13:26.999Z] 🔍 Processing 1h-axes item 1994 (29/214)
[2025-11-21T10:13:30.998Z] ✅ Collected HTML for item 1994
[2025-11-21T10:13:33.000Z] 🔄 Restarting browser for fresh session...
[2025-11-21T10:13:33.131Z] 🔒 Browser closed
[2025-11-21T10:13:33.131Z] 🚀 Initializing browser with anti-detection...
[2025-11-21T10:13:33.459Z] ✅ Browser initialized with stealth mode
[2025-11-21T10:13:33.459Z] 🔍 Processing 1h-axes item 2073 (30/214)
[2025-11-21T10:13:37.454Z] ✅ Collected HTML for item 2073
[2025-11-21T10:13:39.455Z] 🔄 Restarting browser for fresh session...
[2025-11-21T10:13:39.560Z] 🔒 Browser closed
[2025-11-21T10:13:39.561Z] 🚀 Initializing browser with anti-detection...
[2025-11-21T10:13:39.932Z] ✅ Browser initialized with stealth mode
[2025-11-21T10:13:39.932Z] 🔍 Processing 1h-axes item 3755 (31/214)
[2025-11-21T10:13:43.922Z] ✅ Collected HTML for item 3755
[2025-11-21T10:13:45.925Z] 🔄 Restarting browser for fresh session...
[2025-11-21T10:13:46.023Z] 🔒 Browser closed
[2025-11-21T10:13:46.023Z] 🚀 Initializing browser with anti-detection...
[2025-11-21T10:13:46.312Z] ✅ Browser initialized with stealth mode
[2025-11-21T10:13:46.312Z] 🔍 Processing 1h-axes item 4445 (32/214)
[2025-11-21T10:13:50.181Z] ✅ Collected HTML for item 4445
[2025-11-21T10:13:52.182Z] 🔄 Restarting browser for fresh session...
[2025-11-21T10:13:52.292Z] 🔒 Browser closed
[2025-11-21T10:13:52.292Z] 🚀 Initializing browser with anti-detection...
[2025-11-21T10:13:52.591Z] ✅ Browser initialized with stealth mode
[2025-11-21T10:13:52.591Z] 🔍 Processing 1h-axes item 4824 (33/214)
[2025-11-21T10:13:56.586Z] ✅ Collected HTML for item 4824
[2025-11-21T10:13:58.588Z] 🔄 Restarting browser for fresh session...
[2025-11-21T10:13:58.701Z] 🔒 Browser closed
[2025-11-21T10:13:58.702Z] 🚀 Initializing browser with anti-detection...
[2025-11-21T10:13:58.998Z] ✅ Browser initialized with stealth mode
[2025-11-21T10:13:58.998Z] 🔍 Processing 1h-axes item 4825 (34/214)
[2025-11-21T10:14:02.992Z] ✅ Collected HTML for item 4825
[2025-11-21T10:14:04.995Z] 🔄 Restarting browser for fresh session...
[2025-11-21T10:14:05.094Z] 🔒 Browser closed
[2025-11-21T10:14:05.094Z] 🚀 Initializing browser with anti-detection...
[2025-11-21T10:14:05.388Z] ✅ Browser initialized with stealth mode
[2025-11-21T10:14:05.388Z] 🔍 Processing 1h-axes item 4950 (35/214)
[2025-11-21T10:14:09.251Z] ✅ Collected HTML for item 4950
[2025-11-21T10:14:11.253Z] 🔄 Restarting browser for fresh session...
[2025-11-21T10:14:11.354Z] 🔒 Browser closed
[2025-11-21T10:14:11.354Z] 🚀 Initializing browser with anti-detection...
[2025-11-21T10:14:11.653Z] ✅ Browser initialized with stealth mode
[2025-11-21T10:14:11.653Z] 🔍 Processing 1h-axes item 5426 (36/214)
[2025-11-21T10:14:15.518Z] ✅ Collected HTML for item 5426
[2025-11-21T10:14:17.521Z] 🔄 Restarting browser for fresh session...
[2025-11-21T10:14:17.619Z] 🔒 Browser closed
[2025-11-21T10:14:17.619Z] 🚀 Initializing browser with anti-detection...
[2025-11-21T10:14:17.910Z] ✅ Browser initialized with stealth mode
[2025-11-21T10:14:17.910Z] 🔍 Processing 1h-axes item 5459 (37/214)
[2025-11-21T10:14:21.912Z] ✅ Collected HTML for item 5459
[2025-11-21T10:14:23.914Z] 🔄 Restarting browser for fresh session...
[2025-11-21T10:14:24.027Z] 🔒 Browser closed
[2025-11-21T10:14:24.027Z] 🚀 Initializing browser with anti-detection...
[2025-11-21T10:14:24.346Z] ✅ Browser initialized with stealth mode
[2025-11-21T10:14:24.346Z] 🔍 Processing 1h-axes item 6194 (38/214)
[2025-11-21T10:14:28.336Z] ✅ Collected HTML for item 6194
[2025-11-21T10:14:30.339Z] 🔄 Restarting browser for fresh session...
[2025-11-21T10:14:30.443Z] 🔒 Browser closed
[2025-11-21T10:14:30.443Z] 🚀 Initializing browser with anti-detection...
[2025-11-21T10:14:30.771Z] ✅ Browser initialized with stealth mode
[2025-11-21T10:14:30.771Z] 🔍 Processing 1h-axes item 6738 (39/214)
[2025-11-21T10:14:34.783Z] ✅ Collected HTML for item 6738
[2025-11-21T10:14:36.786Z] 🔄 Restarting browser for fresh session...
[2025-11-21T10:14:36.886Z] 🔒 Browser closed
[2025-11-21T10:14:36.886Z] 🚀 Initializing browser with anti-detection...
[2025-11-21T10:14:37.203Z] ✅ Browser initialized with stealth mode
[2025-11-21T10:14:37.203Z] 🔍 Processing 1h-axes item 6966 (40/214)
[2025-11-21T10:14:41.192Z] ✅ Collected HTML for item 6966
[2025-11-21T10:14:43.194Z] 🔄 Restarting browser for fresh session...
[2025-11-21T10:14:43.292Z] 🔒 Browser closed
[2025-11-21T10:14:43.292Z] 🚀 Initializing browser with anti-detection...
[2025-11-21T10:14:43.583Z] ✅ Browser initialized with stealth mode
[2025-11-21T10:14:43.583Z] 🔍 Processing 1h-axes item 7761 (41/214)
[2025-11-21T10:14:47.581Z] ✅ Collected HTML for item 7761
[2025-11-21T10:14:49.583Z] 🔄 Restarting browser for fresh session...
[2025-11-21T10:14:49.680Z] 🔒 Browser closed
[2025-11-21T10:14:49.680Z] 🚀 Initializing browser with anti-detection...
[2025-11-21T10:14:49.999Z] ✅ Browser initialized with stealth mode
[2025-11-21T10:14:49.999Z] 🔍 Processing 1h-axes item 7942 (42/214)
[2025-11-21T10:14:53.983Z] ✅ Collected HTML for item 7942
[2025-11-21T10:14:55.985Z] 🔄 Restarting browser for fresh session...
[2025-11-21T10:14:56.088Z] 🔒 Browser closed
[2025-11-21T10:14:56.088Z] 🚀 Initializing browser with anti-detection...
[2025-11-21T10:14:56.432Z] ✅ Browser initialized with stealth mode
[2025-11-21T10:14:56.432Z] 🔍 Processing 1h-axes item 9378 (43/214)
[2025-11-21T10:15:00.426Z] ✅ Collected HTML for item 9378
[2025-11-21T10:15:02.429Z] 🔄 Restarting browser for fresh session...
[2025-11-21T10:15:02.534Z] 🔒 Browser closed
[2025-11-21T10:15:02.535Z] 🚀 Initializing browser with anti-detection...
[2025-11-21T10:15:02.832Z] ✅ Browser initialized with stealth mode
[2025-11-21T10:15:02.832Z] 🔍 Processing 1h-axes item 9485 (44/214)
[2025-11-21T10:15:06.822Z] ✅ Collected HTML for item 9485
[2025-11-21T10:15:08.825Z] 🔄 Restarting browser for fresh session...
[2025-11-21T10:15:08.920Z] 🔒 Browser closed
[2025-11-21T10:15:08.920Z] 🚀 Initializing browser with anti-detection...
[2025-11-21T10:15:09.203Z] ✅ Browser initialized with stealth mode
[2025-11-21T10:15:09.203Z] 🔍 Processing 1h-axes item 10623 (45/214)
[2025-11-21T10:15:13.075Z] ✅ Collected HTML for item 10623
[2025-11-21T10:15:15.076Z] 🔄 Restarting browser for fresh session...
[2025-11-21T10:15:15.186Z] 🔒 Browser closed
[2025-11-21T10:15:15.186Z] 🚀 Initializing browser with anti-detection...
[2025-11-21T10:15:15.505Z] ✅ Browser initialized with stealth mode
[2025-11-21T10:15:15.506Z] 🔍 Processing 1h-axes item 10744 (46/214)
[2025-11-21T10:15:19.498Z] ✅ Collected HTML for item 10744
[2025-11-21T10:15:21.500Z] 🔄 Restarting browser for fresh session...
[2025-11-21T10:15:21.603Z] 🔒 Browser closed
[2025-11-21T10:15:21.603Z] 🚀 Initializing browser with anti-detection...
[2025-11-21T10:15:21.911Z] ✅ Browser initialized with stealth mode
[2025-11-21T10:15:21.911Z] 🔍 Processing 1h-axes item 10805 (47/214)
[2025-11-21T10:15:25.908Z] ✅ Collected HTML for item 10805
[2025-11-21T10:15:27.910Z] 🔄 Restarting browser for fresh session...
[2025-11-21T10:15:28.022Z] 🔒 Browser closed
[2025-11-21T10:15:28.022Z] 🚀 Initializing browser with anti-detection...
[2025-11-21T10:15:28.333Z] ✅ Browser initialized with stealth mode
[2025-11-21T10:15:28.333Z] 🔍 Processing 1h-axes item 10837 (48/214)
[2025-11-21T10:15:32.331Z] ✅ Collected HTML for item 10837
[2025-11-21T10:15:34.334Z] 🔄 Restarting browser for fresh session...
[2025-11-21T10:15:34.436Z] 🔒 Browser closed
[2025-11-21T10:15:34.436Z] 🚀 Initializing browser with anti-detection...
[2025-11-21T10:15:34.763Z] ✅ Browser initialized with stealth mode
[2025-11-21T10:15:34.763Z] 🔍 Processing 1h-axes item 11920 (49/214)
[2025-11-21T10:15:38.774Z] ✅ Collected HTML for item 11920
[2025-11-21T10:15:40.777Z] 🔄 Restarting browser for fresh session...
[2025-11-21T10:15:40.875Z] 🔒 Browser closed
[2025-11-21T10:15:40.875Z] 🚀 Initializing browser with anti-detection...
[2025-11-21T10:15:41.166Z] ✅ Browser initialized with stealth mode
[2025-11-21T10:15:41.167Z] 🔍 Processing 1h-axes item 13408 (50/214)
[2025-11-21T10:15:45.031Z] ✅ Collected HTML for item 13408
[2025-11-21T10:15:47.033Z] 🔄 Restarting browser for fresh session...
[2025-11-21T10:15:47.140Z] 🔒 Browser closed
[2025-11-21T10:15:47.140Z] 🚀 Initializing browser with anti-detection...
[2025-11-21T10:15:47.437Z] ✅ Browser initialized with stealth mode
[2025-11-21T10:15:47.437Z] 🔍 Processing 1h-axes item 15235 (51/214)
[2025-11-21T10:15:51.447Z] ✅ Collected HTML for item 15235
[2025-11-21T10:15:53.449Z] 🔄 Restarting browser for fresh session...
[2025-11-21T10:15:53.541Z] 🔒 Browser closed
[2025-11-21T10:15:53.541Z] 🚀 Initializing browser with anti-detection...
[2025-11-21T10:15:53.836Z] ✅ Browser initialized with stealth mode
[2025-11-21T10:15:53.837Z] 🔍 Processing 1h-axes item 15237 (52/214)
[2025-11-21T10:15:57.829Z] ✅ Collected HTML for item 15237
[2025-11-21T10:15:59.831Z] 🔄 Restarting browser for fresh session...
[2025-11-21T10:15:59.931Z] 🔒 Browser closed
[2025-11-21T10:15:59.931Z] 🚀 Initializing browser with anti-detection...
[2025-11-21T10:16:00.231Z] ✅ Browser initialized with stealth mode
[2025-11-21T10:16:00.231Z] 🔍 Processing 1h-axes item 15239 (53/214)
[2025-11-21T10:16:04.264Z] ✅ Collected HTML for item 15239
[2025-11-21T10:16:06.266Z] 🔄 Restarting browser for fresh session...
[2025-11-21T10:16:06.367Z] 🔒 Browser closed
[2025-11-21T10:16:06.367Z] 🚀 Initializing browser with anti-detection...
[2025-11-21T10:16:06.676Z] ✅ Browser initialized with stealth mode
[2025-11-21T10:16:06.676Z] 🔍 Processing 1h-axes item 15240 (54/214)
[2025-11-21T10:16:10.669Z] ✅ Collected HTML for item 15240
[2025-11-21T10:16:12.670Z] 🔄 Restarting browser for fresh session...
[2025-11-21T10:16:12.781Z] 🔒 Browser closed
[2025-11-21T10:16:12.781Z] 🚀 Initializing browser with anti-detection...
[2025-11-21T10:16:13.087Z] ✅ Browser initialized with stealth mode
[2025-11-21T10:16:13.087Z] 🔍 Processing 1h-axes item 15853 (55/214)
[2025-11-21T10:16:17.075Z] ✅ Collected HTML for item 15853
[2025-11-21T10:16:19.076Z] 🔄 Restarting browser for fresh session...
[2025-11-21T10:16:19.173Z] 🔒 Browser closed
[2025-11-21T10:16:19.173Z] 🚀 Initializing browser with anti-detection...
[2025-11-21T10:16:19.469Z] ✅ Browser initialized with stealth mode
[2025-11-21T10:16:19.469Z] 🔍 Processing 1h-axes item 15862 (56/214)
[2025-11-21T10:16:23.464Z] ✅ Collected HTML for item 15862
[2025-11-21T10:16:25.467Z] 🔄 Restarting browser for fresh session...
[2025-11-21T10:16:25.577Z] 🔒 Browser closed
[2025-11-21T10:16:25.577Z] 🚀 Initializing browser with anti-detection...
[2025-11-21T10:16:25.879Z] ✅ Browser initialized with stealth mode
[2025-11-21T10:16:25.879Z] 🔍 Processing 1h-axes item 17704 (57/214)
[2025-11-21T10:16:29.892Z] ✅ Collected HTML for item 17704
[2025-11-21T10:16:31.895Z] 🔄 Restarting browser for fresh session...
[2025-11-21T10:16:31.995Z] 🔒 Browser closed
[2025-11-21T10:16:31.996Z] 🚀 Initializing browser with anti-detection...
[2025-11-21T10:16:32.278Z] ✅ Browser initialized with stealth mode
[2025-11-21T10:16:32.278Z] 🔍 Processing 1h-axes item 19921 (58/214)
[2025-11-21T10:16:36.273Z] ✅ Collected HTML for item 19921
[2025-11-21T10:16:38.276Z] 🔄 Restarting browser for fresh session...
[2025-11-21T10:16:38.384Z] 🔒 Browser closed
[2025-11-21T10:16:38.384Z] 🚀 Initializing browser with anti-detection...
[2025-11-21T10:16:38.657Z] ✅ Browser initialized with stealth mode
[2025-11-21T10:16:38.657Z] 🔍 Processing 1h-axes item 20675 (59/214)
[2025-11-21T10:16:42.650Z] ✅ Collected HTML for item 20675
[2025-11-21T10:16:44.652Z] 🔄 Restarting browser for fresh session...
[2025-11-21T10:16:44.756Z] 🔒 Browser closed
[2025-11-21T10:16:44.757Z] 🚀 Initializing browser with anti-detection...
[2025-11-21T10:16:45.051Z] ✅ Browser initialized with stealth mode
[2025-11-21T10:16:45.051Z] 🔍 Processing 1h-axes item 20723 (60/214)
[2025-11-21T10:16:49.048Z] ✅ Collected HTML for item 20723
[2025-11-21T10:16:51.051Z] 🔄 Restarting browser for fresh session...
[2025-11-21T10:16:51.144Z] 🔒 Browser closed
[2025-11-21T10:16:51.144Z] 🚀 Initializing browser with anti-detection...
[2025-11-21T10:16:51.436Z] ✅ Browser initialized with stealth mode
[2025-11-21T10:16:51.436Z] 🔍 Processing 1h-axes item 41571 (61/214)
[2025-11-21T10:16:55.438Z] ✅ Collected HTML for item 41571
[2025-11-21T10:16:57.440Z] 🔄 Restarting browser for fresh session...
[2025-11-21T10:16:57.545Z] 🔒 Browser closed
[2025-11-21T10:16:57.545Z] 🚀 Initializing browser with anti-detection...
[2025-11-21T10:16:57.815Z] ✅ Browser initialized with stealth mode
[2025-11-21T10:16:57.815Z] 🔍 Processing 1h-axes item 58015 (62/214)
[2025-11-21T10:17:01.694Z] ✅ Collected HTML for item 58015
[2025-11-21T10:17:03.696Z] 🔄 Restarting browser for fresh session...
[2025-11-21T10:17:03.797Z] 🔒 Browser closed
[2025-11-21T10:17:03.797Z] 🚀 Initializing browser with anti-detection...
[2025-11-21T10:17:04.087Z] ✅ Browser initialized with stealth mode
[2025-11-21T10:17:04.088Z] 🔍 Processing 1h-axes item 58101 (63/214)
[2025-11-21T10:17:08.099Z] ✅ Collected HTML for item 58101
[2025-11-21T10:17:10.101Z] 🔄 Restarting browser for fresh session...
[2025-11-21T10:17:10.208Z] 🔒 Browser closed
[2025-11-21T10:17:10.208Z] 🚀 Initializing browser with anti-detection...
[2025-11-21T10:17:10.475Z] ✅ Browser initialized with stealth mode
[2025-11-21T10:17:10.475Z] 🔍 Processing 1h-axes item 60124 (64/214)
[2025-11-21T10:17:14.353Z] ✅ Collected HTML for item 60124
[2025-11-21T10:17:16.355Z] 🔄 Restarting browser for fresh session...
[2025-11-21T10:17:16.453Z] 🔒 Browser closed
[2025-11-21T10:17:16.453Z] 🚀 Initializing browser with anti-detection...
[2025-11-21T10:17:16.728Z] ✅ Browser initialized with stealth mode
[2025-11-21T10:17:16.729Z] 🔍 Processing 1h-axes item 60719 (65/214)
[2025-11-21T10:17:20.605Z] ✅ Collected HTML for item 60719
[2025-11-21T10:17:22.607Z] 🔄 Restarting browser for fresh session...
[2025-11-21T10:17:22.704Z] 🔒 Browser closed
[2025-11-21T10:17:22.704Z] 🚀 Initializing browser with anti-detection...
[2025-11-21T10:17:22.989Z] ✅ Browser initialized with stealth mode
[2025-11-21T10:17:22.989Z] 🔍 Processing 1h-axes item 61046 (66/214)
[2025-11-21T10:17:26.855Z] ✅ Collected HTML for item 61046
[2025-11-21T10:17:28.856Z] 🔄 Restarting browser for fresh session...
[2025-11-21T10:17:28.964Z] 🔒 Browser closed
[2025-11-21T10:17:28.964Z] 🚀 Initializing browser with anti-detection...
[2025-11-21T10:17:29.266Z] ✅ Browser initialized with stealth mode
[2025-11-21T10:17:29.266Z] 🔍 Processing 1h-axes item 61372 (67/214)
[2025-11-21T10:17:33.264Z] ✅ Collected HTML for item 61372
[2025-11-21T10:17:35.266Z] 🔄 Restarting browser for fresh session...
[2025-11-21T10:17:35.371Z] 🔒 Browser closed
[2025-11-21T10:17:35.371Z] 🚀 Initializing browser with anti-detection...
[2025-11-21T10:17:35.671Z] ✅ Browser initialized with stealth mode
[2025-11-21T10:17:35.671Z] 🔍 Processing 1h-axes item 61452 (68/214)
[2025-11-21T10:17:39.685Z] ✅ Collected HTML for item 61452
[2025-11-21T10:17:41.688Z] 🔄 Restarting browser for fresh session...
[2025-11-21T10:17:41.788Z] 🔒 Browser closed
[2025-11-21T10:17:41.788Z] 🚀 Initializing browser with anti-detection...
[2025-11-21T10:17:42.078Z] ✅ Browser initialized with stealth mode
[2025-11-21T10:17:42.078Z] 🔍 Processing 1h-axes item 61601 (69/214)
[2025-11-21T10:17:46.072Z] ✅ Collected HTML for item 61601
[2025-11-21T10:17:48.075Z] 🔄 Restarting browser for fresh session...
[2025-11-21T10:17:48.169Z] 🔒 Browser closed
[2025-11-21T10:17:48.169Z] 🚀 Initializing browser with anti-detection...
[2025-11-21T10:17:48.483Z] ✅ Browser initialized with stealth mode
[2025-11-21T10:17:48.484Z] 🔍 Processing 1h-axes item 61627 (70/214)
[2025-11-21T10:17:52.482Z] ✅ Collected HTML for item 61627
[2025-11-21T10:17:54.484Z] 🔄 Restarting browser for fresh session...
[2025-11-21T10:17:54.570Z] 🔒 Browser closed
[2025-11-21T10:17:54.570Z] 🚀 Initializing browser with anti-detection...
[2025-11-21T10:17:54.867Z] ✅ Browser initialized with stealth mode
[2025-11-21T10:17:54.868Z] 🔍 Processing 1h-axes item 61669 (71/214)
[2025-11-21T10:17:58.733Z] ✅ Collected HTML for item 61669
[2025-11-21T10:18:00.736Z] 🔄 Restarting browser for fresh session...
[2025-11-21T10:18:00.833Z] 🔒 Browser closed
[2025-11-21T10:18:00.834Z] 🚀 Initializing browser with anti-detection...
[2025-11-21T10:18:01.123Z] ✅ Browser initialized with stealth mode
[2025-11-21T10:18:01.124Z] 🔍 Processing 1h-axes item 21 (72/214)
[2025-11-21T10:18:05.117Z] ✅ Collected HTML for item 21
[2025-11-21T10:18:07.119Z] 🔄 Restarting browser for fresh session...
[2025-11-21T10:18:07.216Z] 🔒 Browser closed
[2025-11-21T10:18:07.216Z] 🚀 Initializing browser with anti-detection...
[2025-11-21T10:18:07.530Z] ✅ Browser initialized with stealth mode
[2025-11-21T10:18:07.530Z] 🔍 Processing 1h-axes item 927 (73/214)
[2025-11-21T10:18:11.519Z] ✅ Collected HTML for item 927
[2025-11-21T10:18:13.521Z] 🔄 Restarting browser for fresh session...
[2025-11-21T10:18:13.620Z] 🔒 Browser closed
[2025-11-21T10:18:13.620Z] 🚀 Initializing browser with anti-detection...
[2025-11-21T10:18:13.938Z] ✅ Browser initialized with stealth mode
[2025-11-21T10:18:13.938Z] 🔍 Processing 1h-axes item 1459 (74/214)
[2025-11-21T10:18:17.932Z] ✅ Collected HTML for item 1459
[2025-11-21T10:18:19.935Z] 🔄 Restarting browser for fresh session...
[2025-11-21T10:18:20.036Z] 🔒 Browser closed
[2025-11-21T10:18:20.036Z] 🚀 Initializing browser with anti-detection...
[2025-11-21T10:18:20.340Z] ✅ Browser initialized with stealth mode
[2025-11-21T10:18:20.340Z] 🔍 Processing 1h-axes item 2029 (75/214)
[2025-11-21T10:18:24.336Z] ✅ Collected HTML for item 2029
[2025-11-21T10:18:26.338Z] 🔄 Restarting browser for fresh session...
[2025-11-21T10:18:26.436Z] 🔒 Browser closed
[2025-11-21T10:18:26.437Z] 🚀 Initializing browser with anti-detection...
[2025-11-21T10:18:26.732Z] ✅ Browser initialized with stealth mode
[2025-11-21T10:18:26.732Z] 🔍 Processing 1h-axes item 2047 (76/214)
[2025-11-21T10:18:30.730Z] ✅ Collected HTML for item 2047
[2025-11-21T10:18:32.731Z] 🔄 Restarting browser for fresh session...
[2025-11-21T10:18:32.847Z] 🔒 Browser closed
[2025-11-21T10:18:32.847Z] 🚀 Initializing browser with anti-detection...
[2025-11-21T10:18:33.145Z] ✅ Browser initialized with stealth mode
[2025-11-21T10:18:33.145Z] 🔍 Processing 1h-axes item 2080 (77/214)
[2025-11-21T10:18:37.140Z] ✅ Collected HTML for item 2080
[2025-11-21T10:18:39.142Z] 🔄 Restarting browser for fresh session...
[2025-11-21T10:18:39.257Z] 🔒 Browser closed
[2025-11-21T10:18:39.258Z] 🚀 Initializing browser with anti-detection...
[2025-11-21T10:18:39.548Z] ✅ Browser initialized with stealth mode
[2025-11-21T10:18:39.548Z] 🔍 Processing 1h-axes item 2265 (78/214)
[2025-11-21T10:18:43.540Z] ✅ Collected HTML for item 2265
[2025-11-21T10:18:45.542Z] 🔄 Restarting browser for fresh session...
[2025-11-21T10:18:45.640Z] 🔒 Browser closed
[2025-11-21T10:18:45.640Z] 🚀 Initializing browser with anti-detection...
[2025-11-21T10:18:45.934Z] ✅ Browser initialized with stealth mode
[2025-11-21T10:18:45.934Z] 🔍 Processing 1h-axes item 2281 (79/214)
[2025-11-21T10:18:49.937Z] ✅ Collected HTML for item 2281
[2025-11-21T10:18:51.939Z] 🔄 Restarting browser for fresh session...
[2025-11-21T10:18:52.049Z] 🔒 Browser closed
[2025-11-21T10:18:52.049Z] 🚀 Initializing browser with anti-detection...
[2025-11-21T10:18:52.343Z] ✅ Browser initialized with stealth mode
[2025-11-21T10:18:52.343Z] 🔍 Processing 1h-axes item 2522 (80/214)
[2025-11-21T10:18:56.345Z] ✅ Collected HTML for item 2522
[2025-11-21T10:18:58.347Z] 🔄 Restarting browser for fresh session...
[2025-11-21T10:18:58.455Z] 🔒 Browser closed
[2025-11-21T10:18:58.456Z] 🚀 Initializing browser with anti-detection...
[2025-11-21T10:18:58.764Z] ✅ Browser initialized with stealth mode
[2025-11-21T10:18:58.764Z] 🔍 Processing 1h-axes item 2845 (81/214)
[2025-11-21T10:19:02.756Z] ✅ Collected HTML for item 2845
[2025-11-21T10:19:04.758Z] 🔄 Restarting browser for fresh session...
[2025-11-21T10:19:04.857Z] 🔒 Browser closed
[2025-11-21T10:19:04.857Z] 🚀 Initializing browser with anti-detection...
[2025-11-21T10:19:05.164Z] ✅ Browser initialized with stealth mode
[2025-11-21T10:19:05.164Z] 🔍 Processing 1h-axes item 2849 (82/214)
[2025-11-21T10:19:09.153Z] ✅ Collected HTML for item 2849
[2025-11-21T10:19:11.154Z] 🔄 Restarting browser for fresh session...
[2025-11-21T10:19:11.251Z] 🔒 Browser closed
[2025-11-21T10:19:11.251Z] 🚀 Initializing browser with anti-detection...
[2025-11-21T10:19:11.547Z] ✅ Browser initialized with stealth mode
[2025-11-21T10:19:11.547Z] 🔍 Processing 1h-axes item 3154 (83/214)
[2025-11-21T10:19:15.545Z] ✅ Collected HTML for item 3154
[2025-11-21T10:19:17.548Z] 🔄 Restarting browser for fresh session...
[2025-11-21T10:19:17.648Z] 🔒 Browser closed
[2025-11-21T10:19:17.648Z] 🚀 Initializing browser with anti-detection...
[2025-11-21T10:19:17.951Z] ✅ Browser initialized with stealth mode
[2025-11-21T10:19:17.951Z] 🔍 Processing 1h-axes item 3293 (84/214)
[2025-11-21T10:19:21.950Z] ✅ Collected HTML for item 3293
[2025-11-21T10:19:23.953Z] 🔄 Restarting browser for fresh session...
[2025-11-21T10:19:24.052Z] 🔒 Browser closed
[2025-11-21T10:19:24.052Z] 🚀 Initializing browser with anti-detection...
[2025-11-21T10:19:24.351Z] ✅ Browser initialized with stealth mode
[2025-11-21T10:19:24.351Z] 🔍 Processing 1h-axes item 3443 (85/214)
[2025-11-21T10:19:28.343Z] ✅ Collected HTML for item 3443
[2025-11-21T10:19:30.345Z] 🔄 Restarting browser for fresh session...
[2025-11-21T10:19:30.463Z] 🔒 Browser closed
[2025-11-21T10:19:30.463Z] 🚀 Initializing browser with anti-detection...
[2025-11-21T10:19:30.770Z] ✅ Browser initialized with stealth mode
[2025-11-21T10:19:30.770Z] 🔍 Processing 1h-axes item 3489 (86/214)
[2025-11-21T10:19:34.771Z] ✅ Collected HTML for item 3489
[2025-11-21T10:19:36.773Z] 🔄 Restarting browser for fresh session...
[2025-11-21T10:19:36.857Z] 🔒 Browser closed
[2025-11-21T10:19:36.857Z] 🚀 Initializing browser with anti-detection...
[2025-11-21T10:19:37.173Z] ✅ Browser initialized with stealth mode
[2025-11-21T10:19:37.173Z] 🔍 Processing 1h-axes item 4126 (87/214)
[2025-11-21T10:19:41.161Z] ✅ Collected HTML for item 4126
[2025-11-21T10:19:43.163Z] 🔄 Restarting browser for fresh session...
[2025-11-21T10:19:43.262Z] 🔒 Browser closed
[2025-11-21T10:19:43.262Z] 🚀 Initializing browser with anti-detection...
[2025-11-21T10:19:43.566Z] ✅ Browser initialized with stealth mode
[2025-11-21T10:19:43.566Z] 🔍 Processing 1h-axes item 4561 (88/214)
[2025-11-21T10:19:47.570Z] ✅ Collected HTML for item 4561
[2025-11-21T10:19:49.571Z] 🔄 Restarting browser for fresh session...
[2025-11-21T10:19:49.674Z] 🔒 Browser closed
[2025-11-21T10:19:49.674Z] 🚀 Initializing browser with anti-detection...
[2025-11-21T10:19:49.989Z] ✅ Browser initialized with stealth mode
[2025-11-21T10:19:49.990Z] 🔍 Processing 1h-axes item 4568 (89/214)
[2025-11-21T10:19:53.985Z] ✅ Collected HTML for item 4568
[2025-11-21T10:19:55.987Z] 🔄 Restarting browser for fresh session...
[2025-11-21T10:19:56.083Z] 🔒 Browser closed
[2025-11-21T10:19:56.083Z] 🚀 Initializing browser with anti-detection...
[2025-11-21T10:19:56.393Z] ✅ Browser initialized with stealth mode
[2025-11-21T10:19:56.393Z] 🔍 Processing 1h-axes item 4826 (90/214)
[2025-11-21T10:20:00.388Z] ✅ Collected HTML for item 4826
[2025-11-21T10:20:02.392Z] 🔄 Restarting browser for fresh session...
[2025-11-21T10:20:02.476Z] 🔒 Browser closed
[2025-11-21T10:20:02.476Z] 🚀 Initializing browser with anti-detection...
[2025-11-21T10:20:02.778Z] ✅ Browser initialized with stealth mode
[2025-11-21T10:20:02.778Z] 🔍 Processing 1h-axes item 4949 (91/214)
[2025-11-21T10:20:06.767Z] ✅ Collected HTML for item 4949
[2025-11-21T10:20:08.769Z] 🔄 Restarting browser for fresh session...
[2025-11-21T10:20:08.862Z] 🔒 Browser closed
[2025-11-21T10:20:08.862Z] 🚀 Initializing browser with anti-detection...
[2025-11-21T10:20:09.186Z] ✅ Browser initialized with stealth mode
[2025-11-21T10:20:09.186Z] 🔍 Processing 1h-axes item 4965 (92/214)
[2025-11-21T10:20:13.178Z] ✅ Collected HTML for item 4965
[2025-11-21T10:20:15.179Z] 🔄 Restarting browser for fresh session...
[2025-11-21T10:20:15.273Z] 🔒 Browser closed
[2025-11-21T10:20:15.273Z] 🚀 Initializing browser with anti-detection...
[2025-11-21T10:20:15.590Z] ✅ Browser initialized with stealth mode
[2025-11-21T10:20:15.590Z] 🔍 Processing 1h-axes item 5196 (93/214)
[2025-11-21T10:20:19.586Z] ✅ Collected HTML for item 5196
[2025-11-21T10:20:21.588Z] 🔄 Restarting browser for fresh session...
[2025-11-21T10:20:21.719Z] 🔒 Browser closed
[2025-11-21T10:20:21.719Z] 🚀 Initializing browser with anti-detection...
[2025-11-21T10:20:22.034Z] ✅ Browser initialized with stealth mode
[2025-11-21T10:20:22.034Z] 🔍 Processing 1h-axes item 5255 (94/214)
[2025-11-21T10:20:26.031Z] ✅ Collected HTML for item 5255
[2025-11-21T10:20:28.033Z] 🔄 Restarting browser for fresh session...
[2025-11-21T10:20:28.159Z] 🔒 Browser closed
[2025-11-21T10:20:28.159Z] 🚀 Initializing browser with anti-detection...
[2025-11-21T10:20:28.470Z] ✅ Browser initialized with stealth mode
[2025-11-21T10:20:28.470Z] 🔍 Processing 1h-axes item 5344 (95/214)
[2025-11-21T10:20:32.335Z] ✅ Collected HTML for item 5344
[2025-11-21T10:20:34.337Z] 🔄 Restarting browser for fresh session...
[2025-11-21T10:20:34.448Z] 🔒 Browser closed
[2025-11-21T10:20:34.449Z] 🚀 Initializing browser with anti-detection...
[2025-11-21T10:20:34.771Z] ✅ Browser initialized with stealth mode
[2025-11-21T10:20:34.771Z] 🔍 Processing 1h-axes item 6978 (96/214)
[2025-11-21T10:20:38.762Z] ✅ Collected HTML for item 6978
[2025-11-21T10:20:40.763Z] 🔄 Restarting browser for fresh session...
[2025-11-21T10:20:40.894Z] 🔒 Browser closed
[2025-11-21T10:20:40.894Z] 🚀 Initializing browser with anti-detection...
[2025-11-21T10:20:41.223Z] ✅ Browser initialized with stealth mode
[2025-11-21T10:20:41.223Z] 🔍 Processing 1h-axes item 6979 (97/214)
[2025-11-21T10:20:45.223Z] ✅ Collected HTML for item 6979
[2025-11-21T10:20:47.226Z] 🔄 Restarting browser for fresh session...
[2025-11-21T10:20:47.364Z] 🔒 Browser closed
[2025-11-21T10:20:47.364Z] 🚀 Initializing browser with anti-detection...
[2025-11-21T10:20:47.680Z] ✅ Browser initialized with stealth mode
[2025-11-21T10:20:47.681Z] 🔍 Processing 1h-axes item 7115 (98/214)
[2025-11-21T10:20:51.672Z] ✅ Collected HTML for item 7115
[2025-11-21T10:20:53.673Z] 🔄 Restarting browser for fresh session...
[2025-11-21T10:20:53.755Z] 🔒 Browser closed
[2025-11-21T10:20:53.755Z] 🚀 Initializing browser with anti-detection...
[2025-11-21T10:20:54.066Z] ✅ Browser initialized with stealth mode
[2025-11-21T10:20:54.066Z] 🔍 Processing 1h-axes item 7326 (99/214)
[2025-11-21T10:20:58.058Z] ✅ Collected HTML for item 7326
[2025-11-21T10:21:00.059Z] 🔄 Restarting browser for fresh session...
[2025-11-21T10:21:00.148Z] 🔒 Browser closed
[2025-11-21T10:21:00.148Z] 🚀 Initializing browser with anti-detection...
[2025-11-21T10:21:00.459Z] ✅ Browser initialized with stealth mode
[2025-11-21T10:21:00.459Z] 🔍 Processing 1h-axes item 7941 (100/214)
[2025-11-21T10:21:04.457Z] ✅ Collected HTML for item 7941
[2025-11-21T10:21:06.459Z] 🔄 Restarting browser for fresh session...
[2025-11-21T10:21:06.547Z] 🔒 Browser closed
[2025-11-21T10:21:06.547Z] 🚀 Initializing browser with anti-detection...
[2025-11-21T10:21:06.864Z] ✅ Browser initialized with stealth mode
[2025-11-21T10:21:06.864Z] 🔍 Processing 1h-axes item 9608 (101/214)
[2025-11-21T10:21:11.075Z] ✅ Collected HTML for item 9608
[2025-11-21T10:21:13.076Z] 🔄 Restarting browser for fresh session...
[2025-11-21T10:21:13.215Z] 🔒 Browser closed
[2025-11-21T10:21:13.216Z] 🚀 Initializing browser with anti-detection...
[2025-11-21T10:21:13.522Z] ✅ Browser initialized with stealth mode
[2025-11-21T10:21:13.522Z] 🔍 Processing 1h-axes item 12773 (102/214)
[2025-11-21T10:21:17.512Z] ✅ Collected HTML for item 12773
[2025-11-21T10:21:19.514Z] 🔄 Restarting browser for fresh session...
[2025-11-21T10:21:19.601Z] 🔒 Browser closed
[2025-11-21T10:21:19.601Z] 🚀 Initializing browser with anti-detection...
[2025-11-21T10:21:19.898Z] ✅ Browser initialized with stealth mode
[2025-11-21T10:21:19.898Z] 🔍 Processing 1h-axes item 12779 (103/214)
[2025-11-21T10:21:23.885Z] ✅ Collected HTML for item 12779
[2025-11-21T10:21:25.887Z] 🔄 Restarting browser for fresh session...
[2025-11-21T10:21:25.974Z] 🔒 Browser closed
[2025-11-21T10:21:25.974Z] 🚀 Initializing browser with anti-detection...
[2025-11-21T10:21:26.286Z] ✅ Browser initialized with stealth mode
[2025-11-21T10:21:26.286Z] 🔍 Processing 1h-axes item 15230 (104/214)
[2025-11-21T10:21:30.280Z] ✅ Collected HTML for item 15230
[2025-11-21T10:21:32.282Z] 🔄 Restarting browser for fresh session...
[2025-11-21T10:21:32.365Z] 🔒 Browser closed
[2025-11-21T10:21:32.366Z] 🚀 Initializing browser with anti-detection...
[2025-11-21T10:21:32.678Z] ✅ Browser initialized with stealth mode
[2025-11-21T10:21:32.678Z] 🔍 Processing 1h-axes item 15231 (105/214)
[2025-11-21T10:21:49.862Z] ✅ Collected HTML for item 15231
[2025-11-21T10:21:51.864Z] 🔄 Restarting browser for fresh session...
[2025-11-21T10:21:51.949Z] 🔒 Browser closed
[2025-11-21T10:21:51.949Z] 🚀 Initializing browser with anti-detection...
[2025-11-21T10:21:52.284Z] ✅ Browser initialized with stealth mode
[2025-11-21T10:21:52.284Z] 🔍 Processing 1h-axes item 15232 (106/214)
[2025-11-21T10:21:56.278Z] ✅ Collected HTML for item 15232
[2025-11-21T10:21:58.280Z] 🔄 Restarting browser for fresh session...
[2025-11-21T10:21:58.357Z] 🔒 Browser closed
[2025-11-21T10:21:58.357Z] 🚀 Initializing browser with anti-detection...
[2025-11-21T10:21:58.669Z] ✅ Browser initialized with stealth mode
[2025-11-21T10:21:58.669Z] 🔍 Processing 1h-axes item 15233 (107/214)
[2025-11-21T10:22:02.662Z] ✅ Collected HTML for item 15233
[2025-11-21T10:22:04.664Z] 🔄 Restarting browser for fresh session...
[2025-11-21T10:22:04.742Z] 🔒 Browser closed
[2025-11-21T10:22:04.743Z] 🚀 Initializing browser with anti-detection...
[2025-11-21T10:22:05.053Z] ✅ Browser initialized with stealth mode
[2025-11-21T10:22:05.053Z] 🔍 Processing 1h-axes item 15234 (108/214)
[2025-11-21T10:22:20.873Z] ✅ Collected HTML for item 15234
[2025-11-21T10:22:22.875Z] 🔄 Restarting browser for fresh session...
[2025-11-21T10:22:22.961Z] 🔒 Browser closed
[2025-11-21T10:22:22.962Z] 🚀 Initializing browser with anti-detection...
[2025-11-21T10:22:23.272Z] ✅ Browser initialized with stealth mode
[2025-11-21T10:22:23.272Z] 🔍 Processing 1h-axes item 15236 (109/214)
[2025-11-21T10:22:27.271Z] ✅ Collected HTML for item 15236
[2025-11-21T10:22:29.273Z] 🔄 Restarting browser for fresh session...
[2025-11-21T10:22:29.357Z] 🔒 Browser closed
[2025-11-21T10:22:29.358Z] 🚀 Initializing browser with anti-detection...
[2025-11-21T10:22:29.710Z] ✅ Browser initialized with stealth mode
[2025-11-21T10:22:29.710Z] 🔍 Processing 1h-axes item 15238 (110/214)
[2025-11-21T10:22:51.059Z] ✅ Collected HTML for item 15238
[2025-11-21T10:22:53.061Z] 🔄 Restarting browser for fresh session...
[2025-11-21T10:22:53.145Z] 🔒 Browser closed
[2025-11-21T10:22:53.145Z] 🚀 Initializing browser with anti-detection...
[2025-11-21T10:22:53.489Z] ✅ Browser initialized with stealth mode
[2025-11-21T10:22:53.489Z] 🔍 Processing 1h-axes item 17002 (111/214)
[2025-11-21T10:22:57.482Z] ✅ Collected HTML for item 17002
[2025-11-21T10:22:59.484Z] 🔄 Restarting browser for fresh session...
[2025-11-21T10:22:59.569Z] 🔒 Browser closed
[2025-11-21T10:22:59.569Z] 🚀 Initializing browser with anti-detection...
[2025-11-21T10:22:59.880Z] ✅ Browser initialized with stealth mode
[2025-11-21T10:22:59.880Z] 🔍 Processing 1h-axes item 17046 (112/214)
[2025-11-21T10:23:03.869Z] ✅ Collected HTML for item 17046
[2025-11-21T10:23:05.870Z] 🔄 Restarting browser for fresh session...
[2025-11-21T10:23:05.953Z] 🔒 Browser closed
[2025-11-21T10:23:05.954Z] 🚀 Initializing browser with anti-detection...
[2025-11-21T10:23:06.267Z] ✅ Browser initialized with stealth mode
[2025-11-21T10:23:06.268Z] 🔍 Processing 1h-axes item 18347 (113/214)
[2025-11-21T10:23:10.258Z] ✅ Collected HTML for item 18347
[2025-11-21T10:23:12.259Z] 🔄 Restarting browser for fresh session...
[2025-11-21T10:23:12.343Z] 🔒 Browser closed
[2025-11-21T10:23:12.343Z] 🚀 Initializing browser with anti-detection...
[2025-11-21T10:23:12.651Z] ✅ Browser initialized with stealth mode
[2025-11-21T10:23:12.651Z] 🔍 Processing 1h-axes item 41559 (114/214)
[2025-11-21T10:23:16.640Z] ✅ Collected HTML for item 41559
[2025-11-21T10:23:18.642Z] 🔄 Restarting browser for fresh session...
[2025-11-21T10:23:18.722Z] 🔒 Browser closed
[2025-11-21T10:23:18.722Z] 🚀 Initializing browser with anti-detection...
[2025-11-21T10:23:19.036Z] ✅ Browser initialized with stealth mode
[2025-11-21T10:23:19.036Z] 🔍 Processing 1h-axes item 60657 (115/214)
[2025-11-21T10:23:23.032Z] ✅ Collected HTML for item 60657
[2025-11-21T10:23:25.034Z] 🔄 Restarting browser for fresh session...
[2025-11-21T10:23:25.119Z] 🔒 Browser closed
[2025-11-21T10:23:25.119Z] 🚀 Initializing browser with anti-detection...
[2025-11-21T10:23:25.437Z] ✅ Browser initialized with stealth mode
[2025-11-21T10:23:25.437Z] 🔍 Processing 1h-axes item 60939 (116/214)
[2025-11-21T10:23:29.427Z] ✅ Collected HTML for item 60939
[2025-11-21T10:23:31.428Z] 🔄 Restarting browser for fresh session...
[2025-11-21T10:23:31.515Z] 🔒 Browser closed
[2025-11-21T10:23:31.515Z] 🚀 Initializing browser with anti-detection...
[2025-11-21T10:23:31.850Z] ✅ Browser initialized with stealth mode
[2025-11-21T10:23:31.850Z] 🔍 Processing 1h-axes item 61483 (117/214)
[2025-11-21T10:23:35.845Z] ✅ Collected HTML for item 61483
[2025-11-21T10:23:37.847Z] 🔄 Restarting browser for fresh session...
[2025-11-21T10:23:37.938Z] 🔒 Browser closed
[2025-11-21T10:23:37.938Z] 🚀 Initializing browser with anti-detection...
[2025-11-21T10:23:38.246Z] ✅ Browser initialized with stealth mode
[2025-11-21T10:23:38.246Z] 🔍 Processing 1h-axes item 61619 (118/214)
[2025-11-21T10:23:42.241Z] ✅ Collected HTML for item 61619
[2025-11-21T10:23:44.242Z] 🔄 Restarting browser for fresh session...
[2025-11-21T10:23:44.326Z] 🔒 Browser closed
[2025-11-21T10:23:44.326Z] 🚀 Initializing browser with anti-detection...
[2025-11-21T10:23:44.637Z] ✅ Browser initialized with stealth mode
[2025-11-21T10:23:44.637Z] 🔍 Processing 1h-axes item 80600 (119/214)
[2025-11-21T10:23:48.627Z] ✅ Collected HTML for item 80600
[2025-11-21T10:23:50.628Z] 🔄 Restarting browser for fresh session...
[2025-11-21T10:23:50.708Z] 🔒 Browser closed
[2025-11-21T10:23:50.709Z] 🚀 Initializing browser with anti-detection...
[2025-11-21T10:23:51.021Z] ✅ Browser initialized with stealth mode
[2025-11-21T10:23:51.021Z] 🔍 Processing 1h-axes item 80819 (120/214)
[2025-11-21T10:23:55.327Z] ✅ Collected HTML for item 80819
[2025-11-21T10:23:57.328Z] 🔄 Restarting browser for fresh session...
[2025-11-21T10:23:57.418Z] 🔒 Browser closed
[2025-11-21T10:23:57.418Z] 🚀 Initializing browser with anti-detection...
[2025-11-21T10:23:57.734Z] ✅ Browser initialized with stealth mode
[2025-11-21T10:23:57.734Z] 🔍 Processing 1h-axes item 81325 (121/214)
[2025-11-21T10:24:01.726Z] ✅ Collected HTML for item 81325
[2025-11-21T10:24:03.727Z] 🔄 Restarting browser for fresh session...
[2025-11-21T10:24:03.814Z] 🔒 Browser closed
[2025-11-21T10:24:03.814Z] 🚀 Initializing browser with anti-detection...
[2025-11-21T10:24:04.128Z] ✅ Browser initialized with stealth mode
[2025-11-21T10:24:04.129Z] 🔍 Processing 1h-axes item 20 (122/214)
[2025-11-21T10:24:07.985Z] ✅ Collected HTML for item 20
[2025-11-21T10:24:09.988Z] 🔄 Restarting browser for fresh session...
[2025-11-21T10:24:10.071Z] 🔒 Browser closed
[2025-11-21T10:24:10.072Z] 🚀 Initializing browser with anti-detection...
[2025-11-21T10:24:10.395Z] ✅ Browser initialized with stealth mode
[2025-11-21T10:24:10.395Z] 🔍 Processing 1h-axes item 37 (123/214)
[2025-11-21T10:24:14.384Z] ✅ Collected HTML for item 37
[2025-11-21T10:24:16.385Z] 🔄 Restarting browser for fresh session...
[2025-11-21T10:24:16.473Z] 🔒 Browser closed
[2025-11-21T10:24:16.473Z] 🚀 Initializing browser with anti-detection...
[2025-11-21T10:24:16.790Z] ✅ Browser initialized with stealth mode
[2025-11-21T10:24:16.790Z] 🔍 Processing 1h-axes item 768 (124/214)
[2025-11-21T10:24:20.790Z] ✅ Collected HTML for item 768
[2025-11-21T10:24:22.791Z] 🔄 Restarting browser for fresh session...
[2025-11-21T10:24:22.877Z] 🔒 Browser closed
[2025-11-21T10:24:22.877Z] 🚀 Initializing browser with anti-detection...
[2025-11-21T10:24:23.186Z] ✅ Browser initialized with stealth mode
[2025-11-21T10:24:23.186Z] 🔍 Processing 1h-axes item 778 (125/214)
[2025-11-21T10:24:27.178Z] ✅ Collected HTML for item 778
[2025-11-21T10:24:29.180Z] 🔄 Restarting browser for fresh session...
[2025-11-21T10:24:29.264Z] 🔒 Browser closed
[2025-11-21T10:24:29.264Z] 🚀 Initializing browser with anti-detection...
[2025-11-21T10:24:29.564Z] ✅ Browser initialized with stealth mode
[2025-11-21T10:24:29.564Z] 🔍 Processing 1h-axes item 853 (126/214)
[2025-11-21T10:24:33.422Z] ✅ Collected HTML for item 853
[2025-11-21T10:24:35.424Z] 🔄 Restarting browser for fresh session...
[2025-11-21T10:24:35.508Z] 🔒 Browser closed
[2025-11-21T10:24:35.508Z] 🚀 Initializing browser with anti-detection...
[2025-11-21T10:24:35.813Z] ✅ Browser initialized with stealth mode
[2025-11-21T10:24:35.814Z] 🔍 Processing 1h-axes item 1011 (127/214)
[2025-11-21T10:24:39.803Z] ✅ Collected HTML for item 1011
[2025-11-21T10:24:41.805Z] 🔄 Restarting browser for fresh session...
[2025-11-21T10:24:41.892Z] 🔒 Browser closed
[2025-11-21T10:24:41.892Z] 🚀 Initializing browser with anti-detection...
[2025-11-21T10:24:42.204Z] ✅ Browser initialized with stealth mode
[2025-11-21T10:24:42.204Z] 🔍 Processing 1h-axes item 1383 (128/214)
[2025-11-21T10:24:46.197Z] ✅ Collected HTML for item 1383
[2025-11-21T10:24:48.198Z] 🔄 Restarting browser for fresh session...
[2025-11-21T10:24:48.285Z] 🔒 Browser closed
[2025-11-21T10:24:48.286Z] 🚀 Initializing browser with anti-detection...
[2025-11-21T10:24:48.600Z] ✅ Browser initialized with stealth mode
[2025-11-21T10:24:48.600Z] 🔍 Processing 1h-axes item 1819 (129/214)
[2025-11-21T10:24:52.600Z] ✅ Collected HTML for item 1819
[2025-11-21T10:24:54.602Z] 🔄 Restarting browser for fresh session...
[2025-11-21T10:24:54.692Z] 🔒 Browser closed
[2025-11-21T10:24:54.692Z] 🚀 Initializing browser with anti-detection...
[2025-11-21T10:24:55.003Z] ✅ Browser initialized with stealth mode
[2025-11-21T10:24:55.003Z] 🔍 Processing 1h-axes item 1827 (130/214)
[2025-11-21T10:24:59.002Z] ✅ Collected HTML for item 1827
[2025-11-21T10:25:01.004Z] 🔄 Restarting browser for fresh session...
[2025-11-21T10:25:01.091Z] 🔒 Browser closed
[2025-11-21T10:25:01.091Z] 🚀 Initializing browser with anti-detection...
[2025-11-21T10:25:01.406Z] ✅ Browser initialized with stealth mode
[2025-11-21T10:25:01.406Z] 🔍 Processing 1h-axes item 1904 (131/214)
[2025-11-21T10:25:05.398Z] ✅ Collected HTML for item 1904
[2025-11-21T10:25:07.400Z] 🔄 Restarting browser for fresh session...
[2025-11-21T10:25:07.482Z] 🔒 Browser closed
[2025-11-21T10:25:07.482Z] 🚀 Initializing browser with anti-detection...
[2025-11-21T10:25:07.804Z] ✅ Browser initialized with stealth mode
[2025-11-21T10:25:07.804Z] 🔍 Processing 1h-axes item 1905 (132/214)
[2025-11-21T10:25:12.022Z] ✅ Collected HTML for item 1905
[2025-11-21T10:25:14.024Z] 🔄 Restarting browser for fresh session...
[2025-11-21T10:25:14.109Z] 🔒 Browser closed
[2025-11-21T10:25:14.109Z] 🚀 Initializing browser with anti-detection...
[2025-11-21T10:25:14.420Z] ✅ Browser initialized with stealth mode
[2025-11-21T10:25:14.420Z] 🔍 Processing 1h-axes item 1909 (133/214)
[2025-11-21T10:25:18.629Z] ✅ Collected HTML for item 1909
[2025-11-21T10:25:20.631Z] 🔄 Restarting browser for fresh session...
[2025-11-21T10:25:20.718Z] 🔒 Browser closed
[2025-11-21T10:25:20.719Z] 🚀 Initializing browser with anti-detection...
[2025-11-21T10:25:21.034Z] ✅ Browser initialized with stealth mode
[2025-11-21T10:25:21.034Z] 🔍 Processing 1h-axes item 2054 (134/214)
[2025-11-21T10:25:25.263Z] ✅ Collected HTML for item 2054
[2025-11-21T10:25:27.264Z] 🔄 Restarting browser for fresh session...
[2025-11-21T10:25:27.348Z] 🔒 Browser closed
[2025-11-21T10:25:27.348Z] 🚀 Initializing browser with anti-detection...
[2025-11-21T10:25:27.657Z] ✅ Browser initialized with stealth mode
[2025-11-21T10:25:27.657Z] 🔍 Processing 1h-axes item 2066 (135/214)
[2025-11-21T10:25:31.646Z] ✅ Collected HTML for item 2066
[2025-11-21T10:25:33.648Z] 🔄 Restarting browser for fresh session...
[2025-11-21T10:25:33.733Z] 🔒 Browser closed
[2025-11-21T10:25:33.733Z] 🚀 Initializing browser with anti-detection...
[2025-11-21T10:25:34.041Z] ✅ Browser initialized with stealth mode
[2025-11-21T10:25:34.041Z] 🔍 Processing 1h-axes item 2134 (136/214)
[2025-11-21T10:25:38.319Z] ✅ Collected HTML for item 2134
[2025-11-21T10:25:40.320Z] 🔄 Restarting browser for fresh session...
[2025-11-21T10:25:40.408Z] 🔒 Browser closed
[2025-11-21T10:25:40.408Z] 🚀 Initializing browser with anti-detection...
[2025-11-21T10:25:40.728Z] ✅ Browser initialized with stealth mode
[2025-11-21T10:25:40.728Z] 🔍 Processing 1h-axes item 2183 (137/214)
[2025-11-21T10:25:44.714Z] ✅ Collected HTML for item 2183
[2025-11-21T10:25:46.717Z] 🔄 Restarting browser for fresh session...
[2025-11-21T10:25:46.795Z] 🔒 Browser closed
[2025-11-21T10:25:46.795Z] 🚀 Initializing browser with anti-detection...
[2025-11-21T10:25:47.139Z] ✅ Browser initialized with stealth mode
[2025-11-21T10:25:47.140Z] 🔍 Processing 1h-axes item 2260 (138/214)
[2025-11-21T10:25:51.135Z] ✅ Collected HTML for item 2260
[2025-11-21T10:25:53.137Z] 🔄 Restarting browser for fresh session...
[2025-11-21T10:25:53.223Z] 🔒 Browser closed
[2025-11-21T10:25:53.223Z] 🚀 Initializing browser with anti-detection...
[2025-11-21T10:25:53.560Z] ✅ Browser initialized with stealth mode
[2025-11-21T10:25:53.560Z] 🔍 Processing 1h-axes item 2482 (139/214)
[2025-11-21T10:25:57.547Z] ✅ Collected HTML for item 2482
[2025-11-21T10:25:59.549Z] 🔄 Restarting browser for fresh session...
[2025-11-21T10:25:59.634Z] 🔒 Browser closed
[2025-11-21T10:25:59.635Z] 🚀 Initializing browser with anti-detection...
[2025-11-21T10:25:59.957Z] ✅ Browser initialized with stealth mode
[2025-11-21T10:25:59.957Z] 🔍 Processing 1h-axes item 2490 (140/214)
[2025-11-21T10:26:03.952Z] ✅ Collected HTML for item 2490
[2025-11-21T10:26:05.954Z] 🔄 Restarting browser for fresh session...
[2025-11-21T10:26:06.040Z] 🔒 Browser closed
[2025-11-21T10:26:06.040Z] 🚀 Initializing browser with anti-detection...
[2025-11-21T10:26:06.351Z] ✅ Browser initialized with stealth mode
[2025-11-21T10:26:06.351Z] 🔍 Processing 1h-axes item 2498 (141/214)
[2025-11-21T10:26:10.341Z] ✅ Collected HTML for item 2498
[2025-11-21T10:26:12.343Z] 🔄 Restarting browser for fresh session...
[2025-11-21T10:26:12.428Z] 🔒 Browser closed
[2025-11-21T10:26:12.428Z] 🚀 Initializing browser with anti-detection...
[2025-11-21T10:26:12.756Z] ✅ Browser initialized with stealth mode
[2025-11-21T10:26:12.756Z] 🔍 Processing 1h-axes item 2530 (142/214)
[2025-11-21T10:26:16.745Z] ✅ Collected HTML for item 2530
[2025-11-21T10:26:18.747Z] 🔄 Restarting browser for fresh session...
[2025-11-21T10:26:18.832Z] 🔒 Browser closed
[2025-11-21T10:26:18.833Z] 🚀 Initializing browser with anti-detection...
[2025-11-21T10:26:19.144Z] ✅ Browser initialized with stealth mode
[2025-11-21T10:26:19.144Z] 🔍 Processing 1h-axes item 2827 (143/214)
[2025-11-21T10:26:23.140Z] ✅ Collected HTML for item 2827
[2025-11-21T10:26:25.141Z] 🔄 Restarting browser for fresh session...
[2025-11-21T10:26:25.227Z] 🔒 Browser closed
[2025-11-21T10:26:25.227Z] 🚀 Initializing browser with anti-detection...
[2025-11-21T10:26:25.540Z] ✅ Browser initialized with stealth mode
[2025-11-21T10:26:25.541Z] 🔍 Processing 1h-axes item 3071 (144/214)
[2025-11-21T10:26:29.534Z] ✅ Collected HTML for item 3071
[2025-11-21T10:26:31.535Z] 🔄 Restarting browser for fresh session...
[2025-11-21T10:26:31.621Z] 🔒 Browser closed
[2025-11-21T10:26:31.621Z] 🚀 Initializing browser with anti-detection...
[2025-11-21T10:26:31.937Z] ✅ Browser initialized with stealth mode
[2025-11-21T10:26:31.937Z] 🔍 Processing 1h-axes item 3785 (145/214)
[2025-11-21T10:26:35.930Z] ✅ Collected HTML for item 3785
[2025-11-21T10:26:37.931Z] 🔄 Restarting browser for fresh session...
[2025-11-21T10:26:38.022Z] 🔒 Browser closed
[2025-11-21T10:26:38.022Z] 🚀 Initializing browser with anti-detection...
[2025-11-21T10:26:38.366Z] ✅ Browser initialized with stealth mode
[2025-11-21T10:26:38.366Z] 🔍 Processing 1h-axes item 4019 (146/214)
[2025-11-21T10:26:42.370Z] ✅ Collected HTML for item 4019
[2025-11-21T10:26:44.371Z] 🔄 Restarting browser for fresh session...
[2025-11-21T10:26:44.457Z] 🔒 Browser closed
[2025-11-21T10:26:44.457Z] 🚀 Initializing browser with anti-detection...
[2025-11-21T10:26:44.765Z] ✅ Browser initialized with stealth mode
[2025-11-21T10:26:44.765Z] 🔍 Processing 1h-axes item 4923 (147/214)
[2025-11-21T10:26:48.755Z] ✅ Collected HTML for item 4923
[2025-11-21T10:26:50.757Z] 🔄 Restarting browser for fresh session...
[2025-11-21T10:26:50.871Z] 🔒 Browser closed
[2025-11-21T10:26:50.871Z] 🚀 Initializing browser with anti-detection...
[2025-11-21T10:26:51.192Z] ✅ Browser initialized with stealth mode
[2025-11-21T10:26:51.192Z] 🔍 Processing 1h-axes item 5286 (148/214)
[2025-11-21T10:26:55.181Z] ✅ Collected HTML for item 5286
[2025-11-21T10:26:57.183Z] 🔄 Restarting browser for fresh session...
[2025-11-21T10:26:57.302Z] 🔒 Browser closed
[2025-11-21T10:26:57.302Z] 🚀 Initializing browser with anti-detection...
[2025-11-21T10:26:57.609Z] ✅ Browser initialized with stealth mode
[2025-11-21T10:26:57.609Z] 🔍 Processing 1h-axes item 10611 (149/214)
[2025-11-21T10:27:01.827Z] ✅ Collected HTML for item 10611
[2025-11-21T10:27:03.829Z] 🔄 Restarting browser for fresh session...
[2025-11-21T10:27:03.946Z] 🔒 Browser closed
[2025-11-21T10:27:03.946Z] 🚀 Initializing browser with anti-detection...
[2025-11-21T10:27:04.252Z] ✅ Browser initialized with stealth mode
[2025-11-21T10:27:04.252Z] 🔍 Processing 1h-axes item 10612 (150/214)
[2025-11-21T10:27:08.247Z] ✅ Collected HTML for item 10612
[2025-11-21T10:27:10.248Z] 🔄 Restarting browser for fresh session...
[2025-11-21T10:27:10.332Z] 🔒 Browser closed
[2025-11-21T10:27:10.333Z] 🚀 Initializing browser with anti-detection...
[2025-11-21T10:27:10.652Z] ✅ Browser initialized with stealth mode
[2025-11-21T10:27:10.652Z] 🔍 Processing 1h-axes item 11762 (151/214)
[2025-11-21T10:27:14.648Z] ✅ Collected HTML for item 11762
[2025-11-21T10:27:16.650Z] 🔄 Restarting browser for fresh session...
[2025-11-21T10:27:16.749Z] 🔒 Browser closed
[2025-11-21T10:27:16.749Z] 🚀 Initializing browser with anti-detection...
[2025-11-21T10:27:17.058Z] ✅ Browser initialized with stealth mode
[2025-11-21T10:27:17.058Z] 🔍 Processing 1h-axes item 11763 (152/214)
[2025-11-21T10:27:21.263Z] ✅ Collected HTML for item 11763
[2025-11-21T10:27:23.266Z] 🔄 Restarting browser for fresh session...
[2025-11-21T10:27:23.352Z] 🔒 Browser closed
[2025-11-21T10:27:23.352Z] 🚀 Initializing browser with anti-detection...
[2025-11-21T10:27:23.659Z] ✅ Browser initialized with stealth mode
[2025-11-21T10:27:23.659Z] 🔍 Processing 1h-axes item 12290 (153/214)
[2025-11-21T10:27:27.649Z] ✅ Collected HTML for item 12290
[2025-11-21T10:27:29.651Z] 🔄 Restarting browser for fresh session...
[2025-11-21T10:27:29.738Z] 🔒 Browser closed
[2025-11-21T10:27:29.738Z] 🚀 Initializing browser with anti-detection...
[2025-11-21T10:27:30.042Z] ✅ Browser initialized with stealth mode
[2025-11-21T10:27:30.042Z] 🔍 Processing 1h-axes item 12348 (154/214)
[2025-11-21T10:27:34.028Z] ✅ Collected HTML for item 12348
[2025-11-21T10:27:36.029Z] 🔄 Restarting browser for fresh session...
[2025-11-21T10:27:36.108Z] 🔒 Browser closed
[2025-11-21T10:27:36.108Z] 🚀 Initializing browser with anti-detection...
[2025-11-21T10:27:36.405Z] ✅ Browser initialized with stealth mode
[2025-11-21T10:27:36.405Z] 🔍 Processing 1h-axes item 12629 (155/214)
[2025-11-21T10:27:40.393Z] ✅ Collected HTML for item 12629
[2025-11-21T10:27:42.395Z] 🔄 Restarting browser for fresh session...
[2025-11-21T10:27:42.478Z] 🔒 Browser closed
[2025-11-21T10:27:42.479Z] 🚀 Initializing browser with anti-detection...
[2025-11-21T10:27:42.785Z] ✅ Browser initialized with stealth mode
[2025-11-21T10:27:42.785Z] 🔍 Processing 1h-axes item 13104 (156/214)
[2025-11-21T10:27:46.777Z] ✅ Collected HTML for item 13104
[2025-11-21T10:27:48.778Z] 🔄 Restarting browser for fresh session...
[2025-11-21T10:27:48.869Z] 🔒 Browser closed
[2025-11-21T10:27:48.870Z] 🚀 Initializing browser with anti-detection...
[2025-11-21T10:27:49.169Z] ✅ Browser initialized with stealth mode
[2025-11-21T10:27:49.169Z] 🔍 Processing 1h-axes item 13625 (157/214)
[2025-11-21T10:27:53.154Z] ✅ Collected HTML for item 13625
[2025-11-21T10:27:55.156Z] 🔄 Restarting browser for fresh session...
[2025-11-21T10:27:55.271Z] 🔒 Browser closed
[2025-11-21T10:27:55.271Z] 🚀 Initializing browser with anti-detection...
[2025-11-21T10:27:55.578Z] ✅ Browser initialized with stealth mode
[2025-11-21T10:27:55.578Z] 🔍 Processing 1h-axes item 13818 (158/214)
[2025-11-21T10:27:59.578Z] ✅ Collected HTML for item 13818
[2025-11-21T10:28:01.579Z] 🔄 Restarting browser for fresh session...
[2025-11-21T10:28:01.672Z] 🔒 Browser closed
[2025-11-21T10:28:01.672Z] 🚀 Initializing browser with anti-detection...
[2025-11-21T10:28:01.977Z] ✅ Browser initialized with stealth mode
[2025-11-21T10:28:01.977Z] 🔍 Processing 1h-axes item 14534 (159/214)
[2025-11-21T10:28:05.997Z] ✅ Collected HTML for item 14534
[2025-11-21T10:28:07.999Z] 🔄 Restarting browser for fresh session...
[2025-11-21T10:28:08.097Z] 🔒 Browser closed
[2025-11-21T10:28:08.098Z] 🚀 Initializing browser with anti-detection...
[2025-11-21T10:28:08.401Z] ✅ Browser initialized with stealth mode
[2025-11-21T10:28:08.401Z] 🔍 Processing 1h-axes item 14874 (160/214)
[2025-11-21T10:28:12.392Z] ✅ Collected HTML for item 14874
[2025-11-21T10:28:14.393Z] 🔄 Restarting browser for fresh session...
[2025-11-21T10:28:14.482Z] 🔒 Browser closed
[2025-11-21T10:28:14.482Z] 🚀 Initializing browser with anti-detection...
[2025-11-21T10:28:14.782Z] ✅ Browser initialized with stealth mode
[2025-11-21T10:28:14.782Z] 🔍 Processing 1h-axes item 14875 (161/214)
[2025-11-21T10:28:19.001Z] ✅ Collected HTML for item 14875
[2025-11-21T10:28:21.003Z] 🔄 Restarting browser for fresh session...
[2025-11-21T10:28:21.092Z] 🔒 Browser closed
[2025-11-21T10:28:21.092Z] 🚀 Initializing browser with anti-detection...
[2025-11-21T10:28:21.389Z] ✅ Browser initialized with stealth mode
[2025-11-21T10:28:21.389Z] 🔍 Processing 1h-axes item 14876 (162/214)
[2025-11-21T10:28:25.386Z] ✅ Collected HTML for item 14876
[2025-11-21T10:28:27.387Z] 🔄 Restarting browser for fresh session...
[2025-11-21T10:28:27.467Z] 🔒 Browser closed
[2025-11-21T10:28:27.467Z] 🚀 Initializing browser with anti-detection...
[2025-11-21T10:28:27.768Z] ✅ Browser initialized with stealth mode
[2025-11-21T10:28:27.768Z] 🔍 Processing 1h-axes item 14877 (163/214)
[2025-11-21T10:28:31.757Z] ✅ Collected HTML for item 14877
[2025-11-21T10:28:33.759Z] 🔄 Restarting browser for fresh session...
[2025-11-21T10:28:33.856Z] 🔒 Browser closed
[2025-11-21T10:28:33.856Z] 🚀 Initializing browser with anti-detection...
[2025-11-21T10:28:34.154Z] ✅ Browser initialized with stealth mode
[2025-11-21T10:28:34.154Z] 🔍 Processing 1h-axes item 14880 (164/214)
[2025-11-21T10:28:38.143Z] ✅ Collected HTML for item 14880
[2025-11-21T10:28:40.144Z] 🔄 Restarting browser for fresh session...
[2025-11-21T10:28:40.250Z] 🔒 Browser closed
[2025-11-21T10:28:40.250Z] 🚀 Initializing browser with anti-detection...
[2025-11-21T10:28:40.553Z] ✅ Browser initialized with stealth mode
[2025-11-21T10:28:40.553Z] 🔍 Processing 1h-axes item 14893 (165/214)
[2025-11-21T10:28:44.548Z] ✅ Collected HTML for item 14893
[2025-11-21T10:28:46.550Z] 🔄 Restarting browser for fresh session...
[2025-11-21T10:28:46.648Z] 🔒 Browser closed
[2025-11-21T10:28:46.648Z] 🚀 Initializing browser with anti-detection...
[2025-11-21T10:28:46.935Z] ✅ Browser initialized with stealth mode
[2025-11-21T10:28:46.935Z] 🔍 Processing 1h-axes item 17462 (166/214)
[2025-11-21T10:28:50.935Z] ✅ Collected HTML for item 17462
[2025-11-21T10:28:52.936Z] 🔄 Restarting browser for fresh session...
[2025-11-21T10:28:53.027Z] 🔒 Browser closed
[2025-11-21T10:28:53.027Z] 🚀 Initializing browser with anti-detection...
[2025-11-21T10:28:53.328Z] ✅ Browser initialized with stealth mode
[2025-11-21T10:28:53.328Z] 🔍 Processing 1h-axes item 18293 (167/214)
[2025-11-21T10:28:57.315Z] ✅ Collected HTML for item 18293
[2025-11-21T10:28:59.317Z] 🔄 Restarting browser for fresh session...
[2025-11-21T10:28:59.452Z] 🔒 Browser closed
[2025-11-21T10:28:59.452Z] 🚀 Initializing browser with anti-detection...
[2025-11-21T10:28:59.786Z] ✅ Browser initialized with stealth mode
[2025-11-21T10:28:59.786Z] 🔍 Processing 1h-axes item 18596 (168/214)
[2025-11-21T10:29:03.994Z] ✅ Collected HTML for item 18596
[2025-11-21T10:29:05.996Z] 🔄 Restarting browser for fresh session...
[2025-11-21T10:29:06.086Z] 🔒 Browser closed
[2025-11-21T10:29:06.086Z] 🚀 Initializing browser with anti-detection...
[2025-11-21T10:29:06.397Z] ✅ Browser initialized with stealth mode
[2025-11-21T10:29:06.397Z] 🔍 Processing 1h-axes item 19762 (169/214)
[2025-11-21T10:29:10.393Z] ✅ Collected HTML for item 19762
[2025-11-21T10:29:12.394Z] 🔄 Restarting browser for fresh session...
[2025-11-21T10:29:12.475Z] 🔒 Browser closed
[2025-11-21T10:29:12.475Z] 🚀 Initializing browser with anti-detection...
[2025-11-21T10:29:12.777Z] ✅ Browser initialized with stealth mode
[2025-11-21T10:29:12.777Z] 🔍 Processing 1h-axes item 21129 (170/214)
[2025-11-21T10:29:16.797Z] ✅ Collected HTML for item 21129
[2025-11-21T10:29:18.799Z] 🔄 Restarting browser for fresh session...
[2025-11-21T10:29:18.884Z] 🔒 Browser closed
[2025-11-21T10:29:18.885Z] 🚀 Initializing browser with anti-detection...
[2025-11-21T10:29:19.195Z] ✅ Browser initialized with stealth mode
[2025-11-21T10:29:19.195Z] 🔍 Processing 1h-axes item 21465 (171/214)
[2025-11-21T10:29:23.190Z] ✅ Collected HTML for item 21465
[2025-11-21T10:29:25.191Z] 🔄 Restarting browser for fresh session...
[2025-11-21T10:29:25.278Z] 🔒 Browser closed
[2025-11-21T10:29:25.278Z] 🚀 Initializing browser with anti-detection...
[2025-11-21T10:29:25.586Z] ✅ Browser initialized with stealth mode
[2025-11-21T10:29:25.586Z] 🔍 Processing 1h-axes item 1416 (172/214)
[2025-11-21T10:29:33.504Z] ✅ Collected HTML for item 1416
[2025-11-21T10:29:35.505Z] 🔄 Restarting browser for fresh session...
[2025-11-21T10:29:35.587Z] 🔒 Browser closed
[2025-11-21T10:29:35.587Z] 🚀 Initializing browser with anti-detection...
[2025-11-21T10:29:35.904Z] ✅ Browser initialized with stealth mode
[2025-11-21T10:29:35.904Z] 🔍 Processing 1h-axes item 1516 (173/214)
[2025-11-21T10:29:39.898Z] ✅ Collected HTML for item 1516
[2025-11-21T10:29:41.900Z] 🔄 Restarting browser for fresh session...
[2025-11-21T10:29:41.989Z] 🔒 Browser closed
[2025-11-21T10:29:41.989Z] 🚀 Initializing browser with anti-detection...
[2025-11-21T10:29:42.295Z] ✅ Browser initialized with stealth mode
[2025-11-21T10:29:42.295Z] 🔍 Processing 1h-axes item 1816 (174/214)
[2025-11-21T10:29:46.292Z] ✅ Collected HTML for item 1816
[2025-11-21T10:29:48.293Z] 🔄 Restarting browser for fresh session...
[2025-11-21T10:29:48.373Z] 🔒 Browser closed
[2025-11-21T10:29:48.374Z] 🚀 Initializing browser with anti-detection...
[2025-11-21T10:29:48.687Z] ✅ Browser initialized with stealth mode
[2025-11-21T10:29:48.687Z] 🔍 Processing 1h-axes item 1910 (175/214)
[2025-11-21T10:29:52.895Z] ✅ Collected HTML for item 1910
[2025-11-21T10:29:54.896Z] 🔄 Restarting browser for fresh session...
[2025-11-21T10:29:54.985Z] 🔒 Browser closed
[2025-11-21T10:29:54.985Z] 🚀 Initializing browser with anti-detection...
[2025-11-21T10:29:55.302Z] ✅ Browser initialized with stealth mode
[2025-11-21T10:29:55.303Z] 🔍 Processing 1h-axes item 5598 (176/214)
[2025-11-21T10:29:59.556Z] ✅ Collected HTML for item 5598
[2025-11-21T10:30:01.559Z] 🔄 Restarting browser for fresh session...
[2025-11-21T10:30:01.644Z] 🔒 Browser closed
[2025-11-21T10:30:01.645Z] 🚀 Initializing browser with anti-detection...
[2025-11-21T10:30:01.953Z] ✅ Browser initialized with stealth mode
[2025-11-21T10:30:01.953Z] 🔍 Processing 1h-axes item 5599 (177/214)
[2025-11-21T10:30:05.942Z] ✅ Collected HTML for item 5599
[2025-11-21T10:30:07.943Z] 🔄 Restarting browser for fresh session...
[2025-11-21T10:30:08.070Z] 🔒 Browser closed
[2025-11-21T10:30:08.070Z] 🚀 Initializing browser with anti-detection...
[2025-11-21T10:30:08.388Z] ✅ Browser initialized with stealth mode
[2025-11-21T10:30:08.388Z] 🔍 Processing 1h-axes item 12482 (178/214)
[2025-11-21T10:30:12.601Z] ✅ Collected HTML for item 12482
[2025-11-21T10:30:14.603Z] 🔄 Restarting browser for fresh session...
[2025-11-21T10:30:14.692Z] 🔒 Browser closed
[2025-11-21T10:30:14.692Z] 🚀 Initializing browser with anti-detection...
[2025-11-21T10:30:15.007Z] ✅ Browser initialized with stealth mode
[2025-11-21T10:30:15.007Z] 🔍 Processing 1h-axes item 12502 (179/214)
[2025-11-21T10:30:19.287Z] ✅ Collected HTML for item 12502
[2025-11-21T10:30:21.289Z] 🔄 Restarting browser for fresh session...
[2025-11-21T10:30:21.372Z] 🔒 Browser closed
[2025-11-21T10:30:21.372Z] 🚀 Initializing browser with anti-detection...
[2025-11-21T10:30:21.687Z] ✅ Browser initialized with stealth mode
[2025-11-21T10:30:21.687Z] 🔍 Processing 1h-axes item 14881 (180/214)
[2025-11-21T10:30:25.678Z] ✅ Collected HTML for item 14881
[2025-11-21T10:30:27.680Z] 🔄 Restarting browser for fresh session...
[2025-11-21T10:30:27.788Z] 🔒 Browser closed
[2025-11-21T10:30:27.788Z] 🚀 Initializing browser with anti-detection...
[2025-11-21T10:30:28.103Z] ✅ Browser initialized with stealth mode
[2025-11-21T10:30:28.103Z] 🔍 Processing 1h-axes item 14882 (181/214)
[2025-11-21T10:30:32.312Z] ✅ Collected HTML for item 14882
[2025-11-21T10:30:34.313Z] 🔄 Restarting browser for fresh session...
[2025-11-21T10:30:34.405Z] 🔒 Browser closed
[2025-11-21T10:30:34.405Z] 🚀 Initializing browser with anti-detection...
[2025-11-21T10:30:34.720Z] ✅ Browser initialized with stealth mode
[2025-11-21T10:30:34.720Z] 🔍 Processing 1h-axes item 19014 (182/214)
[2025-11-21T10:30:38.709Z] ✅ Collected HTML for item 19014
[2025-11-21T10:30:40.711Z] 🔄 Restarting browser for fresh session...
[2025-11-21T10:30:40.804Z] 🔒 Browser closed
[2025-11-21T10:30:40.804Z] 🚀 Initializing browser with anti-detection...
[2025-11-21T10:30:41.120Z] ✅ Browser initialized with stealth mode
[2025-11-21T10:30:41.120Z] 🔍 Processing 1h-axes item 19015 (183/214)
[2025-11-21T10:30:45.138Z] ✅ Collected HTML for item 19015
[2025-11-21T10:30:47.140Z] 🔄 Restarting browser for fresh session...
[2025-11-21T10:30:47.236Z] 🔒 Browser closed
[2025-11-21T10:30:47.236Z] 🚀 Initializing browser with anti-detection...
[2025-11-21T10:30:47.544Z] ✅ Browser initialized with stealth mode
[2025-11-21T10:30:47.544Z] 🔍 Processing 1h-axes item 20417 (184/214)
[2025-11-21T10:30:51.533Z] ✅ Collected HTML for item 20417
[2025-11-21T10:30:53.535Z] 🔄 Restarting browser for fresh session...
[2025-11-21T10:30:53.624Z] 🔒 Browser closed
[2025-11-21T10:30:53.624Z] 🚀 Initializing browser with anti-detection...
[2025-11-21T10:30:53.936Z] ✅ Browser initialized with stealth mode
[2025-11-21T10:30:53.936Z] 🔍 Processing 1h-axes item 23582 (185/214)
[2025-11-21T10:30:57.921Z] ✅ Collected HTML for item 23582
[2025-11-21T10:30:59.925Z] ✅ 1h-axes HTML collection complete!
[2025-11-21T10:30:59.925Z] 📊 Successfully processed: 185
[2025-11-21T10:30:59.925Z] ❌ Failed: 29
[2025-11-21T10:31:02.927Z] 📁 Loaded 168 IDs from turtle_db/items-2.1.json
[2025-11-21T10:31:02.927Z] 
🎯 Processing 2h-axes (2.1)
[2025-11-21T10:31:02.927Z] 📊 Total IDs to process: 168
[2025-11-21T10:31:02.928Z] 📦 Already collected: 185
[2025-11-21T10:31:02.929Z] ⏳ Remaining to process: 168
[2025-11-21T10:31:02.929Z] 🔍 Processing 2h-axes item 870 (186/168)
[2025-11-21T10:31:07.664Z] ⏳ Cloudflare protection detected for item 870, waiting...
[2025-11-21T10:31:17.668Z] ⚠️ No main-contents found for item 870
[2025-11-21T10:31:19.671Z] 🔄 Restarting browser for fresh session...
[2025-11-21T10:31:19.761Z] 🔒 Browser closed
[2025-11-21T10:31:19.761Z] 🚀 Initializing browser with anti-detection...
[2025-11-21T10:31:20.139Z] ✅ Browser initialized with stealth mode
[2025-11-21T10:31:20.139Z] 🔍 Processing 2h-axes item 872 (187/168)
[2025-11-21T10:31:24.132Z] ✅ Collected HTML for item 872
[2025-11-21T10:31:26.133Z] 🔄 Restarting browser for fresh session...
[2025-11-21T10:31:26.220Z] 🔒 Browser closed
[2025-11-21T10:31:26.220Z] 🚀 Initializing browser with anti-detection...
[2025-11-21T10:31:26.522Z] ✅ Browser initialized with stealth mode
[2025-11-21T10:31:26.523Z] 🔍 Processing 2h-axes item 1263 (188/168)
[2025-11-21T10:31:30.525Z] ✅ Collected HTML for item 1263
[2025-11-21T10:31:32.526Z] 🔄 Restarting browser for fresh session...
[2025-11-21T10:31:32.674Z] 🔒 Browser closed
[2025-11-21T10:31:32.674Z] 🚀 Initializing browser with anti-detection...
[2025-11-21T10:31:32.999Z] ✅ Browser initialized with stealth mode
[2025-11-21T10:31:32.999Z] 🔍 Processing 2h-axes item 1318 (189/168)
[2025-11-21T10:31:37.020Z] ✅ Collected HTML for item 1318
[2025-11-21T10:31:39.022Z] 🔄 Restarting browser for fresh session...
[2025-11-21T10:31:39.168Z] 🔒 Browser closed
[2025-11-21T10:31:39.168Z] 🚀 Initializing browser with anti-detection...
[2025-11-21T10:31:39.487Z] ✅ Browser initialized with stealth mode
[2025-11-21T10:31:39.487Z] 🔍 Processing 2h-axes item 2291 (190/168)
[2025-11-21T10:31:43.485Z] ✅ Collected HTML for item 2291
[2025-11-21T10:31:45.487Z] 🔄 Restarting browser for fresh session...
[2025-11-21T10:31:45.625Z] 🔒 Browser closed
[2025-11-21T10:31:45.625Z] 🚀 Initializing browser with anti-detection...
[2025-11-21T10:31:45.939Z] ✅ Browser initialized with stealth mode
[2025-11-21T10:31:45.939Z] 🔍 Processing 2h-axes item 2299 (191/168)
[2025-11-21T10:31:49.937Z] ✅ Collected HTML for item 2299
[2025-11-21T10:31:51.939Z] 🔄 Restarting browser for fresh session...
[2025-11-21T10:31:52.021Z] 🔒 Browser closed
[2025-11-21T10:31:52.021Z] 🚀 Initializing browser with anti-detection...
[2025-11-21T10:31:52.335Z] ✅ Browser initialized with stealth mode
[2025-11-21T10:31:52.335Z] 🔍 Processing 2h-axes item 5423 (192/168)
[2025-11-21T10:31:56.329Z] ✅ Collected HTML for item 5423
[2025-11-21T10:31:58.330Z] 🔄 Restarting browser for fresh session...
[2025-11-21T10:31:58.482Z] 🔒 Browser closed
[2025-11-21T10:31:58.482Z] 🚀 Initializing browser with anti-detection...
[2025-11-21T10:31:58.797Z] ✅ Browser initialized with stealth mode
[2025-11-21T10:31:58.797Z] 🔍 Processing 2h-axes item 6687 (193/168)
[2025-11-21T10:32:02.652Z] ✅ Collected HTML for item 6687
[2025-11-21T10:32:04.654Z] 🔄 Restarting browser for fresh session...
[2025-11-21T10:32:04.739Z] 🔒 Browser closed
[2025-11-21T10:32:04.739Z] 🚀 Initializing browser with anti-detection...
[2025-11-21T10:32:05.062Z] ✅ Browser initialized with stealth mode
[2025-11-21T10:32:05.062Z] 🔍 Processing 2h-axes item 6830 (194/168)
[2025-11-21T10:32:09.056Z] ✅ Collected HTML for item 6830
[2025-11-21T10:32:11.058Z] 🔄 Restarting browser for fresh session...
[2025-11-21T10:32:11.152Z] 🔒 Browser closed
[2025-11-21T10:32:11.152Z] 🚀 Initializing browser with anti-detection...
[2025-11-21T10:32:11.463Z] ✅ Browser initialized with stealth mode
[2025-11-21T10:32:11.463Z] 🔍 Processing 2h-axes item 7717 (195/168)
[2025-11-21T10:32:15.457Z] ✅ Collected HTML for item 7717
[2025-11-21T10:32:17.460Z] 🔄 Restarting browser for fresh session...
[2025-11-21T10:32:17.560Z] 🔒 Browser closed
[2025-11-21T10:32:17.561Z] 🚀 Initializing browser with anti-detection...
[2025-11-21T10:32:17.879Z] ✅ Browser initialized with stealth mode
[2025-11-21T10:32:17.880Z] 🔍 Processing 2h-axes item 7753 (196/168)
[2025-11-21T10:32:21.871Z] ✅ Collected HTML for item 7753
[2025-11-21T10:32:23.873Z] 🔄 Restarting browser for fresh session...
[2025-11-21T10:32:23.963Z] 🔒 Browser closed
[2025-11-21T10:32:23.963Z] 🚀 Initializing browser with anti-detection...
[2025-11-21T10:32:24.286Z] ✅ Browser initialized with stealth mode
[2025-11-21T10:32:24.286Z] 🔍 Processing 2h-axes item 9383 (197/168)
[2025-11-21T10:32:28.277Z] ✅ Collected HTML for item 9383
[2025-11-21T10:32:30.278Z] 🔄 Restarting browser for fresh session...
[2025-11-21T10:32:30.374Z] 🔒 Browser closed
[2025-11-21T10:32:30.374Z] 🚀 Initializing browser with anti-detection...
[2025-11-21T10:32:30.689Z] ✅ Browser initialized with stealth mode
[2025-11-21T10:32:30.689Z] 🔍 Processing 2h-axes item 9425 (198/168)
[2025-11-21T10:32:34.678Z] ✅ Collected HTML for item 9425
[2025-11-21T10:32:36.679Z] 🔄 Restarting browser for fresh session...
[2025-11-21T10:32:36.768Z] 🔒 Browser closed
[2025-11-21T10:32:36.769Z] 🚀 Initializing browser with anti-detection...
[2025-11-21T10:32:37.088Z] ✅ Browser initialized with stealth mode
[2025-11-21T10:32:37.088Z] 🔍 Processing 2h-axes item 10570 (199/168)
[2025-11-21T10:32:41.076Z] ✅ Collected HTML for item 10570
[2025-11-21T10:32:43.078Z] 🔄 Restarting browser for fresh session...
[2025-11-21T10:32:43.159Z] 🔒 Browser closed
[2025-11-21T10:32:43.159Z] 🚀 Initializing browser with anti-detection...
[2025-11-21T10:32:43.467Z] ✅ Browser initialized with stealth mode
[2025-11-21T10:32:43.467Z] 🔍 Processing 2h-axes item 11607 (200/168)
[2025-11-21T10:32:47.457Z] ✅ Collected HTML for item 11607
[2025-11-21T10:32:49.459Z] 🔄 Restarting browser for fresh session...
[2025-11-21T10:32:49.552Z] 🔒 Browser closed
[2025-11-21T10:32:49.552Z] 🚀 Initializing browser with anti-detection...
[2025-11-21T10:32:49.869Z] ✅ Browser initialized with stealth mode
[2025-11-21T10:32:49.869Z] 🔍 Processing 2h-axes item 11816 (201/168)
[2025-11-21T10:32:53.860Z] ✅ Collected HTML for item 11816
[2025-11-21T10:32:55.862Z] 🔄 Restarting browser for fresh session...
[2025-11-21T10:32:55.950Z] 🔒 Browser closed
[2025-11-21T10:32:55.950Z] 🚀 Initializing browser with anti-detection...
[2025-11-21T10:32:56.271Z] ✅ Browser initialized with stealth mode
[2025-11-21T10:32:56.271Z] 🔍 Processing 2h-axes item 11931 (202/168)
[2025-11-21T10:33:00.268Z] ✅ Collected HTML for item 11931
[2025-11-21T10:33:02.269Z] 🔄 Restarting browser for fresh session...
[2025-11-21T10:33:02.364Z] 🔒 Browser closed
[2025-11-21T10:33:02.365Z] 🚀 Initializing browser with anti-detection...
[2025-11-21T10:33:02.665Z] ✅ Browser initialized with stealth mode
[2025-11-21T10:33:02.666Z] 🔍 Processing 2h-axes item 12769 (203/168)
[2025-11-21T10:33:06.667Z] ✅ Collected HTML for item 12769
[2025-11-21T10:33:08.669Z] 🔄 Restarting browser for fresh session...
[2025-11-21T10:33:08.797Z] 🔒 Browser closed
[2025-11-21T10:33:08.797Z] 🚀 Initializing browser with anti-detection...
[2025-11-21T10:33:09.122Z] ✅ Browser initialized with stealth mode
[2025-11-21T10:33:09.122Z] 🔍 Processing 2h-axes item 12784 (204/168)
[2025-11-21T10:33:13.114Z] ✅ Collected HTML for item 12784
[2025-11-21T10:33:15.115Z] 🔄 Restarting browser for fresh session...
[2025-11-21T10:33:15.205Z] 🔒 Browser closed
[2025-11-21T10:33:15.205Z] 🚀 Initializing browser with anti-detection...
[2025-11-21T10:33:15.519Z] ✅ Browser initialized with stealth mode
[2025-11-21T10:33:15.519Z] 🔍 Processing 2h-axes item 12975 (205/168)
[2025-11-21T10:33:19.516Z] ✅ Collected HTML for item 12975
[2025-11-21T10:33:21.517Z] 🔄 Restarting browser for fresh session...
[2025-11-21T10:33:21.608Z] 🔒 Browser closed
[2025-11-21T10:33:21.609Z] 🚀 Initializing browser with anti-detection...
[2025-11-21T10:33:21.918Z] ✅ Browser initialized with stealth mode
[2025-11-21T10:33:21.919Z] 🔍 Processing 2h-axes item 13003 (206/168)
[2025-11-21T10:33:25.918Z] ✅ Collected HTML for item 13003
[2025-11-21T10:33:27.919Z] 🔄 Restarting browser for fresh session...
[2025-11-21T10:33:28.008Z] 🔒 Browser closed
[2025-11-21T10:33:28.009Z] 🚀 Initializing browser with anti-detection...
[2025-11-21T10:33:28.320Z] ✅ Browser initialized with stealth mode
[2025-11-21T10:33:28.320Z] 🔍 Processing 2h-axes item 13016 (207/168)
[2025-11-21T10:33:32.324Z] ✅ Collected HTML for item 13016
[2025-11-21T10:33:34.325Z] 🔄 Restarting browser for fresh session...
[2025-11-21T10:33:34.421Z] 🔒 Browser closed
[2025-11-21T10:33:34.421Z] 🚀 Initializing browser with anti-detection...
[2025-11-21T10:33:34.731Z] ✅ Browser initialized with stealth mode
[2025-11-21T10:33:34.731Z] 🔍 Processing 2h-axes item 13017 (208/168)
[2025-11-21T10:33:38.724Z] ✅ Collected HTML for item 13017
[2025-11-21T10:33:40.726Z] 🔄 Restarting browser for fresh session...
[2025-11-21T10:33:40.815Z] 🔒 Browser closed
[2025-11-21T10:33:40.815Z] 🚀 Initializing browser with anti-detection...
[2025-11-21T10:33:41.134Z] ✅ Browser initialized with stealth mode
[2025-11-21T10:33:41.134Z] 🔍 Processing 2h-axes item 13018 (209/168)
[2025-11-21T10:33:45.334Z] ✅ Collected HTML for item 13018
[2025-11-21T10:33:47.336Z] 🔄 Restarting browser for fresh session...
[2025-11-21T10:33:47.417Z] 🔒 Browser closed
[2025-11-21T10:33:47.418Z] 🚀 Initializing browser with anti-detection...
[2025-11-21T10:33:47.730Z] ✅ Browser initialized with stealth mode
[2025-11-21T10:33:47.730Z] 🔍 Processing 2h-axes item 13983 (210/168)
[2025-11-21T10:33:51.727Z] ✅ Collected HTML for item 13983
[2025-11-21T10:33:53.727Z] 🔄 Restarting browser for fresh session...
[2025-11-21T10:33:53.822Z] 🔒 Browser closed
[2025-11-21T10:33:53.822Z] 🚀 Initializing browser with anti-detection...
[2025-11-21T10:33:54.137Z] ✅ Browser initialized with stealth mode
[2025-11-21T10:33:54.137Z] 🔍 Processing 2h-axes item 17104 (211/168)
[2025-11-21T10:33:58.129Z] ✅ Collected HTML for item 17104
[2025-11-21T10:34:00.130Z] 🔄 Restarting browser for fresh session...
[2025-11-21T10:34:00.215Z] 🔒 Browser closed
[2025-11-21T10:34:00.215Z] 🚀 Initializing browser with anti-detection...
[2025-11-21T10:34:00.527Z] ✅ Browser initialized with stealth mode
[2025-11-21T10:34:00.527Z] 🔍 Processing 2h-axes item 17730 (212/168)
[2025-11-21T10:34:04.550Z] ✅ Collected HTML for item 17730
[2025-11-21T10:34:06.552Z] 🔄 Restarting browser for fresh session...
[2025-11-21T10:34:06.698Z] 🔒 Browser closed
[2025-11-21T10:34:06.698Z] 🚀 Initializing browser with anti-detection...
[2025-11-21T10:34:07.021Z] ✅ Browser initialized with stealth mode
[2025-11-21T10:34:07.021Z] 🔍 Processing 2h-axes item 18538 (213/168)
[2025-11-21T10:34:11.015Z] ✅ Collected HTML for item 18538
[2025-11-21T10:34:13.016Z] 🔄 Restarting browser for fresh session...
[2025-11-21T10:34:13.110Z] 🔒 Browser closed
[2025-11-21T10:34:13.110Z] 🚀 Initializing browser with anti-detection...
[2025-11-21T10:34:13.420Z] ✅ Browser initialized with stealth mode
[2025-11-21T10:34:13.420Z] 🔍 Processing 2h-axes item 18759 (214/168)
[2025-11-21T10:34:17.415Z] ✅ Collected HTML for item 18759
[2025-11-21T10:34:19.416Z] 🔄 Restarting browser for fresh session...
[2025-11-21T10:34:19.513Z] 🔒 Browser closed
[2025-11-21T10:34:19.513Z] 🚀 Initializing browser with anti-detection...
[2025-11-21T10:34:19.823Z] ✅ Browser initialized with stealth mode
[2025-11-21T10:34:19.823Z] 🔍 Processing 2h-axes item 18830 (215/168)
[2025-11-21T10:34:23.813Z] ✅ Collected HTML for item 18830
[2025-11-21T10:34:25.816Z] 🔄 Restarting browser for fresh session...
[2025-11-21T10:34:25.905Z] 🔒 Browser closed
[2025-11-21T10:34:25.905Z] 🚀 Initializing browser with anti-detection...
[2025-11-21T10:34:26.221Z] ✅ Browser initialized with stealth mode
[2025-11-21T10:34:26.222Z] 🔍 Processing 2h-axes item 18831 (216/168)
[2025-11-21T10:34:30.216Z] ✅ Collected HTML for item 18831
[2025-11-21T10:34:32.219Z] 🔄 Restarting browser for fresh session...
[2025-11-21T10:34:32.308Z] 🔒 Browser closed
[2025-11-21T10:34:32.308Z] 🚀 Initializing browser with anti-detection...
[2025-11-21T10:34:32.621Z] ✅ Browser initialized with stealth mode
[2025-11-21T10:34:32.621Z] 🔍 Processing 2h-axes item 19169 (217/168)
[2025-11-21T10:34:36.612Z] ✅ Collected HTML for item 19169
[2025-11-21T10:34:38.615Z] 🔄 Restarting browser for fresh session...
[2025-11-21T10:34:38.713Z] 🔒 Browser closed
[2025-11-21T10:34:38.713Z] 🚀 Initializing browser with anti-detection...
[2025-11-21T10:34:39.034Z] ✅ Browser initialized with stealth mode
[2025-11-21T10:34:39.034Z] 🔍 Processing 2h-axes item 19353 (218/168)
[2025-11-21T10:34:43.022Z] ✅ Collected HTML for item 19353
[2025-11-21T10:34:45.023Z] 🔄 Restarting browser for fresh session...
[2025-11-21T10:34:45.114Z] 🔒 Browser closed
[2025-11-21T10:34:45.115Z] 🚀 Initializing browser with anti-detection...
[2025-11-21T10:34:45.433Z] ✅ Browser initialized with stealth mode
[2025-11-21T10:34:45.433Z] 🔍 Processing 2h-axes item 19354 (219/168)
[2025-11-21T10:34:49.422Z] ✅ Collected HTML for item 19354
[2025-11-21T10:34:51.423Z] 🔄 Restarting browser for fresh session...
[2025-11-21T10:34:51.517Z] 🔒 Browser closed
[2025-11-21T10:34:51.517Z] 🚀 Initializing browser with anti-detection...
[2025-11-21T10:34:51.835Z] ✅ Browser initialized with stealth mode
[2025-11-21T10:34:51.835Z] 🔍 Processing 2h-axes item 19962 (220/168)
[2025-11-21T10:34:55.820Z] ✅ Collected HTML for item 19962
[2025-11-21T10:34:57.821Z] 🔄 Restarting browser for fresh session...
[2025-11-21T10:34:57.908Z] 🔒 Browser closed
[2025-11-21T10:34:57.908Z] 🚀 Initializing browser with anti-detection...
[2025-11-21T10:34:58.218Z] ✅ Browser initialized with stealth mode
[2025-11-21T10:34:58.219Z] 🔍 Processing 2h-axes item 21134 (221/168)
[2025-11-21T10:35:02.205Z] ✅ Collected HTML for item 21134
[2025-11-21T10:35:04.206Z] 🔄 Restarting browser for fresh session...
[2025-11-21T10:35:04.296Z] 🔒 Browser closed
[2025-11-21T10:35:04.296Z] 🚀 Initializing browser with anti-detection...
[2025-11-21T10:35:04.613Z] ✅ Browser initialized with stealth mode
[2025-11-21T10:35:04.613Z] 🔍 Processing 2h-axes item 21856 (222/168)
[2025-11-21T10:35:08.634Z] ✅ Collected HTML for item 21856
[2025-11-21T10:35:10.636Z] 🔄 Restarting browser for fresh session...
[2025-11-21T10:35:10.728Z] 🔒 Browser closed
[2025-11-21T10:35:10.728Z] 🚀 Initializing browser with anti-detection...
[2025-11-21T10:35:11.047Z] ✅ Browser initialized with stealth mode
[2025-11-21T10:35:11.047Z] 🔍 Processing 2h-axes item 22815 (223/168)
[2025-11-21T10:35:15.041Z] ✅ Collected HTML for item 22815
[2025-11-21T10:35:17.044Z] 🔄 Restarting browser for fresh session...
[2025-11-21T10:35:17.134Z] 🔒 Browser closed
[2025-11-21T10:35:17.135Z] 🚀 Initializing browser with anti-detection...
[2025-11-21T10:35:17.448Z] ✅ Browser initialized with stealth mode
[2025-11-21T10:35:17.448Z] 🔍 Processing 2h-axes item 40065 (224/168)
[2025-11-21T10:35:21.305Z] ✅ Collected HTML for item 40065
[2025-11-21T10:35:23.307Z] 🔄 Restarting browser for fresh session...
[2025-11-21T10:35:23.408Z] 🔒 Browser closed
[2025-11-21T10:35:23.408Z] 🚀 Initializing browser with anti-detection...
[2025-11-21T10:35:23.725Z] ✅ Browser initialized with stealth mode
[2025-11-21T10:35:23.726Z] 🔍 Processing 2h-axes item 41845 (225/168)
[2025-11-21T10:35:27.721Z] ✅ Collected HTML for item 41845
[2025-11-21T10:35:29.724Z] 🔄 Restarting browser for fresh session...
[2025-11-21T10:35:29.815Z] 🔒 Browser closed
[2025-11-21T10:35:29.815Z] 🚀 Initializing browser with anti-detection...
[2025-11-21T10:35:30.126Z] ✅ Browser initialized with stealth mode
[2025-11-21T10:35:30.126Z] 🔍 Processing 2h-axes item 51753 (226/168)
[2025-11-21T10:35:34.122Z] ✅ Collected HTML for item 51753
[2025-11-21T10:35:36.124Z] 🔄 Restarting browser for fresh session...
[2025-11-21T10:35:36.212Z] 🔒 Browser closed
[2025-11-21T10:35:36.212Z] 🚀 Initializing browser with anti-detection...
[2025-11-21T10:35:36.529Z] ✅ Browser initialized with stealth mode
[2025-11-21T10:35:36.529Z] 🔍 Processing 2h-axes item 51779 (227/168)
[2025-11-21T10:35:40.527Z] ✅ Collected HTML for item 51779
[2025-11-21T10:35:42.529Z] 🔄 Restarting browser for fresh session...
[2025-11-21T10:35:42.618Z] 🔒 Browser closed
[2025-11-21T10:35:42.618Z] 🚀 Initializing browser with anti-detection...
[2025-11-21T10:35:42.927Z] ✅ Browser initialized with stealth mode
[2025-11-21T10:35:42.928Z] 🔍 Processing 2h-axes item 55127 (228/168)
[2025-11-21T10:35:46.786Z] ✅ Collected HTML for item 55127
[2025-11-21T10:35:48.787Z] 🔄 Restarting browser for fresh session...
[2025-11-21T10:35:48.882Z] 🔒 Browser closed
[2025-11-21T10:35:48.882Z] 🚀 Initializing browser with anti-detection...
[2025-11-21T10:35:49.204Z] ✅ Browser initialized with stealth mode
[2025-11-21T10:35:49.204Z] 🔍 Processing 2h-axes item 60552 (229/168)
[2025-11-21T10:35:53.194Z] ✅ Collected HTML for item 60552
[2025-11-21T10:35:55.195Z] 🔄 Restarting browser for fresh session...
[2025-11-21T10:35:55.293Z] 🔒 Browser closed
[2025-11-21T10:35:55.293Z] 🚀 Initializing browser with anti-detection...
[2025-11-21T10:35:55.600Z] ✅ Browser initialized with stealth mode
[2025-11-21T10:35:55.600Z] 🔍 Processing 2h-axes item 60885 (230/168)
[2025-11-21T10:35:59.596Z] ✅ Collected HTML for item 60885
[2025-11-21T10:36:01.597Z] 🔄 Restarting browser for fresh session...
[2025-11-21T10:36:01.692Z] 🔒 Browser closed
[2025-11-21T10:36:01.692Z] 🚀 Initializing browser with anti-detection...
[2025-11-21T10:36:02.003Z] ✅ Browser initialized with stealth mode
[2025-11-21T10:36:02.003Z] 🔍 Processing 2h-axes item 61318 (231/168)
[2025-11-21T10:36:05.995Z] ✅ Collected HTML for item 61318
[2025-11-21T10:36:07.997Z] 🔄 Restarting browser for fresh session...
[2025-11-21T10:36:08.081Z] 🔒 Browser closed
[2025-11-21T10:36:08.081Z] 🚀 Initializing browser with anti-detection...
[2025-11-21T10:36:08.384Z] ✅ Browser initialized with stealth mode
[2025-11-21T10:36:08.384Z] 🔍 Processing 2h-axes item 61542 (232/168)
[2025-11-21T10:36:12.379Z] ✅ Collected HTML for item 61542
[2025-11-21T10:36:14.382Z] 🔄 Restarting browser for fresh session...
[2025-11-21T10:36:14.481Z] 🔒 Browser closed
[2025-11-21T10:36:14.481Z] 🚀 Initializing browser with anti-detection...
[2025-11-21T10:36:14.805Z] ✅ Browser initialized with stealth mode
[2025-11-21T10:36:14.805Z] 🔍 Processing 2h-axes item 80547 (233/168)
[2025-11-21T10:36:18.796Z] ✅ Collected HTML for item 80547
[2025-11-21T10:36:20.798Z] 🔄 Restarting browser for fresh session...
[2025-11-21T10:36:20.932Z] 🔒 Browser closed
[2025-11-21T10:36:20.932Z] 🚀 Initializing browser with anti-detection...
[2025-11-21T10:36:21.248Z] ✅ Browser initialized with stealth mode
[2025-11-21T10:36:21.248Z] 🔍 Processing 2h-axes item 80634 (234/168)
[2025-11-21T10:36:25.242Z] ✅ Collected HTML for item 80634
[2025-11-21T10:36:27.243Z] 🔄 Restarting browser for fresh session...
[2025-11-21T10:36:27.379Z] 🔒 Browser closed
[2025-11-21T10:36:27.379Z] 🚀 Initializing browser with anti-detection...
[2025-11-21T10:36:27.685Z] ✅ Browser initialized with stealth mode
[2025-11-21T10:36:27.686Z] 🔍 Processing 2h-axes item 83209 (235/168)
[2025-11-21T10:36:31.687Z] ✅ Collected HTML for item 83209
[2025-11-21T10:36:33.689Z] 🔄 Restarting browser for fresh session...
[2025-11-21T10:36:33.826Z] 🔒 Browser closed
[2025-11-21T10:36:33.826Z] 🚀 Initializing browser with anti-detection...
[2025-11-21T10:36:34.148Z] ✅ Browser initialized with stealth mode
[2025-11-21T10:36:34.149Z] 🔍 Processing 2h-axes item 1220 (236/168)
[2025-11-21T10:36:38.146Z] ✅ Collected HTML for item 1220
[2025-11-21T10:36:40.150Z] 🔄 Restarting browser for fresh session...
[2025-11-21T10:36:40.249Z] 🔒 Browser closed
[2025-11-21T10:36:40.249Z] 🚀 Initializing browser with anti-detection...
[2025-11-21T10:36:40.562Z] ✅ Browser initialized with stealth mode
[2025-11-21T10:36:40.562Z] 🔍 Processing 2h-axes item 1455 (237/168)
[2025-11-21T10:36:44.560Z] ✅ Collected HTML for item 1455
[2025-11-21T10:36:46.562Z] 🔄 Restarting browser for fresh session...
[2025-11-21T10:36:46.665Z] 🔒 Browser closed
[2025-11-21T10:36:46.666Z] 🚀 Initializing browser with anti-detection...
[2025-11-21T10:36:46.971Z] ✅ Browser initialized with stealth mode
[2025-11-21T10:36:46.971Z] 🔍 Processing 2h-axes item 1521 (238/168)
[2025-11-21T10:36:50.962Z] ✅ Collected HTML for item 1521
[2025-11-21T10:36:52.964Z] 🔄 Restarting browser for fresh session...
[2025-11-21T10:36:53.069Z] 🔒 Browser closed
[2025-11-21T10:36:53.069Z] 🚀 Initializing browser with anti-detection...
[2025-11-21T10:36:53.381Z] ✅ Browser initialized with stealth mode
[2025-11-21T10:36:53.381Z] 🔍 Processing 2h-axes item 1639 (239/168)
[2025-11-21T10:36:57.381Z] ✅ Collected HTML for item 1639
[2025-11-21T10:36:59.383Z] 🔄 Restarting browser for fresh session...
[2025-11-21T10:36:59.480Z] 🔒 Browser closed
[2025-11-21T10:36:59.480Z] 🚀 Initializing browser with anti-detection...
[2025-11-21T10:36:59.783Z] ✅ Browser initialized with stealth mode
[2025-11-21T10:36:59.783Z] 🔍 Processing 2h-axes item 1680 (240/168)
[2025-11-21T10:37:03.649Z] ✅ Collected HTML for item 1680
[2025-11-21T10:37:05.652Z] 🔄 Restarting browser for fresh session...
[2025-11-21T10:37:05.748Z] 🔒 Browser closed
[2025-11-21T10:37:05.748Z] 🚀 Initializing browser with anti-detection...
[2025-11-21T10:37:06.056Z] ✅ Browser initialized with stealth mode
[2025-11-21T10:37:06.056Z] 🔍 Processing 2h-axes item 1959 (241/168)
[2025-11-21T10:37:09.913Z] ✅ Collected HTML for item 1959
[2025-11-21T10:37:11.914Z] 🔄 Restarting browser for fresh session...
[2025-11-21T10:37:12.018Z] 🔒 Browser closed
[2025-11-21T10:37:12.019Z] 🚀 Initializing browser with anti-detection...
[2025-11-21T10:37:12.334Z] ✅ Browser initialized with stealth mode
[2025-11-21T10:37:12.334Z] 🔍 Processing 2h-axes item 2015 (242/168)
[2025-11-21T10:37:16.577Z] ✅ Collected HTML for item 2015
[2025-11-21T10:37:18.579Z] 🔄 Restarting browser for fresh session...
[2025-11-21T10:37:18.710Z] 🔒 Browser closed
[2025-11-21T10:37:18.710Z] 🚀 Initializing browser with anti-detection...
[2025-11-21T10:37:19.025Z] ✅ Browser initialized with stealth mode
[2025-11-21T10:37:19.025Z] 🔍 Processing 2h-axes item 2203 (243/168)
[2025-11-21T10:37:23.013Z] ✅ Collected HTML for item 2203
[2025-11-21T10:37:25.013Z] 🔄 Restarting browser for fresh session...
[2025-11-21T10:37:25.126Z] 🔒 Browser closed
[2025-11-21T10:37:25.126Z] 🚀 Initializing browser with anti-detection...
[2025-11-21T10:37:25.428Z] ✅ Browser initialized with stealth mode
[2025-11-21T10:37:25.429Z] 🔍 Processing 2h-axes item 2227 (244/168)
[2025-11-21T10:37:29.454Z] ✅ Collected HTML for item 2227
[2025-11-21T10:37:31.456Z] 🔄 Restarting browser for fresh session...
[2025-11-21T10:37:31.538Z] 🔒 Browser closed
[2025-11-21T10:37:31.538Z] 🚀 Initializing browser with anti-detection...
[2025-11-21T10:37:31.850Z] ✅ Browser initialized with stealth mode
[2025-11-21T10:37:31.850Z] 🔍 Processing 2h-axes item 2907 (245/168)
[2025-11-21T10:37:35.843Z] ✅ Collected HTML for item 2907
[2025-11-21T10:37:37.844Z] 🔄 Restarting browser for fresh session...
[2025-11-21T10:37:37.935Z] 🔒 Browser closed
[2025-11-21T10:37:37.935Z] 🚀 Initializing browser with anti-detection...
[2025-11-21T10:37:38.247Z] ✅ Browser initialized with stealth mode
[2025-11-21T10:37:38.247Z] 🔍 Processing 2h-axes item 3191 (246/168)
[2025-11-21T10:37:42.240Z] ✅ Collected HTML for item 3191
[2025-11-21T10:37:44.242Z] 🔄 Restarting browser for fresh session...
[2025-11-21T10:37:44.320Z] 🔒 Browser closed
[2025-11-21T10:37:44.320Z] 🚀 Initializing browser with anti-detection...
[2025-11-21T10:37:44.630Z] ✅ Browser initialized with stealth mode
[2025-11-21T10:37:44.630Z] 🔍 Processing 2h-axes item 3195 (247/168)
[2025-11-21T10:37:48.626Z] ✅ Collected HTML for item 3195
[2025-11-21T10:37:50.628Z] 🔄 Restarting browser for fresh session...
[2025-11-21T10:37:50.716Z] 🔒 Browser closed
[2025-11-21T10:37:50.716Z] 🚀 Initializing browser with anti-detection...
[2025-11-21T10:37:51.026Z] ✅ Browser initialized with stealth mode
[2025-11-21T10:37:51.026Z] 🔍 Processing 2h-axes item 3199 (248/168)
[2025-11-21T10:37:55.021Z] ✅ Collected HTML for item 3199
[2025-11-21T10:37:57.022Z] 🔄 Restarting browser for fresh session...
[2025-11-21T10:37:57.112Z] 🔒 Browser closed
[2025-11-21T10:37:57.112Z] 🚀 Initializing browser with anti-detection...
[2025-11-21T10:37:57.424Z] ✅ Browser initialized with stealth mode
[2025-11-21T10:37:57.424Z] 🔍 Processing 2h-axes item 3201 (249/168)
[2025-11-21T10:38:01.416Z] ✅ Collected HTML for item 3201
[2025-11-21T10:38:03.417Z] 🔄 Restarting browser for fresh session...
[2025-11-21T10:38:03.514Z] 🔒 Browser closed
[2025-11-21T10:38:03.514Z] 🚀 Initializing browser with anti-detection...
[2025-11-21T10:38:03.838Z] ✅ Browser initialized with stealth mode
[2025-11-21T10:38:03.838Z] 🔍 Processing 2h-axes item 3210 (250/168)
[2025-11-21T10:38:07.859Z] ✅ Collected HTML for item 3210
[2025-11-21T10:38:09.858Z] 🔄 Restarting browser for fresh session...
[2025-11-21T10:38:09.953Z] 🔒 Browser closed
[2025-11-21T10:38:09.953Z] 🚀 Initializing browser with anti-detection...
[2025-11-21T10:38:10.267Z] ✅ Browser initialized with stealth mode
[2025-11-21T10:38:10.267Z] 🔍 Processing 2h-axes item 3488 (251/168)
[2025-11-21T10:38:14.820Z] ✅ Collected HTML for item 3488
[2025-11-21T10:38:16.820Z] 🔄 Restarting browser for fresh session...
[2025-11-21T10:38:16.908Z] 🔒 Browser closed
[2025-11-21T10:38:16.908Z] 🚀 Initializing browser with anti-detection...
[2025-11-21T10:38:17.228Z] ✅ Browser initialized with stealth mode
[2025-11-21T10:38:17.228Z] 🔍 Processing 2h-axes item 3586 (252/168)
[2025-11-21T10:38:21.216Z] ✅ Collected HTML for item 3586
[2025-11-21T10:38:23.217Z] 🔄 Restarting browser for fresh session...
[2025-11-21T10:38:23.315Z] 🔒 Browser closed
[2025-11-21T10:38:23.315Z] 🚀 Initializing browser with anti-detection...
[2025-11-21T10:38:23.627Z] ✅ Browser initialized with stealth mode
[2025-11-21T10:38:23.628Z] 🔍 Processing 2h-axes item 3855 (253/168)
[2025-11-21T10:38:27.621Z] ✅ Collected HTML for item 3855
[2025-11-21T10:38:29.621Z] 🔄 Restarting browser for fresh session...
[2025-11-21T10:38:29.710Z] 🔒 Browser closed
[2025-11-21T10:38:29.711Z] 🚀 Initializing browser with anti-detection...
[2025-11-21T10:38:30.022Z] ✅ Browser initialized with stealth mode
[2025-11-21T10:38:30.022Z] 🔍 Processing 2h-axes item 5194 (254/168)
[2025-11-21T10:38:34.019Z] ✅ Collected HTML for item 5194
[2025-11-21T10:38:36.020Z] 🔄 Restarting browser for fresh session...
[2025-11-21T10:38:36.108Z] 🔒 Browser closed
[2025-11-21T10:38:36.108Z] 🚀 Initializing browser with anti-detection...
[2025-11-21T10:38:36.426Z] ✅ Browser initialized with stealth mode
[2025-11-21T10:38:36.426Z] 🔍 Processing 2h-axes item 6975 (255/168)
[2025-11-21T10:38:40.419Z] ✅ Collected HTML for item 6975
[2025-11-21T10:38:42.421Z] 🔄 Restarting browser for fresh session...
[2025-11-21T10:38:42.511Z] 🔒 Browser closed
[2025-11-21T10:38:42.511Z] 🚀 Initializing browser with anti-detection...
[2025-11-21T10:38:42.827Z] ✅ Browser initialized with stealth mode
[2025-11-21T10:38:42.827Z] 🔍 Processing 2h-axes item 9459 (256/168)
[2025-11-21T10:38:46.817Z] ✅ Collected HTML for item 9459
[2025-11-21T10:38:48.818Z] 🔄 Restarting browser for fresh session...
[2025-11-21T10:38:48.904Z] 🔒 Browser closed
[2025-11-21T10:38:48.904Z] 🚀 Initializing browser with anti-detection...
[2025-11-21T10:38:49.213Z] ✅ Browser initialized with stealth mode
[2025-11-21T10:38:49.213Z] 🔍 Processing 2h-axes item 9481 (257/168)
[2025-11-21T10:38:53.208Z] ✅ Collected HTML for item 9481
[2025-11-21T10:38:55.210Z] 🔄 Restarting browser for fresh session...
[2025-11-21T10:38:55.299Z] 🔒 Browser closed
[2025-11-21T10:38:55.299Z] 🚀 Initializing browser with anti-detection...
[2025-11-21T10:38:55.621Z] ✅ Browser initialized with stealth mode
[2025-11-21T10:38:55.621Z] 🔍 Processing 2h-axes item 9486 (258/168)
[2025-11-21T10:38:59.611Z] ✅ Collected HTML for item 9486
[2025-11-21T10:39:01.613Z] 🔄 Restarting browser for fresh session...
[2025-11-21T10:39:01.706Z] 🔒 Browser closed
[2025-11-21T10:39:01.706Z] 🚀 Initializing browser with anti-detection...
[2025-11-21T10:39:02.022Z] ✅ Browser initialized with stealth mode
[2025-11-21T10:39:02.022Z] 🔍 Processing 2h-axes item 9626 (259/168)
[2025-11-21T10:39:06.008Z] ✅ Collected HTML for item 9626
[2025-11-21T10:39:08.009Z] 🔄 Restarting browser for fresh session...
[2025-11-21T10:39:08.089Z] 🔒 Browser closed
[2025-11-21T10:39:08.089Z] 🚀 Initializing browser with anti-detection...
[2025-11-21T10:39:08.411Z] ✅ Browser initialized with stealth mode
[2025-11-21T10:39:08.411Z] 🔍 Processing 2h-axes item 10652 (260/168)
[2025-11-21T10:39:12.403Z] ✅ Collected HTML for item 10652
[2025-11-21T10:39:14.404Z] 🔄 Restarting browser for fresh session...
[2025-11-21T10:39:14.491Z] 🔒 Browser closed
[2025-11-21T10:39:14.491Z] 🚀 Initializing browser with anti-detection...
[2025-11-21T10:39:14.809Z] ✅ Browser initialized with stealth mode
[2025-11-21T10:39:14.809Z] 🔍 Processing 2h-axes item 11907 (261/168)
[2025-11-21T10:39:18.798Z] ✅ Collected HTML for item 11907
[2025-11-21T10:39:20.800Z] 🔄 Restarting browser for fresh session...
[2025-11-21T10:39:20.886Z] 🔒 Browser closed
[2025-11-21T10:39:20.886Z] 🚀 Initializing browser with anti-detection...
[2025-11-21T10:39:21.200Z] ✅ Browser initialized with stealth mode
[2025-11-21T10:39:21.200Z] 🔍 Processing 2h-axes item 12000 (262/168)
[2025-11-21T10:39:25.211Z] ✅ Collected HTML for item 12000
[2025-11-21T10:39:27.213Z] 🔄 Restarting browser for fresh session...
[2025-11-21T10:39:27.322Z] 🔒 Browser closed
[2025-11-21T10:39:27.322Z] 🚀 Initializing browser with anti-detection...
[2025-11-21T10:39:27.630Z] ✅ Browser initialized with stealth mode
[2025-11-21T10:39:27.630Z] 🔍 Processing 2h-axes item 12249 (263/168)
[2025-11-21T10:39:31.623Z] ✅ Collected HTML for item 12249
[2025-11-21T10:39:33.624Z] 🔄 Restarting browser for fresh session...
[2025-11-21T10:39:33.724Z] 🔒 Browser closed
[2025-11-21T10:39:33.724Z] 🚀 Initializing browser with anti-detection...
[2025-11-21T10:39:34.044Z] ✅ Browser initialized with stealth mode
[2025-11-21T10:39:34.044Z] 🔍 Processing 2h-axes item 12250 (264/168)
[2025-11-21T10:39:38.035Z] ✅ Collected HTML for item 12250
[2025-11-21T10:39:40.037Z] 🔄 Restarting browser for fresh session...
[2025-11-21T10:39:40.126Z] 🔒 Browser closed
[2025-11-21T10:39:40.126Z] 🚀 Initializing browser with anti-detection...
[2025-11-21T10:39:40.439Z] ✅ Browser initialized with stealth mode
[2025-11-21T10:39:40.440Z] 🔍 Processing 2h-axes item 12775 (265/168)
[2025-11-21T10:39:44.429Z] ✅ Collected HTML for item 12775
[2025-11-21T10:39:46.430Z] 🔄 Restarting browser for fresh session...
[2025-11-21T10:39:46.534Z] 🔒 Browser closed
[2025-11-21T10:39:46.534Z] 🚀 Initializing browser with anti-detection...
[2025-11-21T10:39:46.841Z] ✅ Browser initialized with stealth mode
[2025-11-21T10:39:46.842Z] 🔍 Processing 2h-axes item 13285 (266/168)
[2025-11-21T10:39:50.830Z] ✅ Collected HTML for item 13285
[2025-11-21T10:39:52.832Z] 🔄 Restarting browser for fresh session...
[2025-11-21T10:39:52.918Z] 🔒 Browser closed
[2025-11-21T10:39:52.918Z] 🚀 Initializing browser with anti-detection...
[2025-11-21T10:39:53.233Z] ✅ Browser initialized with stealth mode
[2025-11-21T10:39:53.233Z] 🔍 Processing 2h-axes item 15269 (267/168)
[2025-11-21T10:39:57.229Z] ✅ Collected HTML for item 15269
[2025-11-21T10:39:59.230Z] 🔄 Restarting browser for fresh session...
[2025-11-21T10:39:59.326Z] 🔒 Browser closed
[2025-11-21T10:39:59.326Z] 🚀 Initializing browser with anti-detection...
[2025-11-21T10:39:59.642Z] ✅ Browser initialized with stealth mode
[2025-11-21T10:39:59.642Z] 🔍 Processing 2h-axes item 15270 (268/168)
[2025-11-21T10:40:03.633Z] ✅ Collected HTML for item 15270
[2025-11-21T10:40:05.635Z] 🔄 Restarting browser for fresh session...
[2025-11-21T10:40:05.738Z] 🔒 Browser closed
[2025-11-21T10:40:05.738Z] 🚀 Initializing browser with anti-detection...
[2025-11-21T10:40:06.056Z] ✅ Browser initialized with stealth mode
[2025-11-21T10:40:06.056Z] 🔍 Processing 2h-axes item 15271 (269/168)
[2025-11-21T10:40:10.052Z] ✅ Collected HTML for item 15271
[2025-11-21T10:40:12.054Z] 🔄 Restarting browser for fresh session...
[2025-11-21T10:40:12.147Z] 🔒 Browser closed
[2025-11-21T10:40:12.147Z] 🚀 Initializing browser with anti-detection...
[2025-11-21T10:40:12.466Z] ✅ Browser initialized with stealth mode
[2025-11-21T10:40:12.466Z] 🔍 Processing 2h-axes item 15273 (270/168)
[2025-11-21T10:40:16.464Z] ✅ Collected HTML for item 15273
[2025-11-21T10:40:18.465Z] 🔄 Restarting browser for fresh session...
[2025-11-21T10:40:18.585Z] 🔒 Browser closed
[2025-11-21T10:40:18.585Z] 🚀 Initializing browser with anti-detection...
[2025-11-21T10:40:18.896Z] ✅ Browser initialized with stealth mode
[2025-11-21T10:40:18.896Z] 🔍 Processing 2h-axes item 15424 (271/168)
[2025-11-21T10:40:22.884Z] ✅ Collected HTML for item 15424
[2025-11-21T10:40:24.886Z] 🔄 Restarting browser for fresh session...
[2025-11-21T10:40:24.970Z] 🔒 Browser closed
[2025-11-21T10:40:24.970Z] 🚀 Initializing browser with anti-detection...
[2025-11-21T10:40:25.291Z] ✅ Browser initialized with stealth mode
[2025-11-21T10:40:25.291Z] 🔍 Processing 2h-axes item 18324 (272/168)
[2025-11-21T10:40:29.285Z] ✅ Collected HTML for item 18324
[2025-11-21T10:40:31.287Z] 🔄 Restarting browser for fresh session...
[2025-11-21T10:40:31.376Z] 🔒 Browser closed
[2025-11-21T10:40:31.376Z] 🚀 Initializing browser with anti-detection...
[2025-11-21T10:40:31.702Z] ✅ Browser initialized with stealth mode
[2025-11-21T10:40:31.702Z] 🔍 Processing 2h-axes item 19900 (273/168)
[2025-11-21T10:40:35.690Z] ✅ Collected HTML for item 19900
[2025-11-21T10:40:37.691Z] 🔄 Restarting browser for fresh session...
[2025-11-21T10:40:37.782Z] 🔒 Browser closed
[2025-11-21T10:40:37.782Z] 🚀 Initializing browser with anti-detection...
[2025-11-21T10:40:38.089Z] ✅ Browser initialized with stealth mode
[2025-11-21T10:40:38.090Z] 🔍 Processing 2h-axes item 20238 (274/168)
[2025-11-21T10:40:42.082Z] ✅ Collected HTML for item 20238
[2025-11-21T10:40:44.084Z] 🔄 Restarting browser for fresh session...
[2025-11-21T10:40:44.214Z] 🔒 Browser closed
[2025-11-21T10:40:44.214Z] 🚀 Initializing browser with anti-detection...
[2025-11-21T10:40:44.565Z] ✅ Browser initialized with stealth mode
[2025-11-21T10:40:44.565Z] 🔍 Processing 2h-axes item 20280 (275/168)
[2025-11-21T10:40:48.580Z] ✅ Collected HTML for item 20280
[2025-11-21T10:40:50.582Z] 🔄 Restarting browser for fresh session...
[2025-11-21T10:40:50.674Z] 🔒 Browser closed
[2025-11-21T10:40:50.674Z] 🚀 Initializing browser with anti-detection...
[2025-11-21T10:40:50.954Z] ✅ Browser initialized with stealth mode
[2025-11-21T10:40:50.955Z] 🔍 Processing 2h-axes item 23171 (276/168)
[2025-11-21T10:40:54.948Z] ✅ Collected HTML for item 23171
[2025-11-21T10:40:56.951Z] 🔄 Restarting browser for fresh session...
[2025-11-21T10:40:57.052Z] 🔒 Browser closed
[2025-11-21T10:40:57.052Z] 🚀 Initializing browser with anti-detection...
[2025-11-21T10:40:57.351Z] ✅ Browser initialized with stealth mode
[2025-11-21T10:40:57.352Z] 🔍 Processing 2h-axes item 41295 (277/168)
[2025-11-21T10:41:01.345Z] ✅ Collected HTML for item 41295
[2025-11-21T10:41:03.348Z] 🔄 Restarting browser for fresh session...
[2025-11-21T10:41:03.451Z] 🔒 Browser closed
[2025-11-21T10:41:03.451Z] 🚀 Initializing browser with anti-detection...
[2025-11-21T10:41:03.752Z] ✅ Browser initialized with stealth mode
[2025-11-21T10:41:03.752Z] 🔍 Processing 2h-axes item 58035 (278/168)
[2025-11-21T10:41:07.753Z] ✅ Collected HTML for item 58035
[2025-11-21T10:41:09.754Z] 🔄 Restarting browser for fresh session...
[2025-11-21T10:41:09.853Z] 🔒 Browser closed
[2025-11-21T10:41:09.853Z] 🚀 Initializing browser with anti-detection...
[2025-11-21T10:41:10.151Z] ✅ Browser initialized with stealth mode
[2025-11-21T10:41:10.151Z] 🔍 Processing 2h-axes item 58128 (279/168)
[2025-11-21T10:41:14.153Z] ✅ Collected HTML for item 58128
[2025-11-21T10:41:16.155Z] 🔄 Restarting browser for fresh session...
[2025-11-21T10:41:16.263Z] 🔒 Browser closed
[2025-11-21T10:41:16.263Z] 🚀 Initializing browser with anti-detection...
[2025-11-21T10:41:16.566Z] ✅ Browser initialized with stealth mode
[2025-11-21T10:41:16.566Z] 🔍 Processing 2h-axes item 58130 (280/168)
[2025-11-21T10:41:20.569Z] ✅ Collected HTML for item 58130
[2025-11-21T10:41:22.571Z] 🔄 Restarting browser for fresh session...
[2025-11-21T10:41:22.669Z] 🔒 Browser closed
[2025-11-21T10:41:22.669Z] 🚀 Initializing browser with anti-detection...
[2025-11-21T10:41:22.965Z] ✅ Browser initialized with stealth mode
[2025-11-21T10:41:22.965Z] 🔍 Processing 2h-axes item 58163 (281/168)
[2025-11-21T10:41:26.964Z] ✅ Collected HTML for item 58163
[2025-11-21T10:41:28.966Z] 🔄 Restarting browser for fresh session...
[2025-11-21T10:41:29.072Z] 🔒 Browser closed
[2025-11-21T10:41:29.072Z] 🚀 Initializing browser with anti-detection...
[2025-11-21T10:41:29.418Z] ✅ Browser initialized with stealth mode
[2025-11-21T10:41:29.418Z] 🔍 Processing 2h-axes item 58292 (282/168)
[2025-11-21T10:41:33.415Z] ✅ Collected HTML for item 58292
[2025-11-21T10:41:35.416Z] 🔄 Restarting browser for fresh session...
[2025-11-21T10:41:35.584Z] 🔒 Browser closed
[2025-11-21T10:41:35.585Z] 🚀 Initializing browser with anti-detection...
[2025-11-21T10:41:35.895Z] ✅ Browser initialized with stealth mode
[2025-11-21T10:41:35.895Z] 🔍 Processing 2h-axes item 60616 (283/168)
[2025-11-21T10:41:39.757Z] ✅ Collected HTML for item 60616
[2025-11-21T10:41:41.760Z] 🔄 Restarting browser for fresh session...
[2025-11-21T10:41:41.865Z] 🔒 Browser closed
[2025-11-21T10:41:41.866Z] 🚀 Initializing browser with anti-detection...
[2025-11-21T10:41:42.159Z] ✅ Browser initialized with stealth mode
[2025-11-21T10:41:42.159Z] 🔍 Processing 2h-axes item 70011 (284/168)
[2025-11-21T10:41:46.416Z] ✅ Collected HTML for item 70011
[2025-11-21T10:41:48.418Z] 🔄 Restarting browser for fresh session...
[2025-11-21T10:41:48.525Z] 🔒 Browser closed
[2025-11-21T10:41:48.525Z] 🚀 Initializing browser with anti-detection...
[2025-11-21T10:41:48.826Z] ✅ Browser initialized with stealth mode
[2025-11-21T10:41:48.826Z] 🔍 Processing 2h-axes item 81316 (285/168)
[2025-11-21T10:41:52.685Z] ✅ Collected HTML for item 81316
[2025-11-21T10:41:54.688Z] 🔄 Restarting browser for fresh session...
[2025-11-21T10:41:54.791Z] 🔒 Browser closed
[2025-11-21T10:41:54.792Z] 🚀 Initializing browser with anti-detection...
[2025-11-21T10:41:55.098Z] ✅ Browser initialized with stealth mode
[2025-11-21T10:41:55.098Z] 🔍 Processing 2h-axes item 756 (286/168)
[2025-11-21T10:41:59.671Z] ✅ Collected HTML for item 756
[2025-11-21T10:42:01.674Z] 🔄 Restarting browser for fresh session...
[2025-11-21T10:42:01.780Z] 🔒 Browser closed
[2025-11-21T10:42:01.780Z] 🚀 Initializing browser with anti-detection...
[2025-11-21T10:42:02.082Z] ✅ Browser initialized with stealth mode
[2025-11-21T10:42:02.082Z] 🔍 Processing 2h-axes item 926 (287/168)
[2025-11-21T10:42:05.943Z] ✅ Collected HTML for item 926
[2025-11-21T10:42:07.945Z] 🔄 Restarting browser for fresh session...
[2025-11-21T10:42:08.060Z] 🔒 Browser closed
[2025-11-21T10:42:08.060Z] 🚀 Initializing browser with anti-detection...
[2025-11-21T10:42:08.361Z] ✅ Browser initialized with stealth mode
[2025-11-21T10:42:08.361Z] 🔍 Processing 2h-axes item 1196 (288/168)
[2025-11-21T10:42:12.223Z] ✅ Collected HTML for item 1196
[2025-11-21T10:42:14.225Z] 🔄 Restarting browser for fresh session...
[2025-11-21T10:42:14.322Z] 🔒 Browser closed
[2025-11-21T10:42:14.322Z] 🚀 Initializing browser with anti-detection...
[2025-11-21T10:42:14.620Z] ✅ Browser initialized with stealth mode
[2025-11-21T10:42:14.620Z] 🔍 Processing 2h-axes item 1386 (289/168)
[2025-11-21T10:42:18.626Z] ✅ Collected HTML for item 1386
[2025-11-21T10:42:20.629Z] 🔄 Restarting browser for fresh session...
[2025-11-21T10:42:20.739Z] 🔒 Browser closed
[2025-11-21T10:42:20.740Z] 🚀 Initializing browser with anti-detection...
[2025-11-21T10:42:21.035Z] ✅ Browser initialized with stealth mode
[2025-11-21T10:42:21.035Z] 🔍 Processing 2h-axes item 1417 (290/168)
[2025-11-21T10:42:25.033Z] ✅ Collected HTML for item 1417
[2025-11-21T10:42:27.035Z] 🔄 Restarting browser for fresh session...
[2025-11-21T10:42:27.135Z] 🔒 Browser closed
[2025-11-21T10:42:27.135Z] 🚀 Initializing browser with anti-detection...
[2025-11-21T10:42:27.435Z] ✅ Browser initialized with stealth mode
[2025-11-21T10:42:27.435Z] 🔍 Processing 2h-axes item 1461 (291/168)
[2025-11-21T10:42:36.114Z] ✅ Collected HTML for item 1461
[2025-11-21T10:42:38.116Z] 🔄 Restarting browser for fresh session...
[2025-11-21T10:42:38.228Z] 🔒 Browser closed
[2025-11-21T10:42:38.228Z] 🚀 Initializing browser with anti-detection...
[2025-11-21T10:42:38.527Z] ✅ Browser initialized with stealth mode
[2025-11-21T10:42:38.527Z] 🔍 Processing 2h-axes item 1512 (292/168)
[2025-11-21T10:42:42.522Z] ✅ Collected HTML for item 1512
[2025-11-21T10:42:44.523Z] 🔄 Restarting browser for fresh session...
[2025-11-21T10:42:44.626Z] 🔒 Browser closed
[2025-11-21T10:42:44.626Z] 🚀 Initializing browser with anti-detection...
[2025-11-21T10:42:44.924Z] ✅ Browser initialized with stealth mode
[2025-11-21T10:42:44.924Z] 🔍 Processing 2h-axes item 1640 (293/168)
[2025-11-21T10:42:48.790Z] ✅ Collected HTML for item 1640
[2025-11-21T10:42:50.792Z] 🔄 Restarting browser for fresh session...
[2025-11-21T10:42:50.897Z] 🔒 Browser closed
[2025-11-21T10:42:50.897Z] 🚀 Initializing browser with anti-detection...
[2025-11-21T10:42:51.187Z] ✅ Browser initialized with stealth mode
[2025-11-21T10:42:51.187Z] 🔍 Processing 2h-axes item 1893 (294/168)
[2025-11-21T10:42:55.057Z] ✅ Collected HTML for item 1893
[2025-11-21T10:42:57.060Z] 🔄 Restarting browser for fresh session...
[2025-11-21T10:42:57.159Z] 🔒 Browser closed
[2025-11-21T10:42:57.159Z] 🚀 Initializing browser with anti-detection...
[2025-11-21T10:42:57.447Z] ✅ Browser initialized with stealth mode
[2025-11-21T10:42:57.447Z] 🔍 Processing 2h-axes item 2025 (295/168)
[2025-11-21T10:43:01.442Z] ✅ Collected HTML for item 2025
[2025-11-21T10:43:03.444Z] 🔄 Restarting browser for fresh session...
[2025-11-21T10:43:03.546Z] 🔒 Browser closed
[2025-11-21T10:43:03.546Z] 🚀 Initializing browser with anti-detection...
[2025-11-21T10:43:03.836Z] ✅ Browser initialized with stealth mode
[2025-11-21T10:43:03.836Z] 🔍 Processing 2h-axes item 2175 (296/168)
[2025-11-21T10:43:07.829Z] ✅ Collected HTML for item 2175
[2025-11-21T10:43:09.832Z] 🔄 Restarting browser for fresh session...
[2025-11-21T10:43:09.934Z] 🔒 Browser closed
[2025-11-21T10:43:09.934Z] 🚀 Initializing browser with anti-detection...
[2025-11-21T10:43:10.235Z] ✅ Browser initialized with stealth mode
[2025-11-21T10:43:10.236Z] 🔍 Processing 2h-axes item 2479 (297/168)
[2025-11-21T10:43:14.102Z] ✅ Collected HTML for item 2479
[2025-11-21T10:43:16.105Z] 🔄 Restarting browser for fresh session...
[2025-11-21T10:43:16.210Z] 🔒 Browser closed
[2025-11-21T10:43:16.211Z] 🚀 Initializing browser with anti-detection...
[2025-11-21T10:43:16.508Z] ✅ Browser initialized with stealth mode
[2025-11-21T10:43:16.508Z] 🔍 Processing 2h-axes item 2483 (298/168)
[2025-11-21T10:43:20.513Z] ✅ Collected HTML for item 2483
[2025-11-21T10:43:22.515Z] 🔄 Restarting browser for fresh session...
[2025-11-21T10:43:22.610Z] 🔒 Browser closed
[2025-11-21T10:43:22.610Z] 🚀 Initializing browser with anti-detection...
[2025-11-21T10:43:22.893Z] ✅ Browser initialized with stealth mode
[2025-11-21T10:43:22.893Z] 🔍 Processing 2h-axes item 2491 (299/168)
[2025-11-21T10:43:26.755Z] ✅ Collected HTML for item 2491
[2025-11-21T10:43:28.756Z] 🔄 Restarting browser for fresh session...
[2025-11-21T10:43:28.863Z] 🔒 Browser closed
[2025-11-21T10:43:28.863Z] 🚀 Initializing browser with anti-detection...
[2025-11-21T10:43:29.159Z] ✅ Browser initialized with stealth mode
[2025-11-21T10:43:29.159Z] 🔍 Processing 2h-axes item 2499 (300/168)
[2025-11-21T10:43:33.152Z] ✅ Collected HTML for item 2499
[2025-11-21T10:43:35.155Z] 🔄 Restarting browser for fresh session...
[2025-11-21T10:43:35.251Z] 🔒 Browser closed
[2025-11-21T10:43:35.251Z] 🚀 Initializing browser with anti-detection...
[2025-11-21T10:43:35.554Z] ✅ Browser initialized with stealth mode
[2025-11-21T10:43:35.554Z] 🔍 Processing 2h-axes item 2523 (301/168)
[2025-11-21T10:43:39.548Z] ✅ Collected HTML for item 2523
[2025-11-21T10:43:41.550Z] 🔄 Restarting browser for fresh session...
[2025-11-21T10:43:41.657Z] 🔒 Browser closed
[2025-11-21T10:43:41.657Z] 🚀 Initializing browser with anti-detection...
[2025-11-21T10:43:41.954Z] ✅ Browser initialized with stealth mode
[2025-11-21T10:43:41.954Z] 🔍 Processing 2h-axes item 2531 (302/168)
[2025-11-21T10:43:45.820Z] ✅ Collected HTML for item 2531
[2025-11-21T10:43:47.824Z] 🔄 Restarting browser for fresh session...
[2025-11-21T10:43:47.921Z] 🔒 Browser closed
[2025-11-21T10:43:47.921Z] 🚀 Initializing browser with anti-detection...
[2025-11-21T10:43:48.218Z] ✅ Browser initialized with stealth mode
[2025-11-21T10:43:48.219Z] 🔍 Processing 2h-axes item 2823 (303/168)
[2025-11-21T10:43:52.079Z] ✅ Collected HTML for item 2823
[2025-11-21T10:43:54.082Z] 🔄 Restarting browser for fresh session...
[2025-11-21T10:43:54.175Z] 🔒 Browser closed
[2025-11-21T10:43:54.175Z] 🚀 Initializing browser with anti-detection...
[2025-11-21T10:43:54.466Z] ✅ Browser initialized with stealth mode
[2025-11-21T10:43:54.466Z] 🔍 Processing 2h-axes item 3189 (304/168)
[2025-11-21T10:43:58.460Z] ✅ Collected HTML for item 3189
[2025-11-21T10:44:00.461Z] 🔄 Restarting browser for fresh session...
[2025-11-21T10:44:00.561Z] 🔒 Browser closed
[2025-11-21T10:44:00.561Z] 🚀 Initializing browser with anti-detection...
[2025-11-21T10:44:00.847Z] ✅ Browser initialized with stealth mode
[2025-11-21T10:44:00.847Z] 🔍 Processing 2h-axes item 3325 (305/168)
[2025-11-21T10:44:04.841Z] ✅ Collected HTML for item 3325
[2025-11-21T10:44:06.844Z] 🔄 Restarting browser for fresh session...
[2025-11-21T10:44:06.948Z] 🔒 Browser closed
[2025-11-21T10:44:06.948Z] 🚀 Initializing browser with anti-detection...
[2025-11-21T10:44:07.249Z] ✅ Browser initialized with stealth mode
[2025-11-21T10:44:07.249Z] 🔍 Processing 2h-axes item 3779 (306/168)
[2025-11-21T10:44:11.257Z] ✅ Collected HTML for item 3779
[2025-11-21T10:44:13.258Z] 🔄 Restarting browser for fresh session...
[2025-11-21T10:44:13.360Z] 🔒 Browser closed
[2025-11-21T10:44:13.361Z] 🚀 Initializing browser with anti-detection...
[2025-11-21T10:44:13.651Z] ✅ Browser initialized with stealth mode
[2025-11-21T10:44:13.651Z] 🔍 Processing 2h-axes item 3856 (307/168)
[2025-11-21T10:44:17.517Z] ✅ Collected HTML for item 3856
[2025-11-21T10:44:19.520Z] 🔄 Restarting browser for fresh session...
[2025-11-21T10:44:19.612Z] 🔒 Browser closed
[2025-11-21T10:44:19.612Z] 🚀 Initializing browser with anti-detection...
[2025-11-21T10:44:19.900Z] ✅ Browser initialized with stealth mode
[2025-11-21T10:44:19.900Z] 🔍 Processing 2h-axes item 4562 (308/168)
[2025-11-21T10:44:23.902Z] ✅ Collected HTML for item 4562
[2025-11-21T10:44:25.903Z] 🔄 Restarting browser for fresh session...
[2025-11-21T10:44:26.017Z] 🔒 Browser closed
[2025-11-21T10:44:26.017Z] 🚀 Initializing browser with anti-detection...
[2025-11-21T10:44:26.315Z] ✅ Browser initialized with stealth mode
[2025-11-21T10:44:26.315Z] 🔍 Processing 2h-axes item 5318 (309/168)
[2025-11-21T10:44:30.309Z] ✅ Collected HTML for item 5318
[2025-11-21T10:44:32.312Z] 🔄 Restarting browser for fresh session...
[2025-11-21T10:44:32.413Z] 🔒 Browser closed
[2025-11-21T10:44:32.414Z] 🚀 Initializing browser with anti-detection...
[2025-11-21T10:44:32.706Z] ✅ Browser initialized with stealth mode
[2025-11-21T10:44:32.706Z] 🔍 Processing 2h-axes item 5626 (310/168)
[2025-11-21T10:44:36.707Z] ✅ Collected HTML for item 5626
[2025-11-21T10:44:38.708Z] 🔄 Restarting browser for fresh session...
[2025-11-21T10:44:38.811Z] 🔒 Browser closed
[2025-11-21T10:44:38.811Z] 🚀 Initializing browser with anti-detection...
[2025-11-21T10:44:39.106Z] ✅ Browser initialized with stealth mode
[2025-11-21T10:44:39.106Z] 🔍 Processing 2h-axes item 5749 (311/168)
[2025-11-21T10:44:43.098Z] ✅ Collected HTML for item 5749
[2025-11-21T10:44:45.100Z] 🔄 Restarting browser for fresh session...
[2025-11-21T10:44:45.195Z] 🔒 Browser closed
[2025-11-21T10:44:45.195Z] 🚀 Initializing browser with anti-detection...
[2025-11-21T10:44:45.483Z] ✅ Browser initialized with stealth mode
[2025-11-21T10:44:45.483Z] 🔍 Processing 2h-axes item 5777 (312/168)
[2025-11-21T10:44:49.477Z] ✅ Collected HTML for item 5777
[2025-11-21T10:44:51.479Z] 🔄 Restarting browser for fresh session...
[2025-11-21T10:44:51.583Z] 🔒 Browser closed
[2025-11-21T10:44:51.583Z] 🚀 Initializing browser with anti-detection...
[2025-11-21T10:44:51.875Z] ✅ Browser initialized with stealth mode
[2025-11-21T10:44:51.875Z] 🔍 Processing 2h-axes item 6094 (313/168)
[2025-11-21T10:44:55.737Z] ✅ Collected HTML for item 6094
[2025-11-21T10:44:57.739Z] 🔄 Restarting browser for fresh session...
[2025-11-21T10:44:57.827Z] 🔒 Browser closed
[2025-11-21T10:44:57.827Z] 🚀 Initializing browser with anti-detection...
[2025-11-21T10:44:58.119Z] ✅ Browser initialized with stealth mode
[2025-11-21T10:44:58.119Z] 🔍 Processing 2h-axes item 6206 (314/168)
[2025-11-21T10:45:02.121Z] ✅ Collected HTML for item 6206
[2025-11-21T10:45:04.123Z] 🔄 Restarting browser for fresh session...
[2025-11-21T10:45:04.233Z] 🔒 Browser closed
[2025-11-21T10:45:04.233Z] 🚀 Initializing browser with anti-detection...
[2025-11-21T10:45:04.530Z] ✅ Browser initialized with stealth mode
[2025-11-21T10:45:04.531Z] 🔍 Processing 2h-axes item 6905 (315/168)
[2025-11-21T10:45:08.521Z] ✅ Collected HTML for item 6905
[2025-11-21T10:45:10.523Z] 🔄 Restarting browser for fresh session...
[2025-11-21T10:45:10.621Z] 🔒 Browser closed
[2025-11-21T10:45:10.621Z] 🚀 Initializing browser with anti-detection...
[2025-11-21T10:45:10.918Z] ✅ Browser initialized with stealth mode
[2025-11-21T10:45:10.919Z] 🔍 Processing 2h-axes item 7958 (316/168)
[2025-11-21T10:45:14.911Z] ✅ Collected HTML for item 7958
[2025-11-21T10:45:16.914Z] 🔄 Restarting browser for fresh session...
[2025-11-21T10:45:17.018Z] 🔒 Browser closed
[2025-11-21T10:45:17.018Z] 🚀 Initializing browser with anti-detection...
[2025-11-21T10:45:17.314Z] ✅ Browser initialized with stealth mode
[2025-11-21T10:45:17.314Z] 🔍 Processing 2h-axes item 9521 (317/168)
[2025-11-21T10:45:21.315Z] ✅ Collected HTML for item 9521
[2025-11-21T10:45:23.317Z] 🔄 Restarting browser for fresh session...
[2025-11-21T10:45:23.427Z] 🔒 Browser closed
[2025-11-21T10:45:23.427Z] 🚀 Initializing browser with anti-detection...
[2025-11-21T10:45:23.721Z] ✅ Browser initialized with stealth mode
[2025-11-21T10:45:23.721Z] 🔍 Processing 2h-axes item 9679 (318/168)
[2025-11-21T10:45:27.714Z] ✅ Collected HTML for item 9679
[2025-11-21T10:45:29.717Z] 🔄 Restarting browser for fresh session...
[2025-11-21T10:45:29.822Z] 🔒 Browser closed
[2025-11-21T10:45:29.822Z] 🚀 Initializing browser with anti-detection...
[2025-11-21T10:45:30.109Z] ✅ Browser initialized with stealth mode
[2025-11-21T10:45:30.109Z] 🔍 Processing 2h-axes item 9685 (319/168)
[2025-11-21T10:45:34.111Z] ✅ Collected HTML for item 9685
[2025-11-21T10:45:36.114Z] 🔄 Restarting browser for fresh session...
[2025-11-21T10:45:36.211Z] 🔒 Browser closed
[2025-11-21T10:45:36.211Z] 🚀 Initializing browser with anti-detection...
[2025-11-21T10:45:36.505Z] ✅ Browser initialized with stealth mode
[2025-11-21T10:45:36.505Z] 🔍 Processing 2h-axes item 12282 (320/168)
[2025-11-21T10:45:40.503Z] ✅ Collected HTML for item 12282
[2025-11-21T10:45:42.505Z] 🔄 Restarting browser for fresh session...
[2025-11-21T10:45:42.600Z] 🔒 Browser closed
[2025-11-21T10:45:42.600Z] 🚀 Initializing browser with anti-detection...
[2025-11-21T10:45:42.887Z] ✅ Browser initialized with stealth mode
[2025-11-21T10:45:42.887Z] 🔍 Processing 2h-axes item 12294 (321/168)
[2025-11-21T10:45:46.887Z] ✅ Collected HTML for item 12294
[2025-11-21T10:45:48.889Z] 🔄 Restarting browser for fresh session...
[2025-11-21T10:45:48.994Z] 🔒 Browser closed
[2025-11-21T10:45:48.994Z] 🚀 Initializing browser with anti-detection...
[2025-11-21T10:45:49.287Z] ✅ Browser initialized with stealth mode
[2025-11-21T10:45:49.287Z] 🔍 Processing 2h-axes item 12461 (322/168)
[2025-11-21T10:45:53.288Z] ✅ Collected HTML for item 12461
[2025-11-21T10:45:55.291Z] 🔄 Restarting browser for fresh session...
[2025-11-21T10:45:55.394Z] 🔒 Browser closed
[2025-11-21T10:45:55.394Z] 🚀 Initializing browser with anti-detection...
[2025-11-21T10:45:55.690Z] ✅ Browser initialized with stealth mode
[2025-11-21T10:45:55.691Z] 🔍 Processing 2h-axes item 13706 (323/168)
[2025-11-21T10:45:59.685Z] ✅ Collected HTML for item 13706
[2025-11-21T10:46:01.687Z] 🔄 Restarting browser for fresh session...
[2025-11-21T10:46:01.792Z] 🔒 Browser closed
[2025-11-21T10:46:01.792Z] 🚀 Initializing browser with anti-detection...
[2025-11-21T10:46:02.092Z] ✅ Browser initialized with stealth mode
[2025-11-21T10:46:02.092Z] 🔍 Processing 2h-axes item 13819 (324/168)
[2025-11-21T10:46:06.101Z] ✅ Collected HTML for item 13819
[2025-11-21T10:46:08.104Z] 🔄 Restarting browser for fresh session...
[2025-11-21T10:46:08.218Z] 🔒 Browser closed
[2025-11-21T10:46:08.219Z] 🚀 Initializing browser with anti-detection...
[2025-11-21T10:46:08.509Z] ✅ Browser initialized with stealth mode
[2025-11-21T10:46:08.510Z] 🔍 Processing 2h-axes item 14643 (325/168)
[2025-11-21T10:46:12.511Z] ✅ Collected HTML for item 14643
[2025-11-21T10:46:14.515Z] 🔄 Restarting browser for fresh session...
[2025-11-21T10:46:14.620Z] 🔒 Browser closed
[2025-11-21T10:46:14.620Z] 🚀 Initializing browser with anti-detection...
[2025-11-21T10:46:14.898Z] ✅ Browser initialized with stealth mode
[2025-11-21T10:46:14.898Z] 🔍 Processing 2h-axes item 14870 (326/168)
[2025-11-21T10:46:18.903Z] ✅ Collected HTML for item 14870
[2025-11-21T10:46:20.907Z] 🔄 Restarting browser for fresh session...
[2025-11-21T10:46:21.019Z] 🔒 Browser closed
[2025-11-21T10:46:21.019Z] 🚀 Initializing browser with anti-detection...
[2025-11-21T10:46:21.320Z] ✅ Browser initialized with stealth mode
[2025-11-21T10:46:21.321Z] 🔍 Processing 2h-axes item 15268 (327/168)
[2025-11-21T10:46:25.319Z] ✅ Collected HTML for item 15268
[2025-11-21T10:46:27.322Z] 🔄 Restarting browser for fresh session...
[2025-11-21T10:46:27.424Z] 🔒 Browser closed
[2025-11-21T10:46:27.424Z] 🚀 Initializing browser with anti-detection...
[2025-11-21T10:46:27.724Z] ✅ Browser initialized with stealth mode
[2025-11-21T10:46:27.724Z] 🔍 Processing 2h-axes item 15272 (328/168)
[2025-11-21T10:46:31.728Z] ✅ Collected HTML for item 15272
[2025-11-21T10:46:33.731Z] 🔄 Restarting browser for fresh session...
[2025-11-21T10:46:33.829Z] 🔒 Browser closed
[2025-11-21T10:46:33.829Z] 🚀 Initializing browser with anti-detection...
[2025-11-21T10:46:34.129Z] ✅ Browser initialized with stealth mode
[2025-11-21T10:46:34.129Z] 🔍 Processing 2h-axes item 17383 (329/168)
[2025-11-21T10:46:38.123Z] ✅ Collected HTML for item 17383
[2025-11-21T10:46:40.127Z] 🔄 Restarting browser for fresh session...
[2025-11-21T10:46:40.232Z] 🔒 Browser closed
[2025-11-21T10:46:40.232Z] 🚀 Initializing browser with anti-detection...
[2025-11-21T10:46:40.526Z] ✅ Browser initialized with stealth mode
[2025-11-21T10:46:40.526Z] 🔍 Processing 2h-axes item 17463 (330/168)
[2025-11-21T10:46:44.528Z] ✅ Collected HTML for item 17463
[2025-11-21T10:46:46.530Z] 🔄 Restarting browser for fresh session...
[2025-11-21T10:46:46.629Z] 🔒 Browser closed
[2025-11-21T10:46:46.630Z] 🚀 Initializing browser with anti-detection...
[2025-11-21T10:46:46.924Z] ✅ Browser initialized with stealth mode
[2025-11-21T10:46:46.924Z] 🔍 Processing 2h-axes item 21580 (331/168)
[2025-11-21T10:46:50.784Z] ✅ Collected HTML for item 21580
[2025-11-21T10:46:52.788Z] 🔄 Restarting browser for fresh session...
[2025-11-21T10:46:52.896Z] 🔒 Browser closed
[2025-11-21T10:46:52.896Z] 🚀 Initializing browser with anti-detection...
[2025-11-21T10:46:53.193Z] ✅ Browser initialized with stealth mode
[2025-11-21T10:46:53.193Z] 🔍 Processing 2h-axes item 22199 (332/168)
[2025-11-21T10:46:57.193Z] ✅ Collected HTML for item 22199
[2025-11-21T10:46:59.196Z] 🔄 Restarting browser for fresh session...
[2025-11-21T10:46:59.308Z] 🔒 Browser closed
[2025-11-21T10:46:59.308Z] 🚀 Initializing browser with anti-detection...
[2025-11-21T10:46:59.603Z] ✅ Browser initialized with stealth mode
[2025-11-21T10:46:59.604Z] 🔍 Processing 2h-axes item 41048 (333/168)
[2025-11-21T10:47:03.594Z] ✅ Collected HTML for item 41048
[2025-11-21T10:47:05.597Z] 🔄 Restarting browser for fresh session...
[2025-11-21T10:47:05.699Z] 🔒 Browser closed
[2025-11-21T10:47:05.699Z] 🚀 Initializing browser with anti-detection...
[2025-11-21T10:47:06.004Z] ✅ Browser initialized with stealth mode
[2025-11-21T10:47:06.005Z] 🔍 Processing 2h-axes item 51892 (334/168)
[2025-11-21T10:47:10.002Z] ✅ Collected HTML for item 51892
[2025-11-21T10:47:12.004Z] 🔄 Restarting browser for fresh session...
[2025-11-21T10:47:12.104Z] 🔒 Browser closed
[2025-11-21T10:47:12.104Z] 🚀 Initializing browser with anti-detection...
[2025-11-21T10:47:12.397Z] ✅ Browser initialized with stealth mode
[2025-11-21T10:47:12.397Z] 🔍 Processing 2h-axes item 60701 (335/168)
[2025-11-21T10:47:16.404Z] ✅ Collected HTML for item 60701
[2025-11-21T10:47:18.407Z] 🔄 Restarting browser for fresh session...
[2025-11-21T10:47:18.521Z] 🔒 Browser closed
[2025-11-21T10:47:18.521Z] 🚀 Initializing browser with anti-detection...
[2025-11-21T10:47:18.815Z] ✅ Browser initialized with stealth mode
[2025-11-21T10:47:18.815Z] 🔍 Processing 2h-axes item 1812 (336/168)
[2025-11-21T10:47:22.687Z] ✅ Collected HTML for item 1812
[2025-11-21T10:47:24.690Z] 🔄 Restarting browser for fresh session...
[2025-11-21T10:47:24.803Z] 🔒 Browser closed
[2025-11-21T10:47:24.803Z] 🚀 Initializing browser with anti-detection...
[2025-11-21T10:47:25.104Z] ✅ Browser initialized with stealth mode
[2025-11-21T10:47:25.104Z] 🔍 Processing 2h-axes item 1824 (337/168)
[2025-11-21T10:47:29.121Z] ✅ Collected HTML for item 1824
[2025-11-21T10:47:31.123Z] 🔄 Restarting browser for fresh session...
[2025-11-21T10:47:31.231Z] 🔒 Browser closed
[2025-11-21T10:47:31.231Z] 🚀 Initializing browser with anti-detection...
[2025-11-21T10:47:31.518Z] ✅ Browser initialized with stealth mode
[2025-11-21T10:47:31.518Z] 🔍 Processing 2h-axes item 1828 (338/168)
[2025-11-21T10:47:35.530Z] ✅ Collected HTML for item 1828
[2025-11-21T10:47:37.533Z] 🔄 Restarting browser for fresh session...
[2025-11-21T10:47:37.636Z] 🔒 Browser closed
[2025-11-21T10:47:37.636Z] 🚀 Initializing browser with anti-detection...
[2025-11-21T10:47:37.945Z] ✅ Browser initialized with stealth mode
[2025-11-21T10:47:37.945Z] 🔍 Processing 2h-axes item 4020 (339/168)
[2025-11-21T10:47:41.948Z] ✅ Collected HTML for item 4020
[2025-11-21T10:47:43.948Z] 🔄 Restarting browser for fresh session...
[2025-11-21T10:47:44.054Z] 🔒 Browser closed
[2025-11-21T10:47:44.054Z] 🚀 Initializing browser with anti-detection...
[2025-11-21T10:47:44.351Z] ✅ Browser initialized with stealth mode
[2025-11-21T10:47:44.352Z] 🔍 Processing 2h-axes item 5287 (340/168)
[2025-11-21T10:47:48.347Z] ✅ Collected HTML for item 5287
[2025-11-21T10:47:50.350Z] 🔄 Restarting browser for fresh session...
[2025-11-21T10:47:50.457Z] 🔒 Browser closed
[2025-11-21T10:47:50.457Z] 🚀 Initializing browser with anti-detection...
[2025-11-21T10:47:50.758Z] ✅ Browser initialized with stealth mode
[2025-11-21T10:47:50.758Z] 🔍 Processing 2h-axes item 5288 (341/168)
[2025-11-21T10:47:54.755Z] ✅ Collected HTML for item 5288
[2025-11-21T10:47:56.758Z] 🔄 Restarting browser for fresh session...
[2025-11-21T10:47:56.861Z] 🔒 Browser closed
[2025-11-21T10:47:56.861Z] 🚀 Initializing browser with anti-detection...
[2025-11-21T10:47:57.152Z] ✅ Browser initialized with stealth mode
[2025-11-21T10:47:57.152Z] 🔍 Processing 2h-axes item 5289 (342/168)
[2025-11-21T10:48:01.146Z] ✅ Collected HTML for item 5289
[2025-11-21T10:48:03.148Z] 🔄 Restarting browser for fresh session...
[2025-11-21T10:48:03.254Z] 🔒 Browser closed
[2025-11-21T10:48:03.254Z] 🚀 Initializing browser with anti-detection...
[2025-11-21T10:48:03.540Z] ✅ Browser initialized with stealth mode
[2025-11-21T10:48:03.540Z] 🔍 Processing 2h-axes item 7612 (343/168)
[2025-11-21T10:48:07.536Z] ✅ Collected HTML for item 7612
[2025-11-21T10:48:09.540Z] 🔄 Restarting browser for fresh session...
[2025-11-21T10:48:09.634Z] 🔒 Browser closed
[2025-11-21T10:48:09.635Z] 🚀 Initializing browser with anti-detection...
[2025-11-21T10:48:09.932Z] ✅ Browser initialized with stealth mode
[2025-11-21T10:48:09.932Z] 🔍 Processing 2h-axes item 11317 (344/168)
[2025-11-21T10:48:13.925Z] ✅ Collected HTML for item 11317
[2025-11-21T10:48:15.928Z] 🔄 Restarting browser for fresh session...
[2025-11-21T10:48:16.032Z] 🔒 Browser closed
[2025-11-21T10:48:16.032Z] 🚀 Initializing browser with anti-detection...
[2025-11-21T10:48:16.330Z] ✅ Browser initialized with stealth mode
[2025-11-21T10:48:16.330Z] 🔍 Processing 2h-axes item 11342 (345/168)
[2025-11-21T10:48:20.331Z] ✅ Collected HTML for item 11342
[2025-11-21T10:48:22.335Z] 🔄 Restarting browser for fresh session...
[2025-11-21T10:48:22.444Z] 🔒 Browser closed
[2025-11-21T10:48:22.444Z] 🚀 Initializing browser with anti-detection...
[2025-11-21T10:48:22.740Z] ✅ Browser initialized with stealth mode
[2025-11-21T10:48:22.740Z] 🔍 Processing 2h-axes item 12285 (346/168)
[2025-11-21T10:48:26.748Z] ✅ Collected HTML for item 12285
[2025-11-21T10:48:28.751Z] 🔄 Restarting browser for fresh session...
[2025-11-21T10:48:28.862Z] 🔒 Browser closed
[2025-11-21T10:48:28.862Z] 🚀 Initializing browser with anti-detection...
[2025-11-21T10:48:29.168Z] ✅ Browser initialized with stealth mode
[2025-11-21T10:48:29.169Z] 🔍 Processing 2h-axes item 12754 (347/168)
[2025-11-21T10:48:33.171Z] ✅ Collected HTML for item 12754
[2025-11-21T10:48:35.175Z] 🔄 Restarting browser for fresh session...
[2025-11-21T10:48:35.279Z] 🔒 Browser closed
[2025-11-21T10:48:35.280Z] 🚀 Initializing browser with anti-detection...
[2025-11-21T10:48:35.578Z] ✅ Browser initialized with stealth mode
[2025-11-21T10:48:35.578Z] 🔍 Processing 2h-axes item 12951 (348/168)
[2025-11-21T10:48:39.579Z] ✅ Collected HTML for item 12951
[2025-11-21T10:48:41.582Z] 🔄 Restarting browser for fresh session...
[2025-11-21T10:48:41.680Z] 🔒 Browser closed
[2025-11-21T10:48:41.680Z] 🚀 Initializing browser with anti-detection...
[2025-11-21T10:48:41.972Z] ✅ Browser initialized with stealth mode
[2025-11-21T10:48:41.972Z] 🔍 Processing 2h-axes item 14475 (349/168)
[2025-11-21T10:48:45.968Z] ✅ Collected HTML for item 14475
[2025-11-21T10:48:47.971Z] 🔄 Restarting browser for fresh session...
[2025-11-21T10:48:48.080Z] 🔒 Browser closed
[2025-11-21T10:48:48.080Z] 🚀 Initializing browser with anti-detection...
[2025-11-21T10:48:48.379Z] ✅ Browser initialized with stealth mode
[2025-11-21T10:48:48.380Z] 🔍 Processing 2h-axes item 18002 (350/168)
[2025-11-21T10:48:52.380Z] ✅ Collected HTML for item 18002
[2025-11-21T10:48:54.382Z] 🔄 Restarting browser for fresh session...
[2025-11-21T10:48:54.487Z] 🔒 Browser closed
[2025-11-21T10:48:54.487Z] 🚀 Initializing browser with anti-detection...
[2025-11-21T10:48:54.787Z] ✅ Browser initialized with stealth mode
[2025-11-21T10:48:54.788Z] 🔍 Processing 2h-axes item 18419 (351/168)
[2025-11-21T10:48:59.009Z] ✅ Collected HTML for item 18419
[2025-11-21T10:49:01.013Z] 🔄 Restarting browser for fresh session...
[2025-11-21T10:49:01.108Z] 🔒 Browser closed
[2025-11-21T10:49:01.108Z] 🚀 Initializing browser with anti-detection...
[2025-11-21T10:49:01.396Z] ✅ Browser initialized with stealth mode
[2025-11-21T10:49:01.396Z] 🔍 Processing 2h-axes item 21192 (352/168)
[2025-11-21T10:49:05.395Z] ✅ Collected HTML for item 21192
[2025-11-21T10:49:07.399Z] 🔄 Restarting browser for fresh session...
[2025-11-21T10:49:07.499Z] 🔒 Browser closed
[2025-11-21T10:49:07.499Z] 🚀 Initializing browser with anti-detection...
[2025-11-21T10:49:07.800Z] ✅ Browser initialized with stealth mode
[2025-11-21T10:49:07.800Z] 🔍 Processing 2h-axes item 21286 (353/168)
[2025-11-21T10:49:11.802Z] ✅ Collected HTML for item 21286
[2025-11-21T10:49:13.807Z] ✅ 2h-axes HTML collection complete!
[2025-11-21T10:49:13.807Z] 📊 Successfully processed: 353
[2025-11-21T10:49:13.808Z] ❌ Failed: 1
[2025-11-21T10:49:16.812Z] 📁 Loaded 143 IDs from turtle_db/items-2.2.json
[2025-11-21T10:49:16.813Z] 
🎯 Processing bows (2.2)
[2025-11-21T10:49:16.813Z] 📊 Total IDs to process: 143
[2025-11-21T10:49:16.815Z] 📦 Already collected: 352
[2025-11-21T10:49:16.815Z] ⏳ Remaining to process: 143
[2025-11-21T10:49:16.815Z] 🔍 Processing bows item 2824 (353/143)
[2025-11-21T10:49:21.503Z] ⏳ Cloudflare protection detected for item 2824, waiting...
[2025-11-21T10:49:31.509Z] ⚠️ No main-contents found for item 2824
[2025-11-21T10:49:33.514Z] 🔄 Restarting browser for fresh session...
[2025-11-21T10:49:33.628Z] 🔒 Browser closed
[2025-11-21T10:49:33.628Z] 🚀 Initializing browser with anti-detection...
[2025-11-21T10:49:33.952Z] ✅ Browser initialized with stealth mode
[2025-11-21T10:49:33.952Z] 🔍 Processing bows item 2825 (354/143)
[2025-11-21T10:49:37.827Z] ✅ Collected HTML for item 2825
[2025-11-21T10:49:39.828Z] 🔄 Restarting browser for fresh session...
[2025-11-21T10:49:39.919Z] 🔒 Browser closed
[2025-11-21T10:49:39.919Z] 🚀 Initializing browser with anti-detection...
[2025-11-21T10:49:40.212Z] ✅ Browser initialized with stealth mode
[2025-11-21T10:49:40.212Z] 🔍 Processing bows item 3021 (355/143)
[2025-11-21T10:49:44.220Z] ✅ Collected HTML for item 3021
[2025-11-21T10:49:46.222Z] 🔄 Restarting browser for fresh session...
[2025-11-21T10:49:46.333Z] 🔒 Browser closed
[2025-11-21T10:49:46.333Z] 🚀 Initializing browser with anti-detection...
[2025-11-21T10:49:46.639Z] ✅ Browser initialized with stealth mode
[2025-11-21T10:49:46.639Z] 🔍 Processing bows item 6696 (356/143)
[2025-11-21T10:49:50.642Z] ✅ Collected HTML for item 6696
[2025-11-21T10:49:52.644Z] 🔄 Restarting browser for fresh session...
[2025-11-21T10:49:52.753Z] 🔒 Browser closed
[2025-11-21T10:49:52.753Z] 🚀 Initializing browser with anti-detection...
[2025-11-21T10:49:53.044Z] ✅ Browser initialized with stealth mode
[2025-11-21T10:49:53.044Z] 🔍 Processing bows item 9426 (357/143)
[2025-11-21T10:49:56.908Z] ✅ Collected HTML for item 9426
[2025-11-21T10:49:58.911Z] 🔄 Restarting browser for fresh session...
[2025-11-21T10:49:59.020Z] 🔒 Browser closed
[2025-11-21T10:49:59.020Z] 🚀 Initializing browser with anti-detection...
[2025-11-21T10:49:59.327Z] ✅ Browser initialized with stealth mode
[2025-11-21T10:49:59.328Z] 🔍 Processing bows item 10567 (358/143)
[2025-11-21T10:50:03.889Z] ✅ Collected HTML for item 10567
[2025-11-21T10:50:05.893Z] 🔄 Restarting browser for fresh session...
[2025-11-21T10:50:06.008Z] 🔒 Browser closed
[2025-11-21T10:50:06.008Z] 🚀 Initializing browser with anti-detection...
[2025-11-21T10:50:06.307Z] ✅ Browser initialized with stealth mode
[2025-11-21T10:50:06.307Z] 🔍 Processing bows item 11628 (359/143)
[2025-11-21T10:50:10.303Z] ✅ Collected HTML for item 11628
[2025-11-21T10:50:12.307Z] 🔄 Restarting browser for fresh session...
[2025-11-21T10:50:12.414Z] 🔒 Browser closed
[2025-11-21T10:50:12.414Z] 🚀 Initializing browser with anti-detection...
[2025-11-21T10:50:12.708Z] ✅ Browser initialized with stealth mode
[2025-11-21T10:50:12.708Z] 🔍 Processing bows item 12653 (360/143)
[2025-11-21T10:50:16.708Z] ✅ Collected HTML for item 12653
[2025-11-21T10:50:18.711Z] 🔄 Restarting browser for fresh session...
[2025-11-21T10:50:18.815Z] 🔒 Browser closed
[2025-11-21T10:50:18.815Z] 🚀 Initializing browser with anti-detection...
[2025-11-21T10:50:19.115Z] ✅ Browser initialized with stealth mode
[2025-11-21T10:50:19.115Z] 🔍 Processing bows item 13019 (361/143)
[2025-11-21T10:50:23.121Z] ✅ Collected HTML for item 13019
[2025-11-21T10:50:25.124Z] 🔄 Restarting browser for fresh session...
[2025-11-21T10:50:25.230Z] 🔒 Browser closed
[2025-11-21T10:50:25.230Z] 🚀 Initializing browser with anti-detection...
[2025-11-21T10:50:25.519Z] ✅ Browser initialized with stealth mode
[2025-11-21T10:50:25.519Z] 🔍 Processing bows item 13021 (362/143)
[2025-11-21T10:50:29.391Z] ✅ Collected HTML for item 13021
[2025-11-21T10:50:31.393Z] 🔄 Restarting browser for fresh session...
[2025-11-21T10:50:31.509Z] 🔒 Browser closed
[2025-11-21T10:50:31.509Z] 🚀 Initializing browser with anti-detection...
[2025-11-21T10:50:31.810Z] ✅ Browser initialized with stealth mode
[2025-11-21T10:50:31.811Z] 🔍 Processing bows item 13022 (363/143)
[2025-11-21T10:50:35.816Z] ✅ Collected HTML for item 13022
[2025-11-21T10:50:37.819Z] 🔄 Restarting browser for fresh session...
[2025-11-21T10:50:37.935Z] 🔒 Browser closed
[2025-11-21T10:50:37.935Z] 🚀 Initializing browser with anti-detection...
[2025-11-21T10:50:38.240Z] ✅ Browser initialized with stealth mode
[2025-11-21T10:50:38.240Z] 🔍 Processing bows item 13023 (364/143)
[2025-11-21T10:50:42.238Z] ✅ Collected HTML for item 13023
[2025-11-21T10:50:44.240Z] 🔄 Restarting browser for fresh session...
[2025-11-21T10:50:44.347Z] 🔒 Browser closed
[2025-11-21T10:50:44.347Z] 🚀 Initializing browser with anti-detection...
[2025-11-21T10:50:44.638Z] ✅ Browser initialized with stealth mode
[2025-11-21T10:50:44.638Z] 🔍 Processing bows item 16996 (365/143)
[2025-11-21T10:50:48.636Z] ✅ Collected HTML for item 16996
[2025-11-21T10:50:50.640Z] 🔄 Restarting browser for fresh session...
[2025-11-21T10:50:50.742Z] 🔒 Browser closed
[2025-11-21T10:50:50.743Z] 🚀 Initializing browser with anti-detection...
[2025-11-21T10:50:51.038Z] ✅ Browser initialized with stealth mode
[2025-11-21T10:50:51.038Z] 🔍 Processing bows item 17069 (366/143)
[2025-11-21T10:50:55.041Z] ✅ Collected HTML for item 17069
[2025-11-21T10:50:57.044Z] 🔄 Restarting browser for fresh session...
[2025-11-21T10:50:57.150Z] 🔒 Browser closed
[2025-11-21T10:50:57.150Z] 🚀 Initializing browser with anti-detection...
[2025-11-21T10:50:57.442Z] ✅ Browser initialized with stealth mode
[2025-11-21T10:50:57.442Z] 🔍 Processing bows item 18680 (367/143)
[2025-11-21T10:51:01.312Z] ✅ Collected HTML for item 18680
[2025-11-21T10:51:03.315Z] 🔄 Restarting browser for fresh session...
[2025-11-21T10:51:03.417Z] 🔒 Browser closed
[2025-11-21T10:51:03.417Z] 🚀 Initializing browser with anti-detection...
[2025-11-21T10:51:03.702Z] ✅ Browser initialized with stealth mode
[2025-11-21T10:51:03.702Z] 🔍 Processing bows item 18713 (368/143)
[2025-11-21T10:51:07.578Z] ✅ Collected HTML for item 18713
[2025-11-21T10:51:09.581Z] 🔄 Restarting browser for fresh session...
[2025-11-21T10:51:09.683Z] 🔒 Browser closed
[2025-11-21T10:51:09.684Z] 🚀 Initializing browser with anti-detection...
[2025-11-21T10:51:09.975Z] ✅ Browser initialized with stealth mode
[2025-11-21T10:51:09.975Z] 🔍 Processing bows item 18833 (369/143)
[2025-11-21T10:51:23.264Z] ✅ Collected HTML for item 18833
[2025-11-21T10:51:25.267Z] 🔄 Restarting browser for fresh session...
[2025-11-21T10:51:25.362Z] 🔒 Browser closed
[2025-11-21T10:51:25.363Z] 🚀 Initializing browser with anti-detection...
[2025-11-21T10:51:25.657Z] ✅ Browser initialized with stealth mode
[2025-11-21T10:51:25.657Z] 🔍 Processing bows item 18835 (370/143)
[2025-11-21T10:51:29.527Z] ✅ Collected HTML for item 18835
[2025-11-21T10:51:31.530Z] 🔄 Restarting browser for fresh session...
[2025-11-21T10:51:31.636Z] 🔒 Browser closed
[2025-11-21T10:51:31.636Z] 🚀 Initializing browser with anti-detection...
[2025-11-21T10:51:31.923Z] ✅ Browser initialized with stealth mode
[2025-11-21T10:51:31.923Z] 🔍 Processing bows item 19350 (371/143)
[2025-11-21T10:51:35.918Z] ✅ Collected HTML for item 19350
[2025-11-21T10:51:37.921Z] 🔄 Restarting browser for fresh session...
[2025-11-21T10:51:38.030Z] 🔒 Browser closed
[2025-11-21T10:51:38.030Z] 🚀 Initializing browser with anti-detection...
[2025-11-21T10:51:38.327Z] ✅ Browser initialized with stealth mode
[2025-11-21T10:51:38.327Z] 🔍 Processing bows item 19558 (372/143)
[2025-11-21T10:51:42.330Z] ✅ Collected HTML for item 19558
[2025-11-21T10:51:44.332Z] 🔄 Restarting browser for fresh session...
[2025-11-21T10:51:44.443Z] 🔒 Browser closed
[2025-11-21T10:51:44.443Z] 🚀 Initializing browser with anti-detection...
[2025-11-21T10:51:44.738Z] ✅ Browser initialized with stealth mode
[2025-11-21T10:51:44.738Z] 🔍 Processing bows item 19559 (373/143)
[2025-11-21T10:51:48.607Z] ✅ Collected HTML for item 19559
[2025-11-21T10:51:50.610Z] 🔄 Restarting browser for fresh session...
[2025-11-21T10:51:50.715Z] 🔒 Browser closed
[2025-11-21T10:51:50.715Z] 🚀 Initializing browser with anti-detection...
[2025-11-21T10:51:51.003Z] ✅ Browser initialized with stealth mode
[2025-11-21T10:51:51.004Z] 🔍 Processing bows item 19560 (374/143)
[2025-11-21T10:51:55.010Z] ✅ Collected HTML for item 19560
[2025-11-21T10:51:57.014Z] 🔄 Restarting browser for fresh session...
[2025-11-21T10:51:57.117Z] 🔒 Browser closed
[2025-11-21T10:51:57.117Z] 🚀 Initializing browser with anti-detection...
[2025-11-21T10:51:57.405Z] ✅ Browser initialized with stealth mode
[2025-11-21T10:51:57.405Z] 🔍 Processing bows item 19561 (375/143)
[2025-11-21T10:52:01.270Z] ✅ Collected HTML for item 19561
[2025-11-21T10:52:03.271Z] 🔄 Restarting browser for fresh session...
[2025-11-21T10:52:03.380Z] 🔒 Browser closed
[2025-11-21T10:52:03.380Z] 🚀 Initializing browser with anti-detection...
[2025-11-21T10:52:03.672Z] ✅ Browser initialized with stealth mode
[2025-11-21T10:52:03.672Z] 🔍 Processing bows item 19562 (376/143)
[2025-11-21T10:52:07.669Z] ✅ Collected HTML for item 19562
[2025-11-21T10:52:09.673Z] 🔄 Restarting browser for fresh session...
[2025-11-21T10:52:09.768Z] 🔒 Browser closed
[2025-11-21T10:52:09.768Z] 🚀 Initializing browser with anti-detection...
[2025-11-21T10:52:10.063Z] ✅ Browser initialized with stealth mode
[2025-11-21T10:52:10.063Z] 🔍 Processing bows item 19563 (377/143)
[2025-11-21T10:52:13.931Z] ✅ Collected HTML for item 19563
[2025-11-21T10:52:15.934Z] 🔄 Restarting browser for fresh session...
[2025-11-21T10:52:16.034Z] 🔒 Browser closed
[2025-11-21T10:52:16.034Z] 🚀 Initializing browser with anti-detection...
[2025-11-21T10:52:16.333Z] ✅ Browser initialized with stealth mode
[2025-11-21T10:52:16.333Z] 🔍 Processing bows item 19564 (378/143)
[2025-11-21T10:52:20.337Z] ✅ Collected HTML for item 19564
[2025-11-21T10:52:22.339Z] 🔄 Restarting browser for fresh session...
[2025-11-21T10:52:22.443Z] 🔒 Browser closed
[2025-11-21T10:52:22.443Z] 🚀 Initializing browser with anti-detection...
[2025-11-21T10:52:22.752Z] ✅ Browser initialized with stealth mode
[2025-11-21T10:52:22.752Z] 🔍 Processing bows item 19565 (379/143)
[2025-11-21T10:52:26.751Z] ✅ Collected HTML for item 19565
[2025-11-21T10:52:28.754Z] 🔄 Restarting browser for fresh session...
[2025-11-21T10:52:28.842Z] 🔒 Browser closed
[2025-11-21T10:52:28.842Z] 🚀 Initializing browser with anti-detection...
[2025-11-21T10:52:29.137Z] ✅ Browser initialized with stealth mode
[2025-11-21T10:52:29.137Z] 🔍 Processing bows item 19993 (380/143)
[2025-11-21T10:52:33.141Z] ✅ Collected HTML for item 19993
[2025-11-21T10:52:35.145Z] 🔄 Restarting browser for fresh session...
[2025-11-21T10:52:35.244Z] 🔒 Browser closed
[2025-11-21T10:52:35.244Z] 🚀 Initializing browser with anti-detection...
[2025-11-21T10:52:35.549Z] ✅ Browser initialized with stealth mode
[2025-11-21T10:52:35.550Z] 🔍 Processing bows item 20038 (381/143)
[2025-11-21T10:52:39.562Z] ✅ Collected HTML for item 20038
[2025-11-21T10:52:41.566Z] 🔄 Restarting browser for fresh session...
[2025-11-21T10:52:41.669Z] 🔒 Browser closed
[2025-11-21T10:52:41.670Z] 🚀 Initializing browser with anti-detection...
[2025-11-21T10:52:41.954Z] ✅ Browser initialized with stealth mode
[2025-11-21T10:52:41.954Z] 🔍 Processing bows item 20368 (382/143)
[2025-11-21T10:52:45.960Z] ✅ Collected HTML for item 20368
[2025-11-21T10:52:47.963Z] 🔄 Restarting browser for fresh session...
[2025-11-21T10:52:48.061Z] 🔒 Browser closed
[2025-11-21T10:52:48.061Z] 🚀 Initializing browser with anti-detection...
[2025-11-21T10:52:48.349Z] ✅ Browser initialized with stealth mode
[2025-11-21T10:52:48.349Z] 🔍 Processing bows item 20437 (383/143)
[2025-11-21T10:52:52.343Z] ✅ Collected HTML for item 20437
[2025-11-21T10:52:54.346Z] 🔄 Restarting browser for fresh session...
[2025-11-21T10:52:54.462Z] 🔒 Browser closed
[2025-11-21T10:52:54.462Z] 🚀 Initializing browser with anti-detection...
[2025-11-21T10:52:54.759Z] ✅ Browser initialized with stealth mode
[2025-11-21T10:52:54.759Z] 🔍 Processing bows item 20438 (384/143)
[2025-11-21T10:52:58.625Z] ✅ Collected HTML for item 20438
[2025-11-21T10:53:00.627Z] 🔄 Restarting browser for fresh session...
[2025-11-21T10:53:00.731Z] 🔒 Browser closed
[2025-11-21T10:53:00.731Z] 🚀 Initializing browser with anti-detection...
[2025-11-21T10:53:01.025Z] ✅ Browser initialized with stealth mode
[2025-11-21T10:53:01.025Z] 🔍 Processing bows item 20488 (385/143)
[2025-11-21T10:53:05.019Z] ✅ Collected HTML for item 20488
[2025-11-21T10:53:07.023Z] 🔄 Restarting browser for fresh session...
[2025-11-21T10:53:07.123Z] 🔒 Browser closed
[2025-11-21T10:53:07.123Z] 🚀 Initializing browser with anti-detection...
[2025-11-21T10:53:07.405Z] ✅ Browser initialized with stealth mode
[2025-11-21T10:53:07.405Z] 🔍 Processing bows item 20663 (386/143)
[2025-11-21T10:53:11.401Z] ✅ Collected HTML for item 20663
[2025-11-21T10:53:13.404Z] 🔄 Restarting browser for fresh session...
[2025-11-21T10:53:13.497Z] 🔒 Browser closed
[2025-11-21T10:53:13.498Z] 🚀 Initializing browser with anti-detection...
[2025-11-21T10:53:13.801Z] ✅ Browser initialized with stealth mode
[2025-11-21T10:53:13.801Z] 🔍 Processing bows item 21478 (387/143)
[2025-11-21T10:53:17.816Z] ✅ Collected HTML for item 21478
[2025-11-21T10:53:19.820Z] 🔄 Restarting browser for fresh session...
[2025-11-21T10:53:19.920Z] 🔒 Browser closed
[2025-11-21T10:53:19.921Z] 🚀 Initializing browser with anti-detection...
[2025-11-21T10:53:20.219Z] ✅ Browser initialized with stealth mode
[2025-11-21T10:53:20.219Z] 🔍 Processing bows item 21616 (388/143)
[2025-11-21T10:53:24.223Z] ✅ Collected HTML for item 21616
[2025-11-21T10:53:26.225Z] 🔄 Restarting browser for fresh session...
[2025-11-21T10:53:26.330Z] 🔒 Browser closed
[2025-11-21T10:53:26.331Z] 🚀 Initializing browser with anti-detection...
[2025-11-21T10:53:26.627Z] ✅ Browser initialized with stealth mode
[2025-11-21T10:53:26.627Z] 🔍 Processing bows item 22318 (389/143)
[2025-11-21T10:53:31.074Z] ✅ Collected HTML for item 22318
[2025-11-21T10:53:33.077Z] 🔄 Restarting browser for fresh session...
[2025-11-21T10:53:33.173Z] 🔒 Browser closed
[2025-11-21T10:53:33.173Z] 🚀 Initializing browser with anti-detection...
[2025-11-21T10:53:33.459Z] ✅ Browser initialized with stealth mode
[2025-11-21T10:53:33.460Z] 🔍 Processing bows item 22811 (390/143)
[2025-11-21T10:53:37.454Z] ✅ Collected HTML for item 22811
[2025-11-21T10:53:39.456Z] 🔄 Restarting browser for fresh session...
[2025-11-21T10:53:39.552Z] 🔒 Browser closed
[2025-11-21T10:53:39.553Z] 🚀 Initializing browser with anti-detection...
[2025-11-21T10:53:39.840Z] ✅ Browser initialized with stealth mode
[2025-11-21T10:53:39.840Z] 🔍 Processing bows item 41725 (391/143)
[2025-11-21T10:53:43.841Z] ✅ Collected HTML for item 41725
[2025-11-21T10:53:45.843Z] 🔄 Restarting browser for fresh session...
[2025-11-21T10:53:45.960Z] 🔒 Browser closed
[2025-11-21T10:53:45.961Z] 🚀 Initializing browser with anti-detection...
[2025-11-21T10:53:46.250Z] ✅ Browser initialized with stealth mode
[2025-11-21T10:53:46.250Z] 🔍 Processing bows item 55346 (392/143)
[2025-11-21T10:53:50.127Z] ✅ Collected HTML for item 55346
[2025-11-21T10:53:52.129Z] 🔄 Restarting browser for fresh session...
[2025-11-21T10:53:52.231Z] 🔒 Browser closed
[2025-11-21T10:53:52.231Z] 🚀 Initializing browser with anti-detection...
[2025-11-21T10:53:52.519Z] ✅ Browser initialized with stealth mode
[2025-11-21T10:53:52.519Z] 🔍 Processing bows item 58193 (393/143)
[2025-11-21T10:53:56.519Z] ✅ Collected HTML for item 58193
[2025-11-21T10:53:58.523Z] 🔄 Restarting browser for fresh session...
[2025-11-21T10:53:58.621Z] 🔒 Browser closed
[2025-11-21T10:53:58.621Z] 🚀 Initializing browser with anti-detection...
[2025-11-21T10:53:58.911Z] ✅ Browser initialized with stealth mode
[2025-11-21T10:53:58.911Z] 🔍 Processing bows item 60440 (394/143)
[2025-11-21T10:54:02.905Z] ✅ Collected HTML for item 60440
[2025-11-21T10:54:04.907Z] 🔄 Restarting browser for fresh session...
[2025-11-21T10:54:05.011Z] 🔒 Browser closed
[2025-11-21T10:54:05.011Z] 🚀 Initializing browser with anti-detection...
[2025-11-21T10:54:05.306Z] ✅ Browser initialized with stealth mode
[2025-11-21T10:54:05.307Z] 🔍 Processing bows item 60882 (395/143)
[2025-11-21T10:54:09.304Z] ✅ Collected HTML for item 60882
[2025-11-21T10:54:11.307Z] 🔄 Restarting browser for fresh session...
[2025-11-21T10:54:11.410Z] 🔒 Browser closed
[2025-11-21T10:54:11.410Z] 🚀 Initializing browser with anti-detection...
[2025-11-21T10:54:11.705Z] ✅ Browser initialized with stealth mode
[2025-11-21T10:54:11.705Z] 🔍 Processing bows item 60953 (396/143)
[2025-11-21T10:54:15.570Z] ✅ Collected HTML for item 60953
[2025-11-21T10:54:17.573Z] 🔄 Restarting browser for fresh session...
[2025-11-21T10:54:17.672Z] 🔒 Browser closed
[2025-11-21T10:54:17.672Z] 🚀 Initializing browser with anti-detection...
[2025-11-21T10:54:17.953Z] ✅ Browser initialized with stealth mode
[2025-11-21T10:54:17.953Z] 🔍 Processing bows item 61525 (397/143)
[2025-11-21T10:54:21.948Z] ✅ Collected HTML for item 61525
[2025-11-21T10:54:23.951Z] 🔄 Restarting browser for fresh session...
[2025-11-21T10:54:24.050Z] 🔒 Browser closed
[2025-11-21T10:54:24.050Z] 🚀 Initializing browser with anti-detection...
[2025-11-21T10:54:24.339Z] ✅ Browser initialized with stealth mode
[2025-11-21T10:54:24.339Z] 🔍 Processing bows item 80223 (398/143)
[2025-11-21T10:54:28.343Z] ✅ Collected HTML for item 80223
[2025-11-21T10:54:30.346Z] 🔄 Restarting browser for fresh session...
[2025-11-21T10:54:30.448Z] 🔒 Browser closed
[2025-11-21T10:54:30.448Z] 🚀 Initializing browser with anti-detection...
[2025-11-21T10:54:30.745Z] ✅ Browser initialized with stealth mode
[2025-11-21T10:54:30.746Z] 🔍 Processing bows item 80546 (399/143)
[2025-11-21T10:54:34.612Z] ✅ Collected HTML for item 80546
[2025-11-21T10:54:36.616Z] 🔄 Restarting browser for fresh session...
[2025-11-21T10:54:36.721Z] 🔒 Browser closed
[2025-11-21T10:54:36.721Z] 🚀 Initializing browser with anti-detection...
[2025-11-21T10:54:37.010Z] ✅ Browser initialized with stealth mode
[2025-11-21T10:54:37.010Z] 🔍 Processing bows item 80646 (400/143)
[2025-11-21T10:54:41.016Z] ✅ Collected HTML for item 80646
[2025-11-21T10:54:43.018Z] 🔄 Restarting browser for fresh session...
[2025-11-21T10:54:43.117Z] 🔒 Browser closed
[2025-11-21T10:54:43.117Z] 🚀 Initializing browser with anti-detection...
[2025-11-21T10:54:43.408Z] ✅ Browser initialized with stealth mode
[2025-11-21T10:54:43.408Z] 🔍 Processing bows item 80825 (401/143)
[2025-11-21T10:54:47.275Z] ✅ Collected HTML for item 80825
[2025-11-21T10:54:49.279Z] 🔄 Restarting browser for fresh session...
[2025-11-21T10:54:49.381Z] 🔒 Browser closed
[2025-11-21T10:54:49.381Z] 🚀 Initializing browser with anti-detection...
[2025-11-21T10:54:49.668Z] ✅ Browser initialized with stealth mode
[2025-11-21T10:54:49.668Z] 🔍 Processing bows item 83225 (402/143)
[2025-11-21T10:54:53.664Z] ✅ Collected HTML for item 83225
[2025-11-21T10:54:55.666Z] 🔄 Restarting browser for fresh session...
[2025-11-21T10:54:55.767Z] 🔒 Browser closed
[2025-11-21T10:54:55.768Z] 🚀 Initializing browser with anti-detection...
[2025-11-21T10:54:56.060Z] ✅ Browser initialized with stealth mode
[2025-11-21T10:54:56.060Z] 🔍 Processing bows item 2903 (403/143)
[2025-11-21T10:54:59.932Z] ✅ Collected HTML for item 2903
[2025-11-21T10:55:01.934Z] 🔄 Restarting browser for fresh session...
[2025-11-21T10:55:02.032Z] 🔒 Browser closed
[2025-11-21T10:55:02.032Z] 🚀 Initializing browser with anti-detection...
[2025-11-21T10:55:02.326Z] ✅ Browser initialized with stealth mode
[2025-11-21T10:55:02.326Z] 🔍 Processing bows item 3036 (404/143)
[2025-11-21T10:55:06.337Z] ✅ Collected HTML for item 3036
[2025-11-21T10:55:08.340Z] 🔄 Restarting browser for fresh session...
[2025-11-21T10:55:08.443Z] 🔒 Browser closed
[2025-11-21T10:55:08.443Z] 🚀 Initializing browser with anti-detection...
[2025-11-21T10:55:08.739Z] ✅ Browser initialized with stealth mode
[2025-11-21T10:55:08.739Z] 🔍 Processing bows item 3039 (405/143)
[2025-11-21T10:55:12.745Z] ✅ Collected HTML for item 3039
[2025-11-21T10:55:14.748Z] 🔄 Restarting browser for fresh session...
[2025-11-21T10:55:14.855Z] 🔒 Browser closed
[2025-11-21T10:55:14.855Z] 🚀 Initializing browser with anti-detection...
[2025-11-21T10:55:15.140Z] ✅ Browser initialized with stealth mode
[2025-11-21T10:55:15.140Z] 🔍 Processing bows item 3078 (406/143)
[2025-11-21T10:55:19.137Z] ✅ Collected HTML for item 3078
[2025-11-21T10:55:21.139Z] 🔄 Restarting browser for fresh session...
[2025-11-21T10:55:21.238Z] 🔒 Browser closed
[2025-11-21T10:55:21.238Z] 🚀 Initializing browser with anti-detection...
[2025-11-21T10:55:21.516Z] ✅ Browser initialized with stealth mode
[2025-11-21T10:55:21.516Z] 🔍 Processing bows item 3493 (407/143)
[2025-11-21T10:55:25.513Z] ✅ Collected HTML for item 3493
[2025-11-21T10:55:27.516Z] 🔄 Restarting browser for fresh session...
[2025-11-21T10:55:27.616Z] 🔒 Browser closed
[2025-11-21T10:55:27.616Z] 🚀 Initializing browser with anti-detection...
[2025-11-21T10:55:27.910Z] ✅ Browser initialized with stealth mode
[2025-11-21T10:55:27.911Z] 🔍 Processing bows item 3742 (408/143)
[2025-11-21T10:55:31.913Z] ✅ Collected HTML for item 3742
[2025-11-21T10:55:33.917Z] 🔄 Restarting browser for fresh session...
[2025-11-21T10:55:34.022Z] 🔒 Browser closed
[2025-11-21T10:55:34.022Z] 🚀 Initializing browser with anti-detection...
[2025-11-21T10:55:34.317Z] ✅ Browser initialized with stealth mode
[2025-11-21T10:55:34.317Z] 🔍 Processing bows item 4110 (409/143)
[2025-11-21T10:55:38.309Z] ✅ Collected HTML for item 4110
[2025-11-21T10:55:40.312Z] 🔄 Restarting browser for fresh session...
[2025-11-21T10:55:40.426Z] 🔒 Browser closed
[2025-11-21T10:55:40.426Z] 🚀 Initializing browser with anti-detection...
[2025-11-21T10:55:40.719Z] ✅ Browser initialized with stealth mode
[2025-11-21T10:55:40.719Z] 🔍 Processing bows item 4474 (410/143)
[2025-11-21T10:55:44.728Z] ✅ Collected HTML for item 4474
[2025-11-21T10:55:46.730Z] 🔄 Restarting browser for fresh session...
[2025-11-21T10:55:46.836Z] 🔒 Browser closed
[2025-11-21T10:55:46.836Z] 🚀 Initializing browser with anti-detection...
[2025-11-21T10:55:47.128Z] ✅ Browser initialized with stealth mode
[2025-11-21T10:55:47.128Z] 🔍 Processing bows item 4576 (411/143)
[2025-11-21T10:55:51.129Z] ✅ Collected HTML for item 4576
[2025-11-21T10:55:53.131Z] 🔄 Restarting browser for fresh session...
[2025-11-21T10:55:53.237Z] 🔒 Browser closed
[2025-11-21T10:55:53.238Z] 🚀 Initializing browser with anti-detection...
[2025-11-21T10:55:53.539Z] ✅ Browser initialized with stealth mode
[2025-11-21T10:55:53.539Z] 🔍 Processing bows item 4763 (412/143)
[2025-11-21T10:55:57.406Z] ✅ Collected HTML for item 4763
[2025-11-21T10:55:59.409Z] 🔄 Restarting browser for fresh session...
[2025-11-21T10:55:59.512Z] 🔒 Browser closed
[2025-11-21T10:55:59.512Z] 🚀 Initializing browser with anti-detection...
[2025-11-21T10:55:59.805Z] ✅ Browser initialized with stealth mode
[2025-11-21T10:55:59.805Z] 🔍 Processing bows item 5346 (413/143)
[2025-11-21T10:56:03.804Z] ✅ Collected HTML for item 5346
[2025-11-21T10:56:05.805Z] 🔄 Restarting browser for fresh session...
[2025-11-21T10:56:05.911Z] 🔒 Browser closed
[2025-11-21T10:56:05.911Z] 🚀 Initializing browser with anti-detection...
[2025-11-21T10:56:06.211Z] ✅ Browser initialized with stealth mode
[2025-11-21T10:56:06.211Z] 🔍 Processing bows item 5748 (414/143)
[2025-11-21T10:56:10.213Z] ✅ Collected HTML for item 5748
[2025-11-21T10:56:12.216Z] 🔄 Restarting browser for fresh session...
[2025-11-21T10:56:12.321Z] 🔒 Browser closed
[2025-11-21T10:56:12.322Z] 🚀 Initializing browser with anti-detection...
[2025-11-21T10:56:12.621Z] ✅ Browser initialized with stealth mode
[2025-11-21T10:56:12.621Z] 🔍 Processing bows item 5817 (415/143)
[2025-11-21T10:56:16.622Z] ✅ Collected HTML for item 5817
[2025-11-21T10:56:18.624Z] 🔄 Restarting browser for fresh session...
[2025-11-21T10:56:18.726Z] 🔒 Browser closed
[2025-11-21T10:56:18.726Z] 🚀 Initializing browser with anti-detection...
[2025-11-21T10:56:19.026Z] ✅ Browser initialized with stealth mode
[2025-11-21T10:56:19.026Z] 🔍 Processing bows item 6469 (416/143)
[2025-11-21T10:56:22.887Z] ✅ Collected HTML for item 6469
[2025-11-21T10:56:24.890Z] 🔄 Restarting browser for fresh session...
[2025-11-21T10:56:24.988Z] 🔒 Browser closed
[2025-11-21T10:56:24.988Z] 🚀 Initializing browser with anti-detection...
[2025-11-21T10:56:25.287Z] ✅ Browser initialized with stealth mode
[2025-11-21T10:56:25.287Z] 🔍 Processing bows item 6739 (417/143)
[2025-11-21T10:56:29.153Z] ✅ Collected HTML for item 6739
[2025-11-21T10:56:31.156Z] 🔄 Restarting browser for fresh session...
[2025-11-21T10:56:31.262Z] 🔒 Browser closed
[2025-11-21T10:56:31.262Z] 🚀 Initializing browser with anti-detection...
[2025-11-21T10:56:31.556Z] ✅ Browser initialized with stealth mode
[2025-11-21T10:56:31.556Z] 🔍 Processing bows item 8180 (418/143)
[2025-11-21T10:56:35.557Z] ✅ Collected HTML for item 8180
[2025-11-21T10:56:37.559Z] 🔄 Restarting browser for fresh session...
[2025-11-21T10:56:37.666Z] 🔒 Browser closed
[2025-11-21T10:56:37.666Z] 🚀 Initializing browser with anti-detection...
[2025-11-21T10:56:37.956Z] ✅ Browser initialized with stealth mode
[2025-11-21T10:56:37.956Z] 🔍 Processing bows item 8183 (419/143)
[2025-11-21T10:56:41.832Z] ✅ Collected HTML for item 8183
[2025-11-21T10:56:43.834Z] 🔄 Restarting browser for fresh session...
[2025-11-21T10:56:43.934Z] 🔒 Browser closed
[2025-11-21T10:56:43.934Z] 🚀 Initializing browser with anti-detection...
[2025-11-21T10:56:44.230Z] ✅ Browser initialized with stealth mode
[2025-11-21T10:56:44.230Z] 🔍 Processing bows item 10624 (420/143)
[2025-11-21T10:56:48.225Z] ✅ Collected HTML for item 10624
[2025-11-21T10:56:50.229Z] 🔄 Restarting browser for fresh session...
[2025-11-21T10:56:50.330Z] 🔒 Browser closed
[2025-11-21T10:56:50.330Z] 🚀 Initializing browser with anti-detection...
[2025-11-21T10:56:50.617Z] ✅ Browser initialized with stealth mode
[2025-11-21T10:56:50.617Z] 🔍 Processing bows item 11303 (421/143)
[2025-11-21T10:56:54.621Z] ✅ Collected HTML for item 11303
[2025-11-21T10:56:56.624Z] 🔄 Restarting browser for fresh session...
[2025-11-21T10:56:56.725Z] 🔒 Browser closed
[2025-11-21T10:56:56.725Z] 🚀 Initializing browser with anti-detection...
[2025-11-21T10:56:57.021Z] ✅ Browser initialized with stealth mode
[2025-11-21T10:56:57.021Z] 🔍 Processing bows item 11304 (422/143)
[2025-11-21T10:57:01.274Z] ✅ Collected HTML for item 11304
[2025-11-21T10:57:03.278Z] 🔄 Restarting browser for fresh session...
[2025-11-21T10:57:03.377Z] 🔒 Browser closed
[2025-11-21T10:57:03.377Z] 🚀 Initializing browser with anti-detection...
[2025-11-21T10:57:03.667Z] ✅ Browser initialized with stealth mode
[2025-11-21T10:57:03.668Z] 🔍 Processing bows item 11305 (423/143)
[2025-11-21T10:57:07.674Z] ✅ Collected HTML for item 11305
[2025-11-21T10:57:09.676Z] 🔄 Restarting browser for fresh session...
[2025-11-21T10:57:09.777Z] 🔒 Browser closed
[2025-11-21T10:57:09.777Z] 🚀 Initializing browser with anti-detection...
[2025-11-21T10:57:10.063Z] ✅ Browser initialized with stealth mode
[2025-11-21T10:57:10.063Z] 🔍 Processing bows item 11307 (424/143)
[2025-11-21T10:57:14.064Z] ✅ Collected HTML for item 11307
[2025-11-21T10:57:16.067Z] 🔄 Restarting browser for fresh session...
[2025-11-21T10:57:16.172Z] 🔒 Browser closed
[2025-11-21T10:57:16.172Z] 🚀 Initializing browser with anti-detection...
[2025-11-21T10:57:16.472Z] ✅ Browser initialized with stealth mode
[2025-11-21T10:57:16.472Z] 🔍 Processing bows item 13020 (425/143)
[2025-11-21T10:57:20.491Z] ✅ Collected HTML for item 13020
[2025-11-21T10:57:22.494Z] 🔄 Restarting browser for fresh session...
[2025-11-21T10:57:22.595Z] 🔒 Browser closed
[2025-11-21T10:57:22.596Z] 🚀 Initializing browser with anti-detection...
[2025-11-21T10:57:22.881Z] ✅ Browser initialized with stealth mode
[2025-11-21T10:57:22.881Z] 🔍 Processing bows item 15284 (426/143)
[2025-11-21T10:57:27.139Z] ✅ Collected HTML for item 15284
[2025-11-21T10:57:29.142Z] 🔄 Restarting browser for fresh session...
[2025-11-21T10:57:29.241Z] 🔒 Browser closed
[2025-11-21T10:57:29.241Z] 🚀 Initializing browser with anti-detection...
[2025-11-21T10:57:29.529Z] ✅ Browser initialized with stealth mode
[2025-11-21T10:57:29.529Z] 🔍 Processing bows item 15285 (427/143)
[2025-11-21T10:57:33.537Z] ✅ Collected HTML for item 15285
[2025-11-21T10:57:35.539Z] 🔄 Restarting browser for fresh session...
[2025-11-21T10:57:35.636Z] 🔒 Browser closed
[2025-11-21T10:57:35.636Z] 🚀 Initializing browser with anti-detection...
[2025-11-21T10:57:35.920Z] ✅ Browser initialized with stealth mode
[2025-11-21T10:57:35.920Z] 🔍 Processing bows item 15286 (428/143)
[2025-11-21T10:57:39.921Z] ✅ Collected HTML for item 15286
[2025-11-21T10:57:41.925Z] 🔄 Restarting browser for fresh session...
[2025-11-21T10:57:42.028Z] 🔒 Browser closed
[2025-11-21T10:57:42.028Z] 🚀 Initializing browser with anti-detection...
[2025-11-21T10:57:42.323Z] ✅ Browser initialized with stealth mode
[2025-11-21T10:57:42.324Z] 🔍 Processing bows item 15287 (429/143)
[2025-11-21T10:57:46.330Z] ✅ Collected HTML for item 15287
[2025-11-21T10:57:48.333Z] 🔄 Restarting browser for fresh session...
[2025-11-21T10:57:48.435Z] 🔒 Browser closed
[2025-11-21T10:57:48.435Z] 🚀 Initializing browser with anti-detection...
[2025-11-21T10:57:48.722Z] ✅ Browser initialized with stealth mode
[2025-11-21T10:57:48.723Z] 🔍 Processing bows item 15288 (430/143)
[2025-11-21T10:57:52.720Z] ✅ Collected HTML for item 15288
[2025-11-21T10:57:54.722Z] 🔄 Restarting browser for fresh session...
[2025-11-21T10:57:54.827Z] 🔒 Browser closed
[2025-11-21T10:57:54.827Z] 🚀 Initializing browser with anti-detection...
[2025-11-21T10:57:55.106Z] ✅ Browser initialized with stealth mode
[2025-11-21T10:57:55.106Z] 🔍 Processing bows item 15289 (431/143)
[2025-11-21T10:57:58.989Z] ✅ Collected HTML for item 15289
[2025-11-21T10:58:00.992Z] 🔄 Restarting browser for fresh session...
[2025-11-21T10:58:01.098Z] 🔒 Browser closed
[2025-11-21T10:58:01.098Z] 🚀 Initializing browser with anti-detection...
[2025-11-21T10:58:01.389Z] ✅ Browser initialized with stealth mode
[2025-11-21T10:58:01.390Z] 🔍 Processing bows item 15291 (432/143)
[2025-11-21T10:58:05.397Z] ✅ Collected HTML for item 15291
[2025-11-21T10:58:07.399Z] 🔄 Restarting browser for fresh session...
[2025-11-21T10:58:07.500Z] 🔒 Browser closed
[2025-11-21T10:58:07.500Z] 🚀 Initializing browser with anti-detection...
[2025-11-21T10:58:07.796Z] ✅ Browser initialized with stealth mode
[2025-11-21T10:58:07.796Z] 🔍 Processing bows item 15295 (433/143)
[2025-11-21T10:58:11.817Z] ✅ Collected HTML for item 15295
[2025-11-21T10:58:13.819Z] 🔄 Restarting browser for fresh session...
[2025-11-21T10:58:13.921Z] 🔒 Browser closed
[2025-11-21T10:58:13.921Z] 🚀 Initializing browser with anti-detection...
[2025-11-21T10:58:14.205Z] ✅ Browser initialized with stealth mode
[2025-11-21T10:58:14.205Z] 🔍 Processing bows item 15296 (434/143)
[2025-11-21T10:58:29.253Z] ✅ Collected HTML for item 15296
[2025-11-21T10:58:31.255Z] 🔄 Restarting browser for fresh session...
[2025-11-21T10:58:31.355Z] 🔒 Browser closed
[2025-11-21T10:58:31.355Z] 🚀 Initializing browser with anti-detection...
[2025-11-21T10:58:31.654Z] ✅ Browser initialized with stealth mode
[2025-11-21T10:58:31.654Z] 🔍 Processing bows item 17686 (435/143)
[2025-11-21T10:58:35.651Z] ✅ Collected HTML for item 17686
[2025-11-21T10:58:37.655Z] 🔄 Restarting browser for fresh session...
[2025-11-21T10:58:37.760Z] 🔒 Browser closed
[2025-11-21T10:58:37.760Z] 🚀 Initializing browser with anti-detection...
[2025-11-21T10:58:38.048Z] ✅ Browser initialized with stealth mode
[2025-11-21T10:58:38.048Z] 🔍 Processing bows item 17753 (436/143)
[2025-11-21T10:58:41.921Z] ✅ Collected HTML for item 17753
[2025-11-21T10:58:43.925Z] 🔄 Restarting browser for fresh session...
[2025-11-21T10:58:44.025Z] 🔒 Browser closed
[2025-11-21T10:58:44.025Z] 🚀 Initializing browser with anti-detection...
[2025-11-21T10:58:44.308Z] ✅ Browser initialized with stealth mode
[2025-11-21T10:58:44.309Z] 🔍 Processing bows item 18323 (437/143)
[2025-11-21T10:58:48.304Z] ✅ Collected HTML for item 18323
[2025-11-21T10:58:50.308Z] 🔄 Restarting browser for fresh session...
[2025-11-21T10:58:50.412Z] 🔒 Browser closed
[2025-11-21T10:58:50.412Z] 🚀 Initializing browser with anti-detection...
[2025-11-21T10:58:50.704Z] ✅ Browser initialized with stealth mode
[2025-11-21T10:58:50.704Z] 🔍 Processing bows item 18482 (438/143)
[2025-11-21T10:58:54.578Z] ✅ Collected HTML for item 18482
[2025-11-21T10:58:56.581Z] 🔄 Restarting browser for fresh session...
[2025-11-21T10:58:56.693Z] 🔒 Browser closed
[2025-11-21T10:58:56.693Z] 🚀 Initializing browser with anti-detection...
[2025-11-21T10:58:56.981Z] ✅ Browser initialized with stealth mode
[2025-11-21T10:58:56.981Z] 🔍 Processing bows item 18729 (439/143)
[2025-11-21T10:59:00.855Z] ✅ Collected HTML for item 18729
[2025-11-21T10:59:02.858Z] 🔄 Restarting browser for fresh session...
[2025-11-21T10:59:02.957Z] 🔒 Browser closed
[2025-11-21T10:59:02.957Z] 🚀 Initializing browser with anti-detection...
[2025-11-21T10:59:03.238Z] ✅ Browser initialized with stealth mode
[2025-11-21T10:59:03.238Z] 🔍 Processing bows item 19114 (440/143)
[2025-11-21T10:59:07.118Z] ✅ Collected HTML for item 19114
[2025-11-21T10:59:09.120Z] 🔄 Restarting browser for fresh session...
[2025-11-21T10:59:09.215Z] 🔒 Browser closed
[2025-11-21T10:59:09.215Z] 🚀 Initializing browser with anti-detection...
[2025-11-21T10:59:09.498Z] ✅ Browser initialized with stealth mode
[2025-11-21T10:59:09.498Z] 🔍 Processing bows item 20299 (441/143)
[2025-11-21T10:59:13.494Z] ✅ Collected HTML for item 20299
[2025-11-21T10:59:15.498Z] 🔄 Restarting browser for fresh session...
[2025-11-21T10:59:15.601Z] 🔒 Browser closed
[2025-11-21T10:59:15.601Z] 🚀 Initializing browser with anti-detection...
[2025-11-21T10:59:15.894Z] ✅ Browser initialized with stealth mode
[2025-11-21T10:59:15.894Z] 🔍 Processing bows item 20313 (442/143)
[2025-11-21T10:59:19.898Z] ✅ Collected HTML for item 20313
[2025-11-21T10:59:21.901Z] 🔄 Restarting browser for fresh session...
[2025-11-21T10:59:22.002Z] 🔒 Browser closed
[2025-11-21T10:59:22.002Z] 🚀 Initializing browser with anti-detection...
[2025-11-21T10:59:22.285Z] ✅ Browser initialized with stealth mode
[2025-11-21T10:59:22.286Z] 🔍 Processing bows item 20646 (443/143)
[2025-11-21T10:59:26.279Z] ✅ Collected HTML for item 20646
[2025-11-21T10:59:28.283Z] 🔄 Restarting browser for fresh session...
[2025-11-21T10:59:28.384Z] 🔒 Browser closed
[2025-11-21T10:59:28.384Z] 🚀 Initializing browser with anti-detection...
[2025-11-21T10:59:28.670Z] ✅ Browser initialized with stealth mode
[2025-11-21T10:59:28.671Z] 🔍 Processing bows item 41190 (444/143)
[2025-11-21T10:59:32.666Z] ✅ Collected HTML for item 41190
[2025-11-21T10:59:34.670Z] 🔄 Restarting browser for fresh session...
[2025-11-21T10:59:34.771Z] 🔒 Browser closed
[2025-11-21T10:59:34.771Z] 🚀 Initializing browser with anti-detection...
[2025-11-21T10:59:35.064Z] ✅ Browser initialized with stealth mode
[2025-11-21T10:59:35.065Z] 🔍 Processing bows item 51768 (445/143)
[2025-11-21T10:59:39.062Z] ✅ Collected HTML for item 51768
[2025-11-21T10:59:41.064Z] 🔄 Restarting browser for fresh session...
[2025-11-21T10:59:41.161Z] 🔒 Browser closed
[2025-11-21T10:59:41.161Z] 🚀 Initializing browser with anti-detection...
[2025-11-21T10:59:41.500Z] ✅ Browser initialized with stealth mode
[2025-11-21T10:59:41.500Z] 🔍 Processing bows item 58016 (446/143)
[2025-11-21T10:59:45.495Z] ✅ Collected HTML for item 58016
[2025-11-21T10:59:47.498Z] 🔄 Restarting browser for fresh session...
[2025-11-21T10:59:47.605Z] 🔒 Browser closed
[2025-11-21T10:59:47.605Z] 🚀 Initializing browser with anti-detection...
[2025-11-21T10:59:47.893Z] ✅ Browser initialized with stealth mode
[2025-11-21T10:59:47.893Z] 🔍 Processing bows item 60309 (447/143)
[2025-11-21T10:59:51.896Z] ✅ Collected HTML for item 60309
[2025-11-21T10:59:53.900Z] 🔄 Restarting browser for fresh session...
[2025-11-21T10:59:53.999Z] 🔒 Browser closed
[2025-11-21T10:59:53.999Z] 🚀 Initializing browser with anti-detection...
[2025-11-21T10:59:54.294Z] ✅ Browser initialized with stealth mode
[2025-11-21T10:59:54.294Z] 🔍 Processing bows item 60339 (448/143)
[2025-11-21T10:59:58.291Z] ✅ Collected HTML for item 60339
[2025-11-21T11:00:00.294Z] 🔄 Restarting browser for fresh session...
[2025-11-21T11:00:00.399Z] 🔒 Browser closed
[2025-11-21T11:00:00.399Z] 🚀 Initializing browser with anti-detection...
[2025-11-21T11:00:00.695Z] ✅ Browser initialized with stealth mode
[2025-11-21T11:00:00.695Z] 🔍 Processing bows item 61165 (449/143)
[2025-11-21T11:00:04.690Z] ✅ Collected HTML for item 61165
[2025-11-21T11:00:06.692Z] 🔄 Restarting browser for fresh session...
[2025-11-21T11:00:06.791Z] 🔒 Browser closed
[2025-11-21T11:00:06.792Z] 🚀 Initializing browser with anti-detection...
[2025-11-21T11:00:07.084Z] ✅ Browser initialized with stealth mode
[2025-11-21T11:00:07.084Z] 🔍 Processing bows item 61569 (450/143)
[2025-11-21T11:00:11.089Z] ✅ Collected HTML for item 61569
[2025-11-21T11:00:13.092Z] 🔄 Restarting browser for fresh session...
[2025-11-21T11:00:13.188Z] 🔒 Browser closed
[2025-11-21T11:00:13.188Z] 🚀 Initializing browser with anti-detection...
[2025-11-21T11:00:13.468Z] ✅ Browser initialized with stealth mode
[2025-11-21T11:00:13.468Z] 🔍 Processing bows item 80820 (451/143)
[2025-11-21T11:00:17.472Z] ✅ Collected HTML for item 80820
[2025-11-21T11:00:19.475Z] 🔄 Restarting browser for fresh session...
[2025-11-21T11:00:19.578Z] 🔒 Browser closed
[2025-11-21T11:00:19.578Z] 🚀 Initializing browser with anti-detection...
[2025-11-21T11:00:19.868Z] ✅ Browser initialized with stealth mode
[2025-11-21T11:00:19.869Z] 🔍 Processing bows item 83452 (452/143)
[2025-11-21T11:00:23.872Z] ✅ Collected HTML for item 83452
[2025-11-21T11:00:25.874Z] 🔄 Restarting browser for fresh session...
[2025-11-21T11:00:25.993Z] 🔒 Browser closed
[2025-11-21T11:00:25.993Z] 🚀 Initializing browser with anti-detection...
[2025-11-21T11:00:26.286Z] ✅ Browser initialized with stealth mode
[2025-11-21T11:00:26.286Z] 🔍 Processing bows item 2504 (453/143)
[2025-11-21T11:00:30.551Z] ✅ Collected HTML for item 2504
[2025-11-21T11:00:32.554Z] 🔄 Restarting browser for fresh session...
[2025-11-21T11:00:32.656Z] 🔒 Browser closed
[2025-11-21T11:00:32.656Z] 🚀 Initializing browser with anti-detection...
[2025-11-21T11:00:32.941Z] ✅ Browser initialized with stealth mode
[2025-11-21T11:00:32.941Z] 🔍 Processing bows item 2505 (454/143)
[2025-11-21T11:00:36.819Z] ✅ Collected HTML for item 2505
[2025-11-21T11:00:38.823Z] 🔄 Restarting browser for fresh session...
[2025-11-21T11:00:38.921Z] 🔒 Browser closed
[2025-11-21T11:00:38.921Z] 🚀 Initializing browser with anti-detection...
[2025-11-21T11:00:39.210Z] ✅ Browser initialized with stealth mode
[2025-11-21T11:00:39.210Z] 🔍 Processing bows item 2506 (455/143)
[2025-11-21T11:00:43.205Z] ✅ Collected HTML for item 2506
[2025-11-21T11:00:45.207Z] 🔄 Restarting browser for fresh session...
[2025-11-21T11:00:45.306Z] 🔒 Browser closed
[2025-11-21T11:00:45.306Z] 🚀 Initializing browser with anti-detection...
[2025-11-21T11:00:45.601Z] ✅ Browser initialized with stealth mode
[2025-11-21T11:00:45.601Z] 🔍 Processing bows item 2507 (456/143)
[2025-11-21T11:00:49.470Z] ✅ Collected HTML for item 2507
[2025-11-21T11:00:51.473Z] 🔄 Restarting browser for fresh session...
[2025-11-21T11:00:51.577Z] 🔒 Browser closed
[2025-11-21T11:00:51.577Z] 🚀 Initializing browser with anti-detection...
[2025-11-21T11:00:51.878Z] ✅ Browser initialized with stealth mode
[2025-11-21T11:00:51.878Z] 🔍 Processing bows item 2550 (457/143)
[2025-11-21T11:00:55.880Z] ✅ Collected HTML for item 2550
[2025-11-21T11:00:57.883Z] 🔄 Restarting browser for fresh session...
[2025-11-21T11:00:57.987Z] 🔒 Browser closed
[2025-11-21T11:00:57.987Z] 🚀 Initializing browser with anti-detection...
[2025-11-21T11:00:58.283Z] ✅ Browser initialized with stealth mode
[2025-11-21T11:00:58.284Z] 🔍 Processing bows item 2773 (458/143)
[2025-11-21T11:01:06.262Z] ✅ Collected HTML for item 2773
[2025-11-21T11:01:08.264Z] 🔄 Restarting browser for fresh session...
[2025-11-21T11:01:08.362Z] 🔒 Browser closed
[2025-11-21T11:01:08.362Z] 🚀 Initializing browser with anti-detection...
[2025-11-21T11:01:08.644Z] ✅ Browser initialized with stealth mode
[2025-11-21T11:01:08.644Z] 🔍 Processing bows item 2777 (459/143)
[2025-11-21T11:01:12.649Z] ✅ Collected HTML for item 2777
[2025-11-21T11:01:14.651Z] 🔄 Restarting browser for fresh session...
[2025-11-21T11:01:14.753Z] 🔒 Browser closed
[2025-11-21T11:01:14.753Z] 🚀 Initializing browser with anti-detection...
[2025-11-21T11:01:15.033Z] ✅ Browser initialized with stealth mode
[2025-11-21T11:01:15.033Z] 🔍 Processing bows item 2780 (460/143)
[2025-11-21T11:01:19.033Z] ✅ Collected HTML for item 2780
[2025-11-21T11:01:21.033Z] 🔄 Restarting browser for fresh session...
[2025-11-21T11:01:21.135Z] 🔒 Browser closed
[2025-11-21T11:01:21.135Z] 🚀 Initializing browser with anti-detection...
[2025-11-21T11:01:21.426Z] ✅ Browser initialized with stealth mode
[2025-11-21T11:01:21.426Z] 🔍 Processing bows item 2782 (461/143)
[2025-11-21T11:01:25.303Z] ✅ Collected HTML for item 2782
[2025-11-21T11:01:27.305Z] 🔄 Restarting browser for fresh session...
[2025-11-21T11:01:27.407Z] 🔒 Browser closed
[2025-11-21T11:01:27.407Z] 🚀 Initializing browser with anti-detection...
[2025-11-21T11:01:27.704Z] ✅ Browser initialized with stealth mode
[2025-11-21T11:01:27.705Z] 🔍 Processing bows item 2785 (462/143)
[2025-11-21T11:01:31.705Z] ✅ Collected HTML for item 2785
[2025-11-21T11:01:33.708Z] 🔄 Restarting browser for fresh session...
[2025-11-21T11:01:33.813Z] 🔒 Browser closed
[2025-11-21T11:01:33.813Z] 🚀 Initializing browser with anti-detection...
[2025-11-21T11:01:34.117Z] ✅ Browser initialized with stealth mode
[2025-11-21T11:01:34.117Z] 🔍 Processing bows item 3026 (463/143)
[2025-11-21T11:01:38.114Z] ✅ Collected HTML for item 3026
[2025-11-21T11:01:40.118Z] 🔄 Restarting browser for fresh session...
[2025-11-21T11:01:40.221Z] 🔒 Browser closed
[2025-11-21T11:01:40.221Z] 🚀 Initializing browser with anti-detection...
[2025-11-21T11:01:40.510Z] ✅ Browser initialized with stealth mode
[2025-11-21T11:01:40.510Z] 🔍 Processing bows item 3027 (464/143)
[2025-11-21T11:01:44.513Z] ✅ Collected HTML for item 3027
[2025-11-21T11:01:46.515Z] 🔄 Restarting browser for fresh session...
[2025-11-21T11:01:46.624Z] 🔒 Browser closed
[2025-11-21T11:01:46.624Z] 🚀 Initializing browser with anti-detection...
[2025-11-21T11:01:46.919Z] ✅ Browser initialized with stealth mode
[2025-11-21T11:01:46.919Z] 🔍 Processing bows item 3028 (465/143)
[2025-11-21T11:01:50.920Z] ✅ Collected HTML for item 3028
[2025-11-21T11:01:52.923Z] 🔄 Restarting browser for fresh session...
[2025-11-21T11:01:53.029Z] 🔒 Browser closed
[2025-11-21T11:01:53.029Z] 🚀 Initializing browser with anti-detection...
[2025-11-21T11:01:53.329Z] ✅ Browser initialized with stealth mode
[2025-11-21T11:01:53.329Z] 🔍 Processing bows item 3037 (466/143)
[2025-11-21T11:01:57.344Z] ✅ Collected HTML for item 3037
[2025-11-21T11:01:59.347Z] 🔄 Restarting browser for fresh session...
[2025-11-21T11:01:59.446Z] 🔒 Browser closed
[2025-11-21T11:01:59.446Z] 🚀 Initializing browser with anti-detection...
[2025-11-21T11:01:59.726Z] ✅ Browser initialized with stealth mode
[2025-11-21T11:01:59.726Z] 🔍 Processing bows item 3778 (467/143)
[2025-11-21T11:02:03.726Z] ✅ Collected HTML for item 3778
[2025-11-21T11:02:05.729Z] 🔄 Restarting browser for fresh session...
[2025-11-21T11:02:05.838Z] 🔒 Browser closed
[2025-11-21T11:02:05.838Z] 🚀 Initializing browser with anti-detection...
[2025-11-21T11:02:06.127Z] ✅ Browser initialized with stealth mode
[2025-11-21T11:02:06.128Z] 🔍 Processing bows item 4025 (468/143)
[2025-11-21T11:02:10.135Z] ✅ Collected HTML for item 4025
[2025-11-21T11:02:12.138Z] 🔄 Restarting browser for fresh session...
[2025-11-21T11:02:12.240Z] 🔒 Browser closed
[2025-11-21T11:02:12.240Z] 🚀 Initializing browser with anti-detection...
[2025-11-21T11:02:12.536Z] ✅ Browser initialized with stealth mode
[2025-11-21T11:02:12.536Z] 🔍 Processing bows item 4087 (469/143)
[2025-11-21T11:02:16.409Z] ✅ Collected HTML for item 4087
[2025-11-21T11:02:18.411Z] 🔄 Restarting browser for fresh session...
[2025-11-21T11:02:18.516Z] 🔒 Browser closed
[2025-11-21T11:02:18.517Z] 🚀 Initializing browser with anti-detection...
[2025-11-21T11:02:18.807Z] ✅ Browser initialized with stealth mode
[2025-11-21T11:02:18.807Z] 🔍 Processing bows item 4931 (470/143)
[2025-11-21T11:02:22.802Z] ✅ Collected HTML for item 4931
[2025-11-21T11:02:24.806Z] 🔄 Restarting browser for fresh session...
[2025-11-21T11:02:24.911Z] 🔒 Browser closed
[2025-11-21T11:02:24.911Z] 🚀 Initializing browser with anti-detection...
[2025-11-21T11:02:25.196Z] ✅ Browser initialized with stealth mode
[2025-11-21T11:02:25.197Z] 🔍 Processing bows item 5258 (471/143)
[2025-11-21T11:02:29.192Z] ✅ Collected HTML for item 5258
[2025-11-21T11:02:31.195Z] 🔄 Restarting browser for fresh session...
[2025-11-21T11:02:31.296Z] 🔒 Browser closed
[2025-11-21T11:02:31.296Z] 🚀 Initializing browser with anti-detection...
[2025-11-21T11:02:31.582Z] ✅ Browser initialized with stealth mode
[2025-11-21T11:02:31.582Z] 🔍 Processing bows item 5259 (472/143)
[2025-11-21T11:02:35.580Z] ✅ Collected HTML for item 5259
[2025-11-21T11:02:37.584Z] 🔄 Restarting browser for fresh session...
[2025-11-21T11:02:37.682Z] 🔒 Browser closed
[2025-11-21T11:02:37.682Z] 🚀 Initializing browser with anti-detection...
[2025-11-21T11:02:37.989Z] ✅ Browser initialized with stealth mode
[2025-11-21T11:02:37.989Z] 🔍 Processing bows item 5260 (473/143)
[2025-11-21T11:02:42.001Z] ✅ Collected HTML for item 5260
[2025-11-21T11:02:44.005Z] 🔄 Restarting browser for fresh session...
[2025-11-21T11:02:44.103Z] 🔒 Browser closed
[2025-11-21T11:02:44.104Z] 🚀 Initializing browser with anti-detection...
[2025-11-21T11:02:44.387Z] ✅ Browser initialized with stealth mode
[2025-11-21T11:02:44.387Z] 🔍 Processing bows item 5261 (474/143)
[2025-11-21T11:02:48.390Z] ✅ Collected HTML for item 5261
[2025-11-21T11:02:50.392Z] 🔄 Restarting browser for fresh session...
[2025-11-21T11:02:50.496Z] 🔒 Browser closed
[2025-11-21T11:02:50.496Z] 🚀 Initializing browser with anti-detection...
[2025-11-21T11:02:50.785Z] ✅ Browser initialized with stealth mode
[2025-11-21T11:02:50.785Z] 🔍 Processing bows item 5262 (475/143)
[2025-11-21T11:02:54.790Z] ✅ Collected HTML for item 5262
[2025-11-21T11:02:56.793Z] 🔄 Restarting browser for fresh session...
[2025-11-21T11:02:56.901Z] 🔒 Browser closed
[2025-11-21T11:02:56.901Z] 🚀 Initializing browser with anti-detection...
[2025-11-21T11:02:57.195Z] ✅ Browser initialized with stealth mode
[2025-11-21T11:02:57.195Z] 🔍 Processing bows item 5596 (476/143)
[2025-11-21T11:03:01.062Z] ✅ Collected HTML for item 5596
[2025-11-21T11:03:03.065Z] 🔄 Restarting browser for fresh session...
[2025-11-21T11:03:03.169Z] 🔒 Browser closed
[2025-11-21T11:03:03.169Z] 🚀 Initializing browser with anti-detection...
[2025-11-21T11:03:03.460Z] ✅ Browser initialized with stealth mode
[2025-11-21T11:03:03.461Z] 🔍 Processing bows item 8179 (477/143)
[2025-11-21T11:03:07.463Z] ✅ Collected HTML for item 8179
[2025-11-21T11:03:09.467Z] 🔄 Restarting browser for fresh session...
[2025-11-21T11:03:09.566Z] 🔒 Browser closed
[2025-11-21T11:03:09.566Z] 🚀 Initializing browser with anti-detection...
[2025-11-21T11:03:09.878Z] ✅ Browser initialized with stealth mode
[2025-11-21T11:03:09.879Z] 🔍 Processing bows item 9400 (478/143)
[2025-11-21T11:03:13.891Z] ✅ Collected HTML for item 9400
[2025-11-21T11:03:15.893Z] 🔄 Restarting browser for fresh session...
[2025-11-21T11:03:15.996Z] 🔒 Browser closed
[2025-11-21T11:03:15.996Z] 🚀 Initializing browser with anti-detection...
[2025-11-21T11:03:16.296Z] ✅ Browser initialized with stealth mode
[2025-11-21T11:03:16.296Z] 🔍 Processing bows item 11306 (479/143)
[2025-11-21T11:03:20.299Z] ✅ Collected HTML for item 11306
[2025-11-21T11:03:22.301Z] 🔄 Restarting browser for fresh session...
[2025-11-21T11:03:22.404Z] 🔒 Browser closed
[2025-11-21T11:03:22.404Z] 🚀 Initializing browser with anti-detection...
[2025-11-21T11:03:22.708Z] ✅ Browser initialized with stealth mode
[2025-11-21T11:03:22.709Z] 🔍 Processing bows item 11308 (480/143)
[2025-11-21T11:03:26.719Z] ✅ Collected HTML for item 11308
[2025-11-21T11:03:28.722Z] 🔄 Restarting browser for fresh session...
[2025-11-21T11:03:28.825Z] 🔒 Browser closed
[2025-11-21T11:03:28.825Z] 🚀 Initializing browser with anti-detection...
[2025-11-21T11:03:29.120Z] ✅ Browser initialized with stealth mode
[2025-11-21T11:03:29.120Z] 🔍 Processing bows item 12447 (481/143)
[2025-11-21T11:03:33.114Z] ✅ Collected HTML for item 12447
[2025-11-21T11:03:35.118Z] 🔄 Restarting browser for fresh session...
[2025-11-21T11:03:35.218Z] 🔒 Browser closed
[2025-11-21T11:03:35.218Z] 🚀 Initializing browser with anti-detection...
[2025-11-21T11:03:35.520Z] ✅ Browser initialized with stealth mode
[2025-11-21T11:03:35.520Z] 🔍 Processing bows item 12449 (482/143)
[2025-11-21T11:03:39.518Z] ✅ Collected HTML for item 12449
[2025-11-21T11:03:41.520Z] 🔄 Restarting browser for fresh session...
[2025-11-21T11:03:41.620Z] 🔒 Browser closed
[2025-11-21T11:03:41.620Z] 🚀 Initializing browser with anti-detection...
[2025-11-21T11:03:41.914Z] ✅ Browser initialized with stealth mode
[2025-11-21T11:03:41.914Z] 🔍 Processing bows item 13147 (483/143)
[2025-11-21T11:03:45.916Z] ✅ Collected HTML for item 13147
[2025-11-21T11:03:47.918Z] 🔄 Restarting browser for fresh session...
[2025-11-21T11:03:48.021Z] 🔒 Browser closed
[2025-11-21T11:03:48.021Z] 🚀 Initializing browser with anti-detection...
[2025-11-21T11:03:48.313Z] ✅ Browser initialized with stealth mode
[2025-11-21T11:03:48.313Z] 🔍 Processing bows item 13175 (484/143)
[2025-11-21T11:03:52.306Z] ✅ Collected HTML for item 13175
[2025-11-21T11:03:54.308Z] 🔄 Restarting browser for fresh session...
[2025-11-21T11:03:54.409Z] 🔒 Browser closed
[2025-11-21T11:03:54.409Z] 🚀 Initializing browser with anti-detection...
[2025-11-21T11:03:54.703Z] ✅ Browser initialized with stealth mode
[2025-11-21T11:03:54.703Z] 🔍 Processing bows item 13824 (485/143)
[2025-11-21T11:03:58.582Z] ✅ Collected HTML for item 13824
[2025-11-21T11:04:00.583Z] 🔄 Restarting browser for fresh session...
[2025-11-21T11:04:00.667Z] 🔒 Browser closed
[2025-11-21T11:04:00.667Z] 🚀 Initializing browser with anti-detection...
[2025-11-21T11:04:00.952Z] ✅ Browser initialized with stealth mode
[2025-11-21T11:04:00.952Z] 🔍 Processing bows item 14105 (486/143)
[2025-11-21T11:04:04.944Z] ✅ Collected HTML for item 14105
[2025-11-21T11:04:06.946Z] 🔄 Restarting browser for fresh session...
[2025-11-21T11:04:07.035Z] 🔒 Browser closed
[2025-11-21T11:04:07.035Z] 🚀 Initializing browser with anti-detection...
[2025-11-21T11:04:07.335Z] ✅ Browser initialized with stealth mode
[2025-11-21T11:04:07.335Z] 🔍 Processing bows item 14118 (487/143)
[2025-11-21T11:04:11.349Z] ✅ Collected HTML for item 14118
[2025-11-21T11:04:13.353Z] 🔄 Restarting browser for fresh session...
[2025-11-21T11:04:13.451Z] 🔒 Browser closed
[2025-11-21T11:04:13.451Z] 🚀 Initializing browser with anti-detection...
[2025-11-21T11:04:13.744Z] ✅ Browser initialized with stealth mode
[2025-11-21T11:04:13.745Z] 🔍 Processing bows item 14394 (488/143)
[2025-11-21T11:04:17.628Z] ✅ Collected HTML for item 14394
[2025-11-21T11:04:19.636Z] 🔄 Restarting browser for fresh session...
[2025-11-21T11:04:19.739Z] 🔒 Browser closed
[2025-11-21T11:04:19.739Z] 🚀 Initializing browser with anti-detection...
[2025-11-21T11:04:20.032Z] ✅ Browser initialized with stealth mode
[2025-11-21T11:04:20.033Z] 🔍 Processing bows item 15294 (489/143)
[2025-11-21T11:04:39.268Z] ✅ Collected HTML for item 15294
[2025-11-21T11:04:41.272Z] 🔄 Restarting browser for fresh session...
[2025-11-21T11:04:41.372Z] 🔒 Browser closed
[2025-11-21T11:04:41.372Z] 🚀 Initializing browser with anti-detection...
[2025-11-21T11:04:41.658Z] ✅ Browser initialized with stealth mode
[2025-11-21T11:04:41.658Z] 🔍 Processing bows item 16622 (490/143)
[2025-11-21T11:04:45.534Z] ✅ Collected HTML for item 16622
[2025-11-21T11:04:47.538Z] 🔄 Restarting browser for fresh session...
[2025-11-21T11:04:47.635Z] 🔒 Browser closed
[2025-11-21T11:04:47.636Z] 🚀 Initializing browser with anti-detection...
[2025-11-21T11:04:47.930Z] ✅ Browser initialized with stealth mode
[2025-11-21T11:04:47.930Z] 🔍 Processing bows item 21550 (491/143)
[2025-11-21T11:04:51.924Z] ✅ Collected HTML for item 21550
[2025-11-21T11:04:53.929Z] 🔄 Restarting browser for fresh session...
[2025-11-21T11:04:54.028Z] 🔒 Browser closed
[2025-11-21T11:04:54.028Z] 🚀 Initializing browser with anti-detection...
[2025-11-21T11:04:54.326Z] ✅ Browser initialized with stealth mode
[2025-11-21T11:04:54.326Z] 🔍 Processing bows item 80207 (492/143)
[2025-11-21T11:04:58.329Z] ✅ Collected HTML for item 80207
[2025-11-21T11:05:00.332Z] 🔄 Restarting browser for fresh session...
[2025-11-21T11:05:00.430Z] 🔒 Browser closed
[2025-11-21T11:05:00.430Z] 🚀 Initializing browser with anti-detection...
[2025-11-21T11:05:00.713Z] ✅ Browser initialized with stealth mode
[2025-11-21T11:05:00.714Z] 🔍 Processing bows item 80503 (493/143)
[2025-11-21T11:05:04.707Z] ✅ Collected HTML for item 80503
[2025-11-21T11:05:06.709Z] 🔄 Restarting browser for fresh session...
[2025-11-21T11:05:06.809Z] 🔒 Browser closed
[2025-11-21T11:05:06.809Z] 🚀 Initializing browser with anti-detection...
[2025-11-21T11:05:07.102Z] ✅ Browser initialized with stealth mode
[2025-11-21T11:05:07.102Z] 🔍 Processing bows item 80603 (494/143)
[2025-11-21T11:05:11.099Z] ✅ Collected HTML for item 80603
[2025-11-21T11:05:13.102Z] 🔄 Restarting browser for fresh session...
[2025-11-21T11:05:13.202Z] 🔒 Browser closed
[2025-11-21T11:05:13.202Z] 🚀 Initializing browser with anti-detection...
[2025-11-21T11:05:13.499Z] ✅ Browser initialized with stealth mode
[2025-11-21T11:05:13.499Z] 🔍 Processing bows item 80876 (495/143)
[2025-11-21T11:05:17.510Z] ✅ Collected HTML for item 80876
[2025-11-21T11:05:19.516Z] ✅ bows HTML collection complete!
[2025-11-21T11:05:19.516Z] 📊 Successfully processed: 495
[2025-11-21T11:05:19.516Z] ❌ Failed: 1
[2025-11-21T11:05:22.519Z] 📁 Loaded 122 IDs from turtle_db/items-2.3.json
[2025-11-21T11:05:22.519Z] 
🎯 Processing guns (2.3)
[2025-11-21T11:05:22.519Z] 📊 Total IDs to process: 122
[2025-11-21T11:05:22.521Z] 📦 Already collected: 494
[2025-11-21T11:05:22.521Z] ⏳ Remaining to process: 122
[2025-11-21T11:05:22.521Z] 🔍 Processing guns item 2098 (495/122)
[2025-11-21T11:05:27.319Z] ⏳ Cloudflare protection detected for item 2098, waiting...
[2025-11-21T11:05:37.324Z] ⚠️ No main-contents found for item 2098
[2025-11-21T11:05:39.330Z] 🔄 Restarting browser for fresh session...
[2025-11-21T11:05:39.434Z] 🔒 Browser closed
[2025-11-21T11:05:39.434Z] 🚀 Initializing browser with anti-detection...
[2025-11-21T11:05:39.768Z] ✅ Browser initialized with stealth mode
[2025-11-21T11:05:39.768Z] 🔍 Processing guns item 2099 (496/122)
[2025-11-21T11:05:43.777Z] ✅ Collected HTML for item 2099
[2025-11-21T11:05:45.779Z] 🔄 Restarting browser for fresh session...
[2025-11-21T11:05:45.877Z] 🔒 Browser closed
[2025-11-21T11:05:45.877Z] 🚀 Initializing browser with anti-detection...
[2025-11-21T11:05:46.172Z] ✅ Browser initialized with stealth mode
[2025-11-21T11:05:46.172Z] 🔍 Processing guns item 2100 (497/122)
[2025-11-21T11:05:50.170Z] ✅ Collected HTML for item 2100
[2025-11-21T11:05:52.171Z] 🔄 Restarting browser for fresh session...
[2025-11-21T11:05:52.271Z] 🔒 Browser closed
[2025-11-21T11:05:52.271Z] 🚀 Initializing browser with anti-detection...
[2025-11-21T11:05:52.558Z] ✅ Browser initialized with stealth mode
[2025-11-21T11:05:52.558Z] 🔍 Processing guns item 3041 (498/122)
[2025-11-21T11:05:56.563Z] ✅ Collected HTML for item 3041
[2025-11-21T11:05:58.564Z] 🔄 Restarting browser for fresh session...
[2025-11-21T11:05:58.664Z] 🔒 Browser closed
[2025-11-21T11:05:58.665Z] 🚀 Initializing browser with anti-detection...
[2025-11-21T11:05:58.961Z] ✅ Browser initialized with stealth mode
[2025-11-21T11:05:58.961Z] 🔍 Processing guns item 3042 (499/122)
[2025-11-21T11:06:02.970Z] ✅ Collected HTML for item 3042
[2025-11-21T11:06:04.973Z] 🔄 Restarting browser for fresh session...
[2025-11-21T11:06:05.075Z] 🔒 Browser closed
[2025-11-21T11:06:05.075Z] 🚀 Initializing browser with anti-detection...
[2025-11-21T11:06:05.355Z] ✅ Browser initialized with stealth mode
[2025-11-21T11:06:05.356Z] 🔍 Processing guns item 6798 (500/122)
[2025-11-21T11:06:09.231Z] ✅ Collected HTML for item 6798
[2025-11-21T11:06:11.233Z] 🔄 Restarting browser for fresh session...
[2025-11-21T11:06:11.330Z] 🔒 Browser closed
[2025-11-21T11:06:11.330Z] 🚀 Initializing browser with anti-detection...
[2025-11-21T11:06:11.619Z] ✅ Browser initialized with stealth mode
[2025-11-21T11:06:11.619Z] 🔍 Processing guns item 7729 (501/122)
[2025-11-21T11:06:15.491Z] ✅ Collected HTML for item 7729
[2025-11-21T11:06:17.494Z] 🔄 Restarting browser for fresh session...
[2025-11-21T11:06:17.603Z] 🔒 Browser closed
[2025-11-21T11:06:17.603Z] 🚀 Initializing browser with anti-detection...
[2025-11-21T11:06:17.894Z] ✅ Browser initialized with stealth mode
[2025-11-21T11:06:17.894Z] 🔍 Processing guns item 9412 (502/122)
[2025-11-21T11:06:21.888Z] ✅ Collected HTML for item 9412
[2025-11-21T11:06:23.890Z] 🔄 Restarting browser for fresh session...
[2025-11-21T11:06:23.991Z] 🔒 Browser closed
[2025-11-21T11:06:23.991Z] 🚀 Initializing browser with anti-detection...
[2025-11-21T11:06:24.289Z] ✅ Browser initialized with stealth mode
[2025-11-21T11:06:24.289Z] 🔍 Processing guns item 9422 (503/122)
[2025-11-21T11:06:28.277Z] ✅ Collected HTML for item 9422
[2025-11-21T11:06:30.279Z] 🔄 Restarting browser for fresh session...
[2025-11-21T11:06:30.379Z] 🔒 Browser closed
[2025-11-21T11:06:30.379Z] 🚀 Initializing browser with anti-detection...
[2025-11-21T11:06:30.669Z] ✅ Browser initialized with stealth mode
[2025-11-21T11:06:30.669Z] 🔍 Processing guns item 9456 (504/122)
[2025-11-21T11:06:34.673Z] ✅ Collected HTML for item 9456
[2025-11-21T11:06:36.676Z] 🔄 Restarting browser for fresh session...
[2025-11-21T11:06:36.777Z] 🔒 Browser closed
[2025-11-21T11:06:36.778Z] 🚀 Initializing browser with anti-detection...
[2025-11-21T11:06:37.072Z] ✅ Browser initialized with stealth mode
[2025-11-21T11:06:37.072Z] 🔍 Processing guns item 9487 (505/122)
[2025-11-21T11:06:41.068Z] ✅ Collected HTML for item 9487
[2025-11-21T11:06:43.072Z] 🔄 Restarting browser for fresh session...
[2025-11-21T11:06:43.170Z] 🔒 Browser closed
[2025-11-21T11:06:43.170Z] 🚀 Initializing browser with anti-detection...
[2025-11-21T11:06:43.458Z] ✅ Browser initialized with stealth mode
[2025-11-21T11:06:43.458Z] 🔍 Processing guns item 11629 (506/122)
[2025-11-21T11:06:47.328Z] ✅ Collected HTML for item 11629
[2025-11-21T11:06:49.330Z] 🔄 Restarting browser for fresh session...
[2025-11-21T11:06:49.430Z] 🔒 Browser closed
[2025-11-21T11:06:49.430Z] 🚀 Initializing browser with anti-detection...
[2025-11-21T11:06:49.721Z] ✅ Browser initialized with stealth mode
[2025-11-21T11:06:49.722Z] 🔍 Processing guns item 13136 (507/122)
[2025-11-21T11:06:53.596Z] ✅ Collected HTML for item 13136
[2025-11-21T11:06:55.599Z] 🔄 Restarting browser for fresh session...
[2025-11-21T11:06:55.705Z] 🔒 Browser closed
[2025-11-21T11:06:55.705Z] 🚀 Initializing browser with anti-detection...
[2025-11-21T11:06:55.988Z] ✅ Browser initialized with stealth mode
[2025-11-21T11:06:55.988Z] 🔍 Processing guns item 13137 (508/122)
[2025-11-21T11:06:59.989Z] ✅ Collected HTML for item 13137
[2025-11-21T11:07:01.990Z] 🔄 Restarting browser for fresh session...
[2025-11-21T11:07:02.095Z] 🔒 Browser closed
[2025-11-21T11:07:02.095Z] 🚀 Initializing browser with anti-detection...
[2025-11-21T11:07:02.387Z] ✅ Browser initialized with stealth mode
[2025-11-21T11:07:02.387Z] 🔍 Processing guns item 13138 (509/122)
[2025-11-21T11:07:06.260Z] ✅ Collected HTML for item 13138
[2025-11-21T11:07:08.263Z] 🔄 Restarting browser for fresh session...
[2025-11-21T11:07:08.363Z] 🔒 Browser closed
[2025-11-21T11:07:08.363Z] 🚀 Initializing browser with anti-detection...
[2025-11-21T11:07:08.659Z] ✅ Browser initialized with stealth mode
[2025-11-21T11:07:08.659Z] 🔍 Processing guns item 13139 (510/122)
[2025-11-21T11:07:12.527Z] ✅ Collected HTML for item 13139
[2025-11-21T11:07:14.529Z] 🔄 Restarting browser for fresh session...
[2025-11-21T11:07:14.630Z] 🔒 Browser closed
[2025-11-21T11:07:14.630Z] 🚀 Initializing browser with anti-detection...
[2025-11-21T11:07:14.924Z] ✅ Browser initialized with stealth mode
[2025-11-21T11:07:14.924Z] 🔍 Processing guns item 13146 (511/122)
[2025-11-21T11:07:18.799Z] ✅ Collected HTML for item 13146
[2025-11-21T11:07:20.802Z] 🔄 Restarting browser for fresh session...
[2025-11-21T11:07:20.897Z] 🔒 Browser closed
[2025-11-21T11:07:20.897Z] 🚀 Initializing browser with anti-detection...
[2025-11-21T11:07:21.191Z] ✅ Browser initialized with stealth mode
[2025-11-21T11:07:21.191Z] 🔍 Processing guns item 13248 (512/122)
[2025-11-21T11:07:25.187Z] ✅ Collected HTML for item 13248
[2025-11-21T11:07:27.191Z] 🔄 Restarting browser for fresh session...
[2025-11-21T11:07:27.295Z] 🔒 Browser closed
[2025-11-21T11:07:27.295Z] 🚀 Initializing browser with anti-detection...
[2025-11-21T11:07:27.585Z] ✅ Browser initialized with stealth mode
[2025-11-21T11:07:27.585Z] 🔍 Processing guns item 13380 (513/122)
[2025-11-21T11:07:31.454Z] ✅ Collected HTML for item 13380
[2025-11-21T11:07:33.458Z] 🔄 Restarting browser for fresh session...
[2025-11-21T11:07:33.563Z] 🔒 Browser closed
[2025-11-21T11:07:33.563Z] 🚀 Initializing browser with anti-detection...
[2025-11-21T11:07:33.857Z] ✅ Browser initialized with stealth mode
[2025-11-21T11:07:33.857Z] 🔍 Processing guns item 16004 (514/122)
[2025-11-21T11:07:37.852Z] ✅ Collected HTML for item 16004
[2025-11-21T11:07:39.855Z] 🔄 Restarting browser for fresh session...
[2025-11-21T11:07:39.951Z] 🔒 Browser closed
[2025-11-21T11:07:39.951Z] 🚀 Initializing browser with anti-detection...
[2025-11-21T11:07:40.247Z] ✅ Browser initialized with stealth mode
[2025-11-21T11:07:40.247Z] 🔍 Processing guns item 16007 (515/122)
[2025-11-21T11:07:44.112Z] ✅ Collected HTML for item 16007
[2025-11-21T11:07:46.113Z] 🔄 Restarting browser for fresh session...
[2025-11-21T11:07:46.212Z] 🔒 Browser closed
[2025-11-21T11:07:46.212Z] 🚀 Initializing browser with anti-detection...
[2025-11-21T11:07:46.496Z] ✅ Browser initialized with stealth mode
[2025-11-21T11:07:46.497Z] 🔍 Processing guns item 17072 (516/122)
[2025-11-21T11:07:50.490Z] ✅ Collected HTML for item 17072
[2025-11-21T11:07:52.493Z] 🔄 Restarting browser for fresh session...
[2025-11-21T11:07:52.594Z] 🔒 Browser closed
[2025-11-21T11:07:52.594Z] 🚀 Initializing browser with anti-detection...
[2025-11-21T11:07:52.876Z] ✅ Browser initialized with stealth mode
[2025-11-21T11:07:52.876Z] 🔍 Processing guns item 17717 (517/122)
[2025-11-21T11:07:56.868Z] ✅ Collected HTML for item 17717
[2025-11-21T11:07:58.872Z] 🔄 Restarting browser for fresh session...
[2025-11-21T11:07:58.994Z] 🔒 Browser closed
[2025-11-21T11:07:58.994Z] 🚀 Initializing browser with anti-detection...
[2025-11-21T11:07:59.303Z] ✅ Browser initialized with stealth mode
[2025-11-21T11:07:59.303Z] 🔍 Processing guns item 18282 (518/122)
[2025-11-21T11:08:03.313Z] ✅ Collected HTML for item 18282
[2025-11-21T11:08:05.314Z] 🔄 Restarting browser for fresh session...
[2025-11-21T11:08:05.419Z] 🔒 Browser closed
[2025-11-21T11:08:05.419Z] 🚀 Initializing browser with anti-detection...
[2025-11-21T11:08:05.703Z] ✅ Browser initialized with stealth mode
[2025-11-21T11:08:05.704Z] 🔍 Processing guns item 18755 (519/122)
[2025-11-21T11:08:09.699Z] ✅ Collected HTML for item 18755
[2025-11-21T11:08:11.701Z] 🔄 Restarting browser for fresh session...
[2025-11-21T11:08:11.791Z] 🔒 Browser closed
[2025-11-21T11:08:11.791Z] 🚀 Initializing browser with anti-detection...
[2025-11-21T11:08:12.080Z] ✅ Browser initialized with stealth mode
[2025-11-21T11:08:12.080Z] 🔍 Processing guns item 18855 (520/122)
[2025-11-21T11:08:15.949Z] ✅ Collected HTML for item 18855
[2025-11-21T11:08:17.952Z] 🔄 Restarting browser for fresh session...
[2025-11-21T11:08:18.050Z] 🔒 Browser closed
[2025-11-21T11:08:18.050Z] 🚀 Initializing browser with anti-detection...
[2025-11-21T11:08:18.341Z] ✅ Browser initialized with stealth mode
[2025-11-21T11:08:18.342Z] 🔍 Processing guns item 18860 (521/122)
[2025-11-21T11:08:22.337Z] ✅ Collected HTML for item 18860
[2025-11-21T11:08:24.341Z] 🔄 Restarting browser for fresh session...
[2025-11-21T11:08:24.441Z] 🔒 Browser closed
[2025-11-21T11:08:24.441Z] 🚀 Initializing browser with anti-detection...
[2025-11-21T11:08:24.743Z] ✅ Browser initialized with stealth mode
[2025-11-21T11:08:24.743Z] 🔍 Processing guns item 19368 (522/122)
[2025-11-21T11:08:28.609Z] ✅ Collected HTML for item 19368
[2025-11-21T11:08:30.612Z] 🔄 Restarting browser for fresh session...
[2025-11-21T11:08:30.709Z] 🔒 Browser closed
[2025-11-21T11:08:30.709Z] 🚀 Initializing browser with anti-detection...
[2025-11-21T11:08:31.001Z] ✅ Browser initialized with stealth mode
[2025-11-21T11:08:31.001Z] 🔍 Processing guns item 19853 (523/122)
[2025-11-21T11:08:34.994Z] ✅ Collected HTML for item 19853
[2025-11-21T11:08:36.996Z] 🔄 Restarting browser for fresh session...
[2025-11-21T11:08:37.097Z] 🔒 Browser closed
[2025-11-21T11:08:37.097Z] 🚀 Initializing browser with anti-detection...
[2025-11-21T11:08:37.389Z] ✅ Browser initialized with stealth mode
[2025-11-21T11:08:37.389Z] 🔍 Processing guns item 20245 (524/122)
[2025-11-21T11:08:41.393Z] ✅ Collected HTML for item 20245
[2025-11-21T11:08:43.397Z] 🔄 Restarting browser for fresh session...
[2025-11-21T11:08:43.505Z] 🔒 Browser closed
[2025-11-21T11:08:43.506Z] 🚀 Initializing browser with anti-detection...
[2025-11-21T11:08:43.798Z] ✅ Browser initialized with stealth mode
[2025-11-21T11:08:43.798Z] 🔍 Processing guns item 20285 (525/122)
[2025-11-21T11:08:47.794Z] ✅ Collected HTML for item 20285
[2025-11-21T11:08:49.795Z] 🔄 Restarting browser for fresh session...
[2025-11-21T11:08:49.887Z] 🔒 Browser closed
[2025-11-21T11:08:49.887Z] 🚀 Initializing browser with anti-detection...
[2025-11-21T11:08:50.178Z] ✅ Browser initialized with stealth mode
[2025-11-21T11:08:50.179Z] 🔍 Processing guns item 20722 (526/122)
[2025-11-21T11:08:54.180Z] ✅ Collected HTML for item 20722
[2025-11-21T11:08:56.182Z] 🔄 Restarting browser for fresh session...
[2025-11-21T11:08:56.280Z] 🔒 Browser closed
[2025-11-21T11:08:56.280Z] 🚀 Initializing browser with anti-detection...
[2025-11-21T11:08:56.573Z] ✅ Browser initialized with stealth mode
[2025-11-21T11:08:56.573Z] 🔍 Processing guns item 21272 (527/122)
[2025-11-21T11:09:00.569Z] ✅ Collected HTML for item 21272
[2025-11-21T11:09:02.572Z] 🔄 Restarting browser for fresh session...
[2025-11-21T11:09:02.672Z] 🔒 Browser closed
[2025-11-21T11:09:02.672Z] 🚀 Initializing browser with anti-detection...
[2025-11-21T11:09:02.962Z] ✅ Browser initialized with stealth mode
[2025-11-21T11:09:02.962Z] 🔍 Processing guns item 21800 (528/122)
[2025-11-21T11:09:06.831Z] ✅ Collected HTML for item 21800
[2025-11-21T11:09:08.835Z] 🔄 Restarting browser for fresh session...
[2025-11-21T11:09:08.932Z] 🔒 Browser closed
[2025-11-21T11:09:08.932Z] 🚀 Initializing browser with anti-detection...
[2025-11-21T11:09:09.224Z] ✅ Browser initialized with stealth mode
[2025-11-21T11:09:09.224Z] 🔍 Processing guns item 22656 (529/122)
[2025-11-21T11:09:13.220Z] ✅ Collected HTML for item 22656
[2025-11-21T11:09:15.224Z] 🔄 Restarting browser for fresh session...
[2025-11-21T11:09:15.332Z] 🔒 Browser closed
[2025-11-21T11:09:15.333Z] 🚀 Initializing browser with anti-detection...
[2025-11-21T11:09:15.620Z] ✅ Browser initialized with stealth mode
[2025-11-21T11:09:15.620Z] 🔍 Processing guns item 22810 (530/122)
[2025-11-21T11:09:19.495Z] ✅ Collected HTML for item 22810
[2025-11-21T11:09:21.498Z] 🔄 Restarting browser for fresh session...
[2025-11-21T11:09:21.597Z] 🔒 Browser closed
[2025-11-21T11:09:21.597Z] 🚀 Initializing browser with anti-detection...
[2025-11-21T11:09:21.883Z] ✅ Browser initialized with stealth mode
[2025-11-21T11:09:21.883Z] 🔍 Processing guns item 23557 (531/122)
[2025-11-21T11:09:25.754Z] ✅ Collected HTML for item 23557
[2025-11-21T11:09:27.755Z] 🔄 Restarting browser for fresh session...
[2025-11-21T11:09:27.857Z] 🔒 Browser closed
[2025-11-21T11:09:27.857Z] 🚀 Initializing browser with anti-detection...
[2025-11-21T11:09:28.152Z] ✅ Browser initialized with stealth mode
[2025-11-21T11:09:28.153Z] 🔍 Processing guns item 51746 (532/122)
[2025-11-21T11:09:32.021Z] ✅ Collected HTML for item 51746
[2025-11-21T11:09:34.025Z] 🔄 Restarting browser for fresh session...
[2025-11-21T11:09:34.122Z] 🔒 Browser closed
[2025-11-21T11:09:34.122Z] 🚀 Initializing browser with anti-detection...
[2025-11-21T11:09:34.409Z] ✅ Browser initialized with stealth mode
[2025-11-21T11:09:34.409Z] 🔍 Processing guns item 51780 (533/122)
[2025-11-21T11:09:38.284Z] ✅ Collected HTML for item 51780
[2025-11-21T11:09:40.292Z] 🔄 Restarting browser for fresh session...
[2025-11-21T11:09:40.395Z] 🔒 Browser closed
[2025-11-21T11:09:40.395Z] 🚀 Initializing browser with anti-detection...
[2025-11-21T11:09:40.689Z] ✅ Browser initialized with stealth mode
[2025-11-21T11:09:40.689Z] 🔍 Processing guns item 55068 (534/122)
[2025-11-21T11:09:44.561Z] ✅ Collected HTML for item 55068
[2025-11-21T11:09:46.565Z] 🔄 Restarting browser for fresh session...
[2025-11-21T11:09:46.666Z] 🔒 Browser closed
[2025-11-21T11:09:46.666Z] 🚀 Initializing browser with anti-detection...
[2025-11-21T11:09:46.949Z] ✅ Browser initialized with stealth mode
[2025-11-21T11:09:46.949Z] 🔍 Processing guns item 55379 (535/122)
[2025-11-21T11:09:50.955Z] ✅ Collected HTML for item 55379
[2025-11-21T11:09:52.957Z] 🔄 Restarting browser for fresh session...
[2025-11-21T11:09:53.060Z] 🔒 Browser closed
[2025-11-21T11:09:53.060Z] 🚀 Initializing browser with anti-detection...
[2025-11-21T11:09:53.356Z] ✅ Browser initialized with stealth mode
[2025-11-21T11:09:53.356Z] 🔍 Processing guns item 58083 (536/122)
[2025-11-21T11:09:57.354Z] ✅ Collected HTML for item 58083
[2025-11-21T11:09:59.358Z] 🔄 Restarting browser for fresh session...
[2025-11-21T11:09:59.453Z] 🔒 Browser closed
[2025-11-21T11:09:59.453Z] 🚀 Initializing browser with anti-detection...
[2025-11-21T11:09:59.744Z] ✅ Browser initialized with stealth mode
[2025-11-21T11:09:59.744Z] 🔍 Processing guns item 60545 (537/122)
[2025-11-21T11:10:03.746Z] ✅ Collected HTML for item 60545
[2025-11-21T11:10:05.749Z] 🔄 Restarting browser for fresh session...
[2025-11-21T11:10:05.859Z] 🔒 Browser closed
[2025-11-21T11:10:05.859Z] 🚀 Initializing browser with anti-detection...
[2025-11-21T11:10:06.141Z] ✅ Browser initialized with stealth mode
[2025-11-21T11:10:06.141Z] 🔍 Processing guns item 61011 (538/122)
[2025-11-21T11:10:10.016Z] ✅ Collected HTML for item 61011
[2025-11-21T11:10:12.019Z] 🔄 Restarting browser for fresh session...
[2025-11-21T11:10:12.119Z] 🔒 Browser closed
[2025-11-21T11:10:12.120Z] 🚀 Initializing browser with anti-detection...
[2025-11-21T11:10:12.408Z] ✅ Browser initialized with stealth mode
[2025-11-21T11:10:12.408Z] 🔍 Processing guns item 61068 (539/122)
[2025-11-21T11:10:16.656Z] ✅ Collected HTML for item 61068
[2025-11-21T11:10:18.660Z] 🔄 Restarting browser for fresh session...
[2025-11-21T11:10:18.767Z] 🔒 Browser closed
[2025-11-21T11:10:18.767Z] 🚀 Initializing browser with anti-detection...
[2025-11-21T11:10:19.060Z] ✅ Browser initialized with stealth mode
[2025-11-21T11:10:19.060Z] 🔍 Processing guns item 61248 (540/122)
[2025-11-21T11:10:22.931Z] ✅ Collected HTML for item 61248
[2025-11-21T11:10:24.934Z] 🔄 Restarting browser for fresh session...
[2025-11-21T11:10:25.032Z] 🔒 Browser closed
[2025-11-21T11:10:25.032Z] 🚀 Initializing browser with anti-detection...
[2025-11-21T11:10:25.324Z] ✅ Browser initialized with stealth mode
[2025-11-21T11:10:25.324Z] 🔍 Processing guns item 61307 (541/122)
[2025-11-21T11:10:29.325Z] ✅ Collected HTML for item 61307
[2025-11-21T11:10:31.328Z] 🔄 Restarting browser for fresh session...
[2025-11-21T11:10:31.432Z] 🔒 Browser closed
[2025-11-21T11:10:31.432Z] 🚀 Initializing browser with anti-detection...
[2025-11-21T11:10:31.724Z] ✅ Browser initialized with stealth mode
[2025-11-21T11:10:31.724Z] 🔍 Processing guns item 61383 (542/122)
[2025-11-21T11:10:35.728Z] ✅ Collected HTML for item 61383
[2025-11-21T11:10:37.730Z] 🔄 Restarting browser for fresh session...
[2025-11-21T11:10:37.833Z] 🔒 Browser closed
[2025-11-21T11:10:37.833Z] 🚀 Initializing browser with anti-detection...
[2025-11-21T11:10:38.124Z] ✅ Browser initialized with stealth mode
[2025-11-21T11:10:38.124Z] 🔍 Processing guns item 80795 (543/122)
[2025-11-21T11:10:42.144Z] ✅ Collected HTML for item 80795
[2025-11-21T11:10:44.146Z] 🔄 Restarting browser for fresh session...
[2025-11-21T11:10:44.250Z] 🔒 Browser closed
[2025-11-21T11:10:44.251Z] 🚀 Initializing browser with anti-detection...
[2025-11-21T11:10:44.544Z] ✅ Browser initialized with stealth mode
[2025-11-21T11:10:44.544Z] 🔍 Processing guns item 83257 (544/122)
[2025-11-21T11:10:48.410Z] ✅ Collected HTML for item 83257
[2025-11-21T11:10:50.413Z] 🔄 Restarting browser for fresh session...
[2025-11-21T11:10:50.516Z] 🔒 Browser closed
[2025-11-21T11:10:50.516Z] 🚀 Initializing browser with anti-detection...
[2025-11-21T11:10:50.801Z] ✅ Browser initialized with stealth mode
[2025-11-21T11:10:50.801Z] 🔍 Processing guns item 2508 (545/122)
[2025-11-21T11:10:54.678Z] ✅ Collected HTML for item 2508
[2025-11-21T11:10:56.680Z] 🔄 Restarting browser for fresh session...
[2025-11-21T11:10:56.780Z] 🔒 Browser closed
[2025-11-21T11:10:56.780Z] 🚀 Initializing browser with anti-detection...
[2025-11-21T11:10:57.069Z] ✅ Browser initialized with stealth mode
[2025-11-21T11:10:57.069Z] 🔍 Processing guns item 2511 (546/122)
[2025-11-21T11:11:01.066Z] ✅ Collected HTML for item 2511
[2025-11-21T11:11:03.068Z] 🔄 Restarting browser for fresh session...
[2025-11-21T11:11:03.169Z] 🔒 Browser closed
[2025-11-21T11:11:03.169Z] 🚀 Initializing browser with anti-detection...
[2025-11-21T11:11:03.460Z] ✅ Browser initialized with stealth mode
[2025-11-21T11:11:03.460Z] 🔍 Processing guns item 2904 (547/122)
[2025-11-21T11:11:07.464Z] ✅ Collected HTML for item 2904
[2025-11-21T11:11:09.466Z] 🔄 Restarting browser for fresh session...
[2025-11-21T11:11:09.570Z] 🔒 Browser closed
[2025-11-21T11:11:09.570Z] 🚀 Initializing browser with anti-detection...
[2025-11-21T11:11:09.857Z] ✅ Browser initialized with stealth mode
[2025-11-21T11:11:09.858Z] 🔍 Processing guns item 3023 (548/122)
[2025-11-21T11:11:13.852Z] ✅ Collected HTML for item 3023
[2025-11-21T11:11:15.856Z] 🔄 Restarting browser for fresh session...
[2025-11-21T11:11:15.961Z] 🔒 Browser closed
[2025-11-21T11:11:15.961Z] 🚀 Initializing browser with anti-detection...
[2025-11-21T11:11:16.273Z] ✅ Browser initialized with stealth mode
[2025-11-21T11:11:16.274Z] 🔍 Processing guns item 3024 (549/122)
[2025-11-21T11:11:20.286Z] ✅ Collected HTML for item 3024
[2025-11-21T11:11:22.288Z] 🔄 Restarting browser for fresh session...
[2025-11-21T11:11:22.392Z] 🔒 Browser closed
[2025-11-21T11:11:22.392Z] 🚀 Initializing browser with anti-detection...
[2025-11-21T11:11:22.690Z] ✅ Browser initialized with stealth mode
[2025-11-21T11:11:22.690Z] 🔍 Processing guns item 3025 (550/122)
[2025-11-21T11:11:26.685Z] ✅ Collected HTML for item 3025
[2025-11-21T11:11:28.688Z] 🔄 Restarting browser for fresh session...
[2025-11-21T11:11:28.791Z] 🔒 Browser closed
[2025-11-21T11:11:28.791Z] 🚀 Initializing browser with anti-detection...
[2025-11-21T11:11:29.084Z] ✅ Browser initialized with stealth mode
[2025-11-21T11:11:29.084Z] 🔍 Processing guns item 3040 (551/122)
[2025-11-21T11:11:33.092Z] ✅ Collected HTML for item 3040
[2025-11-21T11:11:35.095Z] 🔄 Restarting browser for fresh session...
[2025-11-21T11:11:35.198Z] 🔒 Browser closed
[2025-11-21T11:11:35.198Z] 🚀 Initializing browser with anti-detection...
[2025-11-21T11:11:35.491Z] ✅ Browser initialized with stealth mode
[2025-11-21T11:11:35.491Z] 🔍 Processing guns item 3079 (552/122)
[2025-11-21T11:11:39.489Z] ✅ Collected HTML for item 3079
[2025-11-21T11:11:41.492Z] 🔄 Restarting browser for fresh session...
[2025-11-21T11:11:41.589Z] 🔒 Browser closed
[2025-11-21T11:11:41.589Z] 🚀 Initializing browser with anti-detection...
[2025-11-21T11:11:41.889Z] ✅ Browser initialized with stealth mode
[2025-11-21T11:11:41.889Z] 🔍 Processing guns item 3430 (553/122)
[2025-11-21T11:11:45.908Z] ✅ Collected HTML for item 3430
[2025-11-21T11:11:47.911Z] 🔄 Restarting browser for fresh session...
[2025-11-21T11:11:48.007Z] 🔒 Browser closed
[2025-11-21T11:11:48.008Z] 🚀 Initializing browser with anti-detection...
[2025-11-21T11:11:48.299Z] ✅ Browser initialized with stealth mode
[2025-11-21T11:11:48.299Z] 🔍 Processing guns item 3567 (554/122)
[2025-11-21T11:11:52.297Z] ✅ Collected HTML for item 3567
[2025-11-21T11:11:54.301Z] 🔄 Restarting browser for fresh session...
[2025-11-21T11:11:54.403Z] 🔒 Browser closed
[2025-11-21T11:11:54.403Z] 🚀 Initializing browser with anti-detection...
[2025-11-21T11:11:54.697Z] ✅ Browser initialized with stealth mode
[2025-11-21T11:11:54.697Z] 🔍 Processing guns item 4086 (555/122)
[2025-11-21T11:11:58.700Z] ✅ Collected HTML for item 4086
[2025-11-21T11:12:00.703Z] 🔄 Restarting browser for fresh session...
[2025-11-21T11:12:00.805Z] 🔒 Browser closed
[2025-11-21T11:12:00.805Z] 🚀 Initializing browser with anti-detection...
[2025-11-21T11:12:01.093Z] ✅ Browser initialized with stealth mode
[2025-11-21T11:12:01.093Z] 🔍 Processing guns item 4089 (556/122)
[2025-11-21T11:12:04.972Z] ✅ Collected HTML for item 4089
[2025-11-21T11:12:06.975Z] 🔄 Restarting browser for fresh session...
[2025-11-21T11:12:07.085Z] 🔒 Browser closed
[2025-11-21T11:12:07.085Z] 🚀 Initializing browser with anti-detection...
[2025-11-21T11:12:07.377Z] ✅ Browser initialized with stealth mode
[2025-11-21T11:12:07.377Z] 🔍 Processing guns item 4111 (557/122)
[2025-11-21T11:12:11.368Z] ✅ Collected HTML for item 4111
[2025-11-21T11:12:13.371Z] 🔄 Restarting browser for fresh session...
[2025-11-21T11:12:13.466Z] 🔒 Browser closed
[2025-11-21T11:12:13.466Z] 🚀 Initializing browser with anti-detection...
[2025-11-21T11:12:13.758Z] ✅ Browser initialized with stealth mode
[2025-11-21T11:12:13.758Z] 🔍 Processing guns item 4127 (558/122)
[2025-11-21T11:12:17.756Z] ✅ Collected HTML for item 4127
[2025-11-21T11:12:19.758Z] 🔄 Restarting browser for fresh session...
[2025-11-21T11:12:19.862Z] 🔒 Browser closed
[2025-11-21T11:12:19.862Z] 🚀 Initializing browser with anti-detection...
[2025-11-21T11:12:20.173Z] ✅ Browser initialized with stealth mode
[2025-11-21T11:12:20.173Z] 🔍 Processing guns item 4362 (559/122)
[2025-11-21T11:12:24.027Z] ✅ Collected HTML for item 4362
[2025-11-21T11:12:26.031Z] 🔄 Restarting browser for fresh session...
[2025-11-21T11:12:26.136Z] 🔒 Browser closed
[2025-11-21T11:12:26.136Z] 🚀 Initializing browser with anti-detection...
[2025-11-21T11:12:26.418Z] ✅ Browser initialized with stealth mode
[2025-11-21T11:12:26.418Z] 🔍 Processing guns item 4369 (560/122)
[2025-11-21T11:12:30.291Z] ✅ Collected HTML for item 4369
[2025-11-21T11:12:32.294Z] 🔄 Restarting browser for fresh session...
[2025-11-21T11:12:32.391Z] 🔒 Browser closed
[2025-11-21T11:12:32.391Z] 🚀 Initializing browser with anti-detection...
[2025-11-21T11:12:32.682Z] ✅ Browser initialized with stealth mode
[2025-11-21T11:12:32.682Z] 🔍 Processing guns item 4372 (561/122)
[2025-11-21T11:12:36.688Z] ✅ Collected HTML for item 4372
[2025-11-21T11:12:38.692Z] 🔄 Restarting browser for fresh session...
[2025-11-21T11:12:38.792Z] 🔒 Browser closed
[2025-11-21T11:12:38.792Z] 🚀 Initializing browser with anti-detection...
[2025-11-21T11:12:39.087Z] ✅ Browser initialized with stealth mode
[2025-11-21T11:12:39.087Z] 🔍 Processing guns item 4379 (562/122)
[2025-11-21T11:12:43.081Z] ✅ Collected HTML for item 4379
[2025-11-21T11:12:45.082Z] 🔄 Restarting browser for fresh session...
[2025-11-21T11:12:45.166Z] 🔒 Browser closed
[2025-11-21T11:12:45.166Z] 🚀 Initializing browser with anti-detection...
[2025-11-21T11:12:45.459Z] ✅ Browser initialized with stealth mode
[2025-11-21T11:12:45.459Z] 🔍 Processing guns item 4383 (563/122)
[2025-11-21T11:12:49.450Z] ✅ Collected HTML for item 4383
[2025-11-21T11:12:51.451Z] 🔄 Restarting browser for fresh session...
[2025-11-21T11:12:51.553Z] 🔒 Browser closed
[2025-11-21T11:12:51.553Z] 🚀 Initializing browser with anti-detection...
[2025-11-21T11:12:51.840Z] ✅ Browser initialized with stealth mode
[2025-11-21T11:12:51.840Z] 🔍 Processing guns item 4577 (564/122)
[2025-11-21T11:12:55.850Z] ✅ Collected HTML for item 4577
[2025-11-21T11:12:57.851Z] 🔄 Restarting browser for fresh session...
[2025-11-21T11:12:57.943Z] 🔒 Browser closed
[2025-11-21T11:12:57.943Z] 🚀 Initializing browser with anti-detection...
[2025-11-21T11:12:58.239Z] ✅ Browser initialized with stealth mode
[2025-11-21T11:12:58.239Z] 🔍 Processing guns item 5309 (565/122)
[2025-11-21T11:13:02.108Z] ✅ Collected HTML for item 5309
[2025-11-21T11:13:04.110Z] 🔄 Restarting browser for fresh session...
[2025-11-21T11:13:04.213Z] 🔒 Browser closed
[2025-11-21T11:13:04.214Z] 🚀 Initializing browser with anti-detection...
[2025-11-21T11:13:04.496Z] ✅ Browser initialized with stealth mode
[2025-11-21T11:13:04.496Z] 🔍 Processing guns item 8181 (566/122)
[2025-11-21T11:13:08.369Z] ✅ Collected HTML for item 8181
[2025-11-21T11:13:10.370Z] 🔄 Restarting browser for fresh session...
[2025-11-21T11:13:10.464Z] 🔒 Browser closed
[2025-11-21T11:13:10.464Z] 🚀 Initializing browser with anti-detection...
[2025-11-21T11:13:10.753Z] ✅ Browser initialized with stealth mode
[2025-11-21T11:13:10.753Z] 🔍 Processing guns item 8188 (567/122)
[2025-11-21T11:13:14.633Z] ✅ Collected HTML for item 8188
[2025-11-21T11:13:16.634Z] 🔄 Restarting browser for fresh session...
[2025-11-21T11:13:16.743Z] 🔒 Browser closed
[2025-11-21T11:13:16.743Z] 🚀 Initializing browser with anti-detection...
[2025-11-21T11:13:17.040Z] ✅ Browser initialized with stealth mode
[2025-11-21T11:13:17.040Z] 🔍 Processing guns item 10508 (568/122)
[2025-11-21T11:13:21.045Z] ✅ Collected HTML for item 10508
[2025-11-21T11:13:23.049Z] 🔄 Restarting browser for fresh session...
[2025-11-21T11:13:23.153Z] 🔒 Browser closed
[2025-11-21T11:13:23.153Z] 🚀 Initializing browser with anti-detection...
[2025-11-21T11:13:23.449Z] ✅ Browser initialized with stealth mode
[2025-11-21T11:13:23.449Z] 🔍 Processing guns item 10510 (569/122)
[2025-11-21T11:13:27.438Z] ✅ Collected HTML for item 10510
[2025-11-21T11:13:29.440Z] 🔄 Restarting browser for fresh session...
[2025-11-21T11:13:29.541Z] 🔒 Browser closed
[2025-11-21T11:13:29.541Z] 🚀 Initializing browser with anti-detection...
[2025-11-21T11:13:29.820Z] ✅ Browser initialized with stealth mode
[2025-11-21T11:13:29.820Z] 🔍 Processing guns item 12446 (570/122)
[2025-11-21T11:13:33.816Z] ✅ Collected HTML for item 12446
[2025-11-21T11:13:35.819Z] 🔄 Restarting browser for fresh session...
[2025-11-21T11:13:35.936Z] 🔒 Browser closed
[2025-11-21T11:13:35.936Z] 🚀 Initializing browser with anti-detection...
[2025-11-21T11:13:36.225Z] ✅ Browser initialized with stealth mode
[2025-11-21T11:13:36.225Z] 🔍 Processing guns item 12448 (571/122)
[2025-11-21T11:13:40.102Z] ✅ Collected HTML for item 12448
[2025-11-21T11:13:42.104Z] 🔄 Restarting browser for fresh session...
[2025-11-21T11:13:42.203Z] 🔒 Browser closed
[2025-11-21T11:13:42.203Z] 🚀 Initializing browser with anti-detection...
[2025-11-21T11:13:42.496Z] ✅ Browser initialized with stealth mode
[2025-11-21T11:13:42.496Z] 🔍 Processing guns item 13474 (572/122)
[2025-11-21T11:13:46.494Z] ✅ Collected HTML for item 13474
[2025-11-21T11:13:48.498Z] 🔄 Restarting browser for fresh session...
[2025-11-21T11:13:48.598Z] 🔒 Browser closed
[2025-11-21T11:13:48.598Z] 🚀 Initializing browser with anti-detection...
[2025-11-21T11:13:48.895Z] ✅ Browser initialized with stealth mode
[2025-11-21T11:13:48.895Z] 🔍 Processing guns item 15205 (573/122)
[2025-11-21T11:13:52.891Z] ✅ Collected HTML for item 15205
[2025-11-21T11:13:54.894Z] 🔄 Restarting browser for fresh session...
[2025-11-21T11:13:54.996Z] 🔒 Browser closed
[2025-11-21T11:13:54.996Z] 🚀 Initializing browser with anti-detection...
[2025-11-21T11:13:55.276Z] ✅ Browser initialized with stealth mode
[2025-11-21T11:13:55.276Z] 🔍 Processing guns item 15322 (574/122)
[2025-11-21T11:13:59.289Z] ✅ Collected HTML for item 15322
[2025-11-21T11:14:01.291Z] 🔄 Restarting browser for fresh session...
[2025-11-21T11:14:01.394Z] 🔒 Browser closed
[2025-11-21T11:14:01.394Z] 🚀 Initializing browser with anti-detection...
[2025-11-21T11:14:01.702Z] ✅ Browser initialized with stealth mode
[2025-11-21T11:14:01.702Z] 🔍 Processing guns item 15323 (575/122)
[2025-11-21T11:14:05.720Z] ✅ Collected HTML for item 15323
[2025-11-21T11:14:07.723Z] 🔄 Restarting browser for fresh session...
[2025-11-21T11:14:07.829Z] 🔒 Browser closed
[2025-11-21T11:14:07.830Z] 🚀 Initializing browser with anti-detection...
[2025-11-21T11:14:08.120Z] ✅ Browser initialized with stealth mode
[2025-11-21T11:14:08.120Z] 🔍 Processing guns item 15324 (576/122)
[2025-11-21T11:14:12.122Z] ✅ Collected HTML for item 15324
[2025-11-21T11:14:14.123Z] 🔄 Restarting browser for fresh session...
[2025-11-21T11:14:14.229Z] 🔒 Browser closed
[2025-11-21T11:14:14.229Z] 🚀 Initializing browser with anti-detection...
[2025-11-21T11:14:14.514Z] ✅ Browser initialized with stealth mode
[2025-11-21T11:14:14.514Z] 🔍 Processing guns item 15325 (577/122)
[2025-11-21T11:14:28.181Z] ✅ Collected HTML for item 15325
[2025-11-21T11:14:30.183Z] 🔄 Restarting browser for fresh session...
[2025-11-21T11:14:30.285Z] 🔒 Browser closed
[2025-11-21T11:14:30.285Z] 🚀 Initializing browser with anti-detection...
[2025-11-21T11:14:30.576Z] ✅ Browser initialized with stealth mode
[2025-11-21T11:14:30.576Z] 🔍 Processing guns item 15691 (578/122)
[2025-11-21T11:14:34.446Z] ✅ Collected HTML for item 15691
[2025-11-21T11:14:36.449Z] 🔄 Restarting browser for fresh session...
[2025-11-21T11:14:36.550Z] 🔒 Browser closed
[2025-11-21T11:14:36.550Z] 🚀 Initializing browser with anti-detection...
[2025-11-21T11:14:36.834Z] ✅ Browser initialized with stealth mode
[2025-11-21T11:14:36.834Z] 🔍 Processing guns item 15995 (579/122)
[2025-11-21T11:14:40.711Z] ✅ Collected HTML for item 15995
[2025-11-21T11:14:42.714Z] 🔄 Restarting browser for fresh session...
[2025-11-21T11:14:42.817Z] 🔒 Browser closed
[2025-11-21T11:14:42.818Z] 🚀 Initializing browser with anti-detection...
[2025-11-21T11:14:43.108Z] ✅ Browser initialized with stealth mode
[2025-11-21T11:14:43.108Z] 🔍 Processing guns item 16992 (580/122)
[2025-11-21T11:14:47.102Z] ✅ Collected HTML for item 16992
[2025-11-21T11:14:49.106Z] 🔄 Restarting browser for fresh session...
[2025-11-21T11:14:49.209Z] 🔒 Browser closed
[2025-11-21T11:14:49.209Z] 🚀 Initializing browser with anti-detection...
[2025-11-21T11:14:49.507Z] ✅ Browser initialized with stealth mode
[2025-11-21T11:14:49.508Z] 🔍 Processing guns item 17042 (581/122)
[2025-11-21T11:14:53.503Z] ✅ Collected HTML for item 17042
[2025-11-21T11:14:55.507Z] 🔄 Restarting browser for fresh session...
[2025-11-21T11:14:55.605Z] 🔒 Browser closed
[2025-11-21T11:14:55.606Z] 🚀 Initializing browser with anti-detection...
[2025-11-21T11:14:55.908Z] ✅ Browser initialized with stealth mode
[2025-11-21T11:14:55.908Z] 🔍 Processing guns item 17687 (582/122)
[2025-11-21T11:14:59.776Z] ✅ Collected HTML for item 17687
[2025-11-21T11:15:01.779Z] 🔄 Restarting browser for fresh session...
[2025-11-21T11:15:01.882Z] 🔒 Browser closed
[2025-11-21T11:15:01.882Z] 🚀 Initializing browser with anti-detection...
[2025-11-21T11:15:02.176Z] ✅ Browser initialized with stealth mode
[2025-11-21T11:15:02.176Z] 🔍 Processing guns item 18460 (583/122)
[2025-11-21T11:15:06.451Z] ✅ Collected HTML for item 18460
[2025-11-21T11:15:08.453Z] 🔄 Restarting browser for fresh session...
[2025-11-21T11:15:08.549Z] 🔒 Browser closed
[2025-11-21T11:15:08.549Z] 🚀 Initializing browser with anti-detection...
[2025-11-21T11:15:08.841Z] ✅ Browser initialized with stealth mode
[2025-11-21T11:15:08.841Z] 🔍 Processing guns item 51759 (584/122)
[2025-11-21T11:15:12.707Z] ✅ Collected HTML for item 51759
[2025-11-21T11:15:14.710Z] 🔄 Restarting browser for fresh session...
[2025-11-21T11:15:14.812Z] 🔒 Browser closed
[2025-11-21T11:15:14.812Z] 🚀 Initializing browser with anti-detection...
[2025-11-21T11:15:15.098Z] ✅ Browser initialized with stealth mode
[2025-11-21T11:15:15.098Z] 🔍 Processing guns item 51794 (585/122)
[2025-11-21T11:15:19.103Z] ✅ Collected HTML for item 51794
[2025-11-21T11:15:21.105Z] 🔄 Restarting browser for fresh session...
[2025-11-21T11:15:21.206Z] 🔒 Browser closed
[2025-11-21T11:15:21.206Z] 🚀 Initializing browser with anti-detection...
[2025-11-21T11:15:21.498Z] ✅ Browser initialized with stealth mode
[2025-11-21T11:15:21.498Z] 🔍 Processing guns item 51828 (586/122)
[2025-11-21T11:15:25.494Z] ✅ Collected HTML for item 51828
[2025-11-21T11:15:27.497Z] 🔄 Restarting browser for fresh session...
[2025-11-21T11:15:27.600Z] 🔒 Browser closed
[2025-11-21T11:15:27.600Z] 🚀 Initializing browser with anti-detection...
[2025-11-21T11:15:27.897Z] ✅ Browser initialized with stealth mode
[2025-11-21T11:15:27.897Z] 🔍 Processing guns item 51862 (587/122)
[2025-11-21T11:15:31.892Z] ✅ Collected HTML for item 51862
[2025-11-21T11:15:33.896Z] 🔄 Restarting browser for fresh session...
[2025-11-21T11:15:33.989Z] 🔒 Browser closed
[2025-11-21T11:15:33.989Z] 🚀 Initializing browser with anti-detection...
[2025-11-21T11:15:34.278Z] ✅ Browser initialized with stealth mode
[2025-11-21T11:15:34.278Z] 🔍 Processing guns item 58284 (588/122)
[2025-11-21T11:15:38.270Z] ✅ Collected HTML for item 58284
[2025-11-21T11:15:40.274Z] 🔄 Restarting browser for fresh session...
[2025-11-21T11:15:40.372Z] 🔒 Browser closed
[2025-11-21T11:15:40.372Z] 🚀 Initializing browser with anti-detection...
[2025-11-21T11:15:40.668Z] ✅ Browser initialized with stealth mode
[2025-11-21T11:15:40.668Z] 🔍 Processing guns item 60165 (589/122)
[2025-11-21T11:15:44.537Z] ✅ Collected HTML for item 60165
[2025-11-21T11:15:46.541Z] 🔄 Restarting browser for fresh session...
[2025-11-21T11:15:46.648Z] 🔒 Browser closed
[2025-11-21T11:15:46.648Z] 🚀 Initializing browser with anti-detection...
[2025-11-21T11:15:46.983Z] ✅ Browser initialized with stealth mode
[2025-11-21T11:15:46.983Z] 🔍 Processing guns item 61472 (590/122)
[2025-11-21T11:15:50.985Z] ✅ Collected HTML for item 61472
[2025-11-21T11:15:52.987Z] 🔄 Restarting browser for fresh session...
[2025-11-21T11:15:53.084Z] 🔒 Browser closed
[2025-11-21T11:15:53.084Z] 🚀 Initializing browser with anti-detection...
[2025-11-21T11:15:53.372Z] ✅ Browser initialized with stealth mode
[2025-11-21T11:15:53.372Z] 🔍 Processing guns item 61629 (591/122)
[2025-11-21T11:15:57.366Z] ✅ Collected HTML for item 61629
[2025-11-21T11:15:59.367Z] 🔄 Restarting browser for fresh session...
[2025-11-21T11:15:59.470Z] 🔒 Browser closed
[2025-11-21T11:15:59.470Z] 🚀 Initializing browser with anti-detection...
[2025-11-21T11:15:59.754Z] ✅ Browser initialized with stealth mode
[2025-11-21T11:15:59.755Z] 🔍 Processing guns item 80106 (592/122)
[2025-11-21T11:16:03.632Z] ✅ Collected HTML for item 80106
[2025-11-21T11:16:05.635Z] 🔄 Restarting browser for fresh session...
[2025-11-21T11:16:05.741Z] 🔒 Browser closed
[2025-11-21T11:16:05.742Z] 🚀 Initializing browser with anti-detection...
[2025-11-21T11:16:06.038Z] ✅ Browser initialized with stealth mode
[2025-11-21T11:16:06.038Z] 🔍 Processing guns item 80127 (593/122)
[2025-11-21T11:16:09.909Z] ✅ Collected HTML for item 80127
[2025-11-21T11:16:11.911Z] 🔄 Restarting browser for fresh session...
[2025-11-21T11:16:12.012Z] 🔒 Browser closed
[2025-11-21T11:16:12.012Z] 🚀 Initializing browser with anti-detection...
[2025-11-21T11:16:12.307Z] ✅ Browser initialized with stealth mode
[2025-11-21T11:16:12.307Z] 🔍 Processing guns item 83094 (594/122)
[2025-11-21T11:16:16.309Z] ✅ Collected HTML for item 83094
[2025-11-21T11:16:18.312Z] 🔄 Restarting browser for fresh session...
[2025-11-21T11:16:18.412Z] 🔒 Browser closed
[2025-11-21T11:16:18.412Z] 🚀 Initializing browser with anti-detection...
[2025-11-21T11:16:18.713Z] ✅ Browser initialized with stealth mode
[2025-11-21T11:16:18.714Z] 🔍 Processing guns item 2509 (595/122)
[2025-11-21T11:16:23.026Z] ✅ Collected HTML for item 2509
[2025-11-21T11:16:25.030Z] 🔄 Restarting browser for fresh session...
[2025-11-21T11:16:25.128Z] 🔒 Browser closed
[2025-11-21T11:16:25.128Z] 🚀 Initializing browser with anti-detection...
[2025-11-21T11:16:25.421Z] ✅ Browser initialized with stealth mode
[2025-11-21T11:16:25.421Z] 🔍 Processing guns item 2510 (596/122)
[2025-11-21T11:16:29.416Z] ✅ Collected HTML for item 2510
[2025-11-21T11:16:31.419Z] 🔄 Restarting browser for fresh session...
[2025-11-21T11:16:31.518Z] 🔒 Browser closed
[2025-11-21T11:16:31.519Z] 🚀 Initializing browser with anti-detection...
[2025-11-21T11:16:31.802Z] ✅ Browser initialized with stealth mode
[2025-11-21T11:16:31.802Z] 🔍 Processing guns item 2552 (597/122)
[2025-11-21T11:16:35.798Z] ✅ Collected HTML for item 2552
[2025-11-21T11:16:37.802Z] 🔄 Restarting browser for fresh session...
[2025-11-21T11:16:37.901Z] 🔒 Browser closed
[2025-11-21T11:16:37.901Z] 🚀 Initializing browser with anti-detection...
[2025-11-21T11:16:38.188Z] ✅ Browser initialized with stealth mode
[2025-11-21T11:16:38.188Z] 🔍 Processing guns item 2774 (598/122)
[2025-11-21T11:16:46.170Z] ✅ Collected HTML for item 2774
[2025-11-21T11:16:48.171Z] 🔄 Restarting browser for fresh session...
[2025-11-21T11:16:48.269Z] 🔒 Browser closed
[2025-11-21T11:16:48.269Z] 🚀 Initializing browser with anti-detection...
[2025-11-21T11:16:48.559Z] ✅ Browser initialized with stealth mode
[2025-11-21T11:16:48.559Z] 🔍 Processing guns item 2778 (599/122)
[2025-11-21T11:16:52.432Z] ✅ Collected HTML for item 2778
[2025-11-21T11:16:54.433Z] 🔄 Restarting browser for fresh session...
[2025-11-21T11:16:54.540Z] 🔒 Browser closed
[2025-11-21T11:16:54.540Z] 🚀 Initializing browser with anti-detection...
[2025-11-21T11:16:54.842Z] ✅ Browser initialized with stealth mode
[2025-11-21T11:16:54.842Z] 🔍 Processing guns item 2781 (600/122)
[2025-11-21T11:16:58.839Z] ✅ Collected HTML for item 2781
[2025-11-21T11:17:00.842Z] 🔄 Restarting browser for fresh session...
[2025-11-21T11:17:00.939Z] 🔒 Browser closed
[2025-11-21T11:17:00.939Z] 🚀 Initializing browser with anti-detection...
[2025-11-21T11:17:01.238Z] ✅ Browser initialized with stealth mode
[2025-11-21T11:17:01.239Z] 🔍 Processing guns item 2783 (601/122)
[2025-11-21T11:17:05.241Z] ✅ Collected HTML for item 2783
[2025-11-21T11:17:07.244Z] 🔄 Restarting browser for fresh session...
[2025-11-21T11:17:07.350Z] 🔒 Browser closed
[2025-11-21T11:17:07.351Z] 🚀 Initializing browser with anti-detection...
[2025-11-21T11:17:07.640Z] ✅ Browser initialized with stealth mode
[2025-11-21T11:17:07.640Z] 🔍 Processing guns item 2786 (602/122)
[2025-11-21T11:17:11.513Z] ✅ Collected HTML for item 2786
[2025-11-21T11:17:13.518Z] 🔄 Restarting browser for fresh session...
[2025-11-21T11:17:13.618Z] 🔒 Browser closed
[2025-11-21T11:17:13.618Z] 🚀 Initializing browser with anti-detection...
[2025-11-21T11:17:13.916Z] ✅ Browser initialized with stealth mode
[2025-11-21T11:17:13.916Z] 🔍 Processing guns item 3780 (603/122)
[2025-11-21T11:17:17.923Z] ✅ Collected HTML for item 3780
[2025-11-21T11:17:19.926Z] 🔄 Restarting browser for fresh session...
[2025-11-21T11:17:20.030Z] 🔒 Browser closed
[2025-11-21T11:17:20.030Z] 🚀 Initializing browser with anti-detection...
[2025-11-21T11:17:20.309Z] ✅ Browser initialized with stealth mode
[2025-11-21T11:17:20.309Z] 🔍 Processing guns item 4026 (604/122)
[2025-11-21T11:17:51.844Z] ✅ Collected HTML for item 4026
[2025-11-21T11:17:53.846Z] 🔄 Restarting browser for fresh session...
[2025-11-21T11:17:53.949Z] 🔒 Browser closed
[2025-11-21T11:17:53.949Z] 🚀 Initializing browser with anti-detection...
[2025-11-21T11:17:54.326Z] ✅ Browser initialized with stealth mode
[2025-11-21T11:17:54.326Z] 🔍 Processing guns item 8182 (605/122)
[2025-11-21T11:17:58.325Z] ✅ Collected HTML for item 8182
[2025-11-21T11:18:00.328Z] 🔄 Restarting browser for fresh session...
[2025-11-21T11:18:00.429Z] 🔒 Browser closed
[2025-11-21T11:18:00.430Z] 🚀 Initializing browser with anti-detection...
[2025-11-21T11:18:00.721Z] ✅ Browser initialized with stealth mode
[2025-11-21T11:18:00.721Z] 🔍 Processing guns item 11021 (606/122)
[2025-11-21T11:18:04.717Z] ✅ Collected HTML for item 11021
[2025-11-21T11:18:06.721Z] 🔄 Restarting browser for fresh session...
[2025-11-21T11:18:06.838Z] 🔒 Browser closed
[2025-11-21T11:18:06.838Z] 🚀 Initializing browser with anti-detection...
[2025-11-21T11:18:07.133Z] ✅ Browser initialized with stealth mode
[2025-11-21T11:18:07.134Z] 🔍 Processing guns item 12523 (607/122)
[2025-11-21T11:18:11.136Z] ✅ Collected HTML for item 12523
[2025-11-21T11:18:13.140Z] 🔄 Restarting browser for fresh session...
[2025-11-21T11:18:13.241Z] 🔒 Browser closed
[2025-11-21T11:18:13.241Z] 🚀 Initializing browser with anti-detection...
[2025-11-21T11:18:13.526Z] ✅ Browser initialized with stealth mode
[2025-11-21T11:18:13.526Z] 🔍 Processing guns item 13825 (608/122)
[2025-11-21T11:18:17.528Z] ✅ Collected HTML for item 13825
[2025-11-21T11:18:19.531Z] 🔄 Restarting browser for fresh session...
[2025-11-21T11:18:19.639Z] 🔒 Browser closed
[2025-11-21T11:18:19.639Z] 🚀 Initializing browser with anti-detection...
[2025-11-21T11:18:19.930Z] ✅ Browser initialized with stealth mode
[2025-11-21T11:18:19.930Z] 🔍 Processing guns item 13923 (609/122)
[2025-11-21T11:18:23.930Z] ✅ Collected HTML for item 13923
[2025-11-21T11:18:25.933Z] 🔄 Restarting browser for fresh session...
[2025-11-21T11:18:26.047Z] 🔒 Browser closed
[2025-11-21T11:18:26.047Z] 🚀 Initializing browser with anti-detection...
[2025-11-21T11:18:26.344Z] ✅ Browser initialized with stealth mode
[2025-11-21T11:18:26.345Z] 🔍 Processing guns item 13924 (610/122)
[2025-11-21T11:18:30.340Z] ✅ Collected HTML for item 13924
[2025-11-21T11:18:32.342Z] 🔄 Restarting browser for fresh session...
[2025-11-21T11:18:32.444Z] 🔒 Browser closed
[2025-11-21T11:18:32.444Z] 🚀 Initializing browser with anti-detection...
[2025-11-21T11:18:32.734Z] ✅ Browser initialized with stealth mode
[2025-11-21T11:18:32.734Z] 🔍 Processing guns item 14642 (611/122)
[2025-11-21T11:18:36.729Z] ✅ Collected HTML for item 14642
[2025-11-21T11:18:38.731Z] 🔄 Restarting browser for fresh session...
[2025-11-21T11:18:38.835Z] 🔒 Browser closed
[2025-11-21T11:18:38.835Z] 🚀 Initializing browser with anti-detection...
[2025-11-21T11:18:39.131Z] ✅ Browser initialized with stealth mode
[2025-11-21T11:18:39.131Z] 🔍 Processing guns item 15460 (612/122)
[2025-11-21T11:18:43.127Z] ✅ Collected HTML for item 15460
[2025-11-21T11:18:45.131Z] 🔄 Restarting browser for fresh session...
[2025-11-21T11:18:45.232Z] 🔒 Browser closed
[2025-11-21T11:18:45.232Z] 🚀 Initializing browser with anti-detection...
[2025-11-21T11:18:45.527Z] ✅ Browser initialized with stealth mode
[2025-11-21T11:18:45.527Z] 🔍 Processing guns item 21554 (613/122)
[2025-11-21T11:18:49.520Z] ✅ Collected HTML for item 21554
[2025-11-21T11:18:51.522Z] 🔄 Restarting browser for fresh session...
[2025-11-21T11:18:51.618Z] 🔒 Browser closed
[2025-11-21T11:18:51.618Z] 🚀 Initializing browser with anti-detection...
[2025-11-21T11:18:51.902Z] ✅ Browser initialized with stealth mode
[2025-11-21T11:18:51.902Z] 🔍 Processing guns item 21564 (614/122)
[2025-11-21T11:18:55.898Z] ✅ Collected HTML for item 21564
[2025-11-21T11:18:57.900Z] 🔄 Restarting browser for fresh session...
[2025-11-21T11:18:58.010Z] 🔒 Browser closed
[2025-11-21T11:18:58.010Z] 🚀 Initializing browser with anti-detection...
[2025-11-21T11:18:58.312Z] ✅ Browser initialized with stealth mode
[2025-11-21T11:18:58.312Z] 🔍 Processing guns item 41023 (615/122)
[2025-11-21T11:19:02.173Z] ✅ Collected HTML for item 41023
[2025-11-21T11:19:04.175Z] 🔄 Restarting browser for fresh session...
[2025-11-21T11:19:04.279Z] 🔒 Browser closed
[2025-11-21T11:19:04.279Z] 🚀 Initializing browser with anti-detection...
[2025-11-21T11:19:04.571Z] ✅ Browser initialized with stealth mode
[2025-11-21T11:19:04.571Z] 🔍 Processing guns item 58086 (616/122)
[2025-11-21T11:19:08.436Z] ✅ Collected HTML for item 58086
[2025-11-21T11:19:10.440Z] ✅ guns HTML collection complete!
[2025-11-21T11:19:10.440Z] 📊 Successfully processed: 616
[2025-11-21T11:19:10.441Z] ❌ Failed: 1
[2025-11-21T11:19:13.442Z] 📁 Loaded 314 IDs from turtle_db/items-2.4.json
[2025-11-21T11:19:13.443Z] 
🎯 Processing 1h-maces (2.4)
[2025-11-21T11:19:13.443Z] 📊 Total IDs to process: 314
[2025-11-21T11:19:13.444Z] 📦 Already collected: 615
[2025-11-21T11:19:13.444Z] ⏳ Remaining to process: 314
[2025-11-21T11:19:13.444Z] 🔍 Processing 1h-maces item 810 (616/314)
[2025-11-21T11:19:18.137Z] ⏳ Cloudflare protection detected for item 810, waiting...
[2025-11-21T11:19:28.144Z] ⚠️ No main-contents found for item 810
[2025-11-21T11:19:30.149Z] 🔄 Restarting browser for fresh session...
[2025-11-21T11:19:30.256Z] 🔒 Browser closed
[2025-11-21T11:19:30.256Z] 🚀 Initializing browser with anti-detection...
[2025-11-21T11:19:30.585Z] ✅ Browser initialized with stealth mode
[2025-11-21T11:19:30.585Z] 🔍 Processing 1h-maces item 868 (617/314)
[2025-11-21T11:19:40.403Z] ✅ Collected HTML for item 868
[2025-11-21T11:19:42.406Z] 🔄 Restarting browser for fresh session...
[2025-11-21T11:19:42.508Z] 🔒 Browser closed
[2025-11-21T11:19:42.508Z] 🚀 Initializing browser with anti-detection...
[2025-11-21T11:19:42.808Z] ✅ Browser initialized with stealth mode
[2025-11-21T11:19:42.809Z] 🔍 Processing 1h-maces item 2243 (618/314)
[2025-11-21T11:19:46.814Z] ✅ Collected HTML for item 2243
[2025-11-21T11:19:48.816Z] 🔄 Restarting browser for fresh session...
[2025-11-21T11:19:48.913Z] 🔒 Browser closed
[2025-11-21T11:19:48.913Z] 🚀 Initializing browser with anti-detection...
[2025-11-21T11:19:49.197Z] ✅ Browser initialized with stealth mode
[2025-11-21T11:19:49.197Z] 🔍 Processing 1h-maces item 3414 (619/314)
[2025-11-21T11:19:53.198Z] ✅ Collected HTML for item 3414
[2025-11-21T11:19:55.201Z] 🔄 Restarting browser for fresh session...
[2025-11-21T11:19:55.308Z] 🔒 Browser closed
[2025-11-21T11:19:55.308Z] 🚀 Initializing browser with anti-detection...
[2025-11-21T11:19:55.598Z] ✅ Browser initialized with stealth mode
[2025-11-21T11:19:55.598Z] 🔍 Processing 1h-maces item 8708 (620/314)
[2025-11-21T11:19:59.473Z] ✅ Collected HTML for item 8708
[2025-11-21T11:20:01.473Z] 🔄 Restarting browser for fresh session...
[2025-11-21T11:20:01.571Z] 🔒 Browser closed
[2025-11-21T11:20:01.572Z] 🚀 Initializing browser with anti-detection...
[2025-11-21T11:20:01.852Z] ✅ Browser initialized with stealth mode
[2025-11-21T11:20:01.852Z] 🔍 Processing 1h-maces item 11684 (621/314)
[2025-11-21T11:20:05.727Z] ✅ Collected HTML for item 11684
[2025-11-21T11:20:07.731Z] 🔄 Restarting browser for fresh session...
[2025-11-21T11:20:07.834Z] 🔒 Browser closed
[2025-11-21T11:20:07.834Z] 🚀 Initializing browser with anti-detection...
[2025-11-21T11:20:08.126Z] ✅ Browser initialized with stealth mode
[2025-11-21T11:20:08.126Z] 🔍 Processing 1h-maces item 13024 (622/314)
[2025-11-21T11:20:12.133Z] ✅ Collected HTML for item 13024
[2025-11-21T11:20:14.136Z] 🔄 Restarting browser for fresh session...
[2025-11-21T11:20:14.237Z] 🔒 Browser closed
[2025-11-21T11:20:14.237Z] 🚀 Initializing browser with anti-detection...
[2025-11-21T11:20:14.535Z] ✅ Browser initialized with stealth mode
[2025-11-21T11:20:14.535Z] 🔍 Processing 1h-maces item 13027 (623/314)
[2025-11-21T11:20:18.539Z] ✅ Collected HTML for item 13027
[2025-11-21T11:20:20.542Z] 🔄 Restarting browser for fresh session...
[2025-11-21T11:20:20.644Z] 🔒 Browser closed
[2025-11-21T11:20:20.644Z] 🚀 Initializing browser with anti-detection...
[2025-11-21T11:20:20.930Z] ✅ Browser initialized with stealth mode
[2025-11-21T11:20:20.930Z] 🔍 Processing 1h-maces item 13028 (624/314)
[2025-11-21T11:20:24.937Z] ✅ Collected HTML for item 13028
[2025-11-21T11:20:26.938Z] 🔄 Restarting browser for fresh session...
[2025-11-21T11:20:27.038Z] 🔒 Browser closed
[2025-11-21T11:20:27.038Z] 🚀 Initializing browser with anti-detection...
[2025-11-21T11:20:27.332Z] ✅ Browser initialized with stealth mode
[2025-11-21T11:20:27.332Z] 🔍 Processing 1h-maces item 13204 (625/314)
[2025-11-21T11:20:31.201Z] ✅ Collected HTML for item 13204
[2025-11-21T11:20:33.205Z] 🔄 Restarting browser for fresh session...
[2025-11-21T11:20:33.312Z] 🔒 Browser closed
[2025-11-21T11:20:33.312Z] 🚀 Initializing browser with anti-detection...
[2025-11-21T11:20:33.602Z] ✅ Browser initialized with stealth mode
[2025-11-21T11:20:33.602Z] 🔍 Processing 1h-maces item 14487 (626/314)
[2025-11-21T11:20:37.604Z] ✅ Collected HTML for item 14487
[2025-11-21T11:20:39.607Z] 🔄 Restarting browser for fresh session...
[2025-11-21T11:20:39.708Z] 🔒 Browser closed
[2025-11-21T11:20:39.708Z] 🚀 Initializing browser with anti-detection...
[2025-11-21T11:20:40.006Z] ✅ Browser initialized with stealth mode
[2025-11-21T11:20:40.006Z] 🔍 Processing 1h-maces item 17055 (627/314)
[2025-11-21T11:20:44.003Z] ✅ Collected HTML for item 17055
[2025-11-21T11:20:46.007Z] 🔄 Restarting browser for fresh session...
[2025-11-21T11:20:46.106Z] 🔒 Browser closed
[2025-11-21T11:20:46.106Z] 🚀 Initializing browser with anti-detection...
[2025-11-21T11:20:46.396Z] ✅ Browser initialized with stealth mode
[2025-11-21T11:20:46.396Z] 🔍 Processing 1h-maces item 17105 (628/314)
[2025-11-21T11:20:50.402Z] ✅ Collected HTML for item 17105
[2025-11-21T11:20:52.406Z] 🔄 Restarting browser for fresh session...
[2025-11-21T11:20:52.502Z] 🔒 Browser closed
[2025-11-21T11:20:52.502Z] 🚀 Initializing browser with anti-detection...
[2025-11-21T11:20:52.800Z] ✅ Browser initialized with stealth mode
[2025-11-21T11:20:52.800Z] 🔍 Processing 1h-maces item 17112 (629/314)
[2025-11-21T11:20:56.665Z] ✅ Collected HTML for item 17112
[2025-11-21T11:20:58.669Z] 🔄 Restarting browser for fresh session...
[2025-11-21T11:20:58.778Z] 🔒 Browser closed
[2025-11-21T11:20:58.778Z] 🚀 Initializing browser with anti-detection...
[2025-11-21T11:20:59.066Z] ✅ Browser initialized with stealth mode
[2025-11-21T11:20:59.066Z] 🔍 Processing 1h-maces item 18671 (630/314)
[2025-11-21T11:21:02.936Z] ✅ Collected HTML for item 18671
[2025-11-21T11:21:04.939Z] 🔄 Restarting browser for fresh session...
[2025-11-21T11:21:05.035Z] 🔒 Browser closed
[2025-11-21T11:21:05.035Z] 🚀 Initializing browser with anti-detection...
[2025-11-21T11:21:05.319Z] ✅ Browser initialized with stealth mode
[2025-11-21T11:21:05.319Z] 🔍 Processing 1h-maces item 18865 (631/314)
[2025-11-21T11:21:09.319Z] ✅ Collected HTML for item 18865
[2025-11-21T11:21:11.322Z] 🔄 Restarting browser for fresh session...
[2025-11-21T11:21:11.421Z] 🔒 Browser closed
[2025-11-21T11:21:11.421Z] 🚀 Initializing browser with anti-detection...
[2025-11-21T11:21:11.713Z] ✅ Browser initialized with stealth mode
[2025-11-21T11:21:11.713Z] 🔍 Processing 1h-maces item 18866 (632/314)
[2025-11-21T11:21:15.717Z] ✅ Collected HTML for item 18866
[2025-11-21T11:21:17.720Z] 🔄 Restarting browser for fresh session...
[2025-11-21T11:21:17.814Z] 🔒 Browser closed
[2025-11-21T11:21:17.814Z] 🚀 Initializing browser with anti-detection...
[2025-11-21T11:21:18.113Z] ✅ Browser initialized with stealth mode
[2025-11-21T11:21:18.113Z] 🔍 Processing 1h-maces item 19170 (633/314)
[2025-11-21T11:21:21.986Z] ✅ Collected HTML for item 19170
[2025-11-21T11:21:23.989Z] 🔄 Restarting browser for fresh session...
[2025-11-21T11:21:24.087Z] 🔒 Browser closed
[2025-11-21T11:21:24.087Z] 🚀 Initializing browser with anti-detection...
[2025-11-21T11:21:24.387Z] ✅ Browser initialized with stealth mode
[2025-11-21T11:21:24.387Z] 🔍 Processing 1h-maces item 19335 (634/314)
[2025-11-21T11:21:28.388Z] ✅ Collected HTML for item 19335
[2025-11-21T11:21:30.391Z] 🔄 Restarting browser for fresh session...
[2025-11-21T11:21:30.489Z] 🔒 Browser closed
[2025-11-21T11:21:30.489Z] 🚀 Initializing browser with anti-detection...
[2025-11-21T11:21:30.792Z] ✅ Browser initialized with stealth mode
[2025-11-21T11:21:30.792Z] 🔍 Processing 1h-maces item 19360 (635/314)
[2025-11-21T11:21:34.658Z] ✅ Collected HTML for item 19360
[2025-11-21T11:21:36.662Z] 🔄 Restarting browser for fresh session...
[2025-11-21T11:21:36.760Z] 🔒 Browser closed
[2025-11-21T11:21:36.760Z] 🚀 Initializing browser with anti-detection...
[2025-11-21T11:21:37.067Z] ✅ Browser initialized with stealth mode
[2025-11-21T11:21:37.068Z] 🔍 Processing 1h-maces item 19890 (636/314)
[2025-11-21T11:21:41.078Z] ✅ Collected HTML for item 19890
[2025-11-21T11:21:43.080Z] 🔄 Restarting browser for fresh session...
[2025-11-21T11:21:43.169Z] 🔒 Browser closed
[2025-11-21T11:21:43.169Z] 🚀 Initializing browser with anti-detection...
[2025-11-21T11:21:43.458Z] ✅ Browser initialized with stealth mode
[2025-11-21T11:21:43.458Z] 🔍 Processing 1h-maces item 20580 (637/314)
[2025-11-21T11:21:47.328Z] ✅ Collected HTML for item 20580
[2025-11-21T11:21:49.330Z] 🔄 Restarting browser for fresh session...
[2025-11-21T11:21:49.443Z] 🔒 Browser closed
[2025-11-21T11:21:49.443Z] 🚀 Initializing browser with anti-detection...
[2025-11-21T11:21:49.742Z] ✅ Browser initialized with stealth mode
[2025-11-21T11:21:49.743Z] 🔍 Processing 1h-maces item 20648 (638/314)
[2025-11-21T11:21:53.613Z] ✅ Collected HTML for item 20648
[2025-11-21T11:21:55.616Z] 🔄 Restarting browser for fresh session...
[2025-11-21T11:21:55.718Z] 🔒 Browser closed
[2025-11-21T11:21:55.718Z] 🚀 Initializing browser with anti-detection...
[2025-11-21T11:21:56.008Z] ✅ Browser initialized with stealth mode
[2025-11-21T11:21:56.008Z] 🔍 Processing 1h-maces item 21268 (639/314)
[2025-11-21T11:21:59.882Z] ✅ Collected HTML for item 21268
[2025-11-21T11:22:01.885Z] 🔄 Restarting browser for fresh session...
[2025-11-21T11:22:01.989Z] 🔒 Browser closed
[2025-11-21T11:22:01.989Z] 🚀 Initializing browser with anti-detection...
[2025-11-21T11:22:02.271Z] ✅ Browser initialized with stealth mode
[2025-11-21T11:22:02.271Z] 🔍 Processing 1h-maces item 21398 (640/314)
[2025-11-21T11:22:06.277Z] ✅ Collected HTML for item 21398
[2025-11-21T11:22:08.281Z] 🔄 Restarting browser for fresh session...
[2025-11-21T11:22:08.381Z] 🔒 Browser closed
[2025-11-21T11:22:08.381Z] 🚀 Initializing browser with anti-detection...
[2025-11-21T11:22:08.667Z] ✅ Browser initialized with stealth mode
[2025-11-21T11:22:08.667Z] 🔍 Processing 1h-maces item 21407 (641/314)
[2025-11-21T11:22:12.672Z] ✅ Collected HTML for item 21407
[2025-11-21T11:22:14.675Z] 🔄 Restarting browser for fresh session...
[2025-11-21T11:22:14.772Z] 🔒 Browser closed
[2025-11-21T11:22:14.772Z] 🚀 Initializing browser with anti-detection...
[2025-11-21T11:22:15.074Z] ✅ Browser initialized with stealth mode
[2025-11-21T11:22:15.074Z] 🔍 Processing 1h-maces item 21410 (642/314)
[2025-11-21T11:22:19.087Z] ✅ Collected HTML for item 21410
[2025-11-21T11:22:21.091Z] 🔄 Restarting browser for fresh session...
[2025-11-21T11:22:21.195Z] 🔒 Browser closed
[2025-11-21T11:22:21.195Z] 🚀 Initializing browser with anti-detection...
[2025-11-21T11:22:21.481Z] ✅ Browser initialized with stealth mode
[2025-11-21T11:22:21.481Z] 🔍 Processing 1h-maces item 21466 (643/314)
[2025-11-21T11:22:25.483Z] ✅ Collected HTML for item 21466
[2025-11-21T11:22:27.486Z] 🔄 Restarting browser for fresh session...
[2025-11-21T11:22:27.592Z] 🔒 Browser closed
[2025-11-21T11:22:27.592Z] 🚀 Initializing browser with anti-detection...
[2025-11-21T11:22:27.885Z] ✅ Browser initialized with stealth mode
[2025-11-21T11:22:27.885Z] 🔍 Processing 1h-maces item 21715 (644/314)
[2025-11-21T11:22:31.759Z] ✅ Collected HTML for item 21715
[2025-11-21T11:22:33.762Z] 🔄 Restarting browser for fresh session...
[2025-11-21T11:22:33.867Z] 🔒 Browser closed
[2025-11-21T11:22:33.867Z] 🚀 Initializing browser with anti-detection...
[2025-11-21T11:22:34.169Z] ✅ Browser initialized with stealth mode
[2025-11-21T11:22:34.169Z] 🔍 Processing 1h-maces item 21837 (645/314)
[2025-11-21T11:22:38.172Z] ✅ Collected HTML for item 21837
[2025-11-21T11:22:40.174Z] 🔄 Restarting browser for fresh session...
[2025-11-21T11:22:40.285Z] 🔒 Browser closed
[2025-11-21T11:22:40.285Z] 🚀 Initializing browser with anti-detection...
[2025-11-21T11:22:40.580Z] ✅ Browser initialized with stealth mode
[2025-11-21T11:22:40.580Z] 🔍 Processing 1h-maces item 21839 (646/314)
[2025-11-21T11:22:44.451Z] ✅ Collected HTML for item 21839
[2025-11-21T11:22:46.455Z] 🔄 Restarting browser for fresh session...
[2025-11-21T11:22:46.552Z] 🔒 Browser closed
[2025-11-21T11:22:46.552Z] 🚀 Initializing browser with anti-detection...
[2025-11-21T11:22:46.838Z] ✅ Browser initialized with stealth mode
[2025-11-21T11:22:46.839Z] 🔍 Processing 1h-maces item 22384 (647/314)
[2025-11-21T11:22:50.711Z] ✅ Collected HTML for item 22384
[2025-11-21T11:22:52.715Z] 🔄 Restarting browser for fresh session...
[2025-11-21T11:22:52.818Z] 🔒 Browser closed
[2025-11-21T11:22:52.819Z] 🚀 Initializing browser with anti-detection...
[2025-11-21T11:22:53.098Z] ✅ Browser initialized with stealth mode
[2025-11-21T11:22:53.098Z] 🔍 Processing 1h-maces item 22808 (648/314)
[2025-11-21T11:22:57.106Z] ✅ Collected HTML for item 22808
[2025-11-21T11:22:59.109Z] 🔄 Restarting browser for fresh session...
[2025-11-21T11:22:59.212Z] 🔒 Browser closed
[2025-11-21T11:22:59.213Z] 🚀 Initializing browser with anti-detection...
[2025-11-21T11:22:59.509Z] ✅ Browser initialized with stealth mode
[2025-11-21T11:22:59.510Z] 🔍 Processing 1h-maces item 22942 (649/314)
[2025-11-21T11:23:03.377Z] ✅ Collected HTML for item 22942
[2025-11-21T11:23:05.379Z] 🔄 Restarting browser for fresh session...
[2025-11-21T11:23:05.483Z] 🔒 Browser closed
[2025-11-21T11:23:05.483Z] 🚀 Initializing browser with anti-detection...
[2025-11-21T11:23:05.780Z] ✅ Browser initialized with stealth mode
[2025-11-21T11:23:05.781Z] 🔍 Processing 1h-maces item 22988 (650/314)
[2025-11-21T11:23:09.647Z] ✅ Collected HTML for item 22988
[2025-11-21T11:23:11.651Z] 🔄 Restarting browser for fresh session...
[2025-11-21T11:23:11.748Z] 🔒 Browser closed
[2025-11-21T11:23:11.748Z] 🚀 Initializing browser with anti-detection...
[2025-11-21T11:23:12.038Z] ✅ Browser initialized with stealth mode
[2025-11-21T11:23:12.038Z] 🔍 Processing 1h-maces item 23056 (651/314)
[2025-11-21T11:23:16.040Z] ✅ Collected HTML for item 23056
[2025-11-21T11:23:18.043Z] 🔄 Restarting browser for fresh session...
[2025-11-21T11:23:18.143Z] 🔒 Browser closed
[2025-11-21T11:23:18.143Z] 🚀 Initializing browser with anti-detection...
[2025-11-21T11:23:18.443Z] ✅ Browser initialized with stealth mode
[2025-11-21T11:23:18.443Z] 🔍 Processing 1h-maces item 23221 (652/314)
[2025-11-21T11:23:23.379Z] ✅ Collected HTML for item 23221
[2025-11-21T11:23:25.383Z] 🔄 Restarting browser for fresh session...
[2025-11-21T11:23:25.484Z] 🔒 Browser closed
[2025-11-21T11:23:25.485Z] 🚀 Initializing browser with anti-detection...
[2025-11-21T11:23:25.779Z] ✅ Browser initialized with stealth mode
[2025-11-21T11:23:25.779Z] 🔍 Processing 1h-maces item 23454 (653/314)
[2025-11-21T11:23:29.774Z] ✅ Collected HTML for item 23454
[2025-11-21T11:23:31.776Z] 🔄 Restarting browser for fresh session...
[2025-11-21T11:23:31.880Z] 🔒 Browser closed
[2025-11-21T11:23:31.880Z] 🚀 Initializing browser with anti-detection...
[2025-11-21T11:23:32.168Z] ✅ Browser initialized with stealth mode
[2025-11-21T11:23:32.168Z] 🔍 Processing 1h-maces item 23464 (654/314)
[2025-11-21T11:23:36.041Z] ✅ Collected HTML for item 23464
[2025-11-21T11:23:38.044Z] 🔄 Restarting browser for fresh session...
[2025-11-21T11:23:38.146Z] 🔒 Browser closed
[2025-11-21T11:23:38.146Z] 🚀 Initializing browser with anti-detection...
[2025-11-21T11:23:38.443Z] ✅ Browser initialized with stealth mode
[2025-11-21T11:23:38.443Z] 🔍 Processing 1h-maces item 55041 (655/314)
[2025-11-21T11:23:42.448Z] ✅ Collected HTML for item 55041
[2025-11-21T11:23:44.450Z] 🔄 Restarting browser for fresh session...
[2025-11-21T11:23:44.556Z] 🔒 Browser closed
[2025-11-21T11:23:44.556Z] 🚀 Initializing browser with anti-detection...
[2025-11-21T11:23:44.856Z] ✅ Browser initialized with stealth mode
[2025-11-21T11:23:44.856Z] 🔍 Processing 1h-maces item 55128 (656/314)
[2025-11-21T11:23:48.723Z] ✅ Collected HTML for item 55128
[2025-11-21T11:23:50.726Z] 🔄 Restarting browser for fresh session...
[2025-11-21T11:23:50.829Z] 🔒 Browser closed
[2025-11-21T11:23:50.829Z] 🚀 Initializing browser with anti-detection...
[2025-11-21T11:23:51.112Z] ✅ Browser initialized with stealth mode
[2025-11-21T11:23:51.112Z] 🔍 Processing 1h-maces item 55276 (657/314)
[2025-11-21T11:23:54.989Z] ✅ Collected HTML for item 55276
[2025-11-21T11:23:56.992Z] 🔄 Restarting browser for fresh session...
[2025-11-21T11:23:57.093Z] 🔒 Browser closed
[2025-11-21T11:23:57.093Z] 🚀 Initializing browser with anti-detection...
[2025-11-21T11:23:57.383Z] ✅ Browser initialized with stealth mode
[2025-11-21T11:23:57.384Z] 🔍 Processing 1h-maces item 55347 (658/314)
[2025-11-21T11:24:01.388Z] ✅ Collected HTML for item 55347
[2025-11-21T11:24:03.392Z] 🔄 Restarting browser for fresh session...
[2025-11-21T11:24:03.492Z] 🔒 Browser closed
[2025-11-21T11:24:03.492Z] 🚀 Initializing browser with anti-detection...
[2025-11-21T11:24:03.783Z] ✅ Browser initialized with stealth mode
[2025-11-21T11:24:03.783Z] 🔍 Processing 1h-maces item 55555 (659/314)
[2025-11-21T11:24:07.654Z] ✅ Collected HTML for item 55555
[2025-11-21T11:24:09.656Z] 🔄 Restarting browser for fresh session...
[2025-11-21T11:24:09.758Z] 🔒 Browser closed
[2025-11-21T11:24:09.758Z] 🚀 Initializing browser with anti-detection...
[2025-11-21T11:24:10.059Z] ✅ Browser initialized with stealth mode
[2025-11-21T11:24:10.059Z] 🔍 Processing 1h-maces item 58214 (660/314)
[2025-11-21T11:24:14.055Z] ✅ Collected HTML for item 58214
[2025-11-21T11:24:16.059Z] 🔄 Restarting browser for fresh session...
[2025-11-21T11:24:16.163Z] 🔒 Browser closed
[2025-11-21T11:24:16.163Z] 🚀 Initializing browser with anti-detection...
[2025-11-21T11:24:16.444Z] ✅ Browser initialized with stealth mode
[2025-11-21T11:24:16.444Z] 🔍 Processing 1h-maces item 61237 (661/314)
[2025-11-21T11:24:20.438Z] ✅ Collected HTML for item 61237
[2025-11-21T11:24:22.441Z] 🔄 Restarting browser for fresh session...
[2025-11-21T11:24:22.541Z] 🔒 Browser closed
[2025-11-21T11:24:22.541Z] 🚀 Initializing browser with anti-detection...
[2025-11-21T11:24:22.830Z] ✅ Browser initialized with stealth mode
[2025-11-21T11:24:22.830Z] 🔍 Processing 1h-maces item 61295 (662/314)
[2025-11-21T11:24:26.702Z] ✅ Collected HTML for item 61295
[2025-11-21T11:24:28.705Z] 🔄 Restarting browser for fresh session...
[2025-11-21T11:24:28.810Z] 🔒 Browser closed
[2025-11-21T11:24:28.810Z] 🚀 Initializing browser with anti-detection...
[2025-11-21T11:24:29.109Z] ✅ Browser initialized with stealth mode
[2025-11-21T11:24:29.109Z] 🔍 Processing 1h-maces item 61651 (663/314)
[2025-11-21T11:24:33.113Z] ✅ Collected HTML for item 61651
[2025-11-21T11:24:35.117Z] 🔄 Restarting browser for fresh session...
[2025-11-21T11:24:35.215Z] 🔒 Browser closed
[2025-11-21T11:24:35.215Z] 🚀 Initializing browser with anti-detection...
[2025-11-21T11:24:35.501Z] ✅ Browser initialized with stealth mode
[2025-11-21T11:24:35.501Z] 🔍 Processing 1h-maces item 80798 (664/314)
[2025-11-21T11:24:39.381Z] ✅ Collected HTML for item 80798
[2025-11-21T11:24:41.384Z] 🔄 Restarting browser for fresh session...
[2025-11-21T11:24:41.489Z] 🔒 Browser closed
[2025-11-21T11:24:41.489Z] 🚀 Initializing browser with anti-detection...
[2025-11-21T11:24:41.781Z] ✅ Browser initialized with stealth mode
[2025-11-21T11:24:41.781Z] 🔍 Processing 1h-maces item 84600 (665/314)
[2025-11-21T11:24:45.780Z] ✅ Collected HTML for item 84600
[2025-11-21T11:24:47.783Z] 🔄 Restarting browser for fresh session...
[2025-11-21T11:24:47.877Z] 🔒 Browser closed
[2025-11-21T11:24:47.878Z] 🚀 Initializing browser with anti-detection...
[2025-11-21T11:24:48.159Z] ✅ Browser initialized with stealth mode
[2025-11-21T11:24:48.160Z] 🔍 Processing 1h-maces item 936 (666/314)
[2025-11-21T11:24:52.171Z] ✅ Collected HTML for item 936
[2025-11-21T11:24:54.173Z] 🔄 Restarting browser for fresh session...
[2025-11-21T11:24:54.278Z] 🔒 Browser closed
[2025-11-21T11:24:54.278Z] 🚀 Initializing browser with anti-detection...
[2025-11-21T11:24:54.571Z] ✅ Browser initialized with stealth mode
[2025-11-21T11:24:54.571Z] 🔍 Processing 1h-maces item 1483 (667/314)
[2025-11-21T11:24:59.309Z] ✅ Collected HTML for item 1483
[2025-11-21T11:25:01.311Z] 🔄 Restarting browser for fresh session...
[2025-11-21T11:25:01.410Z] 🔒 Browser closed
[2025-11-21T11:25:01.410Z] 🚀 Initializing browser with anti-detection...
[2025-11-21T11:25:01.696Z] ✅ Browser initialized with stealth mode
[2025-11-21T11:25:01.696Z] 🔍 Processing 1h-maces item 2194 (668/314)
[2025-11-21T11:25:14.227Z] ✅ Collected HTML for item 2194
[2025-11-21T11:25:16.229Z] 🔄 Restarting browser for fresh session...
[2025-11-21T11:25:16.330Z] 🔒 Browser closed
[2025-11-21T11:25:16.330Z] 🚀 Initializing browser with anti-detection...
[2025-11-21T11:25:16.629Z] ✅ Browser initialized with stealth mode
[2025-11-21T11:25:16.629Z] 🔍 Processing 1h-maces item 2816 (669/314)
[2025-11-21T11:25:20.642Z] ✅ Collected HTML for item 2816
[2025-11-21T11:25:22.644Z] 🔄 Restarting browser for fresh session...
[2025-11-21T11:25:22.743Z] 🔒 Browser closed
[2025-11-21T11:25:22.743Z] 🚀 Initializing browser with anti-detection...
[2025-11-21T11:25:23.027Z] ✅ Browser initialized with stealth mode
[2025-11-21T11:25:23.027Z] 🔍 Processing 1h-maces item 4090 (670/314)
[2025-11-21T11:25:26.905Z] ✅ Collected HTML for item 4090
[2025-11-21T11:25:28.907Z] 🔄 Restarting browser for fresh session...
[2025-11-21T11:25:29.013Z] 🔒 Browser closed
[2025-11-21T11:25:29.013Z] 🚀 Initializing browser with anti-detection...
[2025-11-21T11:25:29.299Z] ✅ Browser initialized with stealth mode
[2025-11-21T11:25:29.300Z] 🔍 Processing 1h-maces item 7687 (671/314)
[2025-11-21T11:25:33.294Z] ✅ Collected HTML for item 7687
[2025-11-21T11:25:35.298Z] 🔄 Restarting browser for fresh session...
[2025-11-21T11:25:35.400Z] 🔒 Browser closed
[2025-11-21T11:25:35.400Z] 🚀 Initializing browser with anti-detection...
[2025-11-21T11:25:35.685Z] ✅ Browser initialized with stealth mode
[2025-11-21T11:25:35.685Z] 🔍 Processing 1h-maces item 7721 (672/314)
[2025-11-21T11:25:39.688Z] ✅ Collected HTML for item 7721
[2025-11-21T11:25:41.692Z] 🔄 Restarting browser for fresh session...
[2025-11-21T11:25:41.786Z] 🔒 Browser closed
[2025-11-21T11:25:41.787Z] 🚀 Initializing browser with anti-detection...
[2025-11-21T11:25:42.075Z] ✅ Browser initialized with stealth mode
[2025-11-21T11:25:42.075Z] 🔍 Processing 1h-maces item 7736 (673/314)
[2025-11-21T11:25:46.850Z] ✅ Collected HTML for item 7736
[2025-11-21T11:25:48.854Z] 🔄 Restarting browser for fresh session...
[2025-11-21T11:25:48.957Z] 🔒 Browser closed
[2025-11-21T11:25:48.958Z] 🚀 Initializing browser with anti-detection...
[2025-11-21T11:25:49.250Z] ✅ Browser initialized with stealth mode
[2025-11-21T11:25:49.250Z] 🔍 Processing 1h-maces item 7752 (674/314)
[2025-11-21T11:25:53.117Z] ✅ Collected HTML for item 7752
[2025-11-21T11:25:55.120Z] 🔄 Restarting browser for fresh session...
[2025-11-21T11:25:55.221Z] 🔒 Browser closed
[2025-11-21T11:25:55.221Z] 🚀 Initializing browser with anti-detection...
[2025-11-21T11:25:55.507Z] ✅ Browser initialized with stealth mode
[2025-11-21T11:25:55.507Z] 🔍 Processing 1h-maces item 7946 (675/314)
[2025-11-21T11:25:59.385Z] ✅ Collected HTML for item 7946
[2025-11-21T11:26:01.388Z] 🔄 Restarting browser for fresh session...
[2025-11-21T11:26:01.492Z] 🔒 Browser closed
[2025-11-21T11:26:01.492Z] 🚀 Initializing browser with anti-detection...
[2025-11-21T11:26:01.787Z] ✅ Browser initialized with stealth mode
[2025-11-21T11:26:01.787Z] 🔍 Processing 1h-maces item 9386 (676/314)
[2025-11-21T11:26:05.782Z] ✅ Collected HTML for item 9386
[2025-11-21T11:26:07.786Z] 🔄 Restarting browser for fresh session...
[2025-11-21T11:26:07.896Z] 🔒 Browser closed
[2025-11-21T11:26:07.896Z] 🚀 Initializing browser with anti-detection...
[2025-11-21T11:26:08.188Z] ✅ Browser initialized with stealth mode
[2025-11-21T11:26:08.189Z] 🔍 Processing 1h-maces item 9419 (677/314)
[2025-11-21T11:26:12.069Z] ✅ Collected HTML for item 9419
[2025-11-21T11:26:14.073Z] 🔄 Restarting browser for fresh session...
[2025-11-21T11:26:14.160Z] 🔒 Browser closed
[2025-11-21T11:26:14.160Z] 🚀 Initializing browser with anti-detection...
[2025-11-21T11:26:14.444Z] ✅ Browser initialized with stealth mode
[2025-11-21T11:26:14.444Z] 🔍 Processing 1h-maces item 9457 (678/314)
[2025-11-21T11:26:18.312Z] ✅ Collected HTML for item 9457
[2025-11-21T11:26:20.316Z] 🔄 Restarting browser for fresh session...
[2025-11-21T11:26:20.412Z] 🔒 Browser closed
[2025-11-21T11:26:20.413Z] 🚀 Initializing browser with anti-detection...
[2025-11-21T11:26:20.711Z] ✅ Browser initialized with stealth mode
[2025-11-21T11:26:20.711Z] 🔍 Processing 1h-maces item 9488 (679/314)
[2025-11-21T11:26:24.570Z] ✅ Collected HTML for item 9488
[2025-11-21T11:26:26.573Z] 🔄 Restarting browser for fresh session...
[2025-11-21T11:26:26.675Z] 🔒 Browser closed
[2025-11-21T11:26:26.675Z] 🚀 Initializing browser with anti-detection...
[2025-11-21T11:26:26.962Z] ✅ Browser initialized with stealth mode
[2025-11-21T11:26:26.962Z] 🔍 Processing 1h-maces item 9651 (680/314)
[2025-11-21T11:26:30.833Z] ✅ Collected HTML for item 9651
[2025-11-21T11:26:32.836Z] 🔄 Restarting browser for fresh session...
[2025-11-21T11:26:32.940Z] 🔒 Browser closed
[2025-11-21T11:26:32.940Z] 🚀 Initializing browser with anti-detection...
[2025-11-21T11:26:33.242Z] ✅ Browser initialized with stealth mode
[2025-11-21T11:26:33.243Z] 🔍 Processing 1h-maces item 10571 (681/314)
[2025-11-21T11:26:37.241Z] ✅ Collected HTML for item 10571
[2025-11-21T11:26:39.242Z] 🔄 Restarting browser for fresh session...
[2025-11-21T11:26:39.346Z] 🔒 Browser closed
[2025-11-21T11:26:39.346Z] 🚀 Initializing browser with anti-detection...
[2025-11-21T11:26:39.637Z] ✅ Browser initialized with stealth mode
[2025-11-21T11:26:39.637Z] 🔍 Processing 1h-maces item 10838 (682/314)
[2025-11-21T11:26:43.510Z] ✅ Collected HTML for item 10838
[2025-11-21T11:26:45.511Z] 🔄 Restarting browser for fresh session...
[2025-11-21T11:26:45.612Z] 🔒 Browser closed
[2025-11-21T11:26:45.612Z] 🚀 Initializing browser with anti-detection...
[2025-11-21T11:26:45.901Z] ✅ Browser initialized with stealth mode
[2025-11-21T11:26:45.901Z] 🔍 Processing 1h-maces item 11805 (683/314)
[2025-11-21T11:26:49.896Z] ✅ Collected HTML for item 11805
[2025-11-21T11:26:51.900Z] 🔄 Restarting browser for fresh session...
[2025-11-21T11:26:51.995Z] 🔒 Browser closed
[2025-11-21T11:26:51.995Z] 🚀 Initializing browser with anti-detection...
[2025-11-21T11:26:52.291Z] ✅ Browser initialized with stealth mode
[2025-11-21T11:26:52.291Z] 🔍 Processing 1h-maces item 12794 (684/314)
[2025-11-21T11:26:56.160Z] ✅ Collected HTML for item 12794
[2025-11-21T11:26:58.164Z] 🔄 Restarting browser for fresh session...
[2025-11-21T11:26:58.257Z] 🔒 Browser closed
[2025-11-21T11:26:58.258Z] 🚀 Initializing browser with anti-detection...
[2025-11-21T11:26:58.550Z] ✅ Browser initialized with stealth mode
[2025-11-21T11:26:58.550Z] 🔍 Processing 1h-maces item 13006 (685/314)
[2025-11-21T11:27:02.426Z] ✅ Collected HTML for item 13006
[2025-11-21T11:27:04.429Z] 🔄 Restarting browser for fresh session...
[2025-11-21T11:27:04.526Z] 🔒 Browser closed
[2025-11-21T11:27:04.526Z] 🚀 Initializing browser with anti-detection...
[2025-11-21T11:27:04.820Z] ✅ Browser initialized with stealth mode
[2025-11-21T11:27:04.820Z] 🔍 Processing 1h-maces item 13025 (686/314)
[2025-11-21T11:27:08.818Z] ✅ Collected HTML for item 13025
[2025-11-21T11:27:10.820Z] 🔄 Restarting browser for fresh session...
[2025-11-21T11:27:10.918Z] 🔒 Browser closed
[2025-11-21T11:27:10.918Z] 🚀 Initializing browser with anti-detection...
[2025-11-21T11:27:11.204Z] ✅ Browser initialized with stealth mode
[2025-11-21T11:27:11.205Z] 🔍 Processing 1h-maces item 13026 (687/314)
[2025-11-21T11:27:15.215Z] ✅ Collected HTML for item 13026
[2025-11-21T11:27:17.217Z] 🔄 Restarting browser for fresh session...
[2025-11-21T11:27:17.317Z] 🔒 Browser closed
[2025-11-21T11:27:17.318Z] 🚀 Initializing browser with anti-detection...
[2025-11-21T11:27:17.612Z] ✅ Browser initialized with stealth mode
[2025-11-21T11:27:17.612Z] 🔍 Processing 1h-maces item 13048 (688/314)
[2025-11-21T11:27:21.610Z] ✅ Collected HTML for item 13048
[2025-11-21T11:27:23.612Z] 🔄 Restarting browser for fresh session...
[2025-11-21T11:27:23.718Z] 🔒 Browser closed
[2025-11-21T11:27:23.718Z] 🚀 Initializing browser with anti-detection...
[2025-11-21T11:27:24.018Z] ✅ Browser initialized with stealth mode
[2025-11-21T11:27:24.018Z] 🔍 Processing 1h-maces item 13349 (689/314)
[2025-11-21T11:27:27.885Z] ✅ Collected HTML for item 13349
[2025-11-21T11:27:29.887Z] 🔄 Restarting browser for fresh session...
[2025-11-21T11:27:29.984Z] 🔒 Browser closed
[2025-11-21T11:27:29.984Z] 🚀 Initializing browser with anti-detection...
[2025-11-21T11:27:30.271Z] ✅ Browser initialized with stealth mode
[2025-11-21T11:27:30.271Z] 🔍 Processing 1h-maces item 17733 (690/314)
[2025-11-21T11:27:34.142Z] ✅ Collected HTML for item 17733
[2025-11-21T11:27:36.146Z] 🔄 Restarting browser for fresh session...
[2025-11-21T11:27:36.252Z] 🔒 Browser closed
[2025-11-21T11:27:36.252Z] 🚀 Initializing browser with anti-detection...
[2025-11-21T11:27:36.550Z] ✅ Browser initialized with stealth mode
[2025-11-21T11:27:36.550Z] 🔍 Processing 1h-maces item 17943 (691/314)
[2025-11-21T11:27:40.556Z] ✅ Collected HTML for item 17943
[2025-11-21T11:27:42.558Z] 🔄 Restarting browser for fresh session...
[2025-11-21T11:27:42.651Z] 🔒 Browser closed
[2025-11-21T11:27:42.652Z] 🚀 Initializing browser with anti-detection...
[2025-11-21T11:27:42.930Z] ✅ Browser initialized with stealth mode
[2025-11-21T11:27:42.930Z] 🔍 Processing 1h-maces item 18044 (692/314)
[2025-11-21T11:27:46.925Z] ✅ Collected HTML for item 18044
[2025-11-21T11:27:48.929Z] 🔄 Restarting browser for fresh session...
[2025-11-21T11:27:49.019Z] 🔒 Browser closed
[2025-11-21T11:27:49.019Z] 🚀 Initializing browser with anti-detection...
[2025-11-21T11:27:49.303Z] ✅ Browser initialized with stealth mode
[2025-11-21T11:27:49.303Z] 🔍 Processing 1h-maces item 18048 (693/314)
[2025-11-21T11:27:53.171Z] ✅ Collected HTML for item 18048
[2025-11-21T11:27:55.174Z] 🔄 Restarting browser for fresh session...
[2025-11-21T11:27:55.274Z] 🔒 Browser closed
[2025-11-21T11:27:55.274Z] 🚀 Initializing browser with anti-detection...
[2025-11-21T11:27:55.575Z] ✅ Browser initialized with stealth mode
[2025-11-21T11:27:55.575Z] 🔍 Processing 1h-maces item 18321 (694/314)
[2025-11-21T11:27:59.439Z] ✅ Collected HTML for item 18321
[2025-11-21T11:28:01.443Z] 🔄 Restarting browser for fresh session...
[2025-11-21T11:28:01.543Z] 🔒 Browser closed
[2025-11-21T11:28:01.543Z] 🚀 Initializing browser with anti-detection...
[2025-11-21T11:28:01.828Z] ✅ Browser initialized with stealth mode
[2025-11-21T11:28:01.829Z] 🔍 Processing 1h-maces item 18683 (695/314)
[2025-11-21T11:28:05.825Z] ✅ Collected HTML for item 18683
[2025-11-21T11:28:07.829Z] 🔄 Restarting browser for fresh session...
[2025-11-21T11:28:07.929Z] 🔒 Browser closed
[2025-11-21T11:28:07.929Z] 🚀 Initializing browser with anti-detection...
[2025-11-21T11:28:08.219Z] ✅ Browser initialized with stealth mode
[2025-11-21T11:28:08.219Z] 🔍 Processing 1h-maces item 19908 (696/314)
[2025-11-21T11:28:12.095Z] ✅ Collected HTML for item 19908
[2025-11-21T11:28:14.099Z] 🔄 Restarting browser for fresh session...
[2025-11-21T11:28:14.199Z] 🔒 Browser closed
[2025-11-21T11:28:14.199Z] 🚀 Initializing browser with anti-detection...
[2025-11-21T11:28:14.493Z] ✅ Browser initialized with stealth mode
[2025-11-21T11:28:14.493Z] 🔍 Processing 1h-maces item 19961 (697/314)
[2025-11-21T11:28:18.499Z] ✅ Collected HTML for item 19961
[2025-11-21T11:28:20.502Z] 🔄 Restarting browser for fresh session...
[2025-11-21T11:28:20.609Z] 🔒 Browser closed
[2025-11-21T11:28:20.609Z] 🚀 Initializing browser with anti-detection...
[2025-11-21T11:28:20.899Z] ✅ Browser initialized with stealth mode
[2025-11-21T11:28:20.899Z] 🔍 Processing 1h-maces item 20666 (698/314)
[2025-11-21T11:28:24.892Z] ✅ Collected HTML for item 20666
[2025-11-21T11:28:26.893Z] 🔄 Restarting browser for fresh session...
[2025-11-21T11:28:27.002Z] 🔒 Browser closed
[2025-11-21T11:28:27.002Z] 🚀 Initializing browser with anti-detection...
[2025-11-21T11:28:27.304Z] ✅ Browser initialized with stealth mode
[2025-11-21T11:28:27.305Z] 🔍 Processing 1h-maces item 22315 (699/314)
[2025-11-21T11:28:31.170Z] ✅ Collected HTML for item 22315
[2025-11-21T11:28:33.172Z] 🔄 Restarting browser for fresh session...
[2025-11-21T11:28:33.271Z] 🔒 Browser closed
[2025-11-21T11:28:33.271Z] 🚀 Initializing browser with anti-detection...
[2025-11-21T11:28:33.556Z] ✅ Browser initialized with stealth mode
[2025-11-21T11:28:33.557Z] 🔍 Processing 1h-maces item 51719 (700/314)
[2025-11-21T11:28:37.432Z] ✅ Collected HTML for item 51719
[2025-11-21T11:28:39.434Z] 🔄 Restarting browser for fresh session...
[2025-11-21T11:28:39.535Z] 🔒 Browser closed
[2025-11-21T11:28:39.535Z] 🚀 Initializing browser with anti-detection...
[2025-11-21T11:28:39.817Z] ✅ Browser initialized with stealth mode
[2025-11-21T11:28:39.817Z] 🔍 Processing 1h-maces item 58080 (701/314)
[2025-11-21T11:28:43.691Z] ✅ Collected HTML for item 58080
[2025-11-21T11:28:45.692Z] 🔄 Restarting browser for fresh session...
[2025-11-21T11:28:45.796Z] 🔒 Browser closed
[2025-11-21T11:28:45.796Z] 🚀 Initializing browser with anti-detection...
[2025-11-21T11:28:46.094Z] ✅ Browser initialized with stealth mode
[2025-11-21T11:28:46.094Z] 🔍 Processing 1h-maces item 58182 (702/314)
[2025-11-21T11:28:50.088Z] ✅ Collected HTML for item 58182
[2025-11-21T11:28:52.091Z] 🔄 Restarting browser for fresh session...
[2025-11-21T11:28:52.193Z] 🔒 Browser closed
[2025-11-21T11:28:52.193Z] 🚀 Initializing browser with anti-detection...
[2025-11-21T11:28:52.483Z] ✅ Browser initialized with stealth mode
[2025-11-21T11:28:52.483Z] 🔍 Processing 1h-maces item 58216 (703/314)
[2025-11-21T11:28:56.487Z] ✅ Collected HTML for item 58216
[2025-11-21T11:28:58.488Z] 🔄 Restarting browser for fresh session...
[2025-11-21T11:28:58.591Z] 🔒 Browser closed
[2025-11-21T11:28:58.591Z] 🚀 Initializing browser with anti-detection...
[2025-11-21T11:28:58.876Z] ✅ Browser initialized with stealth mode
[2025-11-21T11:28:58.876Z] 🔍 Processing 1h-maces item 58269 (704/314)
[2025-11-21T11:29:02.904Z] ✅ Collected HTML for item 58269
[2025-11-21T11:29:04.906Z] 🔄 Restarting browser for fresh session...
[2025-11-21T11:29:05.006Z] 🔒 Browser closed
[2025-11-21T11:29:05.007Z] 🚀 Initializing browser with anti-detection...
[2025-11-21T11:29:05.307Z] ✅ Browser initialized with stealth mode
[2025-11-21T11:29:05.308Z] 🔍 Processing 1h-maces item 60152 (705/314)
[2025-11-21T11:29:09.303Z] ✅ Collected HTML for item 60152
[2025-11-21T11:29:11.306Z] 🔄 Restarting browser for fresh session...
[2025-11-21T11:29:11.405Z] 🔒 Browser closed
[2025-11-21T11:29:11.405Z] 🚀 Initializing browser with anti-detection...
[2025-11-21T11:29:11.692Z] ✅ Browser initialized with stealth mode
[2025-11-21T11:29:11.692Z] 🔍 Processing 1h-maces item 60317 (706/314)
[2025-11-21T11:29:15.694Z] ✅ Collected HTML for item 60317
[2025-11-21T11:29:17.697Z] 🔄 Restarting browser for fresh session...
[2025-11-21T11:29:17.801Z] 🔒 Browser closed
[2025-11-21T11:29:17.801Z] 🚀 Initializing browser with anti-detection...
[2025-11-21T11:29:18.100Z] ✅ Browser initialized with stealth mode
[2025-11-21T11:29:18.100Z] 🔍 Processing 1h-maces item 60696 (707/314)
[2025-11-21T11:29:22.094Z] ✅ Collected HTML for item 60696
[2025-11-21T11:29:24.098Z] 🔄 Restarting browser for fresh session...
[2025-11-21T11:29:24.206Z] 🔒 Browser closed
[2025-11-21T11:29:24.206Z] 🚀 Initializing browser with anti-detection...
[2025-11-21T11:29:24.499Z] ✅ Browser initialized with stealth mode
[2025-11-21T11:29:24.499Z] 🔍 Processing 1h-maces item 60902 (708/314)
[2025-11-21T11:29:28.497Z] ✅ Collected HTML for item 60902
[2025-11-21T11:29:30.500Z] 🔄 Restarting browser for fresh session...
[2025-11-21T11:29:30.602Z] 🔒 Browser closed
[2025-11-21T11:29:30.602Z] 🚀 Initializing browser with anti-detection...
[2025-11-21T11:29:30.890Z] ✅ Browser initialized with stealth mode
[2025-11-21T11:29:30.890Z] 🔍 Processing 1h-maces item 61308 (709/314)
[2025-11-21T11:29:34.763Z] ✅ Collected HTML for item 61308
[2025-11-21T11:29:36.766Z] 🔄 Restarting browser for fresh session...
[2025-11-21T11:29:36.866Z] 🔒 Browser closed
[2025-11-21T11:29:36.866Z] 🚀 Initializing browser with anti-detection...
[2025-11-21T11:29:37.226Z] ✅ Browser initialized with stealth mode
[2025-11-21T11:29:37.226Z] 🔍 Processing 1h-maces item 61572 (710/314)
[2025-11-21T11:29:41.223Z] ✅ Collected HTML for item 61572
[2025-11-21T11:29:43.225Z] 🔄 Restarting browser for fresh session...
[2025-11-21T11:29:43.319Z] 🔒 Browser closed
[2025-11-21T11:29:43.320Z] 🚀 Initializing browser with anti-detection...
[2025-11-21T11:29:43.616Z] ✅ Browser initialized with stealth mode
[2025-11-21T11:29:43.616Z] 🔍 Processing 1h-maces item 80530 (711/314)
[2025-11-21T11:29:47.614Z] ✅ Collected HTML for item 80530
[2025-11-21T11:29:49.618Z] 🔄 Restarting browser for fresh session...
[2025-11-21T11:29:49.733Z] 🔒 Browser closed
[2025-11-21T11:29:49.733Z] 🚀 Initializing browser with anti-detection...
[2025-11-21T11:29:50.021Z] ✅ Browser initialized with stealth mode
[2025-11-21T11:29:50.022Z] 🔍 Processing 1h-maces item 80532 (712/314)
[2025-11-21T11:29:53.899Z] ✅ Collected HTML for item 80532
[2025-11-21T11:29:55.902Z] 🔄 Restarting browser for fresh session...
[2025-11-21T11:29:55.998Z] 🔒 Browser closed
[2025-11-21T11:29:55.999Z] 🚀 Initializing browser with anti-detection...
[2025-11-21T11:29:56.282Z] ✅ Browser initialized with stealth mode
[2025-11-21T11:29:56.282Z] 🔍 Processing 1h-maces item 80630 (713/314)
[2025-11-21T11:30:00.276Z] ✅ Collected HTML for item 80630
[2025-11-21T11:30:02.279Z] 🔄 Restarting browser for fresh session...
[2025-11-21T11:30:02.385Z] 🔒 Browser closed
[2025-11-21T11:30:02.385Z] 🚀 Initializing browser with anti-detection...
[2025-11-21T11:30:02.683Z] ✅ Browser initialized with stealth mode
[2025-11-21T11:30:02.683Z] 🔍 Processing 1h-maces item 80632 (714/314)
[2025-11-21T11:30:06.682Z] ✅ Collected HTML for item 80632
[2025-11-21T11:30:08.686Z] 🔄 Restarting browser for fresh session...
[2025-11-21T11:30:08.784Z] 🔒 Browser closed
[2025-11-21T11:30:08.784Z] 🚀 Initializing browser with anti-detection...
[2025-11-21T11:30:09.078Z] ✅ Browser initialized with stealth mode
[2025-11-21T11:30:09.078Z] 🔍 Processing 1h-maces item 83279 (715/314)
[2025-11-21T11:30:13.328Z] ✅ Collected HTML for item 83279
[2025-11-21T11:30:15.332Z] 🔄 Restarting browser for fresh session...
[2025-11-21T11:30:15.430Z] 🔒 Browser closed
[2025-11-21T11:30:15.430Z] 🚀 Initializing browser with anti-detection...
[2025-11-21T11:30:15.724Z] ✅ Browser initialized with stealth mode
[2025-11-21T11:30:15.724Z] 🔍 Processing 1h-maces item 1009 (716/314)
[2025-11-21T11:30:19.720Z] ✅ Collected HTML for item 1009
[2025-11-21T11:30:21.722Z] 🔄 Restarting browser for fresh session...
[2025-11-21T11:30:21.824Z] 🔒 Browser closed
[2025-11-21T11:30:21.824Z] 🚀 Initializing browser with anti-detection...
[2025-11-21T11:30:22.120Z] ✅ Browser initialized with stealth mode
[2025-11-21T11:30:22.120Z] 🔍 Processing 1h-maces item 1296 (717/314)
[2025-11-21T11:30:26.121Z] ✅ Collected HTML for item 1296
[2025-11-21T11:30:28.124Z] 🔄 Restarting browser for fresh session...
[2025-11-21T11:30:28.230Z] 🔒 Browser closed
[2025-11-21T11:30:28.230Z] 🚀 Initializing browser with anti-detection...
[2025-11-21T11:30:28.527Z] ✅ Browser initialized with stealth mode
[2025-11-21T11:30:28.527Z] 🔍 Processing 1h-maces item 1394 (718/314)
[2025-11-21T11:30:32.399Z] ✅ Collected HTML for item 1394
[2025-11-21T11:30:34.402Z] 🔄 Restarting browser for fresh session...
[2025-11-21T11:30:34.498Z] 🔒 Browser closed
[2025-11-21T11:30:34.498Z] 🚀 Initializing browser with anti-detection...
[2025-11-21T11:30:34.788Z] ✅ Browser initialized with stealth mode
[2025-11-21T11:30:34.788Z] 🔍 Processing 1h-maces item 1721 (719/314)
[2025-11-21T11:30:38.796Z] ✅ Collected HTML for item 1721
[2025-11-21T11:30:40.799Z] 🔄 Restarting browser for fresh session...
[2025-11-21T11:30:40.897Z] 🔒 Browser closed
[2025-11-21T11:30:40.897Z] 🚀 Initializing browser with anti-detection...
[2025-11-21T11:30:41.179Z] ✅ Browser initialized with stealth mode
[2025-11-21T11:30:41.179Z] 🔍 Processing 1h-maces item 1938 (720/314)
[2025-11-21T11:30:45.187Z] ✅ Collected HTML for item 1938
[2025-11-21T11:30:47.189Z] 🔄 Restarting browser for fresh session...
[2025-11-21T11:30:47.299Z] 🔒 Browser closed
[2025-11-21T11:30:47.300Z] 🚀 Initializing browser with anti-detection...
[2025-11-21T11:30:47.599Z] ✅ Browser initialized with stealth mode
[2025-11-21T11:30:47.599Z] 🔍 Processing 1h-maces item 2256 (721/314)
[2025-11-21T11:30:51.598Z] ✅ Collected HTML for item 2256
[2025-11-21T11:30:53.600Z] 🔄 Restarting browser for fresh session...
[2025-11-21T11:30:53.697Z] 🔒 Browser closed
[2025-11-21T11:30:53.697Z] 🚀 Initializing browser with anti-detection...
[2025-11-21T11:30:53.982Z] ✅ Browser initialized with stealth mode
[2025-11-21T11:30:53.982Z] 🔍 Processing 1h-maces item 3570 (722/314)
[2025-11-21T11:30:57.990Z] ✅ Collected HTML for item 3570
[2025-11-21T11:30:59.993Z] 🔄 Restarting browser for fresh session...
[2025-11-21T11:31:00.092Z] 🔒 Browser closed
[2025-11-21T11:31:00.092Z] 🚀 Initializing browser with anti-detection...
[2025-11-21T11:31:00.390Z] ✅ Browser initialized with stealth mode
[2025-11-21T11:31:00.390Z] 🔍 Processing 1h-maces item 4122 (723/314)
[2025-11-21T11:31:04.258Z] ✅ Collected HTML for item 4122
[2025-11-21T11:31:06.263Z] 🔄 Restarting browser for fresh session...
[2025-11-21T11:31:06.365Z] 🔒 Browser closed
[2025-11-21T11:31:06.365Z] 🚀 Initializing browser with anti-detection...
[2025-11-21T11:31:06.660Z] ✅ Browser initialized with stealth mode
[2025-11-21T11:31:06.660Z] 🔍 Processing 1h-maces item 4303 (724/314)
[2025-11-21T11:31:10.529Z] ✅ Collected HTML for item 4303
[2025-11-21T11:31:12.531Z] 🔄 Restarting browser for fresh session...
[2025-11-21T11:31:12.630Z] 🔒 Browser closed
[2025-11-21T11:31:12.630Z] 🚀 Initializing browser with anti-detection...
[2025-11-21T11:31:12.917Z] ✅ Browser initialized with stealth mode
[2025-11-21T11:31:12.917Z] 🔍 Processing 1h-maces item 4439 (725/314)
[2025-11-21T11:31:16.909Z] ✅ Collected HTML for item 4439
[2025-11-21T11:31:18.911Z] 🔄 Restarting browser for fresh session...
[2025-11-21T11:31:19.017Z] 🔒 Browser closed
[2025-11-21T11:31:19.017Z] 🚀 Initializing browser with anti-detection...
[2025-11-21T11:31:19.334Z] ✅ Browser initialized with stealth mode
[2025-11-21T11:31:19.335Z] 🔍 Processing 1h-maces item 4511 (726/314)
[2025-11-21T11:31:23.345Z] ✅ Collected HTML for item 4511
[2025-11-21T11:31:25.348Z] 🔄 Restarting browser for fresh session...
[2025-11-21T11:31:25.448Z] 🔒 Browser closed
[2025-11-21T11:31:25.448Z] 🚀 Initializing browser with anti-detection...
[2025-11-21T11:31:25.741Z] ✅ Browser initialized with stealth mode
[2025-11-21T11:31:25.741Z] 🔍 Processing 1h-maces item 5197 (727/314)
[2025-11-21T11:31:29.737Z] ✅ Collected HTML for item 5197
[2025-11-21T11:31:31.740Z] 🔄 Restarting browser for fresh session...
[2025-11-21T11:31:31.840Z] 🔒 Browser closed
[2025-11-21T11:31:31.840Z] 🚀 Initializing browser with anti-detection...
[2025-11-21T11:31:32.135Z] ✅ Browser initialized with stealth mode
[2025-11-21T11:31:32.135Z] 🔍 Processing 1h-maces item 6323 (728/314)
[2025-11-21T11:31:36.140Z] ✅ Collected HTML for item 6323
[2025-11-21T11:31:38.144Z] 🔄 Restarting browser for fresh session...
[2025-11-21T11:31:38.249Z] 🔒 Browser closed
[2025-11-21T11:31:38.249Z] 🚀 Initializing browser with anti-detection...
[2025-11-21T11:31:38.537Z] ✅ Browser initialized with stealth mode
[2025-11-21T11:31:38.537Z] 🔍 Processing 1h-maces item 6472 (729/314)
[2025-11-21T11:31:42.415Z] ✅ Collected HTML for item 6472
[2025-11-21T11:31:44.418Z] 🔄 Restarting browser for fresh session...
[2025-11-21T11:31:44.528Z] 🔒 Browser closed
[2025-11-21T11:31:44.529Z] 🚀 Initializing browser with anti-detection...
[2025-11-21T11:31:44.820Z] ✅ Browser initialized with stealth mode
[2025-11-21T11:31:44.821Z] 🔍 Processing 1h-maces item 6804 (730/314)
[2025-11-21T11:31:48.691Z] ✅ Collected HTML for item 6804
[2025-11-21T11:31:50.695Z] 🔄 Restarting browser for fresh session...
[2025-11-21T11:31:50.809Z] 🔒 Browser closed
[2025-11-21T11:31:50.809Z] 🚀 Initializing browser with anti-detection...
[2025-11-21T11:31:51.117Z] ✅ Browser initialized with stealth mode
[2025-11-21T11:31:51.117Z] 🔍 Processing 1h-maces item 7945 (731/314)
[2025-11-21T11:31:55.132Z] ✅ Collected HTML for item 7945
[2025-11-21T11:31:57.135Z] 🔄 Restarting browser for fresh session...
[2025-11-21T11:31:57.238Z] 🔒 Browser closed
[2025-11-21T11:31:57.239Z] 🚀 Initializing browser with anti-detection...
[2025-11-21T11:31:57.529Z] ✅ Browser initialized with stealth mode
[2025-11-21T11:31:57.529Z] 🔍 Processing 1h-maces item 7954 (732/314)
[2025-11-21T11:32:01.533Z] ✅ Collected HTML for item 7954
[2025-11-21T11:32:03.536Z] 🔄 Restarting browser for fresh session...
[2025-11-21T11:32:03.639Z] 🔒 Browser closed
[2025-11-21T11:32:03.639Z] 🚀 Initializing browser with anti-detection...
[2025-11-21T11:32:03.928Z] ✅ Browser initialized with stealth mode
[2025-11-21T11:32:03.928Z] 🔍 Processing 1h-maces item 9359 (733/314)
[2025-11-21T11:32:07.920Z] ✅ Collected HTML for item 9359
[2025-11-21T11:32:09.922Z] 🔄 Restarting browser for fresh session...
[2025-11-21T11:32:10.021Z] 🔒 Browser closed
[2025-11-21T11:32:10.022Z] 🚀 Initializing browser with anti-detection...
[2025-11-21T11:32:10.316Z] ✅ Browser initialized with stealth mode
[2025-11-21T11:32:10.316Z] 🔍 Processing 1h-maces item 9427 (734/314)
[2025-11-21T11:32:14.185Z] ✅ Collected HTML for item 9427
[2025-11-21T11:32:16.187Z] 🔄 Restarting browser for fresh session...
[2025-11-21T11:32:16.288Z] 🔒 Browser closed
[2025-11-21T11:32:16.288Z] 🚀 Initializing browser with anti-detection...
[2025-11-21T11:32:16.568Z] ✅ Browser initialized with stealth mode
[2025-11-21T11:32:16.569Z] 🔍 Processing 1h-maces item 9639 (735/314)
[2025-11-21T11:32:20.449Z] ✅ Collected HTML for item 9639
[2025-11-21T11:32:22.451Z] 🔄 Restarting browser for fresh session...
[2025-11-21T11:32:22.550Z] 🔒 Browser closed
[2025-11-21T11:32:22.550Z] 🚀 Initializing browser with anti-detection...
[2025-11-21T11:32:22.837Z] ✅ Browser initialized with stealth mode
[2025-11-21T11:32:22.837Z] 🔍 Processing 1h-maces item 9686 (736/314)
[2025-11-21T11:32:26.837Z] ✅ Collected HTML for item 9686
[2025-11-21T11:32:28.839Z] 🔄 Restarting browser for fresh session...
[2025-11-21T11:32:28.944Z] 🔒 Browser closed
[2025-11-21T11:32:28.944Z] 🚀 Initializing browser with anti-detection...
[2025-11-21T11:32:29.228Z] ✅ Browser initialized with stealth mode
[2025-11-21T11:32:29.228Z] 🔍 Processing 1h-maces item 11120 (737/314)
[2025-11-21T11:32:33.221Z] ✅ Collected HTML for item 11120
[2025-11-21T11:32:35.229Z] 🔄 Restarting browser for fresh session...
[2025-11-21T11:32:35.329Z] 🔒 Browser closed
[2025-11-21T11:32:35.329Z] 🚀 Initializing browser with anti-detection...
[2025-11-21T11:32:35.625Z] ✅ Browser initialized with stealth mode
[2025-11-21T11:32:35.625Z] 🔍 Processing 1h-maces item 11906 (738/314)
[2025-11-21T11:32:39.490Z] ✅ Collected HTML for item 11906
[2025-11-21T11:32:41.493Z] 🔄 Restarting browser for fresh session...
[2025-11-21T11:32:41.587Z] 🔒 Browser closed
[2025-11-21T11:32:41.587Z] 🚀 Initializing browser with anti-detection...
[2025-11-21T11:32:41.874Z] ✅ Browser initialized with stealth mode
[2025-11-21T11:32:41.874Z] 🔍 Processing 1h-maces item 11923 (739/314)
[2025-11-21T11:32:45.746Z] ✅ Collected HTML for item 11923
[2025-11-21T11:32:47.750Z] 🔄 Restarting browser for fresh session...
[2025-11-21T11:32:47.865Z] 🔒 Browser closed
[2025-11-21T11:32:47.865Z] 🚀 Initializing browser with anti-detection...
[2025-11-21T11:32:48.164Z] ✅ Browser initialized with stealth mode
[2025-11-21T11:32:48.164Z] 🔍 Processing 1h-maces item 12781 (740/314)
[2025-11-21T11:32:52.177Z] ✅ Collected HTML for item 12781
[2025-11-21T11:32:54.181Z] 🔄 Restarting browser for fresh session...
[2025-11-21T11:32:54.278Z] 🔒 Browser closed
[2025-11-21T11:32:54.279Z] 🚀 Initializing browser with anti-detection...
[2025-11-21T11:32:54.569Z] ✅ Browser initialized with stealth mode
[2025-11-21T11:32:54.569Z] 🔍 Processing 1h-maces item 13183 (741/314)
[2025-11-21T11:32:58.562Z] ✅ Collected HTML for item 13183
[2025-11-21T11:33:00.564Z] 🔄 Restarting browser for fresh session...
[2025-11-21T11:33:00.654Z] 🔒 Browser closed
[2025-11-21T11:33:00.654Z] 🚀 Initializing browser with anti-detection...
[2025-11-21T11:33:00.938Z] ✅ Browser initialized with stealth mode
[2025-11-21T11:33:00.938Z] 🔍 Processing 1h-maces item 13401 (742/314)
[2025-11-21T11:33:04.934Z] ✅ Collected HTML for item 13401
[2025-11-21T11:33:06.937Z] 🔄 Restarting browser for fresh session...
[2025-11-21T11:33:07.039Z] 🔒 Browser closed
[2025-11-21T11:33:07.040Z] 🚀 Initializing browser with anti-detection...
[2025-11-21T11:33:07.326Z] ✅ Browser initialized with stealth mode
[2025-11-21T11:33:07.326Z] 🔍 Processing 1h-maces item 15222 (743/314)
[2025-11-21T11:33:11.334Z] ✅ Collected HTML for item 15222
[2025-11-21T11:33:13.337Z] 🔄 Restarting browser for fresh session...
[2025-11-21T11:33:13.436Z] 🔒 Browser closed
[2025-11-21T11:33:13.436Z] 🚀 Initializing browser with anti-detection...
[2025-11-21T11:33:13.720Z] ✅ Browser initialized with stealth mode
[2025-11-21T11:33:13.721Z] 🔍 Processing 1h-maces item 15224 (744/314)
[2025-11-21T11:33:17.730Z] ✅ Collected HTML for item 15224
[2025-11-21T11:33:19.733Z] 🔄 Restarting browser for fresh session...
[2025-11-21T11:33:19.833Z] 🔒 Browser closed
[2025-11-21T11:33:19.833Z] 🚀 Initializing browser with anti-detection...
[2025-11-21T11:33:20.117Z] ✅ Browser initialized with stealth mode
[2025-11-21T11:33:20.117Z] 🔍 Processing 1h-maces item 15227 (745/314)
[2025-11-21T11:33:24.126Z] ✅ Collected HTML for item 15227
[2025-11-21T11:33:26.129Z] 🔄 Restarting browser for fresh session...
[2025-11-21T11:33:26.233Z] 🔒 Browser closed
[2025-11-21T11:33:26.233Z] 🚀 Initializing browser with anti-detection...
[2025-11-21T11:33:26.528Z] ✅ Browser initialized with stealth mode
[2025-11-21T11:33:26.528Z] 🔍 Processing 1h-maces item 15229 (746/314)
[2025-11-21T11:33:30.536Z] ✅ Collected HTML for item 15229
[2025-11-21T11:33:32.538Z] 🔄 Restarting browser for fresh session...
[2025-11-21T11:33:32.647Z] 🔒 Browser closed
[2025-11-21T11:33:32.647Z] 🚀 Initializing browser with anti-detection...
[2025-11-21T11:33:32.951Z] ✅ Browser initialized with stealth mode
[2025-11-21T11:33:32.951Z] 🔍 Processing 1h-maces item 18376 (747/314)
[2025-11-21T11:33:36.947Z] ✅ Collected HTML for item 18376
[2025-11-21T11:33:38.950Z] 🔄 Restarting browser for fresh session...
[2025-11-21T11:33:39.045Z] 🔒 Browser closed
[2025-11-21T11:33:39.046Z] 🚀 Initializing browser with anti-detection...
[2025-11-21T11:33:39.333Z] ✅ Browser initialized with stealth mode
[2025-11-21T11:33:39.333Z] 🔍 Processing 1h-maces item 19104 (748/314)
[2025-11-21T11:33:43.201Z] ✅ Collected HTML for item 19104
[2025-11-21T11:33:45.203Z] 🔄 Restarting browser for fresh session...
[2025-11-21T11:33:45.309Z] 🔒 Browser closed
[2025-11-21T11:33:45.309Z] 🚀 Initializing browser with anti-detection...
[2025-11-21T11:33:45.604Z] ✅ Browser initialized with stealth mode
[2025-11-21T11:33:45.604Z] 🔍 Processing 1h-maces item 22322 (749/314)
[2025-11-21T11:33:49.475Z] ✅ Collected HTML for item 22322
[2025-11-21T11:33:51.477Z] 🔄 Restarting browser for fresh session...
[2025-11-21T11:33:51.571Z] 🔒 Browser closed
[2025-11-21T11:33:51.571Z] 🚀 Initializing browser with anti-detection...
[2025-11-21T11:33:51.874Z] ✅ Browser initialized with stealth mode
[2025-11-21T11:33:51.874Z] 🔍 Processing 1h-maces item 22380 (750/314)
[2025-11-21T11:33:55.887Z] ✅ Collected HTML for item 22380
[2025-11-21T11:33:57.890Z] 🔄 Restarting browser for fresh session...
[2025-11-21T11:33:57.982Z] 🔒 Browser closed
[2025-11-21T11:33:57.982Z] 🚀 Initializing browser with anti-detection...
[2025-11-21T11:33:58.284Z] ✅ Browser initialized with stealth mode
[2025-11-21T11:33:58.284Z] 🔍 Processing 1h-maces item 22713 (751/314)
[2025-11-21T11:34:02.287Z] ✅ Collected HTML for item 22713
[2025-11-21T11:34:04.291Z] 🔄 Restarting browser for fresh session...
[2025-11-21T11:34:04.397Z] 🔒 Browser closed
[2025-11-21T11:34:04.397Z] 🚀 Initializing browser with anti-detection...
[2025-11-21T11:34:04.715Z] ✅ Browser initialized with stealth mode
[2025-11-21T11:34:04.715Z] 🔍 Processing 1h-maces item 41717 (752/314)
[2025-11-21T11:34:08.725Z] ✅ Collected HTML for item 41717
[2025-11-21T11:34:10.728Z] 🔄 Restarting browser for fresh session...
[2025-11-21T11:34:10.825Z] 🔒 Browser closed
[2025-11-21T11:34:10.825Z] 🚀 Initializing browser with anti-detection...
[2025-11-21T11:34:11.144Z] ✅ Browser initialized with stealth mode
[2025-11-21T11:34:11.144Z] 🔍 Processing 1h-maces item 41723 (753/314)
[2025-11-21T11:34:15.159Z] ✅ Collected HTML for item 41723
[2025-11-21T11:34:17.163Z] 🔄 Restarting browser for fresh session...
[2025-11-21T11:34:17.264Z] 🔒 Browser closed
[2025-11-21T11:34:17.264Z] 🚀 Initializing browser with anti-detection...
[2025-11-21T11:34:17.553Z] ✅ Browser initialized with stealth mode
[2025-11-21T11:34:17.553Z] 🔍 Processing 1h-maces item 41910 (754/314)
[2025-11-21T11:34:21.552Z] ✅ Collected HTML for item 41910
[2025-11-21T11:34:23.555Z] 🔄 Restarting browser for fresh session...
[2025-11-21T11:34:23.652Z] 🔒 Browser closed
[2025-11-21T11:34:23.652Z] 🚀 Initializing browser with anti-detection...
[2025-11-21T11:34:23.939Z] ✅ Browser initialized with stealth mode
[2025-11-21T11:34:23.939Z] 🔍 Processing 1h-maces item 50187 (755/314)
[2025-11-21T11:34:27.809Z] ✅ Collected HTML for item 50187
[2025-11-21T11:34:29.811Z] 🔄 Restarting browser for fresh session...
[2025-11-21T11:34:29.907Z] 🔒 Browser closed
[2025-11-21T11:34:29.907Z] 🚀 Initializing browser with anti-detection...
[2025-11-21T11:34:30.193Z] ✅ Browser initialized with stealth mode
[2025-11-21T11:34:30.193Z] 🔍 Processing 1h-maces item 58249 (756/314)
[2025-11-21T11:34:34.195Z] ✅ Collected HTML for item 58249
[2025-11-21T11:34:36.198Z] 🔄 Restarting browser for fresh session...
[2025-11-21T11:34:36.298Z] 🔒 Browser closed
[2025-11-21T11:34:36.298Z] 🚀 Initializing browser with anti-detection...
[2025-11-21T11:34:36.591Z] ✅ Browser initialized with stealth mode
[2025-11-21T11:34:36.591Z] 🔍 Processing 1h-maces item 60416 (757/314)
[2025-11-21T11:34:40.462Z] ✅ Collected HTML for item 60416
[2025-11-21T11:34:42.465Z] 🔄 Restarting browser for fresh session...
[2025-11-21T11:34:42.560Z] 🔒 Browser closed
[2025-11-21T11:34:42.561Z] 🚀 Initializing browser with anti-detection...
[2025-11-21T11:34:42.850Z] ✅ Browser initialized with stealth mode
[2025-11-21T11:34:42.850Z] 🔍 Processing 1h-maces item 60543 (758/314)
[2025-11-21T11:34:46.719Z] ✅ Collected HTML for item 60543
[2025-11-21T11:34:48.721Z] 🔄 Restarting browser for fresh session...
[2025-11-21T11:34:48.823Z] 🔒 Browser closed
[2025-11-21T11:34:48.823Z] 🚀 Initializing browser with anti-detection...
[2025-11-21T11:34:49.110Z] ✅ Browser initialized with stealth mode
[2025-11-21T11:34:49.111Z] 🔍 Processing 1h-maces item 60544 (759/314)
[2025-11-21T11:34:53.112Z] ✅ Collected HTML for item 60544
[2025-11-21T11:34:55.113Z] 🔄 Restarting browser for fresh session...
[2025-11-21T11:34:55.211Z] 🔒 Browser closed
[2025-11-21T11:34:55.211Z] 🚀 Initializing browser with anti-detection...
[2025-11-21T11:34:55.504Z] ✅ Browser initialized with stealth mode
[2025-11-21T11:34:55.504Z] 🔍 Processing 1h-maces item 60757 (760/314)
[2025-11-21T11:34:59.375Z] ✅ Collected HTML for item 60757
[2025-11-21T11:35:01.377Z] 🔄 Restarting browser for fresh session...
[2025-11-21T11:35:01.470Z] 🔒 Browser closed
[2025-11-21T11:35:01.470Z] 🚀 Initializing browser with anti-detection...
[2025-11-21T11:35:01.758Z] ✅ Browser initialized with stealth mode
[2025-11-21T11:35:01.758Z] 🔍 Processing 1h-maces item 60773 (761/314)
[2025-11-21T11:35:05.756Z] ✅ Collected HTML for item 60773
[2025-11-21T11:35:07.759Z] 🔄 Restarting browser for fresh session...
[2025-11-21T11:35:07.858Z] 🔒 Browser closed
[2025-11-21T11:35:07.859Z] 🚀 Initializing browser with anti-detection...
[2025-11-21T11:35:08.148Z] ✅ Browser initialized with stealth mode
[2025-11-21T11:35:08.148Z] 🔍 Processing 1h-maces item 60952 (762/314)
[2025-11-21T11:35:12.027Z] ✅ Collected HTML for item 60952
[2025-11-21T11:35:14.031Z] 🔄 Restarting browser for fresh session...
[2025-11-21T11:35:14.138Z] 🔒 Browser closed
[2025-11-21T11:35:14.138Z] 🚀 Initializing browser with anti-detection...
[2025-11-21T11:35:14.431Z] ✅ Browser initialized with stealth mode
[2025-11-21T11:35:14.432Z] 🔍 Processing 1h-maces item 61730 (763/314)
[2025-11-21T11:35:18.432Z] ✅ Collected HTML for item 61730
[2025-11-21T11:35:20.436Z] 🔄 Restarting browser for fresh session...
[2025-11-21T11:35:20.534Z] 🔒 Browser closed
[2025-11-21T11:35:20.534Z] 🚀 Initializing browser with anti-detection...
[2025-11-21T11:35:20.817Z] ✅ Browser initialized with stealth mode
[2025-11-21T11:35:20.817Z] 🔍 Processing 1h-maces item 80767 (764/314)
[2025-11-21T11:35:25.234Z] ✅ Collected HTML for item 80767
[2025-11-21T11:35:27.236Z] 🔄 Restarting browser for fresh session...
[2025-11-21T11:35:27.348Z] 🔒 Browser closed
[2025-11-21T11:35:27.349Z] 🚀 Initializing browser with anti-detection...
[2025-11-21T11:35:27.646Z] ✅ Browser initialized with stealth mode
[2025-11-21T11:35:27.646Z] 🔍 Processing 1h-maces item 81383 (765/314)
[2025-11-21T11:35:31.645Z] ✅ Collected HTML for item 81383
[2025-11-21T11:35:33.649Z] 🔄 Restarting browser for fresh session...
[2025-11-21T11:35:33.738Z] 🔒 Browser closed
[2025-11-21T11:35:33.738Z] 🚀 Initializing browser with anti-detection...
[2025-11-21T11:35:34.020Z] ✅ Browser initialized with stealth mode
[2025-11-21T11:35:34.020Z] 🔍 Processing 1h-maces item 865 (766/314)
[2025-11-21T11:35:38.030Z] ✅ Collected HTML for item 865
[2025-11-21T11:35:40.033Z] 🔄 Restarting browser for fresh session...
[2025-11-21T11:35:40.132Z] 🔒 Browser closed
[2025-11-21T11:35:40.132Z] 🚀 Initializing browser with anti-detection...
[2025-11-21T11:35:40.427Z] ✅ Browser initialized with stealth mode
[2025-11-21T11:35:40.427Z] 🔍 Processing 1h-maces item 1207 (767/314)
[2025-11-21T11:35:44.309Z] ✅ Collected HTML for item 1207
[2025-11-21T11:35:46.312Z] 🔄 Restarting browser for fresh session...
[2025-11-21T11:35:46.414Z] 🔒 Browser closed
[2025-11-21T11:35:46.414Z] 🚀 Initializing browser with anti-detection...
[2025-11-21T11:35:46.709Z] ✅ Browser initialized with stealth mode
[2025-11-21T11:35:46.709Z] 🔍 Processing 1h-maces item 1214 (768/314)
[2025-11-21T11:35:50.572Z] ✅ Collected HTML for item 1214
[2025-11-21T11:35:52.573Z] 🔄 Restarting browser for fresh session...
[2025-11-21T11:35:52.673Z] 🔒 Browser closed
[2025-11-21T11:35:52.674Z] 🚀 Initializing browser with anti-detection...
[2025-11-21T11:35:52.967Z] ✅ Browser initialized with stealth mode
[2025-11-21T11:35:52.967Z] 🔍 Processing 1h-maces item 1440 (769/314)
[2025-11-21T11:35:56.965Z] ✅ Collected HTML for item 1440
[2025-11-21T11:35:58.967Z] 🔄 Restarting browser for fresh session...
[2025-11-21T11:35:59.072Z] 🔒 Browser closed
[2025-11-21T11:35:59.072Z] 🚀 Initializing browser with anti-detection...
[2025-11-21T11:35:59.361Z] ✅ Browser initialized with stealth mode
[2025-11-21T11:35:59.362Z] 🔍 Processing 1h-maces item 1457 (770/314)
[2025-11-21T11:36:03.364Z] ✅ Collected HTML for item 1457
[2025-11-21T11:36:05.368Z] 🔄 Restarting browser for fresh session...
[2025-11-21T11:36:05.478Z] 🔒 Browser closed
[2025-11-21T11:36:05.478Z] 🚀 Initializing browser with anti-detection...
[2025-11-21T11:36:05.777Z] ✅ Browser initialized with stealth mode
[2025-11-21T11:36:05.777Z] 🔍 Processing 1h-maces item 1480 (771/314)
[2025-11-21T11:36:09.771Z] ✅ Collected HTML for item 1480
[2025-11-21T11:36:11.773Z] 🔄 Restarting browser for fresh session...
[2025-11-21T11:36:11.876Z] 🔒 Browser closed
[2025-11-21T11:36:11.876Z] 🚀 Initializing browser with anti-detection...
[2025-11-21T11:36:12.170Z] ✅ Browser initialized with stealth mode
[2025-11-21T11:36:12.170Z] 🔍 Processing 1h-maces item 1608 (772/314)
[2025-11-21T11:36:16.370Z] ✅ Collected HTML for item 1608
[2025-11-21T11:36:18.373Z] 🔄 Restarting browser for fresh session...
[2025-11-21T11:36:18.474Z] 🔒 Browser closed
[2025-11-21T11:36:18.474Z] 🚀 Initializing browser with anti-detection...
[2025-11-21T11:36:18.764Z] ✅ Browser initialized with stealth mode
[2025-11-21T11:36:18.764Z] 🔍 Processing 1h-maces item 1958 (773/314)
[2025-11-21T11:36:22.766Z] ✅ Collected HTML for item 1958
[2025-11-21T11:36:24.770Z] 🔄 Restarting browser for fresh session...
[2025-11-21T11:36:24.866Z] 🔒 Browser closed
[2025-11-21T11:36:24.866Z] 🚀 Initializing browser with anti-detection...
[2025-11-21T11:36:25.162Z] ✅ Browser initialized with stealth mode
[2025-11-21T11:36:25.162Z] 🔍 Processing 1h-maces item 2075 (774/314)
[2025-11-21T11:36:37.342Z] ✅ Collected HTML for item 2075
[2025-11-21T11:36:39.343Z] 🔄 Restarting browser for fresh session...
[2025-11-21T11:36:39.440Z] 🔒 Browser closed
[2025-11-21T11:36:39.440Z] 🚀 Initializing browser with anti-detection...
[2025-11-21T11:36:39.727Z] ✅ Browser initialized with stealth mode
[2025-11-21T11:36:39.728Z] 🔍 Processing 1h-maces item 2079 (775/314)
[2025-11-21T11:36:43.607Z] ✅ Collected HTML for item 2079
[2025-11-21T11:36:45.609Z] 🔄 Restarting browser for fresh session...
[2025-11-21T11:36:45.713Z] 🔒 Browser closed
[2025-11-21T11:36:45.713Z] 🚀 Initializing browser with anti-detection...
[2025-11-21T11:36:45.992Z] ✅ Browser initialized with stealth mode
[2025-11-21T11:36:45.993Z] 🔍 Processing 1h-maces item 2821 (776/314)
[2025-11-21T11:36:49.990Z] ✅ Collected HTML for item 2821
[2025-11-21T11:36:51.993Z] 🔄 Restarting browser for fresh session...
[2025-11-21T11:36:52.096Z] 🔒 Browser closed
[2025-11-21T11:36:52.096Z] 🚀 Initializing browser with anti-detection...
[2025-11-21T11:36:52.377Z] ✅ Browser initialized with stealth mode
[2025-11-21T11:36:52.377Z] 🔍 Processing 1h-maces item 3223 (777/314)
[2025-11-21T11:36:56.371Z] ✅ Collected HTML for item 3223
[2025-11-21T11:36:58.374Z] 🔄 Restarting browser for fresh session...
[2025-11-21T11:36:58.482Z] 🔒 Browser closed
[2025-11-21T11:36:58.483Z] 🚀 Initializing browser with anti-detection...
[2025-11-21T11:36:58.779Z] ✅ Browser initialized with stealth mode
[2025-11-21T11:36:58.779Z] 🔍 Processing 1h-maces item 3491 (778/314)
[2025-11-21T11:37:02.656Z] ✅ Collected HTML for item 3491
[2025-11-21T11:37:04.660Z] 🔄 Restarting browser for fresh session...
[2025-11-21T11:37:04.764Z] 🔒 Browser closed
[2025-11-21T11:37:04.764Z] 🚀 Initializing browser with anti-detection...
[2025-11-21T11:37:05.048Z] ✅ Browser initialized with stealth mode
[2025-11-21T11:37:05.048Z] 🔍 Processing 1h-maces item 3492 (779/314)
[2025-11-21T11:37:08.925Z] ✅ Collected HTML for item 3492
[2025-11-21T11:37:10.928Z] 🔄 Restarting browser for fresh session...
[2025-11-21T11:37:11.028Z] 🔒 Browser closed
[2025-11-21T11:37:11.028Z] 🚀 Initializing browser with anti-detection...
[2025-11-21T11:37:11.318Z] ✅ Browser initialized with stealth mode
[2025-11-21T11:37:11.319Z] 🔍 Processing 1h-maces item 4569 (780/314)
[2025-11-21T11:37:15.322Z] ✅ Collected HTML for item 4569
[2025-11-21T11:37:17.325Z] 🔄 Restarting browser for fresh session...
[2025-11-21T11:37:17.421Z] 🔒 Browser closed
[2025-11-21T11:37:17.421Z] 🚀 Initializing browser with anti-detection...
[2025-11-21T11:37:17.718Z] ✅ Browser initialized with stealth mode
[2025-11-21T11:37:17.718Z] 🔍 Processing 1h-maces item 4971 (781/314)
[2025-11-21T11:37:21.721Z] ✅ Collected HTML for item 4971
[2025-11-21T11:37:23.724Z] 🔄 Restarting browser for fresh session...
[2025-11-21T11:37:23.824Z] 🔒 Browser closed
[2025-11-21T11:37:23.825Z] 🚀 Initializing browser with anti-detection...
[2025-11-21T11:37:24.107Z] ✅ Browser initialized with stealth mode
[2025-11-21T11:37:24.107Z] 🔍 Processing 1h-maces item 4978 (782/314)
[2025-11-21T11:37:28.104Z] ✅ Collected HTML for item 4978
[2025-11-21T11:37:30.107Z] 🔄 Restarting browser for fresh session...
[2025-11-21T11:37:30.214Z] 🔒 Browser closed
[2025-11-21T11:37:30.214Z] 🚀 Initializing browser with anti-detection...
[2025-11-21T11:37:30.517Z] ✅ Browser initialized with stealth mode
[2025-11-21T11:37:30.518Z] 🔍 Processing 1h-maces item 5256 (783/314)
[2025-11-21T11:37:34.532Z] ✅ Collected HTML for item 5256
[2025-11-21T11:37:36.535Z] 🔄 Restarting browser for fresh session...
[2025-11-21T11:37:36.637Z] 🔒 Browser closed
[2025-11-21T11:37:36.637Z] 🚀 Initializing browser with anti-detection...
[2025-11-21T11:37:36.931Z] ✅ Browser initialized with stealth mode
[2025-11-21T11:37:36.931Z] 🔍 Processing 1h-maces item 5324 (784/314)
[2025-11-21T11:37:40.807Z] ✅ Collected HTML for item 5324
[2025-11-21T11:37:42.810Z] 🔄 Restarting browser for fresh session...
[2025-11-21T11:37:42.904Z] 🔒 Browser closed
[2025-11-21T11:37:42.904Z] 🚀 Initializing browser with anti-detection...
[2025-11-21T11:37:43.198Z] ✅ Browser initialized with stealth mode
[2025-11-21T11:37:43.199Z] 🔍 Processing 1h-maces item 5541 (785/314)
[2025-11-21T11:37:47.064Z] ✅ Collected HTML for item 5541
[2025-11-21T11:37:49.066Z] 🔄 Restarting browser for fresh session...
[2025-11-21T11:37:49.173Z] 🔒 Browser closed
[2025-11-21T11:37:49.174Z] 🚀 Initializing browser with anti-detection...
[2025-11-21T11:37:49.483Z] ✅ Browser initialized with stealth mode
[2025-11-21T11:37:49.483Z] 🔍 Processing 1h-maces item 5757 (786/314)
[2025-11-21T11:37:53.340Z] ✅ Collected HTML for item 5757
[2025-11-21T11:37:55.342Z] 🔄 Restarting browser for fresh session...
[2025-11-21T11:37:55.448Z] 🔒 Browser closed
[2025-11-21T11:37:55.448Z] 🚀 Initializing browser with anti-detection...
[2025-11-21T11:37:55.742Z] ✅ Browser initialized with stealth mode
[2025-11-21T11:37:55.742Z] 🔍 Processing 1h-maces item 6968 (787/314)
[2025-11-21T11:37:59.737Z] ✅ Collected HTML for item 6968
[2025-11-21T11:38:01.739Z] 🔄 Restarting browser for fresh session...
[2025-11-21T11:38:01.839Z] 🔒 Browser closed
[2025-11-21T11:38:01.840Z] 🚀 Initializing browser with anti-detection...
[2025-11-21T11:38:02.129Z] ✅ Browser initialized with stealth mode
[2025-11-21T11:38:02.129Z] 🔍 Processing 1h-maces item 6983 (788/314)
[2025-11-21T11:38:06.134Z] ✅ Collected HTML for item 6983
[2025-11-21T11:38:08.137Z] 🔄 Restarting browser for fresh session...
[2025-11-21T11:38:08.251Z] 🔒 Browser closed
[2025-11-21T11:38:08.251Z] 🚀 Initializing browser with anti-detection...
[2025-11-21T11:38:08.546Z] ✅ Browser initialized with stealth mode
[2025-11-21T11:38:08.546Z] 🔍 Processing 1h-maces item 7117 (789/314)
[2025-11-21T11:38:12.415Z] ✅ Collected HTML for item 7117
[2025-11-21T11:38:14.419Z] 🔄 Restarting browser for fresh session...
[2025-11-21T11:38:14.522Z] 🔒 Browser closed
[2025-11-21T11:38:14.523Z] 🚀 Initializing browser with anti-detection...
[2025-11-21T11:38:14.814Z] ✅ Browser initialized with stealth mode
[2025-11-21T11:38:14.814Z] 🔍 Processing 1h-maces item 8194 (790/314)
[2025-11-21T11:38:18.821Z] ✅ Collected HTML for item 8194
[2025-11-21T11:38:20.823Z] 🔄 Restarting browser for fresh session...
[2025-11-21T11:38:20.929Z] 🔒 Browser closed
[2025-11-21T11:38:20.930Z] 🚀 Initializing browser with anti-detection...
[2025-11-21T11:38:21.223Z] ✅ Browser initialized with stealth mode
[2025-11-21T11:38:21.223Z] 🔍 Processing 1h-maces item 10804 (791/314)
[2025-11-21T11:38:25.227Z] ✅ Collected HTML for item 10804
[2025-11-21T11:38:27.230Z] 🔄 Restarting browser for fresh session...
[2025-11-21T11:38:27.333Z] 🔒 Browser closed
[2025-11-21T11:38:27.333Z] 🚀 Initializing browser with anti-detection...
[2025-11-21T11:38:27.634Z] ✅ Browser initialized with stealth mode
[2025-11-21T11:38:27.634Z] 🔍 Processing 1h-maces item 15223 (792/314)
[2025-11-21T11:38:31.498Z] ✅ Collected HTML for item 15223
[2025-11-21T11:38:33.500Z] 🔄 Restarting browser for fresh session...
[2025-11-21T11:38:33.600Z] 🔒 Browser closed
[2025-11-21T11:38:33.600Z] 🚀 Initializing browser with anti-detection...
[2025-11-21T11:38:33.894Z] ✅ Browser initialized with stealth mode
[2025-11-21T11:38:33.894Z] 🔍 Processing 1h-maces item 15225 (793/314)
[2025-11-21T11:38:37.771Z] ✅ Collected HTML for item 15225
[2025-11-21T11:38:39.773Z] 🔄 Restarting browser for fresh session...
[2025-11-21T11:38:39.868Z] 🔒 Browser closed
[2025-11-21T11:38:39.868Z] 🚀 Initializing browser with anti-detection...
[2025-11-21T11:38:40.174Z] ✅ Browser initialized with stealth mode
[2025-11-21T11:38:40.174Z] 🔍 Processing 1h-maces item 15226 (794/314)
[2025-11-21T11:38:44.192Z] ✅ Collected HTML for item 15226
[2025-11-21T11:38:46.195Z] 🔄 Restarting browser for fresh session...
[2025-11-21T11:38:46.297Z] 🔒 Browser closed
[2025-11-21T11:38:46.297Z] 🚀 Initializing browser with anti-detection...
[2025-11-21T11:38:46.590Z] ✅ Browser initialized with stealth mode
[2025-11-21T11:38:46.590Z] 🔍 Processing 1h-maces item 15228 (795/314)
[2025-11-21T11:39:05.725Z] ✅ Collected HTML for item 15228
[2025-11-21T11:39:07.728Z] 🔄 Restarting browser for fresh session...
[2025-11-21T11:39:07.820Z] 🔒 Browser closed
[2025-11-21T11:39:07.821Z] 🚀 Initializing browser with anti-detection...
[2025-11-21T11:39:08.159Z] ✅ Browser initialized with stealth mode
[2025-11-21T11:39:08.159Z] 🔍 Processing 1h-maces item 15445 (796/314)
[2025-11-21T11:39:12.172Z] ✅ Collected HTML for item 15445
[2025-11-21T11:39:14.176Z] 🔄 Restarting browser for fresh session...
[2025-11-21T11:39:14.269Z] 🔒 Browser closed
[2025-11-21T11:39:14.270Z] 🚀 Initializing browser with anti-detection...
[2025-11-21T11:39:14.555Z] ✅ Browser initialized with stealth mode
[2025-11-21T11:39:14.555Z] 🔍 Processing 1h-maces item 15863 (797/314)
[2025-11-21T11:39:18.559Z] ✅ Collected HTML for item 15863
[2025-11-21T11:39:20.563Z] 🔄 Restarting browser for fresh session...
[2025-11-21T11:39:20.673Z] 🔒 Browser closed
[2025-11-21T11:39:20.673Z] 🚀 Initializing browser with anti-detection...
[2025-11-21T11:39:20.969Z] ✅ Browser initialized with stealth mode
[2025-11-21T11:39:20.969Z] 🔍 Processing 1h-maces item 16769 (798/314)
[2025-11-21T11:39:24.835Z] ✅ Collected HTML for item 16769
[2025-11-21T11:39:26.837Z] 🔄 Restarting browser for fresh session...
[2025-11-21T11:39:26.937Z] 🔒 Browser closed
[2025-11-21T11:39:26.937Z] 🚀 Initializing browser with anti-detection...
[2025-11-21T11:39:27.229Z] ✅ Browser initialized with stealth mode
[2025-11-21T11:39:27.229Z] 🔍 Processing 1h-maces item 16792 (799/314)
[2025-11-21T11:39:31.094Z] ✅ Collected HTML for item 16792
[2025-11-21T11:39:33.097Z] 🔄 Restarting browser for fresh session...
[2025-11-21T11:39:33.201Z] 🔒 Browser closed
[2025-11-21T11:39:33.201Z] 🚀 Initializing browser with anti-detection...
[2025-11-21T11:39:33.499Z] ✅ Browser initialized with stealth mode
[2025-11-21T11:39:33.499Z] 🔍 Processing 1h-maces item 17003 (800/314)
[2025-11-21T11:39:37.505Z] ✅ Collected HTML for item 17003
[2025-11-21T11:39:39.507Z] 🔄 Restarting browser for fresh session...
[2025-11-21T11:39:39.605Z] 🔒 Browser closed
[2025-11-21T11:39:39.605Z] 🚀 Initializing browser with anti-detection...
[2025-11-21T11:39:39.901Z] ✅ Browser initialized with stealth mode
[2025-11-21T11:39:39.901Z] 🔍 Processing 1h-maces item 17039 (801/314)
[2025-11-21T11:39:43.777Z] ✅ Collected HTML for item 17039
[2025-11-21T11:39:45.781Z] 🔄 Restarting browser for fresh session...
[2025-11-21T11:39:45.885Z] 🔒 Browser closed
[2025-11-21T11:39:45.885Z] 🚀 Initializing browser with anti-detection...
[2025-11-21T11:39:46.177Z] ✅ Browser initialized with stealth mode
[2025-11-21T11:39:46.177Z] 🔍 Processing 1h-maces item 19808 (802/314)
[2025-11-21T11:39:50.048Z] ✅ Collected HTML for item 19808
[2025-11-21T11:39:52.052Z] 🔄 Restarting browser for fresh session...
[2025-11-21T11:39:52.151Z] 🔒 Browser closed
[2025-11-21T11:39:52.151Z] 🚀 Initializing browser with anti-detection...
[2025-11-21T11:39:52.432Z] ✅ Browser initialized with stealth mode
[2025-11-21T11:39:52.433Z] 🔍 Processing 1h-maces item 36019 (803/314)
[2025-11-21T11:39:56.429Z] ✅ Collected HTML for item 36019
[2025-11-21T11:39:58.431Z] 🔄 Restarting browser for fresh session...
[2025-11-21T11:39:58.530Z] 🔒 Browser closed
[2025-11-21T11:39:58.530Z] 🚀 Initializing browser with anti-detection...
[2025-11-21T11:39:58.825Z] ✅ Browser initialized with stealth mode
[2025-11-21T11:39:58.825Z] 🔍 Processing 1h-maces item 41134 (804/314)
[2025-11-21T11:40:02.688Z] ✅ Collected HTML for item 41134
[2025-11-21T11:40:04.690Z] 🔄 Restarting browser for fresh session...
[2025-11-21T11:40:04.797Z] 🔒 Browser closed
[2025-11-21T11:40:04.797Z] 🚀 Initializing browser with anti-detection...
[2025-11-21T11:40:05.085Z] ✅ Browser initialized with stealth mode
[2025-11-21T11:40:05.085Z] 🔍 Processing 1h-maces item 41793 (805/314)
[2025-11-21T11:40:09.092Z] ✅ Collected HTML for item 41793
[2025-11-21T11:40:11.095Z] 🔄 Restarting browser for fresh session...
[2025-11-21T11:40:11.196Z] 🔒 Browser closed
[2025-11-21T11:40:11.197Z] 🚀 Initializing browser with anti-detection...
[2025-11-21T11:40:11.486Z] ✅ Browser initialized with stealth mode
[2025-11-21T11:40:11.486Z] 🔍 Processing 1h-maces item 41818 (806/314)
[2025-11-21T11:40:15.477Z] ✅ Collected HTML for item 41818
[2025-11-21T11:40:17.481Z] 🔄 Restarting browser for fresh session...
[2025-11-21T11:40:17.582Z] 🔒 Browser closed
[2025-11-21T11:40:17.582Z] 🚀 Initializing browser with anti-detection...
[2025-11-21T11:40:17.886Z] ✅ Browser initialized with stealth mode
[2025-11-21T11:40:17.886Z] 🔍 Processing 1h-maces item 51810 (807/314)
[2025-11-21T11:40:21.881Z] ✅ Collected HTML for item 51810
[2025-11-21T11:40:23.885Z] 🔄 Restarting browser for fresh session...
[2025-11-21T11:40:23.988Z] 🔒 Browser closed
[2025-11-21T11:40:23.989Z] 🚀 Initializing browser with anti-detection...
[2025-11-21T11:40:24.281Z] ✅ Browser initialized with stealth mode
[2025-11-21T11:40:24.282Z] 🔍 Processing 1h-maces item 58048 (808/314)
[2025-11-21T11:40:28.278Z] ✅ Collected HTML for item 58048
[2025-11-21T11:40:30.281Z] 🔄 Restarting browser for fresh session...
[2025-11-21T11:40:30.384Z] 🔒 Browser closed
[2025-11-21T11:40:30.384Z] 🚀 Initializing browser with anti-detection...
[2025-11-21T11:40:30.674Z] ✅ Browser initialized with stealth mode
[2025-11-21T11:40:30.674Z] 🔍 Processing 1h-maces item 58127 (809/314)
[2025-11-21T11:40:34.549Z] ✅ Collected HTML for item 58127
[2025-11-21T11:40:36.553Z] 🔄 Restarting browser for fresh session...
[2025-11-21T11:40:36.659Z] 🔒 Browser closed
[2025-11-21T11:40:36.659Z] 🚀 Initializing browser with anti-detection...
[2025-11-21T11:40:36.955Z] ✅ Browser initialized with stealth mode
[2025-11-21T11:40:36.955Z] 🔍 Processing 1h-maces item 58155 (810/314)
[2025-11-21T11:40:40.963Z] ✅ Collected HTML for item 58155
[2025-11-21T11:40:42.966Z] 🔄 Restarting browser for fresh session...
[2025-11-21T11:40:43.048Z] 🔒 Browser closed
[2025-11-21T11:40:43.048Z] 🚀 Initializing browser with anti-detection...
[2025-11-21T11:40:43.336Z] ✅ Browser initialized with stealth mode
[2025-11-21T11:40:43.336Z] 🔍 Processing 1h-maces item 60800 (811/314)
[2025-11-21T11:40:47.205Z] ✅ Collected HTML for item 60800
[2025-11-21T11:40:49.207Z] 🔄 Restarting browser for fresh session...
[2025-11-21T11:40:49.306Z] 🔒 Browser closed
[2025-11-21T11:40:49.306Z] 🚀 Initializing browser with anti-detection...
[2025-11-21T11:40:49.601Z] ✅ Browser initialized with stealth mode
[2025-11-21T11:40:49.601Z] 🔍 Processing 1h-maces item 61349 (812/314)
[2025-11-21T11:40:53.468Z] ✅ Collected HTML for item 61349
[2025-11-21T11:40:55.471Z] 🔄 Restarting browser for fresh session...
[2025-11-21T11:40:55.575Z] 🔒 Browser closed
[2025-11-21T11:40:55.575Z] 🚀 Initializing browser with anti-detection...
[2025-11-21T11:40:55.868Z] ✅ Browser initialized with stealth mode
[2025-11-21T11:40:55.869Z] 🔍 Processing 1h-maces item 70045 (813/314)
[2025-11-21T11:40:59.865Z] ✅ Collected HTML for item 70045
[2025-11-21T11:41:01.867Z] 🔄 Restarting browser for fresh session...
[2025-11-21T11:41:01.968Z] 🔒 Browser closed
[2025-11-21T11:41:01.968Z] 🚀 Initializing browser with anti-detection...
[2025-11-21T11:41:02.261Z] ✅ Browser initialized with stealth mode
[2025-11-21T11:41:02.261Z] 🔍 Processing 1h-maces item 70047 (814/314)
[2025-11-21T11:41:06.262Z] ✅ Collected HTML for item 70047
[2025-11-21T11:41:08.266Z] 🔄 Restarting browser for fresh session...
[2025-11-21T11:41:08.364Z] 🔒 Browser closed
[2025-11-21T11:41:08.364Z] 🚀 Initializing browser with anti-detection...
[2025-11-21T11:41:08.654Z] ✅ Browser initialized with stealth mode
[2025-11-21T11:41:08.654Z] 🔍 Processing 1h-maces item 80723 (815/314)
[2025-11-21T11:41:12.532Z] ✅ Collected HTML for item 80723
[2025-11-21T11:41:14.535Z] 🔄 Restarting browser for fresh session...
[2025-11-21T11:41:14.637Z] 🔒 Browser closed
[2025-11-21T11:41:14.637Z] 🚀 Initializing browser with anti-detection...
[2025-11-21T11:41:14.920Z] ✅ Browser initialized with stealth mode
[2025-11-21T11:41:14.920Z] 🔍 Processing 1h-maces item 28 (816/314)
[2025-11-21T11:41:18.925Z] ✅ Collected HTML for item 28
[2025-11-21T11:41:20.928Z] 🔄 Restarting browser for fresh session...
[2025-11-21T11:41:21.030Z] 🔒 Browser closed
[2025-11-21T11:41:21.030Z] 🚀 Initializing browser with anti-detection...
[2025-11-21T11:41:21.318Z] ✅ Browser initialized with stealth mode
[2025-11-21T11:41:21.318Z] 🔍 Processing 1h-maces item 766 (817/314)
[2025-11-21T11:41:29.930Z] ✅ Collected HTML for item 766
[2025-11-21T11:41:31.932Z] 🔄 Restarting browser for fresh session...
[2025-11-21T11:41:32.044Z] 🔒 Browser closed
[2025-11-21T11:41:32.044Z] 🚀 Initializing browser with anti-detection...
[2025-11-21T11:41:32.335Z] ✅ Browser initialized with stealth mode
[2025-11-21T11:41:32.335Z] 🔍 Processing 1h-maces item 781 (818/314)
[2025-11-21T11:41:36.209Z] ✅ Collected HTML for item 781
[2025-11-21T11:41:38.211Z] 🔄 Restarting browser for fresh session...
[2025-11-21T11:41:38.308Z] 🔒 Browser closed
[2025-11-21T11:41:38.308Z] 🚀 Initializing browser with anti-detection...
[2025-11-21T11:41:38.594Z] ✅ Browser initialized with stealth mode
[2025-11-21T11:41:38.594Z] 🔍 Processing 1h-maces item 789 (819/314)
[2025-11-21T11:41:42.472Z] ✅ Collected HTML for item 789
[2025-11-21T11:41:44.475Z] 🔄 Restarting browser for fresh session...
[2025-11-21T11:41:44.573Z] 🔒 Browser closed
[2025-11-21T11:41:44.573Z] 🚀 Initializing browser with anti-detection...
[2025-11-21T11:41:44.867Z] ✅ Browser initialized with stealth mode
[2025-11-21T11:41:44.868Z] 🔍 Processing 1h-maces item 827 (820/314)
[2025-11-21T11:41:48.730Z] ✅ Collected HTML for item 827
[2025-11-21T11:41:50.733Z] 🔄 Restarting browser for fresh session...
[2025-11-21T11:41:50.834Z] 🔒 Browser closed
[2025-11-21T11:41:50.834Z] 🚀 Initializing browser with anti-detection...
[2025-11-21T11:41:51.134Z] ✅ Browser initialized with stealth mode
[2025-11-21T11:41:51.135Z] 🔍 Processing 1h-maces item 852 (821/314)
[2025-11-21T11:41:55.128Z] ✅ Collected HTML for item 852
[2025-11-21T11:41:57.131Z] 🔄 Restarting browser for fresh session...
[2025-11-21T11:41:57.233Z] 🔒 Browser closed
[2025-11-21T11:41:57.233Z] 🚀 Initializing browser with anti-detection...
[2025-11-21T11:41:57.519Z] ✅ Browser initialized with stealth mode
[2025-11-21T11:41:57.519Z] 🔍 Processing 1h-maces item 920 (822/314)
[2025-11-21T11:42:01.393Z] ✅ Collected HTML for item 920
[2025-11-21T11:42:03.396Z] 🔄 Restarting browser for fresh session...
[2025-11-21T11:42:03.505Z] 🔒 Browser closed
[2025-11-21T11:42:03.505Z] 🚀 Initializing browser with anti-detection...
[2025-11-21T11:42:03.800Z] ✅ Browser initialized with stealth mode
[2025-11-21T11:42:03.801Z] 🔍 Processing 1h-maces item 925 (823/314)
[2025-11-21T11:42:07.798Z] ✅ Collected HTML for item 925
[2025-11-21T11:42:09.802Z] 🔄 Restarting browser for fresh session...
[2025-11-21T11:42:09.893Z] 🔒 Browser closed
[2025-11-21T11:42:09.893Z] 🚀 Initializing browser with anti-detection...
[2025-11-21T11:42:10.182Z] ✅ Browser initialized with stealth mode
[2025-11-21T11:42:10.182Z] 🔍 Processing 1h-maces item 1158 (824/314)
[2025-11-21T11:42:14.050Z] ✅ Collected HTML for item 1158
[2025-11-21T11:42:16.054Z] 🔄 Restarting browser for fresh session...
[2025-11-21T11:42:16.156Z] 🔒 Browser closed
[2025-11-21T11:42:16.156Z] 🚀 Initializing browser with anti-detection...
[2025-11-21T11:42:16.454Z] ✅ Browser initialized with stealth mode
[2025-11-21T11:42:16.454Z] 🔍 Processing 1h-maces item 1382 (825/314)
[2025-11-21T11:42:20.696Z] ✅ Collected HTML for item 1382
[2025-11-21T11:42:22.700Z] 🔄 Restarting browser for fresh session...
[2025-11-21T11:42:22.798Z] 🔒 Browser closed
[2025-11-21T11:42:22.798Z] 🚀 Initializing browser with anti-detection...
[2025-11-21T11:42:23.082Z] ✅ Browser initialized with stealth mode
[2025-11-21T11:42:23.083Z] 🔍 Processing 1h-maces item 1389 (826/314)
[2025-11-21T11:42:26.959Z] ✅ Collected HTML for item 1389
[2025-11-21T11:42:28.962Z] 🔄 Restarting browser for fresh session...
[2025-11-21T11:42:29.064Z] 🔒 Browser closed
[2025-11-21T11:42:29.064Z] 🚀 Initializing browser with anti-detection...
[2025-11-21T11:42:29.349Z] ✅ Browser initialized with stealth mode
[2025-11-21T11:42:29.349Z] 🔍 Processing 1h-maces item 1913 (827/314)
[2025-11-21T11:42:33.349Z] ✅ Collected HTML for item 1913
[2025-11-21T11:42:35.352Z] 🔄 Restarting browser for fresh session...
[2025-11-21T11:42:35.451Z] 🔒 Browser closed
[2025-11-21T11:42:35.451Z] 🚀 Initializing browser with anti-detection...
[2025-11-21T11:42:35.749Z] ✅ Browser initialized with stealth mode
[2025-11-21T11:42:35.749Z] 🔍 Processing 1h-maces item 1926 (828/314)
[2025-11-21T11:42:39.617Z] ✅ Collected HTML for item 1926
[2025-11-21T11:42:41.620Z] 🔄 Restarting browser for fresh session...
[2025-11-21T11:42:41.723Z] 🔒 Browser closed
[2025-11-21T11:42:41.723Z] 🚀 Initializing browser with anti-detection...
[2025-11-21T11:42:42.012Z] ✅ Browser initialized with stealth mode
[2025-11-21T11:42:42.012Z] 🔍 Processing 1h-maces item 2028 (829/314)
[2025-11-21T11:42:45.882Z] ✅ Collected HTML for item 2028
[2025-11-21T11:42:47.883Z] 🔄 Restarting browser for fresh session...
[2025-11-21T11:42:47.992Z] 🔒 Browser closed
[2025-11-21T11:42:47.992Z] 🚀 Initializing browser with anti-detection...
[2025-11-21T11:42:48.287Z] ✅ Browser initialized with stealth mode
[2025-11-21T11:42:48.287Z] 🔍 Processing 1h-maces item 2048 (830/314)
[2025-11-21T11:42:52.282Z] ✅ Collected HTML for item 2048
[2025-11-21T11:42:54.283Z] 🔄 Restarting browser for fresh session...
[2025-11-21T11:42:54.385Z] 🔒 Browser closed
[2025-11-21T11:42:54.385Z] 🚀 Initializing browser with anti-detection...
[2025-11-21T11:42:54.679Z] ✅ Browser initialized with stealth mode
[2025-11-21T11:42:54.679Z] 🔍 Processing 1h-maces item 2055 (831/314)
[2025-11-21T11:42:58.911Z] ✅ Collected HTML for item 2055
[2025-11-21T11:43:00.912Z] 🔄 Restarting browser for fresh session...
[2025-11-21T11:43:01.020Z] 🔒 Browser closed
[2025-11-21T11:43:01.020Z] 🚀 Initializing browser with anti-detection...
[2025-11-21T11:43:01.306Z] ✅ Browser initialized with stealth mode
[2025-11-21T11:43:01.307Z] 🔍 Processing 1h-maces item 2130 (832/314)
[2025-11-21T11:43:05.305Z] ✅ Collected HTML for item 2130
[2025-11-21T11:43:07.307Z] 🔄 Restarting browser for fresh session...
[2025-11-21T11:43:07.408Z] 🔒 Browser closed
[2025-11-21T11:43:07.408Z] 🚀 Initializing browser with anti-detection...
[2025-11-21T11:43:07.697Z] ✅ Browser initialized with stealth mode
[2025-11-21T11:43:07.697Z] 🔍 Processing 1h-maces item 2197 (833/314)
[2025-11-21T11:43:11.701Z] ✅ Collected HTML for item 2197
[2025-11-21T11:43:13.704Z] 🔄 Restarting browser for fresh session...
[2025-11-21T11:43:13.802Z] 🔒 Browser closed
[2025-11-21T11:43:13.802Z] 🚀 Initializing browser with anti-detection...
[2025-11-21T11:43:14.096Z] ✅ Browser initialized with stealth mode
[2025-11-21T11:43:14.096Z] 🔍 Processing 1h-maces item 2259 (834/314)
[2025-11-21T11:43:17.966Z] ✅ Collected HTML for item 2259
[2025-11-21T11:43:19.969Z] 🔄 Restarting browser for fresh session...
[2025-11-21T11:43:20.074Z] 🔒 Browser closed
[2025-11-21T11:43:20.074Z] 🚀 Initializing browser with anti-detection...
[2025-11-21T11:43:20.364Z] ✅ Browser initialized with stealth mode
[2025-11-21T11:43:20.364Z] 🔍 Processing 1h-maces item 2267 (835/314)
[2025-11-21T11:43:24.235Z] ✅ Collected HTML for item 2267
[2025-11-21T11:43:26.238Z] 🔄 Restarting browser for fresh session...
[2025-11-21T11:43:26.337Z] 🔒 Browser closed
[2025-11-21T11:43:26.337Z] 🚀 Initializing browser with anti-detection...
[2025-11-21T11:43:26.628Z] ✅ Browser initialized with stealth mode
[2025-11-21T11:43:26.628Z] 🔍 Processing 1h-maces item 2485 (836/314)
[2025-11-21T11:43:30.503Z] ✅ Collected HTML for item 2485
[2025-11-21T11:43:32.506Z] 🔄 Restarting browser for fresh session...
[2025-11-21T11:43:32.604Z] 🔒 Browser closed
[2025-11-21T11:43:32.604Z] 🚀 Initializing browser with anti-detection...
[2025-11-21T11:43:32.886Z] ✅ Browser initialized with stealth mode
[2025-11-21T11:43:32.886Z] 🔍 Processing 1h-maces item 2492 (837/314)
[2025-11-21T11:43:37.252Z] ✅ Collected HTML for item 2492
[2025-11-21T11:43:39.255Z] 🔄 Restarting browser for fresh session...
[2025-11-21T11:43:39.354Z] 🔒 Browser closed
[2025-11-21T11:43:39.354Z] 🚀 Initializing browser with anti-detection...
[2025-11-21T11:43:39.648Z] ✅ Browser initialized with stealth mode
[2025-11-21T11:43:39.648Z] 🔍 Processing 1h-maces item 2500 (838/314)
[2025-11-21T11:43:43.659Z] ✅ Collected HTML for item 2500
[2025-11-21T11:43:45.662Z] 🔄 Restarting browser for fresh session...
[2025-11-21T11:43:45.761Z] 🔒 Browser closed
[2025-11-21T11:43:45.761Z] 🚀 Initializing browser with anti-detection...
[2025-11-21T11:43:46.053Z] ✅ Browser initialized with stealth mode
[2025-11-21T11:43:46.053Z] 🔍 Processing 1h-maces item 2532 (839/314)
[2025-11-21T11:43:50.055Z] ✅ Collected HTML for item 2532
[2025-11-21T11:43:52.057Z] 🔄 Restarting browser for fresh session...
[2025-11-21T11:43:52.152Z] 🔒 Browser closed
[2025-11-21T11:43:52.152Z] 🚀 Initializing browser with anti-detection...
[2025-11-21T11:43:52.443Z] ✅ Browser initialized with stealth mode
[2025-11-21T11:43:52.443Z] 🔍 Processing 1h-maces item 2844 (840/314)
[2025-11-21T11:43:56.438Z] ✅ Collected HTML for item 2844
[2025-11-21T11:43:58.442Z] 🔄 Restarting browser for fresh session...
[2025-11-21T11:43:58.547Z] 🔒 Browser closed
[2025-11-21T11:43:58.547Z] 🚀 Initializing browser with anti-detection...
[2025-11-21T11:43:58.851Z] ✅ Browser initialized with stealth mode
[2025-11-21T11:43:58.851Z] 🔍 Processing 1h-maces item 2848 (841/314)
[2025-11-21T11:44:02.844Z] ✅ Collected HTML for item 2848
[2025-11-21T11:44:04.846Z] 🔄 Restarting browser for fresh session...
[2025-11-21T11:44:04.949Z] 🔒 Browser closed
[2025-11-21T11:44:04.949Z] 🚀 Initializing browser with anti-detection...
[2025-11-21T11:44:05.250Z] ✅ Browser initialized with stealth mode
[2025-11-21T11:44:05.250Z] 🔍 Processing 1h-maces item 2884 (842/314)
[2025-11-21T11:44:09.243Z] ✅ Collected HTML for item 2884
[2025-11-21T11:44:11.246Z] 🔄 Restarting browser for fresh session...
[2025-11-21T11:44:11.352Z] 🔒 Browser closed
[2025-11-21T11:44:11.352Z] 🚀 Initializing browser with anti-detection...
[2025-11-21T11:44:11.640Z] ✅ Browser initialized with stealth mode
[2025-11-21T11:44:11.640Z] 🔍 Processing 1h-maces item 3262 (843/314)
[2025-11-21T11:44:15.896Z] ✅ Collected HTML for item 3262
[2025-11-21T11:44:17.897Z] 🔄 Restarting browser for fresh session...
[2025-11-21T11:44:18.000Z] 🔒 Browser closed
[2025-11-21T11:44:18.000Z] 🚀 Initializing browser with anti-detection...
[2025-11-21T11:44:18.298Z] ✅ Browser initialized with stealth mode
[2025-11-21T11:44:18.298Z] 🔍 Processing 1h-maces item 3269 (844/314)
[2025-11-21T11:44:22.291Z] ✅ Collected HTML for item 3269
[2025-11-21T11:44:24.293Z] 🔄 Restarting browser for fresh session...
[2025-11-21T11:44:24.402Z] 🔒 Browser closed
[2025-11-21T11:44:24.402Z] 🚀 Initializing browser with anti-detection...
[2025-11-21T11:44:24.702Z] ✅ Browser initialized with stealth mode
[2025-11-21T11:44:24.703Z] 🔍 Processing 1h-maces item 3294 (845/314)
[2025-11-21T11:44:28.714Z] ✅ Collected HTML for item 3294
[2025-11-21T11:44:30.717Z] 🔄 Restarting browser for fresh session...
[2025-11-21T11:44:30.819Z] 🔒 Browser closed
[2025-11-21T11:44:30.819Z] 🚀 Initializing browser with anti-detection...
[2025-11-21T11:44:31.108Z] ✅ Browser initialized with stealth mode
[2025-11-21T11:44:31.108Z] 🔍 Processing 1h-maces item 3329 (846/314)
[2025-11-21T11:44:35.106Z] ✅ Collected HTML for item 3329
[2025-11-21T11:44:37.108Z] 🔄 Restarting browser for fresh session...
[2025-11-21T11:44:37.208Z] 🔒 Browser closed
[2025-11-21T11:44:37.209Z] 🚀 Initializing browser with anti-detection...
[2025-11-21T11:44:37.495Z] ✅ Browser initialized with stealth mode
[2025-11-21T11:44:37.495Z] 🔍 Processing 1h-maces item 4563 (847/314)
[2025-11-21T11:44:41.490Z] ✅ Collected HTML for item 4563
[2025-11-21T11:44:43.492Z] 🔄 Restarting browser for fresh session...
[2025-11-21T11:44:43.594Z] 🔒 Browser closed
[2025-11-21T11:44:43.594Z] 🚀 Initializing browser with anti-detection...
[2025-11-21T11:44:43.891Z] ✅ Browser initialized with stealth mode
[2025-11-21T11:44:43.891Z] 🔍 Processing 1h-maces item 4924 (848/314)
[2025-11-21T11:44:47.894Z] ✅ Collected HTML for item 4924
[2025-11-21T11:44:49.897Z] 🔄 Restarting browser for fresh session...
[2025-11-21T11:44:49.995Z] 🔒 Browser closed
[2025-11-21T11:44:49.995Z] 🚀 Initializing browser with anti-detection...
[2025-11-21T11:44:50.284Z] ✅ Browser initialized with stealth mode
[2025-11-21T11:44:50.284Z] 🔍 Processing 1h-maces item 4948 (849/314)
[2025-11-21T11:44:54.280Z] ✅ Collected HTML for item 4948
[2025-11-21T11:44:56.283Z] 🔄 Restarting browser for fresh session...
[2025-11-21T11:44:56.385Z] 🔒 Browser closed
[2025-11-21T11:44:56.385Z] 🚀 Initializing browser with anti-detection...
[2025-11-21T11:44:56.682Z] ✅ Browser initialized with stealth mode
[2025-11-21T11:44:56.683Z] 🔍 Processing 1h-maces item 5580 (850/314)
[2025-11-21T11:45:00.678Z] ✅ Collected HTML for item 5580
[2025-11-21T11:45:02.681Z] 🔄 Restarting browser for fresh session...
[2025-11-21T11:45:02.783Z] 🔒 Browser closed
[2025-11-21T11:45:02.783Z] 🚀 Initializing browser with anti-detection...
[2025-11-21T11:45:03.082Z] ✅ Browser initialized with stealth mode
[2025-11-21T11:45:03.082Z] 🔍 Processing 1h-maces item 5587 (851/314)
[2025-11-21T11:45:07.075Z] ✅ Collected HTML for item 5587
[2025-11-21T11:45:09.079Z] 🔄 Restarting browser for fresh session...
[2025-11-21T11:45:09.191Z] 🔒 Browser closed
[2025-11-21T11:45:09.191Z] 🚀 Initializing browser with anti-detection...
[2025-11-21T11:45:09.479Z] ✅ Browser initialized with stealth mode
[2025-11-21T11:45:09.479Z] 🔍 Processing 1h-maces item 6360 (852/314)
[2025-11-21T11:45:13.355Z] ✅ Collected HTML for item 6360
[2025-11-21T11:45:15.358Z] 🔄 Restarting browser for fresh session...
[2025-11-21T11:45:15.462Z] 🔒 Browser closed
[2025-11-21T11:45:15.462Z] 🚀 Initializing browser with anti-detection...
[2025-11-21T11:45:15.744Z] ✅ Browser initialized with stealth mode
[2025-11-21T11:45:15.744Z] 🔍 Processing 1h-maces item 6651 (853/314)
[2025-11-21T11:45:19.741Z] ✅ Collected HTML for item 6651
[2025-11-21T11:45:21.745Z] 🔄 Restarting browser for fresh session...
[2025-11-21T11:45:21.846Z] 🔒 Browser closed
[2025-11-21T11:45:21.847Z] 🚀 Initializing browser with anti-detection...
[2025-11-21T11:45:22.137Z] ✅ Browser initialized with stealth mode
[2025-11-21T11:45:22.137Z] 🔍 Processing 1h-maces item 6982 (854/314)
[2025-11-21T11:45:26.144Z] ✅ Collected HTML for item 6982
[2025-11-21T11:45:28.147Z] 🔄 Restarting browser for fresh session...
[2025-11-21T11:45:28.266Z] 🔒 Browser closed
[2025-11-21T11:45:28.266Z] 🚀 Initializing browser with anti-detection...
[2025-11-21T11:45:28.555Z] ✅ Browser initialized with stealth mode
[2025-11-21T11:45:28.555Z] 🔍 Processing 1h-maces item 7328 (855/314)
[2025-11-21T11:45:32.430Z] ✅ Collected HTML for item 7328
[2025-11-21T11:45:34.434Z] 🔄 Restarting browser for fresh session...
[2025-11-21T11:45:34.537Z] 🔒 Browser closed
[2025-11-21T11:45:34.537Z] 🚀 Initializing browser with anti-detection...
[2025-11-21T11:45:34.830Z] ✅ Browser initialized with stealth mode
[2025-11-21T11:45:34.830Z] 🔍 Processing 1h-maces item 10544 (856/314)
[2025-11-21T11:45:38.697Z] ✅ Collected HTML for item 10544
[2025-11-21T11:45:40.698Z] 🔄 Restarting browser for fresh session...
[2025-11-21T11:45:40.794Z] 🔒 Browser closed
[2025-11-21T11:45:40.794Z] 🚀 Initializing browser with anti-detection...
[2025-11-21T11:45:41.083Z] ✅ Browser initialized with stealth mode
[2025-11-21T11:45:41.083Z] 🔍 Processing 1h-maces item 11964 (857/314)
[2025-11-21T11:45:45.085Z] ✅ Collected HTML for item 11964
[2025-11-21T11:45:47.086Z] 🔄 Restarting browser for fresh session...
[2025-11-21T11:45:47.185Z] 🔒 Browser closed
[2025-11-21T11:45:47.185Z] 🚀 Initializing browser with anti-detection...
[2025-11-21T11:45:47.472Z] ✅ Browser initialized with stealth mode
[2025-11-21T11:45:47.472Z] 🔍 Processing 1h-maces item 12792 (858/314)
[2025-11-21T11:45:51.467Z] ✅ Collected HTML for item 12792
[2025-11-21T11:45:53.468Z] 🔄 Restarting browser for fresh session...
[2025-11-21T11:45:53.571Z] 🔒 Browser closed
[2025-11-21T11:45:53.571Z] 🚀 Initializing browser with anti-detection...
[2025-11-21T11:45:53.856Z] ✅ Browser initialized with stealth mode
[2025-11-21T11:45:53.856Z] 🔍 Processing 1h-maces item 17041 (859/314)
[2025-11-21T11:45:57.851Z] ✅ Collected HTML for item 17041
[2025-11-21T11:45:59.855Z] 🔄 Restarting browser for fresh session...
[2025-11-21T11:45:59.955Z] 🔒 Browser closed
[2025-11-21T11:45:59.955Z] 🚀 Initializing browser with anti-detection...
[2025-11-21T11:46:00.245Z] ✅ Browser initialized with stealth mode
[2025-11-21T11:46:00.246Z] 🔍 Processing 1h-maces item 19292 (860/314)
[2025-11-21T11:46:04.240Z] ✅ Collected HTML for item 19292
[2025-11-21T11:46:06.242Z] 🔄 Restarting browser for fresh session...
[2025-11-21T11:46:06.344Z] 🔒 Browser closed
[2025-11-21T11:46:06.344Z] 🚀 Initializing browser with anti-detection...
[2025-11-21T11:46:06.629Z] ✅ Browser initialized with stealth mode
[2025-11-21T11:46:06.629Z] 🔍 Processing 1h-maces item 19293 (861/314)
[2025-11-21T11:46:10.504Z] ✅ Collected HTML for item 19293
[2025-11-21T11:46:12.506Z] 🔄 Restarting browser for fresh session...
[2025-11-21T11:46:12.603Z] 🔒 Browser closed
[2025-11-21T11:46:12.604Z] 🚀 Initializing browser with anti-detection...
[2025-11-21T11:46:12.898Z] ✅ Browser initialized with stealth mode
[2025-11-21T11:46:12.898Z] 🔍 Processing 1h-maces item 41669 (862/314)
[2025-11-21T11:46:17.114Z] ✅ Collected HTML for item 41669
[2025-11-21T11:46:19.118Z] 🔄 Restarting browser for fresh session...
[2025-11-21T11:46:19.221Z] 🔒 Browser closed
[2025-11-21T11:46:19.221Z] 🚀 Initializing browser with anti-detection...
[2025-11-21T11:46:19.518Z] ✅ Browser initialized with stealth mode
[2025-11-21T11:46:19.519Z] 🔍 Processing 1h-maces item 60601 (863/314)
[2025-11-21T11:46:23.521Z] ✅ Collected HTML for item 60601
[2025-11-21T11:46:25.524Z] 🔄 Restarting browser for fresh session...
[2025-11-21T11:46:25.621Z] 🔒 Browser closed
[2025-11-21T11:46:25.621Z] 🚀 Initializing browser with anti-detection...
[2025-11-21T11:46:25.909Z] ✅ Browser initialized with stealth mode
[2025-11-21T11:46:25.909Z] 🔍 Processing 1h-maces item 80500 (864/314)
[2025-11-21T11:46:29.905Z] ✅ Collected HTML for item 80500
[2025-11-21T11:46:31.909Z] 🔄 Restarting browser for fresh session...
[2025-11-21T11:46:32.015Z] 🔒 Browser closed
[2025-11-21T11:46:32.015Z] 🚀 Initializing browser with anti-detection...
[2025-11-21T11:46:32.298Z] ✅ Browser initialized with stealth mode
[2025-11-21T11:46:32.298Z] 🔍 Processing 1h-maces item 80700 (865/314)
[2025-11-21T11:46:36.303Z] ✅ Collected HTML for item 80700
[2025-11-21T11:46:38.307Z] 🔄 Restarting browser for fresh session...
[2025-11-21T11:46:38.403Z] 🔒 Browser closed
[2025-11-21T11:46:38.403Z] 🚀 Initializing browser with anti-detection...
[2025-11-21T11:46:38.701Z] ✅ Browser initialized with stealth mode
[2025-11-21T11:46:38.701Z] 🔍 Processing 1h-maces item 36 (866/314)
[2025-11-21T11:46:42.702Z] ✅ Collected HTML for item 36
[2025-11-21T11:46:44.706Z] 🔄 Restarting browser for fresh session...
[2025-11-21T11:46:44.812Z] 🔒 Browser closed
[2025-11-21T11:46:44.812Z] 🚀 Initializing browser with anti-detection...
[2025-11-21T11:46:45.095Z] ✅ Browser initialized with stealth mode
[2025-11-21T11:46:45.096Z] 🔍 Processing 1h-maces item 1117 (867/314)
[2025-11-21T11:46:49.091Z] ✅ Collected HTML for item 1117
[2025-11-21T11:46:51.095Z] 🔄 Restarting browser for fresh session...
[2025-11-21T11:46:51.188Z] 🔒 Browser closed
[2025-11-21T11:46:51.188Z] 🚀 Initializing browser with anti-detection...
[2025-11-21T11:46:51.476Z] ✅ Browser initialized with stealth mode
[2025-11-21T11:46:51.476Z] 🔍 Processing 1h-maces item 1415 (868/314)
[2025-11-21T11:46:55.483Z] ✅ Collected HTML for item 1415
[2025-11-21T11:46:57.486Z] 🔄 Restarting browser for fresh session...
[2025-11-21T11:46:57.577Z] 🔒 Browser closed
[2025-11-21T11:46:57.577Z] 🚀 Initializing browser with anti-detection...
[2025-11-21T11:46:57.877Z] ✅ Browser initialized with stealth mode
[2025-11-21T11:46:57.877Z] 🔍 Processing 1h-maces item 1510 (869/314)
[2025-11-21T11:47:05.859Z] ✅ Collected HTML for item 1510
[2025-11-21T11:47:07.861Z] 🔄 Restarting browser for fresh session...
[2025-11-21T11:47:07.957Z] 🔒 Browser closed
[2025-11-21T11:47:07.957Z] 🚀 Initializing browser with anti-detection...
[2025-11-21T11:47:08.244Z] ✅ Browser initialized with stealth mode
[2025-11-21T11:47:08.244Z] 🔍 Processing 1h-maces item 1823 (870/314)
[2025-11-21T11:47:12.248Z] ✅ Collected HTML for item 1823
[2025-11-21T11:47:14.250Z] 🔄 Restarting browser for fresh session...
[2025-11-21T11:47:14.342Z] 🔒 Browser closed
[2025-11-21T11:47:14.342Z] 🚀 Initializing browser with anti-detection...
[2025-11-21T11:47:14.630Z] ✅ Browser initialized with stealth mode
[2025-11-21T11:47:14.630Z] 🔍 Processing 1h-maces item 1825 (871/314)
[2025-11-21T11:47:18.640Z] ✅ Collected HTML for item 1825
[2025-11-21T11:47:20.642Z] 🔄 Restarting browser for fresh session...
[2025-11-21T11:47:20.747Z] 🔒 Browser closed
[2025-11-21T11:47:20.747Z] 🚀 Initializing browser with anti-detection...
[2025-11-21T11:47:21.037Z] ✅ Browser initialized with stealth mode
[2025-11-21T11:47:21.037Z] 🔍 Processing 1h-maces item 1901 (872/314)
[2025-11-21T11:47:25.032Z] ✅ Collected HTML for item 1901
[2025-11-21T11:47:27.035Z] 🔄 Restarting browser for fresh session...
[2025-11-21T11:47:27.139Z] 🔒 Browser closed
[2025-11-21T11:47:27.139Z] 🚀 Initializing browser with anti-detection...
[2025-11-21T11:47:27.435Z] ✅ Browser initialized with stealth mode
[2025-11-21T11:47:27.435Z] 🔍 Processing 1h-maces item 1902 (873/314)
[2025-11-21T11:47:31.436Z] ✅ Collected HTML for item 1902
[2025-11-21T11:47:33.438Z] 🔄 Restarting browser for fresh session...
[2025-11-21T11:47:33.544Z] 🔒 Browser closed
[2025-11-21T11:47:33.544Z] 🚀 Initializing browser with anti-detection...
[2025-11-21T11:47:33.832Z] ✅ Browser initialized with stealth mode
[2025-11-21T11:47:33.832Z] 🔍 Processing 1h-maces item 1903 (874/314)
[2025-11-21T11:47:38.046Z] ✅ Collected HTML for item 1903
[2025-11-21T11:47:40.049Z] 🔄 Restarting browser for fresh session...
[2025-11-21T11:47:40.146Z] 🔒 Browser closed
[2025-11-21T11:47:40.146Z] 🚀 Initializing browser with anti-detection...
[2025-11-21T11:47:40.440Z] ✅ Browser initialized with stealth mode
[2025-11-21T11:47:40.440Z] 🔍 Processing 1h-maces item 2064 (875/314)
[2025-11-21T11:47:44.303Z] ✅ Collected HTML for item 2064
[2025-11-21T11:47:46.304Z] 🔄 Restarting browser for fresh session...
[2025-11-21T11:47:46.405Z] 🔒 Browser closed
[2025-11-21T11:47:46.405Z] 🚀 Initializing browser with anti-detection...
[2025-11-21T11:47:46.704Z] ✅ Browser initialized with stealth mode
[2025-11-21T11:47:46.704Z] 🔍 Processing 1h-maces item 2182 (876/314)
[2025-11-21T11:47:50.706Z] ✅ Collected HTML for item 2182
[2025-11-21T11:47:52.708Z] 🔄 Restarting browser for fresh session...
[2025-11-21T11:47:52.821Z] 🔒 Browser closed
[2025-11-21T11:47:52.821Z] 🚀 Initializing browser with anti-detection...
[2025-11-21T11:47:53.119Z] ✅ Browser initialized with stealth mode
[2025-11-21T11:47:53.119Z] 🔍 Processing 1h-maces item 2196 (877/314)
[2025-11-21T11:47:56.990Z] ✅ Collected HTML for item 2196
[2025-11-21T11:47:58.992Z] 🔄 Restarting browser for fresh session...
[2025-11-21T11:47:59.091Z] 🔒 Browser closed
[2025-11-21T11:47:59.091Z] 🚀 Initializing browser with anti-detection...
[2025-11-21T11:47:59.372Z] ✅ Browser initialized with stealth mode
[2025-11-21T11:47:59.372Z] 🔍 Processing 1h-maces item 2202 (878/314)
[2025-11-21T11:48:03.377Z] ✅ Collected HTML for item 2202
[2025-11-21T11:48:05.380Z] 🔄 Restarting browser for fresh session...
[2025-11-21T11:48:05.483Z] 🔒 Browser closed
[2025-11-21T11:48:05.483Z] 🚀 Initializing browser with anti-detection...
[2025-11-21T11:48:05.770Z] ✅ Browser initialized with stealth mode
[2025-11-21T11:48:05.771Z] 🔍 Processing 1h-maces item 2524 (879/314)
[2025-11-21T11:48:10.029Z] ✅ Collected HTML for item 2524
[2025-11-21T11:48:12.030Z] 🔄 Restarting browser for fresh session...
[2025-11-21T11:48:12.126Z] 🔒 Browser closed
[2025-11-21T11:48:12.126Z] 🚀 Initializing browser with anti-detection...
[2025-11-21T11:48:12.428Z] ✅ Browser initialized with stealth mode
[2025-11-21T11:48:12.428Z] 🔍 Processing 1h-maces item 2558 (880/314)
[2025-11-21T11:48:16.433Z] ✅ Collected HTML for item 2558
[2025-11-21T11:48:18.436Z] 🔄 Restarting browser for fresh session...
[2025-11-21T11:48:18.541Z] 🔒 Browser closed
[2025-11-21T11:48:18.541Z] 🚀 Initializing browser with anti-detection...
[2025-11-21T11:48:18.832Z] ✅ Browser initialized with stealth mode
[2025-11-21T11:48:18.832Z] 🔍 Processing 1h-maces item 2695 (881/314)
[2025-11-21T11:48:22.828Z] ✅ Collected HTML for item 2695
[2025-11-21T11:48:24.830Z] 🔄 Restarting browser for fresh session...
[2025-11-21T11:48:24.933Z] 🔒 Browser closed
[2025-11-21T11:48:24.933Z] 🚀 Initializing browser with anti-detection...
[2025-11-21T11:48:25.210Z] ✅ Browser initialized with stealth mode
[2025-11-21T11:48:25.210Z] 🔍 Processing 1h-maces item 2809 (882/314)
[2025-11-21T11:48:29.204Z] ✅ Collected HTML for item 2809
[2025-11-21T11:48:31.208Z] 🔄 Restarting browser for fresh session...
[2025-11-21T11:48:31.315Z] 🔒 Browser closed
[2025-11-21T11:48:31.316Z] 🚀 Initializing browser with anti-detection...
[2025-11-21T11:48:31.602Z] ✅ Browser initialized with stealth mode
[2025-11-21T11:48:31.603Z] 🔍 Processing 1h-maces item 2810 (883/314)
[2025-11-21T11:48:35.598Z] ✅ Collected HTML for item 2810
[2025-11-21T11:48:37.600Z] 🔄 Restarting browser for fresh session...
[2025-11-21T11:48:37.705Z] 🔒 Browser closed
[2025-11-21T11:48:37.705Z] 🚀 Initializing browser with anti-detection...
[2025-11-21T11:48:38.000Z] ✅ Browser initialized with stealth mode
[2025-11-21T11:48:38.000Z] 🔍 Processing 1h-maces item 2813 (884/314)
[2025-11-21T11:48:41.996Z] ✅ Collected HTML for item 2813
[2025-11-21T11:48:43.998Z] 🔄 Restarting browser for fresh session...
[2025-11-21T11:48:44.099Z] 🔒 Browser closed
[2025-11-21T11:48:44.099Z] 🚀 Initializing browser with anti-detection...
[2025-11-21T11:48:44.392Z] ✅ Browser initialized with stealth mode
[2025-11-21T11:48:44.392Z] 🔍 Processing 1h-maces item 3350 (885/314)
[2025-11-21T11:48:48.394Z] ✅ Collected HTML for item 3350
[2025-11-21T11:48:50.398Z] 🔄 Restarting browser for fresh session...
[2025-11-21T11:48:50.501Z] 🔒 Browser closed
[2025-11-21T11:48:50.501Z] 🚀 Initializing browser with anti-detection...
[2025-11-21T11:48:50.796Z] ✅ Browser initialized with stealth mode
[2025-11-21T11:48:50.796Z] 🔍 Processing 1h-maces item 3361 (886/314)
[2025-11-21T11:48:55.066Z] ✅ Collected HTML for item 3361
[2025-11-21T11:48:57.069Z] 🔄 Restarting browser for fresh session...
[2025-11-21T11:48:57.169Z] 🔒 Browser closed
[2025-11-21T11:48:57.169Z] 🚀 Initializing browser with anti-detection...
[2025-11-21T11:48:57.450Z] ✅ Browser initialized with stealth mode
[2025-11-21T11:48:57.450Z] 🔍 Processing 1h-maces item 3774 (887/314)
[2025-11-21T11:49:01.324Z] ✅ Collected HTML for item 3774
[2025-11-21T11:49:03.326Z] 🔄 Restarting browser for fresh session...
[2025-11-21T11:49:03.426Z] 🔒 Browser closed
[2025-11-21T11:49:03.426Z] 🚀 Initializing browser with anti-detection...
[2025-11-21T11:49:03.720Z] ✅ Browser initialized with stealth mode
[2025-11-21T11:49:03.720Z] 🔍 Processing 1h-maces item 4021 (888/314)
[2025-11-21T11:49:07.599Z] ✅ Collected HTML for item 4021
[2025-11-21T11:49:09.602Z] 🔄 Restarting browser for fresh session...
[2025-11-21T11:49:09.699Z] 🔒 Browser closed
[2025-11-21T11:49:09.699Z] 🚀 Initializing browser with anti-detection...
[2025-11-21T11:49:09.985Z] ✅ Browser initialized with stealth mode
[2025-11-21T11:49:09.985Z] 🔍 Processing 1h-maces item 4993 (889/314)
[2025-11-21T11:49:13.979Z] ✅ Collected HTML for item 4993
[2025-11-21T11:49:15.983Z] 🔄 Restarting browser for fresh session...
[2025-11-21T11:49:16.091Z] 🔒 Browser closed
[2025-11-21T11:49:16.091Z] 🚀 Initializing browser with anti-detection...
[2025-11-21T11:49:16.442Z] ✅ Browser initialized with stealth mode
[2025-11-21T11:49:16.442Z] 🔍 Processing 1h-maces item 5291 (890/314)
[2025-11-21T11:49:20.457Z] ✅ Collected HTML for item 5291
[2025-11-21T11:49:22.461Z] 🔄 Restarting browser for fresh session...
[2025-11-21T11:49:22.563Z] 🔒 Browser closed
[2025-11-21T11:49:22.563Z] 🚀 Initializing browser with anti-detection...
[2025-11-21T11:49:22.845Z] ✅ Browser initialized with stealth mode
[2025-11-21T11:49:22.845Z] 🔍 Processing 1h-maces item 6334 (891/314)
[2025-11-21T11:49:26.854Z] ✅ Collected HTML for item 6334
[2025-11-21T11:49:28.857Z] 🔄 Restarting browser for fresh session...
[2025-11-21T11:49:28.953Z] 🔒 Browser closed
[2025-11-21T11:49:28.953Z] 🚀 Initializing browser with anti-detection...
[2025-11-21T11:49:29.249Z] ✅ Browser initialized with stealth mode
[2025-11-21T11:49:29.249Z] 🔍 Processing 1h-maces item 6946 (892/314)
[2025-11-21T11:49:33.250Z] ✅ Collected HTML for item 6946
[2025-11-21T11:49:35.254Z] 🔄 Restarting browser for fresh session...
[2025-11-21T11:49:35.357Z] 🔒 Browser closed
[2025-11-21T11:49:35.357Z] 🚀 Initializing browser with anti-detection...
[2025-11-21T11:49:35.648Z] ✅ Browser initialized with stealth mode
[2025-11-21T11:49:35.649Z] 🔍 Processing 1h-maces item 9659 (893/314)
[2025-11-21T11:49:39.649Z] ✅ Collected HTML for item 9659
[2025-11-21T11:49:41.652Z] 🔄 Restarting browser for fresh session...
[2025-11-21T11:49:41.752Z] 🔒 Browser closed
[2025-11-21T11:49:41.752Z] 🚀 Initializing browser with anti-detection...
[2025-11-21T11:49:42.037Z] ✅ Browser initialized with stealth mode
[2025-11-21T11:49:42.037Z] 🔍 Processing 1h-maces item 10591 (894/314)
[2025-11-21T11:49:46.033Z] ✅ Collected HTML for item 10591
[2025-11-21T11:49:48.035Z] 🔄 Restarting browser for fresh session...
[2025-11-21T11:49:48.133Z] 🔒 Browser closed
[2025-11-21T11:49:48.134Z] 🚀 Initializing browser with anti-detection...
[2025-11-21T11:49:48.419Z] ✅ Browser initialized with stealth mode
[2025-11-21T11:49:48.420Z] 🔍 Processing 1h-maces item 11264 (895/314)
[2025-11-21T11:49:52.423Z] ✅ Collected HTML for item 11264
[2025-11-21T11:49:54.427Z] 🔄 Restarting browser for fresh session...
[2025-11-21T11:49:54.525Z] 🔒 Browser closed
[2025-11-21T11:49:54.525Z] 🚀 Initializing browser with anti-detection...
[2025-11-21T11:49:54.820Z] ✅ Browser initialized with stealth mode
[2025-11-21T11:49:54.820Z] 🔍 Processing 1h-maces item 11369 (896/314)
[2025-11-21T11:49:58.820Z] ✅ Collected HTML for item 11369
[2025-11-21T11:50:00.821Z] 🔄 Restarting browser for fresh session...
[2025-11-21T11:50:00.917Z] 🔒 Browser closed
[2025-11-21T11:50:00.917Z] 🚀 Initializing browser with anti-detection...
[2025-11-21T11:50:01.220Z] ✅ Browser initialized with stealth mode
[2025-11-21T11:50:01.220Z] 🔍 Processing 1h-maces item 11383 (897/314)
[2025-11-21T11:50:05.233Z] ✅ Collected HTML for item 11383
[2025-11-21T11:50:07.237Z] 🔄 Restarting browser for fresh session...
[2025-11-21T11:50:07.330Z] 🔒 Browser closed
[2025-11-21T11:50:07.330Z] 🚀 Initializing browser with anti-detection...
[2025-11-21T11:50:07.619Z] ✅ Browser initialized with stealth mode
[2025-11-21T11:50:07.619Z] 🔍 Processing 1h-maces item 11411 (898/314)
[2025-11-21T11:50:11.489Z] ✅ Collected HTML for item 11411
[2025-11-21T11:50:13.493Z] 🔄 Restarting browser for fresh session...
[2025-11-21T11:50:13.582Z] 🔒 Browser closed
[2025-11-21T11:50:13.582Z] 🚀 Initializing browser with anti-detection...
[2025-11-21T11:50:13.880Z] ✅ Browser initialized with stealth mode
[2025-11-21T11:50:13.880Z] 🔍 Processing 1h-maces item 12786 (899/314)
[2025-11-21T11:50:17.880Z] ✅ Collected HTML for item 12786
[2025-11-21T11:50:19.883Z] 🔄 Restarting browser for fresh session...
[2025-11-21T11:50:19.972Z] 🔒 Browser closed
[2025-11-21T11:50:19.972Z] 🚀 Initializing browser with anti-detection...
[2025-11-21T11:50:20.265Z] ✅ Browser initialized with stealth mode
[2025-11-21T11:50:20.265Z] 🔍 Processing 1h-maces item 12787 (900/314)
[2025-11-21T11:50:24.265Z] ✅ Collected HTML for item 12787
[2025-11-21T11:50:26.267Z] 🔄 Restarting browser for fresh session...
[2025-11-21T11:50:26.377Z] 🔒 Browser closed
[2025-11-21T11:50:26.377Z] 🚀 Initializing browser with anti-detection...
[2025-11-21T11:50:26.682Z] ✅ Browser initialized with stealth mode
[2025-11-21T11:50:26.682Z] 🔍 Processing 1h-maces item 12788 (901/314)
[2025-11-21T11:50:30.679Z] ✅ Collected HTML for item 12788
[2025-11-21T11:50:32.683Z] 🔄 Restarting browser for fresh session...
[2025-11-21T11:50:32.787Z] 🔒 Browser closed
[2025-11-21T11:50:32.787Z] 🚀 Initializing browser with anti-detection...
[2025-11-21T11:50:33.093Z] ✅ Browser initialized with stealth mode
[2025-11-21T11:50:33.093Z] 🔍 Processing 1h-maces item 12934 (902/314)
[2025-11-21T11:50:37.551Z] ✅ Collected HTML for item 12934
[2025-11-21T11:50:39.555Z] 🔄 Restarting browser for fresh session...
[2025-11-21T11:50:39.655Z] 🔒 Browser closed
[2025-11-21T11:50:39.656Z] 🚀 Initializing browser with anti-detection...
[2025-11-21T11:50:39.956Z] ✅ Browser initialized with stealth mode
[2025-11-21T11:50:39.956Z] 🔍 Processing 1h-maces item 13220 (903/314)
[2025-11-21T11:50:44.205Z] ✅ Collected HTML for item 13220
[2025-11-21T11:50:46.209Z] 🔄 Restarting browser for fresh session...
[2025-11-21T11:50:46.310Z] 🔒 Browser closed
[2025-11-21T11:50:46.310Z] 🚀 Initializing browser with anti-detection...
[2025-11-21T11:50:46.621Z] ✅ Browser initialized with stealth mode
[2025-11-21T11:50:46.621Z] 🔍 Processing 1h-maces item 13312 (904/314)
[2025-11-21T11:50:50.633Z] ✅ Collected HTML for item 13312
[2025-11-21T11:50:52.636Z] 🔄 Restarting browser for fresh session...
[2025-11-21T11:50:52.737Z] 🔒 Browser closed
[2025-11-21T11:50:52.738Z] 🚀 Initializing browser with anti-detection...
[2025-11-21T11:50:53.028Z] ✅ Browser initialized with stealth mode
[2025-11-21T11:50:53.028Z] 🔍 Processing 1h-maces item 13820 (905/314)
[2025-11-21T11:50:57.038Z] ✅ Collected HTML for item 13820
[2025-11-21T11:50:59.040Z] 🔄 Restarting browser for fresh session...
[2025-11-21T11:50:59.143Z] 🔒 Browser closed
[2025-11-21T11:50:59.143Z] 🚀 Initializing browser with anti-detection...
[2025-11-21T11:50:59.442Z] ✅ Browser initialized with stealth mode
[2025-11-21T11:50:59.442Z] 🔍 Processing 1h-maces item 13894 (906/314)
[2025-11-21T11:51:03.443Z] ✅ Collected HTML for item 13894
[2025-11-21T11:51:05.446Z] 🔄 Restarting browser for fresh session...
[2025-11-21T11:51:05.555Z] 🔒 Browser closed
[2025-11-21T11:51:05.555Z] 🚀 Initializing browser with anti-detection...
[2025-11-21T11:51:05.842Z] ✅ Browser initialized with stealth mode
[2025-11-21T11:51:05.843Z] 🔍 Processing 1h-maces item 14533 (907/314)
[2025-11-21T11:51:09.838Z] ✅ Collected HTML for item 14533
[2025-11-21T11:51:11.842Z] 🔄 Restarting browser for fresh session...
[2025-11-21T11:51:11.941Z] 🔒 Browser closed
[2025-11-21T11:51:11.941Z] 🚀 Initializing browser with anti-detection...
[2025-11-21T11:51:12.244Z] ✅ Browser initialized with stealth mode
[2025-11-21T11:51:12.244Z] 🔍 Processing 1h-maces item 14575 (908/314)
[2025-11-21T11:51:16.241Z] ✅ Collected HTML for item 14575
[2025-11-21T11:51:18.243Z] 🔄 Restarting browser for fresh session...
[2025-11-21T11:51:18.347Z] 🔒 Browser closed
[2025-11-21T11:51:18.347Z] 🚀 Initializing browser with anti-detection...
[2025-11-21T11:51:18.646Z] ✅ Browser initialized with stealth mode
[2025-11-21T11:51:18.646Z] 🔍 Processing 1h-maces item 17040 (909/314)
[2025-11-21T11:51:22.649Z] ✅ Collected HTML for item 17040
[2025-11-21T11:51:24.653Z] 🔄 Restarting browser for fresh session...
[2025-11-21T11:51:24.762Z] 🔒 Browser closed
[2025-11-21T11:51:24.762Z] 🚀 Initializing browser with anti-detection...
[2025-11-21T11:51:25.067Z] ✅ Browser initialized with stealth mode
[2025-11-21T11:51:25.067Z] 🔍 Processing 1h-maces item 19916 (910/314)
[2025-11-21T11:51:29.081Z] ✅ Collected HTML for item 19916
[2025-11-21T11:51:31.084Z] 🔄 Restarting browser for fresh session...
[2025-11-21T11:51:31.185Z] 🔒 Browser closed
[2025-11-21T11:51:31.185Z] 🚀 Initializing browser with anti-detection...
[2025-11-21T11:51:31.467Z] ✅ Browser initialized with stealth mode
[2025-11-21T11:51:31.467Z] 🔍 Processing 1h-maces item 20738 (911/314)
[2025-11-21T11:51:35.344Z] ✅ Collected HTML for item 20738
[2025-11-21T11:51:37.348Z] 🔄 Restarting browser for fresh session...
[2025-11-21T11:51:37.451Z] 🔒 Browser closed
[2025-11-21T11:51:37.451Z] 🚀 Initializing browser with anti-detection...
[2025-11-21T11:51:37.744Z] ✅ Browser initialized with stealth mode
[2025-11-21T11:51:37.744Z] 🔍 Processing 1h-maces item 22213 (912/314)
[2025-11-21T11:51:41.745Z] ✅ Collected HTML for item 22213
[2025-11-21T11:51:43.748Z] 🔄 Restarting browser for fresh session...
[2025-11-21T11:51:43.852Z] 🔒 Browser closed
[2025-11-21T11:51:43.852Z] 🚀 Initializing browser with anti-detection...
[2025-11-21T11:51:44.145Z] ✅ Browser initialized with stealth mode
[2025-11-21T11:51:44.145Z] 🔍 Processing 1h-maces item 22341 (913/314)
[2025-11-21T11:51:48.138Z] ✅ Collected HTML for item 22341
[2025-11-21T11:51:50.142Z] 🔄 Restarting browser for fresh session...
[2025-11-21T11:51:50.236Z] 🔒 Browser closed
[2025-11-21T11:51:50.236Z] 🚀 Initializing browser with anti-detection...
[2025-11-21T11:51:50.529Z] ✅ Browser initialized with stealth mode
[2025-11-21T11:51:50.529Z] 🔍 Processing 1h-maces item 41852 (914/314)
[2025-11-21T11:51:54.531Z] ✅ Collected HTML for item 41852
[2025-11-21T11:51:56.535Z] 🔄 Restarting browser for fresh session...
[2025-11-21T11:51:56.636Z] 🔒 Browser closed
[2025-11-21T11:51:56.636Z] 🚀 Initializing browser with anti-detection...
[2025-11-21T11:51:56.929Z] ✅ Browser initialized with stealth mode
[2025-11-21T11:51:56.929Z] 🔍 Processing 1h-maces item 58245 (915/314)
[2025-11-21T11:52:00.924Z] ✅ Collected HTML for item 58245
[2025-11-21T11:52:02.928Z] 🔄 Restarting browser for fresh session...
[2025-11-21T11:52:03.027Z] 🔒 Browser closed
[2025-11-21T11:52:03.027Z] 🚀 Initializing browser with anti-detection...
[2025-11-21T11:52:03.332Z] ✅ Browser initialized with stealth mode
[2025-11-21T11:52:03.332Z] 🔍 Processing 1h-maces item 1815 (916/314)
[2025-11-21T11:52:07.329Z] ✅ Collected HTML for item 1815
[2025-11-21T11:52:09.332Z] 🔄 Restarting browser for fresh session...
[2025-11-21T11:52:09.431Z] 🔒 Browser closed
[2025-11-21T11:52:09.431Z] 🚀 Initializing browser with anti-detection...
[2025-11-21T11:52:09.733Z] ✅ Browser initialized with stealth mode
[2025-11-21T11:52:09.733Z] 🔍 Processing 1h-maces item 1906 (917/314)
[2025-11-21T11:52:13.734Z] ✅ Collected HTML for item 1906
[2025-11-21T11:52:15.737Z] 🔄 Restarting browser for fresh session...
[2025-11-21T11:52:15.840Z] 🔒 Browser closed
[2025-11-21T11:52:15.840Z] 🚀 Initializing browser with anti-detection...
[2025-11-21T11:52:16.127Z] ✅ Browser initialized with stealth mode
[2025-11-21T11:52:16.128Z] 🔍 Processing 1h-maces item 1911 (918/314)
[2025-11-21T11:52:20.124Z] ✅ Collected HTML for item 1911
[2025-11-21T11:52:22.128Z] 🔄 Restarting browser for fresh session...
[2025-11-21T11:52:22.232Z] 🔒 Browser closed
[2025-11-21T11:52:22.232Z] 🚀 Initializing browser with anti-detection...
[2025-11-21T11:52:22.519Z] ✅ Browser initialized with stealth mode
[2025-11-21T11:52:22.520Z] 🔍 Processing 1h-maces item 2056 (919/314)
[2025-11-21T11:52:26.395Z] ✅ Collected HTML for item 2056
[2025-11-21T11:52:28.399Z] 🔄 Restarting browser for fresh session...
[2025-11-21T11:52:28.494Z] 🔒 Browser closed
[2025-11-21T11:52:28.494Z] 🚀 Initializing browser with anti-detection...
[2025-11-21T11:52:28.782Z] ✅ Browser initialized with stealth mode
[2025-11-21T11:52:28.782Z] 🔍 Processing 1h-maces item 3044 (920/314)
[2025-11-21T11:52:32.777Z] ✅ Collected HTML for item 3044
[2025-11-21T11:52:34.781Z] 🔄 Restarting browser for fresh session...
[2025-11-21T11:52:34.877Z] 🔒 Browser closed
[2025-11-21T11:52:34.877Z] 🚀 Initializing browser with anti-detection...
[2025-11-21T11:52:35.186Z] ✅ Browser initialized with stealth mode
[2025-11-21T11:52:35.186Z] 🔍 Processing 1h-maces item 3787 (921/314)
[2025-11-21T11:52:39.207Z] ✅ Collected HTML for item 3787
[2025-11-21T11:52:41.210Z] 🔄 Restarting browser for fresh session...
[2025-11-21T11:52:41.305Z] 🔒 Browser closed
[2025-11-21T11:52:41.305Z] 🚀 Initializing browser with anti-detection...
[2025-11-21T11:52:41.599Z] ✅ Browser initialized with stealth mode
[2025-11-21T11:52:41.599Z] 🔍 Processing 1h-maces item 5495 (922/314)
[2025-11-21T11:52:45.595Z] ✅ Collected HTML for item 5495
[2025-11-21T11:52:47.597Z] 🔄 Restarting browser for fresh session...
[2025-11-21T11:52:47.700Z] 🔒 Browser closed
[2025-11-21T11:52:47.700Z] 🚀 Initializing browser with anti-detection...
[2025-11-21T11:52:47.993Z] ✅ Browser initialized with stealth mode
[2025-11-21T11:52:47.993Z] 🔍 Processing 1h-maces item 6196 (923/314)
[2025-11-21T11:52:51.859Z] ✅ Collected HTML for item 6196
[2025-11-21T11:52:53.862Z] 🔄 Restarting browser for fresh session...
[2025-11-21T11:52:53.955Z] 🔒 Browser closed
[2025-11-21T11:52:53.955Z] 🚀 Initializing browser with anti-detection...
[2025-11-21T11:52:54.240Z] ✅ Browser initialized with stealth mode
[2025-11-21T11:52:54.240Z] 🔍 Processing 1h-maces item 6618 (924/314)
[2025-11-21T11:52:58.244Z] ✅ Collected HTML for item 6618
[2025-11-21T11:53:00.248Z] 🔄 Restarting browser for fresh session...
[2025-11-21T11:53:00.338Z] 🔒 Browser closed
[2025-11-21T11:53:00.338Z] 🚀 Initializing browser with anti-detection...
[2025-11-21T11:53:00.624Z] ✅ Browser initialized with stealth mode
[2025-11-21T11:53:00.624Z] 🔍 Processing 1h-maces item 12183 (925/314)
[2025-11-21T11:53:04.626Z] ✅ Collected HTML for item 12183
[2025-11-21T11:53:06.630Z] 🔄 Restarting browser for fresh session...
[2025-11-21T11:53:06.723Z] 🔒 Browser closed
[2025-11-21T11:53:06.723Z] 🚀 Initializing browser with anti-detection...
[2025-11-21T11:53:07.001Z] ✅ Browser initialized with stealth mode
[2025-11-21T11:53:07.001Z] 🔍 Processing 1h-maces item 12883 (926/314)
[2025-11-21T11:53:11.010Z] ✅ Collected HTML for item 12883
[2025-11-21T11:53:13.012Z] 🔄 Restarting browser for fresh session...
[2025-11-21T11:53:13.098Z] 🔒 Browser closed
[2025-11-21T11:53:13.098Z] 🚀 Initializing browser with anti-detection...
[2025-11-21T11:53:13.385Z] ✅ Browser initialized with stealth mode
[2025-11-21T11:53:13.385Z] 🔍 Processing 1h-maces item 19404 (927/314)
[2025-11-21T11:53:17.388Z] ✅ Collected HTML for item 19404
[2025-11-21T11:53:19.389Z] 🔄 Restarting browser for fresh session...
[2025-11-21T11:53:19.485Z] 🔒 Browser closed
[2025-11-21T11:53:19.485Z] 🚀 Initializing browser with anti-detection...
[2025-11-21T11:53:19.783Z] ✅ Browser initialized with stealth mode
[2025-11-21T11:53:19.783Z] 🔍 Processing 1h-maces item 22724 (928/314)
[2025-11-21T11:53:23.787Z] ✅ Collected HTML for item 22724
[2025-11-21T11:53:25.791Z] 🔄 Restarting browser for fresh session...
[2025-11-21T11:53:25.887Z] 🔒 Browser closed
[2025-11-21T11:53:25.888Z] 🚀 Initializing browser with anti-detection...
[2025-11-21T11:53:26.187Z] ✅ Browser initialized with stealth mode
[2025-11-21T11:53:26.187Z] 🔍 Processing 1h-maces item 23583 (929/314)
[2025-11-21T11:53:30.181Z] ✅ Collected HTML for item 23583
[2025-11-21T11:53:32.186Z] ✅ 1h-maces HTML collection complete!
[2025-11-21T11:53:32.186Z] 📊 Successfully processed: 929
[2025-11-21T11:53:32.187Z] ❌ Failed: 1
[2025-11-21T11:53:35.190Z] 📁 Loaded 203 IDs from turtle_db/items-2.5.json
[2025-11-21T11:53:35.191Z] 
🎯 Processing 2h-maces (2.5)
[2025-11-21T11:53:35.191Z] 📊 Total IDs to process: 203
[2025-11-21T11:53:35.193Z] 📦 Already collected: 928
[2025-11-21T11:53:35.194Z] ⏳ Remaining to process: 203
[2025-11-21T11:53:35.194Z] 🔍 Processing 2h-maces item 2915 (929/203)
[2025-11-21T11:53:39.907Z] ⏳ Cloudflare protection detected for item 2915, waiting...
[2025-11-21T11:53:49.910Z] ⚠️ No main-contents found for item 2915
[2025-11-21T11:53:51.913Z] 🔄 Restarting browser for fresh session...
[2025-11-21T11:53:52.012Z] 🔒 Browser closed
[2025-11-21T11:53:52.012Z] 🚀 Initializing browser with anti-detection...
[2025-11-21T11:53:52.342Z] ✅ Browser initialized with stealth mode
[2025-11-21T11:53:52.342Z] 🔍 Processing 2h-maces item 3194 (930/203)
[2025-11-21T11:53:56.340Z] ✅ Collected HTML for item 3194
[2025-11-21T11:53:58.344Z] 🔄 Restarting browser for fresh session...
[2025-11-21T11:53:58.441Z] 🔒 Browser closed
[2025-11-21T11:53:58.441Z] 🚀 Initializing browser with anti-detection...
[2025-11-21T11:53:58.734Z] ✅ Browser initialized with stealth mode
[2025-11-21T11:53:58.734Z] 🔍 Processing 2h-maces item 3203 (931/203)
[2025-11-21T11:54:02.606Z] ✅ Collected HTML for item 3203
[2025-11-21T11:54:04.610Z] 🔄 Restarting browser for fresh session...
[2025-11-21T11:54:04.706Z] 🔒 Browser closed
[2025-11-21T11:54:04.706Z] 🚀 Initializing browser with anti-detection...
[2025-11-21T11:54:05.008Z] ✅ Browser initialized with stealth mode
[2025-11-21T11:54:05.008Z] 🔍 Processing 2h-maces item 7730 (932/203)
[2025-11-21T11:54:09.003Z] ✅ Collected HTML for item 7730
[2025-11-21T11:54:11.007Z] 🔄 Restarting browser for fresh session...
[2025-11-21T11:54:11.098Z] 🔒 Browser closed
[2025-11-21T11:54:11.099Z] 🚀 Initializing browser with anti-detection...
[2025-11-21T11:54:11.376Z] ✅ Browser initialized with stealth mode
[2025-11-21T11:54:11.376Z] 🔍 Processing 2h-maces item 11608 (933/203)
[2025-11-21T11:54:15.254Z] ✅ Collected HTML for item 11608
[2025-11-21T11:54:17.257Z] 🔄 Restarting browser for fresh session...
[2025-11-21T11:54:17.347Z] 🔒 Browser closed
[2025-11-21T11:54:17.348Z] 🚀 Initializing browser with anti-detection...
[2025-11-21T11:54:17.632Z] ✅ Browser initialized with stealth mode
[2025-11-21T11:54:17.632Z] 🔍 Processing 2h-maces item 11803 (934/203)
[2025-11-21T11:54:21.626Z] ✅ Collected HTML for item 11803
[2025-11-21T11:54:23.628Z] 🔄 Restarting browser for fresh session...
[2025-11-21T11:54:23.724Z] 🔒 Browser closed
[2025-11-21T11:54:23.724Z] 🚀 Initializing browser with anti-detection...
[2025-11-21T11:54:24.003Z] ✅ Browser initialized with stealth mode
[2025-11-21T11:54:24.003Z] 🔍 Processing 2h-maces item 12776 (935/203)
[2025-11-21T11:54:27.997Z] ✅ Collected HTML for item 12776
[2025-11-21T11:54:30.001Z] 🔄 Restarting browser for fresh session...
[2025-11-21T11:54:30.100Z] 🔒 Browser closed
[2025-11-21T11:54:30.100Z] 🚀 Initializing browser with anti-detection...
[2025-11-21T11:54:30.385Z] ✅ Browser initialized with stealth mode
[2025-11-21T11:54:30.385Z] 🔍 Processing 2h-maces item 13046 (936/203)
[2025-11-21T11:54:34.268Z] ✅ Collected HTML for item 13046
[2025-11-21T11:54:36.271Z] 🔄 Restarting browser for fresh session...
[2025-11-21T11:54:36.364Z] 🔒 Browser closed
[2025-11-21T11:54:36.364Z] 🚀 Initializing browser with anti-detection...
[2025-11-21T11:54:36.649Z] ✅ Browser initialized with stealth mode
[2025-11-21T11:54:36.650Z] 🔍 Processing 2h-maces item 13167 (937/203)
[2025-11-21T11:54:40.519Z] ✅ Collected HTML for item 13167
[2025-11-21T11:54:42.523Z] 🔄 Restarting browser for fresh session...
[2025-11-21T11:54:42.620Z] 🔒 Browser closed
[2025-11-21T11:54:42.620Z] 🚀 Initializing browser with anti-detection...
[2025-11-21T11:54:42.917Z] ✅ Browser initialized with stealth mode
[2025-11-21T11:54:42.917Z] 🔍 Processing 2h-maces item 14531 (938/203)
[2025-11-21T11:54:46.783Z] ✅ Collected HTML for item 14531
[2025-11-21T11:54:48.787Z] 🔄 Restarting browser for fresh session...
[2025-11-21T11:54:48.879Z] 🔒 Browser closed
[2025-11-21T11:54:48.879Z] 🚀 Initializing browser with anti-detection...
[2025-11-21T11:54:49.159Z] ✅ Browser initialized with stealth mode
[2025-11-21T11:54:49.159Z] 🔍 Processing 2h-maces item 17073 (939/203)
[2025-11-21T11:54:53.038Z] ✅ Collected HTML for item 17073
[2025-11-21T11:54:55.041Z] 🔄 Restarting browser for fresh session...
[2025-11-21T11:54:55.137Z] 🔒 Browser closed
[2025-11-21T11:54:55.137Z] 🚀 Initializing browser with anti-detection...
[2025-11-21T11:54:55.436Z] ✅ Browser initialized with stealth mode
[2025-11-21T11:54:55.436Z] 🔍 Processing 2h-maces item 17182 (940/203)
[2025-11-21T11:54:59.431Z] ✅ Collected HTML for item 17182
[2025-11-21T11:55:01.434Z] 🔄 Restarting browser for fresh session...
[2025-11-21T11:55:01.528Z] 🔒 Browser closed
[2025-11-21T11:55:01.528Z] 🚀 Initializing browser with anti-detection...
[2025-11-21T11:55:01.822Z] ✅ Browser initialized with stealth mode
[2025-11-21T11:55:01.822Z] 🔍 Processing 2h-maces item 17193 (941/203)
[2025-11-21T11:55:05.689Z] ✅ Collected HTML for item 17193
[2025-11-21T11:55:07.692Z] 🔄 Restarting browser for fresh session...
[2025-11-21T11:55:07.795Z] 🔒 Browser closed
[2025-11-21T11:55:07.796Z] 🚀 Initializing browser with anti-detection...
[2025-11-21T11:55:08.094Z] ✅ Browser initialized with stealth mode
[2025-11-21T11:55:08.095Z] 🔍 Processing 2h-maces item 18420 (942/203)
[2025-11-21T11:55:12.098Z] ✅ Collected HTML for item 18420
[2025-11-21T11:55:14.101Z] 🔄 Restarting browser for fresh session...
[2025-11-21T11:55:14.197Z] 🔒 Browser closed
[2025-11-21T11:55:14.197Z] 🚀 Initializing browser with anti-detection...
[2025-11-21T11:55:14.486Z] ✅ Browser initialized with stealth mode
[2025-11-21T11:55:14.487Z] 🔍 Processing 2h-maces item 18717 (943/203)
[2025-11-21T11:55:18.483Z] ✅ Collected HTML for item 18717
[2025-11-21T11:55:20.488Z] 🔄 Restarting browser for fresh session...
[2025-11-21T11:55:20.590Z] 🔒 Browser closed
[2025-11-21T11:55:20.590Z] 🚀 Initializing browser with anti-detection...
[2025-11-21T11:55:20.886Z] ✅ Browser initialized with stealth mode
[2025-11-21T11:55:20.886Z] 🔍 Processing 2h-maces item 18803 (944/203)
[2025-11-21T11:55:24.887Z] ✅ Collected HTML for item 18803
[2025-11-21T11:55:26.889Z] 🔄 Restarting browser for fresh session...
[2025-11-21T11:55:26.997Z] 🔒 Browser closed
[2025-11-21T11:55:26.998Z] 🚀 Initializing browser with anti-detection...
[2025-11-21T11:55:27.289Z] ✅ Browser initialized with stealth mode
[2025-11-21T11:55:27.289Z] 🔍 Processing 2h-maces item 18867 (945/203)
[2025-11-21T11:55:31.281Z] ✅ Collected HTML for item 18867
[2025-11-21T11:55:33.284Z] 🔄 Restarting browser for fresh session...
[2025-11-21T11:55:33.384Z] 🔒 Browser closed
[2025-11-21T11:55:33.384Z] 🚀 Initializing browser with anti-detection...
[2025-11-21T11:55:33.689Z] ✅ Browser initialized with stealth mode
[2025-11-21T11:55:33.689Z] 🔍 Processing 2h-maces item 18868 (946/203)
[2025-11-21T11:55:37.703Z] ✅ Collected HTML for item 18868
[2025-11-21T11:55:39.707Z] 🔄 Restarting browser for fresh session...
[2025-11-21T11:55:39.805Z] 🔒 Browser closed
[2025-11-21T11:55:39.805Z] 🚀 Initializing browser with anti-detection...
[2025-11-21T11:55:40.089Z] ✅ Browser initialized with stealth mode
[2025-11-21T11:55:40.089Z] 🔍 Processing 2h-maces item 19323 (947/203)
[2025-11-21T11:55:43.966Z] ✅ Collected HTML for item 19323
[2025-11-21T11:55:45.968Z] 🔄 Restarting browser for fresh session...
[2025-11-21T11:55:46.064Z] 🔒 Browser closed
[2025-11-21T11:55:46.064Z] 🚀 Initializing browser with anti-detection...
[2025-11-21T11:55:46.355Z] ✅ Browser initialized with stealth mode
[2025-11-21T11:55:46.356Z] 🔍 Processing 2h-maces item 19357 (948/203)
[2025-11-21T11:55:50.351Z] ✅ Collected HTML for item 19357
[2025-11-21T11:55:52.353Z] 🔄 Restarting browser for fresh session...
[2025-11-21T11:55:52.451Z] 🔒 Browser closed
[2025-11-21T11:55:52.451Z] 🚀 Initializing browser with anti-detection...
[2025-11-21T11:55:52.752Z] ✅ Browser initialized with stealth mode
[2025-11-21T11:55:52.752Z] 🔍 Processing 2h-maces item 19358 (949/203)
[2025-11-21T11:55:56.749Z] ✅ Collected HTML for item 19358
[2025-11-21T11:55:58.753Z] 🔄 Restarting browser for fresh session...
[2025-11-21T11:55:58.865Z] 🔒 Browser closed
[2025-11-21T11:55:58.865Z] 🚀 Initializing browser with anti-detection...
[2025-11-21T11:55:59.156Z] ✅ Browser initialized with stealth mode
[2025-11-21T11:55:59.156Z] 🔍 Processing 2h-maces item 19918 (950/203)
[2025-11-21T11:56:03.027Z] ✅ Collected HTML for item 19918
[2025-11-21T11:56:05.030Z] 🔄 Restarting browser for fresh session...
[2025-11-21T11:56:05.132Z] 🔒 Browser closed
[2025-11-21T11:56:05.132Z] 🚀 Initializing browser with anti-detection...
[2025-11-21T11:56:05.425Z] ✅ Browser initialized with stealth mode
[2025-11-21T11:56:05.425Z] 🔍 Processing 2h-maces item 20696 (951/203)
[2025-11-21T11:56:09.293Z] ✅ Collected HTML for item 20696
[2025-11-21T11:56:11.297Z] 🔄 Restarting browser for fresh session...
[2025-11-21T11:56:11.398Z] 🔒 Browser closed
[2025-11-21T11:56:11.398Z] 🚀 Initializing browser with anti-detection...
[2025-11-21T11:56:11.686Z] ✅ Browser initialized with stealth mode
[2025-11-21T11:56:11.686Z] 🔍 Processing 2h-maces item 21188 (952/203)
[2025-11-21T11:56:15.557Z] ✅ Collected HTML for item 21188
[2025-11-21T11:56:17.559Z] 🔄 Restarting browser for fresh session...
[2025-11-21T11:56:17.664Z] 🔒 Browser closed
[2025-11-21T11:56:17.664Z] 🚀 Initializing browser with anti-detection...
[2025-11-21T11:56:17.963Z] ✅ Browser initialized with stealth mode
[2025-11-21T11:56:17.963Z] 🔍 Processing 2h-maces item 21703 (953/203)
[2025-11-21T11:56:21.837Z] ✅ Collected HTML for item 21703
[2025-11-21T11:56:23.841Z] 🔄 Restarting browser for fresh session...
[2025-11-21T11:56:23.949Z] 🔒 Browser closed
[2025-11-21T11:56:23.949Z] 🚀 Initializing browser with anti-detection...
[2025-11-21T11:56:24.238Z] ✅ Browser initialized with stealth mode
[2025-11-21T11:56:24.238Z] 🔍 Processing 2h-maces item 21806 (954/203)
[2025-11-21T11:56:28.231Z] ✅ Collected HTML for item 21806
[2025-11-21T11:56:30.235Z] 🔄 Restarting browser for fresh session...
[2025-11-21T11:56:30.342Z] 🔒 Browser closed
[2025-11-21T11:56:30.342Z] 🚀 Initializing browser with anti-detection...
[2025-11-21T11:56:30.626Z] ✅ Browser initialized with stealth mode
[2025-11-21T11:56:30.626Z] 🔍 Processing 2h-maces item 22333 (955/203)
[2025-11-21T11:56:34.621Z] ✅ Collected HTML for item 22333
[2025-11-21T11:56:36.623Z] 🔄 Restarting browser for fresh session...
[2025-11-21T11:56:36.726Z] 🔒 Browser closed
[2025-11-21T11:56:36.726Z] 🚀 Initializing browser with anti-detection...
[2025-11-21T11:56:37.020Z] ✅ Browser initialized with stealth mode
[2025-11-21T11:56:37.020Z] 🔍 Processing 2h-maces item 22348 (956/203)
[2025-11-21T11:56:40.892Z] ✅ Collected HTML for item 22348
[2025-11-21T11:56:42.896Z] 🔄 Restarting browser for fresh session...
[2025-11-21T11:56:42.995Z] 🔒 Browser closed
[2025-11-21T11:56:42.995Z] 🚀 Initializing browser with anti-detection...
[2025-11-21T11:56:43.287Z] ✅ Browser initialized with stealth mode
[2025-11-21T11:56:43.287Z] 🔍 Processing 2h-maces item 22798 (957/203)
[2025-11-21T11:56:47.284Z] ✅ Collected HTML for item 22798
[2025-11-21T11:56:49.288Z] 🔄 Restarting browser for fresh session...
[2025-11-21T11:56:49.388Z] 🔒 Browser closed
[2025-11-21T11:56:49.388Z] 🚀 Initializing browser with anti-detection...
[2025-11-21T11:56:49.672Z] ✅ Browser initialized with stealth mode
[2025-11-21T11:56:49.672Z] 🔍 Processing 2h-maces item 22809 (958/203)
[2025-11-21T11:56:53.545Z] ✅ Collected HTML for item 22809
[2025-11-21T11:56:55.548Z] 🔄 Restarting browser for fresh session...
[2025-11-21T11:56:55.647Z] 🔒 Browser closed
[2025-11-21T11:56:55.647Z] 🚀 Initializing browser with anti-detection...
[2025-11-21T11:56:55.957Z] ✅ Browser initialized with stealth mode
[2025-11-21T11:56:55.957Z] 🔍 Processing 2h-maces item 23455 (959/203)
[2025-11-21T11:56:59.969Z] ✅ Collected HTML for item 23455
[2025-11-21T11:57:01.973Z] 🔄 Restarting browser for fresh session...
[2025-11-21T11:57:02.080Z] 🔒 Browser closed
[2025-11-21T11:57:02.080Z] 🚀 Initializing browser with anti-detection...
[2025-11-21T11:57:02.374Z] ✅ Browser initialized with stealth mode
[2025-11-21T11:57:02.374Z] 🔍 Processing 2h-maces item 23465 (960/203)
[2025-11-21T11:57:06.378Z] ✅ Collected HTML for item 23465
[2025-11-21T11:57:08.382Z] 🔄 Restarting browser for fresh session...
[2025-11-21T11:57:08.479Z] 🔒 Browser closed
[2025-11-21T11:57:08.479Z] 🚀 Initializing browser with anti-detection...
[2025-11-21T11:57:08.772Z] ✅ Browser initialized with stealth mode
[2025-11-21T11:57:08.772Z] 🔍 Processing 2h-maces item 41076 (961/203)
[2025-11-21T11:57:12.642Z] ✅ Collected HTML for item 41076
[2025-11-21T11:57:14.645Z] 🔄 Restarting browser for fresh session...
[2025-11-21T11:57:14.742Z] 🔒 Browser closed
[2025-11-21T11:57:14.742Z] 🚀 Initializing browser with anti-detection...
[2025-11-21T11:57:15.024Z] ✅ Browser initialized with stealth mode
[2025-11-21T11:57:15.024Z] 🔍 Processing 2h-maces item 55021 (962/203)
[2025-11-21T11:57:18.893Z] ✅ Collected HTML for item 55021
[2025-11-21T11:57:20.896Z] 🔄 Restarting browser for fresh session...
[2025-11-21T11:57:20.999Z] 🔒 Browser closed
[2025-11-21T11:57:20.999Z] 🚀 Initializing browser with anti-detection...
[2025-11-21T11:57:21.291Z] ✅ Browser initialized with stealth mode
[2025-11-21T11:57:21.291Z] 🔍 Processing 2h-maces item 55100 (963/203)
[2025-11-21T11:57:25.286Z] ✅ Collected HTML for item 55100
[2025-11-21T11:57:27.289Z] 🔄 Restarting browser for fresh session...
[2025-11-21T11:57:27.392Z] 🔒 Browser closed
[2025-11-21T11:57:27.392Z] 🚀 Initializing browser with anti-detection...
[2025-11-21T11:57:27.702Z] ✅ Browser initialized with stealth mode
[2025-11-21T11:57:27.702Z] 🔍 Processing 2h-maces item 55504 (964/203)
[2025-11-21T11:57:31.713Z] ✅ Collected HTML for item 55504
[2025-11-21T11:57:33.715Z] 🔄 Restarting browser for fresh session...
[2025-11-21T11:57:33.832Z] 🔒 Browser closed
[2025-11-21T11:57:33.832Z] 🚀 Initializing browser with anti-detection...
[2025-11-21T11:57:34.131Z] ✅ Browser initialized with stealth mode
[2025-11-21T11:57:34.132Z] 🔍 Processing 2h-maces item 60010 (965/203)
[2025-11-21T11:57:38.137Z] ✅ Collected HTML for item 60010
[2025-11-21T11:57:40.141Z] 🔄 Restarting browser for fresh session...
[2025-11-21T11:57:40.238Z] 🔒 Browser closed
[2025-11-21T11:57:40.238Z] 🚀 Initializing browser with anti-detection...
[2025-11-21T11:57:40.535Z] ✅ Browser initialized with stealth mode
[2025-11-21T11:57:40.535Z] 🔍 Processing 2h-maces item 60099 (966/203)
[2025-11-21T11:57:44.399Z] ✅ Collected HTML for item 60099
[2025-11-21T11:57:46.402Z] 🔄 Restarting browser for fresh session...
[2025-11-21T11:57:46.503Z] 🔒 Browser closed
[2025-11-21T11:57:46.503Z] 🚀 Initializing browser with anti-detection...
[2025-11-21T11:57:46.788Z] ✅ Browser initialized with stealth mode
[2025-11-21T11:57:46.788Z] 🔍 Processing 2h-maces item 61044 (967/203)
[2025-11-21T11:57:50.665Z] ✅ Collected HTML for item 61044
[2025-11-21T11:57:52.667Z] 🔄 Restarting browser for fresh session...
[2025-11-21T11:57:52.767Z] 🔒 Browser closed
[2025-11-21T11:57:52.767Z] 🚀 Initializing browser with anti-detection...
[2025-11-21T11:57:53.056Z] ✅ Browser initialized with stealth mode
[2025-11-21T11:57:53.056Z] 🔍 Processing 2h-maces item 61185 (968/203)
[2025-11-21T11:57:57.059Z] ✅ Collected HTML for item 61185
[2025-11-21T11:57:59.063Z] 🔄 Restarting browser for fresh session...
[2025-11-21T11:57:59.175Z] 🔒 Browser closed
[2025-11-21T11:57:59.175Z] 🚀 Initializing browser with anti-detection...
[2025-11-21T11:57:59.475Z] ✅ Browser initialized with stealth mode
[2025-11-21T11:57:59.475Z] 🔍 Processing 2h-maces item 61277 (969/203)
[2025-11-21T11:58:03.469Z] ✅ Collected HTML for item 61277
[2025-11-21T11:58:05.471Z] 🔄 Restarting browser for fresh session...
[2025-11-21T11:58:05.575Z] 🔒 Browser closed
[2025-11-21T11:58:05.575Z] 🚀 Initializing browser with anti-detection...
[2025-11-21T11:58:05.860Z] ✅ Browser initialized with stealth mode
[2025-11-21T11:58:05.860Z] 🔍 Processing 2h-maces item 61532 (970/203)
[2025-11-21T11:58:09.854Z] ✅ Collected HTML for item 61532
[2025-11-21T11:58:11.857Z] 🔄 Restarting browser for fresh session...
[2025-11-21T11:58:11.958Z] 🔒 Browser closed
[2025-11-21T11:58:11.958Z] 🚀 Initializing browser with anti-detection...
[2025-11-21T11:58:12.244Z] ✅ Browser initialized with stealth mode
[2025-11-21T11:58:12.244Z] 🔍 Processing 2h-maces item 80781 (971/203)
[2025-11-21T11:58:16.250Z] ✅ Collected HTML for item 80781
[2025-11-21T11:58:18.253Z] 🔄 Restarting browser for fresh session...
[2025-11-21T11:58:18.354Z] 🔒 Browser closed
[2025-11-21T11:58:18.354Z] 🚀 Initializing browser with anti-detection...
[2025-11-21T11:58:18.636Z] ✅ Browser initialized with stealth mode
[2025-11-21T11:58:18.637Z] 🔍 Processing 2h-maces item 81199 (972/203)
[2025-11-21T11:58:22.646Z] ✅ Collected HTML for item 81199
[2025-11-21T11:58:24.649Z] 🔄 Restarting browser for fresh session...
[2025-11-21T11:58:24.749Z] 🔒 Browser closed
[2025-11-21T11:58:24.749Z] 🚀 Initializing browser with anti-detection...
[2025-11-21T11:58:25.038Z] ✅ Browser initialized with stealth mode
[2025-11-21T11:58:25.038Z] 🔍 Processing 2h-maces item 83060 (973/203)
[2025-11-21T11:58:29.033Z] ✅ Collected HTML for item 83060
[2025-11-21T11:58:31.036Z] 🔄 Restarting browser for fresh session...
[2025-11-21T11:58:31.137Z] 🔒 Browser closed
[2025-11-21T11:58:31.138Z] 🚀 Initializing browser with anti-detection...
[2025-11-21T11:58:31.417Z] ✅ Browser initialized with stealth mode
[2025-11-21T11:58:31.417Z] 🔍 Processing 2h-maces item 83061 (974/203)
[2025-11-21T11:58:35.413Z] ✅ Collected HTML for item 83061
[2025-11-21T11:58:37.415Z] 🔄 Restarting browser for fresh session...
[2025-11-21T11:58:37.510Z] 🔒 Browser closed
[2025-11-21T11:58:37.511Z] 🚀 Initializing browser with anti-detection...
[2025-11-21T11:58:37.808Z] ✅ Browser initialized with stealth mode
[2025-11-21T11:58:37.808Z] 🔍 Processing 2h-maces item 83062 (975/203)
[2025-11-21T11:58:41.802Z] ✅ Collected HTML for item 83062
[2025-11-21T11:58:43.806Z] 🔄 Restarting browser for fresh session...
[2025-11-21T11:58:43.911Z] 🔒 Browser closed
[2025-11-21T11:58:43.911Z] 🚀 Initializing browser with anti-detection...
[2025-11-21T11:58:44.213Z] ✅ Browser initialized with stealth mode
[2025-11-21T11:58:44.214Z] 🔍 Processing 2h-maces item 83063 (976/203)
[2025-11-21T11:58:48.073Z] ✅ Collected HTML for item 83063
[2025-11-21T11:58:50.075Z] 🔄 Restarting browser for fresh session...
[2025-11-21T11:58:50.174Z] 🔒 Browser closed
[2025-11-21T11:58:50.174Z] 🚀 Initializing browser with anti-detection...
[2025-11-21T11:58:50.473Z] ✅ Browser initialized with stealth mode
[2025-11-21T11:58:50.474Z] 🔍 Processing 2h-maces item 83440 (977/203)
[2025-11-21T11:58:54.472Z] ✅ Collected HTML for item 83440
[2025-11-21T11:58:56.474Z] 🔄 Restarting browser for fresh session...
[2025-11-21T11:58:56.577Z] 🔒 Browser closed
[2025-11-21T11:58:56.577Z] 🚀 Initializing browser with anti-detection...
[2025-11-21T11:58:56.867Z] ✅ Browser initialized with stealth mode
[2025-11-21T11:58:56.867Z] 🔍 Processing 2h-maces item 83496 (978/203)
[2025-11-21T11:59:00.734Z] ✅ Collected HTML for item 83496
[2025-11-21T11:59:02.738Z] 🔄 Restarting browser for fresh session...
[2025-11-21T11:59:02.847Z] 🔒 Browser closed
[2025-11-21T11:59:02.847Z] 🚀 Initializing browser with anti-detection...
[2025-11-21T11:59:03.135Z] ✅ Browser initialized with stealth mode
[2025-11-21T11:59:03.135Z] 🔍 Processing 2h-maces item 1722 (979/203)
[2025-11-21T11:59:07.015Z] ✅ Collected HTML for item 1722
[2025-11-21T11:59:09.018Z] 🔄 Restarting browser for fresh session...
[2025-11-21T11:59:09.125Z] 🔒 Browser closed
[2025-11-21T11:59:09.125Z] 🚀 Initializing browser with anti-detection...
[2025-11-21T11:59:09.424Z] ✅ Browser initialized with stealth mode
[2025-11-21T11:59:09.424Z] 🔍 Processing 2h-maces item 1976 (980/203)
[2025-11-21T11:59:14.135Z] ✅ Collected HTML for item 1976
[2025-11-21T11:59:16.138Z] 🔄 Restarting browser for fresh session...
[2025-11-21T11:59:16.239Z] 🔒 Browser closed
[2025-11-21T11:59:16.239Z] 🚀 Initializing browser with anti-detection...
[2025-11-21T11:59:16.531Z] ✅ Browser initialized with stealth mode
[2025-11-21T11:59:16.531Z] 🔍 Processing 2h-maces item 1990 (981/203)
[2025-11-21T11:59:20.531Z] ✅ Collected HTML for item 1990
[2025-11-21T11:59:22.534Z] 🔄 Restarting browser for fresh session...
[2025-11-21T11:59:22.630Z] 🔒 Browser closed
[2025-11-21T11:59:22.630Z] 🚀 Initializing browser with anti-detection...
[2025-11-21T11:59:22.919Z] ✅ Browser initialized with stealth mode
[2025-11-21T11:59:22.920Z] 🔍 Processing 2h-maces item 3103 (982/203)
[2025-11-21T11:59:26.925Z] ✅ Collected HTML for item 3103
[2025-11-21T11:59:28.929Z] 🔄 Restarting browser for fresh session...
[2025-11-21T11:59:29.025Z] 🔒 Browser closed
[2025-11-21T11:59:29.025Z] 🚀 Initializing browser with anti-detection...
[2025-11-21T11:59:29.314Z] ✅ Browser initialized with stealth mode
[2025-11-21T11:59:29.314Z] 🔍 Processing 2h-maces item 3198 (983/203)
[2025-11-21T11:59:33.194Z] ✅ Collected HTML for item 3198
[2025-11-21T11:59:35.197Z] 🔄 Restarting browser for fresh session...
[2025-11-21T11:59:35.296Z] 🔒 Browser closed
[2025-11-21T11:59:35.296Z] 🚀 Initializing browser with anti-detection...
[2025-11-21T11:59:35.587Z] ✅ Browser initialized with stealth mode
[2025-11-21T11:59:35.589Z] 🔍 Processing 2h-maces item 3208 (984/203)
[2025-11-21T11:59:39.584Z] ✅ Collected HTML for item 3208
[2025-11-21T11:59:41.588Z] 🔄 Restarting browser for fresh session...
[2025-11-21T11:59:41.698Z] 🔒 Browser closed
[2025-11-21T11:59:41.698Z] 🚀 Initializing browser with anti-detection...
[2025-11-21T11:59:41.998Z] ✅ Browser initialized with stealth mode
[2025-11-21T11:59:41.999Z] 🔍 Processing 2h-maces item 3440 (985/203)
[2025-11-21T11:59:46.002Z] ✅ Collected HTML for item 3440
[2025-11-21T11:59:48.006Z] 🔄 Restarting browser for fresh session...
[2025-11-21T11:59:48.115Z] 🔒 Browser closed
[2025-11-21T11:59:48.115Z] 🚀 Initializing browser with anti-detection...
[2025-11-21T11:59:48.407Z] ✅ Browser initialized with stealth mode
[2025-11-21T11:59:48.407Z] 🔍 Processing 2h-maces item 4570 (986/203)
[2025-11-21T11:59:52.413Z] ✅ Collected HTML for item 4570
[2025-11-21T11:59:54.415Z] 🔄 Restarting browser for fresh session...
[2025-11-21T11:59:54.517Z] 🔒 Browser closed
[2025-11-21T11:59:54.517Z] 🚀 Initializing browser with anti-detection...
[2025-11-21T11:59:54.804Z] ✅ Browser initialized with stealth mode
[2025-11-21T11:59:54.804Z] 🔍 Processing 2h-maces item 5322 (987/203)
[2025-11-21T11:59:58.677Z] ✅ Collected HTML for item 5322
[2025-11-21T12:00:00.680Z] 🔄 Restarting browser for fresh session...
[2025-11-21T12:00:00.781Z] 🔒 Browser closed
[2025-11-21T12:00:00.781Z] 🚀 Initializing browser with anti-detection...
[2025-11-21T12:00:01.065Z] ✅ Browser initialized with stealth mode
[2025-11-21T12:00:01.065Z] 🔍 Processing 2h-maces item 6205 (988/203)
[2025-11-21T12:00:05.063Z] ✅ Collected HTML for item 6205
[2025-11-21T12:00:07.066Z] 🔄 Restarting browser for fresh session...
[2025-11-21T12:00:07.168Z] 🔒 Browser closed
[2025-11-21T12:00:07.168Z] 🚀 Initializing browser with anti-detection...
[2025-11-21T12:00:07.460Z] ✅ Browser initialized with stealth mode
[2025-11-21T12:00:07.460Z] 🔍 Processing 2h-maces item 6327 (989/203)
[2025-11-21T12:00:11.332Z] ✅ Collected HTML for item 6327
[2025-11-21T12:00:13.335Z] 🔄 Restarting browser for fresh session...
[2025-11-21T12:00:13.446Z] 🔒 Browser closed
[2025-11-21T12:00:13.446Z] 🚀 Initializing browser with anti-detection...
[2025-11-21T12:00:13.734Z] ✅ Browser initialized with stealth mode
[2025-11-21T12:00:13.734Z] 🔍 Processing 2h-maces item 6953 (990/203)
[2025-11-21T12:00:17.740Z] ✅ Collected HTML for item 6953
[2025-11-21T12:00:19.744Z] 🔄 Restarting browser for fresh session...
[2025-11-21T12:00:19.852Z] 🔒 Browser closed
[2025-11-21T12:00:19.852Z] 🚀 Initializing browser with anti-detection...
[2025-11-21T12:00:20.144Z] ✅ Browser initialized with stealth mode
[2025-11-21T12:00:20.144Z] 🔍 Processing 2h-maces item 6976 (991/203)
[2025-11-21T12:00:24.012Z] ✅ Collected HTML for item 6976
[2025-11-21T12:00:26.013Z] 🔄 Restarting browser for fresh session...
[2025-11-21T12:00:26.109Z] 🔒 Browser closed
[2025-11-21T12:00:26.109Z] 🚀 Initializing browser with anti-detection...
[2025-11-21T12:00:26.401Z] ✅ Browser initialized with stealth mode
[2025-11-21T12:00:26.401Z] 🔍 Processing 2h-maces item 7230 (992/203)
[2025-11-21T12:00:30.394Z] ✅ Collected HTML for item 7230
[2025-11-21T12:00:32.395Z] 🔄 Restarting browser for fresh session...
[2025-11-21T12:00:32.509Z] 🔒 Browser closed
[2025-11-21T12:00:32.509Z] 🚀 Initializing browser with anti-detection...
[2025-11-21T12:00:32.798Z] ✅ Browser initialized with stealth mode
[2025-11-21T12:00:32.799Z] 🔍 Processing 2h-maces item 7723 (993/203)
[2025-11-21T12:00:36.674Z] ✅ Collected HTML for item 7723
[2025-11-21T12:00:38.677Z] 🔄 Restarting browser for fresh session...
[2025-11-21T12:00:38.776Z] 🔒 Browser closed
[2025-11-21T12:00:38.776Z] 🚀 Initializing browser with anti-detection...
[2025-11-21T12:00:39.065Z] ✅ Browser initialized with stealth mode
[2025-11-21T12:00:39.065Z] 🔍 Processing 2h-maces item 9391 (994/203)
[2025-11-21T12:00:42.929Z] ✅ Collected HTML for item 9391
[2025-11-21T12:00:44.931Z] 🔄 Restarting browser for fresh session...
[2025-11-21T12:00:45.028Z] 🔒 Browser closed
[2025-11-21T12:00:45.028Z] 🚀 Initializing browser with anti-detection...
[2025-11-21T12:00:45.318Z] ✅ Browser initialized with stealth mode
[2025-11-21T12:00:45.318Z] 🔍 Processing 2h-maces item 9413 (995/203)
[2025-11-21T12:00:49.320Z] ✅ Collected HTML for item 9413
[2025-11-21T12:00:51.321Z] 🔄 Restarting browser for fresh session...
[2025-11-21T12:00:51.420Z] 🔒 Browser closed
[2025-11-21T12:00:51.420Z] 🚀 Initializing browser with anti-detection...
[2025-11-21T12:00:51.709Z] ✅ Browser initialized with stealth mode
[2025-11-21T12:00:51.709Z] 🔍 Processing 2h-maces item 9423 (996/203)
[2025-11-21T12:00:55.577Z] ✅ Collected HTML for item 9423
[2025-11-21T12:00:57.578Z] 🔄 Restarting browser for fresh session...
[2025-11-21T12:00:57.685Z] 🔒 Browser closed
[2025-11-21T12:00:57.685Z] 🚀 Initializing browser with anti-detection...
[2025-11-21T12:00:57.965Z] ✅ Browser initialized with stealth mode
[2025-11-21T12:00:57.965Z] 🔍 Processing 2h-maces item 9449 (997/203)
[2025-11-21T12:01:01.838Z] ✅ Collected HTML for item 9449
[2025-11-21T12:01:03.841Z] 🔄 Restarting browser for fresh session...
[2025-11-21T12:01:03.938Z] 🔒 Browser closed
[2025-11-21T12:01:03.938Z] 🚀 Initializing browser with anti-detection...
[2025-11-21T12:01:04.240Z] ✅ Browser initialized with stealth mode
[2025-11-21T12:01:04.240Z] 🔍 Processing 2h-maces item 10626 (998/203)
[2025-11-21T12:01:08.095Z] ✅ Collected HTML for item 10626
[2025-11-21T12:01:10.096Z] 🔄 Restarting browser for fresh session...
[2025-11-21T12:01:10.191Z] 🔒 Browser closed
[2025-11-21T12:01:10.191Z] 🚀 Initializing browser with anti-detection...
[2025-11-21T12:01:10.481Z] ✅ Browser initialized with stealth mode
[2025-11-21T12:01:10.481Z] 🔍 Processing 2h-maces item 11265 (999/203)
[2025-11-21T12:01:14.353Z] ✅ Collected HTML for item 11265
[2025-11-21T12:01:16.357Z] 🔄 Restarting browser for fresh session...
[2025-11-21T12:01:16.472Z] 🔒 Browser closed
[2025-11-21T12:01:16.472Z] 🚀 Initializing browser with anti-detection...
[2025-11-21T12:01:16.767Z] ✅ Browser initialized with stealth mode
[2025-11-21T12:01:16.767Z] 🔍 Processing 2h-maces item 11921 (1000/203)
[2025-11-21T12:01:20.645Z] ✅ Collected HTML for item 11921
[2025-11-21T12:01:22.649Z] 🔄 Restarting browser for fresh session...
[2025-11-21T12:01:22.749Z] 🔒 Browser closed
[2025-11-21T12:01:22.749Z] 🚀 Initializing browser with anti-detection...
[2025-11-21T12:01:23.030Z] ✅ Browser initialized with stealth mode
[2025-11-21T12:01:23.030Z] 🔍 Processing 2h-maces item 12528 (1001/203)
[2025-11-21T12:01:27.026Z] ✅ Collected HTML for item 12528
[2025-11-21T12:01:29.028Z] 🔄 Restarting browser for fresh session...
[2025-11-21T12:01:29.135Z] 🔒 Browser closed
[2025-11-21T12:01:29.135Z] 🚀 Initializing browser with anti-detection...
[2025-11-21T12:01:29.425Z] ✅ Browser initialized with stealth mode
[2025-11-21T12:01:29.425Z] 🔍 Processing 2h-maces item 12796 (1002/203)
[2025-11-21T12:01:33.294Z] ✅ Collected HTML for item 12796
[2025-11-21T12:01:35.297Z] 🔄 Restarting browser for fresh session...
[2025-11-21T12:01:35.409Z] 🔒 Browser closed
[2025-11-21T12:01:35.409Z] 🚀 Initializing browser with anti-detection...
[2025-11-21T12:01:35.708Z] ✅ Browser initialized with stealth mode
[2025-11-21T12:01:35.708Z] 🔍 Processing 2h-maces item 12969 (1003/203)
[2025-11-21T12:01:39.731Z] ✅ Collected HTML for item 12969
[2025-11-21T12:01:41.735Z] 🔄 Restarting browser for fresh session...
[2025-11-21T12:01:41.828Z] 🔒 Browser closed
[2025-11-21T12:01:41.828Z] 🚀 Initializing browser with anti-detection...
[2025-11-21T12:01:42.118Z] ✅ Browser initialized with stealth mode
[2025-11-21T12:01:42.118Z] 🔍 Processing 2h-maces item 12983 (1004/203)
[2025-11-21T12:01:46.116Z] ✅ Collected HTML for item 12983
[2025-11-21T12:01:48.117Z] 🔄 Restarting browser for fresh session...
[2025-11-21T12:01:48.221Z] 🔒 Browser closed
[2025-11-21T12:01:48.221Z] 🚀 Initializing browser with anti-detection...
[2025-11-21T12:01:48.527Z] ✅ Browser initialized with stealth mode
[2025-11-21T12:01:48.527Z] 🔍 Processing 2h-maces item 13045 (1005/203)
[2025-11-21T12:01:52.544Z] ✅ Collected HTML for item 13045
[2025-11-21T12:01:54.547Z] 🔄 Restarting browser for fresh session...
[2025-11-21T12:01:54.646Z] 🔒 Browser closed
[2025-11-21T12:01:54.646Z] 🚀 Initializing browser with anti-detection...
[2025-11-21T12:01:54.943Z] ✅ Browser initialized with stealth mode
[2025-11-21T12:01:54.943Z] 🔍 Processing 2h-maces item 13047 (1006/203)
[2025-11-21T12:01:58.945Z] ✅ Collected HTML for item 13047
[2025-11-21T12:02:00.947Z] 🔄 Restarting browser for fresh session...
[2025-11-21T12:02:01.049Z] 🔒 Browser closed
[2025-11-21T12:02:01.050Z] 🚀 Initializing browser with anti-detection...
[2025-11-21T12:02:01.346Z] ✅ Browser initialized with stealth mode
[2025-11-21T12:02:01.347Z] 🔍 Processing 2h-maces item 13393 (1007/203)
[2025-11-21T12:02:05.342Z] ✅ Collected HTML for item 13393
[2025-11-21T12:02:07.344Z] 🔄 Restarting browser for fresh session...
[2025-11-21T12:02:07.444Z] 🔒 Browser closed
[2025-11-21T12:02:07.444Z] 🚀 Initializing browser with anti-detection...
[2025-11-21T12:02:07.726Z] ✅ Browser initialized with stealth mode
[2025-11-21T12:02:07.726Z] 🔍 Processing 2h-maces item 15264 (1008/203)
[2025-11-21T12:02:29.690Z] ✅ Collected HTML for item 15264
[2025-11-21T12:02:31.692Z] 🔄 Restarting browser for fresh session...
[2025-11-21T12:02:31.791Z] 🔒 Browser closed
[2025-11-21T12:02:31.791Z] 🚀 Initializing browser with anti-detection...
[2025-11-21T12:02:32.132Z] ✅ Browser initialized with stealth mode
[2025-11-21T12:02:32.132Z] 🔍 Processing 2h-maces item 15266 (1009/203)
[2025-11-21T12:02:45.615Z] ✅ Collected HTML for item 15266
[2025-11-21T12:02:47.618Z] 🔄 Restarting browser for fresh session...
[2025-11-21T12:02:47.716Z] 🔒 Browser closed
[2025-11-21T12:02:47.716Z] 🚀 Initializing browser with anti-detection...
[2025-11-21T12:02:47.999Z] ✅ Browser initialized with stealth mode
[2025-11-21T12:02:48.000Z] 🔍 Processing 2h-maces item 15267 (1010/203)
[2025-11-21T12:02:51.996Z] ✅ Collected HTML for item 15267
[2025-11-21T12:02:53.999Z] 🔄 Restarting browser for fresh session...
[2025-11-21T12:02:54.090Z] 🔒 Browser closed
[2025-11-21T12:02:54.090Z] 🚀 Initializing browser with anti-detection...
[2025-11-21T12:02:54.393Z] ✅ Browser initialized with stealth mode
[2025-11-21T12:02:54.393Z] 🔍 Processing 2h-maces item 15418 (1011/203)
[2025-11-21T12:02:58.406Z] ✅ Collected HTML for item 15418
[2025-11-21T12:03:00.408Z] 🔄 Restarting browser for fresh session...
[2025-11-21T12:03:00.506Z] 🔒 Browser closed
[2025-11-21T12:03:00.506Z] 🚀 Initializing browser with anti-detection...
[2025-11-21T12:03:00.805Z] ✅ Browser initialized with stealth mode
[2025-11-21T12:03:00.806Z] 🔍 Processing 2h-maces item 15464 (1012/203)
[2025-11-21T12:03:04.806Z] ✅ Collected HTML for item 15464
[2025-11-21T12:03:06.810Z] 🔄 Restarting browser for fresh session...
[2025-11-21T12:03:06.922Z] 🔒 Browser closed
[2025-11-21T12:03:06.922Z] 🚀 Initializing browser with anti-detection...
[2025-11-21T12:03:07.221Z] ✅ Browser initialized with stealth mode
[2025-11-21T12:03:07.221Z] 🔍 Processing 2h-maces item 17766 (1013/203)
[2025-11-21T12:03:11.227Z] ✅ Collected HTML for item 17766
[2025-11-21T12:03:13.230Z] 🔄 Restarting browser for fresh session...
[2025-11-21T12:03:13.327Z] 🔒 Browser closed
[2025-11-21T12:03:13.328Z] 🚀 Initializing browser with anti-detection...
[2025-11-21T12:03:13.617Z] ✅ Browser initialized with stealth mode
[2025-11-21T12:03:13.617Z] 🔍 Processing 2h-maces item 18531 (1014/203)
[2025-11-21T12:03:17.492Z] ✅ Collected HTML for item 18531
[2025-11-21T12:03:19.495Z] 🔄 Restarting browser for fresh session...
[2025-11-21T12:03:19.596Z] 🔒 Browser closed
[2025-11-21T12:03:19.596Z] 🚀 Initializing browser with anti-detection...
[2025-11-21T12:03:19.883Z] ✅ Browser initialized with stealth mode
[2025-11-21T12:03:19.883Z] 🔍 Processing 2h-maces item 22208 (1015/203)
[2025-11-21T12:03:23.759Z] ✅ Collected HTML for item 22208
[2025-11-21T12:03:25.762Z] 🔄 Restarting browser for fresh session...
[2025-11-21T12:03:25.865Z] 🔒 Browser closed
[2025-11-21T12:03:25.865Z] 🚀 Initializing browser with anti-detection...
[2025-11-21T12:03:26.162Z] ✅ Browser initialized with stealth mode
[2025-11-21T12:03:26.162Z] 🔍 Processing 2h-maces item 41135 (1016/203)
[2025-11-21T12:03:30.029Z] ✅ Collected HTML for item 41135
[2025-11-21T12:03:32.032Z] 🔄 Restarting browser for fresh session...
[2025-11-21T12:03:32.132Z] 🔒 Browser closed
[2025-11-21T12:03:32.132Z] 🚀 Initializing browser with anti-detection...
[2025-11-21T12:03:32.422Z] ✅ Browser initialized with stealth mode
[2025-11-21T12:03:32.422Z] 🔍 Processing 2h-maces item 50186 (1017/203)
[2025-11-21T12:03:36.424Z] ✅ Collected HTML for item 50186
[2025-11-21T12:03:38.427Z] 🔄 Restarting browser for fresh session...
[2025-11-21T12:03:38.529Z] 🔒 Browser closed
[2025-11-21T12:03:38.529Z] 🚀 Initializing browser with anti-detection...
[2025-11-21T12:03:38.826Z] ✅ Browser initialized with stealth mode
[2025-11-21T12:03:38.827Z] 🔍 Processing 2h-maces item 51834 (1018/203)
[2025-11-21T12:03:42.822Z] ✅ Collected HTML for item 51834
[2025-11-21T12:03:44.824Z] 🔄 Restarting browser for fresh session...
[2025-11-21T12:03:44.931Z] 🔒 Browser closed
[2025-11-21T12:03:44.931Z] 🚀 Initializing browser with anti-detection...
[2025-11-21T12:03:45.224Z] ✅ Browser initialized with stealth mode
[2025-11-21T12:03:45.224Z] 🔍 Processing 2h-maces item 58270 (1019/203)
[2025-11-21T12:03:49.093Z] ✅ Collected HTML for item 58270
[2025-11-21T12:03:51.094Z] 🔄 Restarting browser for fresh session...
[2025-11-21T12:03:51.203Z] 🔒 Browser closed
[2025-11-21T12:03:51.203Z] 🚀 Initializing browser with anti-detection...
[2025-11-21T12:03:51.513Z] ✅ Browser initialized with stealth mode
[2025-11-21T12:03:51.514Z] 🔍 Processing 2h-maces item 60560 (1020/203)
[2025-11-21T12:03:55.367Z] ✅ Collected HTML for item 60560
[2025-11-21T12:03:57.370Z] 🔄 Restarting browser for fresh session...
[2025-11-21T12:03:57.476Z] 🔒 Browser closed
[2025-11-21T12:03:57.476Z] 🚀 Initializing browser with anti-detection...
[2025-11-21T12:03:57.768Z] ✅ Browser initialized with stealth mode
[2025-11-21T12:03:57.769Z] 🔍 Processing 2h-maces item 61074 (1021/203)
[2025-11-21T12:04:01.640Z] ✅ Collected HTML for item 61074
[2025-11-21T12:04:03.644Z] 🔄 Restarting browser for fresh session...
[2025-11-21T12:04:03.742Z] 🔒 Browser closed
[2025-11-21T12:04:03.742Z] 🚀 Initializing browser with anti-detection...
[2025-11-21T12:04:04.046Z] ✅ Browser initialized with stealth mode
[2025-11-21T12:04:04.047Z] 🔍 Processing 2h-maces item 61087 (1022/203)
[2025-11-21T12:04:08.059Z] ✅ Collected HTML for item 61087
[2025-11-21T12:04:10.062Z] 🔄 Restarting browser for fresh session...
[2025-11-21T12:04:10.157Z] 🔒 Browser closed
[2025-11-21T12:04:10.157Z] 🚀 Initializing browser with anti-detection...
[2025-11-21T12:04:10.445Z] ✅ Browser initialized with stealth mode
[2025-11-21T12:04:10.445Z] 🔍 Processing 2h-maces item 80531 (1023/203)
[2025-11-21T12:04:14.313Z] ✅ Collected HTML for item 80531
[2025-11-21T12:04:16.317Z] 🔄 Restarting browser for fresh session...
[2025-11-21T12:04:16.423Z] 🔒 Browser closed
[2025-11-21T12:04:16.423Z] 🚀 Initializing browser with anti-detection...
[2025-11-21T12:04:16.705Z] ✅ Browser initialized with stealth mode
[2025-11-21T12:04:16.705Z] 🔍 Processing 2h-maces item 80631 (1024/203)
[2025-11-21T12:04:20.586Z] ✅ Collected HTML for item 80631
[2025-11-21T12:04:22.588Z] 🔄 Restarting browser for fresh session...
[2025-11-21T12:04:22.692Z] 🔒 Browser closed
[2025-11-21T12:04:22.692Z] 🚀 Initializing browser with anti-detection...
[2025-11-21T12:04:22.978Z] ✅ Browser initialized with stealth mode
[2025-11-21T12:04:22.978Z] 🔍 Processing 2h-maces item 80751 (1025/203)
[2025-11-21T12:04:26.972Z] ✅ Collected HTML for item 80751
[2025-11-21T12:04:28.974Z] 🔄 Restarting browser for fresh session...
[2025-11-21T12:04:29.079Z] 🔒 Browser closed
[2025-11-21T12:04:29.079Z] 🚀 Initializing browser with anti-detection...
[2025-11-21T12:04:29.372Z] ✅ Browser initialized with stealth mode
[2025-11-21T12:04:29.373Z] 🔍 Processing 2h-maces item 81305 (1026/203)
[2025-11-21T12:04:33.237Z] ✅ Collected HTML for item 81305
[2025-11-21T12:04:35.240Z] 🔄 Restarting browser for fresh session...
[2025-11-21T12:04:35.338Z] 🔒 Browser closed
[2025-11-21T12:04:35.338Z] 🚀 Initializing browser with anti-detection...
[2025-11-21T12:04:35.628Z] ✅ Browser initialized with stealth mode
[2025-11-21T12:04:35.628Z] 🔍 Processing 2h-maces item 83221 (1027/203)
[2025-11-21T12:04:39.506Z] ✅ Collected HTML for item 83221
[2025-11-21T12:04:41.510Z] 🔄 Restarting browser for fresh session...
[2025-11-21T12:04:41.610Z] 🔒 Browser closed
[2025-11-21T12:04:41.610Z] 🚀 Initializing browser with anti-detection...
[2025-11-21T12:04:41.896Z] ✅ Browser initialized with stealth mode
[2025-11-21T12:04:41.896Z] 🔍 Processing 2h-maces item 83262 (1028/203)
[2025-11-21T12:04:45.890Z] ✅ Collected HTML for item 83262
[2025-11-21T12:04:47.894Z] 🔄 Restarting browser for fresh session...
[2025-11-21T12:04:47.997Z] 🔒 Browser closed
[2025-11-21T12:04:47.997Z] 🚀 Initializing browser with anti-detection...
[2025-11-21T12:04:48.294Z] ✅ Browser initialized with stealth mode
[2025-11-21T12:04:48.294Z] 🔍 Processing 2h-maces item 911 (1029/203)
[2025-11-21T12:04:52.294Z] ✅ Collected HTML for item 911
[2025-11-21T12:04:54.298Z] 🔄 Restarting browser for fresh session...
[2025-11-21T12:04:54.393Z] 🔒 Browser closed
[2025-11-21T12:04:54.393Z] 🚀 Initializing browser with anti-detection...
[2025-11-21T12:04:54.694Z] ✅ Browser initialized with stealth mode
[2025-11-21T12:04:54.694Z] 🔍 Processing 2h-maces item 1195 (1030/203)
[2025-11-21T12:04:58.557Z] ✅ Collected HTML for item 1195
[2025-11-21T12:05:00.560Z] 🔄 Restarting browser for fresh session...
[2025-11-21T12:05:00.662Z] 🔒 Browser closed
[2025-11-21T12:05:00.662Z] 🚀 Initializing browser with anti-detection...
[2025-11-21T12:05:00.951Z] ✅ Browser initialized with stealth mode
[2025-11-21T12:05:00.951Z] 🔍 Processing 2h-maces item 1197 (1031/203)
[2025-11-21T12:05:04.955Z] ✅ Collected HTML for item 1197
[2025-11-21T12:05:06.958Z] 🔄 Restarting browser for fresh session...
[2025-11-21T12:05:07.054Z] 🔒 Browser closed
[2025-11-21T12:05:07.054Z] 🚀 Initializing browser with anti-detection...
[2025-11-21T12:05:07.346Z] ✅ Browser initialized with stealth mode
[2025-11-21T12:05:07.346Z] 🔍 Processing 2h-maces item 1218 (1032/203)
[2025-11-21T12:05:11.223Z] ✅ Collected HTML for item 1218
[2025-11-21T12:05:13.225Z] 🔄 Restarting browser for fresh session...
[2025-11-21T12:05:13.335Z] 🔒 Browser closed
[2025-11-21T12:05:13.335Z] 🚀 Initializing browser with anti-detection...
[2025-11-21T12:05:13.633Z] ✅ Browser initialized with stealth mode
[2025-11-21T12:05:13.633Z] 🔍 Processing 2h-maces item 1264 (1033/203)
[2025-11-21T12:05:17.504Z] ✅ Collected HTML for item 1264
[2025-11-21T12:05:19.508Z] 🔄 Restarting browser for fresh session...
[2025-11-21T12:05:19.609Z] 🔒 Browser closed
[2025-11-21T12:05:19.609Z] 🚀 Initializing browser with anti-detection...
[2025-11-21T12:05:19.900Z] ✅ Browser initialized with stealth mode
[2025-11-21T12:05:19.900Z] 🔍 Processing 2h-maces item 1458 (1034/203)
[2025-11-21T12:05:23.892Z] ✅ Collected HTML for item 1458
[2025-11-21T12:05:25.893Z] 🔄 Restarting browser for fresh session...
[2025-11-21T12:05:26.000Z] 🔒 Browser closed
[2025-11-21T12:05:26.000Z] 🚀 Initializing browser with anti-detection...
[2025-11-21T12:05:26.292Z] ✅ Browser initialized with stealth mode
[2025-11-21T12:05:26.293Z] 🔍 Processing 2h-maces item 1523 (1035/203)
[2025-11-21T12:05:30.288Z] ✅ Collected HTML for item 1523
[2025-11-21T12:05:32.291Z] 🔄 Restarting browser for fresh session...
[2025-11-21T12:05:32.391Z] 🔒 Browser closed
[2025-11-21T12:05:32.391Z] 🚀 Initializing browser with anti-detection...
[2025-11-21T12:05:32.669Z] ✅ Browser initialized with stealth mode
[2025-11-21T12:05:32.669Z] 🔍 Processing 2h-maces item 1679 (1036/203)
[2025-11-21T12:05:36.544Z] ✅ Collected HTML for item 1679
[2025-11-21T12:05:38.547Z] 🔄 Restarting browser for fresh session...
[2025-11-21T12:05:38.655Z] 🔒 Browser closed
[2025-11-21T12:05:38.656Z] 🚀 Initializing browser with anti-detection...
[2025-11-21T12:05:38.947Z] ✅ Browser initialized with stealth mode
[2025-11-21T12:05:38.948Z] 🔍 Processing 2h-maces item 1991 (1037/203)
[2025-11-21T12:05:42.817Z] ✅ Collected HTML for item 1991
[2025-11-21T12:05:44.819Z] 🔄 Restarting browser for fresh session...
[2025-11-21T12:05:44.919Z] 🔒 Browser closed
[2025-11-21T12:05:44.919Z] 🚀 Initializing browser with anti-detection...
[2025-11-21T12:05:45.213Z] ✅ Browser initialized with stealth mode
[2025-11-21T12:05:45.213Z] 🔍 Processing 2h-maces item 2058 (1038/203)
[2025-11-21T12:05:49.227Z] ✅ Collected HTML for item 2058
[2025-11-21T12:05:51.230Z] 🔄 Restarting browser for fresh session...
[2025-11-21T12:05:51.333Z] 🔒 Browser closed
[2025-11-21T12:05:51.333Z] 🚀 Initializing browser with anti-detection...
[2025-11-21T12:05:51.629Z] ✅ Browser initialized with stealth mode
[2025-11-21T12:05:51.629Z] 🔍 Processing 2h-maces item 2254 (1039/203)
[2025-11-21T12:05:55.493Z] ✅ Collected HTML for item 2254
[2025-11-21T12:05:57.496Z] 🔄 Restarting browser for fresh session...
[2025-11-21T12:05:57.605Z] 🔒 Browser closed
[2025-11-21T12:05:57.605Z] 🚀 Initializing browser with anti-detection...
[2025-11-21T12:05:57.900Z] ✅ Browser initialized with stealth mode
[2025-11-21T12:05:57.901Z] 🔍 Processing 2h-maces item 2361 (1040/203)
[2025-11-21T12:06:01.773Z] ✅ Collected HTML for item 2361
[2025-11-21T12:06:03.776Z] 🔄 Restarting browser for fresh session...
[2025-11-21T12:06:03.890Z] 🔒 Browser closed
[2025-11-21T12:06:03.890Z] 🚀 Initializing browser with anti-detection...
[2025-11-21T12:06:04.182Z] ✅ Browser initialized with stealth mode
[2025-11-21T12:06:04.182Z] 🔍 Processing 2h-maces item 2480 (1041/203)
[2025-11-21T12:06:08.455Z] ✅ Collected HTML for item 2480
[2025-11-21T12:06:10.458Z] 🔄 Restarting browser for fresh session...
[2025-11-21T12:06:10.560Z] 🔒 Browser closed
[2025-11-21T12:06:10.560Z] 🚀 Initializing browser with anti-detection...
[2025-11-21T12:06:10.854Z] ✅ Browser initialized with stealth mode
[2025-11-21T12:06:10.854Z] 🔍 Processing 2h-maces item 3190 (1042/203)
[2025-11-21T12:06:14.861Z] ✅ Collected HTML for item 3190
[2025-11-21T12:06:16.863Z] 🔄 Restarting browser for fresh session...
[2025-11-21T12:06:16.960Z] 🔒 Browser closed
[2025-11-21T12:06:16.961Z] 🚀 Initializing browser with anti-detection...
[2025-11-21T12:06:17.254Z] ✅ Browser initialized with stealth mode
[2025-11-21T12:06:17.254Z] 🔍 Processing 2h-maces item 3193 (1043/203)
[2025-11-21T12:06:21.264Z] ✅ Collected HTML for item 3193
[2025-11-21T12:06:23.266Z] 🔄 Restarting browser for fresh session...
[2025-11-21T12:06:23.364Z] 🔒 Browser closed
[2025-11-21T12:06:23.364Z] 🚀 Initializing browser with anti-detection...
[2025-11-21T12:06:23.655Z] ✅ Browser initialized with stealth mode
[2025-11-21T12:06:23.655Z] 🔍 Processing 2h-maces item 3334 (1044/203)
[2025-11-21T12:06:27.531Z] ✅ Collected HTML for item 3334
[2025-11-21T12:06:29.535Z] 🔄 Restarting browser for fresh session...
[2025-11-21T12:06:29.649Z] 🔒 Browser closed
[2025-11-21T12:06:29.649Z] 🚀 Initializing browser with anti-detection...
[2025-11-21T12:06:29.947Z] ✅ Browser initialized with stealth mode
[2025-11-21T12:06:29.947Z] 🔍 Processing 2h-maces item 3571 (1045/203)
[2025-11-21T12:06:33.816Z] ✅ Collected HTML for item 3571
[2025-11-21T12:06:35.819Z] 🔄 Restarting browser for fresh session...
[2025-11-21T12:06:35.919Z] 🔒 Browser closed
[2025-11-21T12:06:35.920Z] 🚀 Initializing browser with anti-detection...
[2025-11-21T12:06:36.204Z] ✅ Browser initialized with stealth mode
[2025-11-21T12:06:36.204Z] 🔍 Processing 2h-maces item 3851 (1046/203)
[2025-11-21T12:06:40.082Z] ✅ Collected HTML for item 3851
[2025-11-21T12:06:42.086Z] 🔄 Restarting browser for fresh session...
[2025-11-21T12:06:42.184Z] 🔒 Browser closed
[2025-11-21T12:06:42.184Z] 🚀 Initializing browser with anti-detection...
[2025-11-21T12:06:42.469Z] ✅ Browser initialized with stealth mode
[2025-11-21T12:06:42.469Z] 🔍 Processing 2h-maces item 3852 (1047/203)
[2025-11-21T12:06:46.342Z] ✅ Collected HTML for item 3852
[2025-11-21T12:06:48.345Z] 🔄 Restarting browser for fresh session...
[2025-11-21T12:06:48.455Z] 🔒 Browser closed
[2025-11-21T12:06:48.455Z] 🚀 Initializing browser with anti-detection...
[2025-11-21T12:06:48.753Z] ✅ Browser initialized with stealth mode
[2025-11-21T12:06:48.753Z] 🔍 Processing 2h-maces item 4128 (1048/203)
[2025-11-21T12:06:52.750Z] ✅ Collected HTML for item 4128
[2025-11-21T12:06:54.752Z] 🔄 Restarting browser for fresh session...
[2025-11-21T12:06:54.862Z] 🔒 Browser closed
[2025-11-21T12:06:54.862Z] 🚀 Initializing browser with anti-detection...
[2025-11-21T12:06:55.177Z] ✅ Browser initialized with stealth mode
[2025-11-21T12:06:55.177Z] 🔍 Processing 2h-maces item 4548 (1049/203)
[2025-11-21T12:06:59.188Z] ✅ Collected HTML for item 4548
[2025-11-21T12:07:01.191Z] 🔄 Restarting browser for fresh session...
[2025-11-21T12:07:01.301Z] 🔒 Browser closed
[2025-11-21T12:07:01.301Z] 🚀 Initializing browser with anti-detection...
[2025-11-21T12:07:01.590Z] ✅ Browser initialized with stealth mode
[2025-11-21T12:07:01.590Z] 🔍 Processing 2h-maces item 4564 (1050/203)
[2025-11-21T12:07:05.471Z] ✅ Collected HTML for item 4564
[2025-11-21T12:07:07.473Z] 🔄 Restarting browser for fresh session...
[2025-11-21T12:07:07.570Z] 🔒 Browser closed
[2025-11-21T12:07:07.570Z] 🚀 Initializing browser with anti-detection...
[2025-11-21T12:07:07.863Z] ✅ Browser initialized with stealth mode
[2025-11-21T12:07:07.863Z] 🔍 Processing 2h-maces item 4777 (1051/203)
[2025-11-21T12:07:11.735Z] ✅ Collected HTML for item 4777
[2025-11-21T12:07:13.738Z] 🔄 Restarting browser for fresh session...
[2025-11-21T12:07:13.833Z] 🔒 Browser closed
[2025-11-21T12:07:13.833Z] 🚀 Initializing browser with anti-detection...
[2025-11-21T12:07:14.140Z] ✅ Browser initialized with stealth mode
[2025-11-21T12:07:14.140Z] 🔍 Processing 2h-maces item 4778 (1052/203)
[2025-11-21T12:07:18.148Z] ✅ Collected HTML for item 4778
[2025-11-21T12:07:20.150Z] 🔄 Restarting browser for fresh session...
[2025-11-21T12:07:20.249Z] 🔒 Browser closed
[2025-11-21T12:07:20.249Z] 🚀 Initializing browser with anti-detection...
[2025-11-21T12:07:20.547Z] ✅ Browser initialized with stealth mode
[2025-11-21T12:07:20.547Z] 🔍 Processing 2h-maces item 4964 (1053/203)
[2025-11-21T12:07:24.550Z] ✅ Collected HTML for item 4964
[2025-11-21T12:07:26.551Z] 🔄 Restarting browser for fresh session...
[2025-11-21T12:07:26.654Z] 🔒 Browser closed
[2025-11-21T12:07:26.654Z] 🚀 Initializing browser with anti-detection...
[2025-11-21T12:07:26.954Z] ✅ Browser initialized with stealth mode
[2025-11-21T12:07:26.954Z] 🔍 Processing 2h-maces item 4983 (1054/203)
[2025-11-21T12:07:30.824Z] ✅ Collected HTML for item 4983
[2025-11-21T12:07:32.827Z] 🔄 Restarting browser for fresh session...
[2025-11-21T12:07:32.929Z] 🔒 Browser closed
[2025-11-21T12:07:32.929Z] 🚀 Initializing browser with anti-detection...
[2025-11-21T12:07:33.226Z] ✅ Browser initialized with stealth mode
[2025-11-21T12:07:33.226Z] 🔍 Processing 2h-maces item 5187 (1055/203)
[2025-11-21T12:07:37.230Z] ✅ Collected HTML for item 5187
[2025-11-21T12:07:39.234Z] 🔄 Restarting browser for fresh session...
[2025-11-21T12:07:39.333Z] 🔒 Browser closed
[2025-11-21T12:07:39.333Z] 🚀 Initializing browser with anti-detection...
[2025-11-21T12:07:39.621Z] ✅ Browser initialized with stealth mode
[2025-11-21T12:07:39.621Z] 🔍 Processing 2h-maces item 5345 (1056/203)
[2025-11-21T12:07:43.492Z] ✅ Collected HTML for item 5345
[2025-11-21T12:07:45.494Z] 🔄 Restarting browser for fresh session...
[2025-11-21T12:07:45.603Z] 🔒 Browser closed
[2025-11-21T12:07:45.603Z] 🚀 Initializing browser with anti-detection...
[2025-11-21T12:07:45.899Z] ✅ Browser initialized with stealth mode
[2025-11-21T12:07:45.899Z] 🔍 Processing 2h-maces item 5761 (1057/203)
[2025-11-21T12:07:49.773Z] ✅ Collected HTML for item 5761
[2025-11-21T12:07:51.777Z] 🔄 Restarting browser for fresh session...
[2025-11-21T12:07:51.881Z] 🔒 Browser closed
[2025-11-21T12:07:51.881Z] 🚀 Initializing browser with anti-detection...
[2025-11-21T12:07:52.171Z] ✅ Browser initialized with stealth mode
[2025-11-21T12:07:52.171Z] 🔍 Processing 2h-maces item 5815 (1058/203)
[2025-11-21T12:07:56.185Z] ✅ Collected HTML for item 5815
[2025-11-21T12:07:58.189Z] 🔄 Restarting browser for fresh session...
[2025-11-21T12:07:58.288Z] 🔒 Browser closed
[2025-11-21T12:07:58.288Z] 🚀 Initializing browser with anti-detection...
[2025-11-21T12:07:58.586Z] ✅ Browser initialized with stealth mode
[2025-11-21T12:07:58.586Z] 🔍 Processing 2h-maces item 6093 (1059/203)
[2025-11-21T12:08:02.449Z] ✅ Collected HTML for item 6093
[2025-11-21T12:08:04.453Z] 🔄 Restarting browser for fresh session...
[2025-11-21T12:08:04.545Z] 🔒 Browser closed
[2025-11-21T12:08:04.545Z] 🚀 Initializing browser with anti-detection...
[2025-11-21T12:08:04.837Z] ✅ Browser initialized with stealth mode
[2025-11-21T12:08:04.838Z] 🔍 Processing 2h-maces item 6214 (1060/203)
[2025-11-21T12:08:08.703Z] ✅ Collected HTML for item 6214
[2025-11-21T12:08:10.707Z] 🔄 Restarting browser for fresh session...
[2025-11-21T12:08:10.807Z] 🔒 Browser closed
[2025-11-21T12:08:10.808Z] 🚀 Initializing browser with anti-detection...
[2025-11-21T12:08:11.120Z] ✅ Browser initialized with stealth mode
[2025-11-21T12:08:11.120Z] 🔍 Processing 2h-maces item 7956 (1061/203)
[2025-11-21T12:08:15.136Z] ✅ Collected HTML for item 7956
[2025-11-21T12:08:17.140Z] 🔄 Restarting browser for fresh session...
[2025-11-21T12:08:17.234Z] 🔒 Browser closed
[2025-11-21T12:08:17.234Z] 🚀 Initializing browser with anti-detection...
[2025-11-21T12:08:17.513Z] ✅ Browser initialized with stealth mode
[2025-11-21T12:08:17.513Z] 🔍 Processing 2h-maces item 9604 (1062/203)
[2025-11-21T12:08:21.390Z] ✅ Collected HTML for item 9604
[2025-11-21T12:08:23.394Z] 🔄 Restarting browser for fresh session...
[2025-11-21T12:08:23.496Z] 🔒 Browser closed
[2025-11-21T12:08:23.496Z] 🚀 Initializing browser with anti-detection...
[2025-11-21T12:08:23.799Z] ✅ Browser initialized with stealth mode
[2025-11-21T12:08:23.800Z] 🔍 Processing 2h-maces item 9678 (1063/203)
[2025-11-21T12:08:27.810Z] ✅ Collected HTML for item 9678
[2025-11-21T12:08:29.813Z] 🔄 Restarting browser for fresh session...
[2025-11-21T12:08:29.915Z] 🔒 Browser closed
[2025-11-21T12:08:29.915Z] 🚀 Initializing browser with anti-detection...
[2025-11-21T12:08:30.204Z] ✅ Browser initialized with stealth mode
[2025-11-21T12:08:30.204Z] 🔍 Processing 2h-maces item 12772 (1064/203)
[2025-11-21T12:08:34.069Z] ✅ Collected HTML for item 12772
[2025-11-21T12:08:36.071Z] 🔄 Restarting browser for fresh session...
[2025-11-21T12:08:36.161Z] 🔒 Browser closed
[2025-11-21T12:08:36.161Z] 🚀 Initializing browser with anti-detection...
[2025-11-21T12:08:36.439Z] ✅ Browser initialized with stealth mode
[2025-11-21T12:08:36.439Z] 🔍 Processing 2h-maces item 15259 (1065/203)
[2025-11-21T12:08:40.435Z] ✅ Collected HTML for item 15259
[2025-11-21T12:08:42.437Z] 🔄 Restarting browser for fresh session...
[2025-11-21T12:08:42.529Z] 🔒 Browser closed
[2025-11-21T12:08:42.529Z] 🚀 Initializing browser with anti-detection...
[2025-11-21T12:08:42.836Z] ✅ Browser initialized with stealth mode
[2025-11-21T12:08:42.836Z] 🔍 Processing 2h-maces item 15260 (1066/203)
[2025-11-21T12:08:46.859Z] ✅ Collected HTML for item 15260
[2025-11-21T12:08:48.862Z] 🔄 Restarting browser for fresh session...
[2025-11-21T12:08:48.968Z] 🔒 Browser closed
[2025-11-21T12:08:48.969Z] 🚀 Initializing browser with anti-detection...
[2025-11-21T12:08:49.266Z] ✅ Browser initialized with stealth mode
[2025-11-21T12:08:49.266Z] 🔍 Processing 2h-maces item 15261 (1067/203)
[2025-11-21T12:08:53.135Z] ✅ Collected HTML for item 15261
[2025-11-21T12:08:55.138Z] 🔄 Restarting browser for fresh session...
[2025-11-21T12:08:55.242Z] 🔒 Browser closed
[2025-11-21T12:08:55.242Z] 🚀 Initializing browser with anti-detection...
[2025-11-21T12:08:55.528Z] ✅ Browser initialized with stealth mode
[2025-11-21T12:08:55.528Z] 🔍 Processing 2h-maces item 15262 (1068/203)
[2025-11-21T12:08:59.537Z] ✅ Collected HTML for item 15262
[2025-11-21T12:09:01.539Z] 🔄 Restarting browser for fresh session...
[2025-11-21T12:09:01.642Z] 🔒 Browser closed
[2025-11-21T12:09:01.642Z] 🚀 Initializing browser with anti-detection...
[2025-11-21T12:09:01.932Z] ✅ Browser initialized with stealth mode
[2025-11-21T12:09:01.932Z] 🔍 Processing 2h-maces item 15263 (1069/203)
[2025-11-21T12:09:20.171Z] ✅ Collected HTML for item 15263
[2025-11-21T12:09:22.173Z] 🔄 Restarting browser for fresh session...
[2025-11-21T12:09:22.272Z] 🔒 Browser closed
[2025-11-21T12:09:22.272Z] 🚀 Initializing browser with anti-detection...
[2025-11-21T12:09:22.601Z] ✅ Browser initialized with stealth mode
[2025-11-21T12:09:22.601Z] 🔍 Processing 2h-maces item 15265 (1070/203)
[2025-11-21T12:09:26.611Z] ✅ Collected HTML for item 15265
[2025-11-21T12:09:28.614Z] 🔄 Restarting browser for fresh session...
[2025-11-21T12:09:28.713Z] 🔒 Browser closed
[2025-11-21T12:09:28.713Z] 🚀 Initializing browser with anti-detection...
[2025-11-21T12:09:29.025Z] ✅ Browser initialized with stealth mode
[2025-11-21T12:09:29.025Z] 🔍 Processing 2h-maces item 18481 (1071/203)
[2025-11-21T12:09:33.038Z] ✅ Collected HTML for item 18481
[2025-11-21T12:09:35.040Z] 🔄 Restarting browser for fresh session...
[2025-11-21T12:09:35.144Z] 🔒 Browser closed
[2025-11-21T12:09:35.144Z] 🚀 Initializing browser with anti-detection...
[2025-11-21T12:09:35.430Z] ✅ Browser initialized with stealth mode
[2025-11-21T12:09:35.430Z] 🔍 Processing 2h-maces item 41026 (1072/203)
[2025-11-21T12:09:39.425Z] ✅ Collected HTML for item 41026
[2025-11-21T12:09:41.429Z] 🔄 Restarting browser for fresh session...
[2025-11-21T12:09:41.518Z] 🔒 Browser closed
[2025-11-21T12:09:41.518Z] 🚀 Initializing browser with anti-detection...
[2025-11-21T12:09:41.815Z] ✅ Browser initialized with stealth mode
[2025-11-21T12:09:41.815Z] 🔍 Processing 2h-maces item 58007 (1073/203)
[2025-11-21T12:09:45.682Z] ✅ Collected HTML for item 58007
[2025-11-21T12:09:47.685Z] 🔄 Restarting browser for fresh session...
[2025-11-21T12:09:47.789Z] 🔒 Browser closed
[2025-11-21T12:09:47.789Z] 🚀 Initializing browser with anti-detection...
[2025-11-21T12:09:48.078Z] ✅ Browser initialized with stealth mode
[2025-11-21T12:09:48.078Z] 🔍 Processing 2h-maces item 58019 (1074/203)
[2025-11-21T12:09:52.080Z] ✅ Collected HTML for item 58019
[2025-11-21T12:09:54.084Z] 🔄 Restarting browser for fresh session...
[2025-11-21T12:09:54.176Z] 🔒 Browser closed
[2025-11-21T12:09:54.177Z] 🚀 Initializing browser with anti-detection...
[2025-11-21T12:09:54.469Z] ✅ Browser initialized with stealth mode
[2025-11-21T12:09:54.469Z] 🔍 Processing 2h-maces item 60629 (1075/203)
[2025-11-21T12:09:58.473Z] ✅ Collected HTML for item 60629
[2025-11-21T12:10:00.476Z] 🔄 Restarting browser for fresh session...
[2025-11-21T12:10:00.578Z] 🔒 Browser closed
[2025-11-21T12:10:00.579Z] 🚀 Initializing browser with anti-detection...
[2025-11-21T12:10:00.864Z] ✅ Browser initialized with stealth mode
[2025-11-21T12:10:00.864Z] 🔍 Processing 2h-maces item 60686 (1076/203)
[2025-11-21T12:10:04.732Z] ✅ Collected HTML for item 60686
[2025-11-21T12:10:06.734Z] 🔄 Restarting browser for fresh session...
[2025-11-21T12:10:06.836Z] 🔒 Browser closed
[2025-11-21T12:10:06.836Z] 🚀 Initializing browser with anti-detection...
[2025-11-21T12:10:07.121Z] ✅ Browser initialized with stealth mode
[2025-11-21T12:10:07.121Z] 🔍 Processing 2h-maces item 61391 (1077/203)
[2025-11-21T12:10:11.118Z] ✅ Collected HTML for item 61391
[2025-11-21T12:10:13.121Z] 🔄 Restarting browser for fresh session...
[2025-11-21T12:10:13.223Z] 🔒 Browser closed
[2025-11-21T12:10:13.223Z] 🚀 Initializing browser with anti-detection...
[2025-11-21T12:10:13.518Z] ✅ Browser initialized with stealth mode
[2025-11-21T12:10:13.518Z] 🔍 Processing 2h-maces item 80105 (1078/203)
[2025-11-21T12:10:17.511Z] ✅ Collected HTML for item 80105
[2025-11-21T12:10:19.513Z] 🔄 Restarting browser for fresh session...
[2025-11-21T12:10:19.615Z] 🔒 Browser closed
[2025-11-21T12:10:19.615Z] 🚀 Initializing browser with anti-detection...
[2025-11-21T12:10:19.895Z] ✅ Browser initialized with stealth mode
[2025-11-21T12:10:19.895Z] 🔍 Processing 2h-maces item 924 (1079/203)
[2025-11-21T12:10:23.776Z] ✅ Collected HTML for item 924
[2025-11-21T12:10:25.777Z] 🔄 Restarting browser for fresh session...
[2025-11-21T12:10:25.880Z] 🔒 Browser closed
[2025-11-21T12:10:25.880Z] 🚀 Initializing browser with anti-detection...
[2025-11-21T12:10:26.165Z] ✅ Browser initialized with stealth mode
[2025-11-21T12:10:26.165Z] 🔍 Processing 2h-maces item 1414 (1080/203)
[2025-11-21T12:10:30.165Z] ✅ Collected HTML for item 1414
[2025-11-21T12:10:32.167Z] 🔄 Restarting browser for fresh session...
[2025-11-21T12:10:32.273Z] 🔒 Browser closed
[2025-11-21T12:10:32.273Z] 🚀 Initializing browser with anti-detection...
[2025-11-21T12:10:32.568Z] ✅ Browser initialized with stealth mode
[2025-11-21T12:10:32.569Z] 🔍 Processing 2h-maces item 1514 (1081/203)
[2025-11-21T12:10:36.564Z] ✅ Collected HTML for item 1514
[2025-11-21T12:10:38.566Z] 🔄 Restarting browser for fresh session...
[2025-11-21T12:10:38.668Z] 🔒 Browser closed
[2025-11-21T12:10:38.668Z] 🚀 Initializing browser with anti-detection...
[2025-11-21T12:10:38.959Z] ✅ Browser initialized with stealth mode
[2025-11-21T12:10:38.959Z] 🔍 Processing 2h-maces item 1814 (1082/203)
[2025-11-21T12:10:42.831Z] ✅ Collected HTML for item 1814
[2025-11-21T12:10:44.833Z] 🔄 Restarting browser for fresh session...
[2025-11-21T12:10:44.955Z] 🔒 Browser closed
[2025-11-21T12:10:44.955Z] 🚀 Initializing browser with anti-detection...
[2025-11-21T12:10:45.248Z] ✅ Browser initialized with stealth mode
[2025-11-21T12:10:45.248Z] 🔍 Processing 2h-maces item 1820 (1083/203)
[2025-11-21T12:10:49.115Z] ✅ Collected HTML for item 1820
[2025-11-21T12:10:51.118Z] 🔄 Restarting browser for fresh session...
[2025-11-21T12:10:51.216Z] 🔒 Browser closed
[2025-11-21T12:10:51.216Z] 🚀 Initializing browser with anti-detection...
[2025-11-21T12:10:51.513Z] ✅ Browser initialized with stealth mode
[2025-11-21T12:10:51.513Z] 🔍 Processing 2h-maces item 1826 (1084/203)
[2025-11-21T12:11:13.119Z] ✅ Collected HTML for item 1826
[2025-11-21T12:11:15.122Z] 🔄 Restarting browser for fresh session...
[2025-11-21T12:11:15.226Z] 🔒 Browser closed
[2025-11-21T12:11:15.226Z] 🚀 Initializing browser with anti-detection...
[2025-11-21T12:11:15.541Z] ✅ Browser initialized with stealth mode
[2025-11-21T12:11:15.542Z] 🔍 Processing 2h-maces item 2026 (1085/203)
[2025-11-21T12:11:19.537Z] ✅ Collected HTML for item 2026
[2025-11-21T12:11:21.539Z] 🔄 Restarting browser for fresh session...
[2025-11-21T12:11:21.643Z] 🔒 Browser closed
[2025-11-21T12:11:21.643Z] 🚀 Initializing browser with anti-detection...
[2025-11-21T12:11:21.927Z] ✅ Browser initialized with stealth mode
[2025-11-21T12:11:21.927Z] 🔍 Processing 2h-maces item 2486 (1086/203)
[2025-11-21T12:11:25.923Z] ✅ Collected HTML for item 2486
[2025-11-21T12:11:27.926Z] 🔄 Restarting browser for fresh session...
[2025-11-21T12:11:28.033Z] 🔒 Browser closed
[2025-11-21T12:11:28.033Z] 🚀 Initializing browser with anti-detection...
[2025-11-21T12:11:28.321Z] ✅ Browser initialized with stealth mode
[2025-11-21T12:11:28.322Z] 🔍 Processing 2h-maces item 2493 (1087/203)
[2025-11-21T12:11:32.195Z] ✅ Collected HTML for item 2493
[2025-11-21T12:11:34.199Z] 🔄 Restarting browser for fresh session...
[2025-11-21T12:11:34.306Z] 🔒 Browser closed
[2025-11-21T12:11:34.306Z] 🚀 Initializing browser with anti-detection...
[2025-11-21T12:11:34.599Z] ✅ Browser initialized with stealth mode
[2025-11-21T12:11:34.599Z] 🔍 Processing 2h-maces item 2501 (1088/203)
[2025-11-21T12:11:38.594Z] ✅ Collected HTML for item 2501
[2025-11-21T12:11:40.596Z] 🔄 Restarting browser for fresh session...
[2025-11-21T12:11:40.686Z] 🔒 Browser closed
[2025-11-21T12:11:40.686Z] 🚀 Initializing browser with anti-detection...
[2025-11-21T12:11:40.976Z] ✅ Browser initialized with stealth mode
[2025-11-21T12:11:40.976Z] 🔍 Processing 2h-maces item 2525 (1089/203)
[2025-11-21T12:11:45.310Z] ✅ Collected HTML for item 2525
[2025-11-21T12:11:47.312Z] 🔄 Restarting browser for fresh session...
[2025-11-21T12:11:47.413Z] 🔒 Browser closed
[2025-11-21T12:11:47.413Z] 🚀 Initializing browser with anti-detection...
[2025-11-21T12:11:47.690Z] ✅ Browser initialized with stealth mode
[2025-11-21T12:11:47.691Z] 🔍 Processing 2h-maces item 2533 (1090/203)
[2025-11-21T12:11:51.568Z] ✅ Collected HTML for item 2533
[2025-11-21T12:11:53.571Z] 🔄 Restarting browser for fresh session...
[2025-11-21T12:11:53.674Z] 🔒 Browser closed
[2025-11-21T12:11:53.674Z] 🚀 Initializing browser with anti-detection...
[2025-11-21T12:11:53.961Z] ✅ Browser initialized with stealth mode
[2025-11-21T12:11:53.961Z] 🔍 Processing 2h-maces item 2557 (1091/203)
[2025-11-21T12:11:58.227Z] ✅ Collected HTML for item 2557
[2025-11-21T12:12:00.233Z] 🔄 Restarting browser for fresh session...
[2025-11-21T12:12:00.342Z] 🔒 Browser closed
[2025-11-21T12:12:00.342Z] 🚀 Initializing browser with anti-detection...
[2025-11-21T12:12:00.631Z] ✅ Browser initialized with stealth mode
[2025-11-21T12:12:00.631Z] 🔍 Processing 2h-maces item 3326 (1092/203)
[2025-11-21T12:12:04.503Z] ✅ Collected HTML for item 3326
[2025-11-21T12:12:06.506Z] 🔄 Restarting browser for fresh session...
[2025-11-21T12:12:06.610Z] 🔒 Browser closed
[2025-11-21T12:12:06.610Z] 🚀 Initializing browser with anti-detection...
[2025-11-21T12:12:06.897Z] ✅ Browser initialized with stealth mode
[2025-11-21T12:12:06.897Z] 🔍 Processing 2h-maces item 3782 (1093/203)
[2025-11-21T12:12:10.902Z] ✅ Collected HTML for item 3782
[2025-11-21T12:12:12.904Z] 🔄 Restarting browser for fresh session...
[2025-11-21T12:12:13.007Z] 🔒 Browser closed
[2025-11-21T12:12:13.007Z] 🚀 Initializing browser with anti-detection...
[2025-11-21T12:12:13.300Z] ✅ Browser initialized with stealth mode
[2025-11-21T12:12:13.300Z] 🔍 Processing 2h-maces item 4022 (1094/203)
[2025-11-21T12:12:17.305Z] ✅ Collected HTML for item 4022
[2025-11-21T12:12:19.307Z] 🔄 Restarting browser for fresh session...
[2025-11-21T12:12:19.420Z] 🔒 Browser closed
[2025-11-21T12:12:19.420Z] 🚀 Initializing browser with anti-detection...
[2025-11-21T12:12:19.715Z] ✅ Browser initialized with stealth mode
[2025-11-21T12:12:19.715Z] 🔍 Processing 2h-maces item 5292 (1095/203)
[2025-11-21T12:12:23.721Z] ✅ Collected HTML for item 5292
[2025-11-21T12:12:25.725Z] 🔄 Restarting browser for fresh session...
[2025-11-21T12:12:25.828Z] 🔒 Browser closed
[2025-11-21T12:12:25.828Z] 🚀 Initializing browser with anti-detection...
[2025-11-21T12:12:26.109Z] ✅ Browser initialized with stealth mode
[2025-11-21T12:12:26.109Z] 🔍 Processing 2h-maces item 5293 (1096/203)
[2025-11-21T12:12:30.103Z] ✅ Collected HTML for item 5293
[2025-11-21T12:12:32.106Z] 🔄 Restarting browser for fresh session...
[2025-11-21T12:12:32.209Z] 🔒 Browser closed
[2025-11-21T12:12:32.210Z] 🚀 Initializing browser with anti-detection...
[2025-11-21T12:12:32.498Z] ✅ Browser initialized with stealth mode
[2025-11-21T12:12:32.498Z] 🔍 Processing 2h-maces item 5300 (1097/203)
[2025-11-21T12:12:36.493Z] ✅ Collected HTML for item 5300
[2025-11-21T12:12:38.497Z] 🔄 Restarting browser for fresh session...
[2025-11-21T12:12:38.592Z] 🔒 Browser closed
[2025-11-21T12:12:38.592Z] 🚀 Initializing browser with anti-detection...
[2025-11-21T12:12:38.883Z] ✅ Browser initialized with stealth mode
[2025-11-21T12:12:38.884Z] 🔍 Processing 2h-maces item 5301 (1098/203)
[2025-11-21T12:12:42.880Z] ✅ Collected HTML for item 5301
[2025-11-21T12:12:44.883Z] 🔄 Restarting browser for fresh session...
[2025-11-21T12:12:44.974Z] 🔒 Browser closed
[2025-11-21T12:12:44.974Z] 🚀 Initializing browser with anti-detection...
[2025-11-21T12:12:45.260Z] ✅ Browser initialized with stealth mode
[2025-11-21T12:12:45.260Z] 🔍 Processing 2h-maces item 5491 (1099/203)
[2025-11-21T12:12:49.257Z] ✅ Collected HTML for item 5491
[2025-11-21T12:12:51.261Z] 🔄 Restarting browser for fresh session...
[2025-11-21T12:12:51.368Z] 🔒 Browser closed
[2025-11-21T12:12:51.368Z] 🚀 Initializing browser with anti-detection...
[2025-11-21T12:12:51.672Z] ✅ Browser initialized with stealth mode
[2025-11-21T12:12:51.673Z] 🔍 Processing 2h-maces item 5579 (1100/203)
[2025-11-21T12:12:55.534Z] ✅ Collected HTML for item 5579
[2025-11-21T12:12:57.535Z] 🔄 Restarting browser for fresh session...
[2025-11-21T12:12:57.634Z] 🔒 Browser closed
[2025-11-21T12:12:57.634Z] 🚀 Initializing browser with anti-detection...
[2025-11-21T12:12:57.929Z] ✅ Browser initialized with stealth mode
[2025-11-21T12:12:57.929Z] 🔍 Processing 2h-maces item 5595 (1101/203)
[2025-11-21T12:13:01.797Z] ✅ Collected HTML for item 5595
[2025-11-21T12:13:03.800Z] 🔄 Restarting browser for fresh session...
[2025-11-21T12:13:03.899Z] 🔒 Browser closed
[2025-11-21T12:13:03.899Z] 🚀 Initializing browser with anti-detection...
[2025-11-21T12:13:04.177Z] ✅ Browser initialized with stealth mode
[2025-11-21T12:13:04.177Z] 🔍 Processing 2h-maces item 7706 (1102/203)
[2025-11-21T12:13:08.389Z] ✅ Collected HTML for item 7706
[2025-11-21T12:13:10.393Z] 🔄 Restarting browser for fresh session...
[2025-11-21T12:13:10.491Z] 🔒 Browser closed
[2025-11-21T12:13:10.491Z] 🚀 Initializing browser with anti-detection...
[2025-11-21T12:13:10.774Z] ✅ Browser initialized with stealth mode
[2025-11-21T12:13:10.774Z] 🔍 Processing 2h-maces item 10568 (1103/203)
[2025-11-21T12:13:14.774Z] ✅ Collected HTML for item 10568
[2025-11-21T12:13:16.776Z] 🔄 Restarting browser for fresh session...
[2025-11-21T12:13:16.884Z] 🔒 Browser closed
[2025-11-21T12:13:16.884Z] 🚀 Initializing browser with anti-detection...
[2025-11-21T12:13:17.172Z] ✅ Browser initialized with stealth mode
[2025-11-21T12:13:17.172Z] 🔍 Processing 2h-maces item 10685 (1104/203)
[2025-11-21T12:13:21.167Z] ✅ Collected HTML for item 10685
[2025-11-21T12:13:23.170Z] 🔄 Restarting browser for fresh session...
[2025-11-21T12:13:23.271Z] 🔒 Browser closed
[2025-11-21T12:13:23.271Z] 🚀 Initializing browser with anti-detection...
[2025-11-21T12:13:23.569Z] ✅ Browser initialized with stealth mode
[2025-11-21T12:13:23.569Z] 🔍 Processing 2h-maces item 10756 (1105/203)
[2025-11-21T12:13:27.567Z] ✅ Collected HTML for item 10756
[2025-11-21T12:13:29.570Z] 🔄 Restarting browser for fresh session...
[2025-11-21T12:13:29.674Z] 🔒 Browser closed
[2025-11-21T12:13:29.674Z] 🚀 Initializing browser with anti-detection...
[2025-11-21T12:13:29.954Z] ✅ Browser initialized with stealth mode
[2025-11-21T12:13:29.954Z] 🔍 Processing 2h-maces item 12901 (1106/203)
[2025-11-21T12:13:33.949Z] ✅ Collected HTML for item 12901
[2025-11-21T12:13:35.954Z] 🔄 Restarting browser for fresh session...
[2025-11-21T12:13:36.062Z] 🔒 Browser closed
[2025-11-21T12:13:36.062Z] 🚀 Initializing browser with anti-detection...
[2025-11-21T12:13:36.350Z] ✅ Browser initialized with stealth mode
[2025-11-21T12:13:36.350Z] 🔍 Processing 2h-maces item 12950 (1107/203)
[2025-11-21T12:13:40.342Z] ✅ Collected HTML for item 12950
[2025-11-21T12:13:42.343Z] 🔄 Restarting browser for fresh session...
[2025-11-21T12:13:42.469Z] 🔒 Browser closed
[2025-11-21T12:13:42.469Z] 🚀 Initializing browser with anti-detection...
[2025-11-21T12:13:42.831Z] ✅ Browser initialized with stealth mode
[2025-11-21T12:13:42.832Z] 🔍 Processing 2h-maces item 13821 (1108/203)
[2025-11-21T12:13:46.830Z] ✅ Collected HTML for item 13821
[2025-11-21T12:13:48.832Z] 🔄 Restarting browser for fresh session...
[2025-11-21T12:13:48.950Z] 🔒 Browser closed
[2025-11-21T12:13:48.951Z] 🚀 Initializing browser with anti-detection...
[2025-11-21T12:13:49.267Z] ✅ Browser initialized with stealth mode
[2025-11-21T12:13:49.267Z] 🔍 Processing 2h-maces item 13925 (1109/203)
[2025-11-21T12:13:53.268Z] ✅ Collected HTML for item 13925
[2025-11-21T12:13:55.271Z] 🔄 Restarting browser for fresh session...
[2025-11-21T12:13:55.394Z] 🔒 Browser closed
[2025-11-21T12:13:55.394Z] 🚀 Initializing browser with anti-detection...
[2025-11-21T12:13:55.728Z] ✅ Browser initialized with stealth mode
[2025-11-21T12:13:55.728Z] 🔍 Processing 2h-maces item 14082 (1110/203)
[2025-11-21T12:13:59.718Z] ✅ Collected HTML for item 14082
[2025-11-21T12:14:01.720Z] 🔄 Restarting browser for fresh session...
[2025-11-21T12:14:01.857Z] 🔒 Browser closed
[2025-11-21T12:14:01.857Z] 🚀 Initializing browser with anti-detection...
[2025-11-21T12:14:02.204Z] ✅ Browser initialized with stealth mode
[2025-11-21T12:14:02.205Z] 🔍 Processing 2h-maces item 14084 (1111/203)
[2025-11-21T12:14:06.195Z] ✅ Collected HTML for item 14084
[2025-11-21T12:14:08.196Z] 🔄 Restarting browser for fresh session...
[2025-11-21T12:14:08.336Z] 🔒 Browser closed
[2025-11-21T12:14:08.336Z] 🚀 Initializing browser with anti-detection...
[2025-11-21T12:14:08.674Z] ✅ Browser initialized with stealth mode
[2025-11-21T12:14:08.674Z] 🔍 Processing 2h-maces item 14527 (1112/203)
[2025-11-21T12:14:12.664Z] ✅ Collected HTML for item 14527
[2025-11-21T12:14:14.666Z] 🔄 Restarting browser for fresh session...
[2025-11-21T12:14:14.761Z] 🔒 Browser closed
[2025-11-21T12:14:14.761Z] 🚀 Initializing browser with anti-detection...
[2025-11-21T12:14:15.065Z] ✅ Browser initialized with stealth mode
[2025-11-21T12:14:15.065Z] 🔍 Processing 2h-maces item 14532 (1113/203)
[2025-11-21T12:14:19.296Z] ✅ Collected HTML for item 14532
[2025-11-21T12:14:21.298Z] 🔄 Restarting browser for fresh session...
[2025-11-21T12:14:21.397Z] 🔒 Browser closed
[2025-11-21T12:14:21.397Z] 🚀 Initializing browser with anti-detection...
[2025-11-21T12:14:21.704Z] ✅ Browser initialized with stealth mode
[2025-11-21T12:14:21.704Z] 🔍 Processing 2h-maces item 14586 (1114/203)
[2025-11-21T12:14:25.699Z] ✅ Collected HTML for item 14586
[2025-11-21T12:14:27.701Z] 🔄 Restarting browser for fresh session...
[2025-11-21T12:14:27.829Z] 🔒 Browser closed
[2025-11-21T12:14:27.829Z] 🚀 Initializing browser with anti-detection...
[2025-11-21T12:14:28.175Z] ✅ Browser initialized with stealth mode
[2025-11-21T12:14:28.175Z] 🔍 Processing 2h-maces item 14818 (1115/203)
[2025-11-21T12:14:32.164Z] ✅ Collected HTML for item 14818
[2025-11-21T12:14:34.166Z] 🔄 Restarting browser for fresh session...
[2025-11-21T12:14:34.299Z] 🔒 Browser closed
[2025-11-21T12:14:34.299Z] 🚀 Initializing browser with anti-detection...
[2025-11-21T12:14:34.638Z] ✅ Browser initialized with stealth mode
[2025-11-21T12:14:34.638Z] 🔍 Processing 2h-maces item 14820 (1116/203)
[2025-11-21T12:14:38.633Z] ✅ Collected HTML for item 14820
[2025-11-21T12:14:40.634Z] 🔄 Restarting browser for fresh session...
[2025-11-21T12:14:40.724Z] 🔒 Browser closed
[2025-11-21T12:14:40.724Z] 🚀 Initializing browser with anti-detection...
[2025-11-21T12:14:41.050Z] ✅ Browser initialized with stealth mode
[2025-11-21T12:14:41.050Z] 🔍 Processing 2h-maces item 14822 (1117/203)
[2025-11-21T12:14:45.285Z] ✅ Collected HTML for item 14822
[2025-11-21T12:14:47.287Z] 🔄 Restarting browser for fresh session...
[2025-11-21T12:14:47.400Z] 🔒 Browser closed
[2025-11-21T12:14:47.400Z] 🚀 Initializing browser with anti-detection...
[2025-11-21T12:14:47.725Z] ✅ Browser initialized with stealth mode
[2025-11-21T12:14:47.725Z] 🔍 Processing 2h-maces item 14823 (1118/203)
[2025-11-21T12:14:51.715Z] ✅ Collected HTML for item 14823
[2025-11-21T12:14:53.716Z] 🔄 Restarting browser for fresh session...
[2025-11-21T12:14:53.803Z] 🔒 Browser closed
[2025-11-21T12:14:53.803Z] 🚀 Initializing browser with anti-detection...
[2025-11-21T12:14:54.124Z] ✅ Browser initialized with stealth mode
[2025-11-21T12:14:54.124Z] 🔍 Processing 2h-maces item 14824 (1119/203)
[2025-11-21T12:14:58.119Z] ✅ Collected HTML for item 14824
[2025-11-21T12:15:00.121Z] 🔄 Restarting browser for fresh session...
[2025-11-21T12:15:00.234Z] 🔒 Browser closed
[2025-11-21T12:15:00.234Z] 🚀 Initializing browser with anti-detection...
[2025-11-21T12:15:00.545Z] ✅ Browser initialized with stealth mode
[2025-11-21T12:15:00.545Z] 🔍 Processing 2h-maces item 17942 (1120/203)
[2025-11-21T12:15:04.536Z] ✅ Collected HTML for item 17942
[2025-11-21T12:15:06.538Z] 🔄 Restarting browser for fresh session...
[2025-11-21T12:15:06.663Z] 🔒 Browser closed
[2025-11-21T12:15:06.663Z] 🚀 Initializing browser with anti-detection...
[2025-11-21T12:15:07.000Z] ✅ Browser initialized with stealth mode
[2025-11-21T12:15:07.001Z] 🔍 Processing 2h-maces item 18062 (1121/203)
[2025-11-21T12:15:10.992Z] ✅ Collected HTML for item 18062
[2025-11-21T12:15:12.994Z] 🔄 Restarting browser for fresh session...
[2025-11-21T12:15:13.130Z] 🔒 Browser closed
[2025-11-21T12:15:13.130Z] 🚀 Initializing browser with anti-detection...
[2025-11-21T12:15:13.454Z] ✅ Browser initialized with stealth mode
[2025-11-21T12:15:13.454Z] 🔍 Processing 2h-maces item 19623 (1122/203)
[2025-11-21T12:15:17.682Z] ✅ Collected HTML for item 19623
[2025-11-21T12:15:19.683Z] 🔄 Restarting browser for fresh session...
[2025-11-21T12:15:19.819Z] 🔒 Browser closed
[2025-11-21T12:15:19.819Z] 🚀 Initializing browser with anti-detection...
[2025-11-21T12:15:20.141Z] ✅ Browser initialized with stealth mode
[2025-11-21T12:15:20.141Z] 🔍 Processing 2h-maces item 19988 (1123/203)
[2025-11-21T12:15:24.130Z] ✅ Collected HTML for item 19988
[2025-11-21T12:15:26.132Z] 🔄 Restarting browser for fresh session...
[2025-11-21T12:15:26.256Z] 🔒 Browser closed
[2025-11-21T12:15:26.257Z] 🚀 Initializing browser with anti-detection...
[2025-11-21T12:15:26.581Z] ✅ Browser initialized with stealth mode
[2025-11-21T12:15:26.581Z] 🔍 Processing 2h-maces item 21555 (1124/203)
[2025-11-21T12:15:30.585Z] ✅ Collected HTML for item 21555
[2025-11-21T12:15:32.587Z] 🔄 Restarting browser for fresh session...
[2025-11-21T12:15:32.700Z] 🔒 Browser closed
[2025-11-21T12:15:32.700Z] 🚀 Initializing browser with anti-detection...
[2025-11-21T12:15:33.033Z] ✅ Browser initialized with stealth mode
[2025-11-21T12:15:33.033Z] 🔍 Processing 2h-maces item 22346 (1125/203)
[2025-11-21T12:15:37.026Z] ✅ Collected HTML for item 22346
[2025-11-21T12:15:39.027Z] 🔄 Restarting browser for fresh session...
[2025-11-21T12:15:39.114Z] 🔒 Browser closed
[2025-11-21T12:15:39.114Z] 🚀 Initializing browser with anti-detection...
[2025-11-21T12:15:39.427Z] ✅ Browser initialized with stealth mode
[2025-11-21T12:15:39.427Z] 🔍 Processing 2h-maces item 36010 (1126/203)
[2025-11-21T12:15:43.422Z] ✅ Collected HTML for item 36010
[2025-11-21T12:15:45.424Z] 🔄 Restarting browser for fresh session...
[2025-11-21T12:15:45.525Z] 🔒 Browser closed
[2025-11-21T12:15:45.525Z] 🚀 Initializing browser with anti-detection...
[2025-11-21T12:15:45.837Z] ✅ Browser initialized with stealth mode
[2025-11-21T12:15:45.837Z] 🔍 Processing 2h-maces item 58084 (1127/203)
[2025-11-21T12:15:49.691Z] ✅ Collected HTML for item 58084
[2025-11-21T12:15:51.695Z] 🔄 Restarting browser for fresh session...
[2025-11-21T12:15:51.796Z] 🔒 Browser closed
[2025-11-21T12:15:51.796Z] 🚀 Initializing browser with anti-detection...
[2025-11-21T12:15:52.077Z] ✅ Browser initialized with stealth mode
[2025-11-21T12:15:52.078Z] 🔍 Processing 2h-maces item 84017 (1128/203)
[2025-11-21T12:15:56.363Z] ✅ Collected HTML for item 84017
[2025-11-21T12:15:58.364Z] 🔄 Restarting browser for fresh session...
[2025-11-21T12:15:58.465Z] 🔒 Browser closed
[2025-11-21T12:15:58.465Z] 🚀 Initializing browser with anti-detection...
[2025-11-21T12:15:58.765Z] ✅ Browser initialized with stealth mode
[2025-11-21T12:15:58.766Z] 🔍 Processing 2h-maces item 36011 (1129/203)
[2025-11-21T12:16:02.769Z] ✅ Collected HTML for item 36011
[2025-11-21T12:16:04.771Z] 🔄 Restarting browser for fresh session...
[2025-11-21T12:16:04.873Z] 🔒 Browser closed
[2025-11-21T12:16:04.873Z] 🚀 Initializing browser with anti-detection...
[2025-11-21T12:16:05.173Z] ✅ Browser initialized with stealth mode
[2025-11-21T12:16:05.173Z] 🔍 Processing 2h-maces item 36012 (1130/203)
[2025-11-21T12:16:09.159Z] ✅ Collected HTML for item 36012
[2025-11-21T12:16:11.160Z] 🔄 Restarting browser for fresh session...
[2025-11-21T12:16:11.262Z] 🔒 Browser closed
[2025-11-21T12:16:11.262Z] 🚀 Initializing browser with anti-detection...
[2025-11-21T12:16:11.570Z] ✅ Browser initialized with stealth mode
[2025-11-21T12:16:11.570Z] 🔍 Processing 2h-maces item 36013 (1131/203)
[2025-11-21T12:16:15.593Z] ✅ Collected HTML for item 36013
[2025-11-21T12:16:17.596Z] ✅ 2h-maces HTML collection complete!
[2025-11-21T12:16:17.596Z] 📊 Successfully processed: 1131
[2025-11-21T12:16:17.596Z] ❌ Failed: 1
[2025-11-21T12:16:20.599Z] 📁 Loaded 101 IDs from turtle_db/items-2.6.json
[2025-11-21T12:16:20.599Z] 
🎯 Processing polearms (2.6)
[2025-11-21T12:16:20.599Z] 📊 Total IDs to process: 101
[2025-11-21T12:16:20.601Z] 📦 Already collected: 1130
[2025-11-21T12:16:20.602Z] ⏳ Remaining to process: 101
[2025-11-21T12:16:20.602Z] 🔍 Processing polearms item 1726 (1131/101)
[2025-11-21T12:16:25.417Z] ⏳ Cloudflare protection detected for item 1726, waiting...
[2025-11-21T12:16:35.424Z] ⚠️ No main-contents found for item 1726
[2025-11-21T12:16:37.430Z] 🔄 Restarting browser for fresh session...
[2025-11-21T12:16:37.560Z] 🔒 Browser closed
[2025-11-21T12:16:37.560Z] 🚀 Initializing browser with anti-detection...
[2025-11-21T12:16:37.969Z] ✅ Browser initialized with stealth mode
[2025-11-21T12:16:37.970Z] 🔍 Processing polearms item 7758 (1132/101)
[2025-11-21T12:16:41.819Z] ✅ Collected HTML for item 7758
[2025-11-21T12:16:43.821Z] 🔄 Restarting browser for fresh session...
[2025-11-21T12:16:43.959Z] 🔒 Browser closed
[2025-11-21T12:16:43.959Z] 🚀 Initializing browser with anti-detection...
[2025-11-21T12:16:44.283Z] ✅ Browser initialized with stealth mode
[2025-11-21T12:16:44.283Z] 🔍 Processing polearms item 7959 (1133/101)
[2025-11-21T12:16:48.135Z] ✅ Collected HTML for item 7959
[2025-11-21T12:16:50.136Z] 🔄 Restarting browser for fresh session...
[2025-11-21T12:16:50.266Z] 🔒 Browser closed
[2025-11-21T12:16:50.266Z] 🚀 Initializing browser with anti-detection...
[2025-11-21T12:16:50.579Z] ✅ Browser initialized with stealth mode
[2025-11-21T12:16:50.579Z] 🔍 Processing polearms item 9416 (1134/101)
[2025-11-21T12:16:54.565Z] ✅ Collected HTML for item 9416
[2025-11-21T12:16:56.566Z] 🔄 Restarting browser for fresh session...
[2025-11-21T12:16:56.701Z] 🔒 Browser closed
[2025-11-21T12:16:56.701Z] 🚀 Initializing browser with anti-detection...
[2025-11-21T12:16:57.028Z] ✅ Browser initialized with stealth mode
[2025-11-21T12:16:57.029Z] 🔍 Processing polearms item 9475 (1135/101)
[2025-11-21T12:17:01.024Z] ✅ Collected HTML for item 9475
[2025-11-21T12:17:03.025Z] 🔄 Restarting browser for fresh session...
[2025-11-21T12:17:03.156Z] 🔒 Browser closed
[2025-11-21T12:17:03.156Z] 🚀 Initializing browser with anti-detection...
[2025-11-21T12:17:03.475Z] ✅ Browser initialized with stealth mode
[2025-11-21T12:17:03.475Z] 🔍 Processing polearms item 9480 (1136/101)
[2025-11-21T12:17:07.502Z] ✅ Collected HTML for item 9480
[2025-11-21T12:17:09.503Z] 🔄 Restarting browser for fresh session...
[2025-11-21T12:17:09.633Z] 🔒 Browser closed
[2025-11-21T12:17:09.634Z] 🚀 Initializing browser with anti-detection...
[2025-11-21T12:17:09.969Z] ✅ Browser initialized with stealth mode
[2025-11-21T12:17:09.970Z] 🔍 Processing polearms item 10799 (1137/101)
[2025-11-21T12:17:14.202Z] ✅ Collected HTML for item 10799
[2025-11-21T12:17:16.204Z] 🔄 Restarting browser for fresh session...
[2025-11-21T12:17:16.339Z] 🔒 Browser closed
[2025-11-21T12:17:16.339Z] 🚀 Initializing browser with anti-detection...
[2025-11-21T12:17:16.666Z] ✅ Browser initialized with stealth mode
[2025-11-21T12:17:16.666Z] 🔍 Processing polearms item 11809 (1138/101)
[2025-11-21T12:17:20.659Z] ✅ Collected HTML for item 11809
[2025-11-21T12:17:22.661Z] 🔄 Restarting browser for fresh session...
[2025-11-21T12:17:22.743Z] 🔒 Browser closed
[2025-11-21T12:17:22.743Z] 🚀 Initializing browser with anti-detection...
[2025-11-21T12:17:23.039Z] ✅ Browser initialized with stealth mode
[2025-11-21T12:17:23.040Z] 🔍 Processing polearms item 12583 (1139/101)
[2025-11-21T12:17:26.910Z] ✅ Collected HTML for item 12583
[2025-11-21T12:17:28.912Z] 🔄 Restarting browser for fresh session...
[2025-11-21T12:17:29.012Z] 🔒 Browser closed
[2025-11-21T12:17:29.012Z] 🚀 Initializing browser with anti-detection...
[2025-11-21T12:17:29.327Z] ✅ Browser initialized with stealth mode
[2025-11-21T12:17:29.328Z] 🔍 Processing polearms item 12802 (1140/101)
[2025-11-21T12:17:33.321Z] ✅ Collected HTML for item 12802
[2025-11-21T12:17:35.323Z] 🔄 Restarting browser for fresh session...
[2025-11-21T12:17:35.420Z] 🔒 Browser closed
[2025-11-21T12:17:35.421Z] 🚀 Initializing browser with anti-detection...
[2025-11-21T12:17:35.721Z] ✅ Browser initialized with stealth mode
[2025-11-21T12:17:35.722Z] 🔍 Processing polearms item 12989 (1141/101)
[2025-11-21T12:17:39.728Z] ✅ Collected HTML for item 12989
[2025-11-21T12:17:41.730Z] 🔄 Restarting browser for fresh session...
[2025-11-21T12:17:41.833Z] 🔒 Browser closed
[2025-11-21T12:17:41.833Z] 🚀 Initializing browser with anti-detection...
[2025-11-21T12:17:42.144Z] ✅ Browser initialized with stealth mode
[2025-11-21T12:17:42.144Z] 🔍 Processing polearms item 13054 (1142/101)
[2025-11-21T12:17:46.142Z] ✅ Collected HTML for item 13054
[2025-11-21T12:17:48.144Z] 🔄 Restarting browser for fresh session...
[2025-11-21T12:17:48.248Z] 🔒 Browser closed
[2025-11-21T12:17:48.248Z] 🚀 Initializing browser with anti-detection...
[2025-11-21T12:17:48.544Z] ✅ Browser initialized with stealth mode
[2025-11-21T12:17:48.544Z] 🔍 Processing polearms item 13055 (1143/101)
[2025-11-21T12:17:52.542Z] ✅ Collected HTML for item 13055
[2025-11-21T12:17:54.544Z] 🔄 Restarting browser for fresh session...
[2025-11-21T12:17:54.673Z] 🔒 Browser closed
[2025-11-21T12:17:54.674Z] 🚀 Initializing browser with anti-detection...
[2025-11-21T12:17:54.977Z] ✅ Browser initialized with stealth mode
[2025-11-21T12:17:54.978Z] 🔍 Processing polearms item 13056 (1144/101)
[2025-11-21T12:17:58.977Z] ✅ Collected HTML for item 13056
[2025-11-21T12:18:00.979Z] 🔄 Restarting browser for fresh session...
[2025-11-21T12:18:01.080Z] 🔒 Browser closed
[2025-11-21T12:18:01.080Z] 🚀 Initializing browser with anti-detection...
[2025-11-21T12:18:01.378Z] ✅ Browser initialized with stealth mode
[2025-11-21T12:18:01.378Z] 🔍 Processing polearms item 13057 (1145/101)
[2025-11-21T12:18:05.241Z] ✅ Collected HTML for item 13057
[2025-11-21T12:18:07.242Z] 🔄 Restarting browser for fresh session...
[2025-11-21T12:18:07.343Z] 🔒 Browser closed
[2025-11-21T12:18:07.344Z] 🚀 Initializing browser with anti-detection...
[2025-11-21T12:18:07.631Z] ✅ Browser initialized with stealth mode
[2025-11-21T12:18:07.631Z] 🔍 Processing polearms item 13058 (1146/101)
[2025-11-21T12:18:11.508Z] ✅ Collected HTML for item 13058
[2025-11-21T12:18:13.510Z] 🔄 Restarting browser for fresh session...
[2025-11-21T12:18:13.607Z] 🔒 Browser closed
[2025-11-21T12:18:13.608Z] 🚀 Initializing browser with anti-detection...
[2025-11-21T12:18:13.909Z] ✅ Browser initialized with stealth mode
[2025-11-21T12:18:13.909Z] 🔍 Processing polearms item 13148 (1147/101)
[2025-11-21T12:18:17.768Z] ✅ Collected HTML for item 13148
[2025-11-21T12:18:19.770Z] 🔄 Restarting browser for fresh session...
[2025-11-21T12:18:19.860Z] 🔒 Browser closed
[2025-11-21T12:18:19.860Z] 🚀 Initializing browser with anti-detection...
[2025-11-21T12:18:20.165Z] ✅ Browser initialized with stealth mode
[2025-11-21T12:18:20.166Z] 🔍 Processing polearms item 17074 (1148/101)
[2025-11-21T12:18:24.024Z] ✅ Collected HTML for item 17074
[2025-11-21T12:18:26.027Z] 🔄 Restarting browser for fresh session...
[2025-11-21T12:18:26.136Z] 🔒 Browser closed
[2025-11-21T12:18:26.136Z] 🚀 Initializing browser with anti-detection...
[2025-11-21T12:18:26.444Z] ✅ Browser initialized with stealth mode
[2025-11-21T12:18:26.444Z] 🔍 Processing polearms item 17223 (1149/101)
[2025-11-21T12:18:30.438Z] ✅ Collected HTML for item 17223
[2025-11-21T12:18:32.440Z] 🔄 Restarting browser for fresh session...
[2025-11-21T12:18:32.540Z] 🔒 Browser closed
[2025-11-21T12:18:32.540Z] 🚀 Initializing browser with anti-detection...
[2025-11-21T12:18:32.847Z] ✅ Browser initialized with stealth mode
[2025-11-21T12:18:32.847Z] 🔍 Processing polearms item 18502 (1150/101)
[2025-11-21T12:18:36.705Z] ✅ Collected HTML for item 18502
[2025-11-21T12:18:38.707Z] 🔄 Restarting browser for fresh session...
[2025-11-21T12:18:38.819Z] 🔒 Browser closed
[2025-11-21T12:18:38.819Z] 🚀 Initializing browser with anti-detection...
[2025-11-21T12:18:39.137Z] ✅ Browser initialized with stealth mode
[2025-11-21T12:18:39.137Z] 🔍 Processing polearms item 18725 (1151/101)
[2025-11-21T12:18:43.365Z] ✅ Collected HTML for item 18725
[2025-11-21T12:18:45.367Z] 🔄 Restarting browser for fresh session...
[2025-11-21T12:18:45.486Z] 🔒 Browser closed
[2025-11-21T12:18:45.486Z] 🚀 Initializing browser with anti-detection...
[2025-11-21T12:18:45.769Z] ✅ Browser initialized with stealth mode
[2025-11-21T12:18:45.769Z] 🔍 Processing polearms item 18869 (1152/101)
[2025-11-21T12:18:49.768Z] ✅ Collected HTML for item 18869
[2025-11-21T12:18:51.770Z] 🔄 Restarting browser for fresh session...
[2025-11-21T12:18:51.890Z] 🔒 Browser closed
[2025-11-21T12:18:51.890Z] 🚀 Initializing browser with anti-detection...
[2025-11-21T12:18:52.199Z] ✅ Browser initialized with stealth mode
[2025-11-21T12:18:52.199Z] 🔍 Processing polearms item 18871 (1153/101)
[2025-11-21T12:18:56.190Z] ✅ Collected HTML for item 18871
[2025-11-21T12:18:58.192Z] 🔄 Restarting browser for fresh session...
[2025-11-21T12:18:58.299Z] 🔒 Browser closed
[2025-11-21T12:18:58.299Z] 🚀 Initializing browser with anti-detection...
[2025-11-21T12:18:58.594Z] ✅ Browser initialized with stealth mode
[2025-11-21T12:18:58.594Z] 🔍 Processing polearms item 19106 (1154/101)
[2025-11-21T12:19:02.589Z] ✅ Collected HTML for item 19106
[2025-11-21T12:19:04.592Z] 🔄 Restarting browser for fresh session...
[2025-11-21T12:19:04.706Z] 🔒 Browser closed
[2025-11-21T12:19:04.706Z] 🚀 Initializing browser with anti-detection...
[2025-11-21T12:19:05.018Z] ✅ Browser initialized with stealth mode
[2025-11-21T12:19:05.018Z] 🔍 Processing polearms item 19167 (1155/101)
[2025-11-21T12:19:09.013Z] ✅ Collected HTML for item 19167
[2025-11-21T12:19:11.015Z] 🔄 Restarting browser for fresh session...
[2025-11-21T12:19:11.096Z] 🔒 Browser closed
[2025-11-21T12:19:11.096Z] 🚀 Initializing browser with anti-detection...
[2025-11-21T12:19:11.394Z] ✅ Browser initialized with stealth mode
[2025-11-21T12:19:11.394Z] 🔍 Processing polearms item 19874 (1156/101)
[2025-11-21T12:19:15.391Z] ✅ Collected HTML for item 19874
[2025-11-21T12:19:17.394Z] 🔄 Restarting browser for fresh session...
[2025-11-21T12:19:17.494Z] 🔒 Browser closed
[2025-11-21T12:19:17.494Z] 🚀 Initializing browser with anti-detection...
[2025-11-21T12:19:17.779Z] ✅ Browser initialized with stealth mode
[2025-11-21T12:19:17.780Z] 🔍 Processing polearms item 19963 (1157/101)
[2025-11-21T12:19:21.653Z] ✅ Collected HTML for item 19963
[2025-11-21T12:19:23.657Z] 🔄 Restarting browser for fresh session...
[2025-11-21T12:19:23.753Z] 🔒 Browser closed
[2025-11-21T12:19:23.753Z] 🚀 Initializing browser with anti-detection...
[2025-11-21T12:19:24.048Z] ✅ Browser initialized with stealth mode
[2025-11-21T12:19:24.048Z] 🔍 Processing polearms item 20083 (1158/101)
[2025-11-21T12:19:28.355Z] ✅ Collected HTML for item 20083
[2025-11-21T12:19:30.356Z] 🔄 Restarting browser for fresh session...
[2025-11-21T12:19:30.453Z] 🔒 Browser closed
[2025-11-21T12:19:30.453Z] 🚀 Initializing browser with anti-detection...
[2025-11-21T12:19:30.752Z] ✅ Browser initialized with stealth mode
[2025-11-21T12:19:30.752Z] 🔍 Processing polearms item 21635 (1159/101)
[2025-11-21T12:19:34.747Z] ✅ Collected HTML for item 21635
[2025-11-21T12:19:36.749Z] 🔄 Restarting browser for fresh session...
[2025-11-21T12:19:36.854Z] 🔒 Browser closed
[2025-11-21T12:19:36.854Z] 🚀 Initializing browser with anti-detection...
[2025-11-21T12:19:37.145Z] ✅ Browser initialized with stealth mode
[2025-11-21T12:19:37.145Z] 🔍 Processing polearms item 22314 (1160/101)
[2025-11-21T12:19:41.011Z] ✅ Collected HTML for item 22314
[2025-11-21T12:19:43.014Z] 🔄 Restarting browser for fresh session...
[2025-11-21T12:19:43.104Z] 🔒 Browser closed
[2025-11-21T12:19:43.104Z] 🚀 Initializing browser with anti-detection...
[2025-11-21T12:19:43.381Z] ✅ Browser initialized with stealth mode
[2025-11-21T12:19:43.381Z] 🔍 Processing polearms item 23039 (1161/101)
[2025-11-21T12:19:47.386Z] ✅ Collected HTML for item 23039
[2025-11-21T12:19:49.388Z] 🔄 Restarting browser for fresh session...
[2025-11-21T12:19:49.482Z] 🔒 Browser closed
[2025-11-21T12:19:49.482Z] 🚀 Initializing browser with anti-detection...
[2025-11-21T12:19:49.777Z] ✅ Browser initialized with stealth mode
[2025-11-21T12:19:49.777Z] 🔍 Processing polearms item 41562 (1162/101)
[2025-11-21T12:19:53.769Z] ✅ Collected HTML for item 41562
[2025-11-21T12:19:55.772Z] 🔄 Restarting browser for fresh session...
[2025-11-21T12:19:55.877Z] 🔒 Browser closed
[2025-11-21T12:19:55.877Z] 🚀 Initializing browser with anti-detection...
[2025-11-21T12:19:56.168Z] ✅ Browser initialized with stealth mode
[2025-11-21T12:19:56.169Z] 🔍 Processing polearms item 55026 (1163/101)
[2025-11-21T12:20:00.032Z] ✅ Collected HTML for item 55026
[2025-11-21T12:20:02.033Z] 🔄 Restarting browser for fresh session...
[2025-11-21T12:20:02.143Z] 🔒 Browser closed
[2025-11-21T12:20:02.143Z] 🚀 Initializing browser with anti-detection...
[2025-11-21T12:20:02.501Z] ✅ Browser initialized with stealth mode
[2025-11-21T12:20:02.501Z] 🔍 Processing polearms item 55116 (1164/101)
[2025-11-21T12:20:06.489Z] ✅ Collected HTML for item 55116
[2025-11-21T12:20:08.491Z] 🔄 Restarting browser for fresh session...
[2025-11-21T12:20:08.596Z] 🔒 Browser closed
[2025-11-21T12:20:08.596Z] 🚀 Initializing browser with anti-detection...
[2025-11-21T12:20:08.907Z] ✅ Browser initialized with stealth mode
[2025-11-21T12:20:08.907Z] 🔍 Processing polearms item 55381 (1165/101)
[2025-11-21T12:20:12.763Z] ✅ Collected HTML for item 55381
[2025-11-21T12:20:14.765Z] 🔄 Restarting browser for fresh session...
[2025-11-21T12:20:14.915Z] 🔒 Browser closed
[2025-11-21T12:20:14.915Z] 🚀 Initializing browser with anti-detection...
[2025-11-21T12:20:15.230Z] ✅ Browser initialized with stealth mode
[2025-11-21T12:20:15.230Z] 🔍 Processing polearms item 55495 (1166/101)
[2025-11-21T12:20:19.087Z] ✅ Collected HTML for item 55495
[2025-11-21T12:20:21.088Z] 🔄 Restarting browser for fresh session...
[2025-11-21T12:20:21.187Z] 🔒 Browser closed
[2025-11-21T12:20:21.187Z] 🚀 Initializing browser with anti-detection...
[2025-11-21T12:20:21.494Z] ✅ Browser initialized with stealth mode
[2025-11-21T12:20:21.494Z] 🔍 Processing polearms item 58058 (1167/101)
[2025-11-21T12:20:25.482Z] ✅ Collected HTML for item 58058
[2025-11-21T12:20:27.484Z] 🔄 Restarting browser for fresh session...
[2025-11-21T12:20:27.575Z] 🔒 Browser closed
[2025-11-21T12:20:27.576Z] 🚀 Initializing browser with anti-detection...
[2025-11-21T12:20:27.879Z] ✅ Browser initialized with stealth mode
[2025-11-21T12:20:27.879Z] 🔍 Processing polearms item 60498 (1168/101)
[2025-11-21T12:20:31.869Z] ✅ Collected HTML for item 60498
[2025-11-21T12:20:33.871Z] 🔄 Restarting browser for fresh session...
[2025-11-21T12:20:33.956Z] 🔒 Browser closed
[2025-11-21T12:20:33.956Z] 🚀 Initializing browser with anti-detection...
[2025-11-21T12:20:34.266Z] ✅ Browser initialized with stealth mode
[2025-11-21T12:20:34.266Z] 🔍 Processing polearms item 60787 (1169/101)
[2025-11-21T12:20:38.129Z] ✅ Collected HTML for item 60787
[2025-11-21T12:20:40.131Z] 🔄 Restarting browser for fresh session...
[2025-11-21T12:20:40.242Z] 🔒 Browser closed
[2025-11-21T12:20:40.242Z] 🚀 Initializing browser with anti-detection...
[2025-11-21T12:20:40.578Z] ✅ Browser initialized with stealth mode
[2025-11-21T12:20:40.578Z] 🔍 Processing polearms item 60818 (1170/101)
[2025-11-21T12:20:44.578Z] ✅ Collected HTML for item 60818
[2025-11-21T12:20:46.581Z] 🔄 Restarting browser for fresh session...
[2025-11-21T12:20:46.714Z] 🔒 Browser closed
[2025-11-21T12:20:46.715Z] 🚀 Initializing browser with anti-detection...
[2025-11-21T12:20:47.044Z] ✅ Browser initialized with stealth mode
[2025-11-21T12:20:47.044Z] 🔍 Processing polearms item 60951 (1171/101)
[2025-11-21T12:20:50.896Z] ✅ Collected HTML for item 60951
[2025-11-21T12:20:52.898Z] 🔄 Restarting browser for fresh session...
[2025-11-21T12:20:53.014Z] 🔒 Browser closed
[2025-11-21T12:20:53.014Z] 🚀 Initializing browser with anti-detection...
[2025-11-21T12:20:53.327Z] ✅ Browser initialized with stealth mode
[2025-11-21T12:20:53.328Z] 🔍 Processing polearms item 61534 (1172/101)
[2025-11-21T12:20:57.186Z] ✅ Collected HTML for item 61534
[2025-11-21T12:20:59.190Z] 🔄 Restarting browser for fresh session...
[2025-11-21T12:20:59.319Z] 🔒 Browser closed
[2025-11-21T12:20:59.319Z] 🚀 Initializing browser with anti-detection...
[2025-11-21T12:20:59.663Z] ✅ Browser initialized with stealth mode
[2025-11-21T12:20:59.663Z] 🔍 Processing polearms item 61596 (1173/101)
[2025-11-21T12:21:03.659Z] ✅ Collected HTML for item 61596
[2025-11-21T12:21:05.660Z] 🔄 Restarting browser for fresh session...
[2025-11-21T12:21:05.781Z] 🔒 Browser closed
[2025-11-21T12:21:05.781Z] 🚀 Initializing browser with anti-detection...
[2025-11-21T12:21:06.103Z] ✅ Browser initialized with stealth mode
[2025-11-21T12:21:06.104Z] 🔍 Processing polearms item 61650 (1174/101)
[2025-11-21T12:21:09.958Z] ✅ Collected HTML for item 61650
[2025-11-21T12:21:11.961Z] 🔄 Restarting browser for fresh session...
[2025-11-21T12:21:12.060Z] 🔒 Browser closed
[2025-11-21T12:21:12.060Z] 🚀 Initializing browser with anti-detection...
[2025-11-21T12:21:12.370Z] ✅ Browser initialized with stealth mode
[2025-11-21T12:21:12.370Z] 🔍 Processing polearms item 80538 (1175/101)
[2025-11-21T12:21:16.224Z] ✅ Collected HTML for item 80538
[2025-11-21T12:21:18.227Z] 🔄 Restarting browser for fresh session...
[2025-11-21T12:21:18.370Z] 🔒 Browser closed
[2025-11-21T12:21:18.370Z] 🚀 Initializing browser with anti-detection...
[2025-11-21T12:21:18.696Z] ✅ Browser initialized with stealth mode
[2025-11-21T12:21:18.697Z] 🔍 Processing polearms item 80638 (1176/101)
[2025-11-21T12:21:22.546Z] ✅ Collected HTML for item 80638
[2025-11-21T12:21:24.549Z] 🔄 Restarting browser for fresh session...
[2025-11-21T12:21:24.650Z] 🔒 Browser closed
[2025-11-21T12:21:24.650Z] 🚀 Initializing browser with anti-detection...
[2025-11-21T12:21:24.950Z] ✅ Browser initialized with stealth mode
[2025-11-21T12:21:24.951Z] 🔍 Processing polearms item 80811 (1177/101)
[2025-11-21T12:21:28.953Z] ✅ Collected HTML for item 80811
[2025-11-21T12:21:30.955Z] 🔄 Restarting browser for fresh session...
[2025-11-21T12:21:31.055Z] 🔒 Browser closed
[2025-11-21T12:21:31.055Z] 🚀 Initializing browser with anti-detection...
[2025-11-21T12:21:31.405Z] ✅ Browser initialized with stealth mode
[2025-11-21T12:21:31.405Z] 🔍 Processing polearms item 81369 (1178/101)
[2025-11-21T12:21:35.398Z] ✅ Collected HTML for item 81369
[2025-11-21T12:21:37.400Z] 🔄 Restarting browser for fresh session...
[2025-11-21T12:21:37.488Z] 🔒 Browser closed
[2025-11-21T12:21:37.488Z] 🚀 Initializing browser with anti-detection...
[2025-11-21T12:21:37.783Z] ✅ Browser initialized with stealth mode
[2025-11-21T12:21:37.783Z] 🔍 Processing polearms item 83461 (1179/101)
[2025-11-21T12:21:41.642Z] ✅ Collected HTML for item 83461
[2025-11-21T12:21:43.643Z] 🔄 Restarting browser for fresh session...
[2025-11-21T12:21:43.766Z] 🔒 Browser closed
[2025-11-21T12:21:43.766Z] 🚀 Initializing browser with anti-detection...
[2025-11-21T12:21:44.068Z] ✅ Browser initialized with stealth mode
[2025-11-21T12:21:44.068Z] 🔍 Processing polearms item 83562 (1180/101)
[2025-11-21T12:21:48.064Z] ✅ Collected HTML for item 83562
[2025-11-21T12:21:50.067Z] 🔄 Restarting browser for fresh session...
[2025-11-21T12:21:50.171Z] 🔒 Browser closed
[2025-11-21T12:21:50.171Z] 🚀 Initializing browser with anti-detection...
[2025-11-21T12:21:50.491Z] ✅ Browser initialized with stealth mode
[2025-11-21T12:21:50.491Z] 🔍 Processing polearms item 1406 (1181/101)
[2025-11-21T12:21:54.503Z] ✅ Collected HTML for item 1406
[2025-11-21T12:21:56.506Z] 🔄 Restarting browser for fresh session...
[2025-11-21T12:21:56.603Z] 🔒 Browser closed
[2025-11-21T12:21:56.603Z] 🚀 Initializing browser with anti-detection...
[2025-11-21T12:21:56.906Z] ✅ Browser initialized with stealth mode
[2025-11-21T12:21:56.907Z] 🔍 Processing polearms item 1485 (1182/101)
[2025-11-21T12:22:00.905Z] ✅ Collected HTML for item 1485
[2025-11-21T12:22:02.906Z] 🔄 Restarting browser for fresh session...
[2025-11-21T12:22:03.012Z] 🔒 Browser closed
[2025-11-21T12:22:03.012Z] 🚀 Initializing browser with anti-detection...
[2025-11-21T12:22:03.323Z] ✅ Browser initialized with stealth mode
[2025-11-21T12:22:03.323Z] 🔍 Processing polearms item 1522 (1183/101)
[2025-11-21T12:22:07.180Z] ✅ Collected HTML for item 1522
[2025-11-21T12:22:09.182Z] 🔄 Restarting browser for fresh session...
[2025-11-21T12:22:09.288Z] 🔒 Browser closed
[2025-11-21T12:22:09.288Z] 🚀 Initializing browser with anti-detection...
[2025-11-21T12:22:09.606Z] ✅ Browser initialized with stealth mode
[2025-11-21T12:22:09.606Z] 🔍 Processing polearms item 2023 (1184/101)
[2025-11-21T12:22:13.610Z] ✅ Collected HTML for item 2023
[2025-11-21T12:22:15.613Z] 🔄 Restarting browser for fresh session...
[2025-11-21T12:22:15.712Z] 🔒 Browser closed
[2025-11-21T12:22:15.712Z] 🚀 Initializing browser with anti-detection...
[2025-11-21T12:22:16.023Z] ✅ Browser initialized with stealth mode
[2025-11-21T12:22:16.023Z] 🔍 Processing polearms item 3346 (1185/101)
[2025-11-21T12:22:20.024Z] ✅ Collected HTML for item 3346
[2025-11-21T12:22:22.025Z] 🔄 Restarting browser for fresh session...
[2025-11-21T12:22:22.117Z] 🔒 Browser closed
[2025-11-21T12:22:22.117Z] 🚀 Initializing browser with anti-detection...
[2025-11-21T12:22:22.420Z] ✅ Browser initialized with stealth mode
[2025-11-21T12:22:22.420Z] 🔍 Processing polearms item 3367 (1186/101)
[2025-11-21T12:22:26.288Z] ✅ Collected HTML for item 3367
[2025-11-21T12:22:28.291Z] 🔄 Restarting browser for fresh session...
[2025-11-21T12:22:28.380Z] 🔒 Browser closed
[2025-11-21T12:22:28.381Z] 🚀 Initializing browser with anti-detection...
[2025-11-21T12:22:28.681Z] ✅ Browser initialized with stealth mode
[2025-11-21T12:22:28.682Z] 🔍 Processing polearms item 3432 (1187/101)
[2025-11-21T12:22:32.675Z] ✅ Collected HTML for item 3432
[2025-11-21T12:22:34.678Z] 🔄 Restarting browser for fresh session...
[2025-11-21T12:22:34.783Z] 🔒 Browser closed
[2025-11-21T12:22:34.783Z] 🚀 Initializing browser with anti-detection...
[2025-11-21T12:22:35.088Z] ✅ Browser initialized with stealth mode
[2025-11-21T12:22:35.088Z] 🔍 Processing polearms item 3433 (1188/101)
[2025-11-21T12:22:39.082Z] ✅ Collected HTML for item 3433
[2025-11-21T12:22:41.084Z] 🔄 Restarting browser for fresh session...
[2025-11-21T12:22:41.177Z] 🔒 Browser closed
[2025-11-21T12:22:41.177Z] 🚀 Initializing browser with anti-detection...
[2025-11-21T12:22:41.457Z] ✅ Browser initialized with stealth mode
[2025-11-21T12:22:41.457Z] 🔍 Processing polearms item 5200 (1189/101)
[2025-11-21T12:22:45.450Z] ✅ Collected HTML for item 5200
[2025-11-21T12:22:47.453Z] 🔄 Restarting browser for fresh session...
[2025-11-21T12:22:47.553Z] 🔒 Browser closed
[2025-11-21T12:22:47.553Z] 🚀 Initializing browser with anti-detection...
[2025-11-21T12:22:47.839Z] ✅ Browser initialized with stealth mode
[2025-11-21T12:22:47.839Z] 🔍 Processing polearms item 5597 (1190/101)
[2025-11-21T12:22:51.828Z] ✅ Collected HTML for item 5597
[2025-11-21T12:22:53.830Z] 🔄 Restarting browser for fresh session...
[2025-11-21T12:22:53.940Z] 🔒 Browser closed
[2025-11-21T12:22:53.940Z] 🚀 Initializing browser with anti-detection...
[2025-11-21T12:22:54.230Z] ✅ Browser initialized with stealth mode
[2025-11-21T12:22:54.230Z] 🔍 Processing polearms item 5745 (1191/101)
[2025-11-21T12:22:58.219Z] ✅ Collected HTML for item 5745
[2025-11-21T12:23:00.221Z] 🔄 Restarting browser for fresh session...
[2025-11-21T12:23:00.323Z] 🔒 Browser closed
[2025-11-21T12:23:00.323Z] 🚀 Initializing browser with anti-detection...
[2025-11-21T12:23:00.610Z] ✅ Browser initialized with stealth mode
[2025-11-21T12:23:00.611Z] 🔍 Processing polearms item 5746 (1192/101)
[2025-11-21T12:23:04.614Z] ✅ Collected HTML for item 5746
[2025-11-21T12:23:06.617Z] 🔄 Restarting browser for fresh session...
[2025-11-21T12:23:06.746Z] 🔒 Browser closed
[2025-11-21T12:23:06.746Z] 🚀 Initializing browser with anti-detection...
[2025-11-21T12:23:07.056Z] ✅ Browser initialized with stealth mode
[2025-11-21T12:23:07.057Z] 🔍 Processing polearms item 5747 (1193/101)
[2025-11-21T12:23:11.057Z] ✅ Collected HTML for item 5747
[2025-11-21T12:23:13.060Z] 🔄 Restarting browser for fresh session...
[2025-11-21T12:23:13.195Z] 🔒 Browser closed
[2025-11-21T12:23:13.195Z] 🚀 Initializing browser with anti-detection...
[2025-11-21T12:23:13.511Z] ✅ Browser initialized with stealth mode
[2025-11-21T12:23:13.511Z] 🔍 Processing polearms item 6679 (1194/101)
[2025-11-21T12:23:17.370Z] ✅ Collected HTML for item 6679
[2025-11-21T12:23:19.372Z] 🔄 Restarting browser for fresh session...
[2025-11-21T12:23:19.470Z] 🔒 Browser closed
[2025-11-21T12:23:19.470Z] 🚀 Initializing browser with anti-detection...
[2025-11-21T12:23:19.769Z] ✅ Browser initialized with stealth mode
[2025-11-21T12:23:19.769Z] 🔍 Processing polearms item 6680 (1195/101)
[2025-11-21T12:23:23.761Z] ✅ Collected HTML for item 6680
[2025-11-21T12:23:25.764Z] 🔄 Restarting browser for fresh session...
[2025-11-21T12:23:25.849Z] 🔒 Browser closed
[2025-11-21T12:23:25.849Z] 🚀 Initializing browser with anti-detection...
[2025-11-21T12:23:26.161Z] ✅ Browser initialized with stealth mode
[2025-11-21T12:23:26.161Z] 🔍 Processing polearms item 11838 (1196/101)
[2025-11-21T12:23:30.156Z] ✅ Collected HTML for item 11838
[2025-11-21T12:23:32.158Z] 🔄 Restarting browser for fresh session...
[2025-11-21T12:23:32.254Z] 🔒 Browser closed
[2025-11-21T12:23:32.254Z] 🚀 Initializing browser with anti-detection...
[2025-11-21T12:23:32.550Z] ✅ Browser initialized with stealth mode
[2025-11-21T12:23:32.550Z] 🔍 Processing polearms item 11864 (1197/101)
[2025-11-21T12:23:36.544Z] ✅ Collected HTML for item 11864
[2025-11-21T12:23:38.547Z] 🔄 Restarting browser for fresh session...
[2025-11-21T12:23:38.647Z] 🔒 Browser closed
[2025-11-21T12:23:38.647Z] 🚀 Initializing browser with anti-detection...
[2025-11-21T12:23:38.947Z] ✅ Browser initialized with stealth mode
[2025-11-21T12:23:38.947Z] 🔍 Processing polearms item 12063 (1198/101)
[2025-11-21T12:23:42.945Z] ✅ Collected HTML for item 12063
[2025-11-21T12:23:44.946Z] 🔄 Restarting browser for fresh session...
[2025-11-21T12:23:45.049Z] 🔒 Browser closed
[2025-11-21T12:23:45.049Z] 🚀 Initializing browser with anti-detection...
[2025-11-21T12:23:45.358Z] ✅ Browser initialized with stealth mode
[2025-11-21T12:23:45.358Z] 🔍 Processing polearms item 12243 (1199/101)
[2025-11-21T12:23:49.350Z] ✅ Collected HTML for item 12243
[2025-11-21T12:23:51.353Z] 🔄 Restarting browser for fresh session...
[2025-11-21T12:23:51.446Z] 🔒 Browser closed
[2025-11-21T12:23:51.446Z] 🚀 Initializing browser with anti-detection...
[2025-11-21T12:23:51.741Z] ✅ Browser initialized with stealth mode
[2025-11-21T12:23:51.741Z] 🔍 Processing polearms item 12338 (1200/101)
[2025-11-21T12:23:55.735Z] ✅ Collected HTML for item 12338
[2025-11-21T12:23:57.737Z] 🔄 Restarting browser for fresh session...
[2025-11-21T12:23:57.842Z] 🔒 Browser closed
[2025-11-21T12:23:57.843Z] 🚀 Initializing browser with anti-detection...
[2025-11-21T12:23:58.217Z] ✅ Browser initialized with stealth mode
[2025-11-21T12:23:58.218Z] 🔍 Processing polearms item 12403 (1201/101)
[2025-11-21T12:24:02.210Z] ✅ Collected HTML for item 12403
[2025-11-21T12:24:04.212Z] 🔄 Restarting browser for fresh session...
[2025-11-21T12:24:04.299Z] 🔒 Browser closed
[2025-11-21T12:24:04.299Z] 🚀 Initializing browser with anti-detection...
[2025-11-21T12:24:04.592Z] ✅ Browser initialized with stealth mode
[2025-11-21T12:24:04.593Z] 🔍 Processing polearms item 13059 (1202/101)
[2025-11-21T12:24:08.467Z] ✅ Collected HTML for item 13059
[2025-11-21T12:24:10.469Z] 🔄 Restarting browser for fresh session...
[2025-11-21T12:24:10.567Z] 🔒 Browser closed
[2025-11-21T12:24:10.567Z] 🚀 Initializing browser with anti-detection...
[2025-11-21T12:24:10.858Z] ✅ Browser initialized with stealth mode
[2025-11-21T12:24:10.858Z] 🔍 Processing polearms item 13060 (1203/101)
[2025-11-21T12:24:14.863Z] ✅ Collected HTML for item 13060
[2025-11-21T12:24:16.864Z] 🔄 Restarting browser for fresh session...
[2025-11-21T12:24:16.968Z] 🔒 Browser closed
[2025-11-21T12:24:16.968Z] 🚀 Initializing browser with anti-detection...
[2025-11-21T12:24:17.317Z] ✅ Browser initialized with stealth mode
[2025-11-21T12:24:17.317Z] 🔍 Processing polearms item 13631 (1204/101)
[2025-11-21T12:24:21.312Z] ✅ Collected HTML for item 13631
[2025-11-21T12:24:23.314Z] 🔄 Restarting browser for fresh session...
[2025-11-21T12:24:23.424Z] 🔒 Browser closed
[2025-11-21T12:24:23.424Z] 🚀 Initializing browser with anti-detection...
[2025-11-21T12:24:23.731Z] ✅ Browser initialized with stealth mode
[2025-11-21T12:24:23.731Z] 🔍 Processing polearms item 13632 (1205/101)
[2025-11-21T12:24:27.740Z] ✅ Collected HTML for item 13632
[2025-11-21T12:24:29.741Z] 🔄 Restarting browser for fresh session...
[2025-11-21T12:24:29.841Z] 🔒 Browser closed
[2025-11-21T12:24:29.842Z] 🚀 Initializing browser with anti-detection...
[2025-11-21T12:24:30.123Z] ✅ Browser initialized with stealth mode
[2025-11-21T12:24:30.123Z] 🔍 Processing polearms item 14535 (1206/101)
[2025-11-21T12:24:34.118Z] ✅ Collected HTML for item 14535
[2025-11-21T12:24:36.120Z] 🔄 Restarting browser for fresh session...
[2025-11-21T12:24:36.216Z] 🔒 Browser closed
[2025-11-21T12:24:36.217Z] 🚀 Initializing browser with anti-detection...
[2025-11-21T12:24:36.512Z] ✅ Browser initialized with stealth mode
[2025-11-21T12:24:36.512Z] 🔍 Processing polearms item 14879 (1207/101)
[2025-11-21T12:24:40.746Z] ✅ Collected HTML for item 14879
[2025-11-21T12:24:42.749Z] 🔄 Restarting browser for fresh session...
[2025-11-21T12:24:42.846Z] 🔒 Browser closed
[2025-11-21T12:24:42.846Z] 🚀 Initializing browser with anti-detection...
[2025-11-21T12:24:43.136Z] ✅ Browser initialized with stealth mode
[2025-11-21T12:24:43.136Z] 🔍 Processing polearms item 15810 (1208/101)
[2025-11-21T12:24:47.146Z] ✅ Collected HTML for item 15810
[2025-11-21T12:24:49.149Z] 🔄 Restarting browser for fresh session...
[2025-11-21T12:24:49.251Z] 🔒 Browser closed
[2025-11-21T12:24:49.251Z] 🚀 Initializing browser with anti-detection...
[2025-11-21T12:24:49.542Z] ✅ Browser initialized with stealth mode
[2025-11-21T12:24:49.542Z] 🔍 Processing polearms item 15811 (1209/101)
[2025-11-21T12:24:53.556Z] ✅ Collected HTML for item 15811
[2025-11-21T12:24:55.559Z] 🔄 Restarting browser for fresh session...
[2025-11-21T12:24:55.644Z] 🔒 Browser closed
[2025-11-21T12:24:55.644Z] 🚀 Initializing browser with anti-detection...
[2025-11-21T12:24:55.937Z] ✅ Browser initialized with stealth mode
[2025-11-21T12:24:55.937Z] 🔍 Processing polearms item 15910 (1210/101)
[2025-11-21T12:24:59.962Z] ✅ Collected HTML for item 15910
[2025-11-21T12:25:01.965Z] 🔄 Restarting browser for fresh session...
[2025-11-21T12:25:02.059Z] 🔒 Browser closed
[2025-11-21T12:25:02.059Z] 🚀 Initializing browser with anti-detection...
[2025-11-21T12:25:02.355Z] ✅ Browser initialized with stealth mode
[2025-11-21T12:25:02.355Z] 🔍 Processing polearms item 19946 (1211/101)
[2025-11-21T12:25:06.346Z] ✅ Collected HTML for item 19946
[2025-11-21T12:25:08.349Z] 🔄 Restarting browser for fresh session...
[2025-11-21T12:25:08.456Z] 🔒 Browser closed
[2025-11-21T12:25:08.456Z] 🚀 Initializing browser with anti-detection...
[2025-11-21T12:25:08.758Z] ✅ Browser initialized with stealth mode
[2025-11-21T12:25:08.758Z] 🔍 Processing polearms item 20412 (1212/101)
[2025-11-21T12:25:12.755Z] ✅ Collected HTML for item 20412
[2025-11-21T12:25:14.757Z] 🔄 Restarting browser for fresh session...
[2025-11-21T12:25:14.847Z] 🔒 Browser closed
[2025-11-21T12:25:14.847Z] 🚀 Initializing browser with anti-detection...
[2025-11-21T12:25:15.126Z] ✅ Browser initialized with stealth mode
[2025-11-21T12:25:15.126Z] 🔍 Processing polearms item 20660 (1213/101)
[2025-11-21T12:25:18.994Z] ✅ Collected HTML for item 20660
[2025-11-21T12:25:20.997Z] 🔄 Restarting browser for fresh session...
[2025-11-21T12:25:21.101Z] 🔒 Browser closed
[2025-11-21T12:25:21.101Z] 🚀 Initializing browser with anti-detection...
[2025-11-21T12:25:21.398Z] ✅ Browser initialized with stealth mode
[2025-11-21T12:25:21.398Z] 🔍 Processing polearms item 40080 (1214/101)
[2025-11-21T12:25:25.409Z] ✅ Collected HTML for item 40080
[2025-11-21T12:25:27.412Z] 🔄 Restarting browser for fresh session...
[2025-11-21T12:25:27.511Z] 🔒 Browser closed
[2025-11-21T12:25:27.511Z] 🚀 Initializing browser with anti-detection...
[2025-11-21T12:25:27.829Z] ✅ Browser initialized with stealth mode
[2025-11-21T12:25:27.829Z] 🔍 Processing polearms item 50429 (1215/101)
[2025-11-21T12:25:31.826Z] ✅ Collected HTML for item 50429
[2025-11-21T12:25:33.829Z] 🔄 Restarting browser for fresh session...
[2025-11-21T12:25:33.912Z] 🔒 Browser closed
[2025-11-21T12:25:33.912Z] 🚀 Initializing browser with anti-detection...
[2025-11-21T12:25:34.234Z] ✅ Browser initialized with stealth mode
[2025-11-21T12:25:34.234Z] 🔍 Processing polearms item 51790 (1216/101)
[2025-11-21T12:25:38.075Z] ✅ Collected HTML for item 51790
[2025-11-21T12:25:40.079Z] 🔄 Restarting browser for fresh session...
[2025-11-21T12:25:40.181Z] 🔒 Browser closed
[2025-11-21T12:25:40.181Z] 🚀 Initializing browser with anti-detection...
[2025-11-21T12:25:40.493Z] ✅ Browser initialized with stealth mode
[2025-11-21T12:25:40.493Z] 🔍 Processing polearms item 58037 (1217/101)
[2025-11-21T12:25:44.498Z] ✅ Collected HTML for item 58037
[2025-11-21T12:25:46.501Z] 🔄 Restarting browser for fresh session...
[2025-11-21T12:25:46.599Z] 🔒 Browser closed
[2025-11-21T12:25:46.600Z] 🚀 Initializing browser with anti-detection...
[2025-11-21T12:25:46.901Z] ✅ Browser initialized with stealth mode
[2025-11-21T12:25:46.901Z] 🔍 Processing polearms item 58098 (1218/101)
[2025-11-21T12:25:50.894Z] ✅ Collected HTML for item 58098
[2025-11-21T12:25:52.896Z] 🔄 Restarting browser for fresh session...
[2025-11-21T12:25:52.995Z] 🔒 Browser closed
[2025-11-21T12:25:52.995Z] 🚀 Initializing browser with anti-detection...
[2025-11-21T12:25:53.282Z] ✅ Browser initialized with stealth mode
[2025-11-21T12:25:53.282Z] 🔍 Processing polearms item 58263 (1219/101)
[2025-11-21T12:25:57.270Z] ✅ Collected HTML for item 58263
[2025-11-21T12:25:59.271Z] 🔄 Restarting browser for fresh session...
[2025-11-21T12:25:59.363Z] 🔒 Browser closed
[2025-11-21T12:25:59.363Z] 🚀 Initializing browser with anti-detection...
[2025-11-21T12:25:59.659Z] ✅ Browser initialized with stealth mode
[2025-11-21T12:25:59.659Z] 🔍 Processing polearms item 60138 (1220/101)
[2025-11-21T12:26:03.521Z] ✅ Collected HTML for item 60138
[2025-11-21T12:26:05.524Z] 🔄 Restarting browser for fresh session...
[2025-11-21T12:26:05.614Z] 🔒 Browser closed
[2025-11-21T12:26:05.614Z] 🚀 Initializing browser with anti-detection...
[2025-11-21T12:26:05.966Z] ✅ Browser initialized with stealth mode
[2025-11-21T12:26:05.966Z] 🔍 Processing polearms item 60413 (1221/101)
[2025-11-21T12:26:09.953Z] ✅ Collected HTML for item 60413
[2025-11-21T12:26:11.955Z] 🔄 Restarting browser for fresh session...
[2025-11-21T12:26:12.091Z] 🔒 Browser closed
[2025-11-21T12:26:12.091Z] 🚀 Initializing browser with anti-detection...
[2025-11-21T12:26:12.398Z] ✅ Browser initialized with stealth mode
[2025-11-21T12:26:12.398Z] 🔍 Processing polearms item 60475 (1222/101)
[2025-11-21T12:26:16.389Z] ✅ Collected HTML for item 60475
[2025-11-21T12:26:18.391Z] 🔄 Restarting browser for fresh session...
[2025-11-21T12:26:18.492Z] 🔒 Browser closed
[2025-11-21T12:26:18.492Z] 🚀 Initializing browser with anti-detection...
[2025-11-21T12:26:18.771Z] ✅ Browser initialized with stealth mode
[2025-11-21T12:26:18.771Z] 🔍 Processing polearms item 60656 (1223/101)
[2025-11-21T12:26:22.645Z] ✅ Collected HTML for item 60656
[2025-11-21T12:26:24.647Z] 🔄 Restarting browser for fresh session...
[2025-11-21T12:26:24.779Z] 🔒 Browser closed
[2025-11-21T12:26:24.780Z] 🚀 Initializing browser with anti-detection...
[2025-11-21T12:26:25.076Z] ✅ Browser initialized with stealth mode
[2025-11-21T12:26:25.076Z] 🔍 Processing polearms item 61154 (1224/101)
[2025-11-21T12:26:29.082Z] ✅ Collected HTML for item 61154
[2025-11-21T12:26:31.084Z] 🔄 Restarting browser for fresh session...
[2025-11-21T12:26:31.190Z] 🔒 Browser closed
[2025-11-21T12:26:31.190Z] 🚀 Initializing browser with anti-detection...
[2025-11-21T12:26:31.483Z] ✅ Browser initialized with stealth mode
[2025-11-21T12:26:31.483Z] 🔍 Processing polearms item 61595 (1225/101)
[2025-11-21T12:26:35.493Z] ✅ Collected HTML for item 61595
[2025-11-21T12:26:37.495Z] 🔄 Restarting browser for fresh session...
[2025-11-21T12:26:37.592Z] 🔒 Browser closed
[2025-11-21T12:26:37.593Z] 🚀 Initializing browser with anti-detection...
[2025-11-21T12:26:37.893Z] ✅ Browser initialized with stealth mode
[2025-11-21T12:26:37.893Z] 🔍 Processing polearms item 61610 (1226/101)
[2025-11-21T12:26:41.882Z] ✅ Collected HTML for item 61610
[2025-11-21T12:26:43.883Z] 🔄 Restarting browser for fresh session...
[2025-11-21T12:26:43.987Z] 🔒 Browser closed
[2025-11-21T12:26:43.987Z] 🚀 Initializing browser with anti-detection...
[2025-11-21T12:26:44.290Z] ✅ Browser initialized with stealth mode
[2025-11-21T12:26:44.290Z] 🔍 Processing polearms item 61621 (1227/101)
[2025-11-21T12:26:48.302Z] ✅ Collected HTML for item 61621
[2025-11-21T12:26:50.304Z] 🔄 Restarting browser for fresh session...
[2025-11-21T12:26:50.408Z] 🔒 Browser closed
[2025-11-21T12:26:50.408Z] 🚀 Initializing browser with anti-detection...
[2025-11-21T12:26:50.747Z] ✅ Browser initialized with stealth mode
[2025-11-21T12:26:50.747Z] 🔍 Processing polearms item 80705 (1228/101)
[2025-11-21T12:26:54.599Z] ✅ Collected HTML for item 80705
[2025-11-21T12:26:56.602Z] 🔄 Restarting browser for fresh session...
[2025-11-21T12:26:56.719Z] 🔒 Browser closed
[2025-11-21T12:26:56.719Z] 🚀 Initializing browser with anti-detection...
[2025-11-21T12:26:57.029Z] ✅ Browser initialized with stealth mode
[2025-11-21T12:26:57.029Z] 🔍 Processing polearms item 80728 (1229/101)
[2025-11-21T12:27:00.886Z] ✅ Collected HTML for item 80728
[2025-11-21T12:27:02.888Z] 🔄 Restarting browser for fresh session...
[2025-11-21T12:27:02.979Z] 🔒 Browser closed
[2025-11-21T12:27:02.979Z] 🚀 Initializing browser with anti-detection...
[2025-11-21T12:27:03.273Z] ✅ Browser initialized with stealth mode
[2025-11-21T12:27:03.274Z] 🔍 Processing polearms item 80813 (1230/101)
[2025-11-21T12:27:07.290Z] ✅ Collected HTML for item 80813
[2025-11-21T12:27:09.292Z] 🔄 Restarting browser for fresh session...
[2025-11-21T12:27:09.375Z] 🔒 Browser closed
[2025-11-21T12:27:09.375Z] 🚀 Initializing browser with anti-detection...
[2025-11-21T12:27:09.648Z] ✅ Browser initialized with stealth mode
[2025-11-21T12:27:09.648Z] 🔍 Processing polearms item 80814 (1231/101)
[2025-11-21T12:27:13.654Z] ✅ Collected HTML for item 80814
[2025-11-21T12:27:15.658Z] ✅ polearms HTML collection complete!
[2025-11-21T12:27:15.658Z] 📊 Successfully processed: 1231
[2025-11-21T12:27:15.659Z] ❌ Failed: 1
[2025-11-21T12:27:18.662Z] 📁 Loaded 340 IDs from turtle_db/items-2.7.json
[2025-11-21T12:27:18.662Z] 
🎯 Processing 1h-swords (2.7)
[2025-11-21T12:27:18.663Z] 📊 Total IDs to process: 340
[2025-11-21T12:27:18.665Z] 📦 Already collected: 1230
[2025-11-21T12:27:18.666Z] ⏳ Remaining to process: 340
[2025-11-21T12:27:18.666Z] 🔍 Processing 1h-swords item 809 (1231/340)
[2025-11-21T12:27:23.377Z] ⏳ Cloudflare protection detected for item 809, waiting...
[2025-11-21T12:27:33.382Z] ⚠️ No main-contents found for item 809
[2025-11-21T12:27:35.386Z] 🔄 Restarting browser for fresh session...
[2025-11-21T12:27:35.496Z] 🔒 Browser closed
[2025-11-21T12:27:35.496Z] 🚀 Initializing browser with anti-detection...
[2025-11-21T12:27:35.793Z] ✅ Browser initialized with stealth mode
[2025-11-21T12:27:35.793Z] 🔍 Processing 1h-swords item 869 (1232/340)
[2025-11-21T12:27:39.674Z] ✅ Collected HTML for item 869
[2025-11-21T12:27:41.677Z] 🔄 Restarting browser for fresh session...
[2025-11-21T12:27:41.780Z] 🔒 Browser closed
[2025-11-21T12:27:41.781Z] 🚀 Initializing browser with anti-detection...
[2025-11-21T12:27:42.065Z] ✅ Browser initialized with stealth mode
[2025-11-21T12:27:42.066Z] 🔍 Processing 1h-swords item 1728 (1233/340)
[2025-11-21T12:27:45.939Z] ✅ Collected HTML for item 1728
[2025-11-21T12:27:47.940Z] 🔄 Restarting browser for fresh session...
[2025-11-21T12:27:48.042Z] 🔒 Browser closed
[2025-11-21T12:27:48.042Z] 🚀 Initializing browser with anti-detection...
[2025-11-21T12:27:48.326Z] ✅ Browser initialized with stealth mode
[2025-11-21T12:27:48.326Z] 🔍 Processing 1h-swords item 2244 (1234/340)
[2025-11-21T12:27:52.325Z] ✅ Collected HTML for item 2244
[2025-11-21T12:27:54.327Z] 🔄 Restarting browser for fresh session...
[2025-11-21T12:27:54.415Z] 🔒 Browser closed
[2025-11-21T12:27:54.415Z] 🚀 Initializing browser with anti-detection...
[2025-11-21T12:27:54.717Z] ✅ Browser initialized with stealth mode
[2025-11-21T12:27:54.718Z] 🔍 Processing 1h-swords item 9392 (1235/340)
[2025-11-21T12:27:58.567Z] ✅ Collected HTML for item 9392
[2025-11-21T12:28:00.568Z] 🔄 Restarting browser for fresh session...
[2025-11-21T12:28:00.672Z] 🔒 Browser closed
[2025-11-21T12:28:00.673Z] 🚀 Initializing browser with anti-detection...
[2025-11-21T12:28:00.962Z] ✅ Browser initialized with stealth mode
[2025-11-21T12:28:00.963Z] 🔍 Processing 1h-swords item 10847 (1236/340)
[2025-11-21T12:28:04.953Z] ✅ Collected HTML for item 10847
[2025-11-21T12:28:06.954Z] 🔄 Restarting browser for fresh session...
[2025-11-21T12:28:07.053Z] 🔒 Browser closed
[2025-11-21T12:28:07.053Z] 🚀 Initializing browser with anti-detection...
[2025-11-21T12:28:07.351Z] ✅ Browser initialized with stealth mode
[2025-11-21T12:28:07.351Z] 🔍 Processing 1h-swords item 12584 (1237/340)
[2025-11-21T12:28:11.373Z] ✅ Collected HTML for item 12584
[2025-11-21T12:28:13.375Z] 🔄 Restarting browser for fresh session...
[2025-11-21T12:28:13.499Z] 🔒 Browser closed
[2025-11-21T12:28:13.500Z] 🚀 Initializing browser with anti-detection...
[2025-11-21T12:28:13.797Z] ✅ Browser initialized with stealth mode
[2025-11-21T12:28:13.797Z] 🔍 Processing 1h-swords item 16345 (1238/340)
[2025-11-21T12:28:17.663Z] ✅ Collected HTML for item 16345
[2025-11-21T12:28:19.665Z] 🔄 Restarting browser for fresh session...
[2025-11-21T12:28:19.773Z] 🔒 Browser closed
[2025-11-21T12:28:19.773Z] 🚀 Initializing browser with anti-detection...
[2025-11-21T12:28:20.079Z] ✅ Browser initialized with stealth mode
[2025-11-21T12:28:20.079Z] 🔍 Processing 1h-swords item 17015 (1239/340)
[2025-11-21T12:28:24.078Z] ✅ Collected HTML for item 17015
[2025-11-21T12:28:26.080Z] 🔄 Restarting browser for fresh session...
[2025-11-21T12:28:26.211Z] 🔒 Browser closed
[2025-11-21T12:28:26.211Z] 🚀 Initializing browser with anti-detection...
[2025-11-21T12:28:26.537Z] ✅ Browser initialized with stealth mode
[2025-11-21T12:28:26.537Z] 🔍 Processing 1h-swords item 17075 (1240/340)
[2025-11-21T12:28:30.537Z] ✅ Collected HTML for item 17075
[2025-11-21T12:28:32.539Z] 🔄 Restarting browser for fresh session...
[2025-11-21T12:28:32.655Z] 🔒 Browser closed
[2025-11-21T12:28:32.655Z] 🚀 Initializing browser with anti-detection...
[2025-11-21T12:28:32.979Z] ✅ Browser initialized with stealth mode
[2025-11-21T12:28:32.980Z] 🔍 Processing 1h-swords item 17103 (1241/340)
[2025-11-21T12:28:37.002Z] ✅ Collected HTML for item 17103
[2025-11-21T12:28:39.004Z] 🔄 Restarting browser for fresh session...
[2025-11-21T12:28:39.093Z] 🔒 Browser closed
[2025-11-21T12:28:39.093Z] 🚀 Initializing browser with anti-detection...
[2025-11-21T12:28:39.403Z] ✅ Browser initialized with stealth mode
[2025-11-21T12:28:39.403Z] 🔍 Processing 1h-swords item 18348 (1242/340)
[2025-11-21T12:28:43.403Z] ✅ Collected HTML for item 18348
[2025-11-21T12:28:45.405Z] 🔄 Restarting browser for fresh session...
[2025-11-21T12:28:45.497Z] 🔒 Browser closed
[2025-11-21T12:28:45.497Z] 🚀 Initializing browser with anti-detection...
[2025-11-21T12:28:45.791Z] ✅ Browser initialized with stealth mode
[2025-11-21T12:28:45.791Z] 🔍 Processing 1h-swords item 18582 (1243/340)
[2025-11-21T12:28:49.651Z] ✅ Collected HTML for item 18582
[2025-11-21T12:28:51.653Z] 🔄 Restarting browser for fresh session...
[2025-11-21T12:28:51.762Z] 🔒 Browser closed
[2025-11-21T12:28:51.762Z] 🚀 Initializing browser with anti-detection...
[2025-11-21T12:28:52.072Z] ✅ Browser initialized with stealth mode
[2025-11-21T12:28:52.072Z] 🔍 Processing 1h-swords item 18583 (1244/340)
[2025-11-21T12:28:55.918Z] ✅ Collected HTML for item 18583
[2025-11-21T12:28:57.920Z] 🔄 Restarting browser for fresh session...
[2025-11-21T12:28:58.018Z] 🔒 Browser closed
[2025-11-21T12:28:58.018Z] 🚀 Initializing browser with anti-detection...
[2025-11-21T12:28:58.309Z] ✅ Browser initialized with stealth mode
[2025-11-21T12:28:58.309Z] 🔍 Processing 1h-swords item 18584 (1245/340)
[2025-11-21T12:29:02.339Z] ✅ Collected HTML for item 18584
[2025-11-21T12:29:04.340Z] 🔄 Restarting browser for fresh session...
[2025-11-21T12:29:04.437Z] 🔒 Browser closed
[2025-11-21T12:29:04.437Z] 🚀 Initializing browser with anti-detection...
[2025-11-21T12:29:04.746Z] ✅ Browser initialized with stealth mode
[2025-11-21T12:29:04.746Z] 🔍 Processing 1h-swords item 18832 (1246/340)
[2025-11-21T12:29:08.765Z] ✅ Collected HTML for item 18832
[2025-11-21T12:29:10.767Z] 🔄 Restarting browser for fresh session...
[2025-11-21T12:29:10.887Z] 🔒 Browser closed
[2025-11-21T12:29:10.887Z] 🚀 Initializing browser with anti-detection...
[2025-11-21T12:29:11.201Z] ✅ Browser initialized with stealth mode
[2025-11-21T12:29:11.202Z] 🔍 Processing 1h-swords item 19019 (1247/340)
[2025-11-21T12:29:15.065Z] ✅ Collected HTML for item 19019
[2025-11-21T12:29:17.067Z] 🔄 Restarting browser for fresh session...
[2025-11-21T12:29:17.156Z] 🔒 Browser closed
[2025-11-21T12:29:17.156Z] 🚀 Initializing browser with anti-detection...
[2025-11-21T12:29:17.469Z] ✅ Browser initialized with stealth mode
[2025-11-21T12:29:17.470Z] 🔍 Processing 1h-swords item 19168 (1248/340)
[2025-11-21T12:29:21.467Z] ✅ Collected HTML for item 19168
[2025-11-21T12:29:23.470Z] 🔄 Restarting browser for fresh session...
[2025-11-21T12:29:23.564Z] 🔒 Browser closed
[2025-11-21T12:29:23.564Z] 🚀 Initializing browser with anti-detection...
[2025-11-21T12:29:23.848Z] ✅ Browser initialized with stealth mode
[2025-11-21T12:29:23.848Z] 🔍 Processing 1h-swords item 19351 (1249/340)
[2025-11-21T12:29:27.839Z] ✅ Collected HTML for item 19351
[2025-11-21T12:29:29.841Z] 🔄 Restarting browser for fresh session...
[2025-11-21T12:29:29.947Z] 🔒 Browser closed
[2025-11-21T12:29:29.948Z] 🚀 Initializing browser with anti-detection...
[2025-11-21T12:29:30.254Z] ✅ Browser initialized with stealth mode
[2025-11-21T12:29:30.254Z] 🔍 Processing 1h-swords item 19352 (1250/340)
[2025-11-21T12:29:34.247Z] ✅ Collected HTML for item 19352
[2025-11-21T12:29:36.249Z] 🔄 Restarting browser for fresh session...
[2025-11-21T12:29:36.351Z] 🔒 Browser closed
[2025-11-21T12:29:36.352Z] 🚀 Initializing browser with anti-detection...
[2025-11-21T12:29:36.640Z] ✅ Browser initialized with stealth mode
[2025-11-21T12:29:36.640Z] 🔍 Processing 1h-swords item 19864 (1251/340)
[2025-11-21T12:29:40.636Z] ✅ Collected HTML for item 19864
[2025-11-21T12:29:42.638Z] 🔄 Restarting browser for fresh session...
[2025-11-21T12:29:42.764Z] 🔒 Browser closed
[2025-11-21T12:29:42.764Z] 🚀 Initializing browser with anti-detection...
[2025-11-21T12:29:43.063Z] ✅ Browser initialized with stealth mode
[2025-11-21T12:29:43.063Z] 🔍 Processing 1h-swords item 19865 (1252/340)
[2025-11-21T12:29:47.066Z] ✅ Collected HTML for item 19865
[2025-11-21T12:29:49.068Z] 🔄 Restarting browser for fresh session...
[2025-11-21T12:29:49.170Z] 🔒 Browser closed
[2025-11-21T12:29:49.170Z] 🚀 Initializing browser with anti-detection...
[2025-11-21T12:29:49.482Z] ✅ Browser initialized with stealth mode
[2025-11-21T12:29:49.482Z] 🔍 Processing 1h-swords item 19866 (1253/340)
[2025-11-21T12:29:53.479Z] ✅ Collected HTML for item 19866
[2025-11-21T12:29:55.481Z] 🔄 Restarting browser for fresh session...
[2025-11-21T12:29:55.561Z] 🔒 Browser closed
[2025-11-21T12:29:55.561Z] 🚀 Initializing browser with anti-detection...
[2025-11-21T12:29:55.856Z] ✅ Browser initialized with stealth mode
[2025-11-21T12:29:55.856Z] 🔍 Processing 1h-swords item 19867 (1254/340)
[2025-11-21T12:29:59.710Z] ✅ Collected HTML for item 19867
[2025-11-21T12:30:01.711Z] 🔄 Restarting browser for fresh session...
[2025-11-21T12:30:01.820Z] 🔒 Browser closed
[2025-11-21T12:30:01.820Z] 🚀 Initializing browser with anti-detection...
[2025-11-21T12:30:02.130Z] ✅ Browser initialized with stealth mode
[2025-11-21T12:30:02.130Z] 🔍 Processing 1h-swords item 20577 (1255/340)
[2025-11-21T12:30:06.143Z] ✅ Collected HTML for item 20577
[2025-11-21T12:30:08.146Z] 🔄 Restarting browser for fresh session...
[2025-11-21T12:30:08.234Z] 🔒 Browser closed
[2025-11-21T12:30:08.235Z] 🚀 Initializing browser with anti-detection...
[2025-11-21T12:30:08.513Z] ✅ Browser initialized with stealth mode
[2025-11-21T12:30:08.513Z] 🔍 Processing 1h-swords item 20698 (1256/340)
[2025-11-21T12:30:12.384Z] ✅ Collected HTML for item 20698
[2025-11-21T12:30:14.385Z] 🔄 Restarting browser for fresh session...
[2025-11-21T12:30:14.497Z] 🔒 Browser closed
[2025-11-21T12:30:14.498Z] 🚀 Initializing browser with anti-detection...
[2025-11-21T12:30:14.783Z] ✅ Browser initialized with stealth mode
[2025-11-21T12:30:14.783Z] 🔍 Processing 1h-swords item 21395 (1257/340)
[2025-11-21T12:30:18.650Z] ✅ Collected HTML for item 21395
[2025-11-21T12:30:20.652Z] 🔄 Restarting browser for fresh session...
[2025-11-21T12:30:20.759Z] 🔒 Browser closed
[2025-11-21T12:30:20.759Z] 🚀 Initializing browser with anti-detection...
[2025-11-21T12:30:21.061Z] ✅ Browser initialized with stealth mode
[2025-11-21T12:30:21.061Z] 🔍 Processing 1h-swords item 21413 (1258/340)
[2025-11-21T12:30:24.914Z] ✅ Collected HTML for item 21413
[2025-11-21T12:30:26.917Z] 🔄 Restarting browser for fresh session...
[2025-11-21T12:30:27.019Z] 🔒 Browser closed
[2025-11-21T12:30:27.019Z] 🚀 Initializing browser with anti-detection...
[2025-11-21T12:30:27.301Z] ✅ Browser initialized with stealth mode
[2025-11-21T12:30:27.302Z] 🔍 Processing 1h-swords item 21520 (1259/340)
[2025-11-21T12:30:31.327Z] ✅ Collected HTML for item 21520
[2025-11-21T12:30:33.329Z] 🔄 Restarting browser for fresh session...
[2025-11-21T12:30:33.429Z] 🔒 Browser closed
[2025-11-21T12:30:33.429Z] 🚀 Initializing browser with anti-detection...
[2025-11-21T12:30:33.718Z] ✅ Browser initialized with stealth mode
[2025-11-21T12:30:33.719Z] 🔍 Processing 1h-swords item 21521 (1260/340)
[2025-11-21T12:30:37.597Z] ✅ Collected HTML for item 21521
[2025-11-21T12:30:39.599Z] 🔄 Restarting browser for fresh session...
[2025-11-21T12:30:39.700Z] 🔒 Browser closed
[2025-11-21T12:30:39.700Z] 🚀 Initializing browser with anti-detection...
[2025-11-21T12:30:39.978Z] ✅ Browser initialized with stealth mode
[2025-11-21T12:30:39.978Z] 🔍 Processing 1h-swords item 21622 (1261/340)
[2025-11-21T12:30:43.850Z] ✅ Collected HTML for item 21622
[2025-11-21T12:30:45.853Z] 🔄 Restarting browser for fresh session...
[2025-11-21T12:30:45.962Z] 🔒 Browser closed
[2025-11-21T12:30:45.963Z] 🚀 Initializing browser with anti-detection...
[2025-11-21T12:30:46.243Z] ✅ Browser initialized with stealth mode
[2025-11-21T12:30:46.243Z] 🔍 Processing 1h-swords item 21650 (1262/340)
[2025-11-21T12:30:50.118Z] ✅ Collected HTML for item 21650
[2025-11-21T12:30:52.119Z] 🔄 Restarting browser for fresh session...
[2025-11-21T12:30:52.243Z] 🔒 Browser closed
[2025-11-21T12:30:52.243Z] 🚀 Initializing browser with anti-detection...
[2025-11-21T12:30:52.553Z] ✅ Browser initialized with stealth mode
[2025-11-21T12:30:52.554Z] 🔍 Processing 1h-swords item 22383 (1263/340)
[2025-11-21T12:30:56.409Z] ✅ Collected HTML for item 22383
[2025-11-21T12:30:58.411Z] 🔄 Restarting browser for fresh session...
[2025-11-21T12:30:58.527Z] 🔒 Browser closed
[2025-11-21T12:30:58.527Z] 🚀 Initializing browser with anti-detection...
[2025-11-21T12:30:58.828Z] ✅ Browser initialized with stealth mode
[2025-11-21T12:30:58.828Z] 🔍 Processing 1h-swords item 22736 (1264/340)
[2025-11-21T12:31:02.830Z] ✅ Collected HTML for item 22736
[2025-11-21T12:31:04.832Z] 🔄 Restarting browser for fresh session...
[2025-11-21T12:31:04.931Z] 🔒 Browser closed
[2025-11-21T12:31:04.931Z] 🚀 Initializing browser with anti-detection...
[2025-11-21T12:31:05.212Z] ✅ Browser initialized with stealth mode
[2025-11-21T12:31:05.213Z] 🔍 Processing 1h-swords item 22806 (1265/340)
[2025-11-21T12:31:09.087Z] ✅ Collected HTML for item 22806
[2025-11-21T12:31:11.089Z] 🔄 Restarting browser for fresh session...
[2025-11-21T12:31:11.187Z] 🔒 Browser closed
[2025-11-21T12:31:11.187Z] 🚀 Initializing browser with anti-detection...
[2025-11-21T12:31:11.497Z] ✅ Browser initialized with stealth mode
[2025-11-21T12:31:11.497Z] 🔍 Processing 1h-swords item 22807 (1266/340)
[2025-11-21T12:31:15.488Z] ✅ Collected HTML for item 22807
[2025-11-21T12:31:17.490Z] 🔄 Restarting browser for fresh session...
[2025-11-21T12:31:17.570Z] 🔒 Browser closed
[2025-11-21T12:31:17.571Z] 🚀 Initializing browser with anti-detection...
[2025-11-21T12:31:17.883Z] ✅ Browser initialized with stealth mode
[2025-11-21T12:31:17.884Z] 🔍 Processing 1h-swords item 23014 (1267/340)
[2025-11-21T12:31:21.730Z] ✅ Collected HTML for item 23014
[2025-11-21T12:31:23.733Z] 🔄 Restarting browser for fresh session...
[2025-11-21T12:31:23.827Z] 🔒 Browser closed
[2025-11-21T12:31:23.827Z] 🚀 Initializing browser with anti-detection...
[2025-11-21T12:31:24.107Z] ✅ Browser initialized with stealth mode
[2025-11-21T12:31:24.107Z] 🔍 Processing 1h-swords item 23054 (1268/340)
[2025-11-21T12:31:28.375Z] ✅ Collected HTML for item 23054
[2025-11-21T12:31:30.377Z] 🔄 Restarting browser for fresh session...
[2025-11-21T12:31:30.476Z] 🔒 Browser closed
[2025-11-21T12:31:30.476Z] 🚀 Initializing browser with anti-detection...
[2025-11-21T12:31:30.752Z] ✅ Browser initialized with stealth mode
[2025-11-21T12:31:30.753Z] 🔍 Processing 1h-swords item 23456 (1269/340)
[2025-11-21T12:31:34.622Z] ✅ Collected HTML for item 23456
[2025-11-21T12:31:36.623Z] 🔄 Restarting browser for fresh session...
[2025-11-21T12:31:36.722Z] 🔒 Browser closed
[2025-11-21T12:31:36.722Z] 🚀 Initializing browser with anti-detection...
[2025-11-21T12:31:36.999Z] ✅ Browser initialized with stealth mode
[2025-11-21T12:31:36.999Z] 🔍 Processing 1h-swords item 23467 (1270/340)
[2025-11-21T12:31:40.990Z] ✅ Collected HTML for item 23467
[2025-11-21T12:31:42.992Z] 🔄 Restarting browser for fresh session...
[2025-11-21T12:31:43.087Z] 🔒 Browser closed
[2025-11-21T12:31:43.087Z] 🚀 Initializing browser with anti-detection...
[2025-11-21T12:31:43.364Z] ✅ Browser initialized with stealth mode
[2025-11-21T12:31:43.365Z] 🔍 Processing 1h-swords item 23577 (1271/340)
[2025-11-21T12:31:48.327Z] ✅ Collected HTML for item 23577
[2025-11-21T12:31:50.329Z] 🔄 Restarting browser for fresh session...
[2025-11-21T12:31:50.411Z] 🔒 Browser closed
[2025-11-21T12:31:50.411Z] 🚀 Initializing browser with anti-detection...
[2025-11-21T12:31:50.706Z] ✅ Browser initialized with stealth mode
[2025-11-21T12:31:50.706Z] 🔍 Processing 1h-swords item 55030 (1272/340)
[2025-11-21T12:31:54.697Z] ✅ Collected HTML for item 55030
[2025-11-21T12:31:56.699Z] 🔄 Restarting browser for fresh session...
[2025-11-21T12:31:56.804Z] 🔒 Browser closed
[2025-11-21T12:31:56.804Z] 🚀 Initializing browser with anti-detection...
[2025-11-21T12:31:57.115Z] ✅ Browser initialized with stealth mode
[2025-11-21T12:31:57.115Z] 🔍 Processing 1h-swords item 55129 (1273/340)
[2025-11-21T12:32:00.973Z] ✅ Collected HTML for item 55129
[2025-11-21T12:32:02.975Z] 🔄 Restarting browser for fresh session...
[2025-11-21T12:32:03.097Z] 🔒 Browser closed
[2025-11-21T12:32:03.097Z] 🚀 Initializing browser with anti-detection...
[2025-11-21T12:32:03.400Z] ✅ Browser initialized with stealth mode
[2025-11-21T12:32:03.400Z] 🔍 Processing 1h-swords item 61006 (1274/340)
[2025-11-21T12:32:07.390Z] ✅ Collected HTML for item 61006
[2025-11-21T12:32:09.391Z] 🔄 Restarting browser for fresh session...
[2025-11-21T12:32:09.513Z] 🔒 Browser closed
[2025-11-21T12:32:09.513Z] 🚀 Initializing browser with anti-detection...
[2025-11-21T12:32:09.809Z] ✅ Browser initialized with stealth mode
[2025-11-21T12:32:09.809Z] 🔍 Processing 1h-swords item 61453 (1275/340)
[2025-11-21T12:32:13.672Z] ✅ Collected HTML for item 61453
[2025-11-21T12:32:15.674Z] 🔄 Restarting browser for fresh session...
[2025-11-21T12:32:15.768Z] 🔒 Browser closed
[2025-11-21T12:32:15.768Z] 🚀 Initializing browser with anti-detection...
[2025-11-21T12:32:16.084Z] ✅ Browser initialized with stealth mode
[2025-11-21T12:32:16.084Z] 🔍 Processing 1h-swords item 61523 (1276/340)
[2025-11-21T12:32:20.073Z] ✅ Collected HTML for item 61523
[2025-11-21T12:32:22.075Z] 🔄 Restarting browser for fresh session...
[2025-11-21T12:32:22.169Z] 🔒 Browser closed
[2025-11-21T12:32:22.169Z] 🚀 Initializing browser with anti-detection...
[2025-11-21T12:32:22.465Z] ✅ Browser initialized with stealth mode
[2025-11-21T12:32:22.465Z] 🔍 Processing 1h-swords item 65008 (1277/340)
[2025-11-21T12:32:26.459Z] ✅ Collected HTML for item 65008
[2025-11-21T12:32:28.461Z] 🔄 Restarting browser for fresh session...
[2025-11-21T12:32:28.562Z] 🔒 Browser closed
[2025-11-21T12:32:28.562Z] 🚀 Initializing browser with anti-detection...
[2025-11-21T12:32:28.862Z] ✅ Browser initialized with stealth mode
[2025-11-21T12:32:28.862Z] 🔍 Processing 1h-swords item 83269 (1278/340)
[2025-11-21T12:32:32.856Z] ✅ Collected HTML for item 83269
[2025-11-21T12:32:34.858Z] 🔄 Restarting browser for fresh session...
[2025-11-21T12:32:34.959Z] 🔒 Browser closed
[2025-11-21T12:32:34.960Z] 🚀 Initializing browser with anti-detection...
[2025-11-21T12:32:35.238Z] ✅ Browser initialized with stealth mode
[2025-11-21T12:32:35.239Z] 🔍 Processing 1h-swords item 83487 (1279/340)
[2025-11-21T12:32:39.232Z] ✅ Collected HTML for item 83487
[2025-11-21T12:32:41.235Z] 🔄 Restarting browser for fresh session...
[2025-11-21T12:32:41.327Z] 🔒 Browser closed
[2025-11-21T12:32:41.327Z] 🚀 Initializing browser with anti-detection...
[2025-11-21T12:32:41.624Z] ✅ Browser initialized with stealth mode
[2025-11-21T12:32:41.624Z] 🔍 Processing 1h-swords item 83564 (1280/340)
[2025-11-21T12:32:45.492Z] ✅ Collected HTML for item 83564
[2025-11-21T12:32:47.494Z] 🔄 Restarting browser for fresh session...
[2025-11-21T12:32:47.600Z] 🔒 Browser closed
[2025-11-21T12:32:47.600Z] 🚀 Initializing browser with anti-detection...
[2025-11-21T12:32:47.898Z] ✅ Browser initialized with stealth mode
[2025-11-21T12:32:47.898Z] 🔍 Processing 1h-swords item 1493 (1281/340)
[2025-11-21T12:32:51.756Z] ✅ Collected HTML for item 1493
[2025-11-21T12:32:53.758Z] 🔄 Restarting browser for fresh session...
[2025-11-21T12:32:53.853Z] 🔒 Browser closed
[2025-11-21T12:32:53.853Z] 🚀 Initializing browser with anti-detection...
[2025-11-21T12:32:54.140Z] ✅ Browser initialized with stealth mode
[2025-11-21T12:32:54.140Z] 🔍 Processing 1h-swords item 5191 (1282/340)
[2025-11-21T12:32:58.132Z] ✅ Collected HTML for item 5191
[2025-11-21T12:33:00.134Z] 🔄 Restarting browser for fresh session...
[2025-11-21T12:33:00.225Z] 🔒 Browser closed
[2025-11-21T12:33:00.225Z] 🚀 Initializing browser with anti-detection...
[2025-11-21T12:33:00.533Z] ✅ Browser initialized with stealth mode
[2025-11-21T12:33:00.533Z] 🔍 Processing 1h-swords item 8190 (1283/340)
[2025-11-21T12:33:04.539Z] ✅ Collected HTML for item 8190
[2025-11-21T12:33:06.541Z] 🔄 Restarting browser for fresh session...
[2025-11-21T12:33:06.656Z] 🔒 Browser closed
[2025-11-21T12:33:06.656Z] 🚀 Initializing browser with anti-detection...
[2025-11-21T12:33:06.983Z] ✅ Browser initialized with stealth mode
[2025-11-21T12:33:06.983Z] 🔍 Processing 1h-swords item 8223 (1284/340)
[2025-11-21T12:33:10.981Z] ✅ Collected HTML for item 8223
[2025-11-21T12:33:12.984Z] 🔄 Restarting browser for fresh session...
[2025-11-21T12:33:13.079Z] 🔒 Browser closed
[2025-11-21T12:33:13.079Z] 🚀 Initializing browser with anti-detection...
[2025-11-21T12:33:13.367Z] ✅ Browser initialized with stealth mode
[2025-11-21T12:33:13.367Z] 🔍 Processing 1h-swords item 9380 (1285/340)
[2025-11-21T12:33:17.391Z] ✅ Collected HTML for item 9380
[2025-11-21T12:33:19.393Z] 🔄 Restarting browser for fresh session...
[2025-11-21T12:33:19.489Z] 🔒 Browser closed
[2025-11-21T12:33:19.489Z] 🚀 Initializing browser with anti-detection...
[2025-11-21T12:33:19.778Z] ✅ Browser initialized with stealth mode
[2025-11-21T12:33:19.778Z] 🔍 Processing 1h-swords item 9424 (1286/340)
[2025-11-21T12:33:23.782Z] ✅ Collected HTML for item 9424
[2025-11-21T12:33:25.783Z] 🔄 Restarting browser for fresh session...
[2025-11-21T12:33:25.879Z] 🔒 Browser closed
[2025-11-21T12:33:25.879Z] 🚀 Initializing browser with anti-detection...
[2025-11-21T12:33:26.183Z] ✅ Browser initialized with stealth mode
[2025-11-21T12:33:26.183Z] 🔍 Processing 1h-swords item 9446 (1287/340)
[2025-11-21T12:33:30.038Z] ✅ Collected HTML for item 9446
[2025-11-21T12:33:32.040Z] 🔄 Restarting browser for fresh session...
[2025-11-21T12:33:32.137Z] 🔒 Browser closed
[2025-11-21T12:33:32.137Z] 🚀 Initializing browser with anti-detection...
[2025-11-21T12:33:32.430Z] ✅ Browser initialized with stealth mode
[2025-11-21T12:33:32.430Z] 🔍 Processing 1h-swords item 9511 (1288/340)
[2025-11-21T12:33:36.449Z] ✅ Collected HTML for item 9511
[2025-11-21T12:33:38.451Z] 🔄 Restarting browser for fresh session...
[2025-11-21T12:33:38.572Z] 🔒 Browser closed
[2025-11-21T12:33:38.572Z] 🚀 Initializing browser with anti-detection...
[2025-11-21T12:33:38.877Z] ✅ Browser initialized with stealth mode
[2025-11-21T12:33:38.877Z] 🔍 Processing 1h-swords item 10797 (1289/340)
[2025-11-21T12:33:42.873Z] ✅ Collected HTML for item 10797
[2025-11-21T12:33:44.875Z] 🔄 Restarting browser for fresh session...
[2025-11-21T12:33:44.972Z] 🔒 Browser closed
[2025-11-21T12:33:44.972Z] 🚀 Initializing browser with anti-detection...
[2025-11-21T12:33:45.273Z] ✅ Browser initialized with stealth mode
[2025-11-21T12:33:45.273Z] 🔍 Processing 1h-swords item 11086 (1290/340)
[2025-11-21T12:33:49.271Z] ✅ Collected HTML for item 11086
[2025-11-21T12:33:51.273Z] 🔄 Restarting browser for fresh session...
[2025-11-21T12:33:51.385Z] 🔒 Browser closed
[2025-11-21T12:33:51.385Z] 🚀 Initializing browser with anti-detection...
[2025-11-21T12:33:51.671Z] ✅ Browser initialized with stealth mode
[2025-11-21T12:33:51.671Z] 🔍 Processing 1h-swords item 11784 (1291/340)
[2025-11-21T12:33:55.672Z] ✅ Collected HTML for item 11784
[2025-11-21T12:33:57.673Z] 🔄 Restarting browser for fresh session...
[2025-11-21T12:33:57.778Z] 🔒 Browser closed
[2025-11-21T12:33:57.778Z] 🚀 Initializing browser with anti-detection...
[2025-11-21T12:33:58.082Z] ✅ Browser initialized with stealth mode
[2025-11-21T12:33:58.082Z] 🔍 Processing 1h-swords item 12535 (1292/340)
[2025-11-21T12:34:01.944Z] ✅ Collected HTML for item 12535
[2025-11-21T12:34:03.946Z] 🔄 Restarting browser for fresh session...
[2025-11-21T12:34:04.042Z] 🔒 Browser closed
[2025-11-21T12:34:04.042Z] 🚀 Initializing browser with anti-detection...
[2025-11-21T12:34:04.344Z] ✅ Browser initialized with stealth mode
[2025-11-21T12:34:04.344Z] 🔍 Processing 1h-swords item 12777 (1293/340)
[2025-11-21T12:34:08.345Z] ✅ Collected HTML for item 12777
[2025-11-21T12:34:10.347Z] 🔄 Restarting browser for fresh session...
[2025-11-21T12:34:10.426Z] 🔒 Browser closed
[2025-11-21T12:34:10.426Z] 🚀 Initializing browser with anti-detection...
[2025-11-21T12:34:10.725Z] ✅ Browser initialized with stealth mode
[2025-11-21T12:34:10.725Z] 🔍 Processing 1h-swords item 12797 (1294/340)
[2025-11-21T12:34:14.955Z] ✅ Collected HTML for item 12797
[2025-11-21T12:34:16.958Z] 🔄 Restarting browser for fresh session...
[2025-11-21T12:34:17.049Z] 🔒 Browser closed
[2025-11-21T12:34:17.050Z] 🚀 Initializing browser with anti-detection...
[2025-11-21T12:34:17.341Z] ✅ Browser initialized with stealth mode
[2025-11-21T12:34:17.341Z] 🔍 Processing 1h-swords item 12939 (1295/340)
[2025-11-21T12:34:21.341Z] ✅ Collected HTML for item 12939
[2025-11-21T12:34:23.342Z] 🔄 Restarting browser for fresh session...
[2025-11-21T12:34:23.461Z] 🔒 Browser closed
[2025-11-21T12:34:23.461Z] 🚀 Initializing browser with anti-detection...
[2025-11-21T12:34:23.743Z] ✅ Browser initialized with stealth mode
[2025-11-21T12:34:23.743Z] 🔍 Processing 1h-swords item 12940 (1296/340)
[2025-11-21T12:34:27.736Z] ✅ Collected HTML for item 12940
[2025-11-21T12:34:29.738Z] 🔄 Restarting browser for fresh session...
[2025-11-21T12:34:29.836Z] 🔒 Browser closed
[2025-11-21T12:34:29.836Z] 🚀 Initializing browser with anti-detection...
[2025-11-21T12:34:30.138Z] ✅ Browser initialized with stealth mode
[2025-11-21T12:34:30.138Z] 🔍 Processing 1h-swords item 12976 (1297/340)
[2025-11-21T12:34:34.153Z] ✅ Collected HTML for item 12976
[2025-11-21T12:34:36.154Z] 🔄 Restarting browser for fresh session...
[2025-11-21T12:34:36.259Z] 🔒 Browser closed
[2025-11-21T12:34:36.259Z] 🚀 Initializing browser with anti-detection...
[2025-11-21T12:34:36.562Z] ✅ Browser initialized with stealth mode
[2025-11-21T12:34:36.562Z] 🔍 Processing 1h-swords item 13036 (1298/340)
[2025-11-21T12:34:40.806Z] ✅ Collected HTML for item 13036
[2025-11-21T12:34:42.808Z] 🔄 Restarting browser for fresh session...
[2025-11-21T12:34:42.907Z] 🔒 Browser closed
[2025-11-21T12:34:42.907Z] 🚀 Initializing browser with anti-detection...
[2025-11-21T12:34:43.211Z] ✅ Browser initialized with stealth mode
[2025-11-21T12:34:43.212Z] 🔍 Processing 1h-swords item 13246 (1299/340)
[2025-11-21T12:34:47.203Z] ✅ Collected HTML for item 13246
[2025-11-21T12:34:49.205Z] 🔄 Restarting browser for fresh session...
[2025-11-21T12:34:49.305Z] 🔒 Browser closed
[2025-11-21T12:34:49.305Z] 🚀 Initializing browser with anti-detection...
[2025-11-21T12:34:49.609Z] ✅ Browser initialized with stealth mode
[2025-11-21T12:34:49.609Z] 🔍 Processing 1h-swords item 14576 (1300/340)
[2025-11-21T12:34:53.600Z] ✅ Collected HTML for item 14576
[2025-11-21T12:34:55.602Z] 🔄 Restarting browser for fresh session...
[2025-11-21T12:34:55.691Z] 🔒 Browser closed
[2025-11-21T12:34:55.691Z] 🚀 Initializing browser with anti-detection...
[2025-11-21T12:34:56.018Z] ✅ Browser initialized with stealth mode
[2025-11-21T12:34:56.018Z] 🔍 Processing 1h-swords item 17054 (1301/340)
[2025-11-21T12:35:00.014Z] ✅ Collected HTML for item 17054
[2025-11-21T12:35:02.017Z] 🔄 Restarting browser for fresh session...
[2025-11-21T12:35:02.120Z] 🔒 Browser closed
[2025-11-21T12:35:02.121Z] 🚀 Initializing browser with anti-detection...
[2025-11-21T12:35:02.434Z] ✅ Browser initialized with stealth mode
[2025-11-21T12:35:02.434Z] 🔍 Processing 1h-swords item 17719 (1302/340)
[2025-11-21T12:35:06.416Z] ✅ Collected HTML for item 17719
[2025-11-21T12:35:08.418Z] 🔄 Restarting browser for fresh session...
[2025-11-21T12:35:08.518Z] 🔒 Browser closed
[2025-11-21T12:35:08.518Z] 🚀 Initializing browser with anti-detection...
[2025-11-21T12:35:08.819Z] ✅ Browser initialized with stealth mode
[2025-11-21T12:35:08.819Z] 🔍 Processing 1h-swords item 18310 (1303/340)
[2025-11-21T12:35:12.820Z] ✅ Collected HTML for item 18310
[2025-11-21T12:35:14.824Z] 🔄 Restarting browser for fresh session...
[2025-11-21T12:35:14.916Z] 🔒 Browser closed
[2025-11-21T12:35:14.916Z] 🚀 Initializing browser with anti-detection...
[2025-11-21T12:35:15.231Z] ✅ Browser initialized with stealth mode
[2025-11-21T12:35:15.231Z] 🔍 Processing 1h-swords item 18484 (1304/340)
[2025-11-21T12:35:19.075Z] ✅ Collected HTML for item 18484
[2025-11-21T12:35:21.077Z] 🔄 Restarting browser for fresh session...
[2025-11-21T12:35:21.179Z] 🔒 Browser closed
[2025-11-21T12:35:21.179Z] 🚀 Initializing browser with anti-detection...
[2025-11-21T12:35:21.486Z] ✅ Browser initialized with stealth mode
[2025-11-21T12:35:21.486Z] 🔍 Processing 1h-swords item 19110 (1305/340)
[2025-11-21T12:35:25.477Z] ✅ Collected HTML for item 19110
[2025-11-21T12:35:27.478Z] 🔄 Restarting browser for fresh session...
[2025-11-21T12:35:27.570Z] 🔒 Browser closed
[2025-11-21T12:35:27.571Z] 🚀 Initializing browser with anti-detection...
[2025-11-21T12:35:27.895Z] ✅ Browser initialized with stealth mode
[2025-11-21T12:35:27.896Z] 🔍 Processing 1h-swords item 19550 (1306/340)
[2025-11-21T12:35:31.906Z] ✅ Collected HTML for item 19550
[2025-11-21T12:35:33.908Z] 🔄 Restarting browser for fresh session...
[2025-11-21T12:35:34.007Z] 🔒 Browser closed
[2025-11-21T12:35:34.007Z] 🚀 Initializing browser with anti-detection...
[2025-11-21T12:35:34.320Z] ✅ Browser initialized with stealth mode
[2025-11-21T12:35:34.320Z] 🔍 Processing 1h-swords item 19551 (1307/340)
[2025-11-21T12:35:38.314Z] ✅ Collected HTML for item 19551
[2025-11-21T12:35:40.315Z] 🔄 Restarting browser for fresh session...
[2025-11-21T12:35:40.411Z] 🔒 Browser closed
[2025-11-21T12:35:40.411Z] 🚀 Initializing browser with anti-detection...
[2025-11-21T12:35:40.734Z] ✅ Browser initialized with stealth mode
[2025-11-21T12:35:40.734Z] 🔍 Processing 1h-swords item 19552 (1308/340)
[2025-11-21T12:35:44.727Z] ✅ Collected HTML for item 19552
[2025-11-21T12:35:46.729Z] 🔄 Restarting browser for fresh session...
[2025-11-21T12:35:46.906Z] 🔒 Browser closed
[2025-11-21T12:35:46.906Z] 🚀 Initializing browser with anti-detection...
[2025-11-21T12:35:47.249Z] ✅ Browser initialized with stealth mode
[2025-11-21T12:35:47.249Z] 🔍 Processing 1h-swords item 19553 (1309/340)
[2025-11-21T12:35:51.231Z] ✅ Collected HTML for item 19553
[2025-11-21T12:35:53.234Z] 🔄 Restarting browser for fresh session...
[2025-11-21T12:35:53.334Z] 🔒 Browser closed
[2025-11-21T12:35:53.335Z] 🚀 Initializing browser with anti-detection...
[2025-11-21T12:35:53.650Z] ✅ Browser initialized with stealth mode
[2025-11-21T12:35:53.650Z] 🔍 Processing 1h-swords item 19968 (1310/340)
[2025-11-21T12:35:57.646Z] ✅ Collected HTML for item 19968
[2025-11-21T12:35:59.647Z] 🔄 Restarting browser for fresh session...
[2025-11-21T12:35:59.761Z] 🔒 Browser closed
[2025-11-21T12:35:59.761Z] 🚀 Initializing browser with anti-detection...
[2025-11-21T12:36:00.075Z] ✅ Browser initialized with stealth mode
[2025-11-21T12:36:00.075Z] 🔍 Processing 1h-swords item 20430 (1311/340)
[2025-11-21T12:36:04.066Z] ✅ Collected HTML for item 20430
[2025-11-21T12:36:06.068Z] 🔄 Restarting browser for fresh session...
[2025-11-21T12:36:06.170Z] 🔒 Browser closed
[2025-11-21T12:36:06.170Z] 🚀 Initializing browser with anti-detection...
[2025-11-21T12:36:06.482Z] ✅ Browser initialized with stealth mode
[2025-11-21T12:36:06.482Z] 🔍 Processing 1h-swords item 22332 (1312/340)
[2025-11-21T12:36:10.471Z] ✅ Collected HTML for item 22332
[2025-11-21T12:36:12.473Z] 🔄 Restarting browser for fresh session...
[2025-11-21T12:36:12.582Z] 🔒 Browser closed
[2025-11-21T12:36:12.582Z] 🚀 Initializing browser with anti-detection...
[2025-11-21T12:36:12.913Z] ✅ Browser initialized with stealth mode
[2025-11-21T12:36:12.913Z] 🔍 Processing 1h-swords item 23132 (1313/340)
[2025-11-21T12:36:16.925Z] ✅ Collected HTML for item 23132
[2025-11-21T12:36:18.927Z] 🔄 Restarting browser for fresh session...
[2025-11-21T12:36:19.058Z] 🔒 Browser closed
[2025-11-21T12:36:19.058Z] 🚀 Initializing browser with anti-detection...
[2025-11-21T12:36:19.385Z] ✅ Browser initialized with stealth mode
[2025-11-21T12:36:19.385Z] 🔍 Processing 1h-swords item 51046 (1314/340)
[2025-11-21T12:36:23.374Z] ✅ Collected HTML for item 51046
[2025-11-21T12:36:25.376Z] 🔄 Restarting browser for fresh session...
[2025-11-21T12:36:25.494Z] 🔒 Browser closed
[2025-11-21T12:36:25.494Z] 🚀 Initializing browser with anti-detection...
[2025-11-21T12:36:25.803Z] ✅ Browser initialized with stealth mode
[2025-11-21T12:36:25.804Z] 🔍 Processing 1h-swords item 51754 (1315/340)
[2025-11-21T12:36:29.801Z] ✅ Collected HTML for item 51754
[2025-11-21T12:36:31.802Z] 🔄 Restarting browser for fresh session...
[2025-11-21T12:36:31.889Z] 🔒 Browser closed
[2025-11-21T12:36:31.889Z] 🚀 Initializing browser with anti-detection...
[2025-11-21T12:36:32.179Z] ✅ Browser initialized with stealth mode
[2025-11-21T12:36:32.179Z] 🔍 Processing 1h-swords item 55384 (1316/340)
[2025-11-21T12:36:36.426Z] ✅ Collected HTML for item 55384
[2025-11-21T12:36:38.429Z] 🔄 Restarting browser for fresh session...
[2025-11-21T12:36:38.544Z] 🔒 Browser closed
[2025-11-21T12:36:38.544Z] 🚀 Initializing browser with anti-detection...
[2025-11-21T12:36:38.849Z] ✅ Browser initialized with stealth mode
[2025-11-21T12:36:38.849Z] 🔍 Processing 1h-swords item 58150 (1317/340)
[2025-11-21T12:36:42.706Z] ✅ Collected HTML for item 58150
[2025-11-21T12:36:44.708Z] 🔄 Restarting browser for fresh session...
[2025-11-21T12:36:44.833Z] 🔒 Browser closed
[2025-11-21T12:36:44.833Z] 🚀 Initializing browser with anti-detection...
[2025-11-21T12:36:45.148Z] ✅ Browser initialized with stealth mode
[2025-11-21T12:36:45.148Z] 🔍 Processing 1h-swords item 58198 (1318/340)
[2025-11-21T12:36:49.138Z] ✅ Collected HTML for item 58198
[2025-11-21T12:36:51.140Z] 🔄 Restarting browser for fresh session...
[2025-11-21T12:36:51.224Z] 🔒 Browser closed
[2025-11-21T12:36:51.224Z] 🚀 Initializing browser with anti-detection...
[2025-11-21T12:36:51.536Z] ✅ Browser initialized with stealth mode
[2025-11-21T12:36:51.536Z] 🔍 Processing 1h-swords item 58225 (1319/340)
[2025-11-21T12:36:55.784Z] ✅ Collected HTML for item 58225
[2025-11-21T12:36:57.785Z] 🔄 Restarting browser for fresh session...
[2025-11-21T12:36:57.889Z] 🔒 Browser closed
[2025-11-21T12:36:57.889Z] 🚀 Initializing browser with anti-detection...
[2025-11-21T12:36:58.216Z] ✅ Browser initialized with stealth mode
[2025-11-21T12:36:58.216Z] 🔍 Processing 1h-swords item 58262 (1320/340)
[2025-11-21T12:37:02.207Z] ✅ Collected HTML for item 58262
[2025-11-21T12:37:04.209Z] 🔄 Restarting browser for fresh session...
[2025-11-21T12:37:04.305Z] 🔒 Browser closed
[2025-11-21T12:37:04.305Z] 🚀 Initializing browser with anti-detection...
[2025-11-21T12:37:04.606Z] ✅ Browser initialized with stealth mode
[2025-11-21T12:37:04.606Z] 🔍 Processing 1h-swords item 60384 (1321/340)
[2025-11-21T12:37:08.600Z] ✅ Collected HTML for item 60384
[2025-11-21T12:37:10.601Z] 🔄 Restarting browser for fresh session...
[2025-11-21T12:37:10.695Z] 🔒 Browser closed
[2025-11-21T12:37:10.695Z] 🚀 Initializing browser with anti-detection...
[2025-11-21T12:37:11.003Z] ✅ Browser initialized with stealth mode
[2025-11-21T12:37:11.003Z] 🔍 Processing 1h-swords item 60536 (1322/340)
[2025-11-21T12:37:14.863Z] ✅ Collected HTML for item 60536
[2025-11-21T12:37:16.865Z] 🔄 Restarting browser for fresh session...
[2025-11-21T12:37:16.974Z] 🔒 Browser closed
[2025-11-21T12:37:16.975Z] 🚀 Initializing browser with anti-detection...
[2025-11-21T12:37:17.270Z] ✅ Browser initialized with stealth mode
[2025-11-21T12:37:17.270Z] 🔍 Processing 1h-swords item 60734 (1323/340)
[2025-11-21T12:37:21.138Z] ✅ Collected HTML for item 60734
[2025-11-21T12:37:23.140Z] 🔄 Restarting browser for fresh session...
[2025-11-21T12:37:23.254Z] 🔒 Browser closed
[2025-11-21T12:37:23.254Z] 🚀 Initializing browser with anti-detection...
[2025-11-21T12:37:23.573Z] ✅ Browser initialized with stealth mode
[2025-11-21T12:37:23.573Z] 🔍 Processing 1h-swords item 61333 (1324/340)
[2025-11-21T12:37:27.430Z] ✅ Collected HTML for item 61333
[2025-11-21T12:37:29.432Z] 🔄 Restarting browser for fresh session...
[2025-11-21T12:37:29.530Z] 🔒 Browser closed
[2025-11-21T12:37:29.530Z] 🚀 Initializing browser with anti-detection...
[2025-11-21T12:37:29.849Z] ✅ Browser initialized with stealth mode
[2025-11-21T12:37:29.849Z] 🔍 Processing 1h-swords item 61552 (1325/340)
[2025-11-21T12:37:33.845Z] ✅ Collected HTML for item 61552
[2025-11-21T12:37:35.847Z] 🔄 Restarting browser for fresh session...
[2025-11-21T12:37:35.940Z] 🔒 Browser closed
[2025-11-21T12:37:35.940Z] 🚀 Initializing browser with anti-detection...
[2025-11-21T12:37:36.248Z] ✅ Browser initialized with stealth mode
[2025-11-21T12:37:36.248Z] 🔍 Processing 1h-swords item 61717 (1326/340)
[2025-11-21T12:37:40.113Z] ✅ Collected HTML for item 61717
[2025-11-21T12:37:42.115Z] 🔄 Restarting browser for fresh session...
[2025-11-21T12:37:42.207Z] 🔒 Browser closed
[2025-11-21T12:37:42.207Z] 🚀 Initializing browser with anti-detection...
[2025-11-21T12:37:42.550Z] ✅ Browser initialized with stealth mode
[2025-11-21T12:37:42.550Z] 🔍 Processing 1h-swords item 80733 (1327/340)
[2025-11-21T12:37:46.548Z] ✅ Collected HTML for item 80733
[2025-11-21T12:37:48.550Z] 🔄 Restarting browser for fresh session...
[2025-11-21T12:37:48.658Z] 🔒 Browser closed
[2025-11-21T12:37:48.658Z] 🚀 Initializing browser with anti-detection...
[2025-11-21T12:37:48.950Z] ✅ Browser initialized with stealth mode
[2025-11-21T12:37:48.950Z] 🔍 Processing 1h-swords item 80792 (1328/340)
[2025-11-21T12:37:52.812Z] ✅ Collected HTML for item 80792
[2025-11-21T12:37:54.814Z] 🔄 Restarting browser for fresh session...
[2025-11-21T12:37:54.914Z] 🔒 Browser closed
[2025-11-21T12:37:54.914Z] 🚀 Initializing browser with anti-detection...
[2025-11-21T12:37:55.229Z] ✅ Browser initialized with stealth mode
[2025-11-21T12:37:55.229Z] 🔍 Processing 1h-swords item 81018 (1329/340)
[2025-11-21T12:37:59.217Z] ✅ Collected HTML for item 81018
[2025-11-21T12:38:01.219Z] 🔄 Restarting browser for fresh session...
[2025-11-21T12:38:01.351Z] 🔒 Browser closed
[2025-11-21T12:38:01.352Z] 🚀 Initializing browser with anti-detection...
[2025-11-21T12:38:01.643Z] ✅ Browser initialized with stealth mode
[2025-11-21T12:38:01.644Z] 🔍 Processing 1h-swords item 81266 (1330/340)
[2025-11-21T12:38:05.516Z] ✅ Collected HTML for item 81266
[2025-11-21T12:38:07.518Z] 🔄 Restarting browser for fresh session...
[2025-11-21T12:38:07.617Z] 🔒 Browser closed
[2025-11-21T12:38:07.617Z] 🚀 Initializing browser with anti-detection...
[2025-11-21T12:38:07.927Z] ✅ Browser initialized with stealth mode
[2025-11-21T12:38:07.927Z] 🔍 Processing 1h-swords item 754 (1331/340)
[2025-11-21T12:38:11.922Z] ✅ Collected HTML for item 754
[2025-11-21T12:38:13.924Z] 🔄 Restarting browser for fresh session...
[2025-11-21T12:38:14.025Z] 🔒 Browser closed
[2025-11-21T12:38:14.025Z] 🚀 Initializing browser with anti-detection...
[2025-11-21T12:38:14.331Z] ✅ Browser initialized with stealth mode
[2025-11-21T12:38:14.331Z] 🔍 Processing 1h-swords item 935 (1332/340)
[2025-11-21T12:38:18.326Z] ✅ Collected HTML for item 935
[2025-11-21T12:38:20.328Z] 🔄 Restarting browser for fresh session...
[2025-11-21T12:38:20.430Z] 🔒 Browser closed
[2025-11-21T12:38:20.430Z] 🚀 Initializing browser with anti-detection...
[2025-11-21T12:38:20.700Z] ✅ Browser initialized with stealth mode
[2025-11-21T12:38:20.700Z] 🔍 Processing 1h-swords item 1265 (1333/340)
[2025-11-21T12:38:24.580Z] ✅ Collected HTML for item 1265
[2025-11-21T12:38:26.582Z] 🔄 Restarting browser for fresh session...
[2025-11-21T12:38:26.694Z] 🔒 Browser closed
[2025-11-21T12:38:26.694Z] 🚀 Initializing browser with anti-detection...
[2025-11-21T12:38:26.989Z] ✅ Browser initialized with stealth mode
[2025-11-21T12:38:26.989Z] 🔍 Processing 1h-swords item 1482 (1334/340)
[2025-11-21T12:38:30.999Z] ✅ Collected HTML for item 1482
[2025-11-21T12:38:33.001Z] 🔄 Restarting browser for fresh session...
[2025-11-21T12:38:33.106Z] 🔒 Browser closed
[2025-11-21T12:38:33.106Z] 🚀 Initializing browser with anti-detection...
[2025-11-21T12:38:33.430Z] ✅ Browser initialized with stealth mode
[2025-11-21T12:38:33.430Z] 🔍 Processing 1h-swords item 1727 (1335/340)
[2025-11-21T12:38:37.294Z] ✅ Collected HTML for item 1727
[2025-11-21T12:38:39.297Z] 🔄 Restarting browser for fresh session...
[2025-11-21T12:38:39.394Z] 🔒 Browser closed
[2025-11-21T12:38:39.394Z] 🚀 Initializing browser with anti-detection...
[2025-11-21T12:38:39.716Z] ✅ Browser initialized with stealth mode
[2025-11-21T12:38:39.716Z] 🔍 Processing 1h-swords item 2011 (1336/340)
[2025-11-21T12:38:43.704Z] ✅ Collected HTML for item 2011
[2025-11-21T12:38:45.706Z] 🔄 Restarting browser for fresh session...
[2025-11-21T12:38:45.801Z] 🔒 Browser closed
[2025-11-21T12:38:45.801Z] 🚀 Initializing browser with anti-detection...
[2025-11-21T12:38:46.091Z] ✅ Browser initialized with stealth mode
[2025-11-21T12:38:46.091Z] 🔍 Processing 1h-swords item 6504 (1337/340)
[2025-11-21T12:38:50.089Z] ✅ Collected HTML for item 6504
[2025-11-21T12:38:52.092Z] 🔄 Restarting browser for fresh session...
[2025-11-21T12:38:52.195Z] 🔒 Browser closed
[2025-11-21T12:38:52.195Z] 🚀 Initializing browser with anti-detection...
[2025-11-21T12:38:52.492Z] ✅ Browser initialized with stealth mode
[2025-11-21T12:38:52.492Z] 🔍 Processing 1h-swords item 6622 (1338/340)
[2025-11-21T12:38:56.487Z] ✅ Collected HTML for item 6622
[2025-11-21T12:38:58.489Z] 🔄 Restarting browser for fresh session...
[2025-11-21T12:38:58.584Z] 🔒 Browser closed
[2025-11-21T12:38:58.585Z] 🚀 Initializing browser with anti-detection...
[2025-11-21T12:38:58.881Z] ✅ Browser initialized with stealth mode
[2025-11-21T12:38:58.882Z] 🔍 Processing 1h-swords item 6802 (1339/340)
[2025-11-21T12:39:02.741Z] ✅ Collected HTML for item 6802
[2025-11-21T12:39:04.742Z] 🔄 Restarting browser for fresh session...
[2025-11-21T12:39:04.836Z] 🔒 Browser closed
[2025-11-21T12:39:04.836Z] 🚀 Initializing browser with anti-detection...
[2025-11-21T12:39:05.148Z] ✅ Browser initialized with stealth mode
[2025-11-21T12:39:05.148Z] 🔍 Processing 1h-swords item 6829 (1340/340)
[2025-11-21T12:39:09.137Z] ✅ Collected HTML for item 6829
[2025-11-21T12:39:11.139Z] 🔄 Restarting browser for fresh session...
[2025-11-21T12:39:11.237Z] 🔒 Browser closed
[2025-11-21T12:39:11.238Z] 🚀 Initializing browser with anti-detection...
[2025-11-21T12:39:11.525Z] ✅ Browser initialized with stealth mode
[2025-11-21T12:39:11.525Z] 🔍 Processing 1h-swords item 7961 (1341/340)
[2025-11-21T12:39:15.400Z] ✅ Collected HTML for item 7961
[2025-11-21T12:39:17.403Z] 🔄 Restarting browser for fresh session...
[2025-11-21T12:39:17.490Z] 🔒 Browser closed
[2025-11-21T12:39:17.491Z] 🚀 Initializing browser with anti-detection...
[2025-11-21T12:39:17.791Z] ✅ Browser initialized with stealth mode
[2025-11-21T12:39:17.791Z] 🔍 Processing 1h-swords item 8225 (1342/340)
[2025-11-21T12:39:26.705Z] ✅ Collected HTML for item 8225
[2025-11-21T12:39:28.708Z] 🔄 Restarting browser for fresh session...
[2025-11-21T12:39:28.794Z] 🔒 Browser closed
[2025-11-21T12:39:28.794Z] 🚀 Initializing browser with anti-detection...
[2025-11-21T12:39:29.103Z] ✅ Browser initialized with stealth mode
[2025-11-21T12:39:29.103Z] 🔍 Processing 1h-swords item 8226 (1343/340)
[2025-11-21T12:39:33.103Z] ✅ Collected HTML for item 8226
[2025-11-21T12:39:35.106Z] 🔄 Restarting browser for fresh session...
[2025-11-21T12:39:35.205Z] 🔒 Browser closed
[2025-11-21T12:39:35.205Z] 🚀 Initializing browser with anti-detection...
[2025-11-21T12:39:35.511Z] ✅ Browser initialized with stealth mode
[2025-11-21T12:39:35.512Z] 🔍 Processing 1h-swords item 9379 (1344/340)
[2025-11-21T12:39:39.368Z] ✅ Collected HTML for item 9379
[2025-11-21T12:39:41.371Z] 🔄 Restarting browser for fresh session...
[2025-11-21T12:39:41.461Z] 🔒 Browser closed
[2025-11-21T12:39:41.461Z] 🚀 Initializing browser with anti-detection...
[2025-11-21T12:39:41.771Z] ✅ Browser initialized with stealth mode
[2025-11-21T12:39:41.772Z] 🔍 Processing 1h-swords item 9401 (1345/340)
[2025-11-21T12:39:45.763Z] ✅ Collected HTML for item 9401
[2025-11-21T12:39:47.765Z] 🔄 Restarting browser for fresh session...
[2025-11-21T12:39:47.866Z] 🔒 Browser closed
[2025-11-21T12:39:47.866Z] 🚀 Initializing browser with anti-detection...
[2025-11-21T12:39:48.177Z] ✅ Browser initialized with stealth mode
[2025-11-21T12:39:48.177Z] 🔍 Processing 1h-swords item 9718 (1346/340)
[2025-11-21T12:39:52.035Z] ✅ Collected HTML for item 9718
[2025-11-21T12:39:54.037Z] 🔄 Restarting browser for fresh session...
[2025-11-21T12:39:54.132Z] 🔒 Browser closed
[2025-11-21T12:39:54.133Z] 🚀 Initializing browser with anti-detection...
[2025-11-21T12:39:54.439Z] ✅ Browser initialized with stealth mode
[2025-11-21T12:39:54.439Z] 🔍 Processing 1h-swords item 10823 (1347/340)
[2025-11-21T12:39:58.432Z] ✅ Collected HTML for item 10823
[2025-11-21T12:40:00.433Z] 🔄 Restarting browser for fresh session...
[2025-11-21T12:40:00.526Z] 🔒 Browser closed
[2025-11-21T12:40:00.526Z] 🚀 Initializing browser with anti-detection...
[2025-11-21T12:40:00.844Z] ✅ Browser initialized with stealth mode
[2025-11-21T12:40:00.844Z] 🔍 Processing 1h-swords item 11817 (1348/340)
[2025-11-21T12:40:04.833Z] ✅ Collected HTML for item 11817
[2025-11-21T12:40:06.835Z] 🔄 Restarting browser for fresh session...
[2025-11-21T12:40:06.926Z] 🔒 Browser closed
[2025-11-21T12:40:06.926Z] 🚀 Initializing browser with anti-detection...
[2025-11-21T12:40:07.246Z] ✅ Browser initialized with stealth mode
[2025-11-21T12:40:07.246Z] 🔍 Processing 1h-swords item 12974 (1349/340)
[2025-11-21T12:40:11.260Z] ✅ Collected HTML for item 12974
[2025-11-21T12:40:13.262Z] 🔄 Restarting browser for fresh session...
[2025-11-21T12:40:13.350Z] 🔒 Browser closed
[2025-11-21T12:40:13.350Z] 🚀 Initializing browser with anti-detection...
[2025-11-21T12:40:13.652Z] ✅ Browser initialized with stealth mode
[2025-11-21T12:40:13.652Z] 🔍 Processing 1h-swords item 13032 (1350/340)
[2025-11-21T12:40:17.654Z] ✅ Collected HTML for item 13032
[2025-11-21T12:40:19.655Z] 🔄 Restarting browser for fresh session...
[2025-11-21T12:40:19.747Z] 🔒 Browser closed
[2025-11-21T12:40:19.747Z] 🚀 Initializing browser with anti-detection...
[2025-11-21T12:40:20.052Z] ✅ Browser initialized with stealth mode
[2025-11-21T12:40:20.052Z] 🔍 Processing 1h-swords item 13033 (1351/340)
[2025-11-21T12:40:24.054Z] ✅ Collected HTML for item 13033
[2025-11-21T12:40:26.056Z] 🔄 Restarting browser for fresh session...
[2025-11-21T12:40:26.138Z] 🔒 Browser closed
[2025-11-21T12:40:26.138Z] 🚀 Initializing browser with anti-detection...
[2025-11-21T12:40:26.443Z] ✅ Browser initialized with stealth mode
[2025-11-21T12:40:26.443Z] 🔍 Processing 1h-swords item 13034 (1352/340)
[2025-11-21T12:40:30.442Z] ✅ Collected HTML for item 13034
[2025-11-21T12:40:32.444Z] 🔄 Restarting browser for fresh session...
[2025-11-21T12:40:32.541Z] 🔒 Browser closed
[2025-11-21T12:40:32.541Z] 🚀 Initializing browser with anti-detection...
[2025-11-21T12:40:32.856Z] ✅ Browser initialized with stealth mode
[2025-11-21T12:40:32.856Z] 🔍 Processing 1h-swords item 13035 (1353/340)
[2025-11-21T12:40:36.867Z] ✅ Collected HTML for item 13035
[2025-11-21T12:40:38.868Z] 🔄 Restarting browser for fresh session...
[2025-11-21T12:40:38.961Z] 🔒 Browser closed
[2025-11-21T12:40:38.961Z] 🚀 Initializing browser with anti-detection...
[2025-11-21T12:40:39.272Z] ✅ Browser initialized with stealth mode
[2025-11-21T12:40:39.272Z] 🔍 Processing 1h-swords item 13182 (1354/340)
[2025-11-21T12:40:43.128Z] ✅ Collected HTML for item 13182
[2025-11-21T12:40:45.130Z] 🔄 Restarting browser for fresh session...
[2025-11-21T12:40:45.222Z] 🔒 Browser closed
[2025-11-21T12:40:45.222Z] 🚀 Initializing browser with anti-detection...
[2025-11-21T12:40:45.527Z] ✅ Browser initialized with stealth mode
[2025-11-21T12:40:45.527Z] 🔍 Processing 1h-swords item 13361 (1355/340)
[2025-11-21T12:40:49.386Z] ✅ Collected HTML for item 13361
[2025-11-21T12:40:51.388Z] 🔄 Restarting browser for fresh session...
[2025-11-21T12:40:51.486Z] 🔒 Browser closed
[2025-11-21T12:40:51.486Z] 🚀 Initializing browser with anti-detection...
[2025-11-21T12:40:51.790Z] ✅ Browser initialized with stealth mode
[2025-11-21T12:40:51.790Z] 🔍 Processing 1h-swords item 13953 (1356/340)
[2025-11-21T12:40:55.778Z] ✅ Collected HTML for item 13953
[2025-11-21T12:40:57.781Z] 🔄 Restarting browser for fresh session...
[2025-11-21T12:40:57.895Z] 🔒 Browser closed
[2025-11-21T12:40:57.895Z] 🚀 Initializing browser with anti-detection...
[2025-11-21T12:40:58.204Z] ✅ Browser initialized with stealth mode
[2025-11-21T12:40:58.204Z] 🔍 Processing 1h-swords item 15220 (1357/340)
[2025-11-21T12:41:02.214Z] ✅ Collected HTML for item 15220
[2025-11-21T12:41:04.215Z] 🔄 Restarting browser for fresh session...
[2025-11-21T12:41:04.308Z] 🔒 Browser closed
[2025-11-21T12:41:04.308Z] 🚀 Initializing browser with anti-detection...
[2025-11-21T12:41:04.611Z] ✅ Browser initialized with stealth mode
[2025-11-21T12:41:04.611Z] 🔍 Processing 1h-swords item 15782 (1358/340)
[2025-11-21T12:41:08.605Z] ✅ Collected HTML for item 15782
[2025-11-21T12:41:10.607Z] 🔄 Restarting browser for fresh session...
[2025-11-21T12:41:10.699Z] 🔒 Browser closed
[2025-11-21T12:41:10.699Z] 🚀 Initializing browser with anti-detection...
[2025-11-21T12:41:11.002Z] ✅ Browser initialized with stealth mode
[2025-11-21T12:41:11.003Z] 🔍 Processing 1h-swords item 15806 (1359/340)
[2025-11-21T12:41:14.860Z] ✅ Collected HTML for item 15806
[2025-11-21T12:41:16.861Z] 🔄 Restarting browser for fresh session...
[2025-11-21T12:41:16.971Z] 🔒 Browser closed
[2025-11-21T12:41:16.971Z] 🚀 Initializing browser with anti-detection...
[2025-11-21T12:41:17.284Z] ✅ Browser initialized with stealth mode
[2025-11-21T12:41:17.284Z] 🔍 Processing 1h-swords item 16886 (1360/340)
[2025-11-21T12:41:21.138Z] ✅ Collected HTML for item 16886
[2025-11-21T12:41:23.140Z] 🔄 Restarting browser for fresh session...
[2025-11-21T12:41:23.234Z] 🔒 Browser closed
[2025-11-21T12:41:23.235Z] 🚀 Initializing browser with anti-detection...
[2025-11-21T12:41:23.535Z] ✅ Browser initialized with stealth mode
[2025-11-21T12:41:23.535Z] 🔍 Processing 1h-swords item 17705 (1361/340)
[2025-11-21T12:41:27.394Z] ✅ Collected HTML for item 17705
[2025-11-21T12:41:29.397Z] 🔄 Restarting browser for fresh session...
[2025-11-21T12:41:29.491Z] 🔒 Browser closed
[2025-11-21T12:41:29.491Z] 🚀 Initializing browser with anti-detection...
[2025-11-21T12:41:29.781Z] ✅ Browser initialized with stealth mode
[2025-11-21T12:41:29.781Z] 🔍 Processing 1h-swords item 18396 (1362/340)
[2025-11-21T12:41:33.651Z] ✅ Collected HTML for item 18396
[2025-11-21T12:41:35.654Z] 🔄 Restarting browser for fresh session...
[2025-11-21T12:41:35.768Z] 🔒 Browser closed
[2025-11-21T12:41:35.768Z] 🚀 Initializing browser with anti-detection...
[2025-11-21T12:41:36.064Z] ✅ Browser initialized with stealth mode
[2025-11-21T12:41:36.064Z] 🔍 Processing 1h-swords item 19554 (1363/340)
[2025-11-21T12:41:40.065Z] ✅ Collected HTML for item 19554
[2025-11-21T12:41:42.068Z] 🔄 Restarting browser for fresh session...
[2025-11-21T12:41:42.162Z] 🔒 Browser closed
[2025-11-21T12:41:42.162Z] 🚀 Initializing browser with anti-detection...
[2025-11-21T12:41:42.452Z] ✅ Browser initialized with stealth mode
[2025-11-21T12:41:42.452Z] 🔍 Processing 1h-swords item 19555 (1364/340)
[2025-11-21T12:41:46.445Z] ✅ Collected HTML for item 19555
[2025-11-21T12:41:48.448Z] 🔄 Restarting browser for fresh session...
[2025-11-21T12:41:48.546Z] 🔒 Browser closed
[2025-11-21T12:41:48.546Z] 🚀 Initializing browser with anti-detection...
[2025-11-21T12:41:48.824Z] ✅ Browser initialized with stealth mode
[2025-11-21T12:41:48.824Z] 🔍 Processing 1h-swords item 19556 (1365/340)
[2025-11-21T12:41:52.817Z] ✅ Collected HTML for item 19556
[2025-11-21T12:41:54.820Z] 🔄 Restarting browser for fresh session...
[2025-11-21T12:41:54.913Z] 🔒 Browser closed
[2025-11-21T12:41:54.913Z] 🚀 Initializing browser with anti-detection...
[2025-11-21T12:41:55.186Z] ✅ Browser initialized with stealth mode
[2025-11-21T12:41:55.186Z] 🔍 Processing 1h-swords item 19557 (1366/340)
[2025-11-21T12:41:59.058Z] ✅ Collected HTML for item 19557
[2025-11-21T12:42:01.060Z] 🔄 Restarting browser for fresh session...
[2025-11-21T12:42:01.161Z] 🔒 Browser closed
[2025-11-21T12:42:01.161Z] 🚀 Initializing browser with anti-detection...
[2025-11-21T12:42:01.444Z] ✅ Browser initialized with stealth mode
[2025-11-21T12:42:01.444Z] 🔍 Processing 1h-swords item 19901 (1367/340)
[2025-11-21T12:42:05.434Z] ✅ Collected HTML for item 19901
[2025-11-21T12:42:07.436Z] 🔄 Restarting browser for fresh session...
[2025-11-21T12:42:07.541Z] 🔒 Browser closed
[2025-11-21T12:42:07.541Z] 🚀 Initializing browser with anti-detection...
[2025-11-21T12:42:07.844Z] ✅ Browser initialized with stealth mode
[2025-11-21T12:42:07.844Z] 🔍 Processing 1h-swords item 19964 (1368/340)
[2025-11-21T12:42:11.856Z] ✅ Collected HTML for item 19964
[2025-11-21T12:42:13.859Z] 🔄 Restarting browser for fresh session...
[2025-11-21T12:42:13.960Z] 🔒 Browser closed
[2025-11-21T12:42:13.961Z] 🚀 Initializing browser with anti-detection...
[2025-11-21T12:42:14.234Z] ✅ Browser initialized with stealth mode
[2025-11-21T12:42:14.234Z] 🔍 Processing 1h-swords item 20440 (1369/340)
[2025-11-21T12:42:18.108Z] ✅ Collected HTML for item 20440
[2025-11-21T12:42:20.111Z] 🔄 Restarting browser for fresh session...
[2025-11-21T12:42:20.217Z] 🔒 Browser closed
[2025-11-21T12:42:20.217Z] 🚀 Initializing browser with anti-detection...
[2025-11-21T12:42:20.501Z] ✅ Browser initialized with stealth mode
[2025-11-21T12:42:20.501Z] 🔍 Processing 1h-swords item 22378 (1370/340)
[2025-11-21T12:42:24.507Z] ✅ Collected HTML for item 22378
[2025-11-21T12:42:26.510Z] 🔄 Restarting browser for fresh session...
[2025-11-21T12:42:26.614Z] 🔒 Browser closed
[2025-11-21T12:42:26.615Z] 🚀 Initializing browser with anti-detection...
[2025-11-21T12:42:26.901Z] ✅ Browser initialized with stealth mode
[2025-11-21T12:42:26.901Z] 🔍 Processing 1h-swords item 41581 (1371/340)
[2025-11-21T12:42:30.893Z] ✅ Collected HTML for item 41581
[2025-11-21T12:42:32.896Z] 🔄 Restarting browser for fresh session...
[2025-11-21T12:42:32.996Z] 🔒 Browser closed
[2025-11-21T12:42:32.996Z] 🚀 Initializing browser with anti-detection...
[2025-11-21T12:42:33.294Z] ✅ Browser initialized with stealth mode
[2025-11-21T12:42:33.294Z] 🔍 Processing 1h-swords item 60752 (1372/340)
[2025-11-21T12:42:37.307Z] ✅ Collected HTML for item 60752
[2025-11-21T12:42:39.309Z] 🔄 Restarting browser for fresh session...
[2025-11-21T12:42:39.405Z] 🔒 Browser closed
[2025-11-21T12:42:39.405Z] 🚀 Initializing browser with anti-detection...
[2025-11-21T12:42:39.678Z] ✅ Browser initialized with stealth mode
[2025-11-21T12:42:39.678Z] 🔍 Processing 1h-swords item 61594 (1373/340)
[2025-11-21T12:42:43.554Z] ✅ Collected HTML for item 61594
[2025-11-21T12:42:45.556Z] 🔄 Restarting browser for fresh session...
[2025-11-21T12:42:45.660Z] 🔒 Browser closed
[2025-11-21T12:42:45.660Z] 🚀 Initializing browser with anti-detection...
[2025-11-21T12:42:45.932Z] ✅ Browser initialized with stealth mode
[2025-11-21T12:42:45.932Z] 🔍 Processing 1h-swords item 80535 (1374/340)
[2025-11-21T12:42:49.923Z] ✅ Collected HTML for item 80535
[2025-11-21T12:42:51.925Z] 🔄 Restarting browser for fresh session...
[2025-11-21T12:42:52.026Z] 🔒 Browser closed
[2025-11-21T12:42:52.026Z] 🚀 Initializing browser with anti-detection...
[2025-11-21T12:42:52.302Z] ✅ Browser initialized with stealth mode
[2025-11-21T12:42:52.302Z] 🔍 Processing 1h-swords item 80536 (1375/340)
[2025-11-21T12:42:56.295Z] ✅ Collected HTML for item 80536
[2025-11-21T12:42:58.299Z] 🔄 Restarting browser for fresh session...
[2025-11-21T12:42:58.395Z] 🔒 Browser closed
[2025-11-21T12:42:58.395Z] 🚀 Initializing browser with anti-detection...
[2025-11-21T12:42:58.683Z] ✅ Browser initialized with stealth mode
[2025-11-21T12:42:58.683Z] 🔍 Processing 1h-swords item 80636 (1376/340)
[2025-11-21T12:43:02.696Z] ✅ Collected HTML for item 80636
[2025-11-21T12:43:04.699Z] 🔄 Restarting browser for fresh session...
[2025-11-21T12:43:04.783Z] 🔒 Browser closed
[2025-11-21T12:43:04.783Z] 🚀 Initializing browser with anti-detection...
[2025-11-21T12:43:05.053Z] ✅ Browser initialized with stealth mode
[2025-11-21T12:43:05.053Z] 🔍 Processing 1h-swords item 80731 (1377/340)
[2025-11-21T12:43:09.047Z] ✅ Collected HTML for item 80731
[2025-11-21T12:43:11.050Z] 🔄 Restarting browser for fresh session...
[2025-11-21T12:43:11.162Z] 🔒 Browser closed
[2025-11-21T12:43:11.162Z] 🚀 Initializing browser with anti-detection...
[2025-11-21T12:43:11.448Z] ✅ Browser initialized with stealth mode
[2025-11-21T12:43:11.448Z] 🔍 Processing 1h-swords item 81288 (1378/340)
[2025-11-21T12:43:15.449Z] ✅ Collected HTML for item 81288
[2025-11-21T12:43:17.452Z] 🔄 Restarting browser for fresh session...
[2025-11-21T12:43:17.549Z] 🔒 Browser closed
[2025-11-21T12:43:17.549Z] 🚀 Initializing browser with anti-detection...
[2025-11-21T12:43:17.822Z] ✅ Browser initialized with stealth mode
[2025-11-21T12:43:17.823Z] 🔍 Processing 1h-swords item 83219 (1379/340)
[2025-11-21T12:43:21.699Z] ✅ Collected HTML for item 83219
[2025-11-21T12:43:23.701Z] 🔄 Restarting browser for fresh session...
[2025-11-21T12:43:23.811Z] 🔒 Browser closed
[2025-11-21T12:43:23.811Z] 🚀 Initializing browser with anti-detection...
[2025-11-21T12:43:24.101Z] ✅ Browser initialized with stealth mode
[2025-11-21T12:43:24.101Z] 🔍 Processing 1h-swords item 83259 (1380/340)
[2025-11-21T12:43:27.956Z] ✅ Collected HTML for item 83259
[2025-11-21T12:43:29.957Z] 🔄 Restarting browser for fresh session...
[2025-11-21T12:43:30.069Z] 🔒 Browser closed
[2025-11-21T12:43:30.069Z] 🚀 Initializing browser with anti-detection...
[2025-11-21T12:43:30.345Z] ✅ Browser initialized with stealth mode
[2025-11-21T12:43:30.345Z] 🔍 Processing 1h-swords item 753 (1381/340)
[2025-11-21T12:43:34.335Z] ✅ Collected HTML for item 753
[2025-11-21T12:43:36.336Z] 🔄 Restarting browser for fresh session...
[2025-11-21T12:43:36.436Z] 🔒 Browser closed
[2025-11-21T12:43:36.437Z] 🚀 Initializing browser with anti-detection...
[2025-11-21T12:43:36.720Z] ✅ Browser initialized with stealth mode
[2025-11-21T12:43:36.720Z] 🔍 Processing 1h-swords item 864 (1382/340)
[2025-11-21T12:43:40.592Z] ✅ Collected HTML for item 864
[2025-11-21T12:43:42.595Z] 🔄 Restarting browser for fresh session...
[2025-11-21T12:43:42.693Z] 🔒 Browser closed
[2025-11-21T12:43:42.693Z] 🚀 Initializing browser with anti-detection...
[2025-11-21T12:43:42.983Z] ✅ Browser initialized with stealth mode
[2025-11-21T12:43:42.983Z] 🔍 Processing 1h-swords item 886 (1383/340)
[2025-11-21T12:43:46.995Z] ✅ Collected HTML for item 886
[2025-11-21T12:43:48.996Z] 🔄 Restarting browser for fresh session...
[2025-11-21T12:43:49.120Z] 🔒 Browser closed
[2025-11-21T12:43:49.120Z] 🚀 Initializing browser with anti-detection...
[2025-11-21T12:43:49.394Z] ✅ Browser initialized with stealth mode
[2025-11-21T12:43:49.394Z] 🔍 Processing 1h-swords item 1925 (1384/340)
[2025-11-21T12:43:53.270Z] ✅ Collected HTML for item 1925
[2025-11-21T12:43:55.273Z] 🔄 Restarting browser for fresh session...
[2025-11-21T12:43:55.399Z] 🔒 Browser closed
[2025-11-21T12:43:55.399Z] 🚀 Initializing browser with anti-detection...
[2025-11-21T12:43:55.680Z] ✅ Browser initialized with stealth mode
[2025-11-21T12:43:55.680Z] 🔍 Processing 1h-swords item 1937 (1385/340)
[2025-11-21T12:43:59.555Z] ✅ Collected HTML for item 1937
[2025-11-21T12:44:01.558Z] 🔄 Restarting browser for fresh session...
[2025-11-21T12:44:01.639Z] 🔒 Browser closed
[2025-11-21T12:44:01.640Z] 🚀 Initializing browser with anti-detection...
[2025-11-21T12:44:01.919Z] ✅ Browser initialized with stealth mode
[2025-11-21T12:44:01.919Z] 🔍 Processing 1h-swords item 1951 (1386/340)
[2025-11-21T12:44:05.912Z] ✅ Collected HTML for item 1951
[2025-11-21T12:44:07.914Z] 🔄 Restarting browser for fresh session...
[2025-11-21T12:44:08.021Z] 🔒 Browser closed
[2025-11-21T12:44:08.021Z] 🚀 Initializing browser with anti-detection...
[2025-11-21T12:44:08.322Z] ✅ Browser initialized with stealth mode
[2025-11-21T12:44:08.322Z] 🔍 Processing 1h-swords item 2046 (1387/340)
[2025-11-21T12:44:12.332Z] ✅ Collected HTML for item 2046
[2025-11-21T12:44:14.335Z] 🔄 Restarting browser for fresh session...
[2025-11-21T12:44:14.431Z] 🔒 Browser closed
[2025-11-21T12:44:14.431Z] 🚀 Initializing browser with anti-detection...
[2025-11-21T12:44:14.710Z] ✅ Browser initialized with stealth mode
[2025-11-21T12:44:14.710Z] 🔍 Processing 1h-swords item 3400 (1388/340)
[2025-11-21T12:44:18.576Z] ✅ Collected HTML for item 3400
[2025-11-21T12:44:20.578Z] 🔄 Restarting browser for fresh session...
[2025-11-21T12:44:20.677Z] 🔒 Browser closed
[2025-11-21T12:44:20.677Z] 🚀 Initializing browser with anti-detection...
[2025-11-21T12:44:20.967Z] ✅ Browser initialized with stealth mode
[2025-11-21T12:44:20.967Z] 🔍 Processing 1h-swords item 3572 (1389/340)
[2025-11-21T12:44:24.978Z] ✅ Collected HTML for item 3572
[2025-11-21T12:44:26.981Z] 🔄 Restarting browser for fresh session...
[2025-11-21T12:44:27.072Z] 🔒 Browser closed
[2025-11-21T12:44:27.072Z] 🚀 Initializing browser with anti-detection...
[2025-11-21T12:44:27.365Z] ✅ Browser initialized with stealth mode
[2025-11-21T12:44:27.365Z] 🔍 Processing 1h-swords item 3740 (1390/340)
[2025-11-21T12:44:31.360Z] ✅ Collected HTML for item 3740
[2025-11-21T12:44:33.362Z] 🔄 Restarting browser for fresh session...
[2025-11-21T12:44:33.458Z] 🔒 Browser closed
[2025-11-21T12:44:33.458Z] 🚀 Initializing browser with anti-detection...
[2025-11-21T12:44:33.731Z] ✅ Browser initialized with stealth mode
[2025-11-21T12:44:33.731Z] 🔍 Processing 1h-swords item 3849 (1391/340)
[2025-11-21T12:44:37.723Z] ✅ Collected HTML for item 3849
[2025-11-21T12:44:39.726Z] 🔄 Restarting browser for fresh session...
[2025-11-21T12:44:39.820Z] 🔒 Browser closed
[2025-11-21T12:44:39.820Z] 🚀 Initializing browser with anti-detection...
[2025-11-21T12:44:40.089Z] ✅ Browser initialized with stealth mode
[2025-11-21T12:44:40.089Z] 🔍 Processing 1h-swords item 3850 (1392/340)
[2025-11-21T12:44:43.965Z] ✅ Collected HTML for item 3850
[2025-11-21T12:44:45.968Z] 🔄 Restarting browser for fresh session...
[2025-11-21T12:44:46.074Z] 🔒 Browser closed
[2025-11-21T12:44:46.074Z] 🚀 Initializing browser with anti-detection...
[2025-11-21T12:44:46.374Z] ✅ Browser initialized with stealth mode
[2025-11-21T12:44:46.375Z] 🔍 Processing 1h-swords item 4765 (1393/340)
[2025-11-21T12:44:50.230Z] ✅ Collected HTML for item 4765
[2025-11-21T12:44:52.232Z] 🔄 Restarting browser for fresh session...
[2025-11-21T12:44:52.329Z] 🔒 Browser closed
[2025-11-21T12:44:52.330Z] 🚀 Initializing browser with anti-detection...
[2025-11-21T12:44:52.609Z] ✅ Browser initialized with stealth mode
[2025-11-21T12:44:52.609Z] 🔍 Processing 1h-swords item 4766 (1394/340)
[2025-11-21T12:44:56.604Z] ✅ Collected HTML for item 4766
[2025-11-21T12:44:58.607Z] 🔄 Restarting browser for fresh session...
[2025-11-21T12:44:58.703Z] 🔒 Browser closed
[2025-11-21T12:44:58.703Z] 🚀 Initializing browser with anti-detection...
[2025-11-21T12:44:58.976Z] ✅ Browser initialized with stealth mode
[2025-11-21T12:44:58.976Z] 🔍 Processing 1h-swords item 4987 (1395/340)
[2025-11-21T12:45:02.968Z] ✅ Collected HTML for item 4987
[2025-11-21T12:45:04.970Z] 🔄 Restarting browser for fresh session...
[2025-11-21T12:45:05.075Z] 🔒 Browser closed
[2025-11-21T12:45:05.075Z] 🚀 Initializing browser with anti-detection...
[2025-11-21T12:45:05.370Z] ✅ Browser initialized with stealth mode
[2025-11-21T12:45:05.370Z] 🔍 Processing 1h-swords item 5321 (1396/340)
[2025-11-21T12:45:09.233Z] ✅ Collected HTML for item 5321
[2025-11-21T12:45:11.235Z] 🔄 Restarting browser for fresh session...
[2025-11-21T12:45:11.338Z] 🔒 Browser closed
[2025-11-21T12:45:11.338Z] 🚀 Initializing browser with anti-detection...
[2025-11-21T12:45:11.614Z] ✅ Browser initialized with stealth mode
[2025-11-21T12:45:11.614Z] 🔍 Processing 1h-swords item 6633 (1397/340)
[2025-11-21T12:45:15.608Z] ✅ Collected HTML for item 6633
[2025-11-21T12:45:17.610Z] 🔄 Restarting browser for fresh session...
[2025-11-21T12:45:17.711Z] 🔒 Browser closed
[2025-11-21T12:45:17.711Z] 🚀 Initializing browser with anti-detection...
[2025-11-21T12:45:17.996Z] ✅ Browser initialized with stealth mode
[2025-11-21T12:45:17.996Z] 🔍 Processing 1h-swords item 6967 (1398/340)
[2025-11-21T12:45:21.864Z] ✅ Collected HTML for item 6967
[2025-11-21T12:45:23.866Z] 🔄 Restarting browser for fresh session...
[2025-11-21T12:45:23.955Z] 🔒 Browser closed
[2025-11-21T12:45:23.955Z] 🚀 Initializing browser with anti-detection...
[2025-11-21T12:45:24.256Z] ✅ Browser initialized with stealth mode
[2025-11-21T12:45:24.256Z] 🔍 Processing 1h-swords item 6985 (1399/340)
[2025-11-21T12:45:28.267Z] ✅ Collected HTML for item 6985
[2025-11-21T12:45:30.270Z] 🔄 Restarting browser for fresh session...
[2025-11-21T12:45:30.375Z] 🔒 Browser closed
[2025-11-21T12:45:30.375Z] 🚀 Initializing browser with anti-detection...
[2025-11-21T12:45:30.646Z] ✅ Browser initialized with stealth mode
[2025-11-21T12:45:30.646Z] 🔍 Processing 1h-swords item 7118 (1400/340)
[2025-11-21T12:45:34.523Z] ✅ Collected HTML for item 7118
[2025-11-21T12:45:36.524Z] 🔄 Restarting browser for fresh session...
[2025-11-21T12:45:36.630Z] 🔒 Browser closed
[2025-11-21T12:45:36.631Z] 🚀 Initializing browser with anti-detection...
[2025-11-21T12:45:36.923Z] ✅ Browser initialized with stealth mode
[2025-11-21T12:45:36.923Z] 🔍 Processing 1h-swords item 7944 (1401/340)
[2025-11-21T12:45:40.777Z] ✅ Collected HTML for item 7944
[2025-11-21T12:45:42.778Z] 🔄 Restarting browser for fresh session...
[2025-11-21T12:45:42.878Z] 🔒 Browser closed
[2025-11-21T12:45:42.879Z] 🚀 Initializing browser with anti-detection...
[2025-11-21T12:45:43.160Z] ✅ Browser initialized with stealth mode
[2025-11-21T12:45:43.160Z] 🔍 Processing 1h-swords item 8196 (1402/340)
[2025-11-21T12:45:47.160Z] ✅ Collected HTML for item 8196
[2025-11-21T12:45:49.161Z] 🔄 Restarting browser for fresh session...
[2025-11-21T12:45:49.263Z] 🔒 Browser closed
[2025-11-21T12:45:49.263Z] 🚀 Initializing browser with anti-detection...
[2025-11-21T12:45:49.539Z] ✅ Browser initialized with stealth mode
[2025-11-21T12:45:49.539Z] 🔍 Processing 1h-swords item 10696 (1403/340)
[2025-11-21T12:45:53.411Z] ✅ Collected HTML for item 10696
[2025-11-21T12:45:55.414Z] 🔄 Restarting browser for fresh session...
[2025-11-21T12:45:55.515Z] 🔒 Browser closed
[2025-11-21T12:45:55.515Z] 🚀 Initializing browser with anti-detection...
[2025-11-21T12:45:55.806Z] ✅ Browser initialized with stealth mode
[2025-11-21T12:45:55.806Z] 🔍 Processing 1h-swords item 10803 (1404/340)
[2025-11-21T12:45:59.794Z] ✅ Collected HTML for item 10803
[2025-11-21T12:46:01.796Z] 🔄 Restarting browser for fresh session...
[2025-11-21T12:46:01.896Z] 🔒 Browser closed
[2025-11-21T12:46:01.896Z] 🚀 Initializing browser with anti-detection...
[2025-11-21T12:46:02.172Z] ✅ Browser initialized with stealth mode
[2025-11-21T12:46:02.173Z] 🔍 Processing 1h-swords item 11121 (1405/340)
[2025-11-21T12:46:06.165Z] ✅ Collected HTML for item 11121
[2025-11-21T12:46:08.168Z] 🔄 Restarting browser for fresh session...
[2025-11-21T12:46:08.271Z] 🔒 Browser closed
[2025-11-21T12:46:08.271Z] 🚀 Initializing browser with anti-detection...
[2025-11-21T12:46:08.553Z] ✅ Browser initialized with stealth mode
[2025-11-21T12:46:08.553Z] 🔍 Processing 1h-swords item 11902 (1406/340)
[2025-11-21T12:46:12.426Z] ✅ Collected HTML for item 11902
[2025-11-21T12:46:14.429Z] 🔄 Restarting browser for fresh session...
[2025-11-21T12:46:14.541Z] 🔒 Browser closed
[2025-11-21T12:46:14.541Z] 🚀 Initializing browser with anti-detection...
[2025-11-21T12:46:14.829Z] ✅ Browser initialized with stealth mode
[2025-11-21T12:46:14.829Z] 🔍 Processing 1h-swords item 12061 (1407/340)
[2025-11-21T12:46:18.840Z] ✅ Collected HTML for item 12061
[2025-11-21T12:46:20.843Z] 🔄 Restarting browser for fresh session...
[2025-11-21T12:46:20.944Z] 🔒 Browser closed
[2025-11-21T12:46:20.944Z] 🚀 Initializing browser with anti-detection...
[2025-11-21T12:46:21.238Z] ✅ Browser initialized with stealth mode
[2025-11-21T12:46:21.238Z] 🔍 Processing 1h-swords item 14145 (1408/340)
[2025-11-21T12:46:25.250Z] ✅ Collected HTML for item 14145
[2025-11-21T12:46:27.253Z] 🔄 Restarting browser for fresh session...
[2025-11-21T12:46:27.356Z] 🔒 Browser closed
[2025-11-21T12:46:27.356Z] 🚀 Initializing browser with anti-detection...
[2025-11-21T12:46:27.639Z] ✅ Browser initialized with stealth mode
[2025-11-21T12:46:27.643Z] 🔍 Processing 1h-swords item 15212 (1409/340)
[2025-11-21T12:46:31.646Z] ✅ Collected HTML for item 15212
[2025-11-21T12:46:33.649Z] 🔄 Restarting browser for fresh session...
[2025-11-21T12:46:33.753Z] 🔒 Browser closed
[2025-11-21T12:46:33.754Z] 🚀 Initializing browser with anti-detection...
[2025-11-21T12:46:34.046Z] ✅ Browser initialized with stealth mode
[2025-11-21T12:46:34.046Z] 🔍 Processing 1h-swords item 15213 (1410/340)
[2025-11-21T12:46:38.061Z] ✅ Collected HTML for item 15213
[2025-11-21T12:46:40.062Z] 🔄 Restarting browser for fresh session...
[2025-11-21T12:46:40.166Z] 🔒 Browser closed
[2025-11-21T12:46:40.166Z] 🚀 Initializing browser with anti-detection...
[2025-11-21T12:46:40.438Z] ✅ Browser initialized with stealth mode
[2025-11-21T12:46:40.439Z] 🔍 Processing 1h-swords item 15215 (1411/340)
[2025-11-21T12:46:57.265Z] ✅ Collected HTML for item 15215
[2025-11-21T12:46:59.267Z] 🔄 Restarting browser for fresh session...
[2025-11-21T12:46:59.376Z] 🔒 Browser closed
[2025-11-21T12:46:59.376Z] 🚀 Initializing browser with anti-detection...
[2025-11-21T12:46:59.662Z] ✅ Browser initialized with stealth mode
[2025-11-21T12:46:59.663Z] 🔍 Processing 1h-swords item 15218 (1412/340)
[2025-11-21T12:47:03.662Z] ✅ Collected HTML for item 15218
[2025-11-21T12:47:05.664Z] 🔄 Restarting browser for fresh session...
[2025-11-21T12:47:05.769Z] 🔒 Browser closed
[2025-11-21T12:47:05.769Z] 🚀 Initializing browser with anti-detection...
[2025-11-21T12:47:06.062Z] ✅ Browser initialized with stealth mode
[2025-11-21T12:47:06.062Z] 🔍 Processing 1h-swords item 15219 (1413/340)
[2025-11-21T12:47:10.080Z] ✅ Collected HTML for item 15219
[2025-11-21T12:47:12.081Z] 🔄 Restarting browser for fresh session...
[2025-11-21T12:47:12.177Z] 🔒 Browser closed
[2025-11-21T12:47:12.177Z] 🚀 Initializing browser with anti-detection...
[2025-11-21T12:47:12.451Z] ✅ Browser initialized with stealth mode
[2025-11-21T12:47:12.451Z] 🔍 Processing 1h-swords item 15221 (1414/340)
[2025-11-21T12:47:16.446Z] ✅ Collected HTML for item 15221
[2025-11-21T12:47:18.449Z] 🔄 Restarting browser for fresh session...
[2025-11-21T12:47:18.543Z] 🔒 Browser closed
[2025-11-21T12:47:18.543Z] 🚀 Initializing browser with anti-detection...
[2025-11-21T12:47:18.830Z] ✅ Browser initialized with stealth mode
[2025-11-21T12:47:18.830Z] 🔍 Processing 1h-swords item 15335 (1415/340)
[2025-11-21T12:47:22.698Z] ✅ Collected HTML for item 15335
[2025-11-21T12:47:24.701Z] 🔄 Restarting browser for fresh session...
[2025-11-21T12:47:24.811Z] 🔒 Browser closed
[2025-11-21T12:47:24.811Z] 🚀 Initializing browser with anti-detection...
[2025-11-21T12:47:25.093Z] ✅ Browser initialized with stealth mode
[2025-11-21T12:47:25.093Z] 🔍 Processing 1h-swords item 15800 (1416/340)
[2025-11-21T12:47:28.960Z] ✅ Collected HTML for item 15800
[2025-11-21T12:47:30.963Z] 🔄 Restarting browser for fresh session...
[2025-11-21T12:47:31.076Z] 🔒 Browser closed
[2025-11-21T12:47:31.076Z] 🚀 Initializing browser with anti-detection...
[2025-11-21T12:47:31.369Z] ✅ Browser initialized with stealth mode
[2025-11-21T12:47:31.370Z] 🔍 Processing 1h-swords item 15814 (1417/340)
[2025-11-21T12:47:35.363Z] ✅ Collected HTML for item 15814
[2025-11-21T12:47:37.371Z] 🔄 Restarting browser for fresh session...
[2025-11-21T12:47:37.596Z] 🔒 Browser closed
[2025-11-21T12:47:37.596Z] 🚀 Initializing browser with anti-detection...
[2025-11-21T12:47:37.896Z] ✅ Browser initialized with stealth mode
[2025-11-21T12:47:37.896Z] 🔍 Processing 1h-swords item 16891 (1418/340)
[2025-11-21T12:47:41.764Z] ✅ Collected HTML for item 16891
[2025-11-21T12:47:43.766Z] 🔄 Restarting browser for fresh session...
[2025-11-21T12:47:43.868Z] 🔒 Browser closed
[2025-11-21T12:47:43.868Z] 🚀 Initializing browser with anti-detection...
[2025-11-21T12:47:44.143Z] ✅ Browser initialized with stealth mode
[2025-11-21T12:47:44.144Z] 🔍 Processing 1h-swords item 18957 (1419/340)
[2025-11-21T12:47:48.019Z] ✅ Collected HTML for item 18957
[2025-11-21T12:47:50.022Z] 🔄 Restarting browser for fresh session...
[2025-11-21T12:47:50.135Z] 🔒 Browser closed
[2025-11-21T12:47:50.135Z] 🚀 Initializing browser with anti-detection...
[2025-11-21T12:47:50.451Z] ✅ Browser initialized with stealth mode
[2025-11-21T12:47:50.451Z] 🔍 Processing 1h-swords item 58018 (1420/340)
[2025-11-21T12:47:54.458Z] ✅ Collected HTML for item 58018
[2025-11-21T12:47:56.461Z] 🔄 Restarting browser for fresh session...
[2025-11-21T12:47:56.570Z] 🔒 Browser closed
[2025-11-21T12:47:56.570Z] 🚀 Initializing browser with anti-detection...
[2025-11-21T12:47:56.847Z] ✅ Browser initialized with stealth mode
[2025-11-21T12:47:56.848Z] 🔍 Processing 1h-swords item 58036 (1421/340)
[2025-11-21T12:48:00.841Z] ✅ Collected HTML for item 58036
[2025-11-21T12:48:02.845Z] 🔄 Restarting browser for fresh session...
[2025-11-21T12:48:02.947Z] 🔒 Browser closed
[2025-11-21T12:48:02.947Z] 🚀 Initializing browser with anti-detection...
[2025-11-21T12:48:03.230Z] ✅ Browser initialized with stealth mode
[2025-11-21T12:48:03.230Z] 🔍 Processing 1h-swords item 58154 (1422/340)
[2025-11-21T12:48:07.226Z] ✅ Collected HTML for item 58154
[2025-11-21T12:48:09.230Z] 🔄 Restarting browser for fresh session...
[2025-11-21T12:48:09.332Z] 🔒 Browser closed
[2025-11-21T12:48:09.332Z] 🚀 Initializing browser with anti-detection...
[2025-11-21T12:48:09.608Z] ✅ Browser initialized with stealth mode
[2025-11-21T12:48:09.609Z] 🔍 Processing 1h-swords item 58282 (1423/340)
[2025-11-21T12:48:13.485Z] ✅ Collected HTML for item 58282
[2025-11-21T12:48:15.488Z] 🔄 Restarting browser for fresh session...
[2025-11-21T12:48:15.586Z] 🔒 Browser closed
[2025-11-21T12:48:15.586Z] 🚀 Initializing browser with anti-detection...
[2025-11-21T12:48:15.885Z] ✅ Browser initialized with stealth mode
[2025-11-21T12:48:15.885Z] 🔍 Processing 1h-swords item 60200 (1424/340)
[2025-11-21T12:48:19.732Z] ✅ Collected HTML for item 60200
[2025-11-21T12:48:21.735Z] 🔄 Restarting browser for fresh session...
[2025-11-21T12:48:21.833Z] 🔒 Browser closed
[2025-11-21T12:48:21.833Z] 🚀 Initializing browser with anti-detection...
[2025-11-21T12:48:22.106Z] ✅ Browser initialized with stealth mode
[2025-11-21T12:48:22.106Z] 🔍 Processing 1h-swords item 60796 (1425/340)
[2025-11-21T12:48:25.979Z] ✅ Collected HTML for item 60796
[2025-11-21T12:48:27.983Z] 🔄 Restarting browser for fresh session...
[2025-11-21T12:48:28.084Z] 🔒 Browser closed
[2025-11-21T12:48:28.085Z] 🚀 Initializing browser with anti-detection...
[2025-11-21T12:48:28.377Z] ✅ Browser initialized with stealth mode
[2025-11-21T12:48:28.377Z] 🔍 Processing 1h-swords item 60845 (1426/340)
[2025-11-21T12:48:32.387Z] ✅ Collected HTML for item 60845
[2025-11-21T12:48:34.389Z] 🔄 Restarting browser for fresh session...
[2025-11-21T12:48:34.483Z] 🔒 Browser closed
[2025-11-21T12:48:34.483Z] 🚀 Initializing browser with anti-detection...
[2025-11-21T12:48:34.762Z] ✅ Browser initialized with stealth mode
[2025-11-21T12:48:34.762Z] 🔍 Processing 1h-swords item 61166 (1427/340)
[2025-11-21T12:48:38.791Z] ✅ Collected HTML for item 61166
[2025-11-21T12:48:40.794Z] 🔄 Restarting browser for fresh session...
[2025-11-21T12:48:40.897Z] 🔒 Browser closed
[2025-11-21T12:48:40.897Z] 🚀 Initializing browser with anti-detection...
[2025-11-21T12:48:41.171Z] ✅ Browser initialized with stealth mode
[2025-11-21T12:48:41.172Z] 🔍 Processing 1h-swords item 61577 (1428/340)
[2025-11-21T12:48:45.046Z] ✅ Collected HTML for item 61577
[2025-11-21T12:48:47.048Z] 🔄 Restarting browser for fresh session...
[2025-11-21T12:48:47.145Z] 🔒 Browser closed
[2025-11-21T12:48:47.145Z] 🚀 Initializing browser with anti-detection...
[2025-11-21T12:48:47.446Z] ✅ Browser initialized with stealth mode
[2025-11-21T12:48:47.446Z] 🔍 Processing 1h-swords item 80601 (1429/340)
[2025-11-21T12:48:51.299Z] ✅ Collected HTML for item 80601
[2025-11-21T12:48:53.302Z] 🔄 Restarting browser for fresh session...
[2025-11-21T12:48:53.402Z] 🔒 Browser closed
[2025-11-21T12:48:53.402Z] 🚀 Initializing browser with anti-detection...
[2025-11-21T12:48:53.678Z] ✅ Browser initialized with stealth mode
[2025-11-21T12:48:53.678Z] 🔍 Processing 1h-swords item 81339 (1430/340)
[2025-11-21T12:48:57.670Z] ✅ Collected HTML for item 81339
[2025-11-21T12:48:59.673Z] 🔄 Restarting browser for fresh session...
[2025-11-21T12:48:59.783Z] 🔒 Browser closed
[2025-11-21T12:48:59.783Z] 🚀 Initializing browser with anti-detection...
[2025-11-21T12:49:00.080Z] ✅ Browser initialized with stealth mode
[2025-11-21T12:49:00.080Z] 🔍 Processing 1h-swords item 727 (1431/340)
[2025-11-21T12:49:04.080Z] ✅ Collected HTML for item 727
[2025-11-21T12:49:06.082Z] 🔄 Restarting browser for fresh session...
[2025-11-21T12:49:06.186Z] 🔒 Browser closed
[2025-11-21T12:49:06.187Z] 🚀 Initializing browser with anti-detection...
[2025-11-21T12:49:06.463Z] ✅ Browser initialized with stealth mode
[2025-11-21T12:49:06.463Z] 🔍 Processing 1h-swords item 851 (1432/340)
[2025-11-21T12:49:10.337Z] ✅ Collected HTML for item 851
[2025-11-21T12:49:12.340Z] 🔄 Restarting browser for fresh session...
[2025-11-21T12:49:12.446Z] 🔒 Browser closed
[2025-11-21T12:49:12.446Z] 🚀 Initializing browser with anti-detection...
[2025-11-21T12:49:12.732Z] ✅ Browser initialized with stealth mode
[2025-11-21T12:49:12.732Z] 🔍 Processing 1h-swords item 997 (1433/340)
[2025-11-21T12:49:16.728Z] ✅ Collected HTML for item 997
[2025-11-21T12:49:18.730Z] 🔄 Restarting browser for fresh session...
[2025-11-21T12:49:18.834Z] 🔒 Browser closed
[2025-11-21T12:49:18.834Z] 🚀 Initializing browser with anti-detection...
[2025-11-21T12:49:19.109Z] ✅ Browser initialized with stealth mode
[2025-11-21T12:49:19.109Z] 🔍 Processing 1h-swords item 1219 (1434/340)
[2025-11-21T12:49:23.102Z] ✅ Collected HTML for item 1219
[2025-11-21T12:49:25.106Z] 🔄 Restarting browser for fresh session...
[2025-11-21T12:49:25.215Z] 🔒 Browser closed
[2025-11-21T12:49:25.215Z] 🚀 Initializing browser with anti-detection...
[2025-11-21T12:49:25.511Z] ✅ Browser initialized with stealth mode
[2025-11-21T12:49:25.511Z] 🔍 Processing 1h-swords item 1384 (1435/340)
[2025-11-21T12:49:29.524Z] ✅ Collected HTML for item 1384
[2025-11-21T12:49:31.528Z] 🔄 Restarting browser for fresh session...
[2025-11-21T12:49:31.633Z] 🔒 Browser closed
[2025-11-21T12:49:31.633Z] 🚀 Initializing browser with anti-detection...
[2025-11-21T12:49:31.935Z] ✅ Browser initialized with stealth mode
[2025-11-21T12:49:31.935Z] 🔍 Processing 1h-swords item 1469 (1436/340)
[2025-11-21T12:49:35.950Z] ✅ Collected HTML for item 1469
[2025-11-21T12:49:37.952Z] 🔄 Restarting browser for fresh session...
[2025-11-21T12:49:38.055Z] 🔒 Browser closed
[2025-11-21T12:49:38.055Z] 🚀 Initializing browser with anti-detection...
[2025-11-21T12:49:38.349Z] ✅ Browser initialized with stealth mode
[2025-11-21T12:49:38.350Z] 🔍 Processing 1h-swords item 2018 (1437/340)
[2025-11-21T12:49:42.211Z] ✅ Collected HTML for item 2018
[2025-11-21T12:49:44.215Z] 🔄 Restarting browser for fresh session...
[2025-11-21T12:49:44.322Z] 🔒 Browser closed
[2025-11-21T12:49:44.322Z] 🚀 Initializing browser with anti-detection...
[2025-11-21T12:49:44.607Z] ✅ Browser initialized with stealth mode
[2025-11-21T12:49:44.607Z] 🔍 Processing 1h-swords item 2035 (1438/340)
[2025-11-21T12:49:48.479Z] ✅ Collected HTML for item 2035
[2025-11-21T12:49:50.482Z] 🔄 Restarting browser for fresh session...
[2025-11-21T12:49:50.590Z] 🔒 Browser closed
[2025-11-21T12:49:50.590Z] 🚀 Initializing browser with anti-detection...
[2025-11-21T12:49:50.876Z] ✅ Browser initialized with stealth mode
[2025-11-21T12:49:50.877Z] 🔍 Processing 1h-swords item 2074 (1439/340)
[2025-11-21T12:49:54.870Z] ✅ Collected HTML for item 2074
[2025-11-21T12:49:56.872Z] 🔄 Restarting browser for fresh session...
[2025-11-21T12:49:56.974Z] 🔒 Browser closed
[2025-11-21T12:49:56.974Z] 🚀 Initializing browser with anti-detection...
[2025-11-21T12:49:57.275Z] ✅ Browser initialized with stealth mode
[2025-11-21T12:49:57.275Z] 🔍 Processing 1h-swords item 2078 (1440/340)
[2025-11-21T12:50:01.291Z] ✅ Collected HTML for item 2078
[2025-11-21T12:50:03.292Z] 🔄 Restarting browser for fresh session...
[2025-11-21T12:50:03.389Z] 🔒 Browser closed
[2025-11-21T12:50:03.389Z] 🚀 Initializing browser with anti-detection...
[2025-11-21T12:50:03.658Z] ✅ Browser initialized with stealth mode
[2025-11-21T12:50:03.659Z] 🔍 Processing 1h-swords item 2258 (1441/340)
[2025-11-21T12:50:07.914Z] ✅ Collected HTML for item 2258
[2025-11-21T12:50:09.917Z] 🔄 Restarting browser for fresh session...
[2025-11-21T12:50:10.021Z] 🔒 Browser closed
[2025-11-21T12:50:10.021Z] 🚀 Initializing browser with anti-detection...
[2025-11-21T12:50:10.311Z] ✅ Browser initialized with stealth mode
[2025-11-21T12:50:10.311Z] 🔍 Processing 1h-swords item 2263 (1442/340)
[2025-11-21T12:50:14.325Z] ✅ Collected HTML for item 2263
[2025-11-21T12:50:16.327Z] 🔄 Restarting browser for fresh session...
[2025-11-21T12:50:16.430Z] 🔒 Browser closed
[2025-11-21T12:50:16.430Z] 🚀 Initializing browser with anti-detection...
[2025-11-21T12:50:16.703Z] ✅ Browser initialized with stealth mode
[2025-11-21T12:50:16.704Z] 🔍 Processing 1h-swords item 2520 (1443/340)
[2025-11-21T12:50:20.579Z] ✅ Collected HTML for item 2520
[2025-11-21T12:50:22.581Z] 🔄 Restarting browser for fresh session...
[2025-11-21T12:50:22.684Z] 🔒 Browser closed
[2025-11-21T12:50:22.684Z] 🚀 Initializing browser with anti-detection...
[2025-11-21T12:50:22.954Z] ✅ Browser initialized with stealth mode
[2025-11-21T12:50:22.954Z] 🔍 Processing 1h-swords item 2528 (1444/340)
[2025-11-21T12:50:26.830Z] ✅ Collected HTML for item 2528
[2025-11-21T12:50:28.833Z] 🔄 Restarting browser for fresh session...
[2025-11-21T12:50:28.936Z] 🔒 Browser closed
[2025-11-21T12:50:28.936Z] 🚀 Initializing browser with anti-detection...
[2025-11-21T12:50:29.216Z] ✅ Browser initialized with stealth mode
[2025-11-21T12:50:29.217Z] 🔍 Processing 1h-swords item 2541 (1445/340)
[2025-11-21T12:50:33.208Z] ✅ Collected HTML for item 2541
[2025-11-21T12:50:35.210Z] 🔄 Restarting browser for fresh session...
[2025-11-21T12:50:35.314Z] 🔒 Browser closed
[2025-11-21T12:50:35.314Z] 🚀 Initializing browser with anti-detection...
[2025-11-21T12:50:35.596Z] ✅ Browser initialized with stealth mode
[2025-11-21T12:50:35.596Z] 🔍 Processing 1h-swords item 2847 (1446/340)
[2025-11-21T12:50:39.598Z] ✅ Collected HTML for item 2847
[2025-11-21T12:50:41.602Z] 🔄 Restarting browser for fresh session...
[2025-11-21T12:50:41.699Z] 🔒 Browser closed
[2025-11-21T12:50:41.699Z] 🚀 Initializing browser with anti-detection...
[2025-11-21T12:50:41.975Z] ✅ Browser initialized with stealth mode
[2025-11-21T12:50:41.976Z] 🔍 Processing 1h-swords item 2850 (1447/340)
[2025-11-21T12:50:45.970Z] ✅ Collected HTML for item 2850
[2025-11-21T12:50:47.971Z] 🔄 Restarting browser for fresh session...
[2025-11-21T12:50:48.071Z] 🔒 Browser closed
[2025-11-21T12:50:48.071Z] 🚀 Initializing browser with anti-detection...
[2025-11-21T12:50:48.368Z] ✅ Browser initialized with stealth mode
[2025-11-21T12:50:48.368Z] 🔍 Processing 1h-swords item 3186 (1448/340)
[2025-11-21T12:50:52.385Z] ✅ Collected HTML for item 3186
[2025-11-21T12:50:54.387Z] 🔄 Restarting browser for fresh session...
[2025-11-21T12:50:54.489Z] 🔒 Browser closed
[2025-11-21T12:50:54.489Z] 🚀 Initializing browser with anti-detection...
[2025-11-21T12:50:54.768Z] ✅ Browser initialized with stealth mode
[2025-11-21T12:50:54.768Z] 🔍 Processing 1h-swords item 3267 (1449/340)
[2025-11-21T12:50:58.761Z] ✅ Collected HTML for item 3267
[2025-11-21T12:51:00.762Z] 🔄 Restarting browser for fresh session...
[2025-11-21T12:51:00.864Z] 🔒 Browser closed
[2025-11-21T12:51:00.864Z] 🚀 Initializing browser with anti-detection...
[2025-11-21T12:51:01.144Z] ✅ Browser initialized with stealth mode
[2025-11-21T12:51:01.144Z] 🔍 Processing 1h-swords item 3295 (1450/340)
[2025-11-21T12:51:05.139Z] ✅ Collected HTML for item 3295
[2025-11-21T12:51:07.141Z] 🔄 Restarting browser for fresh session...
[2025-11-21T12:51:07.245Z] 🔒 Browser closed
[2025-11-21T12:51:07.245Z] 🚀 Initializing browser with anti-detection...
[2025-11-21T12:51:07.516Z] ✅ Browser initialized with stealth mode
[2025-11-21T12:51:07.516Z] 🔍 Processing 1h-swords item 3455 (1451/340)
[2025-11-21T12:51:11.511Z] ✅ Collected HTML for item 3455
[2025-11-21T12:51:13.514Z] 🔄 Restarting browser for fresh session...
[2025-11-21T12:51:13.606Z] 🔒 Browser closed
[2025-11-21T12:51:13.607Z] 🚀 Initializing browser with anti-detection...
[2025-11-21T12:51:13.888Z] ✅ Browser initialized with stealth mode
[2025-11-21T12:51:13.889Z] 🔍 Processing 1h-swords item 3462 (1452/340)
[2025-11-21T12:51:17.882Z] ✅ Collected HTML for item 3462
[2025-11-21T12:51:19.885Z] 🔄 Restarting browser for fresh session...
[2025-11-21T12:51:19.989Z] 🔒 Browser closed
[2025-11-21T12:51:19.989Z] 🚀 Initializing browser with anti-detection...
[2025-11-21T12:51:20.286Z] ✅ Browser initialized with stealth mode
[2025-11-21T12:51:20.286Z] 🔍 Processing 1h-swords item 4116 (1453/340)
[2025-11-21T12:51:24.300Z] ✅ Collected HTML for item 4116
[2025-11-21T12:51:26.304Z] 🔄 Restarting browser for fresh session...
[2025-11-21T12:51:26.401Z] 🔒 Browser closed
[2025-11-21T12:51:26.401Z] 🚀 Initializing browser with anti-detection...
[2025-11-21T12:51:26.692Z] ✅ Browser initialized with stealth mode
[2025-11-21T12:51:26.692Z] 🔍 Processing 1h-swords item 4560 (1454/340)
[2025-11-21T12:51:30.705Z] ✅ Collected HTML for item 4560
[2025-11-21T12:51:32.708Z] 🔄 Restarting browser for fresh session...
[2025-11-21T12:51:32.814Z] 🔒 Browser closed
[2025-11-21T12:51:32.814Z] 🚀 Initializing browser with anti-detection...
[2025-11-21T12:51:33.105Z] ✅ Browser initialized with stealth mode
[2025-11-21T12:51:33.105Z] 🔍 Processing 1h-swords item 4977 (1455/340)
[2025-11-21T12:51:37.107Z] ✅ Collected HTML for item 4977
[2025-11-21T12:51:39.110Z] 🔄 Restarting browser for fresh session...
[2025-11-21T12:51:39.208Z] 🔒 Browser closed
[2025-11-21T12:51:39.208Z] 🚀 Initializing browser with anti-detection...
[2025-11-21T12:51:39.498Z] ✅ Browser initialized with stealth mode
[2025-11-21T12:51:39.498Z] 🔍 Processing 1h-swords item 5192 (1456/340)
[2025-11-21T12:51:43.497Z] ✅ Collected HTML for item 5192
[2025-11-21T12:51:45.500Z] 🔄 Restarting browser for fresh session...
[2025-11-21T12:51:45.541Z] 🔒 Browser closed
[2025-11-21T12:51:45.542Z] 🚀 Initializing browser with anti-detection...
[2025-11-21T12:51:45.841Z] ✅ Browser initialized with stealth mode
[2025-11-21T12:51:45.842Z] 🔍 Processing 1h-swords item 5744 (1457/340)
[2025-11-21T12:51:49.836Z] ✅ Collected HTML for item 5744
[2025-11-21T13:04:31.940Z] 🔄 Restarting browser for fresh session...
[2025-11-21T13:04:32.144Z] 🔒 Browser closed
[2025-11-21T13:04:32.144Z] 🚀 Initializing browser with anti-detection...
[2025-11-21T13:04:32.636Z] ✅ Browser initialized with stealth mode
[2025-11-21T13:04:32.636Z] 🔍 Processing 1h-swords item 6984 (1458/340)
[2025-11-21T13:04:36.632Z] ✅ Collected HTML for item 6984
[2025-11-21T13:04:38.636Z] 🔄 Restarting browser for fresh session...
[2025-11-21T13:04:38.723Z] 🔒 Browser closed
[2025-11-21T13:04:38.723Z] 🚀 Initializing browser with anti-detection...
[2025-11-21T13:04:39.055Z] ✅ Browser initialized with stealth mode
[2025-11-21T13:04:39.055Z] 🔍 Processing 1h-swords item 7329 (1459/340)
[2025-11-21T13:04:42.919Z] ✅ Collected HTML for item 7329
[2025-11-21T13:04:44.923Z] 🔄 Restarting browser for fresh session...
[2025-11-21T13:04:45.020Z] 🔒 Browser closed
[2025-11-21T13:04:45.020Z] 🚀 Initializing browser with anti-detection...
[2025-11-21T13:04:45.321Z] ✅ Browser initialized with stealth mode
[2025-11-21T13:04:45.321Z] 🔍 Processing 1h-swords item 7943 (1460/340)
[2025-11-21T13:04:49.335Z] ✅ Collected HTML for item 7943
[2025-11-21T13:04:51.339Z] 🔄 Restarting browser for fresh session...
[2025-11-21T13:04:51.431Z] 🔒 Browser closed
[2025-11-21T13:04:51.432Z] 🚀 Initializing browser with anti-detection...
[2025-11-21T13:04:51.719Z] ✅ Browser initialized with stealth mode
[2025-11-21T13:04:51.719Z] 🔍 Processing 1h-swords item 8224 (1461/340)
[2025-11-21T13:04:55.713Z] ✅ Collected HTML for item 8224
[2025-11-21T13:04:57.717Z] 🔄 Restarting browser for fresh session...
[2025-11-21T13:04:57.814Z] 🔒 Browser closed
[2025-11-21T13:04:57.814Z] 🚀 Initializing browser with anti-detection...
[2025-11-21T13:04:58.104Z] ✅ Browser initialized with stealth mode
[2025-11-21T13:04:58.104Z] 🔍 Processing 1h-swords item 14391 (1462/340)
[2025-11-21T13:05:02.778Z] ✅ Collected HTML for item 14391
[2025-11-21T13:05:04.780Z] 🔄 Restarting browser for fresh session...
[2025-11-21T13:05:04.863Z] 🔒 Browser closed
[2025-11-21T13:05:04.863Z] 🚀 Initializing browser with anti-detection...
[2025-11-21T13:05:05.155Z] ✅ Browser initialized with stealth mode
[2025-11-21T13:05:05.155Z] 🔍 Processing 1h-swords item 15210 (1463/340)
[2025-11-21T13:05:09.164Z] ✅ Collected HTML for item 15210
[2025-11-21T13:05:11.165Z] 🔄 Restarting browser for fresh session...
[2025-11-21T13:05:11.262Z] 🔒 Browser closed
[2025-11-21T13:05:11.262Z] 🚀 Initializing browser with anti-detection...
[2025-11-21T13:05:11.553Z] ✅ Browser initialized with stealth mode
[2025-11-21T13:05:11.553Z] 🔍 Processing 1h-swords item 15211 (1464/340)
[2025-11-21T13:05:15.430Z] ✅ Collected HTML for item 15211
[2025-11-21T13:05:17.431Z] 🔄 Restarting browser for fresh session...
[2025-11-21T13:05:17.539Z] 🔒 Browser closed
[2025-11-21T13:05:17.539Z] 🚀 Initializing browser with anti-detection...
[2025-11-21T13:05:17.836Z] ✅ Browser initialized with stealth mode
[2025-11-21T13:05:17.836Z] 🔍 Processing 1h-swords item 15214 (1465/340)
[2025-11-21T13:05:21.831Z] ✅ Collected HTML for item 15214
[2025-11-21T13:05:23.832Z] 🔄 Restarting browser for fresh session...
[2025-11-21T13:05:23.922Z] 🔒 Browser closed
[2025-11-21T13:05:23.922Z] 🚀 Initializing browser with anti-detection...
[2025-11-21T13:05:24.204Z] ✅ Browser initialized with stealth mode
[2025-11-21T13:05:24.204Z] 🔍 Processing 1h-swords item 15216 (1466/340)
[2025-11-21T13:20:50.613Z] 🔄 Retrying item 15216 in 5 seconds...
[2025-11-21T13:21:03.825Z] ✅ Collected HTML for item 15216
[2025-11-21T13:21:05.829Z] 🔄 Restarting browser for fresh session...
[2025-11-21T13:21:05.916Z] 🔒 Browser closed
[2025-11-21T13:21:05.916Z] 🚀 Initializing browser with anti-detection...
[2025-11-21T13:21:06.252Z] ✅ Browser initialized with stealth mode
[2025-11-21T13:21:06.253Z] 🔍 Processing 1h-swords item 15217 (1467/340)
[2025-11-21T13:21:10.254Z] ✅ Collected HTML for item 15217
[2025-11-21T13:21:12.258Z] 🔄 Restarting browser for fresh session...
[2025-11-21T13:21:12.354Z] 🔒 Browser closed
[2025-11-21T13:21:12.354Z] 🚀 Initializing browser with anti-detection...
[2025-11-21T13:21:12.657Z] ✅ Browser initialized with stealth mode
[2025-11-21T13:21:12.657Z] 🔍 Processing 1h-swords item 15705 (1468/340)
[2025-11-21T13:21:17.451Z] ✅ Collected HTML for item 15705
[2025-11-21T13:21:19.455Z] 🔄 Restarting browser for fresh session...
[2025-11-21T13:21:19.551Z] 🔒 Browser closed
[2025-11-21T13:21:19.551Z] 🚀 Initializing browser with anti-detection...
[2025-11-21T13:21:19.829Z] ✅ Browser initialized with stealth mode
[2025-11-21T13:21:19.829Z] 🔍 Processing 1h-swords item 15801 (1469/340)
[2025-11-21T13:21:23.839Z] ✅ Collected HTML for item 15801
[2025-11-21T13:21:25.843Z] 🔄 Restarting browser for fresh session...
[2025-11-21T13:21:25.942Z] 🔒 Browser closed
[2025-11-21T13:21:25.942Z] 🚀 Initializing browser with anti-detection...
[2025-11-21T13:21:26.220Z] ✅ Browser initialized with stealth mode
[2025-11-21T13:21:26.220Z] 🔍 Processing 1h-swords item 16890 (1470/340)
[2025-11-21T13:21:30.096Z] ✅ Collected HTML for item 16890
[2025-11-21T13:21:32.100Z] 🔄 Restarting browser for fresh session...
[2025-11-21T13:21:32.185Z] 🔒 Browser closed
[2025-11-21T13:21:32.185Z] 🚀 Initializing browser with anti-detection...
[2025-11-21T13:21:32.491Z] ✅ Browser initialized with stealth mode
[2025-11-21T13:21:32.491Z] 🔍 Processing 1h-swords item 18463 (1471/340)
[2025-11-21T13:21:36.503Z] ✅ Collected HTML for item 18463
[2025-11-21T13:21:38.506Z] 🔄 Restarting browser for fresh session...
[2025-11-21T13:21:38.605Z] 🔒 Browser closed
[2025-11-21T13:21:38.606Z] 🚀 Initializing browser with anti-detection...
[2025-11-21T13:21:38.882Z] ✅ Browser initialized with stealth mode
[2025-11-21T13:21:38.882Z] 🔍 Processing 1h-swords item 19040 (1472/340)
[2025-11-21T13:21:42.759Z] ✅ Collected HTML for item 19040
[2025-11-21T13:21:44.761Z] 🔄 Restarting browser for fresh session...
[2025-11-21T13:21:44.861Z] 🔒 Browser closed
[2025-11-21T13:21:44.861Z] 🚀 Initializing browser with anti-detection...
[2025-11-21T13:21:45.141Z] ✅ Browser initialized with stealth mode
[2025-11-21T13:21:45.141Z] 🔍 Processing 1h-swords item 41024 (1473/340)
[2025-11-21T13:21:49.018Z] ✅ Collected HTML for item 41024
[2025-11-21T13:21:51.022Z] 🔄 Restarting browser for fresh session...
[2025-11-21T13:21:51.123Z] 🔒 Browser closed
[2025-11-21T13:21:51.123Z] 🚀 Initializing browser with anti-detection...
[2025-11-21T13:21:51.400Z] ✅ Browser initialized with stealth mode
[2025-11-21T13:21:51.401Z] 🔍 Processing 1h-swords item 51041 (1474/340)
[2025-11-21T13:21:55.278Z] ✅ Collected HTML for item 51041
[2025-11-21T13:21:57.281Z] 🔄 Restarting browser for fresh session...
[2025-11-21T13:21:57.372Z] 🔒 Browser closed
[2025-11-21T13:21:57.372Z] 🚀 Initializing browser with anti-detection...
[2025-11-21T13:21:57.650Z] ✅ Browser initialized with stealth mode
[2025-11-21T13:21:57.650Z] 🔍 Processing 1h-swords item 51793 (1475/340)
[2025-11-21T13:22:01.655Z] ✅ Collected HTML for item 51793
[2025-11-21T13:22:03.659Z] 🔄 Restarting browser for fresh session...
[2025-11-21T13:22:03.751Z] 🔒 Browser closed
[2025-11-21T13:22:03.752Z] 🚀 Initializing browser with anti-detection...
[2025-11-21T13:22:04.048Z] ✅ Browser initialized with stealth mode
[2025-11-21T13:22:04.048Z] 🔍 Processing 1h-swords item 60169 (1476/340)
[2025-11-21T13:22:07.915Z] ✅ Collected HTML for item 60169
[2025-11-21T13:22:09.918Z] 🔄 Restarting browser for fresh session...
[2025-11-21T13:22:10.005Z] 🔒 Browser closed
[2025-11-21T13:22:10.005Z] 🚀 Initializing browser with anti-detection...
[2025-11-21T13:22:10.307Z] ✅ Browser initialized with stealth mode
[2025-11-21T13:22:10.307Z] 🔍 Processing 1h-swords item 60764 (1477/340)
[2025-11-21T13:22:14.307Z] ✅ Collected HTML for item 60764
[2025-11-21T13:22:16.309Z] 🔄 Restarting browser for fresh session...
[2025-11-21T13:22:16.401Z] 🔒 Browser closed
[2025-11-21T13:22:16.401Z] 🚀 Initializing browser with anti-detection...
[2025-11-21T13:22:16.694Z] ✅ Browser initialized with stealth mode
[2025-11-21T13:22:16.695Z] 🔍 Processing 1h-swords item 61373 (1478/340)
[2025-11-21T13:22:20.567Z] ✅ Collected HTML for item 61373
[2025-11-21T13:22:22.570Z] 🔄 Restarting browser for fresh session...
[2025-11-21T13:22:22.664Z] 🔒 Browser closed
[2025-11-21T13:22:22.664Z] 🚀 Initializing browser with anti-detection...
[2025-11-21T13:22:22.951Z] ✅ Browser initialized with stealth mode
[2025-11-21T13:22:22.951Z] 🔍 Processing 1h-swords item 61529 (1479/340)
[2025-11-21T13:22:26.948Z] ✅ Collected HTML for item 61529
[2025-11-21T13:22:28.950Z] 🔄 Restarting browser for fresh session...
[2025-11-21T13:22:29.043Z] 🔒 Browser closed
[2025-11-21T13:22:29.043Z] 🚀 Initializing browser with anti-detection...
[2025-11-21T13:22:29.342Z] ✅ Browser initialized with stealth mode
[2025-11-21T13:22:29.342Z] 🔍 Processing 1h-swords item 80501 (1480/340)
[2025-11-21T13:22:33.211Z] ✅ Collected HTML for item 80501
[2025-11-21T13:22:35.215Z] 🔄 Restarting browser for fresh session...
[2025-11-21T13:22:35.304Z] 🔒 Browser closed
[2025-11-21T13:22:35.304Z] 🚀 Initializing browser with anti-detection...
[2025-11-21T13:22:35.589Z] ✅ Browser initialized with stealth mode
[2025-11-21T13:22:35.589Z] 🔍 Processing 1h-swords item 25 (1481/340)
[2025-11-21T13:22:39.594Z] ✅ Collected HTML for item 25
[2025-11-21T13:22:41.597Z] 🔄 Restarting browser for fresh session...
[2025-11-21T13:22:41.694Z] 🔒 Browser closed
[2025-11-21T13:22:41.694Z] 🚀 Initializing browser with anti-detection...
[2025-11-21T13:22:41.998Z] ✅ Browser initialized with stealth mode
[2025-11-21T13:22:41.998Z] 🔍 Processing 1h-swords item 923 (1482/340)
[2025-11-21T13:22:45.996Z] ✅ Collected HTML for item 923
[2025-11-21T13:22:47.999Z] 🔄 Restarting browser for fresh session...
[2025-11-21T13:22:48.087Z] 🔒 Browser closed
[2025-11-21T13:22:48.087Z] 🚀 Initializing browser with anti-detection...
[2025-11-21T13:22:48.384Z] ✅ Browser initialized with stealth mode
[2025-11-21T13:22:48.384Z] 🔍 Processing 1h-swords item 945 (1483/340)
[2025-11-21T13:22:52.394Z] ✅ Collected HTML for item 945
[2025-11-21T13:22:54.397Z] 🔄 Restarting browser for fresh session...
[2025-11-21T13:22:54.498Z] 🔒 Browser closed
[2025-11-21T13:22:54.498Z] 🚀 Initializing browser with anti-detection...
[2025-11-21T13:22:54.784Z] ✅ Browser initialized with stealth mode
[2025-11-21T13:22:54.784Z] 🔍 Processing 1h-swords item 948 (1484/340)
[2025-11-21T13:22:58.655Z] ✅ Collected HTML for item 948
[2025-11-21T13:23:00.658Z] 🔄 Restarting browser for fresh session...
[2025-11-21T13:23:00.752Z] 🔒 Browser closed
[2025-11-21T13:23:00.752Z] 🚀 Initializing browser with anti-detection...
[2025-11-21T13:23:01.047Z] ✅ Browser initialized with stealth mode
[2025-11-21T13:23:01.047Z] 🔍 Processing 1h-swords item 1008 (1485/340)
[2025-11-21T13:23:21.982Z] ✅ Collected HTML for item 1008
[2025-11-21T13:23:23.988Z] 🔄 Restarting browser for fresh session...
[2025-11-21T13:23:24.084Z] 🔒 Browser closed
[2025-11-21T13:23:24.084Z] 🚀 Initializing browser with anti-detection...
[2025-11-21T13:23:24.362Z] ✅ Browser initialized with stealth mode
[2025-11-21T13:23:24.362Z] 🔍 Processing 1h-swords item 1161 (1486/340)
[2025-11-21T13:23:28.243Z] ✅ Collected HTML for item 1161
[2025-11-21T13:23:30.247Z] 🔄 Restarting browser for fresh session...
[2025-11-21T13:23:30.360Z] 🔒 Browser closed
[2025-11-21T13:23:30.360Z] 🚀 Initializing browser with anti-detection...
[2025-11-21T13:23:30.666Z] ✅ Browser initialized with stealth mode
[2025-11-21T13:23:30.667Z] 🔍 Processing 1h-swords item 1413 (1487/340)
[2025-11-21T13:23:34.674Z] ✅ Collected HTML for item 1413
[2025-11-21T13:23:36.677Z] 🔄 Restarting browser for fresh session...
[2025-11-21T13:23:36.772Z] 🔒 Browser closed
[2025-11-21T13:23:36.772Z] 🚀 Initializing browser with anti-detection...
[2025-11-21T13:23:37.068Z] ✅ Browser initialized with stealth mode
[2025-11-21T13:23:37.068Z] 🔍 Processing 1h-swords item 1511 (1488/340)
[2025-11-21T13:23:40.938Z] ✅ Collected HTML for item 1511
[2025-11-21T13:23:42.941Z] 🔄 Restarting browser for fresh session...
[2025-11-21T13:23:43.031Z] 🔒 Browser closed
[2025-11-21T13:23:43.031Z] 🚀 Initializing browser with anti-detection...
[2025-11-21T13:23:43.319Z] ✅ Browser initialized with stealth mode
[2025-11-21T13:23:43.319Z] 🔍 Processing 1h-swords item 2027 (1489/340)
[2025-11-21T13:23:48.012Z] ✅ Collected HTML for item 2027
[2025-11-21T13:23:50.015Z] 🔄 Restarting browser for fresh session...
[2025-11-21T13:23:50.112Z] 🔒 Browser closed
[2025-11-21T13:23:50.113Z] 🚀 Initializing browser with anti-detection...
[2025-11-21T13:23:50.411Z] ✅ Browser initialized with stealth mode
[2025-11-21T13:23:50.411Z] 🔍 Processing 1h-swords item 2057 (1490/340)
[2025-11-21T13:23:54.283Z] ✅ Collected HTML for item 2057
[2025-11-21T13:23:56.284Z] 🔄 Restarting browser for fresh session...
[2025-11-21T13:23:56.376Z] 🔒 Browser closed
[2025-11-21T13:23:56.377Z] 🚀 Initializing browser with anti-detection...
[2025-11-21T13:23:56.660Z] ✅ Browser initialized with stealth mode
[2025-11-21T13:23:56.660Z] 🔍 Processing 1h-swords item 2065 (1491/340)
[2025-11-21T13:24:00.536Z] ✅ Collected HTML for item 2065
[2025-11-21T13:24:02.538Z] 🔄 Restarting browser for fresh session...
[2025-11-21T13:24:02.639Z] 🔒 Browser closed
[2025-11-21T13:24:02.639Z] 🚀 Initializing browser with anti-detection...
[2025-11-21T13:24:02.924Z] ✅ Browser initialized with stealth mode
[2025-11-21T13:24:02.924Z] 🔍 Processing 1h-swords item 2131 (1492/340)
[2025-11-21T13:24:07.208Z] ✅ Collected HTML for item 2131
[2025-11-21T13:24:09.210Z] 🔄 Restarting browser for fresh session...
[2025-11-21T13:24:09.301Z] 🔒 Browser closed
[2025-11-21T13:24:09.301Z] 🚀 Initializing browser with anti-detection...
[2025-11-21T13:24:09.612Z] ✅ Browser initialized with stealth mode
[2025-11-21T13:24:09.612Z] 🔍 Processing 1h-swords item 2147 (1493/340)
[2025-11-21T13:24:13.623Z] ✅ Collected HTML for item 2147
[2025-11-21T13:24:15.627Z] 🔄 Restarting browser for fresh session...
[2025-11-21T13:24:15.723Z] 🔒 Browser closed
[2025-11-21T13:24:15.723Z] 🚀 Initializing browser with anti-detection...
[2025-11-21T13:24:16.010Z] ✅ Browser initialized with stealth mode
[2025-11-21T13:24:16.010Z] 🔍 Processing 1h-swords item 2268 (1494/340)
[2025-11-21T13:24:20.016Z] ✅ Collected HTML for item 2268
[2025-11-21T13:24:22.020Z] 🔄 Restarting browser for fresh session...
[2025-11-21T13:24:22.119Z] 🔒 Browser closed
[2025-11-21T13:24:22.119Z] 🚀 Initializing browser with anti-detection...
[2025-11-21T13:24:22.422Z] ✅ Browser initialized with stealth mode
[2025-11-21T13:24:22.422Z] 🔍 Processing 1h-swords item 2282 (1495/340)
[2025-11-21T13:24:26.284Z] ✅ Collected HTML for item 2282
[2025-11-21T13:24:28.285Z] 🔄 Restarting browser for fresh session...
[2025-11-21T13:24:28.374Z] 🔒 Browser closed
[2025-11-21T13:24:28.374Z] 🚀 Initializing browser with anti-detection...
[2025-11-21T13:24:28.662Z] ✅ Browser initialized with stealth mode
[2025-11-21T13:24:28.662Z] 🔍 Processing 1h-swords item 2481 (1496/340)
[2025-11-21T13:24:32.655Z] ✅ Collected HTML for item 2481
[2025-11-21T13:24:34.658Z] 🔄 Restarting browser for fresh session...
[2025-11-21T13:24:34.755Z] 🔒 Browser closed
[2025-11-21T13:24:34.756Z] 🚀 Initializing browser with anti-detection...
[2025-11-21T13:24:35.033Z] ✅ Browser initialized with stealth mode
[2025-11-21T13:24:35.033Z] 🔍 Processing 1h-swords item 2488 (1497/340)
[2025-11-21T13:24:38.915Z] ✅ Collected HTML for item 2488
[2025-11-21T13:24:40.918Z] 🔄 Restarting browser for fresh session...
[2025-11-21T13:24:41.016Z] 🔒 Browser closed
[2025-11-21T13:24:41.016Z] 🚀 Initializing browser with anti-detection...
[2025-11-21T13:24:41.300Z] ✅ Browser initialized with stealth mode
[2025-11-21T13:24:41.300Z] 🔍 Processing 1h-swords item 2496 (1498/340)
[2025-11-21T13:24:45.304Z] ✅ Collected HTML for item 2496
[2025-11-21T13:24:47.305Z] 🔄 Restarting browser for fresh session...
[2025-11-21T13:24:47.382Z] 🔒 Browser closed
[2025-11-21T13:24:47.382Z] 🚀 Initializing browser with anti-detection...
[2025-11-21T13:24:47.661Z] ✅ Browser initialized with stealth mode
[2025-11-21T13:24:47.661Z] 🔍 Processing 1h-swords item 2540 (1499/340)
[2025-11-21T13:24:51.653Z] ✅ Collected HTML for item 2540
[2025-11-21T13:24:53.657Z] 🔄 Restarting browser for fresh session...
[2025-11-21T13:24:53.770Z] 🔒 Browser closed
[2025-11-21T13:24:53.770Z] 🚀 Initializing browser with anti-detection...
[2025-11-21T13:24:54.059Z] ✅ Browser initialized with stealth mode
[2025-11-21T13:24:54.059Z] 🔍 Processing 1h-swords item 3278 (1500/340)
[2025-11-21T13:24:58.052Z] ✅ Collected HTML for item 3278
[2025-11-21T13:25:00.054Z] 🔄 Restarting browser for fresh session...
[2025-11-21T13:25:00.154Z] 🔒 Browser closed
[2025-11-21T13:25:00.154Z] 🚀 Initializing browser with anti-detection...
[2025-11-21T13:25:00.440Z] ✅ Browser initialized with stealth mode
[2025-11-21T13:25:00.440Z] 🔍 Processing 1h-swords item 3319 (1501/340)
[2025-11-21T13:25:04.318Z] ✅ Collected HTML for item 3319
[2025-11-21T13:25:06.321Z] 🔄 Restarting browser for fresh session...
[2025-11-21T13:25:06.420Z] 🔒 Browser closed
[2025-11-21T13:25:06.420Z] 🚀 Initializing browser with anti-detection...
[2025-11-21T13:25:06.709Z] ✅ Browser initialized with stealth mode
[2025-11-21T13:25:06.709Z] 🔍 Processing 1h-swords item 3783 (1502/340)
[2025-11-21T13:25:10.709Z] ✅ Collected HTML for item 3783
[2025-11-21T13:25:12.712Z] 🔄 Restarting browser for fresh session...
[2025-11-21T13:25:12.814Z] 🔒 Browser closed
[2025-11-21T13:25:12.814Z] 🚀 Initializing browser with anti-detection...
[2025-11-21T13:25:13.107Z] ✅ Browser initialized with stealth mode
[2025-11-21T13:25:13.108Z] 🔍 Processing 1h-swords item 3935 (1503/340)
[2025-11-21T13:25:17.101Z] ✅ Collected HTML for item 3935
[2025-11-21T13:25:19.105Z] 🔄 Restarting browser for fresh session...
[2025-11-21T13:25:19.198Z] 🔒 Browser closed
[2025-11-21T13:25:19.198Z] 🚀 Initializing browser with anti-detection...
[2025-11-21T13:25:19.484Z] ✅ Browser initialized with stealth mode
[2025-11-21T13:25:19.484Z] 🔍 Processing 1h-swords item 4932 (1504/340)
[2025-11-21T13:25:23.360Z] ✅ Collected HTML for item 4932
[2025-11-21T13:25:25.362Z] 🔄 Restarting browser for fresh session...
[2025-11-21T13:25:25.464Z] 🔒 Browser closed
[2025-11-21T13:25:25.464Z] 🚀 Initializing browser with anti-detection...
[2025-11-21T13:25:25.745Z] ✅ Browser initialized with stealth mode
[2025-11-21T13:25:25.745Z] 🔍 Processing 1h-swords item 5305 (1505/340)
[2025-11-21T13:25:29.740Z] ✅ Collected HTML for item 5305
[2025-11-21T13:25:31.744Z] 🔄 Restarting browser for fresh session...
[2025-11-21T13:25:31.841Z] 🔒 Browser closed
[2025-11-21T13:25:31.841Z] 🚀 Initializing browser with anti-detection...
[2025-11-21T13:25:32.134Z] ✅ Browser initialized with stealth mode
[2025-11-21T13:25:32.134Z] 🔍 Processing 1h-swords item 5586 (1506/340)
[2025-11-21T13:25:36.130Z] ✅ Collected HTML for item 5586
[2025-11-21T13:25:38.134Z] 🔄 Restarting browser for fresh session...
[2025-11-21T13:25:38.236Z] 🔒 Browser closed
[2025-11-21T13:25:38.236Z] 🚀 Initializing browser with anti-detection...
[2025-11-21T13:25:38.524Z] ✅ Browser initialized with stealth mode
[2025-11-21T13:25:38.524Z] 🔍 Processing 1h-swords item 12304 (1507/340)
[2025-11-21T13:25:42.518Z] ✅ Collected HTML for item 12304
[2025-11-21T13:25:44.522Z] 🔄 Restarting browser for fresh session...
[2025-11-21T13:25:44.616Z] 🔒 Browser closed
[2025-11-21T13:25:44.617Z] 🚀 Initializing browser with anti-detection...
[2025-11-21T13:25:44.911Z] ✅ Browser initialized with stealth mode
[2025-11-21T13:25:44.911Z] 🔍 Processing 1h-swords item 12944 (1508/340)
[2025-11-21T13:25:48.904Z] ✅ Collected HTML for item 12944
[2025-11-21T13:25:50.908Z] 🔄 Restarting browser for fresh session...
[2025-11-21T13:25:50.997Z] 🔒 Browser closed
[2025-11-21T13:25:50.997Z] 🚀 Initializing browser with anti-detection...
[2025-11-21T13:25:51.271Z] ✅ Browser initialized with stealth mode
[2025-11-21T13:25:51.271Z] 🔍 Processing 1h-swords item 12993 (1509/340)
[2025-11-21T13:25:55.275Z] ✅ Collected HTML for item 12993
[2025-11-21T13:37:07.927Z] 🔄 Restarting browser for fresh session...
[2025-11-21T13:37:08.010Z] 🔒 Browser closed
[2025-11-21T13:37:08.010Z] 🚀 Initializing browser with anti-detection...
[2025-11-21T13:37:08.422Z] ✅ Browser initialized with stealth mode
[2025-11-21T13:37:08.422Z] 🔍 Processing 1h-swords item 13222 (1510/340)
[2025-11-21T13:37:12.428Z] ✅ Collected HTML for item 13222
[2025-11-21T13:37:14.429Z] 🔄 Restarting browser for fresh session...
[2025-11-21T13:37:14.516Z] 🔒 Browser closed
[2025-11-21T13:37:14.516Z] 🚀 Initializing browser with anti-detection...
[2025-11-21T13:37:14.841Z] ✅ Browser initialized with stealth mode
[2025-11-21T13:37:14.841Z] 🔍 Processing 1h-swords item 13504 (1511/340)
[2025-11-21T13:37:18.843Z] ✅ Collected HTML for item 13504
[2025-11-21T13:37:20.844Z] 🔄 Restarting browser for fresh session...
[2025-11-21T13:37:20.943Z] 🔒 Browser closed
[2025-11-21T13:37:20.943Z] 🚀 Initializing browser with anti-detection...
[2025-11-21T13:37:21.223Z] ✅ Browser initialized with stealth mode
[2025-11-21T13:37:21.223Z] 🔍 Processing 1h-swords item 13816 (1512/340)
[2025-11-21T13:37:25.225Z] ✅ Collected HTML for item 13816
[2025-11-21T13:37:27.228Z] 🔄 Restarting browser for fresh session...
[2025-11-21T13:37:27.320Z] 🔒 Browser closed
[2025-11-21T13:37:27.320Z] 🚀 Initializing browser with anti-detection...
[2025-11-21T13:37:27.608Z] ✅ Browser initialized with stealth mode
[2025-11-21T13:37:27.608Z] 🔍 Processing 1h-swords item 14085 (1513/340)
[2025-11-21T13:37:31.599Z] ✅ Collected HTML for item 14085
[2025-11-21T13:37:33.602Z] 🔄 Restarting browser for fresh session...
[2025-11-21T13:37:33.681Z] 🔒 Browser closed
[2025-11-21T13:37:33.681Z] 🚀 Initializing browser with anti-detection...
[2025-11-21T13:37:33.961Z] ✅ Browser initialized with stealth mode
[2025-11-21T13:37:33.962Z] 🔍 Processing 1h-swords item 14871 (1514/340)
[2025-11-21T13:37:38.543Z] ✅ Collected HTML for item 14871
[2025-11-21T13:37:40.546Z] 🔄 Restarting browser for fresh session...
[2025-11-21T13:37:40.629Z] 🔒 Browser closed
[2025-11-21T13:37:40.630Z] 🚀 Initializing browser with anti-detection...
[2025-11-21T13:37:40.932Z] ✅ Browser initialized with stealth mode
[2025-11-21T13:37:40.932Z] 🔍 Processing 1h-swords item 17382 (1515/340)
[2025-11-21T13:37:44.940Z] ✅ Collected HTML for item 17382
[2025-11-21T13:37:46.941Z] 🔄 Restarting browser for fresh session...
[2025-11-21T13:37:47.033Z] 🔒 Browser closed
[2025-11-21T13:37:47.033Z] 🚀 Initializing browser with anti-detection...
[2025-11-21T13:37:47.315Z] ✅ Browser initialized with stealth mode
[2025-11-21T13:37:47.315Z] 🔍 Processing 1h-swords item 18610 (1516/340)
[2025-11-21T13:37:51.310Z] ✅ Collected HTML for item 18610
[2025-11-21T13:37:53.312Z] 🔄 Restarting browser for fresh session...
[2025-11-21T13:37:53.407Z] 🔒 Browser closed
[2025-11-21T13:37:53.408Z] 🚀 Initializing browser with anti-detection...
[2025-11-21T13:37:53.711Z] ✅ Browser initialized with stealth mode
[2025-11-21T13:37:53.711Z] 🔍 Processing 1h-swords item 21573 (1517/340)
[2025-11-21T13:37:57.724Z] ✅ Collected HTML for item 21573
[2025-11-21T13:37:59.727Z] 🔄 Restarting browser for fresh session...
[2025-11-21T13:37:59.811Z] 🔒 Browser closed
[2025-11-21T13:37:59.811Z] 🚀 Initializing browser with anti-detection...
[2025-11-21T13:38:00.098Z] ✅ Browser initialized with stealth mode
[2025-11-21T13:38:00.098Z] 🔍 Processing 1h-swords item 22738 (1518/340)
[2025-11-21T13:38:04.100Z] ✅ Collected HTML for item 22738
[2025-11-21T13:38:06.102Z] 🔄 Restarting browser for fresh session...
[2025-11-21T13:38:06.193Z] 🔒 Browser closed
[2025-11-21T13:38:06.193Z] 🚀 Initializing browser with anti-detection...
[2025-11-21T13:38:06.479Z] ✅ Browser initialized with stealth mode
[2025-11-21T13:38:06.479Z] 🔍 Processing 1h-swords item 23743 (1519/340)
[2025-11-21T13:38:10.473Z] ✅ Collected HTML for item 23743
[2025-11-21T13:38:12.475Z] 🔄 Restarting browser for fresh session...
[2025-11-21T13:38:12.572Z] 🔒 Browser closed
[2025-11-21T13:38:12.572Z] 🚀 Initializing browser with anti-detection...
[2025-11-21T13:38:12.860Z] ✅ Browser initialized with stealth mode
[2025-11-21T13:38:12.860Z] 🔍 Processing 1h-swords item 41111 (1520/340)
[2025-11-21T13:38:16.724Z] ✅ Collected HTML for item 41111
[2025-11-21T13:38:18.727Z] 🔄 Restarting browser for fresh session...
[2025-11-21T13:38:18.828Z] 🔒 Browser closed
[2025-11-21T13:38:18.828Z] 🚀 Initializing browser with anti-detection...
[2025-11-21T13:38:19.118Z] ✅ Browser initialized with stealth mode
[2025-11-21T13:38:19.118Z] 🔍 Processing 1h-swords item 41155 (1521/340)
[2025-11-21T13:38:23.113Z] ✅ Collected HTML for item 41155
[2025-11-21T13:38:25.116Z] 🔄 Restarting browser for fresh session...
[2025-11-21T13:38:25.206Z] 🔒 Browser closed
[2025-11-21T13:38:25.206Z] 🚀 Initializing browser with anti-detection...
[2025-11-21T13:38:25.494Z] ✅ Browser initialized with stealth mode
[2025-11-21T13:38:25.494Z] 🔍 Processing 1h-swords item 50030 (1522/340)
[2025-11-21T13:38:29.358Z] ✅ Collected HTML for item 50030
[2025-11-21T13:38:31.360Z] 🔄 Restarting browser for fresh session...
[2025-11-21T13:38:31.450Z] 🔒 Browser closed
[2025-11-21T13:38:31.450Z] 🚀 Initializing browser with anti-detection...
[2025-11-21T13:38:31.743Z] ✅ Browser initialized with stealth mode
[2025-11-21T13:38:31.744Z] 🔍 Processing 1h-swords item 50031 (1523/340)
[2025-11-21T13:38:35.756Z] ✅ Collected HTML for item 50031
[2025-11-21T13:38:37.759Z] 🔄 Restarting browser for fresh session...
[2025-11-21T13:38:37.847Z] 🔒 Browser closed
[2025-11-21T13:38:37.847Z] 🚀 Initializing browser with anti-detection...
[2025-11-21T13:38:38.134Z] ✅ Browser initialized with stealth mode
[2025-11-21T13:38:38.134Z] 🔍 Processing 1h-swords item 50094 (1524/340)
[2025-11-21T13:38:42.004Z] ✅ Collected HTML for item 50094
[2025-11-21T13:38:44.009Z] 🔄 Restarting browser for fresh session...
[2025-11-21T13:38:44.105Z] 🔒 Browser closed
[2025-11-21T13:38:44.105Z] 🚀 Initializing browser with anti-detection...
[2025-11-21T13:38:44.412Z] ✅ Browser initialized with stealth mode
[2025-11-21T13:38:44.412Z] 🔍 Processing 1h-swords item 61751 (1525/340)
[2025-11-21T13:38:48.421Z] ✅ Collected HTML for item 61751
[2025-11-21T13:38:50.424Z] 🔄 Restarting browser for fresh session...
[2025-11-21T13:38:50.515Z] 🔒 Browser closed
[2025-11-21T13:38:50.515Z] 🚀 Initializing browser with anti-detection...
[2025-11-21T13:38:50.794Z] ✅ Browser initialized with stealth mode
[2025-11-21T13:38:50.795Z] 🔍 Processing 1h-swords item 61752 (1526/340)
[2025-11-21T13:38:54.797Z] ✅ Collected HTML for item 61752
[2025-11-21T13:38:56.800Z] 🔄 Restarting browser for fresh session...
[2025-11-21T13:38:56.890Z] 🔒 Browser closed
[2025-11-21T13:38:56.890Z] 🚀 Initializing browser with anti-detection...
[2025-11-21T13:38:57.179Z] ✅ Browser initialized with stealth mode
[2025-11-21T13:38:57.179Z] 🔍 Processing 1h-swords item 61773 (1527/340)
[2025-11-21T13:39:01.174Z] ✅ Collected HTML for item 61773
[2025-11-21T13:39:03.177Z] 🔄 Restarting browser for fresh session...
[2025-11-21T13:39:03.282Z] 🔒 Browser closed
[2025-11-21T13:39:03.282Z] 🚀 Initializing browser with anti-detection...
[2025-11-21T13:39:03.580Z] ✅ Browser initialized with stealth mode
[2025-11-21T13:39:03.581Z] 🔍 Processing 1h-swords item 81276 (1528/340)
[2025-11-21T13:39:07.575Z] ✅ Collected HTML for item 81276
[2025-11-21T13:39:09.579Z] 🔄 Restarting browser for fresh session...
[2025-11-21T13:39:09.679Z] 🔒 Browser closed
[2025-11-21T13:39:09.680Z] 🚀 Initializing browser with anti-detection...
[2025-11-21T13:39:09.978Z] ✅ Browser initialized with stealth mode
[2025-11-21T13:39:09.978Z] 🔍 Processing 1h-swords item 83007 (1529/340)
[2025-11-21T13:39:13.978Z] ✅ Collected HTML for item 83007
[2025-11-21T13:39:15.981Z] 🔄 Restarting browser for fresh session...
[2025-11-21T13:39:16.080Z] 🔒 Browser closed
[2025-11-21T13:39:16.080Z] 🚀 Initializing browser with anti-detection...
[2025-11-21T13:39:16.366Z] ✅ Browser initialized with stealth mode
[2025-11-21T13:39:16.366Z] 🔍 Processing 1h-swords item 83009 (1530/340)
[2025-11-21T13:39:20.233Z] ✅ Collected HTML for item 83009
[2025-11-21T13:39:22.236Z] 🔄 Restarting browser for fresh session...
[2025-11-21T13:39:22.333Z] 🔒 Browser closed
[2025-11-21T13:39:22.333Z] 🚀 Initializing browser with anti-detection...
[2025-11-21T13:39:22.620Z] ✅ Browser initialized with stealth mode
[2025-11-21T13:39:22.620Z] 🔍 Processing 1h-swords item 1817 (1531/340)
[2025-11-21T13:39:26.629Z] ✅ Collected HTML for item 1817
[2025-11-21T13:39:28.632Z] 🔄 Restarting browser for fresh session...
[2025-11-21T13:39:28.725Z] 🔒 Browser closed
[2025-11-21T13:39:28.725Z] 🚀 Initializing browser with anti-detection...
[2025-11-21T13:39:29.029Z] ✅ Browser initialized with stealth mode
[2025-11-21T13:39:29.030Z] 🔍 Processing 1h-swords item 1821 (1532/340)
[2025-11-21T13:49:11.994Z] 🔄 Retrying item 1821 in 5 seconds...
[2025-11-21T13:49:22.537Z] ✅ Collected HTML for item 1821
[2025-11-21T13:49:24.538Z] 🔄 Restarting browser for fresh session...
[2025-11-21T13:49:24.639Z] 🔒 Browser closed
[2025-11-21T13:49:24.640Z] 🚀 Initializing browser with anti-detection...
[2025-11-21T13:49:24.946Z] ✅ Browser initialized with stealth mode
[2025-11-21T13:49:24.946Z] 🔍 Processing 1h-swords item 1829 (1533/340)
[2025-11-21T13:49:46.542Z] ✅ Collected HTML for item 1829
[2025-11-21T13:49:48.545Z] 🔄 Restarting browser for fresh session...
[2025-11-21T13:49:48.642Z] 🔒 Browser closed
[2025-11-21T13:49:48.642Z] 🚀 Initializing browser with anti-detection...
[2025-11-21T13:49:48.967Z] ✅ Browser initialized with stealth mode
[2025-11-21T13:49:48.967Z] 🔍 Processing 1h-swords item 1895 (1534/340)
[2025-11-21T13:49:52.973Z] ✅ Collected HTML for item 1895
[2025-11-21T13:49:54.977Z] 🔄 Restarting browser for fresh session...
[2025-11-21T13:49:55.084Z] 🔒 Browser closed
[2025-11-21T13:49:55.084Z] 🚀 Initializing browser with anti-detection...
[2025-11-21T13:49:55.377Z] ✅ Browser initialized with stealth mode
[2025-11-21T13:49:55.377Z] 🔍 Processing 1h-swords item 1896 (1535/340)
[2025-11-21T13:49:59.385Z] ✅ Collected HTML for item 1896
[2025-11-21T13:50:01.389Z] 🔄 Restarting browser for fresh session...
[2025-11-21T13:50:01.489Z] 🔒 Browser closed
[2025-11-21T13:50:01.489Z] 🚀 Initializing browser with anti-detection...
[2025-11-21T13:50:01.770Z] ✅ Browser initialized with stealth mode
[2025-11-21T13:50:01.776Z] 🔍 Processing 1h-swords item 1897 (1536/340)
[2025-11-21T13:50:05.764Z] ✅ Collected HTML for item 1897
[2025-11-21T13:50:07.767Z] 🔄 Restarting browser for fresh session...
[2025-11-21T13:50:07.859Z] 🔒 Browser closed
[2025-11-21T13:50:07.859Z] 🚀 Initializing browser with anti-detection...
[2025-11-21T13:50:08.141Z] ✅ Browser initialized with stealth mode
[2025-11-21T13:50:08.141Z] 🔍 Processing 1h-swords item 1899 (1537/340)
[2025-11-21T13:50:12.140Z] ✅ Collected HTML for item 1899
[2025-11-21T13:50:14.143Z] 🔄 Restarting browser for fresh session...
[2025-11-21T13:50:14.242Z] 🔒 Browser closed
[2025-11-21T13:50:14.243Z] 🚀 Initializing browser with anti-detection...
[2025-11-21T13:50:14.525Z] ✅ Browser initialized with stealth mode
[2025-11-21T13:50:14.525Z] 🔍 Processing 1h-swords item 1900 (1538/340)
[2025-11-21T13:50:19.697Z] ✅ Collected HTML for item 1900
[2025-11-21T13:50:21.699Z] 🔄 Restarting browser for fresh session...
[2025-11-21T13:50:21.798Z] 🔒 Browser closed
[2025-11-21T13:50:21.798Z] 🚀 Initializing browser with anti-detection...
[2025-11-21T13:50:22.080Z] ✅ Browser initialized with stealth mode
[2025-11-21T13:50:22.080Z] 🔍 Processing 1h-swords item 2178 (1539/340)
[2025-11-21T13:50:26.073Z] ✅ Collected HTML for item 2178
[2025-11-21T13:50:28.077Z] 🔄 Restarting browser for fresh session...
[2025-11-21T13:50:28.178Z] 🔒 Browser closed
[2025-11-21T13:50:28.178Z] 🚀 Initializing browser with anti-detection...
[2025-11-21T13:50:28.462Z] ✅ Browser initialized with stealth mode
[2025-11-21T13:50:28.463Z] 🔍 Processing 1h-swords item 2179 (1540/340)
[2025-11-21T13:50:32.463Z] ✅ Collected HTML for item 2179
[2025-11-21T13:50:34.465Z] 🔄 Restarting browser for fresh session...
[2025-11-21T13:50:34.538Z] 🔒 Browser closed
[2025-11-21T13:50:34.538Z] 🚀 Initializing browser with anti-detection...
[2025-11-21T13:50:34.815Z] ✅ Browser initialized with stealth mode
[2025-11-21T13:50:34.815Z] 🔍 Processing 1h-swords item 2180 (1541/340)
[2025-11-21T13:50:38.820Z] ✅ Collected HTML for item 2180
[2025-11-21T13:50:40.823Z] 🔄 Restarting browser for fresh session...
[2025-11-21T13:50:40.916Z] 🔒 Browser closed
[2025-11-21T13:50:40.916Z] 🚀 Initializing browser with anti-detection...
[2025-11-21T13:50:41.200Z] ✅ Browser initialized with stealth mode
[2025-11-21T13:50:41.200Z] 🔍 Processing 1h-swords item 3364 (1542/340)
[2025-11-21T13:50:45.208Z] ✅ Collected HTML for item 3364
[2025-11-21T13:50:47.212Z] 🔄 Restarting browser for fresh session...
[2025-11-21T13:50:47.305Z] 🔒 Browser closed
[2025-11-21T13:50:47.305Z] 🚀 Initializing browser with anti-detection...
[2025-11-21T13:50:47.591Z] ✅ Browser initialized with stealth mode
[2025-11-21T13:50:47.591Z] 🔍 Processing 1h-swords item 4017 (1543/340)
[2025-11-21T13:50:51.476Z] ✅ Collected HTML for item 4017
[2025-11-21T13:50:53.479Z] 🔄 Restarting browser for fresh session...
[2025-11-21T13:50:53.575Z] 🔒 Browser closed
[2025-11-21T13:50:53.575Z] 🚀 Initializing browser with anti-detection...
[2025-11-21T13:50:53.860Z] ✅ Browser initialized with stealth mode
[2025-11-21T13:50:53.860Z] 🔍 Processing 1h-swords item 5502 (1544/340)
[2025-11-21T13:50:57.852Z] ✅ Collected HTML for item 5502
[2025-11-21T13:50:59.856Z] 🔄 Restarting browser for fresh session...
[2025-11-21T13:50:59.951Z] 🔒 Browser closed
[2025-11-21T13:50:59.951Z] 🚀 Initializing browser with anti-detection...
[2025-11-21T13:51:00.231Z] ✅ Browser initialized with stealth mode
[2025-11-21T13:51:00.231Z] 🔍 Processing 1h-swords item 10613 (1545/340)
[2025-11-21T13:51:04.224Z] ✅ Collected HTML for item 10613
[2025-11-21T13:51:06.228Z] 🔄 Restarting browser for fresh session...
[2025-11-21T13:51:06.324Z] 🔒 Browser closed
[2025-11-21T13:51:06.324Z] 🚀 Initializing browser with anti-detection...
[2025-11-21T13:51:06.607Z] ✅ Browser initialized with stealth mode
[2025-11-21T13:51:06.607Z] 🔍 Processing 1h-swords item 10614 (1546/340)
[2025-11-21T13:51:10.601Z] ✅ Collected HTML for item 10614
[2025-11-21T13:51:12.604Z] 🔄 Restarting browser for fresh session...
[2025-11-21T13:51:12.699Z] 🔒 Browser closed
[2025-11-21T13:51:12.699Z] 🚀 Initializing browser with anti-detection...
[2025-11-21T13:51:12.993Z] ✅ Browser initialized with stealth mode
[2025-11-21T13:51:12.993Z] 🔍 Processing 1h-swords item 10615 (1547/340)
[2025-11-21T13:51:16.984Z] ✅ Collected HTML for item 10615
[2025-11-21T13:51:18.987Z] 🔄 Restarting browser for fresh session...
[2025-11-21T13:51:19.077Z] 🔒 Browser closed
[2025-11-21T13:51:19.077Z] 🚀 Initializing browser with anti-detection...
[2025-11-21T13:51:19.360Z] ✅ Browser initialized with stealth mode
[2025-11-21T13:51:19.360Z] 🔍 Processing 1h-swords item 10825 (1548/340)
[2025-11-21T13:51:23.361Z] ✅ Collected HTML for item 10825
[2025-11-21T13:51:25.364Z] 🔄 Restarting browser for fresh session...
[2025-11-21T13:51:25.460Z] 🔒 Browser closed
[2025-11-21T13:51:25.460Z] 🚀 Initializing browser with anti-detection...
[2025-11-21T13:51:25.748Z] ✅ Browser initialized with stealth mode
[2025-11-21T13:51:25.748Z] 🔍 Processing 1h-swords item 10878 (1549/340)
[2025-11-21T14:08:03.410Z] 🔄 Retrying item 10878 in 5 seconds...
[2025-11-21T14:08:08.412Z] 🔄 Retrying item 10878 in 7 seconds...
[2025-11-21T14:08:34.265Z] 🔄 Retrying item 10878 in 9 seconds...
[2025-11-21T14:08:45.266Z] 🔄 Restarting browser for fresh session...
[2025-11-21T14:08:45.303Z] 🔒 Browser closed
[2025-11-21T14:08:45.303Z] 🚀 Initializing browser with anti-detection...
[2025-11-21T14:08:45.634Z] ✅ Browser initialized with stealth mode
[2025-11-21T14:08:45.634Z] 🔍 Processing 1h-swords item 10898 (1550/340)
[2025-11-21T14:08:49.640Z] ✅ Collected HTML for item 10898
[2025-11-21T14:08:51.644Z] 🔄 Restarting browser for fresh session...
[2025-11-21T14:08:51.747Z] 🔒 Browser closed
[2025-11-21T14:08:51.747Z] 🚀 Initializing browser with anti-detection...
[2025-11-21T14:08:52.035Z] ✅ Browser initialized with stealth mode
[2025-11-21T14:08:52.035Z] 🔍 Processing 1h-swords item 11019 (1551/340)
[2025-11-21T14:08:56.028Z] ✅ Collected HTML for item 11019
[2025-11-21T14:08:58.031Z] 🔄 Restarting browser for fresh session...
[2025-11-21T14:08:58.126Z] 🔒 Browser closed
[2025-11-21T14:08:58.126Z] 🚀 Initializing browser with anti-detection...
[2025-11-21T14:08:58.419Z] ✅ Browser initialized with stealth mode
[2025-11-21T14:08:58.419Z] 🔍 Processing 1h-swords item 11025 (1552/340)
[2025-11-21T14:09:02.420Z] ✅ Collected HTML for item 11025
[2025-11-21T14:09:04.424Z] 🔄 Restarting browser for fresh session...
[2025-11-21T14:09:04.516Z] 🔒 Browser closed
[2025-11-21T14:09:04.516Z] 🚀 Initializing browser with anti-detection...
[2025-11-21T14:09:04.806Z] ✅ Browser initialized with stealth mode
[2025-11-21T14:09:04.806Z] 🔍 Processing 1h-swords item 11042 (1553/340)
[2025-11-21T14:09:09.060Z] ✅ Collected HTML for item 11042
[2025-11-21T14:09:11.063Z] 🔄 Restarting browser for fresh session...
[2025-11-21T14:09:11.140Z] 🔒 Browser closed
[2025-11-21T14:09:11.140Z] 🚀 Initializing browser with anti-detection...
[2025-11-21T14:09:11.426Z] ✅ Browser initialized with stealth mode
[2025-11-21T14:09:11.426Z] 🔍 Processing 1h-swords item 12142 (1554/340)
[2025-11-21T14:09:15.689Z] ✅ Collected HTML for item 12142
[2025-11-21T14:09:17.692Z] 🔄 Restarting browser for fresh session...
[2025-11-21T14:09:17.787Z] 🔒 Browser closed
[2025-11-21T14:09:17.787Z] 🚀 Initializing browser with anti-detection...
[2025-11-21T14:09:18.064Z] ✅ Browser initialized with stealth mode
[2025-11-21T14:09:18.064Z] 🔍 Processing 1h-swords item 12297 (1555/340)
[2025-11-21T14:26:15.945Z] ✅ Collected HTML for item 12297
[2025-11-21T14:26:17.949Z] 🔄 Restarting browser for fresh session...
[2025-11-21T14:26:18.035Z] 🔒 Browser closed
[2025-11-21T14:26:18.035Z] 🚀 Initializing browser with anti-detection...
[2025-11-21T14:26:18.341Z] ✅ Browser initialized with stealth mode
[2025-11-21T14:26:18.341Z] 🔍 Processing 1h-swords item 12593 (1556/340)
[2025-11-21T14:43:32.973Z] ✅ Collected HTML for item 12593
[2025-11-21T14:43:34.978Z] 🔄 Restarting browser for fresh session...
[2025-11-21T14:43:35.068Z] 🔒 Browser closed
[2025-11-21T14:43:35.068Z] 🚀 Initializing browser with anti-detection...
[2025-11-21T14:43:35.387Z] ✅ Browser initialized with stealth mode
[2025-11-21T14:43:35.387Z] 🔍 Processing 1h-swords item 12890 (1557/340)
[2025-11-21T14:51:51.143Z] ✅ Collected HTML for item 12890
[2025-11-21T14:51:53.146Z] 🔄 Restarting browser for fresh session...
[2025-11-21T14:51:53.236Z] 🔒 Browser closed
[2025-11-21T14:51:53.236Z] 🚀 Initializing browser with anti-detection...
[2025-11-21T14:51:53.518Z] ✅ Browser initialized with stealth mode
[2025-11-21T14:51:53.518Z] 🔍 Processing 1h-swords item 12892 (1558/340)
[2025-11-21T14:52:19.051Z] 🔄 Retrying item 12892 in 5 seconds...
[2025-11-21T14:52:24.082Z] 🔄 Retrying item 12892 in 7 seconds...
[2025-11-21T15:07:49.963Z] 🔄 Retrying item 12892 in 9 seconds...
[2025-11-21T15:23:06.967Z] 🔄 Restarting browser for fresh session...
[2025-11-21T15:23:07.048Z] 🔒 Browser closed
[2025-11-21T15:23:07.048Z] 🚀 Initializing browser with anti-detection...
[2025-11-21T15:23:07.364Z] ✅ Browser initialized with stealth mode
[2025-11-21T15:23:07.365Z] 🔍 Processing 1h-swords item 13165 (1559/340)
[2025-11-21T15:23:07.385Z] 🔄 Retrying item 13165 in 5 seconds...
[2025-11-21T15:38:16.615Z] 🔄 Retrying item 13165 in 7 seconds...
[2025-11-21T15:55:57.165Z] 🔄 Retrying item 13165 in 9 seconds...
[2025-11-21T16:09:09.972Z] 🔄 Restarting browser for fresh session...
[2025-11-21T16:09:10.041Z] 🔒 Browser closed
[2025-11-21T16:09:10.042Z] 🚀 Initializing browser with anti-detection...
[2025-11-21T16:09:10.319Z] ✅ Browser initialized with stealth mode
[2025-11-21T16:09:10.319Z] 🔍 Processing 1h-swords item 13627 (1560/340)
[2025-11-21T16:09:10.338Z] 🔄 Retrying item 13627 in 5 seconds...
[2025-11-21T16:09:15.371Z] 🔄 Retrying item 13627 in 7 seconds...
[2025-11-21T16:25:51.970Z] 🔄 Retrying item 13627 in 9 seconds...
[2025-11-21T16:41:31.975Z] 🔄 Restarting browser for fresh session...
[2025-11-21T16:41:32.052Z] 🔒 Browser closed
[2025-11-21T16:41:32.052Z] 🚀 Initializing browser with anti-detection...
[2025-11-21T16:41:32.364Z] ✅ Browser initialized with stealth mode
[2025-11-21T16:41:32.364Z] 🔍 Processing 1h-swords item 13707 (1561/340)
[2025-11-21T16:41:32.383Z] 🔄 Retrying item 13707 in 5 seconds...
[2025-11-21T16:44:53.604Z] 🔄 Retrying item 13707 in 7 seconds...
[2025-11-21T16:45:04.927Z] ✅ Collected HTML for item 13707
[2025-11-21T17:00:43.811Z] 🔄 Restarting browser for fresh session...
[2025-11-21T17:00:44.025Z] 🔒 Browser closed
[2025-11-21T17:00:44.025Z] 🚀 Initializing browser with anti-detection...
[2025-11-21T17:00:44.341Z] ✅ Browser initialized with stealth mode
[2025-11-21T17:00:44.341Z] 🔍 Processing 1h-swords item 13718 (1562/340)
[2025-11-21T17:10:08.891Z] ✅ Collected HTML for item 13718
[2025-11-21T17:10:10.894Z] 🔄 Restarting browser for fresh session...
[2025-11-21T17:10:10.982Z] 🔒 Browser closed
[2025-11-21T17:10:10.982Z] 🚀 Initializing browser with anti-detection...
[2025-11-21T17:10:11.324Z] ✅ Browser initialized with stealth mode
[2025-11-21T17:10:11.324Z] 🔍 Processing 1h-swords item 13719 (1563/340)
[2025-11-21T17:10:15.897Z] ✅ Collected HTML for item 13719
[2025-11-21T17:10:17.900Z] 🔄 Restarting browser for fresh session...
[2025-11-21T17:10:17.990Z] 🔒 Browser closed
[2025-11-21T17:10:17.990Z] 🚀 Initializing browser with anti-detection...
[2025-11-21T17:10:18.262Z] ✅ Browser initialized with stealth mode
[2025-11-21T17:10:18.263Z] 🔍 Processing 1h-swords item 14524 (1564/340)
[2025-11-21T17:26:11.878Z] 🔄 Retrying item 14524 in 5 seconds...
[2025-11-21T17:43:48.874Z] 🔄 Retrying item 14524 in 7 seconds...
[2025-11-21T17:49:56.832Z] ✅ Collected HTML for item 14524
[2025-11-21T17:49:58.836Z] 🔄 Restarting browser for fresh session...
[2025-11-21T17:49:58.934Z] 🔒 Browser closed
[2025-11-21T17:49:58.935Z] 🚀 Initializing browser with anti-detection...
[2025-11-21T17:49:59.239Z] ✅ Browser initialized with stealth mode
[2025-11-21T17:49:59.239Z] 🔍 Processing 1h-swords item 17123 (1565/340)
[2025-11-21T17:50:03.813Z] ✅ Collected HTML for item 17123
[2025-11-21T17:50:05.815Z] 🔄 Restarting browser for fresh session...
[2025-11-21T17:50:05.908Z] 🔒 Browser closed
[2025-11-21T17:50:05.908Z] 🚀 Initializing browser with anti-detection...
[2025-11-21T17:50:06.185Z] ✅ Browser initialized with stealth mode
[2025-11-21T17:50:06.186Z] 🔍 Processing 1h-swords item 18167 (1566/340)
[2025-11-21T17:50:10.858Z] ✅ Collected HTML for item 18167
[2025-11-21T18:05:39.759Z] 🔄 Restarting browser for fresh session...
[2025-11-21T18:05:39.908Z] 🔒 Browser closed
[2025-11-21T18:05:39.908Z] 🚀 Initializing browser with anti-detection...
[2025-11-21T18:05:40.288Z] ✅ Browser initialized with stealth mode
[2025-11-21T18:05:40.288Z] 🔍 Processing 1h-swords item 18983 (1567/340)
[2025-11-21T18:11:08.834Z] ✅ Collected HTML for item 18983
[2025-11-21T18:11:10.838Z] 🔄 Restarting browser for fresh session...
[2025-11-21T18:11:10.924Z] 🔒 Browser closed
[2025-11-21T18:11:10.925Z] 🚀 Initializing browser with anti-detection...
[2025-11-21T18:11:11.247Z] ✅ Browser initialized with stealth mode
[2025-11-21T18:11:11.247Z] 🔍 Processing 1h-swords item 18985 (1568/340)
[2025-11-21T18:11:15.817Z] ✅ Collected HTML for item 18985
[2025-11-21T18:11:17.819Z] 🔄 Restarting browser for fresh session...
[2025-11-21T18:11:17.915Z] 🔒 Browser closed
[2025-11-21T18:11:17.915Z] 🚀 Initializing browser with anti-detection...
[2025-11-21T18:11:18.218Z] ✅ Browser initialized with stealth mode
[2025-11-21T18:11:18.218Z] 🔍 Processing 1h-swords item 41984 (1569/340)
[2025-11-21T18:11:22.834Z] ✅ Collected HTML for item 41984
[2025-11-21T18:11:24.836Z] 🔄 Restarting browser for fresh session...
[2025-11-21T18:11:24.925Z] 🔒 Browser closed
[2025-11-21T18:11:24.925Z] 🚀 Initializing browser with anti-detection...
[2025-11-21T18:11:25.202Z] ✅ Browser initialized with stealth mode
[2025-11-21T18:11:25.202Z] 🔍 Processing 1h-swords item 50433 (1570/340)
[2025-11-21T18:11:29.775Z] ✅ Collected HTML for item 50433
[2025-11-21T18:26:40.832Z] ✅ 1h-swords HTML collection complete!
[2025-11-21T18:26:40.832Z] 📊 Successfully processed: 1570
[2025-11-21T18:26:40.832Z] ❌ Failed: 5
[2025-11-21T18:26:43.836Z] 📁 Loaded 196 IDs from turtle_db/items-2.8.json
[2025-11-21T18:26:43.836Z] 
🎯 Processing 2h-swords (2.8)
[2025-11-21T18:26:43.836Z] 📊 Total IDs to process: 196
[2025-11-21T18:26:43.837Z] 📦 Already collected: 1565
[2025-11-21T18:26:43.837Z] ⏳ Remaining to process: 196
[2025-11-21T18:26:43.837Z] 🔍 Processing 2h-swords item 647 (1566/196)
[2025-11-21T18:45:41.094Z] 🔄 Retrying item 647 in 5 seconds...
[2025-11-21T19:02:22.468Z] ⏳ Cloudflare protection detected for item 647, waiting...
[2025-11-21T19:12:08.838Z] ❌ Still blocked by Cloudflare for item 647
[2025-11-21T19:12:10.853Z] 🔄 Restarting browser for fresh session...
[2025-11-21T19:12:10.945Z] 🔒 Browser closed
[2025-11-21T19:12:10.945Z] 🚀 Initializing browser with anti-detection...
[2025-11-21T19:12:11.269Z] ✅ Browser initialized with stealth mode
[2025-11-21T19:12:11.270Z] 🔍 Processing 2h-swords item 1982 (1567/196)
[2025-11-21T19:12:15.804Z] ✅ Collected HTML for item 1982
[2025-11-21T19:27:35.728Z] 🔄 Restarting browser for fresh session...
[2025-11-21T19:27:35.936Z] 🔒 Browser closed
[2025-11-21T19:27:35.937Z] 🚀 Initializing browser with anti-detection...
[2025-11-21T19:27:36.546Z] ✅ Browser initialized with stealth mode
[2025-11-21T19:27:36.546Z] 🔍 Processing 2h-swords item 2205 (1568/196)
[2025-11-21T19:44:01.858Z] ✅ Collected HTML for item 2205
[2025-11-21T19:44:03.862Z] 🔄 Restarting browser for fresh session...
[2025-11-21T19:44:03.944Z] 🔒 Browser closed
[2025-11-21T19:44:03.944Z] 🚀 Initializing browser with anti-detection...
[2025-11-21T19:44:04.259Z] ✅ Browser initialized with stealth mode
[2025-11-21T19:44:04.259Z] 🔍 Processing 2h-swords item 2801 (1569/196)
[2025-11-21T20:01:45.855Z] ✅ Collected HTML for item 2801
[2025-11-21T20:01:47.860Z] 🔄 Restarting browser for fresh session...
[2025-11-21T20:01:48.138Z] 🔒 Browser closed
[2025-11-21T20:01:48.138Z] 🚀 Initializing browser with anti-detection...
[2025-11-21T20:01:48.439Z] ✅ Browser initialized with stealth mode
[2025-11-21T20:01:48.439Z] 🔍 Processing 2h-swords item 2877 (1570/196)
[2025-11-21T20:13:09.167Z] ✅ Collected HTML for item 2877
[2025-11-21T20:13:11.165Z] 🔄 Restarting browser for fresh session...
[2025-11-21T20:13:11.271Z] 🔒 Browser closed
[2025-11-21T20:13:11.271Z] 🚀 Initializing browser with anti-detection...
[2025-11-21T20:13:11.607Z] ✅ Browser initialized with stealth mode
[2025-11-21T20:13:11.607Z] 🔍 Processing 2h-swords item 9372 (1571/196)
[2025-11-21T20:13:16.135Z] ✅ Collected HTML for item 9372
[2025-11-21T20:28:35.696Z] 🔄 Restarting browser for fresh session...
[2025-11-21T20:28:35.896Z] 🔒 Browser closed
[2025-11-21T20:28:35.896Z] 🚀 Initializing browser with anti-detection...
[2025-11-21T20:28:36.384Z] ✅ Browser initialized with stealth mode
[2025-11-21T20:28:36.384Z] 🔍 Processing 2h-swords item 9385 (1572/196)
[2025-11-21T20:28:40.735Z] ✅ Collected HTML for item 9385
[2025-11-21T20:45:32.681Z] 🔄 Restarting browser for fresh session...
[2025-11-21T20:45:32.887Z] 🔒 Browser closed
[2025-11-21T20:45:32.887Z] 🚀 Initializing browser with anti-detection...
[2025-11-21T20:45:33.458Z] ✅ Browser initialized with stealth mode
[2025-11-21T20:45:33.458Z] 🔍 Processing 2h-swords item 9490 (1573/196)
[2025-11-21T21:01:17.790Z] ✅ Collected HTML for item 9490
[2025-11-21T21:01:19.798Z] 🔄 Restarting browser for fresh session...
[2025-11-21T21:01:19.892Z] 🔒 Browser closed
[2025-11-21T21:01:19.892Z] 🚀 Initializing browser with anti-detection...
[2025-11-21T21:01:20.187Z] ✅ Browser initialized with stealth mode
[2025-11-21T21:01:20.187Z] 🔍 Processing 2h-swords item 10573 (1574/196)
[2025-11-21T21:14:08.790Z] ✅ Collected HTML for item 10573
[2025-11-21T21:14:10.795Z] 🔄 Restarting browser for fresh session...
[2025-11-21T21:14:11.061Z] 🔒 Browser closed
[2025-11-21T21:14:11.061Z] 🚀 Initializing browser with anti-detection...
[2025-11-21T21:14:11.363Z] ✅ Browser initialized with stealth mode
[2025-11-21T21:14:11.363Z] 🔍 Processing 2h-swords item 10628 (1575/196)
[2025-11-21T21:14:15.945Z] ✅ Collected HTML for item 10628
[2025-11-21T21:14:17.951Z] 🔄 Restarting browser for fresh session...
[2025-11-21T21:14:18.042Z] 🔒 Browser closed
[2025-11-21T21:14:18.043Z] 🚀 Initializing browser with anti-detection...
[2025-11-21T21:14:18.325Z] ✅ Browser initialized with stealth mode
[2025-11-21T21:14:18.325Z] 🔍 Processing 2h-swords item 12463 (1576/196)
[2025-11-21T21:14:22.778Z] ✅ Collected HTML for item 12463
[2025-11-21T21:30:06.659Z] 🔄 Restarting browser for fresh session...
[2025-11-21T21:30:06.865Z] 🔒 Browser closed
[2025-11-21T21:30:06.866Z] 🚀 Initializing browser with anti-detection...
[2025-11-21T21:30:07.462Z] ✅ Browser initialized with stealth mode
[2025-11-21T21:30:07.462Z] 🔍 Processing 2h-swords item 12592 (1577/196)
[2025-11-21T21:36:21.802Z] ✅ Collected HTML for item 12592
[2025-11-21T21:36:23.809Z] 🔄 Restarting browser for fresh session...
[2025-11-21T21:36:23.903Z] 🔒 Browser closed
[2025-11-21T21:36:23.903Z] 🚀 Initializing browser with anti-detection...
[2025-11-21T21:36:24.223Z] ✅ Browser initialized with stealth mode
[2025-11-21T21:36:24.223Z] 🔍 Processing 2h-swords item 12782 (1578/196)
[2025-11-21T21:36:28.786Z] ✅ Collected HTML for item 12782
[2025-11-21T21:36:30.789Z] 🔄 Restarting browser for fresh session...
[2025-11-21T21:36:30.871Z] 🔒 Browser closed
[2025-11-21T21:36:30.871Z] 🚀 Initializing browser with anti-detection...
[2025-11-21T21:36:31.153Z] ✅ Browser initialized with stealth mode
[2025-11-21T21:36:31.153Z] 🔍 Processing 2h-swords item 12790 (1579/196)
[2025-11-21T21:36:35.684Z] ✅ Collected HTML for item 12790
[2025-11-21T21:36:37.688Z] 🔄 Restarting browser for fresh session...
[2025-11-21T21:36:37.783Z] 🔒 Browser closed
[2025-11-21T21:36:37.783Z] 🚀 Initializing browser with anti-detection...
[2025-11-21T21:36:38.057Z] ✅ Browser initialized with stealth mode
[2025-11-21T21:36:38.057Z] 🔍 Processing 2h-swords item 13041 (1580/196)
[2025-11-21T21:36:42.553Z] ✅ Collected HTML for item 13041
[2025-11-21T21:51:58.694Z] 🔄 Restarting browser for fresh session...
[2025-11-21T21:51:58.892Z] 🔒 Browser closed
[2025-11-21T21:51:58.892Z] 🚀 Initializing browser with anti-detection...
[2025-11-21T21:51:59.451Z] ✅ Browser initialized with stealth mode
[2025-11-21T21:51:59.451Z] 🔍 Processing 2h-swords item 13043 (1581/196)
[2025-11-21T21:59:00.690Z] 🔄 Retrying item 13043 in 5 seconds...
[2025-11-21T21:59:05.720Z] 🔄 Retrying item 13043 in 7 seconds...
[2025-11-21T21:59:12.741Z] 🔄 Retrying item 13043 in 9 seconds...
[2025-11-21T22:12:25.073Z] 🔄 Restarting browser for fresh session...
[2025-11-21T22:12:25.175Z] 🔒 Browser closed
[2025-11-21T22:12:25.175Z] 🚀 Initializing browser with anti-detection...
[2025-11-21T22:12:25.498Z] ✅ Browser initialized with stealth mode
[2025-11-21T22:12:25.498Z] 🔍 Processing 2h-swords item 13044 (1582/196)
[2025-11-21T22:12:25.516Z] 🔄 Retrying item 13044 in 5 seconds...
[2025-11-21T22:12:30.554Z] 🔄 Retrying item 13044 in 7 seconds...
[2025-11-21T22:12:37.593Z] 🔄 Retrying item 13044 in 9 seconds...
[2025-11-21T22:15:10.803Z] 🔄 Restarting browser for fresh session...
[2025-11-21T22:15:10.865Z] 🔒 Browser closed
[2025-11-21T22:15:10.865Z] 🚀 Initializing browser with anti-detection...
[2025-11-21T22:15:11.158Z] ✅ Browser initialized with stealth mode
[2025-11-21T22:15:11.158Z] 🔍 Processing 2h-swords item 13049 (1583/196)
[2025-11-21T22:15:11.176Z] 🔄 Retrying item 13049 in 5 seconds...
[2025-11-21T22:15:16.217Z] 🔄 Retrying item 13049 in 7 seconds...
[2025-11-21T22:16:47.345Z] 🔄 Retrying item 13049 in 9 seconds...
[2025-11-21T22:27:56.388Z] ✅ Collected HTML for item 13049
[2025-11-21T22:27:58.391Z] 🔄 Restarting browser for fresh session...
[2025-11-21T22:27:58.477Z] 🔒 Browser closed
[2025-11-21T22:27:58.477Z] 🚀 Initializing browser with anti-detection...
[2025-11-21T22:27:58.783Z] ✅ Browser initialized with stealth mode
[2025-11-21T22:27:58.783Z] 🔍 Processing 2h-swords item 13053 (1584/196)
[2025-11-21T22:27:58.803Z] 🔄 Retrying item 13053 in 5 seconds...
[2025-11-21T22:28:07.948Z] ✅ Collected HTML for item 13053
[2025-11-21T22:44:32.692Z] 🔄 Restarting browser for fresh session...
[2025-11-21T22:44:32.897Z] 🔒 Browser closed
[2025-11-21T22:44:32.897Z] 🚀 Initializing browser with anti-detection...
[2025-11-21T22:44:33.367Z] ✅ Browser initialized with stealth mode
[2025-11-21T22:44:33.368Z] 🔍 Processing 2h-swords item 13262 (1585/196)
[2025-11-21T22:44:37.362Z] ✅ Collected HTML for item 13262
[2025-11-21T23:02:22.265Z] 🔄 Restarting browser for fresh session...
[2025-11-21T23:02:22.458Z] 🔒 Browser closed
[2025-11-21T23:02:22.458Z] 🚀 Initializing browser with anti-detection...
[2025-11-21T23:02:22.790Z] ✅ Browser initialized with stealth mode
[2025-11-21T23:02:22.790Z] 🔍 Processing 2h-swords item 13348 (1586/196)
[2025-11-21T23:02:26.787Z] ✅ Collected HTML for item 13348
[2025-11-21T23:16:08.691Z] 🔄 Restarting browser for fresh session...
[2025-11-21T23:16:08.893Z] 🔒 Browser closed
[2025-11-21T23:16:08.893Z] 🚀 Initializing browser with anti-detection...
[2025-11-21T23:16:09.406Z] ✅ Browser initialized with stealth mode
[2025-11-21T23:16:09.406Z] 🔍 Processing 2h-swords item 13505 (1587/196)
[2025-11-21T23:16:13.664Z] ✅ Collected HTML for item 13505
[2025-11-21T23:16:15.667Z] 🔄 Restarting browser for fresh session...
[2025-11-21T23:16:15.760Z] 🔒 Browser closed
[2025-11-21T23:16:15.760Z] 🚀 Initializing browser with anti-detection...
[2025-11-21T23:16:16.063Z] ✅ Browser initialized with stealth mode
[2025-11-21T23:16:16.063Z] 🔍 Processing 2h-swords item 14541 (1588/196)
[2025-11-21T23:16:20.383Z] ✅ Collected HTML for item 14541
[2025-11-21T23:16:22.385Z] 🔄 Restarting browser for fresh session...
[2025-11-21T23:31:46.708Z] 🔒 Browser closed
[2025-11-21T23:31:46.795Z] 🚀 Initializing browser with anti-detection...
[2025-11-21T23:31:47.315Z] ✅ Browser initialized with stealth mode
[2025-11-21T23:31:47.315Z] 🔍 Processing 2h-swords item 17076 (1589/196)
[2025-11-21T23:31:51.326Z] ✅ Collected HTML for item 17076
[2025-11-21T23:43:58.679Z] 🔄 Restarting browser for fresh session...
[2025-11-21T23:43:58.882Z] 🔒 Browser closed
[2025-11-21T23:43:58.882Z] 🚀 Initializing browser with anti-detection...
[2025-11-21T23:43:59.266Z] ✅ Browser initialized with stealth mode
[2025-11-21T23:43:59.266Z] 🔍 Processing 2h-swords item 18520 (1590/196)
[2025-11-21T23:44:03.252Z] 🔄 Retrying item 18520 in 5 seconds...
[2025-11-21T23:44:08.254Z] 🔄 Retrying item 18520 in 7 seconds...
[2025-11-21T23:44:15.258Z] 🔄 Retrying item 18520 in 9 seconds...
[2025-11-21T23:44:26.263Z] 🔄 Restarting browser for fresh session...
[2025-11-21T23:44:26.316Z] 🔒 Browser closed
[2025-11-21T23:44:26.316Z] 🚀 Initializing browser with anti-detection...
[2025-11-21T23:44:26.684Z] ✅ Browser initialized with stealth mode
[2025-11-21T23:44:26.684Z] 🔍 Processing 2h-swords item 18542 (1591/196)
[2025-11-21T23:44:30.678Z] ✅ Collected HTML for item 18542
[2025-11-21T23:44:32.681Z] 🔄 Restarting browser for fresh session...
[2025-11-21T23:44:32.773Z] 🔒 Browser closed
[2025-11-21T23:44:32.774Z] 🚀 Initializing browser with anti-detection...
[2025-11-21T23:44:33.115Z] ✅ Browser initialized with stealth mode
[2025-11-21T23:44:33.115Z] 🔍 Processing 2h-swords item 18822 (1592/196)
[2025-11-21T23:44:37.457Z] ✅ Collected HTML for item 18822
[2025-11-21T23:44:39.460Z] 🔄 Restarting browser for fresh session...
[2025-11-21T23:44:39.583Z] 🔒 Browser closed
[2025-11-21T23:44:39.583Z] 🚀 Initializing browser with anti-detection...
[2025-11-21T23:44:39.904Z] ✅ Browser initialized with stealth mode
[2025-11-21T23:44:39.904Z] 🔍 Processing 2h-swords item 18876 (1593/196)
[2025-11-21T23:44:43.757Z] ✅ Collected HTML for item 18876
[2025-11-21T23:44:45.759Z] 🔄 Restarting browser for fresh session...
[2025-11-21T23:44:45.868Z] 🔒 Browser closed
[2025-11-21T23:44:45.868Z] 🚀 Initializing browser with anti-detection...
[2025-11-21T23:44:46.190Z] ✅ Browser initialized with stealth mode
[2025-11-21T23:44:46.190Z] 🔍 Processing 2h-swords item 18877 (1594/196)
[2025-11-21T23:44:50.187Z] ✅ Collected HTML for item 18877
[2025-11-21T23:44:52.189Z] 🔄 Restarting browser for fresh session...
[2025-11-21T23:44:52.289Z] 🔒 Browser closed
[2025-11-21T23:44:52.289Z] 🚀 Initializing browser with anti-detection...
[2025-11-21T23:44:52.590Z] ✅ Browser initialized with stealth mode
[2025-11-21T23:44:52.590Z] 🔍 Processing 2h-swords item 19334 (1595/196)
[2025-11-21T23:44:56.733Z] ✅ Collected HTML for item 19334
[2025-11-21T23:44:58.736Z] 🔄 Restarting browser for fresh session...
[2025-11-21T23:44:58.846Z] 🔒 Browser closed
[2025-11-21T23:44:58.846Z] 🚀 Initializing browser with anti-detection...
[2025-11-21T23:44:59.155Z] ✅ Browser initialized with stealth mode
[2025-11-21T23:44:59.155Z] 🔍 Processing 2h-swords item 19364 (1596/196)
[2025-11-21T23:45:03.166Z] ✅ Collected HTML for item 19364
[2025-11-21T23:45:05.167Z] 🔄 Restarting browser for fresh session...
[2025-11-21T23:45:05.251Z] 🔒 Browser closed
[2025-11-21T23:45:05.251Z] 🚀 Initializing browser with anti-detection...
[2025-11-21T23:45:05.539Z] ✅ Browser initialized with stealth mode
[2025-11-21T23:45:05.539Z] 🔍 Processing 2h-swords item 19854 (1597/196)
[2025-11-21T23:45:09.527Z] ✅ Collected HTML for item 19854
[2025-11-21T23:45:11.529Z] 🔄 Restarting browser for fresh session...
[2025-11-21T23:45:11.642Z] 🔒 Browser closed
[2025-11-21T23:45:11.642Z] 🚀 Initializing browser with anti-detection...
[2025-11-21T23:45:11.951Z] ✅ Browser initialized with stealth mode
[2025-11-21T23:45:11.952Z] 🔍 Processing 2h-swords item 20669 (1598/196)
[2025-11-21T23:45:15.800Z] ✅ Collected HTML for item 20669
[2025-11-21T23:45:17.801Z] 🔄 Restarting browser for fresh session...
[2025-11-21T23:45:17.904Z] 🔒 Browser closed
[2025-11-21T23:45:17.904Z] 🚀 Initializing browser with anti-detection...
[2025-11-21T23:45:18.204Z] ✅ Browser initialized with stealth mode
[2025-11-21T23:45:18.204Z] 🔍 Processing 2h-swords item 21492 (1599/196)
[2025-11-21T23:45:22.192Z] ✅ Collected HTML for item 21492
[2025-11-21T23:45:24.194Z] 🔄 Restarting browser for fresh session...
[2025-11-21T23:45:24.303Z] 🔒 Browser closed
[2025-11-21T23:45:24.303Z] 🚀 Initializing browser with anti-detection...
[2025-11-21T23:45:24.603Z] ✅ Browser initialized with stealth mode
[2025-11-21T23:45:24.603Z] 🔍 Processing 2h-swords item 21679 (1600/196)
[2025-11-21T23:45:28.467Z] ✅ Collected HTML for item 21679
[2025-11-21T23:45:30.468Z] 🔄 Restarting browser for fresh session...
[2025-11-21T23:45:30.591Z] 🔒 Browser closed
[2025-11-21T23:45:30.591Z] 🚀 Initializing browser with anti-detection...
[2025-11-21T23:45:30.917Z] ✅ Browser initialized with stealth mode
[2025-11-21T23:45:30.917Z] 🔍 Processing 2h-swords item 22691 (1601/196)
[2025-11-21T23:45:34.760Z] ✅ Collected HTML for item 22691
[2025-11-21T23:45:36.762Z] 🔄 Restarting browser for fresh session...
[2025-11-21T23:45:36.871Z] 🔒 Browser closed
[2025-11-21T23:45:36.871Z] 🚀 Initializing browser with anti-detection...
[2025-11-21T23:45:37.148Z] ✅ Browser initialized with stealth mode
[2025-11-21T23:45:37.148Z] 🔍 Processing 2h-swords item 22813 (1602/196)
[2025-11-21T23:45:41.022Z] ✅ Collected HTML for item 22813
[2025-11-21T23:45:43.024Z] 🔄 Restarting browser for fresh session...
[2025-11-21T23:45:43.136Z] 🔒 Browser closed
[2025-11-21T23:45:43.136Z] 🚀 Initializing browser with anti-detection...
[2025-11-21T23:45:43.441Z] ✅ Browser initialized with stealth mode
[2025-11-21T23:45:43.441Z] 🔍 Processing 2h-swords item 41564 (1603/196)
[2025-11-21T23:45:47.297Z] ✅ Collected HTML for item 41564
[2025-11-21T23:45:49.300Z] 🔄 Restarting browser for fresh session...
[2025-11-21T23:45:49.418Z] 🔒 Browser closed
[2025-11-21T23:45:49.419Z] 🚀 Initializing browser with anti-detection...
[2025-11-21T23:45:49.739Z] ✅ Browser initialized with stealth mode
[2025-11-21T23:45:49.739Z] 🔍 Processing 2h-swords item 50243 (1604/196)
[2025-11-21T23:45:53.599Z] ✅ Collected HTML for item 50243
[2025-11-21T23:45:55.601Z] 🔄 Restarting browser for fresh session...
[2025-11-21T23:45:55.697Z] 🔒 Browser closed
[2025-11-21T23:45:55.697Z] 🚀 Initializing browser with anti-detection...
[2025-11-21T23:45:55.985Z] ✅ Browser initialized with stealth mode
[2025-11-21T23:45:55.985Z] 🔍 Processing 2h-swords item 51752 (1605/196)
[2025-11-21T23:45:59.847Z] ✅ Collected HTML for item 51752
[2025-11-21T23:46:01.849Z] 🔄 Restarting browser for fresh session...
[2025-11-21T23:46:01.946Z] 🔒 Browser closed
[2025-11-21T23:46:01.946Z] 🚀 Initializing browser with anti-detection...
[2025-11-21T23:46:02.247Z] ✅ Browser initialized with stealth mode
[2025-11-21T23:46:02.247Z] 🔍 Processing 2h-swords item 55277 (1606/196)
[2025-11-21T23:46:06.245Z] ✅ Collected HTML for item 55277
[2025-11-21T23:46:08.246Z] 🔄 Restarting browser for fresh session...
[2025-11-21T23:46:08.338Z] 🔒 Browser closed
[2025-11-21T23:46:08.338Z] 🚀 Initializing browser with anti-detection...
[2025-11-21T23:46:08.645Z] ✅ Browser initialized with stealth mode
[2025-11-21T23:46:08.645Z] 🔍 Processing 2h-swords item 58094 (1607/196)
[2025-11-21T23:46:12.644Z] ✅ Collected HTML for item 58094
[2025-11-21T23:46:14.647Z] 🔄 Restarting browser for fresh session...
[2025-11-21T23:46:14.731Z] 🔒 Browser closed
[2025-11-21T23:46:14.731Z] 🚀 Initializing browser with anti-detection...
[2025-11-21T23:46:15.029Z] ✅ Browser initialized with stealth mode
[2025-11-21T23:46:15.029Z] 🔍 Processing 2h-swords item 58232 (1608/196)
[2025-11-21T23:46:19.039Z] ✅ Collected HTML for item 58232
[2025-11-21T23:46:21.041Z] 🔄 Restarting browser for fresh session...
[2025-11-21T23:46:21.137Z] 🔒 Browser closed
[2025-11-21T23:46:21.137Z] 🚀 Initializing browser with anti-detection...
[2025-11-21T23:46:21.430Z] ✅ Browser initialized with stealth mode
[2025-11-21T23:46:21.430Z] 🔍 Processing 2h-swords item 60808 (1609/196)
[2025-11-21T23:46:25.300Z] ✅ Collected HTML for item 60808
[2025-11-21T23:46:27.302Z] 🔄 Restarting browser for fresh session...
[2025-11-21T23:46:27.399Z] 🔒 Browser closed
[2025-11-21T23:46:27.399Z] 🚀 Initializing browser with anti-detection...
[2025-11-21T23:46:27.691Z] ✅ Browser initialized with stealth mode
[2025-11-21T23:46:27.691Z] 🔍 Processing 2h-swords item 61049 (1610/196)
[2025-11-21T23:46:31.554Z] ✅ Collected HTML for item 61049
[2025-11-21T23:46:33.556Z] 🔄 Restarting browser for fresh session...
[2025-11-21T23:46:33.663Z] 🔒 Browser closed
[2025-11-21T23:46:33.664Z] 🚀 Initializing browser with anti-detection...
[2025-11-21T23:46:33.948Z] ✅ Browser initialized with stealth mode
[2025-11-21T23:46:33.948Z] 🔍 Processing 2h-swords item 61247 (1611/196)
[2025-11-21T23:46:37.948Z] ✅ Collected HTML for item 61247
[2025-11-21T23:46:39.950Z] 🔄 Restarting browser for fresh session...
[2025-11-21T23:46:40.050Z] 🔒 Browser closed
[2025-11-21T23:46:40.050Z] 🚀 Initializing browser with anti-detection...
[2025-11-21T23:46:40.363Z] ✅ Browser initialized with stealth mode
[2025-11-21T23:46:40.363Z] 🔍 Processing 2h-swords item 61660 (1612/196)
[2025-11-21T23:46:44.374Z] ✅ Collected HTML for item 61660
[2025-11-21T23:46:46.376Z] 🔄 Restarting browser for fresh session...
[2025-11-21T23:46:46.466Z] 🔒 Browser closed
[2025-11-21T23:46:46.466Z] 🚀 Initializing browser with anti-detection...
[2025-11-21T23:46:46.743Z] ✅ Browser initialized with stealth mode
[2025-11-21T23:46:46.743Z] 🔍 Processing 2h-swords item 80812 (1613/196)
[2025-11-21T23:46:50.734Z] ✅ Collected HTML for item 80812
[2025-11-21T23:46:52.735Z] 🔄 Restarting browser for fresh session...
[2025-11-21T23:46:52.843Z] 🔒 Browser closed
[2025-11-21T23:46:52.844Z] 🚀 Initializing browser with anti-detection...
[2025-11-21T23:46:53.155Z] ✅ Browser initialized with stealth mode
[2025-11-21T23:46:53.155Z] 🔍 Processing 2h-swords item 81057 (1614/196)
[2025-11-21T23:46:57.010Z] ✅ Collected HTML for item 81057
[2025-11-21T23:46:59.011Z] 🔄 Restarting browser for fresh session...
[2025-11-21T23:46:59.111Z] 🔒 Browser closed
[2025-11-21T23:46:59.111Z] 🚀 Initializing browser with anti-detection...
[2025-11-21T23:46:59.392Z] ✅ Browser initialized with stealth mode
[2025-11-21T23:46:59.392Z] 🔍 Processing 2h-swords item 81060 (1615/196)
[2025-11-21T23:47:03.262Z] ✅ Collected HTML for item 81060
[2025-11-21T23:47:05.264Z] 🔄 Restarting browser for fresh session...
[2025-11-21T23:47:05.361Z] 🔒 Browser closed
[2025-11-21T23:47:05.361Z] 🚀 Initializing browser with anti-detection...
[2025-11-21T23:47:05.657Z] ✅ Browser initialized with stealth mode
[2025-11-21T23:47:05.657Z] 🔍 Processing 2h-swords item 1460 (1616/196)
[2025-11-21T23:47:09.521Z] ✅ Collected HTML for item 1460
[2025-11-21T23:47:11.523Z] 🔄 Restarting browser for fresh session...
[2025-11-21T23:47:11.627Z] 🔒 Browser closed
[2025-11-21T23:47:11.628Z] 🚀 Initializing browser with anti-detection...
[2025-11-21T23:47:11.905Z] ✅ Browser initialized with stealth mode
[2025-11-21T23:47:11.905Z] 🔍 Processing 2h-swords item 1566 (1617/196)
[2025-11-21T23:47:15.900Z] ✅ Collected HTML for item 1566
[2025-11-21T23:47:17.902Z] 🔄 Restarting browser for fresh session...
[2025-11-21T23:47:18.005Z] 🔒 Browser closed
[2025-11-21T23:47:18.005Z] 🚀 Initializing browser with anti-detection...
[2025-11-21T23:47:18.282Z] ✅ Browser initialized with stealth mode
[2025-11-21T23:47:18.282Z] 🔍 Processing 2h-swords item 1604 (1618/196)
[2025-11-21T23:47:22.151Z] ✅ Collected HTML for item 1604
[2025-11-21T23:47:24.152Z] 🔄 Restarting browser for fresh session...
[2025-11-21T23:47:24.266Z] 🔒 Browser closed
[2025-11-21T23:47:24.266Z] 🚀 Initializing browser with anti-detection...
[2025-11-21T23:47:24.561Z] ✅ Browser initialized with stealth mode
[2025-11-21T23:47:24.561Z] 🔍 Processing 2h-swords item 1625 (1619/196)
[2025-11-21T23:47:28.559Z] ✅ Collected HTML for item 1625
[2025-11-21T23:47:30.560Z] 🔄 Restarting browser for fresh session...
[2025-11-21T23:47:30.661Z] 🔒 Browser closed
[2025-11-21T23:47:30.661Z] 🚀 Initializing browser with anti-detection...
[2025-11-21T23:47:30.986Z] ✅ Browser initialized with stealth mode
[2025-11-21T23:47:30.986Z] 🔍 Processing 2h-swords item 1975 (1620/196)
[2025-11-21T23:47:34.997Z] ✅ Collected HTML for item 1975
[2025-11-21T23:47:36.998Z] 🔄 Restarting browser for fresh session...
[2025-11-21T23:47:37.152Z] 🔒 Browser closed
[2025-11-21T23:47:37.153Z] 🚀 Initializing browser with anti-detection...
[2025-11-21T23:47:37.454Z] ✅ Browser initialized with stealth mode
[2025-11-21T23:47:37.454Z] 🔍 Processing 2h-swords item 2000 (1621/196)
[2025-11-21T23:47:41.320Z] ✅ Collected HTML for item 2000
[2025-11-21T23:47:43.322Z] 🔄 Restarting browser for fresh session...
[2025-11-21T23:47:43.433Z] 🔒 Browser closed
[2025-11-21T23:47:43.434Z] 🚀 Initializing browser with anti-detection...
[2025-11-21T23:47:43.746Z] ✅ Browser initialized with stealth mode
[2025-11-21T23:47:43.746Z] 🔍 Processing 2h-swords item 2014 (1622/196)
[2025-11-21T23:47:47.598Z] ✅ Collected HTML for item 2014
[2025-11-21T23:47:49.600Z] 🔄 Restarting browser for fresh session...
[2025-11-21T23:47:49.700Z] 🔒 Browser closed
[2025-11-21T23:47:49.701Z] 🚀 Initializing browser with anti-detection...
[2025-11-21T23:47:50.006Z] ✅ Browser initialized with stealth mode
[2025-11-21T23:47:50.006Z] 🔍 Processing 2h-swords item 2084 (1623/196)
[2025-11-21T23:47:54.005Z] ✅ Collected HTML for item 2084
[2025-11-21T23:47:56.007Z] 🔄 Restarting browser for fresh session...
[2025-11-21T23:47:56.107Z] 🔒 Browser closed
[2025-11-21T23:47:56.107Z] 🚀 Initializing browser with anti-detection...
[2025-11-21T23:47:56.426Z] ✅ Browser initialized with stealth mode
[2025-11-21T23:47:56.426Z] 🔍 Processing 2h-swords item 2204 (1624/196)
[2025-11-21T23:48:00.449Z] ✅ Collected HTML for item 2204
[2025-11-21T23:48:02.451Z] 🔄 Restarting browser for fresh session...
[2025-11-21T23:48:02.543Z] 🔒 Browser closed
[2025-11-21T23:48:02.543Z] 🚀 Initializing browser with anti-detection...
[2025-11-21T23:48:02.849Z] ✅ Browser initialized with stealth mode
[2025-11-21T23:48:02.849Z] 🔍 Processing 2h-swords item 3188 (1625/196)
[2025-11-21T23:48:06.708Z] ✅ Collected HTML for item 3188
[2025-11-21T23:48:08.710Z] 🔄 Restarting browser for fresh session...
[2025-11-21T23:48:08.826Z] 🔒 Browser closed
[2025-11-21T23:48:08.826Z] 🚀 Initializing browser with anti-detection...
[2025-11-21T23:48:09.134Z] ✅ Browser initialized with stealth mode
[2025-11-21T23:48:09.134Z] 🔍 Processing 2h-swords item 3196 (1626/196)
[2025-11-21T23:48:13.158Z] ✅ Collected HTML for item 3196
[2025-11-21T23:48:15.160Z] 🔄 Restarting browser for fresh session...
[2025-11-21T23:48:15.269Z] 🔒 Browser closed
[2025-11-21T23:48:15.269Z] 🚀 Initializing browser with anti-detection...
[2025-11-21T23:48:15.571Z] ✅ Browser initialized with stealth mode
[2025-11-21T23:48:15.571Z] 🔍 Processing 2h-swords item 3206 (1627/196)
[2025-11-21T23:48:19.435Z] ✅ Collected HTML for item 3206
[2025-11-21T23:48:21.437Z] 🔄 Restarting browser for fresh session...
[2025-11-21T23:48:21.549Z] 🔒 Browser closed
[2025-11-21T23:48:21.549Z] 🚀 Initializing browser with anti-detection...
[2025-11-21T23:48:21.860Z] ✅ Browser initialized with stealth mode
[2025-11-21T23:48:21.860Z] 🔍 Processing 2h-swords item 3209 (1628/196)
[2025-11-21T23:48:25.851Z] ✅ Collected HTML for item 3209
[2025-11-21T23:48:27.852Z] 🔄 Restarting browser for fresh session...
[2025-11-21T23:48:27.944Z] 🔒 Browser closed
[2025-11-21T23:48:27.944Z] 🚀 Initializing browser with anti-detection...
[2025-11-21T23:48:28.257Z] ✅ Browser initialized with stealth mode
[2025-11-21T23:48:28.262Z] 🔍 Processing 2h-swords item 3417 (1629/196)
[2025-11-21T23:48:32.120Z] ✅ Collected HTML for item 3417
[2025-11-21T23:48:34.122Z] 🔄 Restarting browser for fresh session...
[2025-11-21T23:48:34.225Z] 🔒 Browser closed
[2025-11-21T23:48:34.225Z] 🚀 Initializing browser with anti-detection...
[2025-11-21T23:48:34.515Z] ✅ Browser initialized with stealth mode
[2025-11-21T23:48:34.515Z] 🔍 Processing 2h-swords item 4817 (1630/196)
[2025-11-21T23:48:38.507Z] ✅ Collected HTML for item 4817
[2025-11-21T23:48:40.509Z] 🔄 Restarting browser for fresh session...
[2025-11-21T23:48:40.616Z] 🔒 Browser closed
[2025-11-21T23:48:40.616Z] 🚀 Initializing browser with anti-detection...
[2025-11-21T23:48:40.949Z] ✅ Browser initialized with stealth mode
[2025-11-21T23:48:40.949Z] 🔍 Processing 2h-swords item 4818 (1631/196)
[2025-11-21T23:48:44.957Z] ✅ Collected HTML for item 4818
[2025-11-21T23:48:46.959Z] 🔄 Restarting browser for fresh session...
[2025-11-21T23:48:47.059Z] 🔒 Browser closed
[2025-11-21T23:48:47.059Z] 🚀 Initializing browser with anti-detection...
[2025-11-21T23:48:47.380Z] ✅ Browser initialized with stealth mode
[2025-11-21T23:48:47.381Z] 🔍 Processing 2h-swords item 5813 (1632/196)
[2025-11-21T23:48:51.371Z] ✅ Collected HTML for item 5813
[2025-11-21T23:48:53.372Z] 🔄 Restarting browser for fresh session...
[2025-11-21T23:48:53.462Z] 🔒 Browser closed
[2025-11-21T23:48:53.462Z] 🚀 Initializing browser with anti-detection...
[2025-11-21T23:48:53.812Z] ✅ Browser initialized with stealth mode
[2025-11-21T23:48:53.812Z] 🔍 Processing 2h-swords item 6909 (1633/196)
[2025-11-21T23:48:57.801Z] ✅ Collected HTML for item 6909
[2025-11-21T23:48:59.803Z] 🔄 Restarting browser for fresh session...
[2025-11-21T23:48:59.944Z] 🔒 Browser closed
[2025-11-21T23:48:59.944Z] 🚀 Initializing browser with anti-detection...
[2025-11-21T23:49:00.287Z] ✅ Browser initialized with stealth mode
[2025-11-21T23:49:00.288Z] 🔍 Processing 2h-swords item 6977 (1634/196)
[2025-11-21T23:49:04.311Z] ✅ Collected HTML for item 6977
[2025-11-21T23:49:06.313Z] 🔄 Restarting browser for fresh session...
[2025-11-21T23:49:06.401Z] 🔒 Browser closed
[2025-11-21T23:49:06.401Z] 🚀 Initializing browser with anti-detection...
[2025-11-21T23:49:06.713Z] ✅ Browser initialized with stealth mode
[2025-11-21T23:49:06.713Z] 🔍 Processing 2h-swords item 7689 (1635/196)
[2025-11-21T23:49:10.559Z] ✅ Collected HTML for item 7689
[2025-11-21T23:49:12.561Z] 🔄 Restarting browser for fresh session...
[2025-11-21T23:49:12.658Z] 🔒 Browser closed
[2025-11-21T23:49:12.658Z] 🚀 Initializing browser with anti-detection...
[2025-11-21T23:49:12.978Z] ✅ Browser initialized with stealth mode
[2025-11-21T23:49:12.978Z] 🔍 Processing 2h-swords item 7960 (1636/196)
[2025-11-21T23:49:16.970Z] ✅ Collected HTML for item 7960
[2025-11-21T23:49:18.973Z] 🔄 Restarting browser for fresh session...
[2025-11-21T23:49:19.063Z] 🔒 Browser closed
[2025-11-21T23:49:19.064Z] 🚀 Initializing browser with anti-detection...
[2025-11-21T23:49:19.366Z] ✅ Browser initialized with stealth mode
[2025-11-21T23:49:19.366Z] 🔍 Processing 2h-swords item 8199 (1637/196)
[2025-11-21T23:49:23.366Z] ✅ Collected HTML for item 8199
[2025-11-21T23:49:25.368Z] 🔄 Restarting browser for fresh session...
[2025-11-21T23:49:25.469Z] 🔒 Browser closed
[2025-11-21T23:49:25.469Z] 🚀 Initializing browser with anti-detection...
[2025-11-21T23:49:25.766Z] ✅ Browser initialized with stealth mode
[2025-11-21T23:49:25.766Z] 🔍 Processing 2h-swords item 9418 (1638/196)
[2025-11-21T23:49:30.006Z] ✅ Collected HTML for item 9418
[2025-11-21T23:49:32.008Z] 🔄 Restarting browser for fresh session...
[2025-11-21T23:49:32.103Z] 🔒 Browser closed
[2025-11-21T23:49:32.103Z] 🚀 Initializing browser with anti-detection...
[2025-11-21T23:49:32.399Z] ✅ Browser initialized with stealth mode
[2025-11-21T23:49:32.399Z] 🔍 Processing 2h-swords item 9602 (1639/196)
[2025-11-21T23:49:36.259Z] ✅ Collected HTML for item 9602
[2025-11-21T23:49:38.260Z] 🔄 Restarting browser for fresh session...
[2025-11-21T23:49:38.373Z] 🔒 Browser closed
[2025-11-21T23:49:38.373Z] 🚀 Initializing browser with anti-detection...
[2025-11-21T23:49:38.680Z] ✅ Browser initialized with stealth mode
[2025-11-21T23:49:38.680Z] 🔍 Processing 2h-swords item 10758 (1640/196)
[2025-11-21T23:49:42.536Z] ✅ Collected HTML for item 10758
[2025-11-21T23:49:44.538Z] 🔄 Restarting browser for fresh session...
[2025-11-21T23:49:44.625Z] 🔒 Browser closed
[2025-11-21T23:49:44.625Z] 🚀 Initializing browser with anti-detection...
[2025-11-21T23:49:44.929Z] ✅ Browser initialized with stealth mode
[2025-11-21T23:49:44.929Z] 🔍 Processing 2h-swords item 11786 (1641/196)
[2025-11-21T23:49:48.921Z] ✅ Collected HTML for item 11786
[2025-11-21T23:49:50.925Z] 🔄 Restarting browser for fresh session...
[2025-11-21T23:49:51.055Z] 🔒 Browser closed
[2025-11-21T23:49:51.055Z] 🚀 Initializing browser with anti-detection...
[2025-11-21T23:49:51.362Z] ✅ Browser initialized with stealth mode
[2025-11-21T23:49:51.362Z] 🔍 Processing 2h-swords item 12469 (1642/196)
[2025-11-21T23:49:55.354Z] ✅ Collected HTML for item 12469
[2025-11-21T23:49:57.355Z] 🔄 Restarting browser for fresh session...
[2025-11-21T23:49:57.457Z] 🔒 Browser closed
[2025-11-21T23:49:57.457Z] 🚀 Initializing browser with anti-detection...
[2025-11-21T23:49:57.770Z] ✅ Browser initialized with stealth mode
[2025-11-21T23:49:57.770Z] 🔍 Processing 2h-swords item 12992 (1643/196)
[2025-11-21T23:50:01.764Z] ✅ Collected HTML for item 12992
[2025-11-21T23:50:03.766Z] 🔄 Restarting browser for fresh session...
[2025-11-21T23:50:03.859Z] 🔒 Browser closed
[2025-11-21T23:50:03.859Z] 🚀 Initializing browser with anti-detection...
[2025-11-21T23:50:04.151Z] ✅ Browser initialized with stealth mode
[2025-11-21T23:50:04.151Z] 🔍 Processing 2h-swords item 13042 (1644/196)
[2025-11-21T23:50:08.147Z] ✅ Collected HTML for item 13042
[2025-11-21T23:50:10.149Z] 🔄 Restarting browser for fresh session...
[2025-11-21T23:50:10.242Z] 🔒 Browser closed
[2025-11-21T23:50:10.242Z] 🚀 Initializing browser with anti-detection...
[2025-11-21T23:50:10.537Z] ✅ Browser initialized with stealth mode
[2025-11-21T23:50:10.537Z] 🔍 Processing 2h-swords item 13051 (1645/196)
[2025-11-21T23:50:14.545Z] ✅ Collected HTML for item 13051
[2025-11-21T23:50:16.546Z] 🔄 Restarting browser for fresh session...
[2025-11-21T23:50:16.671Z] 🔒 Browser closed
[2025-11-21T23:50:16.671Z] 🚀 Initializing browser with anti-detection...
[2025-11-21T23:50:16.986Z] ✅ Browser initialized with stealth mode
[2025-11-21T23:50:16.986Z] 🔍 Processing 2h-swords item 13052 (1646/196)
[2025-11-21T23:50:20.988Z] ✅ Collected HTML for item 13052
[2025-11-21T23:50:22.996Z] 🔄 Restarting browser for fresh session...
[2025-11-21T23:50:23.108Z] 🔒 Browser closed
[2025-11-21T23:50:23.108Z] 🚀 Initializing browser with anti-detection...
[2025-11-21T23:50:23.413Z] ✅ Browser initialized with stealth mode
[2025-11-21T23:50:23.413Z] 🔍 Processing 2h-swords item 13163 (1647/196)
[2025-11-21T23:50:27.437Z] ✅ Collected HTML for item 13163
[2025-11-21T23:50:29.439Z] 🔄 Restarting browser for fresh session...
[2025-11-21T23:50:29.585Z] 🔒 Browser closed
[2025-11-21T23:50:29.585Z] 🚀 Initializing browser with anti-detection...
[2025-11-21T23:50:29.894Z] ✅ Browser initialized with stealth mode
[2025-11-21T23:50:29.894Z] 🔍 Processing 2h-swords item 13982 (1648/196)
[2025-11-21T23:50:33.755Z] ✅ Collected HTML for item 13982
[2025-11-21T23:50:35.756Z] 🔄 Restarting browser for fresh session...
[2025-11-21T23:50:35.838Z] 🔒 Browser closed
[2025-11-21T23:50:35.838Z] 🚀 Initializing browser with anti-detection...
[2025-11-21T23:50:36.147Z] ✅ Browser initialized with stealth mode
[2025-11-21T23:50:36.147Z] 🔍 Processing 2h-swords item 15253 (1649/196)
[2025-11-21T23:50:40.165Z] ✅ Collected HTML for item 15253
[2025-11-21T23:50:42.167Z] 🔄 Restarting browser for fresh session...
[2025-11-21T23:50:42.282Z] 🔒 Browser closed
[2025-11-21T23:50:42.282Z] 🚀 Initializing browser with anti-detection...
[2025-11-21T23:50:42.587Z] ✅ Browser initialized with stealth mode
[2025-11-21T23:50:42.587Z] 🔍 Processing 2h-swords item 15254 (1650/196)
[2025-11-21T23:50:46.458Z] ✅ Collected HTML for item 15254
[2025-11-21T23:50:48.460Z] 🔄 Restarting browser for fresh session...
[2025-11-21T23:50:48.575Z] 🔒 Browser closed
[2025-11-21T23:50:48.575Z] 🚀 Initializing browser with anti-detection...
[2025-11-21T23:50:48.903Z] ✅ Browser initialized with stealth mode
[2025-11-21T23:50:48.903Z] 🔍 Processing 2h-swords item 15258 (1651/196)
[2025-11-21T23:50:52.903Z] ✅ Collected HTML for item 15258
[2025-11-21T23:50:54.904Z] 🔄 Restarting browser for fresh session...
[2025-11-21T23:50:55.014Z] 🔒 Browser closed
[2025-11-21T23:50:55.014Z] 🚀 Initializing browser with anti-detection...
[2025-11-21T23:50:55.307Z] ✅ Browser initialized with stealth mode
[2025-11-21T23:50:55.307Z] 🔍 Processing 2h-swords item 16039 (1652/196)
[2025-11-21T23:50:59.172Z] ✅ Collected HTML for item 16039
[2025-11-21T23:51:01.173Z] 🔄 Restarting browser for fresh session...
[2025-11-21T23:51:01.268Z] 🔒 Browser closed
[2025-11-21T23:51:01.268Z] 🚀 Initializing browser with anti-detection...
[2025-11-21T23:51:01.551Z] ✅ Browser initialized with stealth mode
[2025-11-21T23:51:01.551Z] 🔍 Processing 2h-swords item 20504 (1653/196)
[2025-11-21T23:51:05.419Z] ✅ Collected HTML for item 20504
[2025-11-21T23:51:07.421Z] 🔄 Restarting browser for fresh session...
[2025-11-21T23:51:07.520Z] 🔒 Browser closed
[2025-11-21T23:51:07.520Z] 🚀 Initializing browser with anti-detection...
[2025-11-21T23:51:07.825Z] ✅ Browser initialized with stealth mode
[2025-11-21T23:51:07.825Z] 🔍 Processing 2h-swords item 51849 (1654/196)
[2025-11-21T23:51:11.674Z] ✅ Collected HTML for item 51849
[2025-11-21T23:51:13.676Z] 🔄 Restarting browser for fresh session...
[2025-11-21T23:51:13.777Z] 🔒 Browser closed
[2025-11-21T23:51:13.778Z] 🚀 Initializing browser with anti-detection...
[2025-11-21T23:51:14.103Z] ✅ Browser initialized with stealth mode
[2025-11-21T23:51:14.103Z] 🔍 Processing 2h-swords item 58188 (1655/196)
[2025-11-21T23:51:18.102Z] ✅ Collected HTML for item 58188
[2025-11-21T23:51:20.104Z] 🔄 Restarting browser for fresh session...
[2025-11-21T23:51:20.201Z] 🔒 Browser closed
[2025-11-21T23:51:20.201Z] 🚀 Initializing browser with anti-detection...
[2025-11-21T23:51:20.495Z] ✅ Browser initialized with stealth mode
[2025-11-21T23:51:20.496Z] 🔍 Processing 2h-swords item 60293 (1656/196)
[2025-11-21T23:51:24.351Z] ✅ Collected HTML for item 60293
[2025-11-21T23:51:26.354Z] 🔄 Restarting browser for fresh session...
[2025-11-21T23:51:26.434Z] 🔒 Browser closed
[2025-11-21T23:51:26.434Z] 🚀 Initializing browser with anti-detection...
[2025-11-21T23:51:26.731Z] ✅ Browser initialized with stealth mode
[2025-11-21T23:51:26.731Z] 🔍 Processing 2h-swords item 60294 (1657/196)
[2025-11-21T23:51:30.586Z] ✅ Collected HTML for item 60294
[2025-11-21T23:51:32.588Z] 🔄 Restarting browser for fresh session...
[2025-11-21T23:51:32.687Z] 🔒 Browser closed
[2025-11-21T23:51:32.687Z] 🚀 Initializing browser with anti-detection...
[2025-11-21T23:51:32.983Z] ✅ Browser initialized with stealth mode
[2025-11-21T23:51:32.983Z] 🔍 Processing 2h-swords item 60392 (1658/196)
[2025-11-21T23:51:36.980Z] ✅ Collected HTML for item 60392
[2025-11-21T23:51:38.981Z] 🔄 Restarting browser for fresh session...
[2025-11-21T23:51:39.085Z] 🔒 Browser closed
[2025-11-21T23:51:39.085Z] 🚀 Initializing browser with anti-detection...
[2025-11-21T23:51:39.398Z] ✅ Browser initialized with stealth mode
[2025-11-21T23:51:39.399Z] 🔍 Processing 2h-swords item 60947 (1659/196)
[2025-11-21T23:51:43.390Z] ✅ Collected HTML for item 60947
[2025-11-21T23:51:45.393Z] 🔄 Restarting browser for fresh session...
[2025-11-21T23:51:45.500Z] 🔒 Browser closed
[2025-11-21T23:51:45.500Z] 🚀 Initializing browser with anti-detection...
[2025-11-21T23:51:45.799Z] ✅ Browser initialized with stealth mode
[2025-11-21T23:51:45.799Z] 🔍 Processing 2h-swords item 61016 (1660/196)
[2025-11-21T23:51:49.664Z] ✅ Collected HTML for item 61016
[2025-11-21T23:51:51.666Z] 🔄 Restarting browser for fresh session...
[2025-11-21T23:51:51.749Z] 🔒 Browser closed
[2025-11-21T23:51:51.749Z] 🚀 Initializing browser with anti-detection...
[2025-11-21T23:51:52.053Z] ✅ Browser initialized with stealth mode
[2025-11-21T23:51:52.053Z] 🔍 Processing 2h-swords item 61328 (1661/196)
[2025-11-21T23:51:56.064Z] ✅ Collected HTML for item 61328
[2025-11-21T23:51:58.066Z] 🔄 Restarting browser for fresh session...
[2025-11-21T23:51:58.164Z] 🔒 Browser closed
[2025-11-21T23:51:58.164Z] 🚀 Initializing browser with anti-detection...
[2025-11-21T23:51:58.470Z] ✅ Browser initialized with stealth mode
[2025-11-21T23:51:58.470Z] 🔍 Processing 2h-swords item 61375 (1662/196)
[2025-11-21T23:52:02.468Z] ✅ Collected HTML for item 61375
[2025-11-21T23:52:04.469Z] 🔄 Restarting browser for fresh session...
[2025-11-21T23:52:04.562Z] 🔒 Browser closed
[2025-11-21T23:52:04.562Z] 🚀 Initializing browser with anti-detection...
[2025-11-21T23:52:04.865Z] ✅ Browser initialized with stealth mode
[2025-11-21T23:52:04.865Z] 🔍 Processing 2h-swords item 80534 (1663/196)
[2025-11-21T23:52:08.859Z] ✅ Collected HTML for item 80534
[2025-11-21T23:52:10.863Z] 🔄 Restarting browser for fresh session...
[2025-11-21T23:52:10.980Z] 🔒 Browser closed
[2025-11-21T23:52:10.980Z] 🚀 Initializing browser with anti-detection...
[2025-11-21T23:52:11.290Z] ✅ Browser initialized with stealth mode
[2025-11-21T23:52:11.291Z] 🔍 Processing 2h-swords item 80537 (1664/196)
[2025-11-21T23:52:15.147Z] ✅ Collected HTML for item 80537
[2025-11-21T23:52:17.148Z] 🔄 Restarting browser for fresh session...
[2025-11-21T23:52:17.238Z] 🔒 Browser closed
[2025-11-21T23:52:17.238Z] 🚀 Initializing browser with anti-detection...
[2025-11-21T23:52:17.543Z] ✅ Browser initialized with stealth mode
[2025-11-21T23:52:17.543Z] 🔍 Processing 2h-swords item 80637 (1665/196)
[2025-11-21T23:52:21.545Z] ✅ Collected HTML for item 80637
[2025-11-21T23:52:23.547Z] 🔄 Restarting browser for fresh session...
[2025-11-21T23:52:23.651Z] 🔒 Browser closed
[2025-11-21T23:52:23.651Z] 🚀 Initializing browser with anti-detection...
[2025-11-21T23:52:23.956Z] ✅ Browser initialized with stealth mode
[2025-11-21T23:52:23.956Z] 🔍 Processing 2h-swords item 913 (1666/196)
[2025-11-21T23:52:27.950Z] ✅ Collected HTML for item 913
[2025-11-21T23:52:29.953Z] 🔄 Restarting browser for fresh session...
[2025-11-21T23:52:30.047Z] 🔒 Browser closed
[2025-11-21T23:52:30.047Z] 🚀 Initializing browser with anti-detection...
[2025-11-21T23:52:30.339Z] ✅ Browser initialized with stealth mode
[2025-11-21T23:52:30.339Z] 🔍 Processing 2h-swords item 922 (1667/196)
[2025-11-21T23:52:34.200Z] ✅ Collected HTML for item 922
[2025-11-21T23:52:36.202Z] 🔄 Restarting browser for fresh session...
[2025-11-21T23:52:36.296Z] 🔒 Browser closed
[2025-11-21T23:52:36.296Z] 🚀 Initializing browser with anti-detection...
[2025-11-21T23:52:36.607Z] ✅ Browser initialized with stealth mode
[2025-11-21T23:52:36.608Z] 🔍 Processing 2h-swords item 1194 (1668/196)
[2025-11-21T23:52:40.461Z] ✅ Collected HTML for item 1194
[2025-11-21T23:52:42.462Z] 🔄 Restarting browser for fresh session...
[2025-11-21T23:52:42.551Z] 🔒 Browser closed
[2025-11-21T23:52:42.551Z] 🚀 Initializing browser with anti-detection...
[2025-11-21T23:52:42.891Z] ✅ Browser initialized with stealth mode
[2025-11-21T23:52:42.891Z] 🔍 Processing 2h-swords item 1198 (1669/196)
[2025-11-21T23:52:46.882Z] ✅ Collected HTML for item 1198
[2025-11-21T23:52:48.884Z] 🔄 Restarting browser for fresh session...
[2025-11-21T23:52:49.005Z] 🔒 Browser closed
[2025-11-21T23:52:49.005Z] 🚀 Initializing browser with anti-detection...
[2025-11-21T23:52:49.343Z] ✅ Browser initialized with stealth mode
[2025-11-21T23:52:49.344Z] 🔍 Processing 2h-swords item 1387 (1670/196)
[2025-11-21T23:52:53.330Z] ✅ Collected HTML for item 1387
[2025-11-21T23:52:55.332Z] 🔄 Restarting browser for fresh session...
[2025-11-21T23:52:55.435Z] 🔒 Browser closed
[2025-11-21T23:52:55.435Z] 🚀 Initializing browser with anti-detection...
[2025-11-21T23:52:55.750Z] ✅ Browser initialized with stealth mode
[2025-11-21T23:52:55.751Z] 🔍 Processing 2h-swords item 1986 (1671/196)
[2025-11-21T23:52:59.744Z] ✅ Collected HTML for item 1986
[2025-11-21T23:53:01.745Z] 🔄 Restarting browser for fresh session...
[2025-11-21T23:53:01.864Z] 🔒 Browser closed
[2025-11-21T23:53:01.864Z] 🚀 Initializing browser with anti-detection...
[2025-11-21T23:53:02.191Z] ✅ Browser initialized with stealth mode
[2025-11-21T23:53:02.191Z] 🔍 Processing 2h-swords item 2024 (1672/196)
[2025-11-21T23:53:06.180Z] ✅ Collected HTML for item 2024
[2025-11-21T23:53:08.182Z] 🔄 Restarting browser for fresh session...
[2025-11-21T23:53:08.286Z] 🔒 Browser closed
[2025-11-21T23:53:08.286Z] 🚀 Initializing browser with anti-detection...
[2025-11-21T23:53:08.600Z] ✅ Browser initialized with stealth mode
[2025-11-21T23:53:08.600Z] 🔍 Processing 2h-swords item 2521 (1673/196)
