[2025-11-03T01:27:16.639Z] ERROR: Error fetching quest 697 (attempt 1)
Message: Attempted to use detached Frame '03DAD367655A18147D7AE5A08EAEAA20'.
Stack: Error: Attempted to use detached Frame '03DAD367655A18147D7AE5A08EAEAA20'.
    at <anonymous> (/Users/grins/git/warcraft/wow-bis/node_modules/.pnpm/puppeteer-core@24.25.0/node_modules/puppeteer-core/lib/esm/puppeteer/util/decorators.js:99:27)
    at <anonymous> (/Users/grins/git/warcraft/wow-bis/node_modules/.pnpm/puppeteer-core@24.25.0/node_modules/puppeteer-core/lib/esm/puppeteer/api/Page.js:568:43)
    at goto (/Users/grins/git/warcraft/wow-bis/node_modules/.pnpm/puppeteer-core@24.25.0/node_modules/puppeteer-core/lib/esm/puppeteer/api/Page.js:567:20)
    at <anonymous> (/Users/grins/git/warcraft/wow-bis/scripts/process-quest-levels.ts:191:24)
    at fetchQuestRequiredLevel (/Users/grins/git/warcraft/wow-bis/scripts/process-quest-levels.ts:182:33)
    at <anonymous> (/Users/grins/git/warcraft/wow-bis/scripts/process-quest-levels.ts:386:42)
    at processTicksAndRejections (native:7:39)
Full Error: {}
---
[2025-11-03T01:28:36.998Z] ERROR: Error fetching quest 697 (attempt 2)
Message: Attempted to use detached Frame '03DAD367655A18147D7AE5A08EAEAA20'.
Stack: Error: Attempted to use detached Frame '03DAD367655A18147D7AE5A08EAEAA20'.
    at <anonymous> (/Users/grins/git/warcraft/wow-bis/node_modules/.pnpm/puppeteer-core@24.25.0/node_modules/puppeteer-core/lib/esm/puppeteer/util/decorators.js:99:27)
    at <anonymous> (/Users/grins/git/warcraft/wow-bis/node_modules/.pnpm/puppeteer-core@24.25.0/node_modules/puppeteer-core/lib/esm/puppeteer/api/Page.js:568:43)
    at goto (/Users/grins/git/warcraft/wow-bis/node_modules/.pnpm/puppeteer-core@24.25.0/node_modules/puppeteer-core/lib/esm/puppeteer/api/Page.js:567:20)
    at <anonymous> (/Users/grins/git/warcraft/wow-bis/scripts/process-quest-levels.ts:191:24)
    at fetchQuestRequiredLevel (/Users/grins/git/warcraft/wow-bis/scripts/process-quest-levels.ts:182:33)
    at processTicksAndRejections (native:7:39)
Full Error: {}
---
[2025-11-03T01:28:44.009Z] ERROR: Error fetching quest 697 (attempt 3)
Message: Attempted to use detached Frame '03DAD367655A18147D7AE5A08EAEAA20'.
Stack: Error: Attempted to use detached Frame '03DAD367655A18147D7AE5A08EAEAA20'.
    at <anonymous> (/Users/grins/git/warcraft/wow-bis/node_modules/.pnpm/puppeteer-core@24.25.0/node_modules/puppeteer-core/lib/esm/puppeteer/util/decorators.js:99:27)
    at <anonymous> (/Users/grins/git/warcraft/wow-bis/node_modules/.pnpm/puppeteer-core@24.25.0/node_modules/puppeteer-core/lib/esm/puppeteer/api/Page.js:568:43)
    at goto (/Users/grins/git/warcraft/wow-bis/node_modules/.pnpm/puppeteer-core@24.25.0/node_modules/puppeteer-core/lib/esm/puppeteer/api/Page.js:567:20)
    at <anonymous> (/Users/grins/git/warcraft/wow-bis/scripts/process-quest-levels.ts:191:24)
    at fetchQuestRequiredLevel (/Users/grins/git/warcraft/wow-bis/scripts/process-quest-levels.ts:182:33)
    at processTicksAndRejections (native:7:39)
Full Error: {}
---
[2025-11-03T01:28:53.018Z] ERROR: Error fetching quest 697 (attempt 4)
Message: Attempted to use detached Frame '03DAD367655A18147D7AE5A08EAEAA20'.
Stack: Error: Attempted to use detached Frame '03DAD367655A18147D7AE5A08EAEAA20'.
    at <anonymous> (/Users/grins/git/warcraft/wow-bis/node_modules/.pnpm/puppeteer-core@24.25.0/node_modules/puppeteer-core/lib/esm/puppeteer/util/decorators.js:99:27)
    at <anonymous> (/Users/grins/git/warcraft/wow-bis/node_modules/.pnpm/puppeteer-core@24.25.0/node_modules/puppeteer-core/lib/esm/puppeteer/api/Page.js:568:43)
    at goto (/Users/grins/git/warcraft/wow-bis/node_modules/.pnpm/puppeteer-core@24.25.0/node_modules/puppeteer-core/lib/esm/puppeteer/api/Page.js:567:20)
    at <anonymous> (/Users/grins/git/warcraft/wow-bis/scripts/process-quest-levels.ts:191:24)
    at fetchQuestRequiredLevel (/Users/grins/git/warcraft/wow-bis/scripts/process-quest-levels.ts:182:33)
    at processTicksAndRejections (native:7:39)
Full Error: {}
---
[2025-11-03T01:28:55.023Z] ERROR: Error fetching quest 6381 (attempt 1)
Message: Attempted to use detached Frame '03DAD367655A18147D7AE5A08EAEAA20'.
Stack: Error: Attempted to use detached Frame '03DAD367655A18147D7AE5A08EAEAA20'.
    at <anonymous> (/Users/grins/git/warcraft/wow-bis/node_modules/.pnpm/puppeteer-core@24.25.0/node_modules/puppeteer-core/lib/esm/puppeteer/util/decorators.js:99:27)
    at <anonymous> (/Users/grins/git/warcraft/wow-bis/node_modules/.pnpm/puppeteer-core@24.25.0/node_modules/puppeteer-core/lib/esm/puppeteer/api/Page.js:568:43)
    at goto (/Users/grins/git/warcraft/wow-bis/node_modules/.pnpm/puppeteer-core@24.25.0/node_modules/puppeteer-core/lib/esm/puppeteer/api/Page.js:567:20)
    at <anonymous> (/Users/grins/git/warcraft/wow-bis/scripts/process-quest-levels.ts:191:24)
    at fetchQuestRequiredLevel (/Users/grins/git/warcraft/wow-bis/scripts/process-quest-levels.ts:182:33)
    at <anonymous> (/Users/grins/git/warcraft/wow-bis/scripts/process-quest-levels.ts:386:42)
    at processTicksAndRejections (native:7:39)
Full Error: {}
---
[2025-11-03T01:29:00.028Z] ERROR: Error fetching quest 6381 (attempt 2)
Message: Attempted to use detached Frame '03DAD367655A18147D7AE5A08EAEAA20'.
Stack: Error: Attempted to use detached Frame '03DAD367655A18147D7AE5A08EAEAA20'.
    at <anonymous> (/Users/grins/git/warcraft/wow-bis/node_modules/.pnpm/puppeteer-core@24.25.0/node_modules/puppeteer-core/lib/esm/puppeteer/util/decorators.js:99:27)
    at <anonymous> (/Users/grins/git/warcraft/wow-bis/node_modules/.pnpm/puppeteer-core@24.25.0/node_modules/puppeteer-core/lib/esm/puppeteer/api/Page.js:568:43)
    at goto (/Users/grins/git/warcraft/wow-bis/node_modules/.pnpm/puppeteer-core@24.25.0/node_modules/puppeteer-core/lib/esm/puppeteer/api/Page.js:567:20)
    at <anonymous> (/Users/grins/git/warcraft/wow-bis/scripts/process-quest-levels.ts:191:24)
    at fetchQuestRequiredLevel (/Users/grins/git/warcraft/wow-bis/scripts/process-quest-levels.ts:182:33)
    at processTicksAndRejections (native:7:39)
Full Error: {}
---
[2025-11-03T01:29:07.034Z] ERROR: Error fetching quest 6381 (attempt 3)
Message: Attempted to use detached Frame '03DAD367655A18147D7AE5A08EAEAA20'.
Stack: Error: Attempted to use detached Frame '03DAD367655A18147D7AE5A08EAEAA20'.
    at <anonymous> (/Users/grins/git/warcraft/wow-bis/node_modules/.pnpm/puppeteer-core@24.25.0/node_modules/puppeteer-core/lib/esm/puppeteer/util/decorators.js:99:27)
    at <anonymous> (/Users/grins/git/warcraft/wow-bis/node_modules/.pnpm/puppeteer-core@24.25.0/node_modules/puppeteer-core/lib/esm/puppeteer/api/Page.js:568:43)
    at goto (/Users/grins/git/warcraft/wow-bis/node_modules/.pnpm/puppeteer-core@24.25.0/node_modules/puppeteer-core/lib/esm/puppeteer/api/Page.js:567:20)
    at <anonymous> (/Users/grins/git/warcraft/wow-bis/scripts/process-quest-levels.ts:191:24)
    at fetchQuestRequiredLevel (/Users/grins/git/warcraft/wow-bis/scripts/process-quest-levels.ts:182:33)
    at processTicksAndRejections (native:7:39)
Full Error: {}
---
[2025-11-03T01:29:16.039Z] ERROR: Error fetching quest 6381 (attempt 4)
Message: Attempted to use detached Frame '03DAD367655A18147D7AE5A08EAEAA20'.
Stack: Error: Attempted to use detached Frame '03DAD367655A18147D7AE5A08EAEAA20'.
    at <anonymous> (/Users/grins/git/warcraft/wow-bis/node_modules/.pnpm/puppeteer-core@24.25.0/node_modules/puppeteer-core/lib/esm/puppeteer/util/decorators.js:99:27)
    at <anonymous> (/Users/grins/git/warcraft/wow-bis/node_modules/.pnpm/puppeteer-core@24.25.0/node_modules/puppeteer-core/lib/esm/puppeteer/api/Page.js:568:43)
    at goto (/Users/grins/git/warcraft/wow-bis/node_modules/.pnpm/puppeteer-core@24.25.0/node_modules/puppeteer-core/lib/esm/puppeteer/api/Page.js:567:20)
    at <anonymous> (/Users/grins/git/warcraft/wow-bis/scripts/process-quest-levels.ts:191:24)
    at fetchQuestRequiredLevel (/Users/grins/git/warcraft/wow-bis/scripts/process-quest-levels.ts:182:33)
    at processTicksAndRejections (native:7:39)
Full Error: {}
---
[2025-11-03T01:29:18.045Z] ERROR: Error fetching quest 41150 (attempt 1)
Message: Attempted to use detached Frame '03DAD367655A18147D7AE5A08EAEAA20'.
Stack: Error: Attempted to use detached Frame '03DAD367655A18147D7AE5A08EAEAA20'.
    at <anonymous> (/Users/grins/git/warcraft/wow-bis/node_modules/.pnpm/puppeteer-core@24.25.0/node_modules/puppeteer-core/lib/esm/puppeteer/util/decorators.js:99:27)
    at <anonymous> (/Users/grins/git/warcraft/wow-bis/node_modules/.pnpm/puppeteer-core@24.25.0/node_modules/puppeteer-core/lib/esm/puppeteer/api/Page.js:568:43)
    at goto (/Users/grins/git/warcraft/wow-bis/node_modules/.pnpm/puppeteer-core@24.25.0/node_modules/puppeteer-core/lib/esm/puppeteer/api/Page.js:567:20)
    at <anonymous> (/Users/grins/git/warcraft/wow-bis/scripts/process-quest-levels.ts:191:24)
    at fetchQuestRequiredLevel (/Users/grins/git/warcraft/wow-bis/scripts/process-quest-levels.ts:182:33)
    at <anonymous> (/Users/grins/git/warcraft/wow-bis/scripts/process-quest-levels.ts:386:42)
    at processTicksAndRejections (native:7:39)
Full Error: {}
---
[2025-11-03T01:29:23.049Z] ERROR: Error fetching quest 41150 (attempt 2)
Message: Attempted to use detached Frame '03DAD367655A18147D7AE5A08EAEAA20'.
Stack: Error: Attempted to use detached Frame '03DAD367655A18147D7AE5A08EAEAA20'.
    at <anonymous> (/Users/grins/git/warcraft/wow-bis/node_modules/.pnpm/puppeteer-core@24.25.0/node_modules/puppeteer-core/lib/esm/puppeteer/util/decorators.js:99:27)
    at <anonymous> (/Users/grins/git/warcraft/wow-bis/node_modules/.pnpm/puppeteer-core@24.25.0/node_modules/puppeteer-core/lib/esm/puppeteer/api/Page.js:568:43)
    at goto (/Users/grins/git/warcraft/wow-bis/node_modules/.pnpm/puppeteer-core@24.25.0/node_modules/puppeteer-core/lib/esm/puppeteer/api/Page.js:567:20)
    at <anonymous> (/Users/grins/git/warcraft/wow-bis/scripts/process-quest-levels.ts:191:24)
    at fetchQuestRequiredLevel (/Users/grins/git/warcraft/wow-bis/scripts/process-quest-levels.ts:182:33)
    at processTicksAndRejections (native:7:39)
Full Error: {}
---
[2025-11-03T01:29:34.373Z] ERROR: Error fetching quest 41150 (attempt 3)
Message: Attempted to use detached Frame '03DAD367655A18147D7AE5A08EAEAA20'.
Stack: Error: Attempted to use detached Frame '03DAD367655A18147D7AE5A08EAEAA20'.
    at <anonymous> (/Users/grins/git/warcraft/wow-bis/node_modules/.pnpm/puppeteer-core@24.25.0/node_modules/puppeteer-core/lib/esm/puppeteer/util/decorators.js:99:27)
    at <anonymous> (/Users/grins/git/warcraft/wow-bis/node_modules/.pnpm/puppeteer-core@24.25.0/node_modules/puppeteer-core/lib/esm/puppeteer/api/Page.js:568:43)
    at goto (/Users/grins/git/warcraft/wow-bis/node_modules/.pnpm/puppeteer-core@24.25.0/node_modules/puppeteer-core/lib/esm/puppeteer/api/Page.js:567:20)
    at <anonymous> (/Users/grins/git/warcraft/wow-bis/scripts/process-quest-levels.ts:191:24)
    at fetchQuestRequiredLevel (/Users/grins/git/warcraft/wow-bis/scripts/process-quest-levels.ts:182:33)
    at processTicksAndRejections (native:7:39)
Full Error: {}
---
[2025-11-03T01:29:43.506Z] ERROR: Error fetching quest 41150 (attempt 4)
Message: Attempted to use detached Frame '03DAD367655A18147D7AE5A08EAEAA20'.
Stack: Error: Attempted to use detached Frame '03DAD367655A18147D7AE5A08EAEAA20'.
    at <anonymous> (/Users/grins/git/warcraft/wow-bis/node_modules/.pnpm/puppeteer-core@24.25.0/node_modules/puppeteer-core/lib/esm/puppeteer/util/decorators.js:99:27)
    at <anonymous> (/Users/grins/git/warcraft/wow-bis/node_modules/.pnpm/puppeteer-core@24.25.0/node_modules/puppeteer-core/lib/esm/puppeteer/api/Page.js:568:43)
    at goto (/Users/grins/git/warcraft/wow-bis/node_modules/.pnpm/puppeteer-core@24.25.0/node_modules/puppeteer-core/lib/esm/puppeteer/api/Page.js:567:20)
    at <anonymous> (/Users/grins/git/warcraft/wow-bis/scripts/process-quest-levels.ts:191:24)
    at fetchQuestRequiredLevel (/Users/grins/git/warcraft/wow-bis/scripts/process-quest-levels.ts:182:33)
    at processTicksAndRejections (native:7:39)
Full Error: {}
---
[2025-11-03T01:29:45.510Z] ERROR: Error fetching quest 33 (attempt 1)
Message: Attempted to use detached Frame '03DAD367655A18147D7AE5A08EAEAA20'.
Stack: Error: Attempted to use detached Frame '03DAD367655A18147D7AE5A08EAEAA20'.
    at <anonymous> (/Users/grins/git/warcraft/wow-bis/node_modules/.pnpm/puppeteer-core@24.25.0/node_modules/puppeteer-core/lib/esm/puppeteer/util/decorators.js:99:27)
    at <anonymous> (/Users/grins/git/warcraft/wow-bis/node_modules/.pnpm/puppeteer-core@24.25.0/node_modules/puppeteer-core/lib/esm/puppeteer/api/Page.js:568:43)
    at goto (/Users/grins/git/warcraft/wow-bis/node_modules/.pnpm/puppeteer-core@24.25.0/node_modules/puppeteer-core/lib/esm/puppeteer/api/Page.js:567:20)
    at <anonymous> (/Users/grins/git/warcraft/wow-bis/scripts/process-quest-levels.ts:191:24)
    at fetchQuestRequiredLevel (/Users/grins/git/warcraft/wow-bis/scripts/process-quest-levels.ts:182:33)
    at <anonymous> (/Users/grins/git/warcraft/wow-bis/scripts/process-quest-levels.ts:386:42)
    at processTicksAndRejections (native:7:39)
Full Error: {}
---
[2025-11-03T01:29:50.514Z] ERROR: Error fetching quest 33 (attempt 2)
Message: Attempted to use detached Frame '03DAD367655A18147D7AE5A08EAEAA20'.
Stack: Error: Attempted to use detached Frame '03DAD367655A18147D7AE5A08EAEAA20'.
    at <anonymous> (/Users/grins/git/warcraft/wow-bis/node_modules/.pnpm/puppeteer-core@24.25.0/node_modules/puppeteer-core/lib/esm/puppeteer/util/decorators.js:99:27)
    at <anonymous> (/Users/grins/git/warcraft/wow-bis/node_modules/.pnpm/puppeteer-core@24.25.0/node_modules/puppeteer-core/lib/esm/puppeteer/api/Page.js:568:43)
    at goto (/Users/grins/git/warcraft/wow-bis/node_modules/.pnpm/puppeteer-core@24.25.0/node_modules/puppeteer-core/lib/esm/puppeteer/api/Page.js:567:20)
    at <anonymous> (/Users/grins/git/warcraft/wow-bis/scripts/process-quest-levels.ts:191:24)
    at fetchQuestRequiredLevel (/Users/grins/git/warcraft/wow-bis/scripts/process-quest-levels.ts:182:33)
    at processTicksAndRejections (native:7:39)
Full Error: {}
---
[2025-11-03T01:29:57.517Z] ERROR: Error fetching quest 33 (attempt 3)
Message: Attempted to use detached Frame '03DAD367655A18147D7AE5A08EAEAA20'.
Stack: Error: Attempted to use detached Frame '03DAD367655A18147D7AE5A08EAEAA20'.
    at <anonymous> (/Users/grins/git/warcraft/wow-bis/node_modules/.pnpm/puppeteer-core@24.25.0/node_modules/puppeteer-core/lib/esm/puppeteer/util/decorators.js:99:27)
    at <anonymous> (/Users/grins/git/warcraft/wow-bis/node_modules/.pnpm/puppeteer-core@24.25.0/node_modules/puppeteer-core/lib/esm/puppeteer/api/Page.js:568:43)
    at goto (/Users/grins/git/warcraft/wow-bis/node_modules/.pnpm/puppeteer-core@24.25.0/node_modules/puppeteer-core/lib/esm/puppeteer/api/Page.js:567:20)
    at <anonymous> (/Users/grins/git/warcraft/wow-bis/scripts/process-quest-levels.ts:191:24)
    at fetchQuestRequiredLevel (/Users/grins/git/warcraft/wow-bis/scripts/process-quest-levels.ts:182:33)
    at processTicksAndRejections (native:7:39)
Full Error: {}
---
[2025-11-03T01:30:06.520Z] ERROR: Error fetching quest 33 (attempt 4)
Message: Attempted to use detached Frame '03DAD367655A18147D7AE5A08EAEAA20'.
Stack: Error: Attempted to use detached Frame '03DAD367655A18147D7AE5A08EAEAA20'.
    at <anonymous> (/Users/grins/git/warcraft/wow-bis/node_modules/.pnpm/puppeteer-core@24.25.0/node_modules/puppeteer-core/lib/esm/puppeteer/util/decorators.js:99:27)
    at <anonymous> (/Users/grins/git/warcraft/wow-bis/node_modules/.pnpm/puppeteer-core@24.25.0/node_modules/puppeteer-core/lib/esm/puppeteer/api/Page.js:568:43)
    at goto (/Users/grins/git/warcraft/wow-bis/node_modules/.pnpm/puppeteer-core@24.25.0/node_modules/puppeteer-core/lib/esm/puppeteer/api/Page.js:567:20)
    at <anonymous> (/Users/grins/git/warcraft/wow-bis/scripts/process-quest-levels.ts:191:24)
    at fetchQuestRequiredLevel (/Users/grins/git/warcraft/wow-bis/scripts/process-quest-levels.ts:182:33)
    at processTicksAndRejections (native:7:39)
Full Error: {}
---
[2025-11-03T01:30:08.525Z] ERROR: Error fetching quest 932 (attempt 1)
Message: Attempted to use detached Frame '03DAD367655A18147D7AE5A08EAEAA20'.
Stack: Error: Attempted to use detached Frame '03DAD367655A18147D7AE5A08EAEAA20'.
    at <anonymous> (/Users/grins/git/warcraft/wow-bis/node_modules/.pnpm/puppeteer-core@24.25.0/node_modules/puppeteer-core/lib/esm/puppeteer/util/decorators.js:99:27)
    at <anonymous> (/Users/grins/git/warcraft/wow-bis/node_modules/.pnpm/puppeteer-core@24.25.0/node_modules/puppeteer-core/lib/esm/puppeteer/api/Page.js:568:43)
    at goto (/Users/grins/git/warcraft/wow-bis/node_modules/.pnpm/puppeteer-core@24.25.0/node_modules/puppeteer-core/lib/esm/puppeteer/api/Page.js:567:20)
    at <anonymous> (/Users/grins/git/warcraft/wow-bis/scripts/process-quest-levels.ts:191:24)
    at fetchQuestRequiredLevel (/Users/grins/git/warcraft/wow-bis/scripts/process-quest-levels.ts:182:33)
    at <anonymous> (/Users/grins/git/warcraft/wow-bis/scripts/process-quest-levels.ts:386:42)
    at processTicksAndRejections (native:7:39)
Full Error: {}
---
[2025-11-03T01:30:13.528Z] ERROR: Error fetching quest 932 (attempt 2)
Message: Attempted to use detached Frame '03DAD367655A18147D7AE5A08EAEAA20'.
Stack: Error: Attempted to use detached Frame '03DAD367655A18147D7AE5A08EAEAA20'.
    at <anonymous> (/Users/grins/git/warcraft/wow-bis/node_modules/.pnpm/puppeteer-core@24.25.0/node_modules/puppeteer-core/lib/esm/puppeteer/util/decorators.js:99:27)
    at <anonymous> (/Users/grins/git/warcraft/wow-bis/node_modules/.pnpm/puppeteer-core@24.25.0/node_modules/puppeteer-core/lib/esm/puppeteer/api/Page.js:568:43)
    at goto (/Users/grins/git/warcraft/wow-bis/node_modules/.pnpm/puppeteer-core@24.25.0/node_modules/puppeteer-core/lib/esm/puppeteer/api/Page.js:567:20)
    at <anonymous> (/Users/grins/git/warcraft/wow-bis/scripts/process-quest-levels.ts:191:24)
    at fetchQuestRequiredLevel (/Users/grins/git/warcraft/wow-bis/scripts/process-quest-levels.ts:182:33)
    at processTicksAndRejections (native:7:39)
Full Error: {}
---
[2025-11-03T01:30:20.530Z] ERROR: Error fetching quest 932 (attempt 3)
Message: Attempted to use detached Frame '03DAD367655A18147D7AE5A08EAEAA20'.
Stack: Error: Attempted to use detached Frame '03DAD367655A18147D7AE5A08EAEAA20'.
    at <anonymous> (/Users/grins/git/warcraft/wow-bis/node_modules/.pnpm/puppeteer-core@24.25.0/node_modules/puppeteer-core/lib/esm/puppeteer/util/decorators.js:99:27)
    at <anonymous> (/Users/grins/git/warcraft/wow-bis/node_modules/.pnpm/puppeteer-core@24.25.0/node_modules/puppeteer-core/lib/esm/puppeteer/api/Page.js:568:43)
    at goto (/Users/grins/git/warcraft/wow-bis/node_modules/.pnpm/puppeteer-core@24.25.0/node_modules/puppeteer-core/lib/esm/puppeteer/api/Page.js:567:20)
    at <anonymous> (/Users/grins/git/warcraft/wow-bis/scripts/process-quest-levels.ts:191:24)
    at fetchQuestRequiredLevel (/Users/grins/git/warcraft/wow-bis/scripts/process-quest-levels.ts:182:33)
    at processTicksAndRejections (native:7:39)
Full Error: {}
---
[2025-11-03T01:30:29.533Z] ERROR: Error fetching quest 932 (attempt 4)
Message: Attempted to use detached Frame '03DAD367655A18147D7AE5A08EAEAA20'.
Stack: Error: Attempted to use detached Frame '03DAD367655A18147D7AE5A08EAEAA20'.
    at <anonymous> (/Users/grins/git/warcraft/wow-bis/node_modules/.pnpm/puppeteer-core@24.25.0/node_modules/puppeteer-core/lib/esm/puppeteer/util/decorators.js:99:27)
    at <anonymous> (/Users/grins/git/warcraft/wow-bis/node_modules/.pnpm/puppeteer-core@24.25.0/node_modules/puppeteer-core/lib/esm/puppeteer/api/Page.js:568:43)
    at goto (/Users/grins/git/warcraft/wow-bis/node_modules/.pnpm/puppeteer-core@24.25.0/node_modules/puppeteer-core/lib/esm/puppeteer/api/Page.js:567:20)
    at <anonymous> (/Users/grins/git/warcraft/wow-bis/scripts/process-quest-levels.ts:191:24)
    at fetchQuestRequiredLevel (/Users/grins/git/warcraft/wow-bis/scripts/process-quest-levels.ts:182:33)
    at processTicksAndRejections (native:7:39)
Full Error: {}
---
[2025-11-03T01:30:31.538Z] ERROR: Error fetching quest 437 (attempt 1)
Message: Attempted to use detached Frame '03DAD367655A18147D7AE5A08EAEAA20'.
Stack: Error: Attempted to use detached Frame '03DAD367655A18147D7AE5A08EAEAA20'.
    at <anonymous> (/Users/grins/git/warcraft/wow-bis/node_modules/.pnpm/puppeteer-core@24.25.0/node_modules/puppeteer-core/lib/esm/puppeteer/util/decorators.js:99:27)
    at <anonymous> (/Users/grins/git/warcraft/wow-bis/node_modules/.pnpm/puppeteer-core@24.25.0/node_modules/puppeteer-core/lib/esm/puppeteer/api/Page.js:568:43)
    at goto (/Users/grins/git/warcraft/wow-bis/node_modules/.pnpm/puppeteer-core@24.25.0/node_modules/puppeteer-core/lib/esm/puppeteer/api/Page.js:567:20)
    at <anonymous> (/Users/grins/git/warcraft/wow-bis/scripts/process-quest-levels.ts:191:24)
    at fetchQuestRequiredLevel (/Users/grins/git/warcraft/wow-bis/scripts/process-quest-levels.ts:182:33)
    at <anonymous> (/Users/grins/git/warcraft/wow-bis/scripts/process-quest-levels.ts:386:42)
    at processTicksAndRejections (native:7:39)
Full Error: {}
---
[2025-11-03T01:30:36.542Z] ERROR: Error fetching quest 437 (attempt 2)
Message: Attempted to use detached Frame '03DAD367655A18147D7AE5A08EAEAA20'.
Stack: Error: Attempted to use detached Frame '03DAD367655A18147D7AE5A08EAEAA20'.
    at <anonymous> (/Users/grins/git/warcraft/wow-bis/node_modules/.pnpm/puppeteer-core@24.25.0/node_modules/puppeteer-core/lib/esm/puppeteer/util/decorators.js:99:27)
    at <anonymous> (/Users/grins/git/warcraft/wow-bis/node_modules/.pnpm/puppeteer-core@24.25.0/node_modules/puppeteer-core/lib/esm/puppeteer/api/Page.js:568:43)
    at goto (/Users/grins/git/warcraft/wow-bis/node_modules/.pnpm/puppeteer-core@24.25.0/node_modules/puppeteer-core/lib/esm/puppeteer/api/Page.js:567:20)
    at <anonymous> (/Users/grins/git/warcraft/wow-bis/scripts/process-quest-levels.ts:191:24)
    at fetchQuestRequiredLevel (/Users/grins/git/warcraft/wow-bis/scripts/process-quest-levels.ts:182:33)
    at processTicksAndRejections (native:7:39)
Full Error: {}
---
[2025-11-03T01:30:43.545Z] ERROR: Error fetching quest 437 (attempt 3)
Message: Attempted to use detached Frame '03DAD367655A18147D7AE5A08EAEAA20'.
Stack: Error: Attempted to use detached Frame '03DAD367655A18147D7AE5A08EAEAA20'.
    at <anonymous> (/Users/grins/git/warcraft/wow-bis/node_modules/.pnpm/puppeteer-core@24.25.0/node_modules/puppeteer-core/lib/esm/puppeteer/util/decorators.js:99:27)
    at <anonymous> (/Users/grins/git/warcraft/wow-bis/node_modules/.pnpm/puppeteer-core@24.25.0/node_modules/puppeteer-core/lib/esm/puppeteer/api/Page.js:568:43)
    at goto (/Users/grins/git/warcraft/wow-bis/node_modules/.pnpm/puppeteer-core@24.25.0/node_modules/puppeteer-core/lib/esm/puppeteer/api/Page.js:567:20)
    at <anonymous> (/Users/grins/git/warcraft/wow-bis/scripts/process-quest-levels.ts:191:24)
    at fetchQuestRequiredLevel (/Users/grins/git/warcraft/wow-bis/scripts/process-quest-levels.ts:182:33)
    at processTicksAndRejections (native:7:39)
Full Error: {}
---
[2025-11-03T01:30:52.546Z] ERROR: Error fetching quest 437 (attempt 4)
Message: Attempted to use detached Frame '03DAD367655A18147D7AE5A08EAEAA20'.
Stack: Error: Attempted to use detached Frame '03DAD367655A18147D7AE5A08EAEAA20'.
    at <anonymous> (/Users/grins/git/warcraft/wow-bis/node_modules/.pnpm/puppeteer-core@24.25.0/node_modules/puppeteer-core/lib/esm/puppeteer/util/decorators.js:99:27)
    at <anonymous> (/Users/grins/git/warcraft/wow-bis/node_modules/.pnpm/puppeteer-core@24.25.0/node_modules/puppeteer-core/lib/esm/puppeteer/api/Page.js:568:43)
    at goto (/Users/grins/git/warcraft/wow-bis/node_modules/.pnpm/puppeteer-core@24.25.0/node_modules/puppeteer-core/lib/esm/puppeteer/api/Page.js:567:20)
    at <anonymous> (/Users/grins/git/warcraft/wow-bis/scripts/process-quest-levels.ts:191:24)
    at fetchQuestRequiredLevel (/Users/grins/git/warcraft/wow-bis/scripts/process-quest-levels.ts:182:33)
    at processTicksAndRejections (native:7:39)
Full Error: {}
---
[2025-11-03T01:30:54.550Z] ERROR: Error fetching quest 788 (attempt 1)
Message: Attempted to use detached Frame '03DAD367655A18147D7AE5A08EAEAA20'.
Stack: Error: Attempted to use detached Frame '03DAD367655A18147D7AE5A08EAEAA20'.
    at <anonymous> (/Users/grins/git/warcraft/wow-bis/node_modules/.pnpm/puppeteer-core@24.25.0/node_modules/puppeteer-core/lib/esm/puppeteer/util/decorators.js:99:27)
    at <anonymous> (/Users/grins/git/warcraft/wow-bis/node_modules/.pnpm/puppeteer-core@24.25.0/node_modules/puppeteer-core/lib/esm/puppeteer/api/Page.js:568:43)
    at goto (/Users/grins/git/warcraft/wow-bis/node_modules/.pnpm/puppeteer-core@24.25.0/node_modules/puppeteer-core/lib/esm/puppeteer/api/Page.js:567:20)
    at <anonymous> (/Users/grins/git/warcraft/wow-bis/scripts/process-quest-levels.ts:191:24)
    at fetchQuestRequiredLevel (/Users/grins/git/warcraft/wow-bis/scripts/process-quest-levels.ts:182:33)
    at <anonymous> (/Users/grins/git/warcraft/wow-bis/scripts/process-quest-levels.ts:386:42)
    at processTicksAndRejections (native:7:39)
Full Error: {}
---
[2025-11-03T01:30:59.552Z] ERROR: Error fetching quest 788 (attempt 2)
Message: Attempted to use detached Frame '03DAD367655A18147D7AE5A08EAEAA20'.
Stack: Error: Attempted to use detached Frame '03DAD367655A18147D7AE5A08EAEAA20'.
    at <anonymous> (/Users/grins/git/warcraft/wow-bis/node_modules/.pnpm/puppeteer-core@24.25.0/node_modules/puppeteer-core/lib/esm/puppeteer/util/decorators.js:99:27)
    at <anonymous> (/Users/grins/git/warcraft/wow-bis/node_modules/.pnpm/puppeteer-core@24.25.0/node_modules/puppeteer-core/lib/esm/puppeteer/api/Page.js:568:43)
    at goto (/Users/grins/git/warcraft/wow-bis/node_modules/.pnpm/puppeteer-core@24.25.0/node_modules/puppeteer-core/lib/esm/puppeteer/api/Page.js:567:20)
    at <anonymous> (/Users/grins/git/warcraft/wow-bis/scripts/process-quest-levels.ts:191:24)
    at fetchQuestRequiredLevel (/Users/grins/git/warcraft/wow-bis/scripts/process-quest-levels.ts:182:33)
    at processTicksAndRejections (native:7:39)
Full Error: {}
---
[2025-11-03T01:31:06.554Z] ERROR: Error fetching quest 788 (attempt 3)
Message: Attempted to use detached Frame '03DAD367655A18147D7AE5A08EAEAA20'.
Stack: Error: Attempted to use detached Frame '03DAD367655A18147D7AE5A08EAEAA20'.
    at <anonymous> (/Users/grins/git/warcraft/wow-bis/node_modules/.pnpm/puppeteer-core@24.25.0/node_modules/puppeteer-core/lib/esm/puppeteer/util/decorators.js:99:27)
    at <anonymous> (/Users/grins/git/warcraft/wow-bis/node_modules/.pnpm/puppeteer-core@24.25.0/node_modules/puppeteer-core/lib/esm/puppeteer/api/Page.js:568:43)
    at goto (/Users/grins/git/warcraft/wow-bis/node_modules/.pnpm/puppeteer-core@24.25.0/node_modules/puppeteer-core/lib/esm/puppeteer/api/Page.js:567:20)
    at <anonymous> (/Users/grins/git/warcraft/wow-bis/scripts/process-quest-levels.ts:191:24)
    at fetchQuestRequiredLevel (/Users/grins/git/warcraft/wow-bis/scripts/process-quest-levels.ts:182:33)
    at processTicksAndRejections (native:7:39)
Full Error: {}
---
[2025-11-03T01:45:05.705Z] ERROR: Error fetching quest 788 (attempt 4)
Message: Attempted to use detached Frame '03DAD367655A18147D7AE5A08EAEAA20'.
Stack: Error: Attempted to use detached Frame '03DAD367655A18147D7AE5A08EAEAA20'.
    at <anonymous> (/Users/grins/git/warcraft/wow-bis/node_modules/.pnpm/puppeteer-core@24.25.0/node_modules/puppeteer-core/lib/esm/puppeteer/util/decorators.js:99:27)
    at <anonymous> (/Users/grins/git/warcraft/wow-bis/node_modules/.pnpm/puppeteer-core@24.25.0/node_modules/puppeteer-core/lib/esm/puppeteer/api/Page.js:568:43)
    at goto (/Users/grins/git/warcraft/wow-bis/node_modules/.pnpm/puppeteer-core@24.25.0/node_modules/puppeteer-core/lib/esm/puppeteer/api/Page.js:567:20)
    at <anonymous> (/Users/grins/git/warcraft/wow-bis/scripts/process-quest-levels.ts:191:24)
    at fetchQuestRequiredLevel (/Users/grins/git/warcraft/wow-bis/scripts/process-quest-levels.ts:182:33)
    at processTicksAndRejections (native:7:39)
Full Error: {}
---
[2025-11-03T01:45:07.707Z] ERROR: Error fetching quest 170 (attempt 1)
Message: Attempted to use detached Frame '03DAD367655A18147D7AE5A08EAEAA20'.
Stack: Error: Attempted to use detached Frame '03DAD367655A18147D7AE5A08EAEAA20'.
    at <anonymous> (/Users/grins/git/warcraft/wow-bis/node_modules/.pnpm/puppeteer-core@24.25.0/node_modules/puppeteer-core/lib/esm/puppeteer/util/decorators.js:99:27)
    at <anonymous> (/Users/grins/git/warcraft/wow-bis/node_modules/.pnpm/puppeteer-core@24.25.0/node_modules/puppeteer-core/lib/esm/puppeteer/api/Page.js:568:43)
    at goto (/Users/grins/git/warcraft/wow-bis/node_modules/.pnpm/puppeteer-core@24.25.0/node_modules/puppeteer-core/lib/esm/puppeteer/api/Page.js:567:20)
    at <anonymous> (/Users/grins/git/warcraft/wow-bis/scripts/process-quest-levels.ts:191:24)
    at fetchQuestRequiredLevel (/Users/grins/git/warcraft/wow-bis/scripts/process-quest-levels.ts:182:33)
    at <anonymous> (/Users/grins/git/warcraft/wow-bis/scripts/process-quest-levels.ts:386:42)
    at processTicksAndRejections (native:7:39)
Full Error: {}
---
[2025-11-03T01:45:12.708Z] ERROR: Error fetching quest 170 (attempt 2)
Message: Attempted to use detached Frame '03DAD367655A18147D7AE5A08EAEAA20'.
Stack: Error: Attempted to use detached Frame '03DAD367655A18147D7AE5A08EAEAA20'.
    at <anonymous> (/Users/grins/git/warcraft/wow-bis/node_modules/.pnpm/puppeteer-core@24.25.0/node_modules/puppeteer-core/lib/esm/puppeteer/util/decorators.js:99:27)
    at <anonymous> (/Users/grins/git/warcraft/wow-bis/node_modules/.pnpm/puppeteer-core@24.25.0/node_modules/puppeteer-core/lib/esm/puppeteer/api/Page.js:568:43)
    at goto (/Users/grins/git/warcraft/wow-bis/node_modules/.pnpm/puppeteer-core@24.25.0/node_modules/puppeteer-core/lib/esm/puppeteer/api/Page.js:567:20)
    at <anonymous> (/Users/grins/git/warcraft/wow-bis/scripts/process-quest-levels.ts:191:24)
    at fetchQuestRequiredLevel (/Users/grins/git/warcraft/wow-bis/scripts/process-quest-levels.ts:182:33)
    at processTicksAndRejections (native:7:39)
Full Error: {}
---
[2025-11-03T01:45:19.710Z] ERROR: Error fetching quest 170 (attempt 3)
Message: Attempted to use detached Frame '03DAD367655A18147D7AE5A08EAEAA20'.
Stack: Error: Attempted to use detached Frame '03DAD367655A18147D7AE5A08EAEAA20'.
    at <anonymous> (/Users/grins/git/warcraft/wow-bis/node_modules/.pnpm/puppeteer-core@24.25.0/node_modules/puppeteer-core/lib/esm/puppeteer/util/decorators.js:99:27)
    at <anonymous> (/Users/grins/git/warcraft/wow-bis/node_modules/.pnpm/puppeteer-core@24.25.0/node_modules/puppeteer-core/lib/esm/puppeteer/api/Page.js:568:43)
    at goto (/Users/grins/git/warcraft/wow-bis/node_modules/.pnpm/puppeteer-core@24.25.0/node_modules/puppeteer-core/lib/esm/puppeteer/api/Page.js:567:20)
    at <anonymous> (/Users/grins/git/warcraft/wow-bis/scripts/process-quest-levels.ts:191:24)
    at fetchQuestRequiredLevel (/Users/grins/git/warcraft/wow-bis/scripts/process-quest-levels.ts:182:33)
    at processTicksAndRejections (native:7:39)
Full Error: {}
---
[2025-11-03T01:45:28.713Z] ERROR: Error fetching quest 170 (attempt 4)
Message: Attempted to use detached Frame '03DAD367655A18147D7AE5A08EAEAA20'.
Stack: Error: Attempted to use detached Frame '03DAD367655A18147D7AE5A08EAEAA20'.
    at <anonymous> (/Users/grins/git/warcraft/wow-bis/node_modules/.pnpm/puppeteer-core@24.25.0/node_modules/puppeteer-core/lib/esm/puppeteer/util/decorators.js:99:27)
    at <anonymous> (/Users/grins/git/warcraft/wow-bis/node_modules/.pnpm/puppeteer-core@24.25.0/node_modules/puppeteer-core/lib/esm/puppeteer/api/Page.js:568:43)
    at goto (/Users/grins/git/warcraft/wow-bis/node_modules/.pnpm/puppeteer-core@24.25.0/node_modules/puppeteer-core/lib/esm/puppeteer/api/Page.js:567:20)
    at <anonymous> (/Users/grins/git/warcraft/wow-bis/scripts/process-quest-levels.ts:191:24)
    at fetchQuestRequiredLevel (/Users/grins/git/warcraft/wow-bis/scripts/process-quest-levels.ts:182:33)
    at processTicksAndRejections (native:7:39)
Full Error: {}
---
[2025-11-03T01:45:30.718Z] ERROR: Error fetching quest 4681 (attempt 1)
Message: Attempted to use detached Frame '03DAD367655A18147D7AE5A08EAEAA20'.
Stack: Error: Attempted to use detached Frame '03DAD367655A18147D7AE5A08EAEAA20'.
    at <anonymous> (/Users/grins/git/warcraft/wow-bis/node_modules/.pnpm/puppeteer-core@24.25.0/node_modules/puppeteer-core/lib/esm/puppeteer/util/decorators.js:99:27)
    at <anonymous> (/Users/grins/git/warcraft/wow-bis/node_modules/.pnpm/puppeteer-core@24.25.0/node_modules/puppeteer-core/lib/esm/puppeteer/api/Page.js:568:43)
    at goto (/Users/grins/git/warcraft/wow-bis/node_modules/.pnpm/puppeteer-core@24.25.0/node_modules/puppeteer-core/lib/esm/puppeteer/api/Page.js:567:20)
    at <anonymous> (/Users/grins/git/warcraft/wow-bis/scripts/process-quest-levels.ts:191:24)
    at fetchQuestRequiredLevel (/Users/grins/git/warcraft/wow-bis/scripts/process-quest-levels.ts:182:33)
    at <anonymous> (/Users/grins/git/warcraft/wow-bis/scripts/process-quest-levels.ts:386:42)
    at processTicksAndRejections (native:7:39)
Full Error: {}
---
[2025-11-03T01:45:35.721Z] ERROR: Error fetching quest 4681 (attempt 2)
Message: Attempted to use detached Frame '03DAD367655A18147D7AE5A08EAEAA20'.
Stack: Error: Attempted to use detached Frame '03DAD367655A18147D7AE5A08EAEAA20'.
    at <anonymous> (/Users/grins/git/warcraft/wow-bis/node_modules/.pnpm/puppeteer-core@24.25.0/node_modules/puppeteer-core/lib/esm/puppeteer/util/decorators.js:99:27)
    at <anonymous> (/Users/grins/git/warcraft/wow-bis/node_modules/.pnpm/puppeteer-core@24.25.0/node_modules/puppeteer-core/lib/esm/puppeteer/api/Page.js:568:43)
    at goto (/Users/grins/git/warcraft/wow-bis/node_modules/.pnpm/puppeteer-core@24.25.0/node_modules/puppeteer-core/lib/esm/puppeteer/api/Page.js:567:20)
    at <anonymous> (/Users/grins/git/warcraft/wow-bis/scripts/process-quest-levels.ts:191:24)
    at fetchQuestRequiredLevel (/Users/grins/git/warcraft/wow-bis/scripts/process-quest-levels.ts:182:33)
    at processTicksAndRejections (native:7:39)
Full Error: {}
---
[2025-11-03T01:45:42.723Z] ERROR: Error fetching quest 4681 (attempt 3)
Message: Attempted to use detached Frame '03DAD367655A18147D7AE5A08EAEAA20'.
Stack: Error: Attempted to use detached Frame '03DAD367655A18147D7AE5A08EAEAA20'.
    at <anonymous> (/Users/grins/git/warcraft/wow-bis/node_modules/.pnpm/puppeteer-core@24.25.0/node_modules/puppeteer-core/lib/esm/puppeteer/util/decorators.js:99:27)
    at <anonymous> (/Users/grins/git/warcraft/wow-bis/node_modules/.pnpm/puppeteer-core@24.25.0/node_modules/puppeteer-core/lib/esm/puppeteer/api/Page.js:568:43)
    at goto (/Users/grins/git/warcraft/wow-bis/node_modules/.pnpm/puppeteer-core@24.25.0/node_modules/puppeteer-core/lib/esm/puppeteer/api/Page.js:567:20)
    at <anonymous> (/Users/grins/git/warcraft/wow-bis/scripts/process-quest-levels.ts:191:24)
    at fetchQuestRequiredLevel (/Users/grins/git/warcraft/wow-bis/scripts/process-quest-levels.ts:182:33)
    at processTicksAndRejections (native:7:39)
Full Error: {}
---
[2025-11-03T01:45:51.727Z] ERROR: Error fetching quest 4681 (attempt 4)
Message: Attempted to use detached Frame '03DAD367655A18147D7AE5A08EAEAA20'.
Stack: Error: Attempted to use detached Frame '03DAD367655A18147D7AE5A08EAEAA20'.
    at <anonymous> (/Users/grins/git/warcraft/wow-bis/node_modules/.pnpm/puppeteer-core@24.25.0/node_modules/puppeteer-core/lib/esm/puppeteer/util/decorators.js:99:27)
    at <anonymous> (/Users/grins/git/warcraft/wow-bis/node_modules/.pnpm/puppeteer-core@24.25.0/node_modules/puppeteer-core/lib/esm/puppeteer/api/Page.js:568:43)
    at goto (/Users/grins/git/warcraft/wow-bis/node_modules/.pnpm/puppeteer-core@24.25.0/node_modules/puppeteer-core/lib/esm/puppeteer/api/Page.js:567:20)
    at <anonymous> (/Users/grins/git/warcraft/wow-bis/scripts/process-quest-levels.ts:191:24)
    at fetchQuestRequiredLevel (/Users/grins/git/warcraft/wow-bis/scripts/process-quest-levels.ts:182:33)
    at processTicksAndRejections (native:7:39)
Full Error: {}
---
[2025-11-03T02:01:06.339Z] ERROR: Error fetching quest 60148 (attempt 1)
Message: Attempted to use detached Frame '03DAD367655A18147D7AE5A08EAEAA20'.
Stack: Error: Attempted to use detached Frame '03DAD367655A18147D7AE5A08EAEAA20'.
    at <anonymous> (/Users/grins/git/warcraft/wow-bis/node_modules/.pnpm/puppeteer-core@24.25.0/node_modules/puppeteer-core/lib/esm/puppeteer/util/decorators.js:99:27)
    at <anonymous> (/Users/grins/git/warcraft/wow-bis/node_modules/.pnpm/puppeteer-core@24.25.0/node_modules/puppeteer-core/lib/esm/puppeteer/api/Page.js:568:43)
    at goto (/Users/grins/git/warcraft/wow-bis/node_modules/.pnpm/puppeteer-core@24.25.0/node_modules/puppeteer-core/lib/esm/puppeteer/api/Page.js:567:20)
    at <anonymous> (/Users/grins/git/warcraft/wow-bis/scripts/process-quest-levels.ts:191:24)
    at fetchQuestRequiredLevel (/Users/grins/git/warcraft/wow-bis/scripts/process-quest-levels.ts:182:33)
    at <anonymous> (/Users/grins/git/warcraft/wow-bis/scripts/process-quest-levels.ts:386:42)
    at processTicksAndRejections (native:7:39)
Full Error: {}
---
[2025-11-03T02:01:11.341Z] ERROR: Error fetching quest 60148 (attempt 2)
Message: Attempted to use detached Frame '03DAD367655A18147D7AE5A08EAEAA20'.
Stack: Error: Attempted to use detached Frame '03DAD367655A18147D7AE5A08EAEAA20'.
    at <anonymous> (/Users/grins/git/warcraft/wow-bis/node_modules/.pnpm/puppeteer-core@24.25.0/node_modules/puppeteer-core/lib/esm/puppeteer/util/decorators.js:99:27)
    at <anonymous> (/Users/grins/git/warcraft/wow-bis/node_modules/.pnpm/puppeteer-core@24.25.0/node_modules/puppeteer-core/lib/esm/puppeteer/api/Page.js:568:43)
    at goto (/Users/grins/git/warcraft/wow-bis/node_modules/.pnpm/puppeteer-core@24.25.0/node_modules/puppeteer-core/lib/esm/puppeteer/api/Page.js:567:20)
    at <anonymous> (/Users/grins/git/warcraft/wow-bis/scripts/process-quest-levels.ts:191:24)
    at fetchQuestRequiredLevel (/Users/grins/git/warcraft/wow-bis/scripts/process-quest-levels.ts:182:33)
    at processTicksAndRejections (native:7:39)
Full Error: {}
---
[2025-11-03T02:01:18.343Z] ERROR: Error fetching quest 60148 (attempt 3)
Message: Attempted to use detached Frame '03DAD367655A18147D7AE5A08EAEAA20'.
Stack: Error: Attempted to use detached Frame '03DAD367655A18147D7AE5A08EAEAA20'.
    at <anonymous> (/Users/grins/git/warcraft/wow-bis/node_modules/.pnpm/puppeteer-core@24.25.0/node_modules/puppeteer-core/lib/esm/puppeteer/util/decorators.js:99:27)
    at <anonymous> (/Users/grins/git/warcraft/wow-bis/node_modules/.pnpm/puppeteer-core@24.25.0/node_modules/puppeteer-core/lib/esm/puppeteer/api/Page.js:568:43)
    at goto (/Users/grins/git/warcraft/wow-bis/node_modules/.pnpm/puppeteer-core@24.25.0/node_modules/puppeteer-core/lib/esm/puppeteer/api/Page.js:567:20)
    at <anonymous> (/Users/grins/git/warcraft/wow-bis/scripts/process-quest-levels.ts:191:24)
    at fetchQuestRequiredLevel (/Users/grins/git/warcraft/wow-bis/scripts/process-quest-levels.ts:182:33)
    at processTicksAndRejections (native:7:39)
Full Error: {}
---
[2025-11-03T02:01:27.344Z] ERROR: Error fetching quest 60148 (attempt 4)
Message: Attempted to use detached Frame '03DAD367655A18147D7AE5A08EAEAA20'.
Stack: Error: Attempted to use detached Frame '03DAD367655A18147D7AE5A08EAEAA20'.
    at <anonymous> (/Users/grins/git/warcraft/wow-bis/node_modules/.pnpm/puppeteer-core@24.25.0/node_modules/puppeteer-core/lib/esm/puppeteer/util/decorators.js:99:27)
    at <anonymous> (/Users/grins/git/warcraft/wow-bis/node_modules/.pnpm/puppeteer-core@24.25.0/node_modules/puppeteer-core/lib/esm/puppeteer/api/Page.js:568:43)
    at goto (/Users/grins/git/warcraft/wow-bis/node_modules/.pnpm/puppeteer-core@24.25.0/node_modules/puppeteer-core/lib/esm/puppeteer/api/Page.js:567:20)
    at <anonymous> (/Users/grins/git/warcraft/wow-bis/scripts/process-quest-levels.ts:191:24)
    at fetchQuestRequiredLevel (/Users/grins/git/warcraft/wow-bis/scripts/process-quest-levels.ts:182:33)
    at processTicksAndRejections (native:7:39)
Full Error: {}
---
[2025-11-03T02:01:31.357Z] ERROR: Error fetching quest 6187 (attempt 1)
Message: Attempted to use detached Frame '03DAD367655A18147D7AE5A08EAEAA20'.
Stack: Error: Attempted to use detached Frame '03DAD367655A18147D7AE5A08EAEAA20'.
    at <anonymous> (/Users/grins/git/warcraft/wow-bis/node_modules/.pnpm/puppeteer-core@24.25.0/node_modules/puppeteer-core/lib/esm/puppeteer/util/decorators.js:99:27)
    at <anonymous> (/Users/grins/git/warcraft/wow-bis/node_modules/.pnpm/puppeteer-core@24.25.0/node_modules/puppeteer-core/lib/esm/puppeteer/api/Page.js:568:43)
    at goto (/Users/grins/git/warcraft/wow-bis/node_modules/.pnpm/puppeteer-core@24.25.0/node_modules/puppeteer-core/lib/esm/puppeteer/api/Page.js:567:20)
    at <anonymous> (/Users/grins/git/warcraft/wow-bis/scripts/process-quest-levels.ts:191:24)
    at fetchQuestRequiredLevel (/Users/grins/git/warcraft/wow-bis/scripts/process-quest-levels.ts:182:33)
    at <anonymous> (/Users/grins/git/warcraft/wow-bis/scripts/process-quest-levels.ts:386:42)
    at processTicksAndRejections (native:7:39)
Full Error: {}
---
[2025-11-03T02:01:36.357Z] ERROR: Error fetching quest 6187 (attempt 2)
Message: Attempted to use detached Frame '03DAD367655A18147D7AE5A08EAEAA20'.
Stack: Error: Attempted to use detached Frame '03DAD367655A18147D7AE5A08EAEAA20'.
    at <anonymous> (/Users/grins/git/warcraft/wow-bis/node_modules/.pnpm/puppeteer-core@24.25.0/node_modules/puppeteer-core/lib/esm/puppeteer/util/decorators.js:99:27)
    at <anonymous> (/Users/grins/git/warcraft/wow-bis/node_modules/.pnpm/puppeteer-core@24.25.0/node_modules/puppeteer-core/lib/esm/puppeteer/api/Page.js:568:43)
    at goto (/Users/grins/git/warcraft/wow-bis/node_modules/.pnpm/puppeteer-core@24.25.0/node_modules/puppeteer-core/lib/esm/puppeteer/api/Page.js:567:20)
    at <anonymous> (/Users/grins/git/warcraft/wow-bis/scripts/process-quest-levels.ts:191:24)
    at fetchQuestRequiredLevel (/Users/grins/git/warcraft/wow-bis/scripts/process-quest-levels.ts:182:33)
    at processTicksAndRejections (native:7:39)
Full Error: {}
---
[2025-11-03T02:01:43.360Z] ERROR: Error fetching quest 6187 (attempt 3)
Message: Attempted to use detached Frame '03DAD367655A18147D7AE5A08EAEAA20'.
Stack: Error: Attempted to use detached Frame '03DAD367655A18147D7AE5A08EAEAA20'.
    at <anonymous> (/Users/grins/git/warcraft/wow-bis/node_modules/.pnpm/puppeteer-core@24.25.0/node_modules/puppeteer-core/lib/esm/puppeteer/util/decorators.js:99:27)
    at <anonymous> (/Users/grins/git/warcraft/wow-bis/node_modules/.pnpm/puppeteer-core@24.25.0/node_modules/puppeteer-core/lib/esm/puppeteer/api/Page.js:568:43)
    at goto (/Users/grins/git/warcraft/wow-bis/node_modules/.pnpm/puppeteer-core@24.25.0/node_modules/puppeteer-core/lib/esm/puppeteer/api/Page.js:567:20)
    at <anonymous> (/Users/grins/git/warcraft/wow-bis/scripts/process-quest-levels.ts:191:24)
    at fetchQuestRequiredLevel (/Users/grins/git/warcraft/wow-bis/scripts/process-quest-levels.ts:182:33)
    at processTicksAndRejections (native:7:39)
Full Error: {}
---
[2025-11-03T02:01:52.363Z] ERROR: Error fetching quest 6187 (attempt 4)
Message: Attempted to use detached Frame '03DAD367655A18147D7AE5A08EAEAA20'.
Stack: Error: Attempted to use detached Frame '03DAD367655A18147D7AE5A08EAEAA20'.
    at <anonymous> (/Users/grins/git/warcraft/wow-bis/node_modules/.pnpm/puppeteer-core@24.25.0/node_modules/puppeteer-core/lib/esm/puppeteer/util/decorators.js:99:27)
    at <anonymous> (/Users/grins/git/warcraft/wow-bis/node_modules/.pnpm/puppeteer-core@24.25.0/node_modules/puppeteer-core/lib/esm/puppeteer/api/Page.js:568:43)
    at goto (/Users/grins/git/warcraft/wow-bis/node_modules/.pnpm/puppeteer-core@24.25.0/node_modules/puppeteer-core/lib/esm/puppeteer/api/Page.js:567:20)
    at <anonymous> (/Users/grins/git/warcraft/wow-bis/scripts/process-quest-levels.ts:191:24)
    at fetchQuestRequiredLevel (/Users/grins/git/warcraft/wow-bis/scripts/process-quest-levels.ts:182:33)
    at processTicksAndRejections (native:7:39)
Full Error: {}
---
[2025-11-03T02:17:51.427Z] ERROR: Error fetching quest 6148 (attempt 1)
Message: Attempted to use detached Frame '03DAD367655A18147D7AE5A08EAEAA20'.
Stack: Error: Attempted to use detached Frame '03DAD367655A18147D7AE5A08EAEAA20'.
    at <anonymous> (/Users/grins/git/warcraft/wow-bis/node_modules/.pnpm/puppeteer-core@24.25.0/node_modules/puppeteer-core/lib/esm/puppeteer/util/decorators.js:99:27)
    at <anonymous> (/Users/grins/git/warcraft/wow-bis/node_modules/.pnpm/puppeteer-core@24.25.0/node_modules/puppeteer-core/lib/esm/puppeteer/api/Page.js:568:43)
    at goto (/Users/grins/git/warcraft/wow-bis/node_modules/.pnpm/puppeteer-core@24.25.0/node_modules/puppeteer-core/lib/esm/puppeteer/api/Page.js:567:20)
    at <anonymous> (/Users/grins/git/warcraft/wow-bis/scripts/process-quest-levels.ts:191:24)
    at fetchQuestRequiredLevel (/Users/grins/git/warcraft/wow-bis/scripts/process-quest-levels.ts:182:33)
    at <anonymous> (/Users/grins/git/warcraft/wow-bis/scripts/process-quest-levels.ts:386:42)
    at processTicksAndRejections (native:7:39)
Full Error: {}
---
[2025-11-03T02:17:56.450Z] ERROR: Error fetching quest 6148 (attempt 2)
Message: Attempted to use detached Frame '03DAD367655A18147D7AE5A08EAEAA20'.
Stack: Error: Attempted to use detached Frame '03DAD367655A18147D7AE5A08EAEAA20'.
    at <anonymous> (/Users/grins/git/warcraft/wow-bis/node_modules/.pnpm/puppeteer-core@24.25.0/node_modules/puppeteer-core/lib/esm/puppeteer/util/decorators.js:99:27)
    at <anonymous> (/Users/grins/git/warcraft/wow-bis/node_modules/.pnpm/puppeteer-core@24.25.0/node_modules/puppeteer-core/lib/esm/puppeteer/api/Page.js:568:43)
    at goto (/Users/grins/git/warcraft/wow-bis/node_modules/.pnpm/puppeteer-core@24.25.0/node_modules/puppeteer-core/lib/esm/puppeteer/api/Page.js:567:20)
    at <anonymous> (/Users/grins/git/warcraft/wow-bis/scripts/process-quest-levels.ts:191:24)
    at fetchQuestRequiredLevel (/Users/grins/git/warcraft/wow-bis/scripts/process-quest-levels.ts:182:33)
    at processTicksAndRejections (native:7:39)
Full Error: {}
---
[2025-11-03T02:18:03.454Z] ERROR: Error fetching quest 6148 (attempt 3)
Message: Attempted to use detached Frame '03DAD367655A18147D7AE5A08EAEAA20'.
Stack: Error: Attempted to use detached Frame '03DAD367655A18147D7AE5A08EAEAA20'.
    at <anonymous> (/Users/grins/git/warcraft/wow-bis/node_modules/.pnpm/puppeteer-core@24.25.0/node_modules/puppeteer-core/lib/esm/puppeteer/util/decorators.js:99:27)
    at <anonymous> (/Users/grins/git/warcraft/wow-bis/node_modules/.pnpm/puppeteer-core@24.25.0/node_modules/puppeteer-core/lib/esm/puppeteer/api/Page.js:568:43)
    at goto (/Users/grins/git/warcraft/wow-bis/node_modules/.pnpm/puppeteer-core@24.25.0/node_modules/puppeteer-core/lib/esm/puppeteer/api/Page.js:567:20)
    at <anonymous> (/Users/grins/git/warcraft/wow-bis/scripts/process-quest-levels.ts:191:24)
    at fetchQuestRequiredLevel (/Users/grins/git/warcraft/wow-bis/scripts/process-quest-levels.ts:182:33)
    at processTicksAndRejections (native:7:39)
Full Error: {}
---
[2025-11-03T02:18:12.458Z] ERROR: Error fetching quest 6148 (attempt 4)
Message: Attempted to use detached Frame '03DAD367655A18147D7AE5A08EAEAA20'.
Stack: Error: Attempted to use detached Frame '03DAD367655A18147D7AE5A08EAEAA20'.
    at <anonymous> (/Users/grins/git/warcraft/wow-bis/node_modules/.pnpm/puppeteer-core@24.25.0/node_modules/puppeteer-core/lib/esm/puppeteer/util/decorators.js:99:27)
    at <anonymous> (/Users/grins/git/warcraft/wow-bis/node_modules/.pnpm/puppeteer-core@24.25.0/node_modules/puppeteer-core/lib/esm/puppeteer/api/Page.js:568:43)
    at goto (/Users/grins/git/warcraft/wow-bis/node_modules/.pnpm/puppeteer-core@24.25.0/node_modules/puppeteer-core/lib/esm/puppeteer/api/Page.js:567:20)
    at <anonymous> (/Users/grins/git/warcraft/wow-bis/scripts/process-quest-levels.ts:191:24)
    at fetchQuestRequiredLevel (/Users/grins/git/warcraft/wow-bis/scripts/process-quest-levels.ts:182:33)
    at processTicksAndRejections (native:7:39)
Full Error: {}
---
[2025-11-03T02:18:14.461Z] ERROR: Error fetching quest 40722 (attempt 1)
Message: Attempted to use detached Frame '03DAD367655A18147D7AE5A08EAEAA20'.
Stack: Error: Attempted to use detached Frame '03DAD367655A18147D7AE5A08EAEAA20'.
    at <anonymous> (/Users/grins/git/warcraft/wow-bis/node_modules/.pnpm/puppeteer-core@24.25.0/node_modules/puppeteer-core/lib/esm/puppeteer/util/decorators.js:99:27)
    at <anonymous> (/Users/grins/git/warcraft/wow-bis/node_modules/.pnpm/puppeteer-core@24.25.0/node_modules/puppeteer-core/lib/esm/puppeteer/api/Page.js:568:43)
    at goto (/Users/grins/git/warcraft/wow-bis/node_modules/.pnpm/puppeteer-core@24.25.0/node_modules/puppeteer-core/lib/esm/puppeteer/api/Page.js:567:20)
    at <anonymous> (/Users/grins/git/warcraft/wow-bis/scripts/process-quest-levels.ts:191:24)
    at fetchQuestRequiredLevel (/Users/grins/git/warcraft/wow-bis/scripts/process-quest-levels.ts:182:33)
    at <anonymous> (/Users/grins/git/warcraft/wow-bis/scripts/process-quest-levels.ts:386:42)
    at processTicksAndRejections (native:7:39)
Full Error: {}
---
[2025-11-03T02:18:19.464Z] ERROR: Error fetching quest 40722 (attempt 2)
Message: Attempted to use detached Frame '03DAD367655A18147D7AE5A08EAEAA20'.
Stack: Error: Attempted to use detached Frame '03DAD367655A18147D7AE5A08EAEAA20'.
    at <anonymous> (/Users/grins/git/warcraft/wow-bis/node_modules/.pnpm/puppeteer-core@24.25.0/node_modules/puppeteer-core/lib/esm/puppeteer/util/decorators.js:99:27)
    at <anonymous> (/Users/grins/git/warcraft/wow-bis/node_modules/.pnpm/puppeteer-core@24.25.0/node_modules/puppeteer-core/lib/esm/puppeteer/api/Page.js:568:43)
    at goto (/Users/grins/git/warcraft/wow-bis/node_modules/.pnpm/puppeteer-core@24.25.0/node_modules/puppeteer-core/lib/esm/puppeteer/api/Page.js:567:20)
    at <anonymous> (/Users/grins/git/warcraft/wow-bis/scripts/process-quest-levels.ts:191:24)
    at fetchQuestRequiredLevel (/Users/grins/git/warcraft/wow-bis/scripts/process-quest-levels.ts:182:33)
    at processTicksAndRejections (native:7:39)
Full Error: {}
---
[2025-11-03T02:18:26.466Z] ERROR: Error fetching quest 40722 (attempt 3)
Message: Attempted to use detached Frame '03DAD367655A18147D7AE5A08EAEAA20'.
Stack: Error: Attempted to use detached Frame '03DAD367655A18147D7AE5A08EAEAA20'.
    at <anonymous> (/Users/grins/git/warcraft/wow-bis/node_modules/.pnpm/puppeteer-core@24.25.0/node_modules/puppeteer-core/lib/esm/puppeteer/util/decorators.js:99:27)
    at <anonymous> (/Users/grins/git/warcraft/wow-bis/node_modules/.pnpm/puppeteer-core@24.25.0/node_modules/puppeteer-core/lib/esm/puppeteer/api/Page.js:568:43)
    at goto (/Users/grins/git/warcraft/wow-bis/node_modules/.pnpm/puppeteer-core@24.25.0/node_modules/puppeteer-core/lib/esm/puppeteer/api/Page.js:567:20)
    at <anonymous> (/Users/grins/git/warcraft/wow-bis/scripts/process-quest-levels.ts:191:24)
    at fetchQuestRequiredLevel (/Users/grins/git/warcraft/wow-bis/scripts/process-quest-levels.ts:182:33)
    at processTicksAndRejections (native:7:39)
Full Error: {}
---
[2025-11-03T02:18:35.468Z] ERROR: Error fetching quest 40722 (attempt 4)
Message: Attempted to use detached Frame '03DAD367655A18147D7AE5A08EAEAA20'.
Stack: Error: Attempted to use detached Frame '03DAD367655A18147D7AE5A08EAEAA20'.
    at <anonymous> (/Users/grins/git/warcraft/wow-bis/node_modules/.pnpm/puppeteer-core@24.25.0/node_modules/puppeteer-core/lib/esm/puppeteer/util/decorators.js:99:27)
    at <anonymous> (/Users/grins/git/warcraft/wow-bis/node_modules/.pnpm/puppeteer-core@24.25.0/node_modules/puppeteer-core/lib/esm/puppeteer/api/Page.js:568:43)
    at goto (/Users/grins/git/warcraft/wow-bis/node_modules/.pnpm/puppeteer-core@24.25.0/node_modules/puppeteer-core/lib/esm/puppeteer/api/Page.js:567:20)
    at <anonymous> (/Users/grins/git/warcraft/wow-bis/scripts/process-quest-levels.ts:191:24)
    at fetchQuestRequiredLevel (/Users/grins/git/warcraft/wow-bis/scripts/process-quest-levels.ts:182:33)
    at processTicksAndRejections (native:7:39)
Full Error: {}
---
[2025-11-03T02:18:37.473Z] ERROR: Error fetching quest 257 (attempt 1)
Message: Attempted to use detached Frame '03DAD367655A18147D7AE5A08EAEAA20'.
Stack: Error: Attempted to use detached Frame '03DAD367655A18147D7AE5A08EAEAA20'.
    at <anonymous> (/Users/grins/git/warcraft/wow-bis/node_modules/.pnpm/puppeteer-core@24.25.0/node_modules/puppeteer-core/lib/esm/puppeteer/util/decorators.js:99:27)
    at <anonymous> (/Users/grins/git/warcraft/wow-bis/node_modules/.pnpm/puppeteer-core@24.25.0/node_modules/puppeteer-core/lib/esm/puppeteer/api/Page.js:568:43)
    at goto (/Users/grins/git/warcraft/wow-bis/node_modules/.pnpm/puppeteer-core@24.25.0/node_modules/puppeteer-core/lib/esm/puppeteer/api/Page.js:567:20)
    at <anonymous> (/Users/grins/git/warcraft/wow-bis/scripts/process-quest-levels.ts:191:24)
    at fetchQuestRequiredLevel (/Users/grins/git/warcraft/wow-bis/scripts/process-quest-levels.ts:182:33)
    at <anonymous> (/Users/grins/git/warcraft/wow-bis/scripts/process-quest-levels.ts:386:42)
    at processTicksAndRejections (native:7:39)
Full Error: {}
---
[2025-11-03T02:18:42.475Z] ERROR: Error fetching quest 257 (attempt 2)
Message: Attempted to use detached Frame '03DAD367655A18147D7AE5A08EAEAA20'.
Stack: Error: Attempted to use detached Frame '03DAD367655A18147D7AE5A08EAEAA20'.
    at <anonymous> (/Users/grins/git/warcraft/wow-bis/node_modules/.pnpm/puppeteer-core@24.25.0/node_modules/puppeteer-core/lib/esm/puppeteer/util/decorators.js:99:27)
    at <anonymous> (/Users/grins/git/warcraft/wow-bis/node_modules/.pnpm/puppeteer-core@24.25.0/node_modules/puppeteer-core/lib/esm/puppeteer/api/Page.js:568:43)
    at goto (/Users/grins/git/warcraft/wow-bis/node_modules/.pnpm/puppeteer-core@24.25.0/node_modules/puppeteer-core/lib/esm/puppeteer/api/Page.js:567:20)
    at <anonymous> (/Users/grins/git/warcraft/wow-bis/scripts/process-quest-levels.ts:191:24)
    at fetchQuestRequiredLevel (/Users/grins/git/warcraft/wow-bis/scripts/process-quest-levels.ts:182:33)
    at processTicksAndRejections (native:7:39)
Full Error: {}
---
[2025-11-03T02:18:49.478Z] ERROR: Error fetching quest 257 (attempt 3)
Message: Attempted to use detached Frame '03DAD367655A18147D7AE5A08EAEAA20'.
Stack: Error: Attempted to use detached Frame '03DAD367655A18147D7AE5A08EAEAA20'.
    at <anonymous> (/Users/grins/git/warcraft/wow-bis/node_modules/.pnpm/puppeteer-core@24.25.0/node_modules/puppeteer-core/lib/esm/puppeteer/util/decorators.js:99:27)
    at <anonymous> (/Users/grins/git/warcraft/wow-bis/node_modules/.pnpm/puppeteer-core@24.25.0/node_modules/puppeteer-core/lib/esm/puppeteer/api/Page.js:568:43)
    at goto (/Users/grins/git/warcraft/wow-bis/node_modules/.pnpm/puppeteer-core@24.25.0/node_modules/puppeteer-core/lib/esm/puppeteer/api/Page.js:567:20)
    at <anonymous> (/Users/grins/git/warcraft/wow-bis/scripts/process-quest-levels.ts:191:24)
    at fetchQuestRequiredLevel (/Users/grins/git/warcraft/wow-bis/scripts/process-quest-levels.ts:182:33)
    at processTicksAndRejections (native:7:39)
Full Error: {}
---
[2025-11-03T02:18:58.482Z] ERROR: Error fetching quest 257 (attempt 4)
Message: Attempted to use detached Frame '03DAD367655A18147D7AE5A08EAEAA20'.
Stack: Error: Attempted to use detached Frame '03DAD367655A18147D7AE5A08EAEAA20'.
    at <anonymous> (/Users/grins/git/warcraft/wow-bis/node_modules/.pnpm/puppeteer-core@24.25.0/node_modules/puppeteer-core/lib/esm/puppeteer/util/decorators.js:99:27)
    at <anonymous> (/Users/grins/git/warcraft/wow-bis/node_modules/.pnpm/puppeteer-core@24.25.0/node_modules/puppeteer-core/lib/esm/puppeteer/api/Page.js:568:43)
    at goto (/Users/grins/git/warcraft/wow-bis/node_modules/.pnpm/puppeteer-core@24.25.0/node_modules/puppeteer-core/lib/esm/puppeteer/api/Page.js:567:20)
    at <anonymous> (/Users/grins/git/warcraft/wow-bis/scripts/process-quest-levels.ts:191:24)
    at fetchQuestRequiredLevel (/Users/grins/git/warcraft/wow-bis/scripts/process-quest-levels.ts:182:33)
    at processTicksAndRejections (native:7:39)
Full Error: {}
---
[2025-11-03T02:19:00.486Z] ERROR: Error fetching quest 296 (attempt 1)
Message: Attempted to use detached Frame '03DAD367655A18147D7AE5A08EAEAA20'.
Stack: Error: Attempted to use detached Frame '03DAD367655A18147D7AE5A08EAEAA20'.
    at <anonymous> (/Users/grins/git/warcraft/wow-bis/node_modules/.pnpm/puppeteer-core@24.25.0/node_modules/puppeteer-core/lib/esm/puppeteer/util/decorators.js:99:27)
    at <anonymous> (/Users/grins/git/warcraft/wow-bis/node_modules/.pnpm/puppeteer-core@24.25.0/node_modules/puppeteer-core/lib/esm/puppeteer/api/Page.js:568:43)
    at goto (/Users/grins/git/warcraft/wow-bis/node_modules/.pnpm/puppeteer-core@24.25.0/node_modules/puppeteer-core/lib/esm/puppeteer/api/Page.js:567:20)
    at <anonymous> (/Users/grins/git/warcraft/wow-bis/scripts/process-quest-levels.ts:191:24)
    at fetchQuestRequiredLevel (/Users/grins/git/warcraft/wow-bis/scripts/process-quest-levels.ts:182:33)
    at <anonymous> (/Users/grins/git/warcraft/wow-bis/scripts/process-quest-levels.ts:386:42)
    at processTicksAndRejections (native:7:39)
Full Error: {}
---
[2025-11-03T02:19:05.490Z] ERROR: Error fetching quest 296 (attempt 2)
Message: Attempted to use detached Frame '03DAD367655A18147D7AE5A08EAEAA20'.
Stack: Error: Attempted to use detached Frame '03DAD367655A18147D7AE5A08EAEAA20'.
    at <anonymous> (/Users/grins/git/warcraft/wow-bis/node_modules/.pnpm/puppeteer-core@24.25.0/node_modules/puppeteer-core/lib/esm/puppeteer/util/decorators.js:99:27)
    at <anonymous> (/Users/grins/git/warcraft/wow-bis/node_modules/.pnpm/puppeteer-core@24.25.0/node_modules/puppeteer-core/lib/esm/puppeteer/api/Page.js:568:43)
    at goto (/Users/grins/git/warcraft/wow-bis/node_modules/.pnpm/puppeteer-core@24.25.0/node_modules/puppeteer-core/lib/esm/puppeteer/api/Page.js:567:20)
    at <anonymous> (/Users/grins/git/warcraft/wow-bis/scripts/process-quest-levels.ts:191:24)
    at fetchQuestRequiredLevel (/Users/grins/git/warcraft/wow-bis/scripts/process-quest-levels.ts:182:33)
    at processTicksAndRejections (native:7:39)
Full Error: {}
---
[2025-11-03T02:19:12.493Z] ERROR: Error fetching quest 296 (attempt 3)
Message: Attempted to use detached Frame '03DAD367655A18147D7AE5A08EAEAA20'.
Stack: Error: Attempted to use detached Frame '03DAD367655A18147D7AE5A08EAEAA20'.
    at <anonymous> (/Users/grins/git/warcraft/wow-bis/node_modules/.pnpm/puppeteer-core@24.25.0/node_modules/puppeteer-core/lib/esm/puppeteer/util/decorators.js:99:27)
    at <anonymous> (/Users/grins/git/warcraft/wow-bis/node_modules/.pnpm/puppeteer-core@24.25.0/node_modules/puppeteer-core/lib/esm/puppeteer/api/Page.js:568:43)
    at goto (/Users/grins/git/warcraft/wow-bis/node_modules/.pnpm/puppeteer-core@24.25.0/node_modules/puppeteer-core/lib/esm/puppeteer/api/Page.js:567:20)
    at <anonymous> (/Users/grins/git/warcraft/wow-bis/scripts/process-quest-levels.ts:191:24)
    at fetchQuestRequiredLevel (/Users/grins/git/warcraft/wow-bis/scripts/process-quest-levels.ts:182:33)
    at processTicksAndRejections (native:7:39)
Full Error: {}
---
[2025-11-03T02:19:21.497Z] ERROR: Error fetching quest 296 (attempt 4)
Message: Attempted to use detached Frame '03DAD367655A18147D7AE5A08EAEAA20'.
Stack: Error: Attempted to use detached Frame '03DAD367655A18147D7AE5A08EAEAA20'.
    at <anonymous> (/Users/grins/git/warcraft/wow-bis/node_modules/.pnpm/puppeteer-core@24.25.0/node_modules/puppeteer-core/lib/esm/puppeteer/util/decorators.js:99:27)
    at <anonymous> (/Users/grins/git/warcraft/wow-bis/node_modules/.pnpm/puppeteer-core@24.25.0/node_modules/puppeteer-core/lib/esm/puppeteer/api/Page.js:568:43)
    at goto (/Users/grins/git/warcraft/wow-bis/node_modules/.pnpm/puppeteer-core@24.25.0/node_modules/puppeteer-core/lib/esm/puppeteer/api/Page.js:567:20)
    at <anonymous> (/Users/grins/git/warcraft/wow-bis/scripts/process-quest-levels.ts:191:24)
    at fetchQuestRequiredLevel (/Users/grins/git/warcraft/wow-bis/scripts/process-quest-levels.ts:182:33)
    at processTicksAndRejections (native:7:39)
Full Error: {}
---
[2025-11-03T02:19:25.505Z] ERROR: Error fetching quest 855 (attempt 1)
Message: Attempted to use detached Frame '03DAD367655A18147D7AE5A08EAEAA20'.
Stack: Error: Attempted to use detached Frame '03DAD367655A18147D7AE5A08EAEAA20'.
    at <anonymous> (/Users/grins/git/warcraft/wow-bis/node_modules/.pnpm/puppeteer-core@24.25.0/node_modules/puppeteer-core/lib/esm/puppeteer/util/decorators.js:99:27)
    at <anonymous> (/Users/grins/git/warcraft/wow-bis/node_modules/.pnpm/puppeteer-core@24.25.0/node_modules/puppeteer-core/lib/esm/puppeteer/api/Page.js:568:43)
    at goto (/Users/grins/git/warcraft/wow-bis/node_modules/.pnpm/puppeteer-core@24.25.0/node_modules/puppeteer-core/lib/esm/puppeteer/api/Page.js:567:20)
    at <anonymous> (/Users/grins/git/warcraft/wow-bis/scripts/process-quest-levels.ts:191:24)
    at fetchQuestRequiredLevel (/Users/grins/git/warcraft/wow-bis/scripts/process-quest-levels.ts:182:33)
    at <anonymous> (/Users/grins/git/warcraft/wow-bis/scripts/process-quest-levels.ts:386:42)
    at processTicksAndRejections (native:7:39)
Full Error: {}
---
[2025-11-03T02:19:30.507Z] ERROR: Error fetching quest 855 (attempt 2)
Message: Attempted to use detached Frame '03DAD367655A18147D7AE5A08EAEAA20'.
Stack: Error: Attempted to use detached Frame '03DAD367655A18147D7AE5A08EAEAA20'.
    at <anonymous> (/Users/grins/git/warcraft/wow-bis/node_modules/.pnpm/puppeteer-core@24.25.0/node_modules/puppeteer-core/lib/esm/puppeteer/util/decorators.js:99:27)
    at <anonymous> (/Users/grins/git/warcraft/wow-bis/node_modules/.pnpm/puppeteer-core@24.25.0/node_modules/puppeteer-core/lib/esm/puppeteer/api/Page.js:568:43)
    at goto (/Users/grins/git/warcraft/wow-bis/node_modules/.pnpm/puppeteer-core@24.25.0/node_modules/puppeteer-core/lib/esm/puppeteer/api/Page.js:567:20)
    at <anonymous> (/Users/grins/git/warcraft/wow-bis/scripts/process-quest-levels.ts:191:24)
    at fetchQuestRequiredLevel (/Users/grins/git/warcraft/wow-bis/scripts/process-quest-levels.ts:182:33)
    at processTicksAndRejections (native:7:39)
Full Error: {}
---
[2025-11-03T02:19:37.511Z] ERROR: Error fetching quest 855 (attempt 3)
Message: Attempted to use detached Frame '03DAD367655A18147D7AE5A08EAEAA20'.
Stack: Error: Attempted to use detached Frame '03DAD367655A18147D7AE5A08EAEAA20'.
    at <anonymous> (/Users/grins/git/warcraft/wow-bis/node_modules/.pnpm/puppeteer-core@24.25.0/node_modules/puppeteer-core/lib/esm/puppeteer/util/decorators.js:99:27)
    at <anonymous> (/Users/grins/git/warcraft/wow-bis/node_modules/.pnpm/puppeteer-core@24.25.0/node_modules/puppeteer-core/lib/esm/puppeteer/api/Page.js:568:43)
    at goto (/Users/grins/git/warcraft/wow-bis/node_modules/.pnpm/puppeteer-core@24.25.0/node_modules/puppeteer-core/lib/esm/puppeteer/api/Page.js:567:20)
    at <anonymous> (/Users/grins/git/warcraft/wow-bis/scripts/process-quest-levels.ts:191:24)
    at fetchQuestRequiredLevel (/Users/grins/git/warcraft/wow-bis/scripts/process-quest-levels.ts:182:33)
    at processTicksAndRejections (native:7:39)
Full Error: {}
---
[2025-11-03T02:19:46.514Z] ERROR: Error fetching quest 855 (attempt 4)
Message: Attempted to use detached Frame '03DAD367655A18147D7AE5A08EAEAA20'.
Stack: Error: Attempted to use detached Frame '03DAD367655A18147D7AE5A08EAEAA20'.
    at <anonymous> (/Users/grins/git/warcraft/wow-bis/node_modules/.pnpm/puppeteer-core@24.25.0/node_modules/puppeteer-core/lib/esm/puppeteer/util/decorators.js:99:27)
    at <anonymous> (/Users/grins/git/warcraft/wow-bis/node_modules/.pnpm/puppeteer-core@24.25.0/node_modules/puppeteer-core/lib/esm/puppeteer/api/Page.js:568:43)
    at goto (/Users/grins/git/warcraft/wow-bis/node_modules/.pnpm/puppeteer-core@24.25.0/node_modules/puppeteer-core/lib/esm/puppeteer/api/Page.js:567:20)
    at <anonymous> (/Users/grins/git/warcraft/wow-bis/scripts/process-quest-levels.ts:191:24)
    at fetchQuestRequiredLevel (/Users/grins/git/warcraft/wow-bis/scripts/process-quest-levels.ts:182:33)
    at processTicksAndRejections (native:7:39)
Full Error: {}
---
[2025-11-03T02:19:48.516Z] ERROR: Error fetching quest 1044 (attempt 1)
Message: Attempted to use detached Frame '03DAD367655A18147D7AE5A08EAEAA20'.
Stack: Error: Attempted to use detached Frame '03DAD367655A18147D7AE5A08EAEAA20'.
    at <anonymous> (/Users/grins/git/warcraft/wow-bis/node_modules/.pnpm/puppeteer-core@24.25.0/node_modules/puppeteer-core/lib/esm/puppeteer/util/decorators.js:99:27)
    at <anonymous> (/Users/grins/git/warcraft/wow-bis/node_modules/.pnpm/puppeteer-core@24.25.0/node_modules/puppeteer-core/lib/esm/puppeteer/api/Page.js:568:43)
    at goto (/Users/grins/git/warcraft/wow-bis/node_modules/.pnpm/puppeteer-core@24.25.0/node_modules/puppeteer-core/lib/esm/puppeteer/api/Page.js:567:20)
    at <anonymous> (/Users/grins/git/warcraft/wow-bis/scripts/process-quest-levels.ts:191:24)
    at fetchQuestRequiredLevel (/Users/grins/git/warcraft/wow-bis/scripts/process-quest-levels.ts:182:33)
    at <anonymous> (/Users/grins/git/warcraft/wow-bis/scripts/process-quest-levels.ts:386:42)
    at processTicksAndRejections (native:7:39)
Full Error: {}
---
[2025-11-03T02:19:53.520Z] ERROR: Error fetching quest 1044 (attempt 2)
Message: Attempted to use detached Frame '03DAD367655A18147D7AE5A08EAEAA20'.
Stack: Error: Attempted to use detached Frame '03DAD367655A18147D7AE5A08EAEAA20'.
    at <anonymous> (/Users/grins/git/warcraft/wow-bis/node_modules/.pnpm/puppeteer-core@24.25.0/node_modules/puppeteer-core/lib/esm/puppeteer/util/decorators.js:99:27)
    at <anonymous> (/Users/grins/git/warcraft/wow-bis/node_modules/.pnpm/puppeteer-core@24.25.0/node_modules/puppeteer-core/lib/esm/puppeteer/api/Page.js:568:43)
    at goto (/Users/grins/git/warcraft/wow-bis/node_modules/.pnpm/puppeteer-core@24.25.0/node_modules/puppeteer-core/lib/esm/puppeteer/api/Page.js:567:20)
    at <anonymous> (/Users/grins/git/warcraft/wow-bis/scripts/process-quest-levels.ts:191:24)
    at fetchQuestRequiredLevel (/Users/grins/git/warcraft/wow-bis/scripts/process-quest-levels.ts:182:33)
    at processTicksAndRejections (native:7:39)
Full Error: {}
---
[2025-11-03T02:20:00.524Z] ERROR: Error fetching quest 1044 (attempt 3)
Message: Attempted to use detached Frame '03DAD367655A18147D7AE5A08EAEAA20'.
Stack: Error: Attempted to use detached Frame '03DAD367655A18147D7AE5A08EAEAA20'.
    at <anonymous> (/Users/grins/git/warcraft/wow-bis/node_modules/.pnpm/puppeteer-core@24.25.0/node_modules/puppeteer-core/lib/esm/puppeteer/util/decorators.js:99:27)
    at <anonymous> (/Users/grins/git/warcraft/wow-bis/node_modules/.pnpm/puppeteer-core@24.25.0/node_modules/puppeteer-core/lib/esm/puppeteer/api/Page.js:568:43)
    at goto (/Users/grins/git/warcraft/wow-bis/node_modules/.pnpm/puppeteer-core@24.25.0/node_modules/puppeteer-core/lib/esm/puppeteer/api/Page.js:567:20)
    at <anonymous> (/Users/grins/git/warcraft/wow-bis/scripts/process-quest-levels.ts:191:24)
    at fetchQuestRequiredLevel (/Users/grins/git/warcraft/wow-bis/scripts/process-quest-levels.ts:182:33)
    at processTicksAndRejections (native:7:39)
Full Error: {}
---
[2025-11-03T02:20:09.528Z] ERROR: Error fetching quest 1044 (attempt 4)
Message: Attempted to use detached Frame '03DAD367655A18147D7AE5A08EAEAA20'.
Stack: Error: Attempted to use detached Frame '03DAD367655A18147D7AE5A08EAEAA20'.
    at <anonymous> (/Users/grins/git/warcraft/wow-bis/node_modules/.pnpm/puppeteer-core@24.25.0/node_modules/puppeteer-core/lib/esm/puppeteer/util/decorators.js:99:27)
    at <anonymous> (/Users/grins/git/warcraft/wow-bis/node_modules/.pnpm/puppeteer-core@24.25.0/node_modules/puppeteer-core/lib/esm/puppeteer/api/Page.js:568:43)
    at goto (/Users/grins/git/warcraft/wow-bis/node_modules/.pnpm/puppeteer-core@24.25.0/node_modules/puppeteer-core/lib/esm/puppeteer/api/Page.js:567:20)
    at <anonymous> (/Users/grins/git/warcraft/wow-bis/scripts/process-quest-levels.ts:191:24)
    at fetchQuestRequiredLevel (/Users/grins/git/warcraft/wow-bis/scripts/process-quest-levels.ts:182:33)
    at processTicksAndRejections (native:7:39)
Full Error: {}
---
[2025-11-03T02:20:11.532Z] ERROR: Error fetching quest 1197 (attempt 1)
Message: Attempted to use detached Frame '03DAD367655A18147D7AE5A08EAEAA20'.
Stack: Error: Attempted to use detached Frame '03DAD367655A18147D7AE5A08EAEAA20'.
    at <anonymous> (/Users/grins/git/warcraft/wow-bis/node_modules/.pnpm/puppeteer-core@24.25.0/node_modules/puppeteer-core/lib/esm/puppeteer/util/decorators.js:99:27)
    at <anonymous> (/Users/grins/git/warcraft/wow-bis/node_modules/.pnpm/puppeteer-core@24.25.0/node_modules/puppeteer-core/lib/esm/puppeteer/api/Page.js:568:43)
    at goto (/Users/grins/git/warcraft/wow-bis/node_modules/.pnpm/puppeteer-core@24.25.0/node_modules/puppeteer-core/lib/esm/puppeteer/api/Page.js:567:20)
    at <anonymous> (/Users/grins/git/warcraft/wow-bis/scripts/process-quest-levels.ts:191:24)
    at fetchQuestRequiredLevel (/Users/grins/git/warcraft/wow-bis/scripts/process-quest-levels.ts:182:33)
    at <anonymous> (/Users/grins/git/warcraft/wow-bis/scripts/process-quest-levels.ts:386:42)
    at processTicksAndRejections (native:7:39)
Full Error: {}
---
[2025-11-03T02:20:16.536Z] ERROR: Error fetching quest 1197 (attempt 2)
Message: Attempted to use detached Frame '03DAD367655A18147D7AE5A08EAEAA20'.
Stack: Error: Attempted to use detached Frame '03DAD367655A18147D7AE5A08EAEAA20'.
    at <anonymous> (/Users/grins/git/warcraft/wow-bis/node_modules/.pnpm/puppeteer-core@24.25.0/node_modules/puppeteer-core/lib/esm/puppeteer/util/decorators.js:99:27)
    at <anonymous> (/Users/grins/git/warcraft/wow-bis/node_modules/.pnpm/puppeteer-core@24.25.0/node_modules/puppeteer-core/lib/esm/puppeteer/api/Page.js:568:43)
    at goto (/Users/grins/git/warcraft/wow-bis/node_modules/.pnpm/puppeteer-core@24.25.0/node_modules/puppeteer-core/lib/esm/puppeteer/api/Page.js:567:20)
    at <anonymous> (/Users/grins/git/warcraft/wow-bis/scripts/process-quest-levels.ts:191:24)
    at fetchQuestRequiredLevel (/Users/grins/git/warcraft/wow-bis/scripts/process-quest-levels.ts:182:33)
    at processTicksAndRejections (native:7:39)
Full Error: {}
---
[2025-11-03T02:20:23.539Z] ERROR: Error fetching quest 1197 (attempt 3)
Message: Attempted to use detached Frame '03DAD367655A18147D7AE5A08EAEAA20'.
Stack: Error: Attempted to use detached Frame '03DAD367655A18147D7AE5A08EAEAA20'.
    at <anonymous> (/Users/grins/git/warcraft/wow-bis/node_modules/.pnpm/puppeteer-core@24.25.0/node_modules/puppeteer-core/lib/esm/puppeteer/util/decorators.js:99:27)
    at <anonymous> (/Users/grins/git/warcraft/wow-bis/node_modules/.pnpm/puppeteer-core@24.25.0/node_modules/puppeteer-core/lib/esm/puppeteer/api/Page.js:568:43)
    at goto (/Users/grins/git/warcraft/wow-bis/node_modules/.pnpm/puppeteer-core@24.25.0/node_modules/puppeteer-core/lib/esm/puppeteer/api/Page.js:567:20)
    at <anonymous> (/Users/grins/git/warcraft/wow-bis/scripts/process-quest-levels.ts:191:24)
    at fetchQuestRequiredLevel (/Users/grins/git/warcraft/wow-bis/scripts/process-quest-levels.ts:182:33)
    at processTicksAndRejections (native:7:39)
Full Error: {}
---
[2025-11-03T02:20:32.541Z] ERROR: Error fetching quest 1197 (attempt 4)
Message: Attempted to use detached Frame '03DAD367655A18147D7AE5A08EAEAA20'.
Stack: Error: Attempted to use detached Frame '03DAD367655A18147D7AE5A08EAEAA20'.
    at <anonymous> (/Users/grins/git/warcraft/wow-bis/node_modules/.pnpm/puppeteer-core@24.25.0/node_modules/puppeteer-core/lib/esm/puppeteer/util/decorators.js:99:27)
    at <anonymous> (/Users/grins/git/warcraft/wow-bis/node_modules/.pnpm/puppeteer-core@24.25.0/node_modules/puppeteer-core/lib/esm/puppeteer/api/Page.js:568:43)
    at goto (/Users/grins/git/warcraft/wow-bis/node_modules/.pnpm/puppeteer-core@24.25.0/node_modules/puppeteer-core/lib/esm/puppeteer/api/Page.js:567:20)
    at <anonymous> (/Users/grins/git/warcraft/wow-bis/scripts/process-quest-levels.ts:191:24)
    at fetchQuestRequiredLevel (/Users/grins/git/warcraft/wow-bis/scripts/process-quest-levels.ts:182:33)
    at processTicksAndRejections (native:7:39)
Full Error: {}
---
[2025-11-03T02:20:34.547Z] ERROR: Error fetching quest 208 (attempt 1)
Message: Attempted to use detached Frame '03DAD367655A18147D7AE5A08EAEAA20'.
Stack: Error: Attempted to use detached Frame '03DAD367655A18147D7AE5A08EAEAA20'.
    at <anonymous> (/Users/grins/git/warcraft/wow-bis/node_modules/.pnpm/puppeteer-core@24.25.0/node_modules/puppeteer-core/lib/esm/puppeteer/util/decorators.js:99:27)
    at <anonymous> (/Users/grins/git/warcraft/wow-bis/node_modules/.pnpm/puppeteer-core@24.25.0/node_modules/puppeteer-core/lib/esm/puppeteer/api/Page.js:568:43)
    at goto (/Users/grins/git/warcraft/wow-bis/node_modules/.pnpm/puppeteer-core@24.25.0/node_modules/puppeteer-core/lib/esm/puppeteer/api/Page.js:567:20)
    at <anonymous> (/Users/grins/git/warcraft/wow-bis/scripts/process-quest-levels.ts:191:24)
    at fetchQuestRequiredLevel (/Users/grins/git/warcraft/wow-bis/scripts/process-quest-levels.ts:182:33)
    at <anonymous> (/Users/grins/git/warcraft/wow-bis/scripts/process-quest-levels.ts:386:42)
    at processTicksAndRejections (native:7:39)
Full Error: {}
---
[2025-11-03T02:20:39.550Z] ERROR: Error fetching quest 208 (attempt 2)
Message: Attempted to use detached Frame '03DAD367655A18147D7AE5A08EAEAA20'.
Stack: Error: Attempted to use detached Frame '03DAD367655A18147D7AE5A08EAEAA20'.
    at <anonymous> (/Users/grins/git/warcraft/wow-bis/node_modules/.pnpm/puppeteer-core@24.25.0/node_modules/puppeteer-core/lib/esm/puppeteer/util/decorators.js:99:27)
    at <anonymous> (/Users/grins/git/warcraft/wow-bis/node_modules/.pnpm/puppeteer-core@24.25.0/node_modules/puppeteer-core/lib/esm/puppeteer/api/Page.js:568:43)
    at goto (/Users/grins/git/warcraft/wow-bis/node_modules/.pnpm/puppeteer-core@24.25.0/node_modules/puppeteer-core/lib/esm/puppeteer/api/Page.js:567:20)
    at <anonymous> (/Users/grins/git/warcraft/wow-bis/scripts/process-quest-levels.ts:191:24)
    at fetchQuestRequiredLevel (/Users/grins/git/warcraft/wow-bis/scripts/process-quest-levels.ts:182:33)
    at processTicksAndRejections (native:7:39)
Full Error: {}
---
[2025-11-03T02:20:46.552Z] ERROR: Error fetching quest 208 (attempt 3)
Message: Attempted to use detached Frame '03DAD367655A18147D7AE5A08EAEAA20'.
Stack: Error: Attempted to use detached Frame '03DAD367655A18147D7AE5A08EAEAA20'.
    at <anonymous> (/Users/grins/git/warcraft/wow-bis/node_modules/.pnpm/puppeteer-core@24.25.0/node_modules/puppeteer-core/lib/esm/puppeteer/util/decorators.js:99:27)
    at <anonymous> (/Users/grins/git/warcraft/wow-bis/node_modules/.pnpm/puppeteer-core@24.25.0/node_modules/puppeteer-core/lib/esm/puppeteer/api/Page.js:568:43)
    at goto (/Users/grins/git/warcraft/wow-bis/node_modules/.pnpm/puppeteer-core@24.25.0/node_modules/puppeteer-core/lib/esm/puppeteer/api/Page.js:567:20)
    at <anonymous> (/Users/grins/git/warcraft/wow-bis/scripts/process-quest-levels.ts:191:24)
    at fetchQuestRequiredLevel (/Users/grins/git/warcraft/wow-bis/scripts/process-quest-levels.ts:182:33)
    at processTicksAndRejections (native:7:39)
Full Error: {}
---
[2025-11-03T02:20:55.555Z] ERROR: Error fetching quest 208 (attempt 4)
Message: Attempted to use detached Frame '03DAD367655A18147D7AE5A08EAEAA20'.
Stack: Error: Attempted to use detached Frame '03DAD367655A18147D7AE5A08EAEAA20'.
    at <anonymous> (/Users/grins/git/warcraft/wow-bis/node_modules/.pnpm/puppeteer-core@24.25.0/node_modules/puppeteer-core/lib/esm/puppeteer/util/decorators.js:99:27)
    at <anonymous> (/Users/grins/git/warcraft/wow-bis/node_modules/.pnpm/puppeteer-core@24.25.0/node_modules/puppeteer-core/lib/esm/puppeteer/api/Page.js:568:43)
    at goto (/Users/grins/git/warcraft/wow-bis/node_modules/.pnpm/puppeteer-core@24.25.0/node_modules/puppeteer-core/lib/esm/puppeteer/api/Page.js:567:20)
    at <anonymous> (/Users/grins/git/warcraft/wow-bis/scripts/process-quest-levels.ts:191:24)
    at fetchQuestRequiredLevel (/Users/grins/git/warcraft/wow-bis/scripts/process-quest-levels.ts:182:33)
    at processTicksAndRejections (native:7:39)
Full Error: {}
---
[2025-11-03T02:20:57.560Z] ERROR: Error fetching quest 7064 (attempt 1)
Message: Attempted to use detached Frame '03DAD367655A18147D7AE5A08EAEAA20'.
Stack: Error: Attempted to use detached Frame '03DAD367655A18147D7AE5A08EAEAA20'.
    at <anonymous> (/Users/grins/git/warcraft/wow-bis/node_modules/.pnpm/puppeteer-core@24.25.0/node_modules/puppeteer-core/lib/esm/puppeteer/util/decorators.js:99:27)
    at <anonymous> (/Users/grins/git/warcraft/wow-bis/node_modules/.pnpm/puppeteer-core@24.25.0/node_modules/puppeteer-core/lib/esm/puppeteer/api/Page.js:568:43)
    at goto (/Users/grins/git/warcraft/wow-bis/node_modules/.pnpm/puppeteer-core@24.25.0/node_modules/puppeteer-core/lib/esm/puppeteer/api/Page.js:567:20)
    at <anonymous> (/Users/grins/git/warcraft/wow-bis/scripts/process-quest-levels.ts:191:24)
    at fetchQuestRequiredLevel (/Users/grins/git/warcraft/wow-bis/scripts/process-quest-levels.ts:182:33)
    at <anonymous> (/Users/grins/git/warcraft/wow-bis/scripts/process-quest-levels.ts:386:42)
    at processTicksAndRejections (native:7:39)
Full Error: {}
---
[2025-11-03T02:21:02.562Z] ERROR: Error fetching quest 7064 (attempt 2)
Message: Attempted to use detached Frame '03DAD367655A18147D7AE5A08EAEAA20'.
Stack: Error: Attempted to use detached Frame '03DAD367655A18147D7AE5A08EAEAA20'.
    at <anonymous> (/Users/grins/git/warcraft/wow-bis/node_modules/.pnpm/puppeteer-core@24.25.0/node_modules/puppeteer-core/lib/esm/puppeteer/util/decorators.js:99:27)
    at <anonymous> (/Users/grins/git/warcraft/wow-bis/node_modules/.pnpm/puppeteer-core@24.25.0/node_modules/puppeteer-core/lib/esm/puppeteer/api/Page.js:568:43)
    at goto (/Users/grins/git/warcraft/wow-bis/node_modules/.pnpm/puppeteer-core@24.25.0/node_modules/puppeteer-core/lib/esm/puppeteer/api/Page.js:567:20)
    at <anonymous> (/Users/grins/git/warcraft/wow-bis/scripts/process-quest-levels.ts:191:24)
    at fetchQuestRequiredLevel (/Users/grins/git/warcraft/wow-bis/scripts/process-quest-levels.ts:182:33)
    at processTicksAndRejections (native:7:39)
Full Error: {}
---
[2025-11-03T02:21:09.565Z] ERROR: Error fetching quest 7064 (attempt 3)
Message: Attempted to use detached Frame '03DAD367655A18147D7AE5A08EAEAA20'.
Stack: Error: Attempted to use detached Frame '03DAD367655A18147D7AE5A08EAEAA20'.
    at <anonymous> (/Users/grins/git/warcraft/wow-bis/node_modules/.pnpm/puppeteer-core@24.25.0/node_modules/puppeteer-core/lib/esm/puppeteer/util/decorators.js:99:27)
    at <anonymous> (/Users/grins/git/warcraft/wow-bis/node_modules/.pnpm/puppeteer-core@24.25.0/node_modules/puppeteer-core/lib/esm/puppeteer/api/Page.js:568:43)
    at goto (/Users/grins/git/warcraft/wow-bis/node_modules/.pnpm/puppeteer-core@24.25.0/node_modules/puppeteer-core/lib/esm/puppeteer/api/Page.js:567:20)
    at <anonymous> (/Users/grins/git/warcraft/wow-bis/scripts/process-quest-levels.ts:191:24)
    at fetchQuestRequiredLevel (/Users/grins/git/warcraft/wow-bis/scripts/process-quest-levels.ts:182:33)
    at processTicksAndRejections (native:7:39)
Full Error: {}
---
[2025-11-03T02:21:18.569Z] ERROR: Error fetching quest 7064 (attempt 4)
Message: Attempted to use detached Frame '03DAD367655A18147D7AE5A08EAEAA20'.
Stack: Error: Attempted to use detached Frame '03DAD367655A18147D7AE5A08EAEAA20'.
    at <anonymous> (/Users/grins/git/warcraft/wow-bis/node_modules/.pnpm/puppeteer-core@24.25.0/node_modules/puppeteer-core/lib/esm/puppeteer/util/decorators.js:99:27)
    at <anonymous> (/Users/grins/git/warcraft/wow-bis/node_modules/.pnpm/puppeteer-core@24.25.0/node_modules/puppeteer-core/lib/esm/puppeteer/api/Page.js:568:43)
    at goto (/Users/grins/git/warcraft/wow-bis/node_modules/.pnpm/puppeteer-core@24.25.0/node_modules/puppeteer-core/lib/esm/puppeteer/api/Page.js:567:20)
    at <anonymous> (/Users/grins/git/warcraft/wow-bis/scripts/process-quest-levels.ts:191:24)
    at fetchQuestRequiredLevel (/Users/grins/git/warcraft/wow-bis/scripts/process-quest-levels.ts:182:33)
    at processTicksAndRejections (native:7:39)
Full Error: {}
---
[2025-11-03T02:21:20.573Z] ERROR: Error fetching quest 7065 (attempt 1)
Message: Attempted to use detached Frame '03DAD367655A18147D7AE5A08EAEAA20'.
Stack: Error: Attempted to use detached Frame '03DAD367655A18147D7AE5A08EAEAA20'.
    at <anonymous> (/Users/grins/git/warcraft/wow-bis/node_modules/.pnpm/puppeteer-core@24.25.0/node_modules/puppeteer-core/lib/esm/puppeteer/util/decorators.js:99:27)
    at <anonymous> (/Users/grins/git/warcraft/wow-bis/node_modules/.pnpm/puppeteer-core@24.25.0/node_modules/puppeteer-core/lib/esm/puppeteer/api/Page.js:568:43)
    at goto (/Users/grins/git/warcraft/wow-bis/node_modules/.pnpm/puppeteer-core@24.25.0/node_modules/puppeteer-core/lib/esm/puppeteer/api/Page.js:567:20)
    at <anonymous> (/Users/grins/git/warcraft/wow-bis/scripts/process-quest-levels.ts:191:24)
    at fetchQuestRequiredLevel (/Users/grins/git/warcraft/wow-bis/scripts/process-quest-levels.ts:182:33)
    at <anonymous> (/Users/grins/git/warcraft/wow-bis/scripts/process-quest-levels.ts:386:42)
    at processTicksAndRejections (native:7:39)
Full Error: {}
---
[2025-11-03T02:21:25.575Z] ERROR: Error fetching quest 7065 (attempt 2)
Message: Attempted to use detached Frame '03DAD367655A18147D7AE5A08EAEAA20'.
Stack: Error: Attempted to use detached Frame '03DAD367655A18147D7AE5A08EAEAA20'.
    at <anonymous> (/Users/grins/git/warcraft/wow-bis/node_modules/.pnpm/puppeteer-core@24.25.0/node_modules/puppeteer-core/lib/esm/puppeteer/util/decorators.js:99:27)
    at <anonymous> (/Users/grins/git/warcraft/wow-bis/node_modules/.pnpm/puppeteer-core@24.25.0/node_modules/puppeteer-core/lib/esm/puppeteer/api/Page.js:568:43)
    at goto (/Users/grins/git/warcraft/wow-bis/node_modules/.pnpm/puppeteer-core@24.25.0/node_modules/puppeteer-core/lib/esm/puppeteer/api/Page.js:567:20)
    at <anonymous> (/Users/grins/git/warcraft/wow-bis/scripts/process-quest-levels.ts:191:24)
    at fetchQuestRequiredLevel (/Users/grins/git/warcraft/wow-bis/scripts/process-quest-levels.ts:182:33)
    at processTicksAndRejections (native:7:39)
Full Error: {}
---
[2025-11-03T02:21:32.578Z] ERROR: Error fetching quest 7065 (attempt 3)
Message: Attempted to use detached Frame '03DAD367655A18147D7AE5A08EAEAA20'.
Stack: Error: Attempted to use detached Frame '03DAD367655A18147D7AE5A08EAEAA20'.
    at <anonymous> (/Users/grins/git/warcraft/wow-bis/node_modules/.pnpm/puppeteer-core@24.25.0/node_modules/puppeteer-core/lib/esm/puppeteer/util/decorators.js:99:27)
    at <anonymous> (/Users/grins/git/warcraft/wow-bis/node_modules/.pnpm/puppeteer-core@24.25.0/node_modules/puppeteer-core/lib/esm/puppeteer/api/Page.js:568:43)
    at goto (/Users/grins/git/warcraft/wow-bis/node_modules/.pnpm/puppeteer-core@24.25.0/node_modules/puppeteer-core/lib/esm/puppeteer/api/Page.js:567:20)
    at <anonymous> (/Users/grins/git/warcraft/wow-bis/scripts/process-quest-levels.ts:191:24)
    at fetchQuestRequiredLevel (/Users/grins/git/warcraft/wow-bis/scripts/process-quest-levels.ts:182:33)
    at processTicksAndRejections (native:7:39)
Full Error: {}
---
[2025-11-03T02:21:41.581Z] ERROR: Error fetching quest 7065 (attempt 4)
Message: Attempted to use detached Frame '03DAD367655A18147D7AE5A08EAEAA20'.
Stack: Error: Attempted to use detached Frame '03DAD367655A18147D7AE5A08EAEAA20'.
    at <anonymous> (/Users/grins/git/warcraft/wow-bis/node_modules/.pnpm/puppeteer-core@24.25.0/node_modules/puppeteer-core/lib/esm/puppeteer/util/decorators.js:99:27)
    at <anonymous> (/Users/grins/git/warcraft/wow-bis/node_modules/.pnpm/puppeteer-core@24.25.0/node_modules/puppeteer-core/lib/esm/puppeteer/api/Page.js:568:43)
    at goto (/Users/grins/git/warcraft/wow-bis/node_modules/.pnpm/puppeteer-core@24.25.0/node_modules/puppeteer-core/lib/esm/puppeteer/api/Page.js:567:20)
    at <anonymous> (/Users/grins/git/warcraft/wow-bis/scripts/process-quest-levels.ts:191:24)
    at fetchQuestRequiredLevel (/Users/grins/git/warcraft/wow-bis/scripts/process-quest-levels.ts:182:33)
    at processTicksAndRejections (native:7:39)
Full Error: {}
---
[2025-11-03T02:21:43.583Z] ERROR: Error fetching quest 7847 (attempt 1)
Message: Attempted to use detached Frame '03DAD367655A18147D7AE5A08EAEAA20'.
Stack: Error: Attempted to use detached Frame '03DAD367655A18147D7AE5A08EAEAA20'.
    at <anonymous> (/Users/grins/git/warcraft/wow-bis/node_modules/.pnpm/puppeteer-core@24.25.0/node_modules/puppeteer-core/lib/esm/puppeteer/util/decorators.js:99:27)
    at <anonymous> (/Users/grins/git/warcraft/wow-bis/node_modules/.pnpm/puppeteer-core@24.25.0/node_modules/puppeteer-core/lib/esm/puppeteer/api/Page.js:568:43)
    at goto (/Users/grins/git/warcraft/wow-bis/node_modules/.pnpm/puppeteer-core@24.25.0/node_modules/puppeteer-core/lib/esm/puppeteer/api/Page.js:567:20)
    at <anonymous> (/Users/grins/git/warcraft/wow-bis/scripts/process-quest-levels.ts:191:24)
    at fetchQuestRequiredLevel (/Users/grins/git/warcraft/wow-bis/scripts/process-quest-levels.ts:182:33)
    at <anonymous> (/Users/grins/git/warcraft/wow-bis/scripts/process-quest-levels.ts:386:42)
    at processTicksAndRejections (native:7:39)
Full Error: {}
---
[2025-11-03T02:21:48.587Z] ERROR: Error fetching quest 7847 (attempt 2)
Message: Attempted to use detached Frame '03DAD367655A18147D7AE5A08EAEAA20'.
Stack: Error: Attempted to use detached Frame '03DAD367655A18147D7AE5A08EAEAA20'.
    at <anonymous> (/Users/grins/git/warcraft/wow-bis/node_modules/.pnpm/puppeteer-core@24.25.0/node_modules/puppeteer-core/lib/esm/puppeteer/util/decorators.js:99:27)
    at <anonymous> (/Users/grins/git/warcraft/wow-bis/node_modules/.pnpm/puppeteer-core@24.25.0/node_modules/puppeteer-core/lib/esm/puppeteer/api/Page.js:568:43)
    at goto (/Users/grins/git/warcraft/wow-bis/node_modules/.pnpm/puppeteer-core@24.25.0/node_modules/puppeteer-core/lib/esm/puppeteer/api/Page.js:567:20)
    at <anonymous> (/Users/grins/git/warcraft/wow-bis/scripts/process-quest-levels.ts:191:24)
    at fetchQuestRequiredLevel (/Users/grins/git/warcraft/wow-bis/scripts/process-quest-levels.ts:182:33)
    at processTicksAndRejections (native:7:39)
Full Error: {}
---
[2025-11-03T02:21:55.590Z] ERROR: Error fetching quest 7847 (attempt 3)
Message: Attempted to use detached Frame '03DAD367655A18147D7AE5A08EAEAA20'.
Stack: Error: Attempted to use detached Frame '03DAD367655A18147D7AE5A08EAEAA20'.
    at <anonymous> (/Users/grins/git/warcraft/wow-bis/node_modules/.pnpm/puppeteer-core@24.25.0/node_modules/puppeteer-core/lib/esm/puppeteer/util/decorators.js:99:27)
    at <anonymous> (/Users/grins/git/warcraft/wow-bis/node_modules/.pnpm/puppeteer-core@24.25.0/node_modules/puppeteer-core/lib/esm/puppeteer/api/Page.js:568:43)
    at goto (/Users/grins/git/warcraft/wow-bis/node_modules/.pnpm/puppeteer-core@24.25.0/node_modules/puppeteer-core/lib/esm/puppeteer/api/Page.js:567:20)
    at <anonymous> (/Users/grins/git/warcraft/wow-bis/scripts/process-quest-levels.ts:191:24)
    at fetchQuestRequiredLevel (/Users/grins/git/warcraft/wow-bis/scripts/process-quest-levels.ts:182:33)
    at processTicksAndRejections (native:7:39)
Full Error: {}
---
[2025-11-03T02:22:04.593Z] ERROR: Error fetching quest 7847 (attempt 4)
Message: Attempted to use detached Frame '03DAD367655A18147D7AE5A08EAEAA20'.
Stack: Error: Attempted to use detached Frame '03DAD367655A18147D7AE5A08EAEAA20'.
    at <anonymous> (/Users/grins/git/warcraft/wow-bis/node_modules/.pnpm/puppeteer-core@24.25.0/node_modules/puppeteer-core/lib/esm/puppeteer/util/decorators.js:99:27)
    at <anonymous> (/Users/grins/git/warcraft/wow-bis/node_modules/.pnpm/puppeteer-core@24.25.0/node_modules/puppeteer-core/lib/esm/puppeteer/api/Page.js:568:43)
    at goto (/Users/grins/git/warcraft/wow-bis/node_modules/.pnpm/puppeteer-core@24.25.0/node_modules/puppeteer-core/lib/esm/puppeteer/api/Page.js:567:20)
    at <anonymous> (/Users/grins/git/warcraft/wow-bis/scripts/process-quest-levels.ts:191:24)
    at fetchQuestRequiredLevel (/Users/grins/git/warcraft/wow-bis/scripts/process-quest-levels.ts:182:33)
    at processTicksAndRejections (native:7:39)
Full Error: {}
---
[2025-11-03T02:22:06.598Z] ERROR: Error fetching quest 8283 (attempt 1)
Message: Attempted to use detached Frame '03DAD367655A18147D7AE5A08EAEAA20'.
Stack: Error: Attempted to use detached Frame '03DAD367655A18147D7AE5A08EAEAA20'.
    at <anonymous> (/Users/grins/git/warcraft/wow-bis/node_modules/.pnpm/puppeteer-core@24.25.0/node_modules/puppeteer-core/lib/esm/puppeteer/util/decorators.js:99:27)
    at <anonymous> (/Users/grins/git/warcraft/wow-bis/node_modules/.pnpm/puppeteer-core@24.25.0/node_modules/puppeteer-core/lib/esm/puppeteer/api/Page.js:568:43)
    at goto (/Users/grins/git/warcraft/wow-bis/node_modules/.pnpm/puppeteer-core@24.25.0/node_modules/puppeteer-core/lib/esm/puppeteer/api/Page.js:567:20)
    at <anonymous> (/Users/grins/git/warcraft/wow-bis/scripts/process-quest-levels.ts:191:24)
    at fetchQuestRequiredLevel (/Users/grins/git/warcraft/wow-bis/scripts/process-quest-levels.ts:182:33)
    at <anonymous> (/Users/grins/git/warcraft/wow-bis/scripts/process-quest-levels.ts:386:42)
    at processTicksAndRejections (native:7:39)
Full Error: {}
---
[2025-11-03T02:22:11.602Z] ERROR: Error fetching quest 8283 (attempt 2)
Message: Attempted to use detached Frame '03DAD367655A18147D7AE5A08EAEAA20'.
Stack: Error: Attempted to use detached Frame '03DAD367655A18147D7AE5A08EAEAA20'.
    at <anonymous> (/Users/grins/git/warcraft/wow-bis/node_modules/.pnpm/puppeteer-core@24.25.0/node_modules/puppeteer-core/lib/esm/puppeteer/util/decorators.js:99:27)
    at <anonymous> (/Users/grins/git/warcraft/wow-bis/node_modules/.pnpm/puppeteer-core@24.25.0/node_modules/puppeteer-core/lib/esm/puppeteer/api/Page.js:568:43)
    at goto (/Users/grins/git/warcraft/wow-bis/node_modules/.pnpm/puppeteer-core@24.25.0/node_modules/puppeteer-core/lib/esm/puppeteer/api/Page.js:567:20)
    at <anonymous> (/Users/grins/git/warcraft/wow-bis/scripts/process-quest-levels.ts:191:24)
    at fetchQuestRequiredLevel (/Users/grins/git/warcraft/wow-bis/scripts/process-quest-levels.ts:182:33)
    at processTicksAndRejections (native:7:39)
Full Error: {}
---
[2025-11-03T02:22:18.604Z] ERROR: Error fetching quest 8283 (attempt 3)
Message: Attempted to use detached Frame '03DAD367655A18147D7AE5A08EAEAA20'.
Stack: Error: Attempted to use detached Frame '03DAD367655A18147D7AE5A08EAEAA20'.
    at <anonymous> (/Users/grins/git/warcraft/wow-bis/node_modules/.pnpm/puppeteer-core@24.25.0/node_modules/puppeteer-core/lib/esm/puppeteer/util/decorators.js:99:27)
    at <anonymous> (/Users/grins/git/warcraft/wow-bis/node_modules/.pnpm/puppeteer-core@24.25.0/node_modules/puppeteer-core/lib/esm/puppeteer/api/Page.js:568:43)
    at goto (/Users/grins/git/warcraft/wow-bis/node_modules/.pnpm/puppeteer-core@24.25.0/node_modules/puppeteer-core/lib/esm/puppeteer/api/Page.js:567:20)
    at <anonymous> (/Users/grins/git/warcraft/wow-bis/scripts/process-quest-levels.ts:191:24)
    at fetchQuestRequiredLevel (/Users/grins/git/warcraft/wow-bis/scripts/process-quest-levels.ts:182:33)
    at processTicksAndRejections (native:7:39)
Full Error: {}
---
[2025-11-03T02:22:27.607Z] ERROR: Error fetching quest 8283 (attempt 4)
Message: Attempted to use detached Frame '03DAD367655A18147D7AE5A08EAEAA20'.
Stack: Error: Attempted to use detached Frame '03DAD367655A18147D7AE5A08EAEAA20'.
    at <anonymous> (/Users/grins/git/warcraft/wow-bis/node_modules/.pnpm/puppeteer-core@24.25.0/node_modules/puppeteer-core/lib/esm/puppeteer/util/decorators.js:99:27)
    at <anonymous> (/Users/grins/git/warcraft/wow-bis/node_modules/.pnpm/puppeteer-core@24.25.0/node_modules/puppeteer-core/lib/esm/puppeteer/api/Page.js:568:43)
    at goto (/Users/grins/git/warcraft/wow-bis/node_modules/.pnpm/puppeteer-core@24.25.0/node_modules/puppeteer-core/lib/esm/puppeteer/api/Page.js:567:20)
    at <anonymous> (/Users/grins/git/warcraft/wow-bis/scripts/process-quest-levels.ts:191:24)
    at fetchQuestRequiredLevel (/Users/grins/git/warcraft/wow-bis/scripts/process-quest-levels.ts:182:33)
    at processTicksAndRejections (native:7:39)
Full Error: {}
---
[2025-11-03T02:22:31.616Z] ERROR: Error fetching quest 80393 (attempt 1)
Message: Attempted to use detached Frame '03DAD367655A18147D7AE5A08EAEAA20'.
Stack: Error: Attempted to use detached Frame '03DAD367655A18147D7AE5A08EAEAA20'.
    at <anonymous> (/Users/grins/git/warcraft/wow-bis/node_modules/.pnpm/puppeteer-core@24.25.0/node_modules/puppeteer-core/lib/esm/puppeteer/util/decorators.js:99:27)
    at <anonymous> (/Users/grins/git/warcraft/wow-bis/node_modules/.pnpm/puppeteer-core@24.25.0/node_modules/puppeteer-core/lib/esm/puppeteer/api/Page.js:568:43)
    at goto (/Users/grins/git/warcraft/wow-bis/node_modules/.pnpm/puppeteer-core@24.25.0/node_modules/puppeteer-core/lib/esm/puppeteer/api/Page.js:567:20)
    at <anonymous> (/Users/grins/git/warcraft/wow-bis/scripts/process-quest-levels.ts:191:24)
    at fetchQuestRequiredLevel (/Users/grins/git/warcraft/wow-bis/scripts/process-quest-levels.ts:182:33)
    at <anonymous> (/Users/grins/git/warcraft/wow-bis/scripts/process-quest-levels.ts:386:42)
    at processTicksAndRejections (native:7:39)
Full Error: {}
---
[2025-11-03T02:22:36.620Z] ERROR: Error fetching quest 80393 (attempt 2)
Message: Attempted to use detached Frame '03DAD367655A18147D7AE5A08EAEAA20'.
Stack: Error: Attempted to use detached Frame '03DAD367655A18147D7AE5A08EAEAA20'.
    at <anonymous> (/Users/grins/git/warcraft/wow-bis/node_modules/.pnpm/puppeteer-core@24.25.0/node_modules/puppeteer-core/lib/esm/puppeteer/util/decorators.js:99:27)
    at <anonymous> (/Users/grins/git/warcraft/wow-bis/node_modules/.pnpm/puppeteer-core@24.25.0/node_modules/puppeteer-core/lib/esm/puppeteer/api/Page.js:568:43)
    at goto (/Users/grins/git/warcraft/wow-bis/node_modules/.pnpm/puppeteer-core@24.25.0/node_modules/puppeteer-core/lib/esm/puppeteer/api/Page.js:567:20)
    at <anonymous> (/Users/grins/git/warcraft/wow-bis/scripts/process-quest-levels.ts:191:24)
    at fetchQuestRequiredLevel (/Users/grins/git/warcraft/wow-bis/scripts/process-quest-levels.ts:182:33)
    at processTicksAndRejections (native:7:39)
Full Error: {}
---
[2025-11-03T02:22:43.623Z] ERROR: Error fetching quest 80393 (attempt 3)
Message: Attempted to use detached Frame '03DAD367655A18147D7AE5A08EAEAA20'.
Stack: Error: Attempted to use detached Frame '03DAD367655A18147D7AE5A08EAEAA20'.
    at <anonymous> (/Users/grins/git/warcraft/wow-bis/node_modules/.pnpm/puppeteer-core@24.25.0/node_modules/puppeteer-core/lib/esm/puppeteer/util/decorators.js:99:27)
    at <anonymous> (/Users/grins/git/warcraft/wow-bis/node_modules/.pnpm/puppeteer-core@24.25.0/node_modules/puppeteer-core/lib/esm/puppeteer/api/Page.js:568:43)
    at goto (/Users/grins/git/warcraft/wow-bis/node_modules/.pnpm/puppeteer-core@24.25.0/node_modules/puppeteer-core/lib/esm/puppeteer/api/Page.js:567:20)
    at <anonymous> (/Users/grins/git/warcraft/wow-bis/scripts/process-quest-levels.ts:191:24)
    at fetchQuestRequiredLevel (/Users/grins/git/warcraft/wow-bis/scripts/process-quest-levels.ts:182:33)
    at processTicksAndRejections (native:7:39)
Full Error: {}
---
[2025-11-03T02:22:52.627Z] ERROR: Error fetching quest 80393 (attempt 4)
Message: Attempted to use detached Frame '03DAD367655A18147D7AE5A08EAEAA20'.
Stack: Error: Attempted to use detached Frame '03DAD367655A18147D7AE5A08EAEAA20'.
    at <anonymous> (/Users/grins/git/warcraft/wow-bis/node_modules/.pnpm/puppeteer-core@24.25.0/node_modules/puppeteer-core/lib/esm/puppeteer/util/decorators.js:99:27)
    at <anonymous> (/Users/grins/git/warcraft/wow-bis/node_modules/.pnpm/puppeteer-core@24.25.0/node_modules/puppeteer-core/lib/esm/puppeteer/api/Page.js:568:43)
    at goto (/Users/grins/git/warcraft/wow-bis/node_modules/.pnpm/puppeteer-core@24.25.0/node_modules/puppeteer-core/lib/esm/puppeteer/api/Page.js:567:20)
    at <anonymous> (/Users/grins/git/warcraft/wow-bis/scripts/process-quest-levels.ts:191:24)
    at fetchQuestRequiredLevel (/Users/grins/git/warcraft/wow-bis/scripts/process-quest-levels.ts:182:33)
    at processTicksAndRejections (native:7:39)
Full Error: {}
---
[2025-11-03T02:22:54.633Z] ERROR: Error fetching quest 41646 (attempt 1)
Message: Attempted to use detached Frame '03DAD367655A18147D7AE5A08EAEAA20'.
Stack: Error: Attempted to use detached Frame '03DAD367655A18147D7AE5A08EAEAA20'.
    at <anonymous> (/Users/grins/git/warcraft/wow-bis/node_modules/.pnpm/puppeteer-core@24.25.0/node_modules/puppeteer-core/lib/esm/puppeteer/util/decorators.js:99:27)
    at <anonymous> (/Users/grins/git/warcraft/wow-bis/node_modules/.pnpm/puppeteer-core@24.25.0/node_modules/puppeteer-core/lib/esm/puppeteer/api/Page.js:568:43)
    at goto (/Users/grins/git/warcraft/wow-bis/node_modules/.pnpm/puppeteer-core@24.25.0/node_modules/puppeteer-core/lib/esm/puppeteer/api/Page.js:567:20)
    at <anonymous> (/Users/grins/git/warcraft/wow-bis/scripts/process-quest-levels.ts:191:24)
    at fetchQuestRequiredLevel (/Users/grins/git/warcraft/wow-bis/scripts/process-quest-levels.ts:182:33)
    at <anonymous> (/Users/grins/git/warcraft/wow-bis/scripts/process-quest-levels.ts:386:42)
    at processTicksAndRejections (native:7:39)
Full Error: {}
---
[2025-11-03T02:35:14.306Z] ERROR: Error fetching quest 41646 (attempt 2)
Message: Attempted to use detached Frame '03DAD367655A18147D7AE5A08EAEAA20'.
Stack: Error: Attempted to use detached Frame '03DAD367655A18147D7AE5A08EAEAA20'.
    at <anonymous> (/Users/grins/git/warcraft/wow-bis/node_modules/.pnpm/puppeteer-core@24.25.0/node_modules/puppeteer-core/lib/esm/puppeteer/util/decorators.js:99:27)
    at <anonymous> (/Users/grins/git/warcraft/wow-bis/node_modules/.pnpm/puppeteer-core@24.25.0/node_modules/puppeteer-core/lib/esm/puppeteer/api/Page.js:568:43)
    at goto (/Users/grins/git/warcraft/wow-bis/node_modules/.pnpm/puppeteer-core@24.25.0/node_modules/puppeteer-core/lib/esm/puppeteer/api/Page.js:567:20)
    at <anonymous> (/Users/grins/git/warcraft/wow-bis/scripts/process-quest-levels.ts:191:24)
    at fetchQuestRequiredLevel (/Users/grins/git/warcraft/wow-bis/scripts/process-quest-levels.ts:182:33)
    at processTicksAndRejections (native:7:39)
Full Error: {}
---
[2025-11-03T02:35:21.379Z] ERROR: Error fetching quest 41646 (attempt 3)
Message: Attempted to use detached Frame '03DAD367655A18147D7AE5A08EAEAA20'.
Stack: Error: Attempted to use detached Frame '03DAD367655A18147D7AE5A08EAEAA20'.
    at <anonymous> (/Users/grins/git/warcraft/wow-bis/node_modules/.pnpm/puppeteer-core@24.25.0/node_modules/puppeteer-core/lib/esm/puppeteer/util/decorators.js:99:27)
    at <anonymous> (/Users/grins/git/warcraft/wow-bis/node_modules/.pnpm/puppeteer-core@24.25.0/node_modules/puppeteer-core/lib/esm/puppeteer/api/Page.js:568:43)
    at goto (/Users/grins/git/warcraft/wow-bis/node_modules/.pnpm/puppeteer-core@24.25.0/node_modules/puppeteer-core/lib/esm/puppeteer/api/Page.js:567:20)
    at <anonymous> (/Users/grins/git/warcraft/wow-bis/scripts/process-quest-levels.ts:191:24)
    at fetchQuestRequiredLevel (/Users/grins/git/warcraft/wow-bis/scripts/process-quest-levels.ts:182:33)
    at processTicksAndRejections (native:7:39)
Full Error: {}
---
[2025-11-03T02:35:30.385Z] ERROR: Error fetching quest 41646 (attempt 4)
Message: Attempted to use detached Frame '03DAD367655A18147D7AE5A08EAEAA20'.
Stack: Error: Attempted to use detached Frame '03DAD367655A18147D7AE5A08EAEAA20'.
    at <anonymous> (/Users/grins/git/warcraft/wow-bis/node_modules/.pnpm/puppeteer-core@24.25.0/node_modules/puppeteer-core/lib/esm/puppeteer/util/decorators.js:99:27)
    at <anonymous> (/Users/grins/git/warcraft/wow-bis/node_modules/.pnpm/puppeteer-core@24.25.0/node_modules/puppeteer-core/lib/esm/puppeteer/api/Page.js:568:43)
    at goto (/Users/grins/git/warcraft/wow-bis/node_modules/.pnpm/puppeteer-core@24.25.0/node_modules/puppeteer-core/lib/esm/puppeteer/api/Page.js:567:20)
    at <anonymous> (/Users/grins/git/warcraft/wow-bis/scripts/process-quest-levels.ts:191:24)
    at fetchQuestRequiredLevel (/Users/grins/git/warcraft/wow-bis/scripts/process-quest-levels.ts:182:33)
    at processTicksAndRejections (native:7:39)
Full Error: {}
---
[2025-11-03T02:35:32.388Z] ERROR: Error fetching quest 40226 (attempt 1)
Message: Attempted to use detached Frame '03DAD367655A18147D7AE5A08EAEAA20'.
Stack: Error: Attempted to use detached Frame '03DAD367655A18147D7AE5A08EAEAA20'.
    at <anonymous> (/Users/grins/git/warcraft/wow-bis/node_modules/.pnpm/puppeteer-core@24.25.0/node_modules/puppeteer-core/lib/esm/puppeteer/util/decorators.js:99:27)
    at <anonymous> (/Users/grins/git/warcraft/wow-bis/node_modules/.pnpm/puppeteer-core@24.25.0/node_modules/puppeteer-core/lib/esm/puppeteer/api/Page.js:568:43)
    at goto (/Users/grins/git/warcraft/wow-bis/node_modules/.pnpm/puppeteer-core@24.25.0/node_modules/puppeteer-core/lib/esm/puppeteer/api/Page.js:567:20)
    at <anonymous> (/Users/grins/git/warcraft/wow-bis/scripts/process-quest-levels.ts:191:24)
    at fetchQuestRequiredLevel (/Users/grins/git/warcraft/wow-bis/scripts/process-quest-levels.ts:182:33)
    at <anonymous> (/Users/grins/git/warcraft/wow-bis/scripts/process-quest-levels.ts:386:42)
    at processTicksAndRejections (native:7:39)
Full Error: {}
---
[2025-11-03T02:35:37.392Z] ERROR: Error fetching quest 40226 (attempt 2)
Message: Attempted to use detached Frame '03DAD367655A18147D7AE5A08EAEAA20'.
Stack: Error: Attempted to use detached Frame '03DAD367655A18147D7AE5A08EAEAA20'.
    at <anonymous> (/Users/grins/git/warcraft/wow-bis/node_modules/.pnpm/puppeteer-core@24.25.0/node_modules/puppeteer-core/lib/esm/puppeteer/util/decorators.js:99:27)
    at <anonymous> (/Users/grins/git/warcraft/wow-bis/node_modules/.pnpm/puppeteer-core@24.25.0/node_modules/puppeteer-core/lib/esm/puppeteer/api/Page.js:568:43)
    at goto (/Users/grins/git/warcraft/wow-bis/node_modules/.pnpm/puppeteer-core@24.25.0/node_modules/puppeteer-core/lib/esm/puppeteer/api/Page.js:567:20)
    at <anonymous> (/Users/grins/git/warcraft/wow-bis/scripts/process-quest-levels.ts:191:24)
    at fetchQuestRequiredLevel (/Users/grins/git/warcraft/wow-bis/scripts/process-quest-levels.ts:182:33)
    at processTicksAndRejections (native:7:39)
Full Error: {}
---
[2025-11-03T02:35:44.396Z] ERROR: Error fetching quest 40226 (attempt 3)
Message: Attempted to use detached Frame '03DAD367655A18147D7AE5A08EAEAA20'.
Stack: Error: Attempted to use detached Frame '03DAD367655A18147D7AE5A08EAEAA20'.
    at <anonymous> (/Users/grins/git/warcraft/wow-bis/node_modules/.pnpm/puppeteer-core@24.25.0/node_modules/puppeteer-core/lib/esm/puppeteer/util/decorators.js:99:27)
    at <anonymous> (/Users/grins/git/warcraft/wow-bis/node_modules/.pnpm/puppeteer-core@24.25.0/node_modules/puppeteer-core/lib/esm/puppeteer/api/Page.js:568:43)
    at goto (/Users/grins/git/warcraft/wow-bis/node_modules/.pnpm/puppeteer-core@24.25.0/node_modules/puppeteer-core/lib/esm/puppeteer/api/Page.js:567:20)
    at <anonymous> (/Users/grins/git/warcraft/wow-bis/scripts/process-quest-levels.ts:191:24)
    at fetchQuestRequiredLevel (/Users/grins/git/warcraft/wow-bis/scripts/process-quest-levels.ts:182:33)
    at processTicksAndRejections (native:7:39)
Full Error: {}
---
[2025-11-03T02:35:53.399Z] ERROR: Error fetching quest 40226 (attempt 4)
Message: Attempted to use detached Frame '03DAD367655A18147D7AE5A08EAEAA20'.
Stack: Error: Attempted to use detached Frame '03DAD367655A18147D7AE5A08EAEAA20'.
    at <anonymous> (/Users/grins/git/warcraft/wow-bis/node_modules/.pnpm/puppeteer-core@24.25.0/node_modules/puppeteer-core/lib/esm/puppeteer/util/decorators.js:99:27)
    at <anonymous> (/Users/grins/git/warcraft/wow-bis/node_modules/.pnpm/puppeteer-core@24.25.0/node_modules/puppeteer-core/lib/esm/puppeteer/api/Page.js:568:43)
    at goto (/Users/grins/git/warcraft/wow-bis/node_modules/.pnpm/puppeteer-core@24.25.0/node_modules/puppeteer-core/lib/esm/puppeteer/api/Page.js:567:20)
    at <anonymous> (/Users/grins/git/warcraft/wow-bis/scripts/process-quest-levels.ts:191:24)
    at fetchQuestRequiredLevel (/Users/grins/git/warcraft/wow-bis/scripts/process-quest-levels.ts:182:33)
    at processTicksAndRejections (native:7:39)
Full Error: {}
---
[2025-11-03T02:35:55.403Z] ERROR: Error fetching quest 40263 (attempt 1)
Message: Attempted to use detached Frame '03DAD367655A18147D7AE5A08EAEAA20'.
Stack: Error: Attempted to use detached Frame '03DAD367655A18147D7AE5A08EAEAA20'.
    at <anonymous> (/Users/grins/git/warcraft/wow-bis/node_modules/.pnpm/puppeteer-core@24.25.0/node_modules/puppeteer-core/lib/esm/puppeteer/util/decorators.js:99:27)
    at <anonymous> (/Users/grins/git/warcraft/wow-bis/node_modules/.pnpm/puppeteer-core@24.25.0/node_modules/puppeteer-core/lib/esm/puppeteer/api/Page.js:568:43)
    at goto (/Users/grins/git/warcraft/wow-bis/node_modules/.pnpm/puppeteer-core@24.25.0/node_modules/puppeteer-core/lib/esm/puppeteer/api/Page.js:567:20)
    at <anonymous> (/Users/grins/git/warcraft/wow-bis/scripts/process-quest-levels.ts:191:24)
    at fetchQuestRequiredLevel (/Users/grins/git/warcraft/wow-bis/scripts/process-quest-levels.ts:182:33)
    at <anonymous> (/Users/grins/git/warcraft/wow-bis/scripts/process-quest-levels.ts:386:42)
    at processTicksAndRejections (native:7:39)
Full Error: {}
---
[2025-11-03T02:36:00.404Z] ERROR: Error fetching quest 40263 (attempt 2)
Message: Attempted to use detached Frame '03DAD367655A18147D7AE5A08EAEAA20'.
Stack: Error: Attempted to use detached Frame '03DAD367655A18147D7AE5A08EAEAA20'.
    at <anonymous> (/Users/grins/git/warcraft/wow-bis/node_modules/.pnpm/puppeteer-core@24.25.0/node_modules/puppeteer-core/lib/esm/puppeteer/util/decorators.js:99:27)
    at <anonymous> (/Users/grins/git/warcraft/wow-bis/node_modules/.pnpm/puppeteer-core@24.25.0/node_modules/puppeteer-core/lib/esm/puppeteer/api/Page.js:568:43)
    at goto (/Users/grins/git/warcraft/wow-bis/node_modules/.pnpm/puppeteer-core@24.25.0/node_modules/puppeteer-core/lib/esm/puppeteer/api/Page.js:567:20)
    at <anonymous> (/Users/grins/git/warcraft/wow-bis/scripts/process-quest-levels.ts:191:24)
    at fetchQuestRequiredLevel (/Users/grins/git/warcraft/wow-bis/scripts/process-quest-levels.ts:182:33)
    at processTicksAndRejections (native:7:39)
Full Error: {}
---
[2025-11-03T02:36:07.408Z] ERROR: Error fetching quest 40263 (attempt 3)
Message: Attempted to use detached Frame '03DAD367655A18147D7AE5A08EAEAA20'.
Stack: Error: Attempted to use detached Frame '03DAD367655A18147D7AE5A08EAEAA20'.
    at <anonymous> (/Users/grins/git/warcraft/wow-bis/node_modules/.pnpm/puppeteer-core@24.25.0/node_modules/puppeteer-core/lib/esm/puppeteer/util/decorators.js:99:27)
    at <anonymous> (/Users/grins/git/warcraft/wow-bis/node_modules/.pnpm/puppeteer-core@24.25.0/node_modules/puppeteer-core/lib/esm/puppeteer/api/Page.js:568:43)
    at goto (/Users/grins/git/warcraft/wow-bis/node_modules/.pnpm/puppeteer-core@24.25.0/node_modules/puppeteer-core/lib/esm/puppeteer/api/Page.js:567:20)
    at <anonymous> (/Users/grins/git/warcraft/wow-bis/scripts/process-quest-levels.ts:191:24)
    at fetchQuestRequiredLevel (/Users/grins/git/warcraft/wow-bis/scripts/process-quest-levels.ts:182:33)
    at processTicksAndRejections (native:7:39)
Full Error: {}
---
[2025-11-03T02:36:16.411Z] ERROR: Error fetching quest 40263 (attempt 4)
Message: Attempted to use detached Frame '03DAD367655A18147D7AE5A08EAEAA20'.
Stack: Error: Attempted to use detached Frame '03DAD367655A18147D7AE5A08EAEAA20'.
    at <anonymous> (/Users/grins/git/warcraft/wow-bis/node_modules/.pnpm/puppeteer-core@24.25.0/node_modules/puppeteer-core/lib/esm/puppeteer/util/decorators.js:99:27)
    at <anonymous> (/Users/grins/git/warcraft/wow-bis/node_modules/.pnpm/puppeteer-core@24.25.0/node_modules/puppeteer-core/lib/esm/puppeteer/api/Page.js:568:43)
    at goto (/Users/grins/git/warcraft/wow-bis/node_modules/.pnpm/puppeteer-core@24.25.0/node_modules/puppeteer-core/lib/esm/puppeteer/api/Page.js:567:20)
    at <anonymous> (/Users/grins/git/warcraft/wow-bis/scripts/process-quest-levels.ts:191:24)
    at fetchQuestRequiredLevel (/Users/grins/git/warcraft/wow-bis/scripts/process-quest-levels.ts:182:33)
    at processTicksAndRejections (native:7:39)
Full Error: {}
---
[2025-11-03T02:36:18.416Z] ERROR: Error fetching quest 40806 (attempt 1)
Message: Attempted to use detached Frame '03DAD367655A18147D7AE5A08EAEAA20'.
Stack: Error: Attempted to use detached Frame '03DAD367655A18147D7AE5A08EAEAA20'.
    at <anonymous> (/Users/grins/git/warcraft/wow-bis/node_modules/.pnpm/puppeteer-core@24.25.0/node_modules/puppeteer-core/lib/esm/puppeteer/util/decorators.js:99:27)
    at <anonymous> (/Users/grins/git/warcraft/wow-bis/node_modules/.pnpm/puppeteer-core@24.25.0/node_modules/puppeteer-core/lib/esm/puppeteer/api/Page.js:568:43)
    at goto (/Users/grins/git/warcraft/wow-bis/node_modules/.pnpm/puppeteer-core@24.25.0/node_modules/puppeteer-core/lib/esm/puppeteer/api/Page.js:567:20)
    at <anonymous> (/Users/grins/git/warcraft/wow-bis/scripts/process-quest-levels.ts:191:24)
    at fetchQuestRequiredLevel (/Users/grins/git/warcraft/wow-bis/scripts/process-quest-levels.ts:182:33)
    at <anonymous> (/Users/grins/git/warcraft/wow-bis/scripts/process-quest-levels.ts:386:42)
    at processTicksAndRejections (native:7:39)
Full Error: {}
---
[2025-11-03T02:36:23.419Z] ERROR: Error fetching quest 40806 (attempt 2)
Message: Attempted to use detached Frame '03DAD367655A18147D7AE5A08EAEAA20'.
Stack: Error: Attempted to use detached Frame '03DAD367655A18147D7AE5A08EAEAA20'.
    at <anonymous> (/Users/grins/git/warcraft/wow-bis/node_modules/.pnpm/puppeteer-core@24.25.0/node_modules/puppeteer-core/lib/esm/puppeteer/util/decorators.js:99:27)
    at <anonymous> (/Users/grins/git/warcraft/wow-bis/node_modules/.pnpm/puppeteer-core@24.25.0/node_modules/puppeteer-core/lib/esm/puppeteer/api/Page.js:568:43)
    at goto (/Users/grins/git/warcraft/wow-bis/node_modules/.pnpm/puppeteer-core@24.25.0/node_modules/puppeteer-core/lib/esm/puppeteer/api/Page.js:567:20)
    at <anonymous> (/Users/grins/git/warcraft/wow-bis/scripts/process-quest-levels.ts:191:24)
    at fetchQuestRequiredLevel (/Users/grins/git/warcraft/wow-bis/scripts/process-quest-levels.ts:182:33)
    at processTicksAndRejections (native:7:39)
Full Error: {}
---
[2025-11-03T02:36:30.421Z] ERROR: Error fetching quest 40806 (attempt 3)
Message: Attempted to use detached Frame '03DAD367655A18147D7AE5A08EAEAA20'.
Stack: Error: Attempted to use detached Frame '03DAD367655A18147D7AE5A08EAEAA20'.
    at <anonymous> (/Users/grins/git/warcraft/wow-bis/node_modules/.pnpm/puppeteer-core@24.25.0/node_modules/puppeteer-core/lib/esm/puppeteer/util/decorators.js:99:27)
    at <anonymous> (/Users/grins/git/warcraft/wow-bis/node_modules/.pnpm/puppeteer-core@24.25.0/node_modules/puppeteer-core/lib/esm/puppeteer/api/Page.js:568:43)
    at goto (/Users/grins/git/warcraft/wow-bis/node_modules/.pnpm/puppeteer-core@24.25.0/node_modules/puppeteer-core/lib/esm/puppeteer/api/Page.js:567:20)
    at <anonymous> (/Users/grins/git/warcraft/wow-bis/scripts/process-quest-levels.ts:191:24)
    at fetchQuestRequiredLevel (/Users/grins/git/warcraft/wow-bis/scripts/process-quest-levels.ts:182:33)
    at processTicksAndRejections (native:7:39)
Full Error: {}
---
[2025-11-03T02:36:39.424Z] ERROR: Error fetching quest 40806 (attempt 4)
Message: Attempted to use detached Frame '03DAD367655A18147D7AE5A08EAEAA20'.
Stack: Error: Attempted to use detached Frame '03DAD367655A18147D7AE5A08EAEAA20'.
    at <anonymous> (/Users/grins/git/warcraft/wow-bis/node_modules/.pnpm/puppeteer-core@24.25.0/node_modules/puppeteer-core/lib/esm/puppeteer/util/decorators.js:99:27)
    at <anonymous> (/Users/grins/git/warcraft/wow-bis/node_modules/.pnpm/puppeteer-core@24.25.0/node_modules/puppeteer-core/lib/esm/puppeteer/api/Page.js:568:43)
    at goto (/Users/grins/git/warcraft/wow-bis/node_modules/.pnpm/puppeteer-core@24.25.0/node_modules/puppeteer-core/lib/esm/puppeteer/api/Page.js:567:20)
    at <anonymous> (/Users/grins/git/warcraft/wow-bis/scripts/process-quest-levels.ts:191:24)
    at fetchQuestRequiredLevel (/Users/grins/git/warcraft/wow-bis/scripts/process-quest-levels.ts:182:33)
    at processTicksAndRejections (native:7:39)
Full Error: {}
---
[2025-11-03T02:36:41.429Z] ERROR: Error fetching quest 40812 (attempt 1)
Message: Attempted to use detached Frame '03DAD367655A18147D7AE5A08EAEAA20'.
Stack: Error: Attempted to use detached Frame '03DAD367655A18147D7AE5A08EAEAA20'.
    at <anonymous> (/Users/grins/git/warcraft/wow-bis/node_modules/.pnpm/puppeteer-core@24.25.0/node_modules/puppeteer-core/lib/esm/puppeteer/util/decorators.js:99:27)
    at <anonymous> (/Users/grins/git/warcraft/wow-bis/node_modules/.pnpm/puppeteer-core@24.25.0/node_modules/puppeteer-core/lib/esm/puppeteer/api/Page.js:568:43)
    at goto (/Users/grins/git/warcraft/wow-bis/node_modules/.pnpm/puppeteer-core@24.25.0/node_modules/puppeteer-core/lib/esm/puppeteer/api/Page.js:567:20)
    at <anonymous> (/Users/grins/git/warcraft/wow-bis/scripts/process-quest-levels.ts:191:24)
    at fetchQuestRequiredLevel (/Users/grins/git/warcraft/wow-bis/scripts/process-quest-levels.ts:182:33)
    at <anonymous> (/Users/grins/git/warcraft/wow-bis/scripts/process-quest-levels.ts:386:42)
    at processTicksAndRejections (native:7:39)
Full Error: {}
---
[2025-11-03T02:36:46.430Z] ERROR: Error fetching quest 40812 (attempt 2)
Message: Attempted to use detached Frame '03DAD367655A18147D7AE5A08EAEAA20'.
Stack: Error: Attempted to use detached Frame '03DAD367655A18147D7AE5A08EAEAA20'.
    at <anonymous> (/Users/grins/git/warcraft/wow-bis/node_modules/.pnpm/puppeteer-core@24.25.0/node_modules/puppeteer-core/lib/esm/puppeteer/util/decorators.js:99:27)
    at <anonymous> (/Users/grins/git/warcraft/wow-bis/node_modules/.pnpm/puppeteer-core@24.25.0/node_modules/puppeteer-core/lib/esm/puppeteer/api/Page.js:568:43)
    at goto (/Users/grins/git/warcraft/wow-bis/node_modules/.pnpm/puppeteer-core@24.25.0/node_modules/puppeteer-core/lib/esm/puppeteer/api/Page.js:567:20)
    at <anonymous> (/Users/grins/git/warcraft/wow-bis/scripts/process-quest-levels.ts:191:24)
    at fetchQuestRequiredLevel (/Users/grins/git/warcraft/wow-bis/scripts/process-quest-levels.ts:182:33)
    at processTicksAndRejections (native:7:39)
Full Error: {}
---
[2025-11-03T02:36:53.434Z] ERROR: Error fetching quest 40812 (attempt 3)
Message: Attempted to use detached Frame '03DAD367655A18147D7AE5A08EAEAA20'.
Stack: Error: Attempted to use detached Frame '03DAD367655A18147D7AE5A08EAEAA20'.
    at <anonymous> (/Users/grins/git/warcraft/wow-bis/node_modules/.pnpm/puppeteer-core@24.25.0/node_modules/puppeteer-core/lib/esm/puppeteer/util/decorators.js:99:27)
    at <anonymous> (/Users/grins/git/warcraft/wow-bis/node_modules/.pnpm/puppeteer-core@24.25.0/node_modules/puppeteer-core/lib/esm/puppeteer/api/Page.js:568:43)
    at goto (/Users/grins/git/warcraft/wow-bis/node_modules/.pnpm/puppeteer-core@24.25.0/node_modules/puppeteer-core/lib/esm/puppeteer/api/Page.js:567:20)
    at <anonymous> (/Users/grins/git/warcraft/wow-bis/scripts/process-quest-levels.ts:191:24)
    at fetchQuestRequiredLevel (/Users/grins/git/warcraft/wow-bis/scripts/process-quest-levels.ts:182:33)
    at processTicksAndRejections (native:7:39)
Full Error: {}
---
[2025-11-03T02:37:02.436Z] ERROR: Error fetching quest 40812 (attempt 4)
Message: Attempted to use detached Frame '03DAD367655A18147D7AE5A08EAEAA20'.
Stack: Error: Attempted to use detached Frame '03DAD367655A18147D7AE5A08EAEAA20'.
    at <anonymous> (/Users/grins/git/warcraft/wow-bis/node_modules/.pnpm/puppeteer-core@24.25.0/node_modules/puppeteer-core/lib/esm/puppeteer/util/decorators.js:99:27)
    at <anonymous> (/Users/grins/git/warcraft/wow-bis/node_modules/.pnpm/puppeteer-core@24.25.0/node_modules/puppeteer-core/lib/esm/puppeteer/api/Page.js:568:43)
    at goto (/Users/grins/git/warcraft/wow-bis/node_modules/.pnpm/puppeteer-core@24.25.0/node_modules/puppeteer-core/lib/esm/puppeteer/api/Page.js:567:20)
    at <anonymous> (/Users/grins/git/warcraft/wow-bis/scripts/process-quest-levels.ts:191:24)
    at fetchQuestRequiredLevel (/Users/grins/git/warcraft/wow-bis/scripts/process-quest-levels.ts:182:33)
    at processTicksAndRejections (native:7:39)
Full Error: {}
---
[2025-11-03T02:37:04.440Z] ERROR: Error fetching quest 835 (attempt 1)
Message: Attempted to use detached Frame '03DAD367655A18147D7AE5A08EAEAA20'.
Stack: Error: Attempted to use detached Frame '03DAD367655A18147D7AE5A08EAEAA20'.
    at <anonymous> (/Users/grins/git/warcraft/wow-bis/node_modules/.pnpm/puppeteer-core@24.25.0/node_modules/puppeteer-core/lib/esm/puppeteer/util/decorators.js:99:27)
    at <anonymous> (/Users/grins/git/warcraft/wow-bis/node_modules/.pnpm/puppeteer-core@24.25.0/node_modules/puppeteer-core/lib/esm/puppeteer/api/Page.js:568:43)
    at goto (/Users/grins/git/warcraft/wow-bis/node_modules/.pnpm/puppeteer-core@24.25.0/node_modules/puppeteer-core/lib/esm/puppeteer/api/Page.js:567:20)
    at <anonymous> (/Users/grins/git/warcraft/wow-bis/scripts/process-quest-levels.ts:191:24)
    at fetchQuestRequiredLevel (/Users/grins/git/warcraft/wow-bis/scripts/process-quest-levels.ts:182:33)
    at <anonymous> (/Users/grins/git/warcraft/wow-bis/scripts/process-quest-levels.ts:386:42)
    at processTicksAndRejections (native:7:39)
Full Error: {}
---
[2025-11-03T02:37:09.444Z] ERROR: Error fetching quest 835 (attempt 2)
Message: Attempted to use detached Frame '03DAD367655A18147D7AE5A08EAEAA20'.
Stack: Error: Attempted to use detached Frame '03DAD367655A18147D7AE5A08EAEAA20'.
    at <anonymous> (/Users/grins/git/warcraft/wow-bis/node_modules/.pnpm/puppeteer-core@24.25.0/node_modules/puppeteer-core/lib/esm/puppeteer/util/decorators.js:99:27)
    at <anonymous> (/Users/grins/git/warcraft/wow-bis/node_modules/.pnpm/puppeteer-core@24.25.0/node_modules/puppeteer-core/lib/esm/puppeteer/api/Page.js:568:43)
    at goto (/Users/grins/git/warcraft/wow-bis/node_modules/.pnpm/puppeteer-core@24.25.0/node_modules/puppeteer-core/lib/esm/puppeteer/api/Page.js:567:20)
    at <anonymous> (/Users/grins/git/warcraft/wow-bis/scripts/process-quest-levels.ts:191:24)
    at fetchQuestRequiredLevel (/Users/grins/git/warcraft/wow-bis/scripts/process-quest-levels.ts:182:33)
    at processTicksAndRejections (native:7:39)
Full Error: {}
---
[2025-11-03T02:37:16.447Z] ERROR: Error fetching quest 835 (attempt 3)
Message: Attempted to use detached Frame '03DAD367655A18147D7AE5A08EAEAA20'.
Stack: Error: Attempted to use detached Frame '03DAD367655A18147D7AE5A08EAEAA20'.
    at <anonymous> (/Users/grins/git/warcraft/wow-bis/node_modules/.pnpm/puppeteer-core@24.25.0/node_modules/puppeteer-core/lib/esm/puppeteer/util/decorators.js:99:27)
    at <anonymous> (/Users/grins/git/warcraft/wow-bis/node_modules/.pnpm/puppeteer-core@24.25.0/node_modules/puppeteer-core/lib/esm/puppeteer/api/Page.js:568:43)
    at goto (/Users/grins/git/warcraft/wow-bis/node_modules/.pnpm/puppeteer-core@24.25.0/node_modules/puppeteer-core/lib/esm/puppeteer/api/Page.js:567:20)
    at <anonymous> (/Users/grins/git/warcraft/wow-bis/scripts/process-quest-levels.ts:191:24)
    at fetchQuestRequiredLevel (/Users/grins/git/warcraft/wow-bis/scripts/process-quest-levels.ts:182:33)
    at processTicksAndRejections (native:7:39)
Full Error: {}
---
[2025-11-03T02:37:25.451Z] ERROR: Error fetching quest 835 (attempt 4)
Message: Attempted to use detached Frame '03DAD367655A18147D7AE5A08EAEAA20'.
Stack: Error: Attempted to use detached Frame '03DAD367655A18147D7AE5A08EAEAA20'.
    at <anonymous> (/Users/grins/git/warcraft/wow-bis/node_modules/.pnpm/puppeteer-core@24.25.0/node_modules/puppeteer-core/lib/esm/puppeteer/util/decorators.js:99:27)
    at <anonymous> (/Users/grins/git/warcraft/wow-bis/node_modules/.pnpm/puppeteer-core@24.25.0/node_modules/puppeteer-core/lib/esm/puppeteer/api/Page.js:568:43)
    at goto (/Users/grins/git/warcraft/wow-bis/node_modules/.pnpm/puppeteer-core@24.25.0/node_modules/puppeteer-core/lib/esm/puppeteer/api/Page.js:567:20)
    at <anonymous> (/Users/grins/git/warcraft/wow-bis/scripts/process-quest-levels.ts:191:24)
    at fetchQuestRequiredLevel (/Users/grins/git/warcraft/wow-bis/scripts/process-quest-levels.ts:182:33)
    at processTicksAndRejections (native:7:39)
Full Error: {}
---
[2025-11-03T02:37:27.455Z] ERROR: Error fetching quest 935 (attempt 1)
Message: Attempted to use detached Frame '03DAD367655A18147D7AE5A08EAEAA20'.
Stack: Error: Attempted to use detached Frame '03DAD367655A18147D7AE5A08EAEAA20'.
    at <anonymous> (/Users/grins/git/warcraft/wow-bis/node_modules/.pnpm/puppeteer-core@24.25.0/node_modules/puppeteer-core/lib/esm/puppeteer/util/decorators.js:99:27)
    at <anonymous> (/Users/grins/git/warcraft/wow-bis/node_modules/.pnpm/puppeteer-core@24.25.0/node_modules/puppeteer-core/lib/esm/puppeteer/api/Page.js:568:43)
    at goto (/Users/grins/git/warcraft/wow-bis/node_modules/.pnpm/puppeteer-core@24.25.0/node_modules/puppeteer-core/lib/esm/puppeteer/api/Page.js:567:20)
    at <anonymous> (/Users/grins/git/warcraft/wow-bis/scripts/process-quest-levels.ts:191:24)
    at fetchQuestRequiredLevel (/Users/grins/git/warcraft/wow-bis/scripts/process-quest-levels.ts:182:33)
    at <anonymous> (/Users/grins/git/warcraft/wow-bis/scripts/process-quest-levels.ts:386:42)
    at processTicksAndRejections (native:7:39)
Full Error: {}
---
[2025-11-03T02:37:32.459Z] ERROR: Error fetching quest 935 (attempt 2)
Message: Attempted to use detached Frame '03DAD367655A18147D7AE5A08EAEAA20'.
Stack: Error: Attempted to use detached Frame '03DAD367655A18147D7AE5A08EAEAA20'.
    at <anonymous> (/Users/grins/git/warcraft/wow-bis/node_modules/.pnpm/puppeteer-core@24.25.0/node_modules/puppeteer-core/lib/esm/puppeteer/util/decorators.js:99:27)
    at <anonymous> (/Users/grins/git/warcraft/wow-bis/node_modules/.pnpm/puppeteer-core@24.25.0/node_modules/puppeteer-core/lib/esm/puppeteer/api/Page.js:568:43)
    at goto (/Users/grins/git/warcraft/wow-bis/node_modules/.pnpm/puppeteer-core@24.25.0/node_modules/puppeteer-core/lib/esm/puppeteer/api/Page.js:567:20)
    at <anonymous> (/Users/grins/git/warcraft/wow-bis/scripts/process-quest-levels.ts:191:24)
    at fetchQuestRequiredLevel (/Users/grins/git/warcraft/wow-bis/scripts/process-quest-levels.ts:182:33)
    at processTicksAndRejections (native:7:39)
Full Error: {}
---
[2025-11-03T02:37:39.463Z] ERROR: Error fetching quest 935 (attempt 3)
Message: Attempted to use detached Frame '03DAD367655A18147D7AE5A08EAEAA20'.
Stack: Error: Attempted to use detached Frame '03DAD367655A18147D7AE5A08EAEAA20'.
    at <anonymous> (/Users/grins/git/warcraft/wow-bis/node_modules/.pnpm/puppeteer-core@24.25.0/node_modules/puppeteer-core/lib/esm/puppeteer/util/decorators.js:99:27)
    at <anonymous> (/Users/grins/git/warcraft/wow-bis/node_modules/.pnpm/puppeteer-core@24.25.0/node_modules/puppeteer-core/lib/esm/puppeteer/api/Page.js:568:43)
    at goto (/Users/grins/git/warcraft/wow-bis/node_modules/.pnpm/puppeteer-core@24.25.0/node_modules/puppeteer-core/lib/esm/puppeteer/api/Page.js:567:20)
    at <anonymous> (/Users/grins/git/warcraft/wow-bis/scripts/process-quest-levels.ts:191:24)
    at fetchQuestRequiredLevel (/Users/grins/git/warcraft/wow-bis/scripts/process-quest-levels.ts:182:33)
    at processTicksAndRejections (native:7:39)
Full Error: {}
---
[2025-11-03T02:37:48.467Z] ERROR: Error fetching quest 935 (attempt 4)
Message: Attempted to use detached Frame '03DAD367655A18147D7AE5A08EAEAA20'.
Stack: Error: Attempted to use detached Frame '03DAD367655A18147D7AE5A08EAEAA20'.
    at <anonymous> (/Users/grins/git/warcraft/wow-bis/node_modules/.pnpm/puppeteer-core@24.25.0/node_modules/puppeteer-core/lib/esm/puppeteer/util/decorators.js:99:27)
    at <anonymous> (/Users/grins/git/warcraft/wow-bis/node_modules/.pnpm/puppeteer-core@24.25.0/node_modules/puppeteer-core/lib/esm/puppeteer/api/Page.js:568:43)
    at goto (/Users/grins/git/warcraft/wow-bis/node_modules/.pnpm/puppeteer-core@24.25.0/node_modules/puppeteer-core/lib/esm/puppeteer/api/Page.js:567:20)
    at <anonymous> (/Users/grins/git/warcraft/wow-bis/scripts/process-quest-levels.ts:191:24)
    at fetchQuestRequiredLevel (/Users/grins/git/warcraft/wow-bis/scripts/process-quest-levels.ts:182:33)
    at processTicksAndRejections (native:7:39)
Full Error: {}
---
[2025-11-03T02:37:52.473Z] ERROR: Error fetching quest 80204 (attempt 1)
Message: Attempted to use detached Frame '03DAD367655A18147D7AE5A08EAEAA20'.
Stack: Error: Attempted to use detached Frame '03DAD367655A18147D7AE5A08EAEAA20'.
    at <anonymous> (/Users/grins/git/warcraft/wow-bis/node_modules/.pnpm/puppeteer-core@24.25.0/node_modules/puppeteer-core/lib/esm/puppeteer/util/decorators.js:99:27)
    at <anonymous> (/Users/grins/git/warcraft/wow-bis/node_modules/.pnpm/puppeteer-core@24.25.0/node_modules/puppeteer-core/lib/esm/puppeteer/api/Page.js:568:43)
    at goto (/Users/grins/git/warcraft/wow-bis/node_modules/.pnpm/puppeteer-core@24.25.0/node_modules/puppeteer-core/lib/esm/puppeteer/api/Page.js:567:20)
    at <anonymous> (/Users/grins/git/warcraft/wow-bis/scripts/process-quest-levels.ts:191:24)
    at fetchQuestRequiredLevel (/Users/grins/git/warcraft/wow-bis/scripts/process-quest-levels.ts:182:33)
    at <anonymous> (/Users/grins/git/warcraft/wow-bis/scripts/process-quest-levels.ts:386:42)
    at processTicksAndRejections (native:7:39)
Full Error: {}
---
[2025-11-03T02:37:57.477Z] ERROR: Error fetching quest 80204 (attempt 2)
Message: Attempted to use detached Frame '03DAD367655A18147D7AE5A08EAEAA20'.
Stack: Error: Attempted to use detached Frame '03DAD367655A18147D7AE5A08EAEAA20'.
    at <anonymous> (/Users/grins/git/warcraft/wow-bis/node_modules/.pnpm/puppeteer-core@24.25.0/node_modules/puppeteer-core/lib/esm/puppeteer/util/decorators.js:99:27)
    at <anonymous> (/Users/grins/git/warcraft/wow-bis/node_modules/.pnpm/puppeteer-core@24.25.0/node_modules/puppeteer-core/lib/esm/puppeteer/api/Page.js:568:43)
    at goto (/Users/grins/git/warcraft/wow-bis/node_modules/.pnpm/puppeteer-core@24.25.0/node_modules/puppeteer-core/lib/esm/puppeteer/api/Page.js:567:20)
    at <anonymous> (/Users/grins/git/warcraft/wow-bis/scripts/process-quest-levels.ts:191:24)
    at fetchQuestRequiredLevel (/Users/grins/git/warcraft/wow-bis/scripts/process-quest-levels.ts:182:33)
    at processTicksAndRejections (native:7:39)
Full Error: {}
---
[2025-11-03T02:38:04.481Z] ERROR: Error fetching quest 80204 (attempt 3)
Message: Attempted to use detached Frame '03DAD367655A18147D7AE5A08EAEAA20'.
Stack: Error: Attempted to use detached Frame '03DAD367655A18147D7AE5A08EAEAA20'.
    at <anonymous> (/Users/grins/git/warcraft/wow-bis/node_modules/.pnpm/puppeteer-core@24.25.0/node_modules/puppeteer-core/lib/esm/puppeteer/util/decorators.js:99:27)
    at <anonymous> (/Users/grins/git/warcraft/wow-bis/node_modules/.pnpm/puppeteer-core@24.25.0/node_modules/puppeteer-core/lib/esm/puppeteer/api/Page.js:568:43)
    at goto (/Users/grins/git/warcraft/wow-bis/node_modules/.pnpm/puppeteer-core@24.25.0/node_modules/puppeteer-core/lib/esm/puppeteer/api/Page.js:567:20)
    at <anonymous> (/Users/grins/git/warcraft/wow-bis/scripts/process-quest-levels.ts:191:24)
    at fetchQuestRequiredLevel (/Users/grins/git/warcraft/wow-bis/scripts/process-quest-levels.ts:182:33)
    at processTicksAndRejections (native:7:39)
Full Error: {}
---
[2025-11-03T02:38:13.485Z] ERROR: Error fetching quest 80204 (attempt 4)
Message: Attempted to use detached Frame '03DAD367655A18147D7AE5A08EAEAA20'.
Stack: Error: Attempted to use detached Frame '03DAD367655A18147D7AE5A08EAEAA20'.
    at <anonymous> (/Users/grins/git/warcraft/wow-bis/node_modules/.pnpm/puppeteer-core@24.25.0/node_modules/puppeteer-core/lib/esm/puppeteer/util/decorators.js:99:27)
    at <anonymous> (/Users/grins/git/warcraft/wow-bis/node_modules/.pnpm/puppeteer-core@24.25.0/node_modules/puppeteer-core/lib/esm/puppeteer/api/Page.js:568:43)
    at goto (/Users/grins/git/warcraft/wow-bis/node_modules/.pnpm/puppeteer-core@24.25.0/node_modules/puppeteer-core/lib/esm/puppeteer/api/Page.js:567:20)
    at <anonymous> (/Users/grins/git/warcraft/wow-bis/scripts/process-quest-levels.ts:191:24)
    at fetchQuestRequiredLevel (/Users/grins/git/warcraft/wow-bis/scripts/process-quest-levels.ts:182:33)
    at processTicksAndRejections (native:7:39)
Full Error: {}
---
[2025-11-03T02:38:17.497Z] ERROR: Error fetching quest 40565 (attempt 1)
Message: Attempted to use detached Frame '03DAD367655A18147D7AE5A08EAEAA20'.
Stack: Error: Attempted to use detached Frame '03DAD367655A18147D7AE5A08EAEAA20'.
    at <anonymous> (/Users/grins/git/warcraft/wow-bis/node_modules/.pnpm/puppeteer-core@24.25.0/node_modules/puppeteer-core/lib/esm/puppeteer/util/decorators.js:99:27)
    at <anonymous> (/Users/grins/git/warcraft/wow-bis/node_modules/.pnpm/puppeteer-core@24.25.0/node_modules/puppeteer-core/lib/esm/puppeteer/api/Page.js:568:43)
    at goto (/Users/grins/git/warcraft/wow-bis/node_modules/.pnpm/puppeteer-core@24.25.0/node_modules/puppeteer-core/lib/esm/puppeteer/api/Page.js:567:20)
    at <anonymous> (/Users/grins/git/warcraft/wow-bis/scripts/process-quest-levels.ts:191:24)
    at fetchQuestRequiredLevel (/Users/grins/git/warcraft/wow-bis/scripts/process-quest-levels.ts:182:33)
    at <anonymous> (/Users/grins/git/warcraft/wow-bis/scripts/process-quest-levels.ts:386:42)
    at processTicksAndRejections (native:7:39)
Full Error: {}
---
[2025-11-03T02:38:22.501Z] ERROR: Error fetching quest 40565 (attempt 2)
Message: Attempted to use detached Frame '03DAD367655A18147D7AE5A08EAEAA20'.
Stack: Error: Attempted to use detached Frame '03DAD367655A18147D7AE5A08EAEAA20'.
    at <anonymous> (/Users/grins/git/warcraft/wow-bis/node_modules/.pnpm/puppeteer-core@24.25.0/node_modules/puppeteer-core/lib/esm/puppeteer/util/decorators.js:99:27)
    at <anonymous> (/Users/grins/git/warcraft/wow-bis/node_modules/.pnpm/puppeteer-core@24.25.0/node_modules/puppeteer-core/lib/esm/puppeteer/api/Page.js:568:43)
    at goto (/Users/grins/git/warcraft/wow-bis/node_modules/.pnpm/puppeteer-core@24.25.0/node_modules/puppeteer-core/lib/esm/puppeteer/api/Page.js:567:20)
    at <anonymous> (/Users/grins/git/warcraft/wow-bis/scripts/process-quest-levels.ts:191:24)
    at fetchQuestRequiredLevel (/Users/grins/git/warcraft/wow-bis/scripts/process-quest-levels.ts:182:33)
    at processTicksAndRejections (native:7:39)
Full Error: {}
---
[2025-11-03T02:38:29.503Z] ERROR: Error fetching quest 40565 (attempt 3)
Message: Attempted to use detached Frame '03DAD367655A18147D7AE5A08EAEAA20'.
Stack: Error: Attempted to use detached Frame '03DAD367655A18147D7AE5A08EAEAA20'.
    at <anonymous> (/Users/grins/git/warcraft/wow-bis/node_modules/.pnpm/puppeteer-core@24.25.0/node_modules/puppeteer-core/lib/esm/puppeteer/util/decorators.js:99:27)
    at <anonymous> (/Users/grins/git/warcraft/wow-bis/node_modules/.pnpm/puppeteer-core@24.25.0/node_modules/puppeteer-core/lib/esm/puppeteer/api/Page.js:568:43)
    at goto (/Users/grins/git/warcraft/wow-bis/node_modules/.pnpm/puppeteer-core@24.25.0/node_modules/puppeteer-core/lib/esm/puppeteer/api/Page.js:567:20)
    at <anonymous> (/Users/grins/git/warcraft/wow-bis/scripts/process-quest-levels.ts:191:24)
    at fetchQuestRequiredLevel (/Users/grins/git/warcraft/wow-bis/scripts/process-quest-levels.ts:182:33)
    at processTicksAndRejections (native:7:39)
Full Error: {}
---
[2025-11-03T02:38:38.507Z] ERROR: Error fetching quest 40565 (attempt 4)
Message: Attempted to use detached Frame '03DAD367655A18147D7AE5A08EAEAA20'.
Stack: Error: Attempted to use detached Frame '03DAD367655A18147D7AE5A08EAEAA20'.
    at <anonymous> (/Users/grins/git/warcraft/wow-bis/node_modules/.pnpm/puppeteer-core@24.25.0/node_modules/puppeteer-core/lib/esm/puppeteer/util/decorators.js:99:27)
    at <anonymous> (/Users/grins/git/warcraft/wow-bis/node_modules/.pnpm/puppeteer-core@24.25.0/node_modules/puppeteer-core/lib/esm/puppeteer/api/Page.js:568:43)
    at goto (/Users/grins/git/warcraft/wow-bis/node_modules/.pnpm/puppeteer-core@24.25.0/node_modules/puppeteer-core/lib/esm/puppeteer/api/Page.js:567:20)
    at <anonymous> (/Users/grins/git/warcraft/wow-bis/scripts/process-quest-levels.ts:191:24)
    at fetchQuestRequiredLevel (/Users/grins/git/warcraft/wow-bis/scripts/process-quest-levels.ts:182:33)
    at processTicksAndRejections (native:7:39)
Full Error: {}
---
[2025-11-03T02:38:40.511Z] ERROR: Error fetching quest 41038 (attempt 1)
Message: Attempted to use detached Frame '03DAD367655A18147D7AE5A08EAEAA20'.
Stack: Error: Attempted to use detached Frame '03DAD367655A18147D7AE5A08EAEAA20'.
    at <anonymous> (/Users/grins/git/warcraft/wow-bis/node_modules/.pnpm/puppeteer-core@24.25.0/node_modules/puppeteer-core/lib/esm/puppeteer/util/decorators.js:99:27)
    at <anonymous> (/Users/grins/git/warcraft/wow-bis/node_modules/.pnpm/puppeteer-core@24.25.0/node_modules/puppeteer-core/lib/esm/puppeteer/api/Page.js:568:43)
    at goto (/Users/grins/git/warcraft/wow-bis/node_modules/.pnpm/puppeteer-core@24.25.0/node_modules/puppeteer-core/lib/esm/puppeteer/api/Page.js:567:20)
    at <anonymous> (/Users/grins/git/warcraft/wow-bis/scripts/process-quest-levels.ts:191:24)
    at fetchQuestRequiredLevel (/Users/grins/git/warcraft/wow-bis/scripts/process-quest-levels.ts:182:33)
    at <anonymous> (/Users/grins/git/warcraft/wow-bis/scripts/process-quest-levels.ts:386:42)
    at processTicksAndRejections (native:7:39)
Full Error: {}
---
[2025-11-03T02:38:45.513Z] ERROR: Error fetching quest 41038 (attempt 2)
Message: Attempted to use detached Frame '03DAD367655A18147D7AE5A08EAEAA20'.
Stack: Error: Attempted to use detached Frame '03DAD367655A18147D7AE5A08EAEAA20'.
    at <anonymous> (/Users/grins/git/warcraft/wow-bis/node_modules/.pnpm/puppeteer-core@24.25.0/node_modules/puppeteer-core/lib/esm/puppeteer/util/decorators.js:99:27)
    at <anonymous> (/Users/grins/git/warcraft/wow-bis/node_modules/.pnpm/puppeteer-core@24.25.0/node_modules/puppeteer-core/lib/esm/puppeteer/api/Page.js:568:43)
    at goto (/Users/grins/git/warcraft/wow-bis/node_modules/.pnpm/puppeteer-core@24.25.0/node_modules/puppeteer-core/lib/esm/puppeteer/api/Page.js:567:20)
    at <anonymous> (/Users/grins/git/warcraft/wow-bis/scripts/process-quest-levels.ts:191:24)
    at fetchQuestRequiredLevel (/Users/grins/git/warcraft/wow-bis/scripts/process-quest-levels.ts:182:33)
    at processTicksAndRejections (native:7:39)
Full Error: {}
---
[2025-11-03T02:38:52.515Z] ERROR: Error fetching quest 41038 (attempt 3)
Message: Attempted to use detached Frame '03DAD367655A18147D7AE5A08EAEAA20'.
Stack: Error: Attempted to use detached Frame '03DAD367655A18147D7AE5A08EAEAA20'.
    at <anonymous> (/Users/grins/git/warcraft/wow-bis/node_modules/.pnpm/puppeteer-core@24.25.0/node_modules/puppeteer-core/lib/esm/puppeteer/util/decorators.js:99:27)
    at <anonymous> (/Users/grins/git/warcraft/wow-bis/node_modules/.pnpm/puppeteer-core@24.25.0/node_modules/puppeteer-core/lib/esm/puppeteer/api/Page.js:568:43)
    at goto (/Users/grins/git/warcraft/wow-bis/node_modules/.pnpm/puppeteer-core@24.25.0/node_modules/puppeteer-core/lib/esm/puppeteer/api/Page.js:567:20)
    at <anonymous> (/Users/grins/git/warcraft/wow-bis/scripts/process-quest-levels.ts:191:24)
    at fetchQuestRequiredLevel (/Users/grins/git/warcraft/wow-bis/scripts/process-quest-levels.ts:182:33)
    at processTicksAndRejections (native:7:39)
Full Error: {}
---
[2025-11-03T02:39:01.520Z] ERROR: Error fetching quest 41038 (attempt 4)
Message: Attempted to use detached Frame '03DAD367655A18147D7AE5A08EAEAA20'.
Stack: Error: Attempted to use detached Frame '03DAD367655A18147D7AE5A08EAEAA20'.
    at <anonymous> (/Users/grins/git/warcraft/wow-bis/node_modules/.pnpm/puppeteer-core@24.25.0/node_modules/puppeteer-core/lib/esm/puppeteer/util/decorators.js:99:27)
    at <anonymous> (/Users/grins/git/warcraft/wow-bis/node_modules/.pnpm/puppeteer-core@24.25.0/node_modules/puppeteer-core/lib/esm/puppeteer/api/Page.js:568:43)
    at goto (/Users/grins/git/warcraft/wow-bis/node_modules/.pnpm/puppeteer-core@24.25.0/node_modules/puppeteer-core/lib/esm/puppeteer/api/Page.js:567:20)
    at <anonymous> (/Users/grins/git/warcraft/wow-bis/scripts/process-quest-levels.ts:191:24)
    at fetchQuestRequiredLevel (/Users/grins/git/warcraft/wow-bis/scripts/process-quest-levels.ts:182:33)
    at processTicksAndRejections (native:7:39)
Full Error: {}
---
[2025-11-03T02:39:03.524Z] ERROR: Error fetching quest 41143 (attempt 1)
Message: Attempted to use detached Frame '03DAD367655A18147D7AE5A08EAEAA20'.
Stack: Error: Attempted to use detached Frame '03DAD367655A18147D7AE5A08EAEAA20'.
    at <anonymous> (/Users/grins/git/warcraft/wow-bis/node_modules/.pnpm/puppeteer-core@24.25.0/node_modules/puppeteer-core/lib/esm/puppeteer/util/decorators.js:99:27)
    at <anonymous> (/Users/grins/git/warcraft/wow-bis/node_modules/.pnpm/puppeteer-core@24.25.0/node_modules/puppeteer-core/lib/esm/puppeteer/api/Page.js:568:43)
    at goto (/Users/grins/git/warcraft/wow-bis/node_modules/.pnpm/puppeteer-core@24.25.0/node_modules/puppeteer-core/lib/esm/puppeteer/api/Page.js:567:20)
    at <anonymous> (/Users/grins/git/warcraft/wow-bis/scripts/process-quest-levels.ts:191:24)
    at fetchQuestRequiredLevel (/Users/grins/git/warcraft/wow-bis/scripts/process-quest-levels.ts:182:33)
    at <anonymous> (/Users/grins/git/warcraft/wow-bis/scripts/process-quest-levels.ts:386:42)
    at processTicksAndRejections (native:7:39)
Full Error: {}
---
[2025-11-03T02:39:08.525Z] ERROR: Error fetching quest 41143 (attempt 2)
Message: Attempted to use detached Frame '03DAD367655A18147D7AE5A08EAEAA20'.
Stack: Error: Attempted to use detached Frame '03DAD367655A18147D7AE5A08EAEAA20'.
    at <anonymous> (/Users/grins/git/warcraft/wow-bis/node_modules/.pnpm/puppeteer-core@24.25.0/node_modules/puppeteer-core/lib/esm/puppeteer/util/decorators.js:99:27)
    at <anonymous> (/Users/grins/git/warcraft/wow-bis/node_modules/.pnpm/puppeteer-core@24.25.0/node_modules/puppeteer-core/lib/esm/puppeteer/api/Page.js:568:43)
    at goto (/Users/grins/git/warcraft/wow-bis/node_modules/.pnpm/puppeteer-core@24.25.0/node_modules/puppeteer-core/lib/esm/puppeteer/api/Page.js:567:20)
    at <anonymous> (/Users/grins/git/warcraft/wow-bis/scripts/process-quest-levels.ts:191:24)
    at fetchQuestRequiredLevel (/Users/grins/git/warcraft/wow-bis/scripts/process-quest-levels.ts:182:33)
    at processTicksAndRejections (native:7:39)
Full Error: {}
---
[2025-11-03T02:39:15.529Z] ERROR: Error fetching quest 41143 (attempt 3)
Message: Attempted to use detached Frame '03DAD367655A18147D7AE5A08EAEAA20'.
Stack: Error: Attempted to use detached Frame '03DAD367655A18147D7AE5A08EAEAA20'.
    at <anonymous> (/Users/grins/git/warcraft/wow-bis/node_modules/.pnpm/puppeteer-core@24.25.0/node_modules/puppeteer-core/lib/esm/puppeteer/util/decorators.js:99:27)
    at <anonymous> (/Users/grins/git/warcraft/wow-bis/node_modules/.pnpm/puppeteer-core@24.25.0/node_modules/puppeteer-core/lib/esm/puppeteer/api/Page.js:568:43)
    at goto (/Users/grins/git/warcraft/wow-bis/node_modules/.pnpm/puppeteer-core@24.25.0/node_modules/puppeteer-core/lib/esm/puppeteer/api/Page.js:567:20)
    at <anonymous> (/Users/grins/git/warcraft/wow-bis/scripts/process-quest-levels.ts:191:24)
    at fetchQuestRequiredLevel (/Users/grins/git/warcraft/wow-bis/scripts/process-quest-levels.ts:182:33)
    at processTicksAndRejections (native:7:39)
Full Error: {}
---
[2025-11-03T02:39:24.531Z] ERROR: Error fetching quest 41143 (attempt 4)
Message: Attempted to use detached Frame '03DAD367655A18147D7AE5A08EAEAA20'.
Stack: Error: Attempted to use detached Frame '03DAD367655A18147D7AE5A08EAEAA20'.
    at <anonymous> (/Users/grins/git/warcraft/wow-bis/node_modules/.pnpm/puppeteer-core@24.25.0/node_modules/puppeteer-core/lib/esm/puppeteer/util/decorators.js:99:27)
    at <anonymous> (/Users/grins/git/warcraft/wow-bis/node_modules/.pnpm/puppeteer-core@24.25.0/node_modules/puppeteer-core/lib/esm/puppeteer/api/Page.js:568:43)
    at goto (/Users/grins/git/warcraft/wow-bis/node_modules/.pnpm/puppeteer-core@24.25.0/node_modules/puppeteer-core/lib/esm/puppeteer/api/Page.js:567:20)
    at <anonymous> (/Users/grins/git/warcraft/wow-bis/scripts/process-quest-levels.ts:191:24)
    at fetchQuestRequiredLevel (/Users/grins/git/warcraft/wow-bis/scripts/process-quest-levels.ts:182:33)
    at processTicksAndRejections (native:7:39)
Full Error: {}
---
[2025-11-03T02:39:32.545Z] ERROR: Error fetching quest 40036 (attempt 1)
Message: Attempted to use detached Frame '03DAD367655A18147D7AE5A08EAEAA20'.
Stack: Error: Attempted to use detached Frame '03DAD367655A18147D7AE5A08EAEAA20'.
    at <anonymous> (/Users/grins/git/warcraft/wow-bis/node_modules/.pnpm/puppeteer-core@24.25.0/node_modules/puppeteer-core/lib/esm/puppeteer/util/decorators.js:99:27)
    at <anonymous> (/Users/grins/git/warcraft/wow-bis/node_modules/.pnpm/puppeteer-core@24.25.0/node_modules/puppeteer-core/lib/esm/puppeteer/api/Page.js:568:43)
    at goto (/Users/grins/git/warcraft/wow-bis/node_modules/.pnpm/puppeteer-core@24.25.0/node_modules/puppeteer-core/lib/esm/puppeteer/api/Page.js:567:20)
    at <anonymous> (/Users/grins/git/warcraft/wow-bis/scripts/process-quest-levels.ts:191:24)
    at fetchQuestRequiredLevel (/Users/grins/git/warcraft/wow-bis/scripts/process-quest-levels.ts:182:33)
    at <anonymous> (/Users/grins/git/warcraft/wow-bis/scripts/process-quest-levels.ts:386:42)
    at processTicksAndRejections (native:7:39)
Full Error: {}
---
[2025-11-03T02:39:37.549Z] ERROR: Error fetching quest 40036 (attempt 2)
Message: Attempted to use detached Frame '03DAD367655A18147D7AE5A08EAEAA20'.
Stack: Error: Attempted to use detached Frame '03DAD367655A18147D7AE5A08EAEAA20'.
    at <anonymous> (/Users/grins/git/warcraft/wow-bis/node_modules/.pnpm/puppeteer-core@24.25.0/node_modules/puppeteer-core/lib/esm/puppeteer/util/decorators.js:99:27)
    at <anonymous> (/Users/grins/git/warcraft/wow-bis/node_modules/.pnpm/puppeteer-core@24.25.0/node_modules/puppeteer-core/lib/esm/puppeteer/api/Page.js:568:43)
    at goto (/Users/grins/git/warcraft/wow-bis/node_modules/.pnpm/puppeteer-core@24.25.0/node_modules/puppeteer-core/lib/esm/puppeteer/api/Page.js:567:20)
    at <anonymous> (/Users/grins/git/warcraft/wow-bis/scripts/process-quest-levels.ts:191:24)
    at fetchQuestRequiredLevel (/Users/grins/git/warcraft/wow-bis/scripts/process-quest-levels.ts:182:33)
    at processTicksAndRejections (native:7:39)
Full Error: {}
---
[2025-11-03T02:39:44.553Z] ERROR: Error fetching quest 40036 (attempt 3)
Message: Attempted to use detached Frame '03DAD367655A18147D7AE5A08EAEAA20'.
Stack: Error: Attempted to use detached Frame '03DAD367655A18147D7AE5A08EAEAA20'.
    at <anonymous> (/Users/grins/git/warcraft/wow-bis/node_modules/.pnpm/puppeteer-core@24.25.0/node_modules/puppeteer-core/lib/esm/puppeteer/util/decorators.js:99:27)
    at <anonymous> (/Users/grins/git/warcraft/wow-bis/node_modules/.pnpm/puppeteer-core@24.25.0/node_modules/puppeteer-core/lib/esm/puppeteer/api/Page.js:568:43)
    at goto (/Users/grins/git/warcraft/wow-bis/node_modules/.pnpm/puppeteer-core@24.25.0/node_modules/puppeteer-core/lib/esm/puppeteer/api/Page.js:567:20)
    at <anonymous> (/Users/grins/git/warcraft/wow-bis/scripts/process-quest-levels.ts:191:24)
    at fetchQuestRequiredLevel (/Users/grins/git/warcraft/wow-bis/scripts/process-quest-levels.ts:182:33)
    at processTicksAndRejections (native:7:39)
Full Error: {}
---
[2025-11-03T02:39:53.557Z] ERROR: Error fetching quest 40036 (attempt 4)
Message: Attempted to use detached Frame '03DAD367655A18147D7AE5A08EAEAA20'.
Stack: Error: Attempted to use detached Frame '03DAD367655A18147D7AE5A08EAEAA20'.
    at <anonymous> (/Users/grins/git/warcraft/wow-bis/node_modules/.pnpm/puppeteer-core@24.25.0/node_modules/puppeteer-core/lib/esm/puppeteer/util/decorators.js:99:27)
    at <anonymous> (/Users/grins/git/warcraft/wow-bis/node_modules/.pnpm/puppeteer-core@24.25.0/node_modules/puppeteer-core/lib/esm/puppeteer/api/Page.js:568:43)
    at goto (/Users/grins/git/warcraft/wow-bis/node_modules/.pnpm/puppeteer-core@24.25.0/node_modules/puppeteer-core/lib/esm/puppeteer/api/Page.js:567:20)
    at <anonymous> (/Users/grins/git/warcraft/wow-bis/scripts/process-quest-levels.ts:191:24)
    at fetchQuestRequiredLevel (/Users/grins/git/warcraft/wow-bis/scripts/process-quest-levels.ts:182:33)
    at processTicksAndRejections (native:7:39)
Full Error: {}
---
[2025-11-03T02:39:55.562Z] ERROR: Error fetching quest 40328 (attempt 1)
Message: Attempted to use detached Frame '03DAD367655A18147D7AE5A08EAEAA20'.
Stack: Error: Attempted to use detached Frame '03DAD367655A18147D7AE5A08EAEAA20'.
    at <anonymous> (/Users/grins/git/warcraft/wow-bis/node_modules/.pnpm/puppeteer-core@24.25.0/node_modules/puppeteer-core/lib/esm/puppeteer/util/decorators.js:99:27)
    at <anonymous> (/Users/grins/git/warcraft/wow-bis/node_modules/.pnpm/puppeteer-core@24.25.0/node_modules/puppeteer-core/lib/esm/puppeteer/api/Page.js:568:43)
    at goto (/Users/grins/git/warcraft/wow-bis/node_modules/.pnpm/puppeteer-core@24.25.0/node_modules/puppeteer-core/lib/esm/puppeteer/api/Page.js:567:20)
    at <anonymous> (/Users/grins/git/warcraft/wow-bis/scripts/process-quest-levels.ts:191:24)
    at fetchQuestRequiredLevel (/Users/grins/git/warcraft/wow-bis/scripts/process-quest-levels.ts:182:33)
    at <anonymous> (/Users/grins/git/warcraft/wow-bis/scripts/process-quest-levels.ts:386:42)
    at processTicksAndRejections (native:7:39)
Full Error: {}
---
[2025-11-03T02:40:00.566Z] ERROR: Error fetching quest 40328 (attempt 2)
Message: Attempted to use detached Frame '03DAD367655A18147D7AE5A08EAEAA20'.
Stack: Error: Attempted to use detached Frame '03DAD367655A18147D7AE5A08EAEAA20'.
    at <anonymous> (/Users/grins/git/warcraft/wow-bis/node_modules/.pnpm/puppeteer-core@24.25.0/node_modules/puppeteer-core/lib/esm/puppeteer/util/decorators.js:99:27)
    at <anonymous> (/Users/grins/git/warcraft/wow-bis/node_modules/.pnpm/puppeteer-core@24.25.0/node_modules/puppeteer-core/lib/esm/puppeteer/api/Page.js:568:43)
    at goto (/Users/grins/git/warcraft/wow-bis/node_modules/.pnpm/puppeteer-core@24.25.0/node_modules/puppeteer-core/lib/esm/puppeteer/api/Page.js:567:20)
    at <anonymous> (/Users/grins/git/warcraft/wow-bis/scripts/process-quest-levels.ts:191:24)
    at fetchQuestRequiredLevel (/Users/grins/git/warcraft/wow-bis/scripts/process-quest-levels.ts:182:33)
    at processTicksAndRejections (native:7:39)
Full Error: {}
---
[2025-11-03T02:40:07.570Z] ERROR: Error fetching quest 40328 (attempt 3)
Message: Attempted to use detached Frame '03DAD367655A18147D7AE5A08EAEAA20'.
Stack: Error: Attempted to use detached Frame '03DAD367655A18147D7AE5A08EAEAA20'.
    at <anonymous> (/Users/grins/git/warcraft/wow-bis/node_modules/.pnpm/puppeteer-core@24.25.0/node_modules/puppeteer-core/lib/esm/puppeteer/util/decorators.js:99:27)
    at <anonymous> (/Users/grins/git/warcraft/wow-bis/node_modules/.pnpm/puppeteer-core@24.25.0/node_modules/puppeteer-core/lib/esm/puppeteer/api/Page.js:568:43)
    at goto (/Users/grins/git/warcraft/wow-bis/node_modules/.pnpm/puppeteer-core@24.25.0/node_modules/puppeteer-core/lib/esm/puppeteer/api/Page.js:567:20)
    at <anonymous> (/Users/grins/git/warcraft/wow-bis/scripts/process-quest-levels.ts:191:24)
    at fetchQuestRequiredLevel (/Users/grins/git/warcraft/wow-bis/scripts/process-quest-levels.ts:182:33)
    at processTicksAndRejections (native:7:39)
Full Error: {}
---
[2025-11-03T02:40:16.574Z] ERROR: Error fetching quest 40328 (attempt 4)
Message: Attempted to use detached Frame '03DAD367655A18147D7AE5A08EAEAA20'.
Stack: Error: Attempted to use detached Frame '03DAD367655A18147D7AE5A08EAEAA20'.
    at <anonymous> (/Users/grins/git/warcraft/wow-bis/node_modules/.pnpm/puppeteer-core@24.25.0/node_modules/puppeteer-core/lib/esm/puppeteer/util/decorators.js:99:27)
    at <anonymous> (/Users/grins/git/warcraft/wow-bis/node_modules/.pnpm/puppeteer-core@24.25.0/node_modules/puppeteer-core/lib/esm/puppeteer/api/Page.js:568:43)
    at goto (/Users/grins/git/warcraft/wow-bis/node_modules/.pnpm/puppeteer-core@24.25.0/node_modules/puppeteer-core/lib/esm/puppeteer/api/Page.js:567:20)
    at <anonymous> (/Users/grins/git/warcraft/wow-bis/scripts/process-quest-levels.ts:191:24)
    at fetchQuestRequiredLevel (/Users/grins/git/warcraft/wow-bis/scripts/process-quest-levels.ts:182:33)
    at processTicksAndRejections (native:7:39)
Full Error: {}
---
[2025-11-03T02:40:18.579Z] ERROR: Error fetching quest 40449 (attempt 1)
Message: Attempted to use detached Frame '03DAD367655A18147D7AE5A08EAEAA20'.
Stack: Error: Attempted to use detached Frame '03DAD367655A18147D7AE5A08EAEAA20'.
    at <anonymous> (/Users/grins/git/warcraft/wow-bis/node_modules/.pnpm/puppeteer-core@24.25.0/node_modules/puppeteer-core/lib/esm/puppeteer/util/decorators.js:99:27)
    at <anonymous> (/Users/grins/git/warcraft/wow-bis/node_modules/.pnpm/puppeteer-core@24.25.0/node_modules/puppeteer-core/lib/esm/puppeteer/api/Page.js:568:43)
    at goto (/Users/grins/git/warcraft/wow-bis/node_modules/.pnpm/puppeteer-core@24.25.0/node_modules/puppeteer-core/lib/esm/puppeteer/api/Page.js:567:20)
    at <anonymous> (/Users/grins/git/warcraft/wow-bis/scripts/process-quest-levels.ts:191:24)
    at fetchQuestRequiredLevel (/Users/grins/git/warcraft/wow-bis/scripts/process-quest-levels.ts:182:33)
    at <anonymous> (/Users/grins/git/warcraft/wow-bis/scripts/process-quest-levels.ts:386:42)
    at processTicksAndRejections (native:7:39)
Full Error: {}
---
[2025-11-03T02:40:23.583Z] ERROR: Error fetching quest 40449 (attempt 2)
Message: Attempted to use detached Frame '03DAD367655A18147D7AE5A08EAEAA20'.
Stack: Error: Attempted to use detached Frame '03DAD367655A18147D7AE5A08EAEAA20'.
    at <anonymous> (/Users/grins/git/warcraft/wow-bis/node_modules/.pnpm/puppeteer-core@24.25.0/node_modules/puppeteer-core/lib/esm/puppeteer/util/decorators.js:99:27)
    at <anonymous> (/Users/grins/git/warcraft/wow-bis/node_modules/.pnpm/puppeteer-core@24.25.0/node_modules/puppeteer-core/lib/esm/puppeteer/api/Page.js:568:43)
    at goto (/Users/grins/git/warcraft/wow-bis/node_modules/.pnpm/puppeteer-core@24.25.0/node_modules/puppeteer-core/lib/esm/puppeteer/api/Page.js:567:20)
    at <anonymous> (/Users/grins/git/warcraft/wow-bis/scripts/process-quest-levels.ts:191:24)
    at fetchQuestRequiredLevel (/Users/grins/git/warcraft/wow-bis/scripts/process-quest-levels.ts:182:33)
    at processTicksAndRejections (native:7:39)
Full Error: {}
---
[2025-11-03T02:40:30.585Z] ERROR: Error fetching quest 40449 (attempt 3)
Message: Attempted to use detached Frame '03DAD367655A18147D7AE5A08EAEAA20'.
Stack: Error: Attempted to use detached Frame '03DAD367655A18147D7AE5A08EAEAA20'.
    at <anonymous> (/Users/grins/git/warcraft/wow-bis/node_modules/.pnpm/puppeteer-core@24.25.0/node_modules/puppeteer-core/lib/esm/puppeteer/util/decorators.js:99:27)
    at <anonymous> (/Users/grins/git/warcraft/wow-bis/node_modules/.pnpm/puppeteer-core@24.25.0/node_modules/puppeteer-core/lib/esm/puppeteer/api/Page.js:568:43)
    at goto (/Users/grins/git/warcraft/wow-bis/node_modules/.pnpm/puppeteer-core@24.25.0/node_modules/puppeteer-core/lib/esm/puppeteer/api/Page.js:567:20)
    at <anonymous> (/Users/grins/git/warcraft/wow-bis/scripts/process-quest-levels.ts:191:24)
    at fetchQuestRequiredLevel (/Users/grins/git/warcraft/wow-bis/scripts/process-quest-levels.ts:182:33)
    at processTicksAndRejections (native:7:39)
Full Error: {}
---
[2025-11-03T02:40:39.589Z] ERROR: Error fetching quest 40449 (attempt 4)
Message: Attempted to use detached Frame '03DAD367655A18147D7AE5A08EAEAA20'.
Stack: Error: Attempted to use detached Frame '03DAD367655A18147D7AE5A08EAEAA20'.
    at <anonymous> (/Users/grins/git/warcraft/wow-bis/node_modules/.pnpm/puppeteer-core@24.25.0/node_modules/puppeteer-core/lib/esm/puppeteer/util/decorators.js:99:27)
    at <anonymous> (/Users/grins/git/warcraft/wow-bis/node_modules/.pnpm/puppeteer-core@24.25.0/node_modules/puppeteer-core/lib/esm/puppeteer/api/Page.js:568:43)
    at goto (/Users/grins/git/warcraft/wow-bis/node_modules/.pnpm/puppeteer-core@24.25.0/node_modules/puppeteer-core/lib/esm/puppeteer/api/Page.js:567:20)
    at <anonymous> (/Users/grins/git/warcraft/wow-bis/scripts/process-quest-levels.ts:191:24)
    at fetchQuestRequiredLevel (/Users/grins/git/warcraft/wow-bis/scripts/process-quest-levels.ts:182:33)
    at processTicksAndRejections (native:7:39)
Full Error: {}
---
[2025-11-03T02:40:41.593Z] ERROR: Error fetching quest 40975 (attempt 1)
Message: Attempted to use detached Frame '03DAD367655A18147D7AE5A08EAEAA20'.
Stack: Error: Attempted to use detached Frame '03DAD367655A18147D7AE5A08EAEAA20'.
    at <anonymous> (/Users/grins/git/warcraft/wow-bis/node_modules/.pnpm/puppeteer-core@24.25.0/node_modules/puppeteer-core/lib/esm/puppeteer/util/decorators.js:99:27)
    at <anonymous> (/Users/grins/git/warcraft/wow-bis/node_modules/.pnpm/puppeteer-core@24.25.0/node_modules/puppeteer-core/lib/esm/puppeteer/api/Page.js:568:43)
    at goto (/Users/grins/git/warcraft/wow-bis/node_modules/.pnpm/puppeteer-core@24.25.0/node_modules/puppeteer-core/lib/esm/puppeteer/api/Page.js:567:20)
    at <anonymous> (/Users/grins/git/warcraft/wow-bis/scripts/process-quest-levels.ts:191:24)
    at fetchQuestRequiredLevel (/Users/grins/git/warcraft/wow-bis/scripts/process-quest-levels.ts:182:33)
    at <anonymous> (/Users/grins/git/warcraft/wow-bis/scripts/process-quest-levels.ts:386:42)
    at processTicksAndRejections (native:7:39)
Full Error: {}
---
[2025-11-03T02:40:46.596Z] ERROR: Error fetching quest 40975 (attempt 2)
Message: Attempted to use detached Frame '03DAD367655A18147D7AE5A08EAEAA20'.
Stack: Error: Attempted to use detached Frame '03DAD367655A18147D7AE5A08EAEAA20'.
    at <anonymous> (/Users/grins/git/warcraft/wow-bis/node_modules/.pnpm/puppeteer-core@24.25.0/node_modules/puppeteer-core/lib/esm/puppeteer/util/decorators.js:99:27)
    at <anonymous> (/Users/grins/git/warcraft/wow-bis/node_modules/.pnpm/puppeteer-core@24.25.0/node_modules/puppeteer-core/lib/esm/puppeteer/api/Page.js:568:43)
    at goto (/Users/grins/git/warcraft/wow-bis/node_modules/.pnpm/puppeteer-core@24.25.0/node_modules/puppeteer-core/lib/esm/puppeteer/api/Page.js:567:20)
    at <anonymous> (/Users/grins/git/warcraft/wow-bis/scripts/process-quest-levels.ts:191:24)
    at fetchQuestRequiredLevel (/Users/grins/git/warcraft/wow-bis/scripts/process-quest-levels.ts:182:33)
    at processTicksAndRejections (native:7:39)
Full Error: {}
---
[2025-11-03T02:40:53.600Z] ERROR: Error fetching quest 40975 (attempt 3)
Message: Attempted to use detached Frame '03DAD367655A18147D7AE5A08EAEAA20'.
Stack: Error: Attempted to use detached Frame '03DAD367655A18147D7AE5A08EAEAA20'.
    at <anonymous> (/Users/grins/git/warcraft/wow-bis/node_modules/.pnpm/puppeteer-core@24.25.0/node_modules/puppeteer-core/lib/esm/puppeteer/util/decorators.js:99:27)
    at <anonymous> (/Users/grins/git/warcraft/wow-bis/node_modules/.pnpm/puppeteer-core@24.25.0/node_modules/puppeteer-core/lib/esm/puppeteer/api/Page.js:568:43)
    at goto (/Users/grins/git/warcraft/wow-bis/node_modules/.pnpm/puppeteer-core@24.25.0/node_modules/puppeteer-core/lib/esm/puppeteer/api/Page.js:567:20)
    at <anonymous> (/Users/grins/git/warcraft/wow-bis/scripts/process-quest-levels.ts:191:24)
    at fetchQuestRequiredLevel (/Users/grins/git/warcraft/wow-bis/scripts/process-quest-levels.ts:182:33)
    at processTicksAndRejections (native:7:39)
Full Error: {}
---
[2025-11-03T02:41:02.604Z] ERROR: Error fetching quest 40975 (attempt 4)
Message: Attempted to use detached Frame '03DAD367655A18147D7AE5A08EAEAA20'.
Stack: Error: Attempted to use detached Frame '03DAD367655A18147D7AE5A08EAEAA20'.
    at <anonymous> (/Users/grins/git/warcraft/wow-bis/node_modules/.pnpm/puppeteer-core@24.25.0/node_modules/puppeteer-core/lib/esm/puppeteer/util/decorators.js:99:27)
    at <anonymous> (/Users/grins/git/warcraft/wow-bis/node_modules/.pnpm/puppeteer-core@24.25.0/node_modules/puppeteer-core/lib/esm/puppeteer/api/Page.js:568:43)
    at goto (/Users/grins/git/warcraft/wow-bis/node_modules/.pnpm/puppeteer-core@24.25.0/node_modules/puppeteer-core/lib/esm/puppeteer/api/Page.js:567:20)
    at <anonymous> (/Users/grins/git/warcraft/wow-bis/scripts/process-quest-levels.ts:191:24)
    at fetchQuestRequiredLevel (/Users/grins/git/warcraft/wow-bis/scripts/process-quest-levels.ts:182:33)
    at processTicksAndRejections (native:7:39)
Full Error: {}
---
[2025-11-03T02:41:04.614Z] ERROR: Error fetching quest 7509 (attempt 1)
Message: Attempted to use detached Frame '03DAD367655A18147D7AE5A08EAEAA20'.
Stack: Error: Attempted to use detached Frame '03DAD367655A18147D7AE5A08EAEAA20'.
    at <anonymous> (/Users/grins/git/warcraft/wow-bis/node_modules/.pnpm/puppeteer-core@24.25.0/node_modules/puppeteer-core/lib/esm/puppeteer/util/decorators.js:99:27)
    at <anonymous> (/Users/grins/git/warcraft/wow-bis/node_modules/.pnpm/puppeteer-core@24.25.0/node_modules/puppeteer-core/lib/esm/puppeteer/api/Page.js:568:43)
    at goto (/Users/grins/git/warcraft/wow-bis/node_modules/.pnpm/puppeteer-core@24.25.0/node_modules/puppeteer-core/lib/esm/puppeteer/api/Page.js:567:20)
    at <anonymous> (/Users/grins/git/warcraft/wow-bis/scripts/process-quest-levels.ts:191:24)
    at fetchQuestRequiredLevel (/Users/grins/git/warcraft/wow-bis/scripts/process-quest-levels.ts:182:33)
    at <anonymous> (/Users/grins/git/warcraft/wow-bis/scripts/process-quest-levels.ts:386:42)
    at processTicksAndRejections (native:7:39)
Full Error: {}
---
[2025-11-03T02:41:09.617Z] ERROR: Error fetching quest 7509 (attempt 2)
Message: Attempted to use detached Frame '03DAD367655A18147D7AE5A08EAEAA20'.
Stack: Error: Attempted to use detached Frame '03DAD367655A18147D7AE5A08EAEAA20'.
    at <anonymous> (/Users/grins/git/warcraft/wow-bis/node_modules/.pnpm/puppeteer-core@24.25.0/node_modules/puppeteer-core/lib/esm/puppeteer/util/decorators.js:99:27)
    at <anonymous> (/Users/grins/git/warcraft/wow-bis/node_modules/.pnpm/puppeteer-core@24.25.0/node_modules/puppeteer-core/lib/esm/puppeteer/api/Page.js:568:43)
    at goto (/Users/grins/git/warcraft/wow-bis/node_modules/.pnpm/puppeteer-core@24.25.0/node_modules/puppeteer-core/lib/esm/puppeteer/api/Page.js:567:20)
    at <anonymous> (/Users/grins/git/warcraft/wow-bis/scripts/process-quest-levels.ts:191:24)
    at fetchQuestRequiredLevel (/Users/grins/git/warcraft/wow-bis/scripts/process-quest-levels.ts:182:33)
    at processTicksAndRejections (native:7:39)
Full Error: {}
---
[2025-11-03T02:41:16.621Z] ERROR: Error fetching quest 7509 (attempt 3)
Message: Attempted to use detached Frame '03DAD367655A18147D7AE5A08EAEAA20'.
Stack: Error: Attempted to use detached Frame '03DAD367655A18147D7AE5A08EAEAA20'.
    at <anonymous> (/Users/grins/git/warcraft/wow-bis/node_modules/.pnpm/puppeteer-core@24.25.0/node_modules/puppeteer-core/lib/esm/puppeteer/util/decorators.js:99:27)
    at <anonymous> (/Users/grins/git/warcraft/wow-bis/node_modules/.pnpm/puppeteer-core@24.25.0/node_modules/puppeteer-core/lib/esm/puppeteer/api/Page.js:568:43)
    at goto (/Users/grins/git/warcraft/wow-bis/node_modules/.pnpm/puppeteer-core@24.25.0/node_modules/puppeteer-core/lib/esm/puppeteer/api/Page.js:567:20)
    at <anonymous> (/Users/grins/git/warcraft/wow-bis/scripts/process-quest-levels.ts:191:24)
    at fetchQuestRequiredLevel (/Users/grins/git/warcraft/wow-bis/scripts/process-quest-levels.ts:182:33)
    at processTicksAndRejections (native:7:39)
Full Error: {}
---
[2025-11-03T02:41:25.624Z] ERROR: Error fetching quest 7509 (attempt 4)
Message: Attempted to use detached Frame '03DAD367655A18147D7AE5A08EAEAA20'.
Stack: Error: Attempted to use detached Frame '03DAD367655A18147D7AE5A08EAEAA20'.
    at <anonymous> (/Users/grins/git/warcraft/wow-bis/node_modules/.pnpm/puppeteer-core@24.25.0/node_modules/puppeteer-core/lib/esm/puppeteer/util/decorators.js:99:27)
    at <anonymous> (/Users/grins/git/warcraft/wow-bis/node_modules/.pnpm/puppeteer-core@24.25.0/node_modules/puppeteer-core/lib/esm/puppeteer/api/Page.js:568:43)
    at goto (/Users/grins/git/warcraft/wow-bis/node_modules/.pnpm/puppeteer-core@24.25.0/node_modules/puppeteer-core/lib/esm/puppeteer/api/Page.js:567:20)
    at <anonymous> (/Users/grins/git/warcraft/wow-bis/scripts/process-quest-levels.ts:191:24)
    at fetchQuestRequiredLevel (/Users/grins/git/warcraft/wow-bis/scripts/process-quest-levels.ts:182:33)
    at processTicksAndRejections (native:7:39)
Full Error: {}
---
[2025-11-03T02:41:27.628Z] ERROR: Error fetching quest 7787 (attempt 1)
Message: Attempted to use detached Frame '03DAD367655A18147D7AE5A08EAEAA20'.
Stack: Error: Attempted to use detached Frame '03DAD367655A18147D7AE5A08EAEAA20'.
    at <anonymous> (/Users/grins/git/warcraft/wow-bis/node_modules/.pnpm/puppeteer-core@24.25.0/node_modules/puppeteer-core/lib/esm/puppeteer/util/decorators.js:99:27)
    at <anonymous> (/Users/grins/git/warcraft/wow-bis/node_modules/.pnpm/puppeteer-core@24.25.0/node_modules/puppeteer-core/lib/esm/puppeteer/api/Page.js:568:43)
    at goto (/Users/grins/git/warcraft/wow-bis/node_modules/.pnpm/puppeteer-core@24.25.0/node_modules/puppeteer-core/lib/esm/puppeteer/api/Page.js:567:20)
    at <anonymous> (/Users/grins/git/warcraft/wow-bis/scripts/process-quest-levels.ts:191:24)
    at fetchQuestRequiredLevel (/Users/grins/git/warcraft/wow-bis/scripts/process-quest-levels.ts:182:33)
    at <anonymous> (/Users/grins/git/warcraft/wow-bis/scripts/process-quest-levels.ts:386:42)
    at processTicksAndRejections (native:7:39)
Full Error: {}
---
[2025-11-03T02:41:32.631Z] ERROR: Error fetching quest 7787 (attempt 2)
Message: Attempted to use detached Frame '03DAD367655A18147D7AE5A08EAEAA20'.
Stack: Error: Attempted to use detached Frame '03DAD367655A18147D7AE5A08EAEAA20'.
    at <anonymous> (/Users/grins/git/warcraft/wow-bis/node_modules/.pnpm/puppeteer-core@24.25.0/node_modules/puppeteer-core/lib/esm/puppeteer/util/decorators.js:99:27)
    at <anonymous> (/Users/grins/git/warcraft/wow-bis/node_modules/.pnpm/puppeteer-core@24.25.0/node_modules/puppeteer-core/lib/esm/puppeteer/api/Page.js:568:43)
    at goto (/Users/grins/git/warcraft/wow-bis/node_modules/.pnpm/puppeteer-core@24.25.0/node_modules/puppeteer-core/lib/esm/puppeteer/api/Page.js:567:20)
    at <anonymous> (/Users/grins/git/warcraft/wow-bis/scripts/process-quest-levels.ts:191:24)
    at fetchQuestRequiredLevel (/Users/grins/git/warcraft/wow-bis/scripts/process-quest-levels.ts:182:33)
    at processTicksAndRejections (native:7:39)
Full Error: {}
---
[2025-11-03T02:41:39.635Z] ERROR: Error fetching quest 7787 (attempt 3)
Message: Attempted to use detached Frame '03DAD367655A18147D7AE5A08EAEAA20'.
Stack: Error: Attempted to use detached Frame '03DAD367655A18147D7AE5A08EAEAA20'.
    at <anonymous> (/Users/grins/git/warcraft/wow-bis/node_modules/.pnpm/puppeteer-core@24.25.0/node_modules/puppeteer-core/lib/esm/puppeteer/util/decorators.js:99:27)
    at <anonymous> (/Users/grins/git/warcraft/wow-bis/node_modules/.pnpm/puppeteer-core@24.25.0/node_modules/puppeteer-core/lib/esm/puppeteer/api/Page.js:568:43)
    at goto (/Users/grins/git/warcraft/wow-bis/node_modules/.pnpm/puppeteer-core@24.25.0/node_modules/puppeteer-core/lib/esm/puppeteer/api/Page.js:567:20)
    at <anonymous> (/Users/grins/git/warcraft/wow-bis/scripts/process-quest-levels.ts:191:24)
    at fetchQuestRequiredLevel (/Users/grins/git/warcraft/wow-bis/scripts/process-quest-levels.ts:182:33)
    at processTicksAndRejections (native:7:39)
Full Error: {}
---
[2025-11-03T02:41:48.638Z] ERROR: Error fetching quest 7787 (attempt 4)
Message: Attempted to use detached Frame '03DAD367655A18147D7AE5A08EAEAA20'.
Stack: Error: Attempted to use detached Frame '03DAD367655A18147D7AE5A08EAEAA20'.
    at <anonymous> (/Users/grins/git/warcraft/wow-bis/node_modules/.pnpm/puppeteer-core@24.25.0/node_modules/puppeteer-core/lib/esm/puppeteer/util/decorators.js:99:27)
    at <anonymous> (/Users/grins/git/warcraft/wow-bis/node_modules/.pnpm/puppeteer-core@24.25.0/node_modules/puppeteer-core/lib/esm/puppeteer/api/Page.js:568:43)
    at goto (/Users/grins/git/warcraft/wow-bis/node_modules/.pnpm/puppeteer-core@24.25.0/node_modules/puppeteer-core/lib/esm/puppeteer/api/Page.js:567:20)
    at <anonymous> (/Users/grins/git/warcraft/wow-bis/scripts/process-quest-levels.ts:191:24)
    at fetchQuestRequiredLevel (/Users/grins/git/warcraft/wow-bis/scripts/process-quest-levels.ts:182:33)
    at processTicksAndRejections (native:7:39)
Full Error: {}
---
[2025-11-03T02:41:50.644Z] ERROR: Error fetching quest 8711 (attempt 1)
Message: Attempted to use detached Frame '03DAD367655A18147D7AE5A08EAEAA20'.
Stack: Error: Attempted to use detached Frame '03DAD367655A18147D7AE5A08EAEAA20'.
    at <anonymous> (/Users/grins/git/warcraft/wow-bis/node_modules/.pnpm/puppeteer-core@24.25.0/node_modules/puppeteer-core/lib/esm/puppeteer/util/decorators.js:99:27)
    at <anonymous> (/Users/grins/git/warcraft/wow-bis/node_modules/.pnpm/puppeteer-core@24.25.0/node_modules/puppeteer-core/lib/esm/puppeteer/api/Page.js:568:43)
    at goto (/Users/grins/git/warcraft/wow-bis/node_modules/.pnpm/puppeteer-core@24.25.0/node_modules/puppeteer-core/lib/esm/puppeteer/api/Page.js:567:20)
    at <anonymous> (/Users/grins/git/warcraft/wow-bis/scripts/process-quest-levels.ts:191:24)
    at fetchQuestRequiredLevel (/Users/grins/git/warcraft/wow-bis/scripts/process-quest-levels.ts:182:33)
    at <anonymous> (/Users/grins/git/warcraft/wow-bis/scripts/process-quest-levels.ts:386:42)
    at processTicksAndRejections (native:7:39)
Full Error: {}
---
[2025-11-03T02:41:55.647Z] ERROR: Error fetching quest 8711 (attempt 2)
Message: Attempted to use detached Frame '03DAD367655A18147D7AE5A08EAEAA20'.
Stack: Error: Attempted to use detached Frame '03DAD367655A18147D7AE5A08EAEAA20'.
    at <anonymous> (/Users/grins/git/warcraft/wow-bis/node_modules/.pnpm/puppeteer-core@24.25.0/node_modules/puppeteer-core/lib/esm/puppeteer/util/decorators.js:99:27)
    at <anonymous> (/Users/grins/git/warcraft/wow-bis/node_modules/.pnpm/puppeteer-core@24.25.0/node_modules/puppeteer-core/lib/esm/puppeteer/api/Page.js:568:43)
    at goto (/Users/grins/git/warcraft/wow-bis/node_modules/.pnpm/puppeteer-core@24.25.0/node_modules/puppeteer-core/lib/esm/puppeteer/api/Page.js:567:20)
    at <anonymous> (/Users/grins/git/warcraft/wow-bis/scripts/process-quest-levels.ts:191:24)
    at fetchQuestRequiredLevel (/Users/grins/git/warcraft/wow-bis/scripts/process-quest-levels.ts:182:33)
    at processTicksAndRejections (native:7:39)
Full Error: {}
---
[2025-11-03T02:42:02.650Z] ERROR: Error fetching quest 8711 (attempt 3)
Message: Attempted to use detached Frame '03DAD367655A18147D7AE5A08EAEAA20'.
Stack: Error: Attempted to use detached Frame '03DAD367655A18147D7AE5A08EAEAA20'.
    at <anonymous> (/Users/grins/git/warcraft/wow-bis/node_modules/.pnpm/puppeteer-core@24.25.0/node_modules/puppeteer-core/lib/esm/puppeteer/util/decorators.js:99:27)
    at <anonymous> (/Users/grins/git/warcraft/wow-bis/node_modules/.pnpm/puppeteer-core@24.25.0/node_modules/puppeteer-core/lib/esm/puppeteer/api/Page.js:568:43)
    at goto (/Users/grins/git/warcraft/wow-bis/node_modules/.pnpm/puppeteer-core@24.25.0/node_modules/puppeteer-core/lib/esm/puppeteer/api/Page.js:567:20)
    at <anonymous> (/Users/grins/git/warcraft/wow-bis/scripts/process-quest-levels.ts:191:24)
    at fetchQuestRequiredLevel (/Users/grins/git/warcraft/wow-bis/scripts/process-quest-levels.ts:182:33)
    at processTicksAndRejections (native:7:39)
Full Error: {}
---
[2025-11-03T02:50:39.349Z] ERROR: Error fetching quest 8711 (attempt 4)
Message: Attempted to use detached Frame '03DAD367655A18147D7AE5A08EAEAA20'.
Stack: Error: Attempted to use detached Frame '03DAD367655A18147D7AE5A08EAEAA20'.
    at <anonymous> (/Users/grins/git/warcraft/wow-bis/node_modules/.pnpm/puppeteer-core@24.25.0/node_modules/puppeteer-core/lib/esm/puppeteer/util/decorators.js:99:27)
    at <anonymous> (/Users/grins/git/warcraft/wow-bis/node_modules/.pnpm/puppeteer-core@24.25.0/node_modules/puppeteer-core/lib/esm/puppeteer/api/Page.js:568:43)
    at goto (/Users/grins/git/warcraft/wow-bis/node_modules/.pnpm/puppeteer-core@24.25.0/node_modules/puppeteer-core/lib/esm/puppeteer/api/Page.js:567:20)
    at <anonymous> (/Users/grins/git/warcraft/wow-bis/scripts/process-quest-levels.ts:191:24)
    at fetchQuestRequiredLevel (/Users/grins/git/warcraft/wow-bis/scripts/process-quest-levels.ts:182:33)
    at processTicksAndRejections (native:7:39)
Full Error: {}
---
[2025-11-03T02:50:41.477Z] ERROR: Error fetching quest 8707 (attempt 1)
Message: Attempted to use detached Frame '03DAD367655A18147D7AE5A08EAEAA20'.
Stack: Error: Attempted to use detached Frame '03DAD367655A18147D7AE5A08EAEAA20'.
    at <anonymous> (/Users/grins/git/warcraft/wow-bis/node_modules/.pnpm/puppeteer-core@24.25.0/node_modules/puppeteer-core/lib/esm/puppeteer/util/decorators.js:99:27)
    at <anonymous> (/Users/grins/git/warcraft/wow-bis/node_modules/.pnpm/puppeteer-core@24.25.0/node_modules/puppeteer-core/lib/esm/puppeteer/api/Page.js:568:43)
    at goto (/Users/grins/git/warcraft/wow-bis/node_modules/.pnpm/puppeteer-core@24.25.0/node_modules/puppeteer-core/lib/esm/puppeteer/api/Page.js:567:20)
    at <anonymous> (/Users/grins/git/warcraft/wow-bis/scripts/process-quest-levels.ts:191:24)
    at fetchQuestRequiredLevel (/Users/grins/git/warcraft/wow-bis/scripts/process-quest-levels.ts:182:33)
    at <anonymous> (/Users/grins/git/warcraft/wow-bis/scripts/process-quest-levels.ts:386:42)
    at processTicksAndRejections (native:7:39)
Full Error: {}
---
[2025-11-03T02:50:46.476Z] ERROR: Error fetching quest 8707 (attempt 2)
Message: Attempted to use detached Frame '03DAD367655A18147D7AE5A08EAEAA20'.
Stack: Error: Attempted to use detached Frame '03DAD367655A18147D7AE5A08EAEAA20'.
    at <anonymous> (/Users/grins/git/warcraft/wow-bis/node_modules/.pnpm/puppeteer-core@24.25.0/node_modules/puppeteer-core/lib/esm/puppeteer/util/decorators.js:99:27)
    at <anonymous> (/Users/grins/git/warcraft/wow-bis/node_modules/.pnpm/puppeteer-core@24.25.0/node_modules/puppeteer-core/lib/esm/puppeteer/api/Page.js:568:43)
    at goto (/Users/grins/git/warcraft/wow-bis/node_modules/.pnpm/puppeteer-core@24.25.0/node_modules/puppeteer-core/lib/esm/puppeteer/api/Page.js:567:20)
    at <anonymous> (/Users/grins/git/warcraft/wow-bis/scripts/process-quest-levels.ts:191:24)
    at fetchQuestRequiredLevel (/Users/grins/git/warcraft/wow-bis/scripts/process-quest-levels.ts:182:33)
    at processTicksAndRejections (native:7:39)
Full Error: {}
---
[2025-11-03T02:50:53.474Z] ERROR: Error fetching quest 8707 (attempt 3)
Message: Attempted to use detached Frame '03DAD367655A18147D7AE5A08EAEAA20'.
Stack: Error: Attempted to use detached Frame '03DAD367655A18147D7AE5A08EAEAA20'.
    at <anonymous> (/Users/grins/git/warcraft/wow-bis/node_modules/.pnpm/puppeteer-core@24.25.0/node_modules/puppeteer-core/lib/esm/puppeteer/util/decorators.js:99:27)
    at <anonymous> (/Users/grins/git/warcraft/wow-bis/node_modules/.pnpm/puppeteer-core@24.25.0/node_modules/puppeteer-core/lib/esm/puppeteer/api/Page.js:568:43)
    at goto (/Users/grins/git/warcraft/wow-bis/node_modules/.pnpm/puppeteer-core@24.25.0/node_modules/puppeteer-core/lib/esm/puppeteer/api/Page.js:567:20)
    at <anonymous> (/Users/grins/git/warcraft/wow-bis/scripts/process-quest-levels.ts:191:24)
    at fetchQuestRequiredLevel (/Users/grins/git/warcraft/wow-bis/scripts/process-quest-levels.ts:182:33)
    at processTicksAndRejections (native:7:39)
Full Error: {}
---
[2025-11-03T02:51:02.475Z] ERROR: Error fetching quest 8707 (attempt 4)
Message: Attempted to use detached Frame '03DAD367655A18147D7AE5A08EAEAA20'.
Stack: Error: Attempted to use detached Frame '03DAD367655A18147D7AE5A08EAEAA20'.
    at <anonymous> (/Users/grins/git/warcraft/wow-bis/node_modules/.pnpm/puppeteer-core@24.25.0/node_modules/puppeteer-core/lib/esm/puppeteer/util/decorators.js:99:27)
    at <anonymous> (/Users/grins/git/warcraft/wow-bis/node_modules/.pnpm/puppeteer-core@24.25.0/node_modules/puppeteer-core/lib/esm/puppeteer/api/Page.js:568:43)
    at goto (/Users/grins/git/warcraft/wow-bis/node_modules/.pnpm/puppeteer-core@24.25.0/node_modules/puppeteer-core/lib/esm/puppeteer/api/Page.js:567:20)
    at <anonymous> (/Users/grins/git/warcraft/wow-bis/scripts/process-quest-levels.ts:191:24)
    at fetchQuestRequiredLevel (/Users/grins/git/warcraft/wow-bis/scripts/process-quest-levels.ts:182:33)
    at processTicksAndRejections (native:7:39)
Full Error: {}
---
[2025-11-03T02:51:04.480Z] ERROR: Error fetching quest 8745 (attempt 1)
Message: Attempted to use detached Frame '03DAD367655A18147D7AE5A08EAEAA20'.
Stack: Error: Attempted to use detached Frame '03DAD367655A18147D7AE5A08EAEAA20'.
    at <anonymous> (/Users/grins/git/warcraft/wow-bis/node_modules/.pnpm/puppeteer-core@24.25.0/node_modules/puppeteer-core/lib/esm/puppeteer/util/decorators.js:99:27)
    at <anonymous> (/Users/grins/git/warcraft/wow-bis/node_modules/.pnpm/puppeteer-core@24.25.0/node_modules/puppeteer-core/lib/esm/puppeteer/api/Page.js:568:43)
    at goto (/Users/grins/git/warcraft/wow-bis/node_modules/.pnpm/puppeteer-core@24.25.0/node_modules/puppeteer-core/lib/esm/puppeteer/api/Page.js:567:20)
    at <anonymous> (/Users/grins/git/warcraft/wow-bis/scripts/process-quest-levels.ts:191:24)
    at fetchQuestRequiredLevel (/Users/grins/git/warcraft/wow-bis/scripts/process-quest-levels.ts:182:33)
    at <anonymous> (/Users/grins/git/warcraft/wow-bis/scripts/process-quest-levels.ts:386:42)
    at processTicksAndRejections (native:7:39)
Full Error: {}
---
[2025-11-03T02:51:09.483Z] ERROR: Error fetching quest 8745 (attempt 2)
Message: Attempted to use detached Frame '03DAD367655A18147D7AE5A08EAEAA20'.
Stack: Error: Attempted to use detached Frame '03DAD367655A18147D7AE5A08EAEAA20'.
    at <anonymous> (/Users/grins/git/warcraft/wow-bis/node_modules/.pnpm/puppeteer-core@24.25.0/node_modules/puppeteer-core/lib/esm/puppeteer/util/decorators.js:99:27)
    at <anonymous> (/Users/grins/git/warcraft/wow-bis/node_modules/.pnpm/puppeteer-core@24.25.0/node_modules/puppeteer-core/lib/esm/puppeteer/api/Page.js:568:43)
    at goto (/Users/grins/git/warcraft/wow-bis/node_modules/.pnpm/puppeteer-core@24.25.0/node_modules/puppeteer-core/lib/esm/puppeteer/api/Page.js:567:20)
    at <anonymous> (/Users/grins/git/warcraft/wow-bis/scripts/process-quest-levels.ts:191:24)
    at fetchQuestRequiredLevel (/Users/grins/git/warcraft/wow-bis/scripts/process-quest-levels.ts:182:33)
    at processTicksAndRejections (native:7:39)
Full Error: {}
---
[2025-11-03T02:51:16.483Z] ERROR: Error fetching quest 8745 (attempt 3)
Message: Attempted to use detached Frame '03DAD367655A18147D7AE5A08EAEAA20'.
Stack: Error: Attempted to use detached Frame '03DAD367655A18147D7AE5A08EAEAA20'.
    at <anonymous> (/Users/grins/git/warcraft/wow-bis/node_modules/.pnpm/puppeteer-core@24.25.0/node_modules/puppeteer-core/lib/esm/puppeteer/util/decorators.js:99:27)
    at <anonymous> (/Users/grins/git/warcraft/wow-bis/node_modules/.pnpm/puppeteer-core@24.25.0/node_modules/puppeteer-core/lib/esm/puppeteer/api/Page.js:568:43)
    at goto (/Users/grins/git/warcraft/wow-bis/node_modules/.pnpm/puppeteer-core@24.25.0/node_modules/puppeteer-core/lib/esm/puppeteer/api/Page.js:567:20)
    at <anonymous> (/Users/grins/git/warcraft/wow-bis/scripts/process-quest-levels.ts:191:24)
    at fetchQuestRequiredLevel (/Users/grins/git/warcraft/wow-bis/scripts/process-quest-levels.ts:182:33)
    at processTicksAndRejections (native:7:39)
Full Error: {}
---
[2025-11-03T02:51:25.486Z] ERROR: Error fetching quest 8745 (attempt 4)
Message: Attempted to use detached Frame '03DAD367655A18147D7AE5A08EAEAA20'.
Stack: Error: Attempted to use detached Frame '03DAD367655A18147D7AE5A08EAEAA20'.
    at <anonymous> (/Users/grins/git/warcraft/wow-bis/node_modules/.pnpm/puppeteer-core@24.25.0/node_modules/puppeteer-core/lib/esm/puppeteer/util/decorators.js:99:27)
    at <anonymous> (/Users/grins/git/warcraft/wow-bis/node_modules/.pnpm/puppeteer-core@24.25.0/node_modules/puppeteer-core/lib/esm/puppeteer/api/Page.js:568:43)
    at goto (/Users/grins/git/warcraft/wow-bis/node_modules/.pnpm/puppeteer-core@24.25.0/node_modules/puppeteer-core/lib/esm/puppeteer/api/Page.js:567:20)
    at <anonymous> (/Users/grins/git/warcraft/wow-bis/scripts/process-quest-levels.ts:191:24)
    at fetchQuestRequiredLevel (/Users/grins/git/warcraft/wow-bis/scripts/process-quest-levels.ts:182:33)
    at processTicksAndRejections (native:7:39)
Full Error: {}
---
[2025-11-03T02:51:27.490Z] ERROR: Error fetching quest 5265 (attempt 1)
Message: Attempted to use detached Frame '03DAD367655A18147D7AE5A08EAEAA20'.
Stack: Error: Attempted to use detached Frame '03DAD367655A18147D7AE5A08EAEAA20'.
    at <anonymous> (/Users/grins/git/warcraft/wow-bis/node_modules/.pnpm/puppeteer-core@24.25.0/node_modules/puppeteer-core/lib/esm/puppeteer/util/decorators.js:99:27)
    at <anonymous> (/Users/grins/git/warcraft/wow-bis/node_modules/.pnpm/puppeteer-core@24.25.0/node_modules/puppeteer-core/lib/esm/puppeteer/api/Page.js:568:43)
    at goto (/Users/grins/git/warcraft/wow-bis/node_modules/.pnpm/puppeteer-core@24.25.0/node_modules/puppeteer-core/lib/esm/puppeteer/api/Page.js:567:20)
    at <anonymous> (/Users/grins/git/warcraft/wow-bis/scripts/process-quest-levels.ts:191:24)
    at fetchQuestRequiredLevel (/Users/grins/git/warcraft/wow-bis/scripts/process-quest-levels.ts:182:33)
    at <anonymous> (/Users/grins/git/warcraft/wow-bis/scripts/process-quest-levels.ts:386:42)
    at processTicksAndRejections (native:7:39)
Full Error: {}
---
[2025-11-03T02:51:32.494Z] ERROR: Error fetching quest 5265 (attempt 2)
Message: Attempted to use detached Frame '03DAD367655A18147D7AE5A08EAEAA20'.
Stack: Error: Attempted to use detached Frame '03DAD367655A18147D7AE5A08EAEAA20'.
    at <anonymous> (/Users/grins/git/warcraft/wow-bis/node_modules/.pnpm/puppeteer-core@24.25.0/node_modules/puppeteer-core/lib/esm/puppeteer/util/decorators.js:99:27)
    at <anonymous> (/Users/grins/git/warcraft/wow-bis/node_modules/.pnpm/puppeteer-core@24.25.0/node_modules/puppeteer-core/lib/esm/puppeteer/api/Page.js:568:43)
    at goto (/Users/grins/git/warcraft/wow-bis/node_modules/.pnpm/puppeteer-core@24.25.0/node_modules/puppeteer-core/lib/esm/puppeteer/api/Page.js:567:20)
    at <anonymous> (/Users/grins/git/warcraft/wow-bis/scripts/process-quest-levels.ts:191:24)
    at fetchQuestRequiredLevel (/Users/grins/git/warcraft/wow-bis/scripts/process-quest-levels.ts:182:33)
    at processTicksAndRejections (native:7:39)
Full Error: {}
---
[2025-11-03T02:51:39.497Z] ERROR: Error fetching quest 5265 (attempt 3)
Message: Attempted to use detached Frame '03DAD367655A18147D7AE5A08EAEAA20'.
Stack: Error: Attempted to use detached Frame '03DAD367655A18147D7AE5A08EAEAA20'.
    at <anonymous> (/Users/grins/git/warcraft/wow-bis/node_modules/.pnpm/puppeteer-core@24.25.0/node_modules/puppeteer-core/lib/esm/puppeteer/util/decorators.js:99:27)
    at <anonymous> (/Users/grins/git/warcraft/wow-bis/node_modules/.pnpm/puppeteer-core@24.25.0/node_modules/puppeteer-core/lib/esm/puppeteer/api/Page.js:568:43)
    at goto (/Users/grins/git/warcraft/wow-bis/node_modules/.pnpm/puppeteer-core@24.25.0/node_modules/puppeteer-core/lib/esm/puppeteer/api/Page.js:567:20)
    at <anonymous> (/Users/grins/git/warcraft/wow-bis/scripts/process-quest-levels.ts:191:24)
    at fetchQuestRequiredLevel (/Users/grins/git/warcraft/wow-bis/scripts/process-quest-levels.ts:182:33)
    at processTicksAndRejections (native:7:39)
Full Error: {}
---
[2025-11-03T02:51:48.501Z] ERROR: Error fetching quest 5265 (attempt 4)
Message: Attempted to use detached Frame '03DAD367655A18147D7AE5A08EAEAA20'.
Stack: Error: Attempted to use detached Frame '03DAD367655A18147D7AE5A08EAEAA20'.
    at <anonymous> (/Users/grins/git/warcraft/wow-bis/node_modules/.pnpm/puppeteer-core@24.25.0/node_modules/puppeteer-core/lib/esm/puppeteer/util/decorators.js:99:27)
    at <anonymous> (/Users/grins/git/warcraft/wow-bis/node_modules/.pnpm/puppeteer-core@24.25.0/node_modules/puppeteer-core/lib/esm/puppeteer/api/Page.js:568:43)
    at goto (/Users/grins/git/warcraft/wow-bis/node_modules/.pnpm/puppeteer-core@24.25.0/node_modules/puppeteer-core/lib/esm/puppeteer/api/Page.js:567:20)
    at <anonymous> (/Users/grins/git/warcraft/wow-bis/scripts/process-quest-levels.ts:191:24)
    at fetchQuestRequiredLevel (/Users/grins/git/warcraft/wow-bis/scripts/process-quest-levels.ts:182:33)
    at processTicksAndRejections (native:7:39)
Full Error: {}
---
[2025-11-03T02:51:50.506Z] ERROR: Error fetching quest 41814 (attempt 1)
Message: Attempted to use detached Frame '03DAD367655A18147D7AE5A08EAEAA20'.
Stack: Error: Attempted to use detached Frame '03DAD367655A18147D7AE5A08EAEAA20'.
    at <anonymous> (/Users/grins/git/warcraft/wow-bis/node_modules/.pnpm/puppeteer-core@24.25.0/node_modules/puppeteer-core/lib/esm/puppeteer/util/decorators.js:99:27)
    at <anonymous> (/Users/grins/git/warcraft/wow-bis/node_modules/.pnpm/puppeteer-core@24.25.0/node_modules/puppeteer-core/lib/esm/puppeteer/api/Page.js:568:43)
    at goto (/Users/grins/git/warcraft/wow-bis/node_modules/.pnpm/puppeteer-core@24.25.0/node_modules/puppeteer-core/lib/esm/puppeteer/api/Page.js:567:20)
    at <anonymous> (/Users/grins/git/warcraft/wow-bis/scripts/process-quest-levels.ts:191:24)
    at fetchQuestRequiredLevel (/Users/grins/git/warcraft/wow-bis/scripts/process-quest-levels.ts:182:33)
    at <anonymous> (/Users/grins/git/warcraft/wow-bis/scripts/process-quest-levels.ts:386:42)
    at processTicksAndRejections (native:7:39)
Full Error: {}
---
[2025-11-03T02:51:55.511Z] ERROR: Error fetching quest 41814 (attempt 2)
Message: Attempted to use detached Frame '03DAD367655A18147D7AE5A08EAEAA20'.
Stack: Error: Attempted to use detached Frame '03DAD367655A18147D7AE5A08EAEAA20'.
    at <anonymous> (/Users/grins/git/warcraft/wow-bis/node_modules/.pnpm/puppeteer-core@24.25.0/node_modules/puppeteer-core/lib/esm/puppeteer/util/decorators.js:99:27)
    at <anonymous> (/Users/grins/git/warcraft/wow-bis/node_modules/.pnpm/puppeteer-core@24.25.0/node_modules/puppeteer-core/lib/esm/puppeteer/api/Page.js:568:43)
    at goto (/Users/grins/git/warcraft/wow-bis/node_modules/.pnpm/puppeteer-core@24.25.0/node_modules/puppeteer-core/lib/esm/puppeteer/api/Page.js:567:20)
    at <anonymous> (/Users/grins/git/warcraft/wow-bis/scripts/process-quest-levels.ts:191:24)
    at fetchQuestRequiredLevel (/Users/grins/git/warcraft/wow-bis/scripts/process-quest-levels.ts:182:33)
    at processTicksAndRejections (native:7:39)
Full Error: {}
---
[2025-11-03T02:52:02.515Z] ERROR: Error fetching quest 41814 (attempt 3)
Message: Attempted to use detached Frame '03DAD367655A18147D7AE5A08EAEAA20'.
Stack: Error: Attempted to use detached Frame '03DAD367655A18147D7AE5A08EAEAA20'.
    at <anonymous> (/Users/grins/git/warcraft/wow-bis/node_modules/.pnpm/puppeteer-core@24.25.0/node_modules/puppeteer-core/lib/esm/puppeteer/util/decorators.js:99:27)
    at <anonymous> (/Users/grins/git/warcraft/wow-bis/node_modules/.pnpm/puppeteer-core@24.25.0/node_modules/puppeteer-core/lib/esm/puppeteer/api/Page.js:568:43)
    at goto (/Users/grins/git/warcraft/wow-bis/node_modules/.pnpm/puppeteer-core@24.25.0/node_modules/puppeteer-core/lib/esm/puppeteer/api/Page.js:567:20)
    at <anonymous> (/Users/grins/git/warcraft/wow-bis/scripts/process-quest-levels.ts:191:24)
    at fetchQuestRequiredLevel (/Users/grins/git/warcraft/wow-bis/scripts/process-quest-levels.ts:182:33)
    at processTicksAndRejections (native:7:39)
Full Error: {}
---
[2025-11-03T03:08:08.200Z] ERROR: Error fetching quest 41814 (attempt 4)
Message: Attempted to use detached Frame '03DAD367655A18147D7AE5A08EAEAA20'.
Stack: Error: Attempted to use detached Frame '03DAD367655A18147D7AE5A08EAEAA20'.
    at <anonymous> (/Users/grins/git/warcraft/wow-bis/node_modules/.pnpm/puppeteer-core@24.25.0/node_modules/puppeteer-core/lib/esm/puppeteer/util/decorators.js:99:27)
    at <anonymous> (/Users/grins/git/warcraft/wow-bis/node_modules/.pnpm/puppeteer-core@24.25.0/node_modules/puppeteer-core/lib/esm/puppeteer/api/Page.js:568:43)
    at goto (/Users/grins/git/warcraft/wow-bis/node_modules/.pnpm/puppeteer-core@24.25.0/node_modules/puppeteer-core/lib/esm/puppeteer/api/Page.js:567:20)
    at <anonymous> (/Users/grins/git/warcraft/wow-bis/scripts/process-quest-levels.ts:191:24)
    at fetchQuestRequiredLevel (/Users/grins/git/warcraft/wow-bis/scripts/process-quest-levels.ts:182:33)
    at processTicksAndRejections (native:7:39)
Full Error: {}
---
[2025-11-03T03:08:10.201Z] ERROR: Error fetching quest 40401 (attempt 1)
Message: Attempted to use detached Frame '03DAD367655A18147D7AE5A08EAEAA20'.
Stack: Error: Attempted to use detached Frame '03DAD367655A18147D7AE5A08EAEAA20'.
    at <anonymous> (/Users/grins/git/warcraft/wow-bis/node_modules/.pnpm/puppeteer-core@24.25.0/node_modules/puppeteer-core/lib/esm/puppeteer/util/decorators.js:99:27)
    at <anonymous> (/Users/grins/git/warcraft/wow-bis/node_modules/.pnpm/puppeteer-core@24.25.0/node_modules/puppeteer-core/lib/esm/puppeteer/api/Page.js:568:43)
    at goto (/Users/grins/git/warcraft/wow-bis/node_modules/.pnpm/puppeteer-core@24.25.0/node_modules/puppeteer-core/lib/esm/puppeteer/api/Page.js:567:20)
    at <anonymous> (/Users/grins/git/warcraft/wow-bis/scripts/process-quest-levels.ts:191:24)
    at fetchQuestRequiredLevel (/Users/grins/git/warcraft/wow-bis/scripts/process-quest-levels.ts:182:33)
    at <anonymous> (/Users/grins/git/warcraft/wow-bis/scripts/process-quest-levels.ts:386:42)
    at processTicksAndRejections (native:7:39)
Full Error: {}
---
[2025-11-03T03:08:15.199Z] ERROR: Error fetching quest 40401 (attempt 2)
Message: Attempted to use detached Frame '03DAD367655A18147D7AE5A08EAEAA20'.
Stack: Error: Attempted to use detached Frame '03DAD367655A18147D7AE5A08EAEAA20'.
    at <anonymous> (/Users/grins/git/warcraft/wow-bis/node_modules/.pnpm/puppeteer-core@24.25.0/node_modules/puppeteer-core/lib/esm/puppeteer/util/decorators.js:99:27)
    at <anonymous> (/Users/grins/git/warcraft/wow-bis/node_modules/.pnpm/puppeteer-core@24.25.0/node_modules/puppeteer-core/lib/esm/puppeteer/api/Page.js:568:43)
    at goto (/Users/grins/git/warcraft/wow-bis/node_modules/.pnpm/puppeteer-core@24.25.0/node_modules/puppeteer-core/lib/esm/puppeteer/api/Page.js:567:20)
    at <anonymous> (/Users/grins/git/warcraft/wow-bis/scripts/process-quest-levels.ts:191:24)
    at fetchQuestRequiredLevel (/Users/grins/git/warcraft/wow-bis/scripts/process-quest-levels.ts:182:33)
    at processTicksAndRejections (native:7:39)
Full Error: {}
---
[2025-11-03T03:08:22.201Z] ERROR: Error fetching quest 40401 (attempt 3)
Message: Attempted to use detached Frame '03DAD367655A18147D7AE5A08EAEAA20'.
Stack: Error: Attempted to use detached Frame '03DAD367655A18147D7AE5A08EAEAA20'.
    at <anonymous> (/Users/grins/git/warcraft/wow-bis/node_modules/.pnpm/puppeteer-core@24.25.0/node_modules/puppeteer-core/lib/esm/puppeteer/util/decorators.js:99:27)
    at <anonymous> (/Users/grins/git/warcraft/wow-bis/node_modules/.pnpm/puppeteer-core@24.25.0/node_modules/puppeteer-core/lib/esm/puppeteer/api/Page.js:568:43)
    at goto (/Users/grins/git/warcraft/wow-bis/node_modules/.pnpm/puppeteer-core@24.25.0/node_modules/puppeteer-core/lib/esm/puppeteer/api/Page.js:567:20)
    at <anonymous> (/Users/grins/git/warcraft/wow-bis/scripts/process-quest-levels.ts:191:24)
    at fetchQuestRequiredLevel (/Users/grins/git/warcraft/wow-bis/scripts/process-quest-levels.ts:182:33)
    at processTicksAndRejections (native:7:39)
Full Error: {}
---
[2025-11-03T03:08:31.202Z] ERROR: Error fetching quest 40401 (attempt 4)
Message: Attempted to use detached Frame '03DAD367655A18147D7AE5A08EAEAA20'.
Stack: Error: Attempted to use detached Frame '03DAD367655A18147D7AE5A08EAEAA20'.
    at <anonymous> (/Users/grins/git/warcraft/wow-bis/node_modules/.pnpm/puppeteer-core@24.25.0/node_modules/puppeteer-core/lib/esm/puppeteer/util/decorators.js:99:27)
    at <anonymous> (/Users/grins/git/warcraft/wow-bis/node_modules/.pnpm/puppeteer-core@24.25.0/node_modules/puppeteer-core/lib/esm/puppeteer/api/Page.js:568:43)
    at goto (/Users/grins/git/warcraft/wow-bis/node_modules/.pnpm/puppeteer-core@24.25.0/node_modules/puppeteer-core/lib/esm/puppeteer/api/Page.js:567:20)
    at <anonymous> (/Users/grins/git/warcraft/wow-bis/scripts/process-quest-levels.ts:191:24)
    at fetchQuestRequiredLevel (/Users/grins/git/warcraft/wow-bis/scripts/process-quest-levels.ts:182:33)
    at processTicksAndRejections (native:7:39)
Full Error: {}
---
[2025-11-03T03:08:35.210Z] ERROR: Error fetching quest 41026 (attempt 1)
Message: Attempted to use detached Frame '03DAD367655A18147D7AE5A08EAEAA20'.
Stack: Error: Attempted to use detached Frame '03DAD367655A18147D7AE5A08EAEAA20'.
    at <anonymous> (/Users/grins/git/warcraft/wow-bis/node_modules/.pnpm/puppeteer-core@24.25.0/node_modules/puppeteer-core/lib/esm/puppeteer/util/decorators.js:99:27)
    at <anonymous> (/Users/grins/git/warcraft/wow-bis/node_modules/.pnpm/puppeteer-core@24.25.0/node_modules/puppeteer-core/lib/esm/puppeteer/api/Page.js:568:43)
    at goto (/Users/grins/git/warcraft/wow-bis/node_modules/.pnpm/puppeteer-core@24.25.0/node_modules/puppeteer-core/lib/esm/puppeteer/api/Page.js:567:20)
    at <anonymous> (/Users/grins/git/warcraft/wow-bis/scripts/process-quest-levels.ts:191:24)
    at fetchQuestRequiredLevel (/Users/grins/git/warcraft/wow-bis/scripts/process-quest-levels.ts:182:33)
    at <anonymous> (/Users/grins/git/warcraft/wow-bis/scripts/process-quest-levels.ts:386:42)
    at processTicksAndRejections (native:7:39)
Full Error: {}
---
[2025-11-03T03:08:40.213Z] ERROR: Error fetching quest 41026 (attempt 2)
Message: Attempted to use detached Frame '03DAD367655A18147D7AE5A08EAEAA20'.
Stack: Error: Attempted to use detached Frame '03DAD367655A18147D7AE5A08EAEAA20'.
    at <anonymous> (/Users/grins/git/warcraft/wow-bis/node_modules/.pnpm/puppeteer-core@24.25.0/node_modules/puppeteer-core/lib/esm/puppeteer/util/decorators.js:99:27)
    at <anonymous> (/Users/grins/git/warcraft/wow-bis/node_modules/.pnpm/puppeteer-core@24.25.0/node_modules/puppeteer-core/lib/esm/puppeteer/api/Page.js:568:43)
    at goto (/Users/grins/git/warcraft/wow-bis/node_modules/.pnpm/puppeteer-core@24.25.0/node_modules/puppeteer-core/lib/esm/puppeteer/api/Page.js:567:20)
    at <anonymous> (/Users/grins/git/warcraft/wow-bis/scripts/process-quest-levels.ts:191:24)
    at fetchQuestRequiredLevel (/Users/grins/git/warcraft/wow-bis/scripts/process-quest-levels.ts:182:33)
    at processTicksAndRejections (native:7:39)
Full Error: {}
---
[2025-11-03T03:08:47.215Z] ERROR: Error fetching quest 41026 (attempt 3)
Message: Attempted to use detached Frame '03DAD367655A18147D7AE5A08EAEAA20'.
Stack: Error: Attempted to use detached Frame '03DAD367655A18147D7AE5A08EAEAA20'.
    at <anonymous> (/Users/grins/git/warcraft/wow-bis/node_modules/.pnpm/puppeteer-core@24.25.0/node_modules/puppeteer-core/lib/esm/puppeteer/util/decorators.js:99:27)
    at <anonymous> (/Users/grins/git/warcraft/wow-bis/node_modules/.pnpm/puppeteer-core@24.25.0/node_modules/puppeteer-core/lib/esm/puppeteer/api/Page.js:568:43)
    at goto (/Users/grins/git/warcraft/wow-bis/node_modules/.pnpm/puppeteer-core@24.25.0/node_modules/puppeteer-core/lib/esm/puppeteer/api/Page.js:567:20)
    at <anonymous> (/Users/grins/git/warcraft/wow-bis/scripts/process-quest-levels.ts:191:24)
    at fetchQuestRequiredLevel (/Users/grins/git/warcraft/wow-bis/scripts/process-quest-levels.ts:182:33)
    at processTicksAndRejections (native:7:39)
Full Error: {}
---
[2025-11-03T03:08:56.216Z] ERROR: Error fetching quest 41026 (attempt 4)
Message: Attempted to use detached Frame '03DAD367655A18147D7AE5A08EAEAA20'.
Stack: Error: Attempted to use detached Frame '03DAD367655A18147D7AE5A08EAEAA20'.
    at <anonymous> (/Users/grins/git/warcraft/wow-bis/node_modules/.pnpm/puppeteer-core@24.25.0/node_modules/puppeteer-core/lib/esm/puppeteer/util/decorators.js:99:27)
    at <anonymous> (/Users/grins/git/warcraft/wow-bis/node_modules/.pnpm/puppeteer-core@24.25.0/node_modules/puppeteer-core/lib/esm/puppeteer/api/Page.js:568:43)
    at goto (/Users/grins/git/warcraft/wow-bis/node_modules/.pnpm/puppeteer-core@24.25.0/node_modules/puppeteer-core/lib/esm/puppeteer/api/Page.js:567:20)
    at <anonymous> (/Users/grins/git/warcraft/wow-bis/scripts/process-quest-levels.ts:191:24)
    at fetchQuestRequiredLevel (/Users/grins/git/warcraft/wow-bis/scripts/process-quest-levels.ts:182:33)
    at processTicksAndRejections (native:7:39)
Full Error: {}
---
[2025-11-03T03:08:58.220Z] ERROR: Error fetching quest 914 (attempt 1)
Message: Attempted to use detached Frame '03DAD367655A18147D7AE5A08EAEAA20'.
Stack: Error: Attempted to use detached Frame '03DAD367655A18147D7AE5A08EAEAA20'.
    at <anonymous> (/Users/grins/git/warcraft/wow-bis/node_modules/.pnpm/puppeteer-core@24.25.0/node_modules/puppeteer-core/lib/esm/puppeteer/util/decorators.js:99:27)
    at <anonymous> (/Users/grins/git/warcraft/wow-bis/node_modules/.pnpm/puppeteer-core@24.25.0/node_modules/puppeteer-core/lib/esm/puppeteer/api/Page.js:568:43)
    at goto (/Users/grins/git/warcraft/wow-bis/node_modules/.pnpm/puppeteer-core@24.25.0/node_modules/puppeteer-core/lib/esm/puppeteer/api/Page.js:567:20)
    at <anonymous> (/Users/grins/git/warcraft/wow-bis/scripts/process-quest-levels.ts:191:24)
    at fetchQuestRequiredLevel (/Users/grins/git/warcraft/wow-bis/scripts/process-quest-levels.ts:182:33)
    at <anonymous> (/Users/grins/git/warcraft/wow-bis/scripts/process-quest-levels.ts:386:42)
    at processTicksAndRejections (native:7:39)
Full Error: {}
---
[2025-11-03T03:09:03.224Z] ERROR: Error fetching quest 914 (attempt 2)
Message: Attempted to use detached Frame '03DAD367655A18147D7AE5A08EAEAA20'.
Stack: Error: Attempted to use detached Frame '03DAD367655A18147D7AE5A08EAEAA20'.
    at <anonymous> (/Users/grins/git/warcraft/wow-bis/node_modules/.pnpm/puppeteer-core@24.25.0/node_modules/puppeteer-core/lib/esm/puppeteer/util/decorators.js:99:27)
    at <anonymous> (/Users/grins/git/warcraft/wow-bis/node_modules/.pnpm/puppeteer-core@24.25.0/node_modules/puppeteer-core/lib/esm/puppeteer/api/Page.js:568:43)
    at goto (/Users/grins/git/warcraft/wow-bis/node_modules/.pnpm/puppeteer-core@24.25.0/node_modules/puppeteer-core/lib/esm/puppeteer/api/Page.js:567:20)
    at <anonymous> (/Users/grins/git/warcraft/wow-bis/scripts/process-quest-levels.ts:191:24)
    at fetchQuestRequiredLevel (/Users/grins/git/warcraft/wow-bis/scripts/process-quest-levels.ts:182:33)
    at processTicksAndRejections (native:7:39)
Full Error: {}
---
[2025-11-03T03:09:10.226Z] ERROR: Error fetching quest 914 (attempt 3)
Message: Attempted to use detached Frame '03DAD367655A18147D7AE5A08EAEAA20'.
Stack: Error: Attempted to use detached Frame '03DAD367655A18147D7AE5A08EAEAA20'.
    at <anonymous> (/Users/grins/git/warcraft/wow-bis/node_modules/.pnpm/puppeteer-core@24.25.0/node_modules/puppeteer-core/lib/esm/puppeteer/util/decorators.js:99:27)
    at <anonymous> (/Users/grins/git/warcraft/wow-bis/node_modules/.pnpm/puppeteer-core@24.25.0/node_modules/puppeteer-core/lib/esm/puppeteer/api/Page.js:568:43)
    at goto (/Users/grins/git/warcraft/wow-bis/node_modules/.pnpm/puppeteer-core@24.25.0/node_modules/puppeteer-core/lib/esm/puppeteer/api/Page.js:567:20)
    at <anonymous> (/Users/grins/git/warcraft/wow-bis/scripts/process-quest-levels.ts:191:24)
    at fetchQuestRequiredLevel (/Users/grins/git/warcraft/wow-bis/scripts/process-quest-levels.ts:182:33)
    at processTicksAndRejections (native:7:39)
Full Error: {}
---
[2025-11-03T03:09:19.230Z] ERROR: Error fetching quest 914 (attempt 4)
Message: Attempted to use detached Frame '03DAD367655A18147D7AE5A08EAEAA20'.
Stack: Error: Attempted to use detached Frame '03DAD367655A18147D7AE5A08EAEAA20'.
    at <anonymous> (/Users/grins/git/warcraft/wow-bis/node_modules/.pnpm/puppeteer-core@24.25.0/node_modules/puppeteer-core/lib/esm/puppeteer/util/decorators.js:99:27)
    at <anonymous> (/Users/grins/git/warcraft/wow-bis/node_modules/.pnpm/puppeteer-core@24.25.0/node_modules/puppeteer-core/lib/esm/puppeteer/api/Page.js:568:43)
    at goto (/Users/grins/git/warcraft/wow-bis/node_modules/.pnpm/puppeteer-core@24.25.0/node_modules/puppeteer-core/lib/esm/puppeteer/api/Page.js:567:20)
    at <anonymous> (/Users/grins/git/warcraft/wow-bis/scripts/process-quest-levels.ts:191:24)
    at fetchQuestRequiredLevel (/Users/grins/git/warcraft/wow-bis/scripts/process-quest-levels.ts:182:33)
    at processTicksAndRejections (native:7:39)
Full Error: {}
---
[2025-11-03T03:09:23.240Z] ERROR: Error fetching quest 1053 (attempt 1)
Message: Attempted to use detached Frame '03DAD367655A18147D7AE5A08EAEAA20'.
Stack: Error: Attempted to use detached Frame '03DAD367655A18147D7AE5A08EAEAA20'.
    at <anonymous> (/Users/grins/git/warcraft/wow-bis/node_modules/.pnpm/puppeteer-core@24.25.0/node_modules/puppeteer-core/lib/esm/puppeteer/util/decorators.js:99:27)
    at <anonymous> (/Users/grins/git/warcraft/wow-bis/node_modules/.pnpm/puppeteer-core@24.25.0/node_modules/puppeteer-core/lib/esm/puppeteer/api/Page.js:568:43)
    at goto (/Users/grins/git/warcraft/wow-bis/node_modules/.pnpm/puppeteer-core@24.25.0/node_modules/puppeteer-core/lib/esm/puppeteer/api/Page.js:567:20)
    at <anonymous> (/Users/grins/git/warcraft/wow-bis/scripts/process-quest-levels.ts:191:24)
    at fetchQuestRequiredLevel (/Users/grins/git/warcraft/wow-bis/scripts/process-quest-levels.ts:182:33)
    at <anonymous> (/Users/grins/git/warcraft/wow-bis/scripts/process-quest-levels.ts:386:42)
    at processTicksAndRejections (native:7:39)
Full Error: {}
---
[2025-11-03T03:09:28.244Z] ERROR: Error fetching quest 1053 (attempt 2)
Message: Attempted to use detached Frame '03DAD367655A18147D7AE5A08EAEAA20'.
Stack: Error: Attempted to use detached Frame '03DAD367655A18147D7AE5A08EAEAA20'.
    at <anonymous> (/Users/grins/git/warcraft/wow-bis/node_modules/.pnpm/puppeteer-core@24.25.0/node_modules/puppeteer-core/lib/esm/puppeteer/util/decorators.js:99:27)
    at <anonymous> (/Users/grins/git/warcraft/wow-bis/node_modules/.pnpm/puppeteer-core@24.25.0/node_modules/puppeteer-core/lib/esm/puppeteer/api/Page.js:568:43)
    at goto (/Users/grins/git/warcraft/wow-bis/node_modules/.pnpm/puppeteer-core@24.25.0/node_modules/puppeteer-core/lib/esm/puppeteer/api/Page.js:567:20)
    at <anonymous> (/Users/grins/git/warcraft/wow-bis/scripts/process-quest-levels.ts:191:24)
    at fetchQuestRequiredLevel (/Users/grins/git/warcraft/wow-bis/scripts/process-quest-levels.ts:182:33)
    at processTicksAndRejections (native:7:39)
Full Error: {}
---
[2025-11-03T03:09:35.247Z] ERROR: Error fetching quest 1053 (attempt 3)
Message: Attempted to use detached Frame '03DAD367655A18147D7AE5A08EAEAA20'.
Stack: Error: Attempted to use detached Frame '03DAD367655A18147D7AE5A08EAEAA20'.
    at <anonymous> (/Users/grins/git/warcraft/wow-bis/node_modules/.pnpm/puppeteer-core@24.25.0/node_modules/puppeteer-core/lib/esm/puppeteer/util/decorators.js:99:27)
    at <anonymous> (/Users/grins/git/warcraft/wow-bis/node_modules/.pnpm/puppeteer-core@24.25.0/node_modules/puppeteer-core/lib/esm/puppeteer/api/Page.js:568:43)
    at goto (/Users/grins/git/warcraft/wow-bis/node_modules/.pnpm/puppeteer-core@24.25.0/node_modules/puppeteer-core/lib/esm/puppeteer/api/Page.js:567:20)
    at <anonymous> (/Users/grins/git/warcraft/wow-bis/scripts/process-quest-levels.ts:191:24)
    at fetchQuestRequiredLevel (/Users/grins/git/warcraft/wow-bis/scripts/process-quest-levels.ts:182:33)
    at processTicksAndRejections (native:7:39)
Full Error: {}
---
[2025-11-03T03:09:44.250Z] ERROR: Error fetching quest 1053 (attempt 4)
Message: Attempted to use detached Frame '03DAD367655A18147D7AE5A08EAEAA20'.
Stack: Error: Attempted to use detached Frame '03DAD367655A18147D7AE5A08EAEAA20'.
    at <anonymous> (/Users/grins/git/warcraft/wow-bis/node_modules/.pnpm/puppeteer-core@24.25.0/node_modules/puppeteer-core/lib/esm/puppeteer/util/decorators.js:99:27)
    at <anonymous> (/Users/grins/git/warcraft/wow-bis/node_modules/.pnpm/puppeteer-core@24.25.0/node_modules/puppeteer-core/lib/esm/puppeteer/api/Page.js:568:43)
    at goto (/Users/grins/git/warcraft/wow-bis/node_modules/.pnpm/puppeteer-core@24.25.0/node_modules/puppeteer-core/lib/esm/puppeteer/api/Page.js:567:20)
    at <anonymous> (/Users/grins/git/warcraft/wow-bis/scripts/process-quest-levels.ts:191:24)
    at fetchQuestRequiredLevel (/Users/grins/git/warcraft/wow-bis/scripts/process-quest-levels.ts:182:33)
    at processTicksAndRejections (native:7:39)
Full Error: {}
---
[2025-11-03T03:09:50.265Z] ERROR: Error fetching quest 5056 (attempt 1)
Message: Attempted to use detached Frame '03DAD367655A18147D7AE5A08EAEAA20'.
Stack: Error: Attempted to use detached Frame '03DAD367655A18147D7AE5A08EAEAA20'.
    at <anonymous> (/Users/grins/git/warcraft/wow-bis/node_modules/.pnpm/puppeteer-core@24.25.0/node_modules/puppeteer-core/lib/esm/puppeteer/util/decorators.js:99:27)
    at <anonymous> (/Users/grins/git/warcraft/wow-bis/node_modules/.pnpm/puppeteer-core@24.25.0/node_modules/puppeteer-core/lib/esm/puppeteer/api/Page.js:568:43)
    at goto (/Users/grins/git/warcraft/wow-bis/node_modules/.pnpm/puppeteer-core@24.25.0/node_modules/puppeteer-core/lib/esm/puppeteer/api/Page.js:567:20)
    at <anonymous> (/Users/grins/git/warcraft/wow-bis/scripts/process-quest-levels.ts:191:24)
    at fetchQuestRequiredLevel (/Users/grins/git/warcraft/wow-bis/scripts/process-quest-levels.ts:182:33)
    at <anonymous> (/Users/grins/git/warcraft/wow-bis/scripts/process-quest-levels.ts:386:42)
    at processTicksAndRejections (native:7:39)
Full Error: {}
---
[2025-11-03T03:09:55.268Z] ERROR: Error fetching quest 5056 (attempt 2)
Message: Attempted to use detached Frame '03DAD367655A18147D7AE5A08EAEAA20'.
Stack: Error: Attempted to use detached Frame '03DAD367655A18147D7AE5A08EAEAA20'.
    at <anonymous> (/Users/grins/git/warcraft/wow-bis/node_modules/.pnpm/puppeteer-core@24.25.0/node_modules/puppeteer-core/lib/esm/puppeteer/util/decorators.js:99:27)
    at <anonymous> (/Users/grins/git/warcraft/wow-bis/node_modules/.pnpm/puppeteer-core@24.25.0/node_modules/puppeteer-core/lib/esm/puppeteer/api/Page.js:568:43)
    at goto (/Users/grins/git/warcraft/wow-bis/node_modules/.pnpm/puppeteer-core@24.25.0/node_modules/puppeteer-core/lib/esm/puppeteer/api/Page.js:567:20)
    at <anonymous> (/Users/grins/git/warcraft/wow-bis/scripts/process-quest-levels.ts:191:24)
    at fetchQuestRequiredLevel (/Users/grins/git/warcraft/wow-bis/scripts/process-quest-levels.ts:182:33)
    at processTicksAndRejections (native:7:39)
Full Error: {}
---
[2025-11-03T03:10:02.272Z] ERROR: Error fetching quest 5056 (attempt 3)
Message: Attempted to use detached Frame '03DAD367655A18147D7AE5A08EAEAA20'.
Stack: Error: Attempted to use detached Frame '03DAD367655A18147D7AE5A08EAEAA20'.
    at <anonymous> (/Users/grins/git/warcraft/wow-bis/node_modules/.pnpm/puppeteer-core@24.25.0/node_modules/puppeteer-core/lib/esm/puppeteer/util/decorators.js:99:27)
    at <anonymous> (/Users/grins/git/warcraft/wow-bis/node_modules/.pnpm/puppeteer-core@24.25.0/node_modules/puppeteer-core/lib/esm/puppeteer/api/Page.js:568:43)
    at goto (/Users/grins/git/warcraft/wow-bis/node_modules/.pnpm/puppeteer-core@24.25.0/node_modules/puppeteer-core/lib/esm/puppeteer/api/Page.js:567:20)
    at <anonymous> (/Users/grins/git/warcraft/wow-bis/scripts/process-quest-levels.ts:191:24)
    at fetchQuestRequiredLevel (/Users/grins/git/warcraft/wow-bis/scripts/process-quest-levels.ts:182:33)
    at processTicksAndRejections (native:7:39)
Full Error: {}
---
[2025-11-03T03:10:11.276Z] ERROR: Error fetching quest 5056 (attempt 4)
Message: Attempted to use detached Frame '03DAD367655A18147D7AE5A08EAEAA20'.
Stack: Error: Attempted to use detached Frame '03DAD367655A18147D7AE5A08EAEAA20'.
    at <anonymous> (/Users/grins/git/warcraft/wow-bis/node_modules/.pnpm/puppeteer-core@24.25.0/node_modules/puppeteer-core/lib/esm/puppeteer/util/decorators.js:99:27)
    at <anonymous> (/Users/grins/git/warcraft/wow-bis/node_modules/.pnpm/puppeteer-core@24.25.0/node_modules/puppeteer-core/lib/esm/puppeteer/api/Page.js:568:43)
    at goto (/Users/grins/git/warcraft/wow-bis/node_modules/.pnpm/puppeteer-core@24.25.0/node_modules/puppeteer-core/lib/esm/puppeteer/api/Page.js:567:20)
    at <anonymous> (/Users/grins/git/warcraft/wow-bis/scripts/process-quest-levels.ts:191:24)
    at fetchQuestRequiredLevel (/Users/grins/git/warcraft/wow-bis/scripts/process-quest-levels.ts:182:33)
    at processTicksAndRejections (native:7:39)
Full Error: {}
---
[2025-11-03T03:10:13.281Z] ERROR: Error fetching quest 5384 (attempt 1)
Message: Attempted to use detached Frame '03DAD367655A18147D7AE5A08EAEAA20'.
Stack: Error: Attempted to use detached Frame '03DAD367655A18147D7AE5A08EAEAA20'.
    at <anonymous> (/Users/grins/git/warcraft/wow-bis/node_modules/.pnpm/puppeteer-core@24.25.0/node_modules/puppeteer-core/lib/esm/puppeteer/util/decorators.js:99:27)
    at <anonymous> (/Users/grins/git/warcraft/wow-bis/node_modules/.pnpm/puppeteer-core@24.25.0/node_modules/puppeteer-core/lib/esm/puppeteer/api/Page.js:568:43)
    at goto (/Users/grins/git/warcraft/wow-bis/node_modules/.pnpm/puppeteer-core@24.25.0/node_modules/puppeteer-core/lib/esm/puppeteer/api/Page.js:567:20)
    at <anonymous> (/Users/grins/git/warcraft/wow-bis/scripts/process-quest-levels.ts:191:24)
    at fetchQuestRequiredLevel (/Users/grins/git/warcraft/wow-bis/scripts/process-quest-levels.ts:182:33)
    at <anonymous> (/Users/grins/git/warcraft/wow-bis/scripts/process-quest-levels.ts:386:42)
    at processTicksAndRejections (native:7:39)
Full Error: {}
---
[2025-11-03T03:10:18.285Z] ERROR: Error fetching quest 5384 (attempt 2)
Message: Attempted to use detached Frame '03DAD367655A18147D7AE5A08EAEAA20'.
Stack: Error: Attempted to use detached Frame '03DAD367655A18147D7AE5A08EAEAA20'.
    at <anonymous> (/Users/grins/git/warcraft/wow-bis/node_modules/.pnpm/puppeteer-core@24.25.0/node_modules/puppeteer-core/lib/esm/puppeteer/util/decorators.js:99:27)
    at <anonymous> (/Users/grins/git/warcraft/wow-bis/node_modules/.pnpm/puppeteer-core@24.25.0/node_modules/puppeteer-core/lib/esm/puppeteer/api/Page.js:568:43)
    at goto (/Users/grins/git/warcraft/wow-bis/node_modules/.pnpm/puppeteer-core@24.25.0/node_modules/puppeteer-core/lib/esm/puppeteer/api/Page.js:567:20)
    at <anonymous> (/Users/grins/git/warcraft/wow-bis/scripts/process-quest-levels.ts:191:24)
    at fetchQuestRequiredLevel (/Users/grins/git/warcraft/wow-bis/scripts/process-quest-levels.ts:182:33)
    at processTicksAndRejections (native:7:39)
Full Error: {}
---
[2025-11-03T03:10:25.288Z] ERROR: Error fetching quest 5384 (attempt 3)
Message: Attempted to use detached Frame '03DAD367655A18147D7AE5A08EAEAA20'.
Stack: Error: Attempted to use detached Frame '03DAD367655A18147D7AE5A08EAEAA20'.
    at <anonymous> (/Users/grins/git/warcraft/wow-bis/node_modules/.pnpm/puppeteer-core@24.25.0/node_modules/puppeteer-core/lib/esm/puppeteer/util/decorators.js:99:27)
    at <anonymous> (/Users/grins/git/warcraft/wow-bis/node_modules/.pnpm/puppeteer-core@24.25.0/node_modules/puppeteer-core/lib/esm/puppeteer/api/Page.js:568:43)
    at goto (/Users/grins/git/warcraft/wow-bis/node_modules/.pnpm/puppeteer-core@24.25.0/node_modules/puppeteer-core/lib/esm/puppeteer/api/Page.js:567:20)
    at <anonymous> (/Users/grins/git/warcraft/wow-bis/scripts/process-quest-levels.ts:191:24)
    at fetchQuestRequiredLevel (/Users/grins/git/warcraft/wow-bis/scripts/process-quest-levels.ts:182:33)
    at processTicksAndRejections (native:7:39)
Full Error: {}
---
[2025-11-03T03:10:34.291Z] ERROR: Error fetching quest 5384 (attempt 4)
Message: Attempted to use detached Frame '03DAD367655A18147D7AE5A08EAEAA20'.
Stack: Error: Attempted to use detached Frame '03DAD367655A18147D7AE5A08EAEAA20'.
    at <anonymous> (/Users/grins/git/warcraft/wow-bis/node_modules/.pnpm/puppeteer-core@24.25.0/node_modules/puppeteer-core/lib/esm/puppeteer/util/decorators.js:99:27)
    at <anonymous> (/Users/grins/git/warcraft/wow-bis/node_modules/.pnpm/puppeteer-core@24.25.0/node_modules/puppeteer-core/lib/esm/puppeteer/api/Page.js:568:43)
    at goto (/Users/grins/git/warcraft/wow-bis/node_modules/.pnpm/puppeteer-core@24.25.0/node_modules/puppeteer-core/lib/esm/puppeteer/api/Page.js:567:20)
    at <anonymous> (/Users/grins/git/warcraft/wow-bis/scripts/process-quest-levels.ts:191:24)
    at fetchQuestRequiredLevel (/Users/grins/git/warcraft/wow-bis/scripts/process-quest-levels.ts:182:33)
    at processTicksAndRejections (native:7:39)
Full Error: {}
---
[2025-11-03T03:10:36.296Z] ERROR: Error fetching quest 909 (attempt 1)
Message: Attempted to use detached Frame '03DAD367655A18147D7AE5A08EAEAA20'.
Stack: Error: Attempted to use detached Frame '03DAD367655A18147D7AE5A08EAEAA20'.
    at <anonymous> (/Users/grins/git/warcraft/wow-bis/node_modules/.pnpm/puppeteer-core@24.25.0/node_modules/puppeteer-core/lib/esm/puppeteer/util/decorators.js:99:27)
    at <anonymous> (/Users/grins/git/warcraft/wow-bis/node_modules/.pnpm/puppeteer-core@24.25.0/node_modules/puppeteer-core/lib/esm/puppeteer/api/Page.js:568:43)
    at goto (/Users/grins/git/warcraft/wow-bis/node_modules/.pnpm/puppeteer-core@24.25.0/node_modules/puppeteer-core/lib/esm/puppeteer/api/Page.js:567:20)
    at <anonymous> (/Users/grins/git/warcraft/wow-bis/scripts/process-quest-levels.ts:191:24)
    at fetchQuestRequiredLevel (/Users/grins/git/warcraft/wow-bis/scripts/process-quest-levels.ts:182:33)
    at <anonymous> (/Users/grins/git/warcraft/wow-bis/scripts/process-quest-levels.ts:386:42)
    at processTicksAndRejections (native:7:39)
Full Error: {}
---
[2025-11-03T03:25:34.146Z] ERROR: Error fetching quest 909 (attempt 2)
Message: Attempted to use detached Frame '03DAD367655A18147D7AE5A08EAEAA20'.
Stack: Error: Attempted to use detached Frame '03DAD367655A18147D7AE5A08EAEAA20'.
    at <anonymous> (/Users/grins/git/warcraft/wow-bis/node_modules/.pnpm/puppeteer-core@24.25.0/node_modules/puppeteer-core/lib/esm/puppeteer/util/decorators.js:99:27)
    at <anonymous> (/Users/grins/git/warcraft/wow-bis/node_modules/.pnpm/puppeteer-core@24.25.0/node_modules/puppeteer-core/lib/esm/puppeteer/api/Page.js:568:43)
    at goto (/Users/grins/git/warcraft/wow-bis/node_modules/.pnpm/puppeteer-core@24.25.0/node_modules/puppeteer-core/lib/esm/puppeteer/api/Page.js:567:20)
    at <anonymous> (/Users/grins/git/warcraft/wow-bis/scripts/process-quest-levels.ts:191:24)
    at fetchQuestRequiredLevel (/Users/grins/git/warcraft/wow-bis/scripts/process-quest-levels.ts:182:33)
    at processTicksAndRejections (native:7:39)
Full Error: {}
---
[2025-11-03T03:25:41.273Z] ERROR: Error fetching quest 909 (attempt 3)
Message: Attempted to use detached Frame '03DAD367655A18147D7AE5A08EAEAA20'.
Stack: Error: Attempted to use detached Frame '03DAD367655A18147D7AE5A08EAEAA20'.
    at <anonymous> (/Users/grins/git/warcraft/wow-bis/node_modules/.pnpm/puppeteer-core@24.25.0/node_modules/puppeteer-core/lib/esm/puppeteer/util/decorators.js:99:27)
    at <anonymous> (/Users/grins/git/warcraft/wow-bis/node_modules/.pnpm/puppeteer-core@24.25.0/node_modules/puppeteer-core/lib/esm/puppeteer/api/Page.js:568:43)
    at goto (/Users/grins/git/warcraft/wow-bis/node_modules/.pnpm/puppeteer-core@24.25.0/node_modules/puppeteer-core/lib/esm/puppeteer/api/Page.js:567:20)
    at <anonymous> (/Users/grins/git/warcraft/wow-bis/scripts/process-quest-levels.ts:191:24)
    at fetchQuestRequiredLevel (/Users/grins/git/warcraft/wow-bis/scripts/process-quest-levels.ts:182:33)
    at processTicksAndRejections (native:7:39)
Full Error: {}
---
[2025-11-03T03:25:50.281Z] ERROR: Error fetching quest 909 (attempt 4)
Message: Attempted to use detached Frame '03DAD367655A18147D7AE5A08EAEAA20'.
Stack: Error: Attempted to use detached Frame '03DAD367655A18147D7AE5A08EAEAA20'.
    at <anonymous> (/Users/grins/git/warcraft/wow-bis/node_modules/.pnpm/puppeteer-core@24.25.0/node_modules/puppeteer-core/lib/esm/puppeteer/util/decorators.js:99:27)
    at <anonymous> (/Users/grins/git/warcraft/wow-bis/node_modules/.pnpm/puppeteer-core@24.25.0/node_modules/puppeteer-core/lib/esm/puppeteer/api/Page.js:568:43)
    at goto (/Users/grins/git/warcraft/wow-bis/node_modules/.pnpm/puppeteer-core@24.25.0/node_modules/puppeteer-core/lib/esm/puppeteer/api/Page.js:567:20)
    at <anonymous> (/Users/grins/git/warcraft/wow-bis/scripts/process-quest-levels.ts:191:24)
    at fetchQuestRequiredLevel (/Users/grins/git/warcraft/wow-bis/scripts/process-quest-levels.ts:182:33)
    at processTicksAndRejections (native:7:39)
Full Error: {}
---
[2025-11-03T03:25:52.284Z] ERROR: Error fetching quest 6922 (attempt 1)
Message: Attempted to use detached Frame '03DAD367655A18147D7AE5A08EAEAA20'.
Stack: Error: Attempted to use detached Frame '03DAD367655A18147D7AE5A08EAEAA20'.
    at <anonymous> (/Users/grins/git/warcraft/wow-bis/node_modules/.pnpm/puppeteer-core@24.25.0/node_modules/puppeteer-core/lib/esm/puppeteer/util/decorators.js:99:27)
    at <anonymous> (/Users/grins/git/warcraft/wow-bis/node_modules/.pnpm/puppeteer-core@24.25.0/node_modules/puppeteer-core/lib/esm/puppeteer/api/Page.js:568:43)
    at goto (/Users/grins/git/warcraft/wow-bis/node_modules/.pnpm/puppeteer-core@24.25.0/node_modules/puppeteer-core/lib/esm/puppeteer/api/Page.js:567:20)
    at <anonymous> (/Users/grins/git/warcraft/wow-bis/scripts/process-quest-levels.ts:191:24)
    at fetchQuestRequiredLevel (/Users/grins/git/warcraft/wow-bis/scripts/process-quest-levels.ts:182:33)
    at <anonymous> (/Users/grins/git/warcraft/wow-bis/scripts/process-quest-levels.ts:386:42)
    at processTicksAndRejections (native:7:39)
Full Error: {}
---
[2025-11-03T03:25:57.289Z] ERROR: Error fetching quest 6922 (attempt 2)
Message: Attempted to use detached Frame '03DAD367655A18147D7AE5A08EAEAA20'.
Stack: Error: Attempted to use detached Frame '03DAD367655A18147D7AE5A08EAEAA20'.
    at <anonymous> (/Users/grins/git/warcraft/wow-bis/node_modules/.pnpm/puppeteer-core@24.25.0/node_modules/puppeteer-core/lib/esm/puppeteer/util/decorators.js:99:27)
    at <anonymous> (/Users/grins/git/warcraft/wow-bis/node_modules/.pnpm/puppeteer-core@24.25.0/node_modules/puppeteer-core/lib/esm/puppeteer/api/Page.js:568:43)
    at goto (/Users/grins/git/warcraft/wow-bis/node_modules/.pnpm/puppeteer-core@24.25.0/node_modules/puppeteer-core/lib/esm/puppeteer/api/Page.js:567:20)
    at <anonymous> (/Users/grins/git/warcraft/wow-bis/scripts/process-quest-levels.ts:191:24)
    at fetchQuestRequiredLevel (/Users/grins/git/warcraft/wow-bis/scripts/process-quest-levels.ts:182:33)
    at processTicksAndRejections (native:7:39)
Full Error: {}
---
[2025-11-03T03:26:04.294Z] ERROR: Error fetching quest 6922 (attempt 3)
Message: Attempted to use detached Frame '03DAD367655A18147D7AE5A08EAEAA20'.
Stack: Error: Attempted to use detached Frame '03DAD367655A18147D7AE5A08EAEAA20'.
    at <anonymous> (/Users/grins/git/warcraft/wow-bis/node_modules/.pnpm/puppeteer-core@24.25.0/node_modules/puppeteer-core/lib/esm/puppeteer/util/decorators.js:99:27)
    at <anonymous> (/Users/grins/git/warcraft/wow-bis/node_modules/.pnpm/puppeteer-core@24.25.0/node_modules/puppeteer-core/lib/esm/puppeteer/api/Page.js:568:43)
    at goto (/Users/grins/git/warcraft/wow-bis/node_modules/.pnpm/puppeteer-core@24.25.0/node_modules/puppeteer-core/lib/esm/puppeteer/api/Page.js:567:20)
    at <anonymous> (/Users/grins/git/warcraft/wow-bis/scripts/process-quest-levels.ts:191:24)
    at fetchQuestRequiredLevel (/Users/grins/git/warcraft/wow-bis/scripts/process-quest-levels.ts:182:33)
    at processTicksAndRejections (native:7:39)
Full Error: {}
---
[2025-11-03T03:26:13.299Z] ERROR: Error fetching quest 6922 (attempt 4)
Message: Attempted to use detached Frame '03DAD367655A18147D7AE5A08EAEAA20'.
Stack: Error: Attempted to use detached Frame '03DAD367655A18147D7AE5A08EAEAA20'.
    at <anonymous> (/Users/grins/git/warcraft/wow-bis/node_modules/.pnpm/puppeteer-core@24.25.0/node_modules/puppeteer-core/lib/esm/puppeteer/util/decorators.js:99:27)
    at <anonymous> (/Users/grins/git/warcraft/wow-bis/node_modules/.pnpm/puppeteer-core@24.25.0/node_modules/puppeteer-core/lib/esm/puppeteer/api/Page.js:568:43)
    at goto (/Users/grins/git/warcraft/wow-bis/node_modules/.pnpm/puppeteer-core@24.25.0/node_modules/puppeteer-core/lib/esm/puppeteer/api/Page.js:567:20)
    at <anonymous> (/Users/grins/git/warcraft/wow-bis/scripts/process-quest-levels.ts:191:24)
    at fetchQuestRequiredLevel (/Users/grins/git/warcraft/wow-bis/scripts/process-quest-levels.ts:182:33)
    at processTicksAndRejections (native:7:39)
Full Error: {}
---
[2025-11-03T03:26:15.301Z] ERROR: Error fetching quest 9023 (attempt 1)
Message: Attempted to use detached Frame '03DAD367655A18147D7AE5A08EAEAA20'.
Stack: Error: Attempted to use detached Frame '03DAD367655A18147D7AE5A08EAEAA20'.
    at <anonymous> (/Users/grins/git/warcraft/wow-bis/node_modules/.pnpm/puppeteer-core@24.25.0/node_modules/puppeteer-core/lib/esm/puppeteer/util/decorators.js:99:27)
    at <anonymous> (/Users/grins/git/warcraft/wow-bis/node_modules/.pnpm/puppeteer-core@24.25.0/node_modules/puppeteer-core/lib/esm/puppeteer/api/Page.js:568:43)
    at goto (/Users/grins/git/warcraft/wow-bis/node_modules/.pnpm/puppeteer-core@24.25.0/node_modules/puppeteer-core/lib/esm/puppeteer/api/Page.js:567:20)
    at <anonymous> (/Users/grins/git/warcraft/wow-bis/scripts/process-quest-levels.ts:191:24)
    at fetchQuestRequiredLevel (/Users/grins/git/warcraft/wow-bis/scripts/process-quest-levels.ts:182:33)
    at <anonymous> (/Users/grins/git/warcraft/wow-bis/scripts/process-quest-levels.ts:386:42)
    at processTicksAndRejections (native:7:39)
Full Error: {}
---
[2025-11-03T03:26:20.305Z] ERROR: Error fetching quest 9023 (attempt 2)
Message: Attempted to use detached Frame '03DAD367655A18147D7AE5A08EAEAA20'.
Stack: Error: Attempted to use detached Frame '03DAD367655A18147D7AE5A08EAEAA20'.
    at <anonymous> (/Users/grins/git/warcraft/wow-bis/node_modules/.pnpm/puppeteer-core@24.25.0/node_modules/puppeteer-core/lib/esm/puppeteer/util/decorators.js:99:27)
    at <anonymous> (/Users/grins/git/warcraft/wow-bis/node_modules/.pnpm/puppeteer-core@24.25.0/node_modules/puppeteer-core/lib/esm/puppeteer/api/Page.js:568:43)
    at goto (/Users/grins/git/warcraft/wow-bis/node_modules/.pnpm/puppeteer-core@24.25.0/node_modules/puppeteer-core/lib/esm/puppeteer/api/Page.js:567:20)
    at <anonymous> (/Users/grins/git/warcraft/wow-bis/scripts/process-quest-levels.ts:191:24)
    at fetchQuestRequiredLevel (/Users/grins/git/warcraft/wow-bis/scripts/process-quest-levels.ts:182:33)
    at processTicksAndRejections (native:7:39)
Full Error: {}
---
[2025-11-03T03:26:27.309Z] ERROR: Error fetching quest 9023 (attempt 3)
Message: Attempted to use detached Frame '03DAD367655A18147D7AE5A08EAEAA20'.
Stack: Error: Attempted to use detached Frame '03DAD367655A18147D7AE5A08EAEAA20'.
    at <anonymous> (/Users/grins/git/warcraft/wow-bis/node_modules/.pnpm/puppeteer-core@24.25.0/node_modules/puppeteer-core/lib/esm/puppeteer/util/decorators.js:99:27)
    at <anonymous> (/Users/grins/git/warcraft/wow-bis/node_modules/.pnpm/puppeteer-core@24.25.0/node_modules/puppeteer-core/lib/esm/puppeteer/api/Page.js:568:43)
    at goto (/Users/grins/git/warcraft/wow-bis/node_modules/.pnpm/puppeteer-core@24.25.0/node_modules/puppeteer-core/lib/esm/puppeteer/api/Page.js:567:20)
    at <anonymous> (/Users/grins/git/warcraft/wow-bis/scripts/process-quest-levels.ts:191:24)
    at fetchQuestRequiredLevel (/Users/grins/git/warcraft/wow-bis/scripts/process-quest-levels.ts:182:33)
    at processTicksAndRejections (native:7:39)
Full Error: {}
---
[2025-11-03T03:26:36.313Z] ERROR: Error fetching quest 9023 (attempt 4)
Message: Attempted to use detached Frame '03DAD367655A18147D7AE5A08EAEAA20'.
Stack: Error: Attempted to use detached Frame '03DAD367655A18147D7AE5A08EAEAA20'.
    at <anonymous> (/Users/grins/git/warcraft/wow-bis/node_modules/.pnpm/puppeteer-core@24.25.0/node_modules/puppeteer-core/lib/esm/puppeteer/util/decorators.js:99:27)
    at <anonymous> (/Users/grins/git/warcraft/wow-bis/node_modules/.pnpm/puppeteer-core@24.25.0/node_modules/puppeteer-core/lib/esm/puppeteer/api/Page.js:568:43)
    at goto (/Users/grins/git/warcraft/wow-bis/node_modules/.pnpm/puppeteer-core@24.25.0/node_modules/puppeteer-core/lib/esm/puppeteer/api/Page.js:567:20)
    at <anonymous> (/Users/grins/git/warcraft/wow-bis/scripts/process-quest-levels.ts:191:24)
    at fetchQuestRequiredLevel (/Users/grins/git/warcraft/wow-bis/scripts/process-quest-levels.ts:182:33)
    at processTicksAndRejections (native:7:39)
Full Error: {}
---
[2025-11-03T03:26:38.318Z] ERROR: Error fetching quest 80411 (attempt 1)
Message: Attempted to use detached Frame '03DAD367655A18147D7AE5A08EAEAA20'.
Stack: Error: Attempted to use detached Frame '03DAD367655A18147D7AE5A08EAEAA20'.
    at <anonymous> (/Users/grins/git/warcraft/wow-bis/node_modules/.pnpm/puppeteer-core@24.25.0/node_modules/puppeteer-core/lib/esm/puppeteer/util/decorators.js:99:27)
    at <anonymous> (/Users/grins/git/warcraft/wow-bis/node_modules/.pnpm/puppeteer-core@24.25.0/node_modules/puppeteer-core/lib/esm/puppeteer/api/Page.js:568:43)
    at goto (/Users/grins/git/warcraft/wow-bis/node_modules/.pnpm/puppeteer-core@24.25.0/node_modules/puppeteer-core/lib/esm/puppeteer/api/Page.js:567:20)
    at <anonymous> (/Users/grins/git/warcraft/wow-bis/scripts/process-quest-levels.ts:191:24)
    at fetchQuestRequiredLevel (/Users/grins/git/warcraft/wow-bis/scripts/process-quest-levels.ts:182:33)
    at <anonymous> (/Users/grins/git/warcraft/wow-bis/scripts/process-quest-levels.ts:386:42)
    at processTicksAndRejections (native:7:39)
Full Error: {}
---
[2025-11-03T03:26:43.322Z] ERROR: Error fetching quest 80411 (attempt 2)
Message: Attempted to use detached Frame '03DAD367655A18147D7AE5A08EAEAA20'.
Stack: Error: Attempted to use detached Frame '03DAD367655A18147D7AE5A08EAEAA20'.
    at <anonymous> (/Users/grins/git/warcraft/wow-bis/node_modules/.pnpm/puppeteer-core@24.25.0/node_modules/puppeteer-core/lib/esm/puppeteer/util/decorators.js:99:27)
    at <anonymous> (/Users/grins/git/warcraft/wow-bis/node_modules/.pnpm/puppeteer-core@24.25.0/node_modules/puppeteer-core/lib/esm/puppeteer/api/Page.js:568:43)
    at goto (/Users/grins/git/warcraft/wow-bis/node_modules/.pnpm/puppeteer-core@24.25.0/node_modules/puppeteer-core/lib/esm/puppeteer/api/Page.js:567:20)
    at <anonymous> (/Users/grins/git/warcraft/wow-bis/scripts/process-quest-levels.ts:191:24)
    at fetchQuestRequiredLevel (/Users/grins/git/warcraft/wow-bis/scripts/process-quest-levels.ts:182:33)
    at processTicksAndRejections (native:7:39)
Full Error: {}
---
[2025-11-03T03:26:50.324Z] ERROR: Error fetching quest 80411 (attempt 3)
Message: Attempted to use detached Frame '03DAD367655A18147D7AE5A08EAEAA20'.
Stack: Error: Attempted to use detached Frame '03DAD367655A18147D7AE5A08EAEAA20'.
    at <anonymous> (/Users/grins/git/warcraft/wow-bis/node_modules/.pnpm/puppeteer-core@24.25.0/node_modules/puppeteer-core/lib/esm/puppeteer/util/decorators.js:99:27)
    at <anonymous> (/Users/grins/git/warcraft/wow-bis/node_modules/.pnpm/puppeteer-core@24.25.0/node_modules/puppeteer-core/lib/esm/puppeteer/api/Page.js:568:43)
    at goto (/Users/grins/git/warcraft/wow-bis/node_modules/.pnpm/puppeteer-core@24.25.0/node_modules/puppeteer-core/lib/esm/puppeteer/api/Page.js:567:20)
    at <anonymous> (/Users/grins/git/warcraft/wow-bis/scripts/process-quest-levels.ts:191:24)
    at fetchQuestRequiredLevel (/Users/grins/git/warcraft/wow-bis/scripts/process-quest-levels.ts:182:33)
    at processTicksAndRejections (native:7:39)
Full Error: {}
---
[2025-11-03T03:26:59.328Z] ERROR: Error fetching quest 80411 (attempt 4)
Message: Attempted to use detached Frame '03DAD367655A18147D7AE5A08EAEAA20'.
Stack: Error: Attempted to use detached Frame '03DAD367655A18147D7AE5A08EAEAA20'.
    at <anonymous> (/Users/grins/git/warcraft/wow-bis/node_modules/.pnpm/puppeteer-core@24.25.0/node_modules/puppeteer-core/lib/esm/puppeteer/util/decorators.js:99:27)
    at <anonymous> (/Users/grins/git/warcraft/wow-bis/node_modules/.pnpm/puppeteer-core@24.25.0/node_modules/puppeteer-core/lib/esm/puppeteer/api/Page.js:568:43)
    at goto (/Users/grins/git/warcraft/wow-bis/node_modules/.pnpm/puppeteer-core@24.25.0/node_modules/puppeteer-core/lib/esm/puppeteer/api/Page.js:567:20)
    at <anonymous> (/Users/grins/git/warcraft/wow-bis/scripts/process-quest-levels.ts:191:24)
    at fetchQuestRequiredLevel (/Users/grins/git/warcraft/wow-bis/scripts/process-quest-levels.ts:182:33)
    at processTicksAndRejections (native:7:39)
Full Error: {}
---
[2025-11-03T03:27:01.333Z] ERROR: Error fetching quest 386 (attempt 1)
Message: Attempted to use detached Frame '03DAD367655A18147D7AE5A08EAEAA20'.
Stack: Error: Attempted to use detached Frame '03DAD367655A18147D7AE5A08EAEAA20'.
    at <anonymous> (/Users/grins/git/warcraft/wow-bis/node_modules/.pnpm/puppeteer-core@24.25.0/node_modules/puppeteer-core/lib/esm/puppeteer/util/decorators.js:99:27)
    at <anonymous> (/Users/grins/git/warcraft/wow-bis/node_modules/.pnpm/puppeteer-core@24.25.0/node_modules/puppeteer-core/lib/esm/puppeteer/api/Page.js:568:43)
    at goto (/Users/grins/git/warcraft/wow-bis/node_modules/.pnpm/puppeteer-core@24.25.0/node_modules/puppeteer-core/lib/esm/puppeteer/api/Page.js:567:20)
    at <anonymous> (/Users/grins/git/warcraft/wow-bis/scripts/process-quest-levels.ts:191:24)
    at fetchQuestRequiredLevel (/Users/grins/git/warcraft/wow-bis/scripts/process-quest-levels.ts:182:33)
    at <anonymous> (/Users/grins/git/warcraft/wow-bis/scripts/process-quest-levels.ts:386:42)
    at processTicksAndRejections (native:7:39)
Full Error: {}
---
[2025-11-03T03:27:06.337Z] ERROR: Error fetching quest 386 (attempt 2)
Message: Attempted to use detached Frame '03DAD367655A18147D7AE5A08EAEAA20'.
Stack: Error: Attempted to use detached Frame '03DAD367655A18147D7AE5A08EAEAA20'.
    at <anonymous> (/Users/grins/git/warcraft/wow-bis/node_modules/.pnpm/puppeteer-core@24.25.0/node_modules/puppeteer-core/lib/esm/puppeteer/util/decorators.js:99:27)
    at <anonymous> (/Users/grins/git/warcraft/wow-bis/node_modules/.pnpm/puppeteer-core@24.25.0/node_modules/puppeteer-core/lib/esm/puppeteer/api/Page.js:568:43)
    at goto (/Users/grins/git/warcraft/wow-bis/node_modules/.pnpm/puppeteer-core@24.25.0/node_modules/puppeteer-core/lib/esm/puppeteer/api/Page.js:567:20)
    at <anonymous> (/Users/grins/git/warcraft/wow-bis/scripts/process-quest-levels.ts:191:24)
    at fetchQuestRequiredLevel (/Users/grins/git/warcraft/wow-bis/scripts/process-quest-levels.ts:182:33)
    at processTicksAndRejections (native:7:39)
Full Error: {}
---
[2025-11-03T03:27:13.341Z] ERROR: Error fetching quest 386 (attempt 3)
Message: Attempted to use detached Frame '03DAD367655A18147D7AE5A08EAEAA20'.
Stack: Error: Attempted to use detached Frame '03DAD367655A18147D7AE5A08EAEAA20'.
    at <anonymous> (/Users/grins/git/warcraft/wow-bis/node_modules/.pnpm/puppeteer-core@24.25.0/node_modules/puppeteer-core/lib/esm/puppeteer/util/decorators.js:99:27)
    at <anonymous> (/Users/grins/git/warcraft/wow-bis/node_modules/.pnpm/puppeteer-core@24.25.0/node_modules/puppeteer-core/lib/esm/puppeteer/api/Page.js:568:43)
    at goto (/Users/grins/git/warcraft/wow-bis/node_modules/.pnpm/puppeteer-core@24.25.0/node_modules/puppeteer-core/lib/esm/puppeteer/api/Page.js:567:20)
    at <anonymous> (/Users/grins/git/warcraft/wow-bis/scripts/process-quest-levels.ts:191:24)
    at fetchQuestRequiredLevel (/Users/grins/git/warcraft/wow-bis/scripts/process-quest-levels.ts:182:33)
    at processTicksAndRejections (native:7:39)
Full Error: {}
---
[2025-11-03T03:27:22.345Z] ERROR: Error fetching quest 386 (attempt 4)
Message: Attempted to use detached Frame '03DAD367655A18147D7AE5A08EAEAA20'.
Stack: Error: Attempted to use detached Frame '03DAD367655A18147D7AE5A08EAEAA20'.
    at <anonymous> (/Users/grins/git/warcraft/wow-bis/node_modules/.pnpm/puppeteer-core@24.25.0/node_modules/puppeteer-core/lib/esm/puppeteer/util/decorators.js:99:27)
    at <anonymous> (/Users/grins/git/warcraft/wow-bis/node_modules/.pnpm/puppeteer-core@24.25.0/node_modules/puppeteer-core/lib/esm/puppeteer/api/Page.js:568:43)
    at goto (/Users/grins/git/warcraft/wow-bis/node_modules/.pnpm/puppeteer-core@24.25.0/node_modules/puppeteer-core/lib/esm/puppeteer/api/Page.js:567:20)
    at <anonymous> (/Users/grins/git/warcraft/wow-bis/scripts/process-quest-levels.ts:191:24)
    at fetchQuestRequiredLevel (/Users/grins/git/warcraft/wow-bis/scripts/process-quest-levels.ts:182:33)
    at processTicksAndRejections (native:7:39)
Full Error: {}
---
[2025-11-03T03:27:24.350Z] ERROR: Error fetching quest 258 (attempt 1)
Message: Attempted to use detached Frame '03DAD367655A18147D7AE5A08EAEAA20'.
Stack: Error: Attempted to use detached Frame '03DAD367655A18147D7AE5A08EAEAA20'.
    at <anonymous> (/Users/grins/git/warcraft/wow-bis/node_modules/.pnpm/puppeteer-core@24.25.0/node_modules/puppeteer-core/lib/esm/puppeteer/util/decorators.js:99:27)
    at <anonymous> (/Users/grins/git/warcraft/wow-bis/node_modules/.pnpm/puppeteer-core@24.25.0/node_modules/puppeteer-core/lib/esm/puppeteer/api/Page.js:568:43)
    at goto (/Users/grins/git/warcraft/wow-bis/node_modules/.pnpm/puppeteer-core@24.25.0/node_modules/puppeteer-core/lib/esm/puppeteer/api/Page.js:567:20)
    at <anonymous> (/Users/grins/git/warcraft/wow-bis/scripts/process-quest-levels.ts:191:24)
    at fetchQuestRequiredLevel (/Users/grins/git/warcraft/wow-bis/scripts/process-quest-levels.ts:182:33)
    at <anonymous> (/Users/grins/git/warcraft/wow-bis/scripts/process-quest-levels.ts:386:42)
    at processTicksAndRejections (native:7:39)
Full Error: {}
---
[2025-11-03T03:27:29.354Z] ERROR: Error fetching quest 258 (attempt 2)
Message: Attempted to use detached Frame '03DAD367655A18147D7AE5A08EAEAA20'.
Stack: Error: Attempted to use detached Frame '03DAD367655A18147D7AE5A08EAEAA20'.
    at <anonymous> (/Users/grins/git/warcraft/wow-bis/node_modules/.pnpm/puppeteer-core@24.25.0/node_modules/puppeteer-core/lib/esm/puppeteer/util/decorators.js:99:27)
    at <anonymous> (/Users/grins/git/warcraft/wow-bis/node_modules/.pnpm/puppeteer-core@24.25.0/node_modules/puppeteer-core/lib/esm/puppeteer/api/Page.js:568:43)
    at goto (/Users/grins/git/warcraft/wow-bis/node_modules/.pnpm/puppeteer-core@24.25.0/node_modules/puppeteer-core/lib/esm/puppeteer/api/Page.js:567:20)
    at <anonymous> (/Users/grins/git/warcraft/wow-bis/scripts/process-quest-levels.ts:191:24)
    at fetchQuestRequiredLevel (/Users/grins/git/warcraft/wow-bis/scripts/process-quest-levels.ts:182:33)
    at processTicksAndRejections (native:7:39)
Full Error: {}
---
[2025-11-03T03:27:36.358Z] ERROR: Error fetching quest 258 (attempt 3)
Message: Attempted to use detached Frame '03DAD367655A18147D7AE5A08EAEAA20'.
Stack: Error: Attempted to use detached Frame '03DAD367655A18147D7AE5A08EAEAA20'.
    at <anonymous> (/Users/grins/git/warcraft/wow-bis/node_modules/.pnpm/puppeteer-core@24.25.0/node_modules/puppeteer-core/lib/esm/puppeteer/util/decorators.js:99:27)
    at <anonymous> (/Users/grins/git/warcraft/wow-bis/node_modules/.pnpm/puppeteer-core@24.25.0/node_modules/puppeteer-core/lib/esm/puppeteer/api/Page.js:568:43)
    at goto (/Users/grins/git/warcraft/wow-bis/node_modules/.pnpm/puppeteer-core@24.25.0/node_modules/puppeteer-core/lib/esm/puppeteer/api/Page.js:567:20)
    at <anonymous> (/Users/grins/git/warcraft/wow-bis/scripts/process-quest-levels.ts:191:24)
    at fetchQuestRequiredLevel (/Users/grins/git/warcraft/wow-bis/scripts/process-quest-levels.ts:182:33)
    at processTicksAndRejections (native:7:39)
Full Error: {}
---
[2025-11-03T03:27:45.362Z] ERROR: Error fetching quest 258 (attempt 4)
Message: Attempted to use detached Frame '03DAD367655A18147D7AE5A08EAEAA20'.
Stack: Error: Attempted to use detached Frame '03DAD367655A18147D7AE5A08EAEAA20'.
    at <anonymous> (/Users/grins/git/warcraft/wow-bis/node_modules/.pnpm/puppeteer-core@24.25.0/node_modules/puppeteer-core/lib/esm/puppeteer/util/decorators.js:99:27)
    at <anonymous> (/Users/grins/git/warcraft/wow-bis/node_modules/.pnpm/puppeteer-core@24.25.0/node_modules/puppeteer-core/lib/esm/puppeteer/api/Page.js:568:43)
    at goto (/Users/grins/git/warcraft/wow-bis/node_modules/.pnpm/puppeteer-core@24.25.0/node_modules/puppeteer-core/lib/esm/puppeteer/api/Page.js:567:20)
    at <anonymous> (/Users/grins/git/warcraft/wow-bis/scripts/process-quest-levels.ts:191:24)
    at fetchQuestRequiredLevel (/Users/grins/git/warcraft/wow-bis/scripts/process-quest-levels.ts:182:33)
    at processTicksAndRejections (native:7:39)
Full Error: {}
---
[2025-11-03T03:27:47.367Z] ERROR: Error fetching quest 762 (attempt 1)
Message: Attempted to use detached Frame '03DAD367655A18147D7AE5A08EAEAA20'.
Stack: Error: Attempted to use detached Frame '03DAD367655A18147D7AE5A08EAEAA20'.
    at <anonymous> (/Users/grins/git/warcraft/wow-bis/node_modules/.pnpm/puppeteer-core@24.25.0/node_modules/puppeteer-core/lib/esm/puppeteer/util/decorators.js:99:27)
    at <anonymous> (/Users/grins/git/warcraft/wow-bis/node_modules/.pnpm/puppeteer-core@24.25.0/node_modules/puppeteer-core/lib/esm/puppeteer/api/Page.js:568:43)
    at goto (/Users/grins/git/warcraft/wow-bis/node_modules/.pnpm/puppeteer-core@24.25.0/node_modules/puppeteer-core/lib/esm/puppeteer/api/Page.js:567:20)
    at <anonymous> (/Users/grins/git/warcraft/wow-bis/scripts/process-quest-levels.ts:191:24)
    at fetchQuestRequiredLevel (/Users/grins/git/warcraft/wow-bis/scripts/process-quest-levels.ts:182:33)
    at <anonymous> (/Users/grins/git/warcraft/wow-bis/scripts/process-quest-levels.ts:386:42)
    at processTicksAndRejections (native:7:39)
Full Error: {}
---
[2025-11-03T03:27:52.370Z] ERROR: Error fetching quest 762 (attempt 2)
Message: Attempted to use detached Frame '03DAD367655A18147D7AE5A08EAEAA20'.
Stack: Error: Attempted to use detached Frame '03DAD367655A18147D7AE5A08EAEAA20'.
    at <anonymous> (/Users/grins/git/warcraft/wow-bis/node_modules/.pnpm/puppeteer-core@24.25.0/node_modules/puppeteer-core/lib/esm/puppeteer/util/decorators.js:99:27)
    at <anonymous> (/Users/grins/git/warcraft/wow-bis/node_modules/.pnpm/puppeteer-core@24.25.0/node_modules/puppeteer-core/lib/esm/puppeteer/api/Page.js:568:43)
    at goto (/Users/grins/git/warcraft/wow-bis/node_modules/.pnpm/puppeteer-core@24.25.0/node_modules/puppeteer-core/lib/esm/puppeteer/api/Page.js:567:20)
    at <anonymous> (/Users/grins/git/warcraft/wow-bis/scripts/process-quest-levels.ts:191:24)
    at fetchQuestRequiredLevel (/Users/grins/git/warcraft/wow-bis/scripts/process-quest-levels.ts:182:33)
    at processTicksAndRejections (native:7:39)
Full Error: {}
---
[2025-11-03T03:31:24.667Z] ERROR: Error fetching quest 762 (attempt 3)
Message: Attempted to use detached Frame '03DAD367655A18147D7AE5A08EAEAA20'.
Stack: Error: Attempted to use detached Frame '03DAD367655A18147D7AE5A08EAEAA20'.
    at <anonymous> (/Users/grins/git/warcraft/wow-bis/node_modules/.pnpm/puppeteer-core@24.25.0/node_modules/puppeteer-core/lib/esm/puppeteer/util/decorators.js:99:27)
    at <anonymous> (/Users/grins/git/warcraft/wow-bis/node_modules/.pnpm/puppeteer-core@24.25.0/node_modules/puppeteer-core/lib/esm/puppeteer/api/Page.js:568:43)
    at goto (/Users/grins/git/warcraft/wow-bis/node_modules/.pnpm/puppeteer-core@24.25.0/node_modules/puppeteer-core/lib/esm/puppeteer/api/Page.js:567:20)
    at <anonymous> (/Users/grins/git/warcraft/wow-bis/scripts/process-quest-levels.ts:191:24)
    at fetchQuestRequiredLevel (/Users/grins/git/warcraft/wow-bis/scripts/process-quest-levels.ts:182:33)
    at processTicksAndRejections (native:7:39)
Full Error: {}
---
[2025-11-03T03:31:33.796Z] ERROR: Error fetching quest 762 (attempt 4)
Message: Attempted to use detached Frame '03DAD367655A18147D7AE5A08EAEAA20'.
Stack: Error: Attempted to use detached Frame '03DAD367655A18147D7AE5A08EAEAA20'.
    at <anonymous> (/Users/grins/git/warcraft/wow-bis/node_modules/.pnpm/puppeteer-core@24.25.0/node_modules/puppeteer-core/lib/esm/puppeteer/util/decorators.js:99:27)
    at <anonymous> (/Users/grins/git/warcraft/wow-bis/node_modules/.pnpm/puppeteer-core@24.25.0/node_modules/puppeteer-core/lib/esm/puppeteer/api/Page.js:568:43)
    at goto (/Users/grins/git/warcraft/wow-bis/node_modules/.pnpm/puppeteer-core@24.25.0/node_modules/puppeteer-core/lib/esm/puppeteer/api/Page.js:567:20)
    at <anonymous> (/Users/grins/git/warcraft/wow-bis/scripts/process-quest-levels.ts:191:24)
    at fetchQuestRequiredLevel (/Users/grins/git/warcraft/wow-bis/scripts/process-quest-levels.ts:182:33)
    at processTicksAndRejections (native:7:39)
Full Error: {}
---
[2025-11-03T03:31:35.799Z] ERROR: Error fetching quest 876 (attempt 1)
Message: Attempted to use detached Frame '03DAD367655A18147D7AE5A08EAEAA20'.
Stack: Error: Attempted to use detached Frame '03DAD367655A18147D7AE5A08EAEAA20'.
    at <anonymous> (/Users/grins/git/warcraft/wow-bis/node_modules/.pnpm/puppeteer-core@24.25.0/node_modules/puppeteer-core/lib/esm/puppeteer/util/decorators.js:99:27)
    at <anonymous> (/Users/grins/git/warcraft/wow-bis/node_modules/.pnpm/puppeteer-core@24.25.0/node_modules/puppeteer-core/lib/esm/puppeteer/api/Page.js:568:43)
    at goto (/Users/grins/git/warcraft/wow-bis/node_modules/.pnpm/puppeteer-core@24.25.0/node_modules/puppeteer-core/lib/esm/puppeteer/api/Page.js:567:20)
    at <anonymous> (/Users/grins/git/warcraft/wow-bis/scripts/process-quest-levels.ts:191:24)
    at fetchQuestRequiredLevel (/Users/grins/git/warcraft/wow-bis/scripts/process-quest-levels.ts:182:33)
    at <anonymous> (/Users/grins/git/warcraft/wow-bis/scripts/process-quest-levels.ts:386:42)
    at processTicksAndRejections (native:7:39)
Full Error: {}
---
[2025-11-03T03:31:40.803Z] ERROR: Error fetching quest 876 (attempt 2)
Message: Attempted to use detached Frame '03DAD367655A18147D7AE5A08EAEAA20'.
Stack: Error: Attempted to use detached Frame '03DAD367655A18147D7AE5A08EAEAA20'.
    at <anonymous> (/Users/grins/git/warcraft/wow-bis/node_modules/.pnpm/puppeteer-core@24.25.0/node_modules/puppeteer-core/lib/esm/puppeteer/util/decorators.js:99:27)
    at <anonymous> (/Users/grins/git/warcraft/wow-bis/node_modules/.pnpm/puppeteer-core@24.25.0/node_modules/puppeteer-core/lib/esm/puppeteer/api/Page.js:568:43)
    at goto (/Users/grins/git/warcraft/wow-bis/node_modules/.pnpm/puppeteer-core@24.25.0/node_modules/puppeteer-core/lib/esm/puppeteer/api/Page.js:567:20)
    at <anonymous> (/Users/grins/git/warcraft/wow-bis/scripts/process-quest-levels.ts:191:24)
    at fetchQuestRequiredLevel (/Users/grins/git/warcraft/wow-bis/scripts/process-quest-levels.ts:182:33)
    at processTicksAndRejections (native:7:39)
Full Error: {}
---
[2025-11-03T03:31:47.805Z] ERROR: Error fetching quest 876 (attempt 3)
Message: Attempted to use detached Frame '03DAD367655A18147D7AE5A08EAEAA20'.
Stack: Error: Attempted to use detached Frame '03DAD367655A18147D7AE5A08EAEAA20'.
    at <anonymous> (/Users/grins/git/warcraft/wow-bis/node_modules/.pnpm/puppeteer-core@24.25.0/node_modules/puppeteer-core/lib/esm/puppeteer/util/decorators.js:99:27)
    at <anonymous> (/Users/grins/git/warcraft/wow-bis/node_modules/.pnpm/puppeteer-core@24.25.0/node_modules/puppeteer-core/lib/esm/puppeteer/api/Page.js:568:43)
    at goto (/Users/grins/git/warcraft/wow-bis/node_modules/.pnpm/puppeteer-core@24.25.0/node_modules/puppeteer-core/lib/esm/puppeteer/api/Page.js:567:20)
    at <anonymous> (/Users/grins/git/warcraft/wow-bis/scripts/process-quest-levels.ts:191:24)
    at fetchQuestRequiredLevel (/Users/grins/git/warcraft/wow-bis/scripts/process-quest-levels.ts:182:33)
    at processTicksAndRejections (native:7:39)
Full Error: {}
---
[2025-11-03T03:31:56.809Z] ERROR: Error fetching quest 876 (attempt 4)
Message: Attempted to use detached Frame '03DAD367655A18147D7AE5A08EAEAA20'.
Stack: Error: Attempted to use detached Frame '03DAD367655A18147D7AE5A08EAEAA20'.
    at <anonymous> (/Users/grins/git/warcraft/wow-bis/node_modules/.pnpm/puppeteer-core@24.25.0/node_modules/puppeteer-core/lib/esm/puppeteer/util/decorators.js:99:27)
    at <anonymous> (/Users/grins/git/warcraft/wow-bis/node_modules/.pnpm/puppeteer-core@24.25.0/node_modules/puppeteer-core/lib/esm/puppeteer/api/Page.js:568:43)
    at goto (/Users/grins/git/warcraft/wow-bis/node_modules/.pnpm/puppeteer-core@24.25.0/node_modules/puppeteer-core/lib/esm/puppeteer/api/Page.js:567:20)
    at <anonymous> (/Users/grins/git/warcraft/wow-bis/scripts/process-quest-levels.ts:191:24)
    at fetchQuestRequiredLevel (/Users/grins/git/warcraft/wow-bis/scripts/process-quest-levels.ts:182:33)
    at processTicksAndRejections (native:7:39)
Full Error: {}
---
[2025-11-03T03:31:58.811Z] ERROR: Error fetching quest 1693 (attempt 1)
Message: Attempted to use detached Frame '03DAD367655A18147D7AE5A08EAEAA20'.
Stack: Error: Attempted to use detached Frame '03DAD367655A18147D7AE5A08EAEAA20'.
    at <anonymous> (/Users/grins/git/warcraft/wow-bis/node_modules/.pnpm/puppeteer-core@24.25.0/node_modules/puppeteer-core/lib/esm/puppeteer/util/decorators.js:99:27)
    at <anonymous> (/Users/grins/git/warcraft/wow-bis/node_modules/.pnpm/puppeteer-core@24.25.0/node_modules/puppeteer-core/lib/esm/puppeteer/api/Page.js:568:43)
    at goto (/Users/grins/git/warcraft/wow-bis/node_modules/.pnpm/puppeteer-core@24.25.0/node_modules/puppeteer-core/lib/esm/puppeteer/api/Page.js:567:20)
    at <anonymous> (/Users/grins/git/warcraft/wow-bis/scripts/process-quest-levels.ts:191:24)
    at fetchQuestRequiredLevel (/Users/grins/git/warcraft/wow-bis/scripts/process-quest-levels.ts:182:33)
    at <anonymous> (/Users/grins/git/warcraft/wow-bis/scripts/process-quest-levels.ts:386:42)
    at processTicksAndRejections (native:7:39)
Full Error: {}
---
[2025-11-03T03:32:03.814Z] ERROR: Error fetching quest 1693 (attempt 2)
Message: Attempted to use detached Frame '03DAD367655A18147D7AE5A08EAEAA20'.
Stack: Error: Attempted to use detached Frame '03DAD367655A18147D7AE5A08EAEAA20'.
    at <anonymous> (/Users/grins/git/warcraft/wow-bis/node_modules/.pnpm/puppeteer-core@24.25.0/node_modules/puppeteer-core/lib/esm/puppeteer/util/decorators.js:99:27)
    at <anonymous> (/Users/grins/git/warcraft/wow-bis/node_modules/.pnpm/puppeteer-core@24.25.0/node_modules/puppeteer-core/lib/esm/puppeteer/api/Page.js:568:43)
    at goto (/Users/grins/git/warcraft/wow-bis/node_modules/.pnpm/puppeteer-core@24.25.0/node_modules/puppeteer-core/lib/esm/puppeteer/api/Page.js:567:20)
    at <anonymous> (/Users/grins/git/warcraft/wow-bis/scripts/process-quest-levels.ts:191:24)
    at fetchQuestRequiredLevel (/Users/grins/git/warcraft/wow-bis/scripts/process-quest-levels.ts:182:33)
    at processTicksAndRejections (native:7:39)
Full Error: {}
---
[2025-11-03T03:32:10.818Z] ERROR: Error fetching quest 1693 (attempt 3)
Message: Attempted to use detached Frame '03DAD367655A18147D7AE5A08EAEAA20'.
Stack: Error: Attempted to use detached Frame '03DAD367655A18147D7AE5A08EAEAA20'.
    at <anonymous> (/Users/grins/git/warcraft/wow-bis/node_modules/.pnpm/puppeteer-core@24.25.0/node_modules/puppeteer-core/lib/esm/puppeteer/util/decorators.js:99:27)
    at <anonymous> (/Users/grins/git/warcraft/wow-bis/node_modules/.pnpm/puppeteer-core@24.25.0/node_modules/puppeteer-core/lib/esm/puppeteer/api/Page.js:568:43)
    at goto (/Users/grins/git/warcraft/wow-bis/node_modules/.pnpm/puppeteer-core@24.25.0/node_modules/puppeteer-core/lib/esm/puppeteer/api/Page.js:567:20)
    at <anonymous> (/Users/grins/git/warcraft/wow-bis/scripts/process-quest-levels.ts:191:24)
    at fetchQuestRequiredLevel (/Users/grins/git/warcraft/wow-bis/scripts/process-quest-levels.ts:182:33)
    at processTicksAndRejections (native:7:39)
Full Error: {}
---
[2025-11-03T03:32:19.820Z] ERROR: Error fetching quest 1693 (attempt 4)
Message: Attempted to use detached Frame '03DAD367655A18147D7AE5A08EAEAA20'.
Stack: Error: Attempted to use detached Frame '03DAD367655A18147D7AE5A08EAEAA20'.
    at <anonymous> (/Users/grins/git/warcraft/wow-bis/node_modules/.pnpm/puppeteer-core@24.25.0/node_modules/puppeteer-core/lib/esm/puppeteer/util/decorators.js:99:27)
    at <anonymous> (/Users/grins/git/warcraft/wow-bis/node_modules/.pnpm/puppeteer-core@24.25.0/node_modules/puppeteer-core/lib/esm/puppeteer/api/Page.js:568:43)
    at goto (/Users/grins/git/warcraft/wow-bis/node_modules/.pnpm/puppeteer-core@24.25.0/node_modules/puppeteer-core/lib/esm/puppeteer/api/Page.js:567:20)
    at <anonymous> (/Users/grins/git/warcraft/wow-bis/scripts/process-quest-levels.ts:191:24)
    at fetchQuestRequiredLevel (/Users/grins/git/warcraft/wow-bis/scripts/process-quest-levels.ts:182:33)
    at processTicksAndRejections (native:7:39)
Full Error: {}
---
[2025-11-03T03:32:21.826Z] ERROR: Error fetching quest 1667 (attempt 1)
Message: Attempted to use detached Frame '03DAD367655A18147D7AE5A08EAEAA20'.
Stack: Error: Attempted to use detached Frame '03DAD367655A18147D7AE5A08EAEAA20'.
    at <anonymous> (/Users/grins/git/warcraft/wow-bis/node_modules/.pnpm/puppeteer-core@24.25.0/node_modules/puppeteer-core/lib/esm/puppeteer/util/decorators.js:99:27)
    at <anonymous> (/Users/grins/git/warcraft/wow-bis/node_modules/.pnpm/puppeteer-core@24.25.0/node_modules/puppeteer-core/lib/esm/puppeteer/api/Page.js:568:43)
    at goto (/Users/grins/git/warcraft/wow-bis/node_modules/.pnpm/puppeteer-core@24.25.0/node_modules/puppeteer-core/lib/esm/puppeteer/api/Page.js:567:20)
    at <anonymous> (/Users/grins/git/warcraft/wow-bis/scripts/process-quest-levels.ts:191:24)
    at fetchQuestRequiredLevel (/Users/grins/git/warcraft/wow-bis/scripts/process-quest-levels.ts:182:33)
    at <anonymous> (/Users/grins/git/warcraft/wow-bis/scripts/process-quest-levels.ts:386:42)
    at processTicksAndRejections (native:7:39)
Full Error: {}
---
[2025-11-03T03:32:26.829Z] ERROR: Error fetching quest 1667 (attempt 2)
Message: Attempted to use detached Frame '03DAD367655A18147D7AE5A08EAEAA20'.
Stack: Error: Attempted to use detached Frame '03DAD367655A18147D7AE5A08EAEAA20'.
    at <anonymous> (/Users/grins/git/warcraft/wow-bis/node_modules/.pnpm/puppeteer-core@24.25.0/node_modules/puppeteer-core/lib/esm/puppeteer/util/decorators.js:99:27)
    at <anonymous> (/Users/grins/git/warcraft/wow-bis/node_modules/.pnpm/puppeteer-core@24.25.0/node_modules/puppeteer-core/lib/esm/puppeteer/api/Page.js:568:43)
    at goto (/Users/grins/git/warcraft/wow-bis/node_modules/.pnpm/puppeteer-core@24.25.0/node_modules/puppeteer-core/lib/esm/puppeteer/api/Page.js:567:20)
    at <anonymous> (/Users/grins/git/warcraft/wow-bis/scripts/process-quest-levels.ts:191:24)
    at fetchQuestRequiredLevel (/Users/grins/git/warcraft/wow-bis/scripts/process-quest-levels.ts:182:33)
    at processTicksAndRejections (native:7:39)
Full Error: {}
---
[2025-11-03T03:32:33.833Z] ERROR: Error fetching quest 1667 (attempt 3)
Message: Attempted to use detached Frame '03DAD367655A18147D7AE5A08EAEAA20'.
Stack: Error: Attempted to use detached Frame '03DAD367655A18147D7AE5A08EAEAA20'.
    at <anonymous> (/Users/grins/git/warcraft/wow-bis/node_modules/.pnpm/puppeteer-core@24.25.0/node_modules/puppeteer-core/lib/esm/puppeteer/util/decorators.js:99:27)
    at <anonymous> (/Users/grins/git/warcraft/wow-bis/node_modules/.pnpm/puppeteer-core@24.25.0/node_modules/puppeteer-core/lib/esm/puppeteer/api/Page.js:568:43)
    at goto (/Users/grins/git/warcraft/wow-bis/node_modules/.pnpm/puppeteer-core@24.25.0/node_modules/puppeteer-core/lib/esm/puppeteer/api/Page.js:567:20)
    at <anonymous> (/Users/grins/git/warcraft/wow-bis/scripts/process-quest-levels.ts:191:24)
    at fetchQuestRequiredLevel (/Users/grins/git/warcraft/wow-bis/scripts/process-quest-levels.ts:182:33)
    at processTicksAndRejections (native:7:39)
Full Error: {}
---
[2025-11-03T03:32:42.837Z] ERROR: Error fetching quest 1667 (attempt 4)
Message: Attempted to use detached Frame '03DAD367655A18147D7AE5A08EAEAA20'.
Stack: Error: Attempted to use detached Frame '03DAD367655A18147D7AE5A08EAEAA20'.
    at <anonymous> (/Users/grins/git/warcraft/wow-bis/node_modules/.pnpm/puppeteer-core@24.25.0/node_modules/puppeteer-core/lib/esm/puppeteer/util/decorators.js:99:27)
    at <anonymous> (/Users/grins/git/warcraft/wow-bis/node_modules/.pnpm/puppeteer-core@24.25.0/node_modules/puppeteer-core/lib/esm/puppeteer/api/Page.js:568:43)
    at goto (/Users/grins/git/warcraft/wow-bis/node_modules/.pnpm/puppeteer-core@24.25.0/node_modules/puppeteer-core/lib/esm/puppeteer/api/Page.js:567:20)
    at <anonymous> (/Users/grins/git/warcraft/wow-bis/scripts/process-quest-levels.ts:191:24)
    at fetchQuestRequiredLevel (/Users/grins/git/warcraft/wow-bis/scripts/process-quest-levels.ts:182:33)
    at processTicksAndRejections (native:7:39)
Full Error: {}
---
[2025-11-03T03:32:44.842Z] ERROR: Error fetching quest 1822 (attempt 1)
Message: Attempted to use detached Frame '03DAD367655A18147D7AE5A08EAEAA20'.
Stack: Error: Attempted to use detached Frame '03DAD367655A18147D7AE5A08EAEAA20'.
    at <anonymous> (/Users/grins/git/warcraft/wow-bis/node_modules/.pnpm/puppeteer-core@24.25.0/node_modules/puppeteer-core/lib/esm/puppeteer/util/decorators.js:99:27)
    at <anonymous> (/Users/grins/git/warcraft/wow-bis/node_modules/.pnpm/puppeteer-core@24.25.0/node_modules/puppeteer-core/lib/esm/puppeteer/api/Page.js:568:43)
    at goto (/Users/grins/git/warcraft/wow-bis/node_modules/.pnpm/puppeteer-core@24.25.0/node_modules/puppeteer-core/lib/esm/puppeteer/api/Page.js:567:20)
    at <anonymous> (/Users/grins/git/warcraft/wow-bis/scripts/process-quest-levels.ts:191:24)
    at fetchQuestRequiredLevel (/Users/grins/git/warcraft/wow-bis/scripts/process-quest-levels.ts:182:33)
    at <anonymous> (/Users/grins/git/warcraft/wow-bis/scripts/process-quest-levels.ts:386:42)
    at processTicksAndRejections (native:7:39)
Full Error: {}
---
[2025-11-03T03:32:49.846Z] ERROR: Error fetching quest 1822 (attempt 2)
Message: Attempted to use detached Frame '03DAD367655A18147D7AE5A08EAEAA20'.
Stack: Error: Attempted to use detached Frame '03DAD367655A18147D7AE5A08EAEAA20'.
    at <anonymous> (/Users/grins/git/warcraft/wow-bis/node_modules/.pnpm/puppeteer-core@24.25.0/node_modules/puppeteer-core/lib/esm/puppeteer/util/decorators.js:99:27)
    at <anonymous> (/Users/grins/git/warcraft/wow-bis/node_modules/.pnpm/puppeteer-core@24.25.0/node_modules/puppeteer-core/lib/esm/puppeteer/api/Page.js:568:43)
    at goto (/Users/grins/git/warcraft/wow-bis/node_modules/.pnpm/puppeteer-core@24.25.0/node_modules/puppeteer-core/lib/esm/puppeteer/api/Page.js:567:20)
    at <anonymous> (/Users/grins/git/warcraft/wow-bis/scripts/process-quest-levels.ts:191:24)
    at fetchQuestRequiredLevel (/Users/grins/git/warcraft/wow-bis/scripts/process-quest-levels.ts:182:33)
    at processTicksAndRejections (native:7:39)
Full Error: {}
---
[2025-11-03T03:32:56.850Z] ERROR: Error fetching quest 1822 (attempt 3)
Message: Attempted to use detached Frame '03DAD367655A18147D7AE5A08EAEAA20'.
Stack: Error: Attempted to use detached Frame '03DAD367655A18147D7AE5A08EAEAA20'.
    at <anonymous> (/Users/grins/git/warcraft/wow-bis/node_modules/.pnpm/puppeteer-core@24.25.0/node_modules/puppeteer-core/lib/esm/puppeteer/util/decorators.js:99:27)
    at <anonymous> (/Users/grins/git/warcraft/wow-bis/node_modules/.pnpm/puppeteer-core@24.25.0/node_modules/puppeteer-core/lib/esm/puppeteer/api/Page.js:568:43)
    at goto (/Users/grins/git/warcraft/wow-bis/node_modules/.pnpm/puppeteer-core@24.25.0/node_modules/puppeteer-core/lib/esm/puppeteer/api/Page.js:567:20)
    at <anonymous> (/Users/grins/git/warcraft/wow-bis/scripts/process-quest-levels.ts:191:24)
    at fetchQuestRequiredLevel (/Users/grins/git/warcraft/wow-bis/scripts/process-quest-levels.ts:182:33)
    at processTicksAndRejections (native:7:39)
Full Error: {}
---
[2025-11-03T03:33:05.853Z] ERROR: Error fetching quest 1822 (attempt 4)
Message: Attempted to use detached Frame '03DAD367655A18147D7AE5A08EAEAA20'.
Stack: Error: Attempted to use detached Frame '03DAD367655A18147D7AE5A08EAEAA20'.
    at <anonymous> (/Users/grins/git/warcraft/wow-bis/node_modules/.pnpm/puppeteer-core@24.25.0/node_modules/puppeteer-core/lib/esm/puppeteer/util/decorators.js:99:27)
    at <anonymous> (/Users/grins/git/warcraft/wow-bis/node_modules/.pnpm/puppeteer-core@24.25.0/node_modules/puppeteer-core/lib/esm/puppeteer/api/Page.js:568:43)
    at goto (/Users/grins/git/warcraft/wow-bis/node_modules/.pnpm/puppeteer-core@24.25.0/node_modules/puppeteer-core/lib/esm/puppeteer/api/Page.js:567:20)
    at <anonymous> (/Users/grins/git/warcraft/wow-bis/scripts/process-quest-levels.ts:191:24)
    at fetchQuestRequiredLevel (/Users/grins/git/warcraft/wow-bis/scripts/process-quest-levels.ts:182:33)
    at processTicksAndRejections (native:7:39)
Full Error: {}
---
[2025-11-03T03:33:07.858Z] ERROR: Error fetching quest 3625 (attempt 1)
Message: Attempted to use detached Frame '03DAD367655A18147D7AE5A08EAEAA20'.
Stack: Error: Attempted to use detached Frame '03DAD367655A18147D7AE5A08EAEAA20'.
    at <anonymous> (/Users/grins/git/warcraft/wow-bis/node_modules/.pnpm/puppeteer-core@24.25.0/node_modules/puppeteer-core/lib/esm/puppeteer/util/decorators.js:99:27)
    at <anonymous> (/Users/grins/git/warcraft/wow-bis/node_modules/.pnpm/puppeteer-core@24.25.0/node_modules/puppeteer-core/lib/esm/puppeteer/api/Page.js:568:43)
    at goto (/Users/grins/git/warcraft/wow-bis/node_modules/.pnpm/puppeteer-core@24.25.0/node_modules/puppeteer-core/lib/esm/puppeteer/api/Page.js:567:20)
    at <anonymous> (/Users/grins/git/warcraft/wow-bis/scripts/process-quest-levels.ts:191:24)
    at fetchQuestRequiredLevel (/Users/grins/git/warcraft/wow-bis/scripts/process-quest-levels.ts:182:33)
    at <anonymous> (/Users/grins/git/warcraft/wow-bis/scripts/process-quest-levels.ts:386:42)
    at processTicksAndRejections (native:7:39)
Full Error: {}
---
[2025-11-03T03:33:12.861Z] ERROR: Error fetching quest 3625 (attempt 2)
Message: Attempted to use detached Frame '03DAD367655A18147D7AE5A08EAEAA20'.
Stack: Error: Attempted to use detached Frame '03DAD367655A18147D7AE5A08EAEAA20'.
    at <anonymous> (/Users/grins/git/warcraft/wow-bis/node_modules/.pnpm/puppeteer-core@24.25.0/node_modules/puppeteer-core/lib/esm/puppeteer/util/decorators.js:99:27)
    at <anonymous> (/Users/grins/git/warcraft/wow-bis/node_modules/.pnpm/puppeteer-core@24.25.0/node_modules/puppeteer-core/lib/esm/puppeteer/api/Page.js:568:43)
    at goto (/Users/grins/git/warcraft/wow-bis/node_modules/.pnpm/puppeteer-core@24.25.0/node_modules/puppeteer-core/lib/esm/puppeteer/api/Page.js:567:20)
    at <anonymous> (/Users/grins/git/warcraft/wow-bis/scripts/process-quest-levels.ts:191:24)
    at fetchQuestRequiredLevel (/Users/grins/git/warcraft/wow-bis/scripts/process-quest-levels.ts:182:33)
    at processTicksAndRejections (native:7:39)
Full Error: {}
---
[2025-11-03T03:33:19.865Z] ERROR: Error fetching quest 3625 (attempt 3)
Message: Attempted to use detached Frame '03DAD367655A18147D7AE5A08EAEAA20'.
Stack: Error: Attempted to use detached Frame '03DAD367655A18147D7AE5A08EAEAA20'.
    at <anonymous> (/Users/grins/git/warcraft/wow-bis/node_modules/.pnpm/puppeteer-core@24.25.0/node_modules/puppeteer-core/lib/esm/puppeteer/util/decorators.js:99:27)
    at <anonymous> (/Users/grins/git/warcraft/wow-bis/node_modules/.pnpm/puppeteer-core@24.25.0/node_modules/puppeteer-core/lib/esm/puppeteer/api/Page.js:568:43)
    at goto (/Users/grins/git/warcraft/wow-bis/node_modules/.pnpm/puppeteer-core@24.25.0/node_modules/puppeteer-core/lib/esm/puppeteer/api/Page.js:567:20)
    at <anonymous> (/Users/grins/git/warcraft/wow-bis/scripts/process-quest-levels.ts:191:24)
    at fetchQuestRequiredLevel (/Users/grins/git/warcraft/wow-bis/scripts/process-quest-levels.ts:182:33)
    at processTicksAndRejections (native:7:39)
Full Error: {}
---
[2025-11-03T03:33:28.869Z] ERROR: Error fetching quest 3625 (attempt 4)
Message: Attempted to use detached Frame '03DAD367655A18147D7AE5A08EAEAA20'.
Stack: Error: Attempted to use detached Frame '03DAD367655A18147D7AE5A08EAEAA20'.
    at <anonymous> (/Users/grins/git/warcraft/wow-bis/node_modules/.pnpm/puppeteer-core@24.25.0/node_modules/puppeteer-core/lib/esm/puppeteer/util/decorators.js:99:27)
    at <anonymous> (/Users/grins/git/warcraft/wow-bis/node_modules/.pnpm/puppeteer-core@24.25.0/node_modules/puppeteer-core/lib/esm/puppeteer/api/Page.js:568:43)
    at goto (/Users/grins/git/warcraft/wow-bis/node_modules/.pnpm/puppeteer-core@24.25.0/node_modules/puppeteer-core/lib/esm/puppeteer/api/Page.js:567:20)
    at <anonymous> (/Users/grins/git/warcraft/wow-bis/scripts/process-quest-levels.ts:191:24)
    at fetchQuestRequiredLevel (/Users/grins/git/warcraft/wow-bis/scripts/process-quest-levels.ts:182:33)
    at processTicksAndRejections (native:7:39)
Full Error: {}
---
[2025-11-03T03:33:30.874Z] ERROR: Error fetching quest 3962 (attempt 1)
Message: Attempted to use detached Frame '03DAD367655A18147D7AE5A08EAEAA20'.
Stack: Error: Attempted to use detached Frame '03DAD367655A18147D7AE5A08EAEAA20'.
    at <anonymous> (/Users/grins/git/warcraft/wow-bis/node_modules/.pnpm/puppeteer-core@24.25.0/node_modules/puppeteer-core/lib/esm/puppeteer/util/decorators.js:99:27)
    at <anonymous> (/Users/grins/git/warcraft/wow-bis/node_modules/.pnpm/puppeteer-core@24.25.0/node_modules/puppeteer-core/lib/esm/puppeteer/api/Page.js:568:43)
    at goto (/Users/grins/git/warcraft/wow-bis/node_modules/.pnpm/puppeteer-core@24.25.0/node_modules/puppeteer-core/lib/esm/puppeteer/api/Page.js:567:20)
    at <anonymous> (/Users/grins/git/warcraft/wow-bis/scripts/process-quest-levels.ts:191:24)
    at fetchQuestRequiredLevel (/Users/grins/git/warcraft/wow-bis/scripts/process-quest-levels.ts:182:33)
    at <anonymous> (/Users/grins/git/warcraft/wow-bis/scripts/process-quest-levels.ts:386:42)
    at processTicksAndRejections (native:7:39)
Full Error: {}
---
[2025-11-03T03:33:35.877Z] ERROR: Error fetching quest 3962 (attempt 2)
Message: Attempted to use detached Frame '03DAD367655A18147D7AE5A08EAEAA20'.
Stack: Error: Attempted to use detached Frame '03DAD367655A18147D7AE5A08EAEAA20'.
    at <anonymous> (/Users/grins/git/warcraft/wow-bis/node_modules/.pnpm/puppeteer-core@24.25.0/node_modules/puppeteer-core/lib/esm/puppeteer/util/decorators.js:99:27)
    at <anonymous> (/Users/grins/git/warcraft/wow-bis/node_modules/.pnpm/puppeteer-core@24.25.0/node_modules/puppeteer-core/lib/esm/puppeteer/api/Page.js:568:43)
    at goto (/Users/grins/git/warcraft/wow-bis/node_modules/.pnpm/puppeteer-core@24.25.0/node_modules/puppeteer-core/lib/esm/puppeteer/api/Page.js:567:20)
    at <anonymous> (/Users/grins/git/warcraft/wow-bis/scripts/process-quest-levels.ts:191:24)
    at fetchQuestRequiredLevel (/Users/grins/git/warcraft/wow-bis/scripts/process-quest-levels.ts:182:33)
    at processTicksAndRejections (native:7:39)
Full Error: {}
---
[2025-11-03T03:33:42.881Z] ERROR: Error fetching quest 3962 (attempt 3)
Message: Attempted to use detached Frame '03DAD367655A18147D7AE5A08EAEAA20'.
Stack: Error: Attempted to use detached Frame '03DAD367655A18147D7AE5A08EAEAA20'.
    at <anonymous> (/Users/grins/git/warcraft/wow-bis/node_modules/.pnpm/puppeteer-core@24.25.0/node_modules/puppeteer-core/lib/esm/puppeteer/util/decorators.js:99:27)
    at <anonymous> (/Users/grins/git/warcraft/wow-bis/node_modules/.pnpm/puppeteer-core@24.25.0/node_modules/puppeteer-core/lib/esm/puppeteer/api/Page.js:568:43)
    at goto (/Users/grins/git/warcraft/wow-bis/node_modules/.pnpm/puppeteer-core@24.25.0/node_modules/puppeteer-core/lib/esm/puppeteer/api/Page.js:567:20)
    at <anonymous> (/Users/grins/git/warcraft/wow-bis/scripts/process-quest-levels.ts:191:24)
    at fetchQuestRequiredLevel (/Users/grins/git/warcraft/wow-bis/scripts/process-quest-levels.ts:182:33)
    at processTicksAndRejections (native:7:39)
Full Error: {}
---
[2025-11-03T03:33:51.885Z] ERROR: Error fetching quest 3962 (attempt 4)
Message: Attempted to use detached Frame '03DAD367655A18147D7AE5A08EAEAA20'.
Stack: Error: Attempted to use detached Frame '03DAD367655A18147D7AE5A08EAEAA20'.
    at <anonymous> (/Users/grins/git/warcraft/wow-bis/node_modules/.pnpm/puppeteer-core@24.25.0/node_modules/puppeteer-core/lib/esm/puppeteer/util/decorators.js:99:27)
    at <anonymous> (/Users/grins/git/warcraft/wow-bis/node_modules/.pnpm/puppeteer-core@24.25.0/node_modules/puppeteer-core/lib/esm/puppeteer/api/Page.js:568:43)
    at goto (/Users/grins/git/warcraft/wow-bis/node_modules/.pnpm/puppeteer-core@24.25.0/node_modules/puppeteer-core/lib/esm/puppeteer/api/Page.js:567:20)
    at <anonymous> (/Users/grins/git/warcraft/wow-bis/scripts/process-quest-levels.ts:191:24)
    at fetchQuestRequiredLevel (/Users/grins/git/warcraft/wow-bis/scripts/process-quest-levels.ts:182:33)
    at processTicksAndRejections (native:7:39)
Full Error: {}
---
[2025-11-03T03:33:53.889Z] ERROR: Error fetching quest 4322 (attempt 1)
Message: Attempted to use detached Frame '03DAD367655A18147D7AE5A08EAEAA20'.
Stack: Error: Attempted to use detached Frame '03DAD367655A18147D7AE5A08EAEAA20'.
    at <anonymous> (/Users/grins/git/warcraft/wow-bis/node_modules/.pnpm/puppeteer-core@24.25.0/node_modules/puppeteer-core/lib/esm/puppeteer/util/decorators.js:99:27)
    at <anonymous> (/Users/grins/git/warcraft/wow-bis/node_modules/.pnpm/puppeteer-core@24.25.0/node_modules/puppeteer-core/lib/esm/puppeteer/api/Page.js:568:43)
    at goto (/Users/grins/git/warcraft/wow-bis/node_modules/.pnpm/puppeteer-core@24.25.0/node_modules/puppeteer-core/lib/esm/puppeteer/api/Page.js:567:20)
    at <anonymous> (/Users/grins/git/warcraft/wow-bis/scripts/process-quest-levels.ts:191:24)
    at fetchQuestRequiredLevel (/Users/grins/git/warcraft/wow-bis/scripts/process-quest-levels.ts:182:33)
    at <anonymous> (/Users/grins/git/warcraft/wow-bis/scripts/process-quest-levels.ts:386:42)
    at processTicksAndRejections (native:7:39)
Full Error: {}
---
[2025-11-03T03:33:58.893Z] ERROR: Error fetching quest 4322 (attempt 2)
Message: Attempted to use detached Frame '03DAD367655A18147D7AE5A08EAEAA20'.
Stack: Error: Attempted to use detached Frame '03DAD367655A18147D7AE5A08EAEAA20'.
    at <anonymous> (/Users/grins/git/warcraft/wow-bis/node_modules/.pnpm/puppeteer-core@24.25.0/node_modules/puppeteer-core/lib/esm/puppeteer/util/decorators.js:99:27)
    at <anonymous> (/Users/grins/git/warcraft/wow-bis/node_modules/.pnpm/puppeteer-core@24.25.0/node_modules/puppeteer-core/lib/esm/puppeteer/api/Page.js:568:43)
    at goto (/Users/grins/git/warcraft/wow-bis/node_modules/.pnpm/puppeteer-core@24.25.0/node_modules/puppeteer-core/lib/esm/puppeteer/api/Page.js:567:20)
    at <anonymous> (/Users/grins/git/warcraft/wow-bis/scripts/process-quest-levels.ts:191:24)
    at fetchQuestRequiredLevel (/Users/grins/git/warcraft/wow-bis/scripts/process-quest-levels.ts:182:33)
    at processTicksAndRejections (native:7:39)
Full Error: {}
---
[2025-11-03T03:34:05.897Z] ERROR: Error fetching quest 4322 (attempt 3)
Message: Attempted to use detached Frame '03DAD367655A18147D7AE5A08EAEAA20'.
Stack: Error: Attempted to use detached Frame '03DAD367655A18147D7AE5A08EAEAA20'.
    at <anonymous> (/Users/grins/git/warcraft/wow-bis/node_modules/.pnpm/puppeteer-core@24.25.0/node_modules/puppeteer-core/lib/esm/puppeteer/util/decorators.js:99:27)
    at <anonymous> (/Users/grins/git/warcraft/wow-bis/node_modules/.pnpm/puppeteer-core@24.25.0/node_modules/puppeteer-core/lib/esm/puppeteer/api/Page.js:568:43)
    at goto (/Users/grins/git/warcraft/wow-bis/node_modules/.pnpm/puppeteer-core@24.25.0/node_modules/puppeteer-core/lib/esm/puppeteer/api/Page.js:567:20)
    at <anonymous> (/Users/grins/git/warcraft/wow-bis/scripts/process-quest-levels.ts:191:24)
    at fetchQuestRequiredLevel (/Users/grins/git/warcraft/wow-bis/scripts/process-quest-levels.ts:182:33)
    at processTicksAndRejections (native:7:39)
Full Error: {}
---
[2025-11-03T03:34:14.899Z] ERROR: Error fetching quest 4322 (attempt 4)
Message: Attempted to use detached Frame '03DAD367655A18147D7AE5A08EAEAA20'.
Stack: Error: Attempted to use detached Frame '03DAD367655A18147D7AE5A08EAEAA20'.
    at <anonymous> (/Users/grins/git/warcraft/wow-bis/node_modules/.pnpm/puppeteer-core@24.25.0/node_modules/puppeteer-core/lib/esm/puppeteer/util/decorators.js:99:27)
    at <anonymous> (/Users/grins/git/warcraft/wow-bis/node_modules/.pnpm/puppeteer-core@24.25.0/node_modules/puppeteer-core/lib/esm/puppeteer/api/Page.js:568:43)
    at goto (/Users/grins/git/warcraft/wow-bis/node_modules/.pnpm/puppeteer-core@24.25.0/node_modules/puppeteer-core/lib/esm/puppeteer/api/Page.js:567:20)
    at <anonymous> (/Users/grins/git/warcraft/wow-bis/scripts/process-quest-levels.ts:191:24)
    at fetchQuestRequiredLevel (/Users/grins/git/warcraft/wow-bis/scripts/process-quest-levels.ts:182:33)
    at processTicksAndRejections (native:7:39)
Full Error: {}
---
[2025-11-03T03:34:16.901Z] ERROR: Error fetching quest 4813 (attempt 1)
Message: Attempted to use detached Frame '03DAD367655A18147D7AE5A08EAEAA20'.
Stack: Error: Attempted to use detached Frame '03DAD367655A18147D7AE5A08EAEAA20'.
    at <anonymous> (/Users/grins/git/warcraft/wow-bis/node_modules/.pnpm/puppeteer-core@24.25.0/node_modules/puppeteer-core/lib/esm/puppeteer/util/decorators.js:99:27)
    at <anonymous> (/Users/grins/git/warcraft/wow-bis/node_modules/.pnpm/puppeteer-core@24.25.0/node_modules/puppeteer-core/lib/esm/puppeteer/api/Page.js:568:43)
    at goto (/Users/grins/git/warcraft/wow-bis/node_modules/.pnpm/puppeteer-core@24.25.0/node_modules/puppeteer-core/lib/esm/puppeteer/api/Page.js:567:20)
    at <anonymous> (/Users/grins/git/warcraft/wow-bis/scripts/process-quest-levels.ts:191:24)
    at fetchQuestRequiredLevel (/Users/grins/git/warcraft/wow-bis/scripts/process-quest-levels.ts:182:33)
    at <anonymous> (/Users/grins/git/warcraft/wow-bis/scripts/process-quest-levels.ts:386:42)
    at processTicksAndRejections (native:7:39)
Full Error: {}
---
[2025-11-03T03:34:21.909Z] ERROR: Error fetching quest 4813 (attempt 2)
Message: Attempted to use detached Frame '03DAD367655A18147D7AE5A08EAEAA20'.
Stack: Error: Attempted to use detached Frame '03DAD367655A18147D7AE5A08EAEAA20'.
    at <anonymous> (/Users/grins/git/warcraft/wow-bis/node_modules/.pnpm/puppeteer-core@24.25.0/node_modules/puppeteer-core/lib/esm/puppeteer/util/decorators.js:99:27)
    at <anonymous> (/Users/grins/git/warcraft/wow-bis/node_modules/.pnpm/puppeteer-core@24.25.0/node_modules/puppeteer-core/lib/esm/puppeteer/api/Page.js:568:43)
    at goto (/Users/grins/git/warcraft/wow-bis/node_modules/.pnpm/puppeteer-core@24.25.0/node_modules/puppeteer-core/lib/esm/puppeteer/api/Page.js:567:20)
    at <anonymous> (/Users/grins/git/warcraft/wow-bis/scripts/process-quest-levels.ts:191:24)
    at fetchQuestRequiredLevel (/Users/grins/git/warcraft/wow-bis/scripts/process-quest-levels.ts:182:33)
    at processTicksAndRejections (native:7:39)
Full Error: {}
---
[2025-11-03T03:34:28.913Z] ERROR: Error fetching quest 4813 (attempt 3)
Message: Attempted to use detached Frame '03DAD367655A18147D7AE5A08EAEAA20'.
Stack: Error: Attempted to use detached Frame '03DAD367655A18147D7AE5A08EAEAA20'.
    at <anonymous> (/Users/grins/git/warcraft/wow-bis/node_modules/.pnpm/puppeteer-core@24.25.0/node_modules/puppeteer-core/lib/esm/puppeteer/util/decorators.js:99:27)
    at <anonymous> (/Users/grins/git/warcraft/wow-bis/node_modules/.pnpm/puppeteer-core@24.25.0/node_modules/puppeteer-core/lib/esm/puppeteer/api/Page.js:568:43)
    at goto (/Users/grins/git/warcraft/wow-bis/node_modules/.pnpm/puppeteer-core@24.25.0/node_modules/puppeteer-core/lib/esm/puppeteer/api/Page.js:567:20)
    at <anonymous> (/Users/grins/git/warcraft/wow-bis/scripts/process-quest-levels.ts:191:24)
    at fetchQuestRequiredLevel (/Users/grins/git/warcraft/wow-bis/scripts/process-quest-levels.ts:182:33)
    at processTicksAndRejections (native:7:39)
Full Error: {}
---
[2025-11-03T03:34:37.917Z] ERROR: Error fetching quest 4813 (attempt 4)
Message: Attempted to use detached Frame '03DAD367655A18147D7AE5A08EAEAA20'.
Stack: Error: Attempted to use detached Frame '03DAD367655A18147D7AE5A08EAEAA20'.
    at <anonymous> (/Users/grins/git/warcraft/wow-bis/node_modules/.pnpm/puppeteer-core@24.25.0/node_modules/puppeteer-core/lib/esm/puppeteer/util/decorators.js:99:27)
    at <anonymous> (/Users/grins/git/warcraft/wow-bis/node_modules/.pnpm/puppeteer-core@24.25.0/node_modules/puppeteer-core/lib/esm/puppeteer/api/Page.js:568:43)
    at goto (/Users/grins/git/warcraft/wow-bis/node_modules/.pnpm/puppeteer-core@24.25.0/node_modules/puppeteer-core/lib/esm/puppeteer/api/Page.js:567:20)
    at <anonymous> (/Users/grins/git/warcraft/wow-bis/scripts/process-quest-levels.ts:191:24)
    at fetchQuestRequiredLevel (/Users/grins/git/warcraft/wow-bis/scripts/process-quest-levels.ts:182:33)
    at processTicksAndRejections (native:7:39)
Full Error: {}
---
[2025-11-03T03:34:43.931Z] ERROR: Error fetching quest 6024 (attempt 1)
Message: Attempted to use detached Frame '03DAD367655A18147D7AE5A08EAEAA20'.
Stack: Error: Attempted to use detached Frame '03DAD367655A18147D7AE5A08EAEAA20'.
    at <anonymous> (/Users/grins/git/warcraft/wow-bis/node_modules/.pnpm/puppeteer-core@24.25.0/node_modules/puppeteer-core/lib/esm/puppeteer/util/decorators.js:99:27)
    at <anonymous> (/Users/grins/git/warcraft/wow-bis/node_modules/.pnpm/puppeteer-core@24.25.0/node_modules/puppeteer-core/lib/esm/puppeteer/api/Page.js:568:43)
    at goto (/Users/grins/git/warcraft/wow-bis/node_modules/.pnpm/puppeteer-core@24.25.0/node_modules/puppeteer-core/lib/esm/puppeteer/api/Page.js:567:20)
    at <anonymous> (/Users/grins/git/warcraft/wow-bis/scripts/process-quest-levels.ts:191:24)
    at fetchQuestRequiredLevel (/Users/grins/git/warcraft/wow-bis/scripts/process-quest-levels.ts:182:33)
    at <anonymous> (/Users/grins/git/warcraft/wow-bis/scripts/process-quest-levels.ts:386:42)
    at processTicksAndRejections (native:7:39)
Full Error: {}
---
[2025-11-03T03:34:48.935Z] ERROR: Error fetching quest 6024 (attempt 2)
Message: Attempted to use detached Frame '03DAD367655A18147D7AE5A08EAEAA20'.
Stack: Error: Attempted to use detached Frame '03DAD367655A18147D7AE5A08EAEAA20'.
    at <anonymous> (/Users/grins/git/warcraft/wow-bis/node_modules/.pnpm/puppeteer-core@24.25.0/node_modules/puppeteer-core/lib/esm/puppeteer/util/decorators.js:99:27)
    at <anonymous> (/Users/grins/git/warcraft/wow-bis/node_modules/.pnpm/puppeteer-core@24.25.0/node_modules/puppeteer-core/lib/esm/puppeteer/api/Page.js:568:43)
    at goto (/Users/grins/git/warcraft/wow-bis/node_modules/.pnpm/puppeteer-core@24.25.0/node_modules/puppeteer-core/lib/esm/puppeteer/api/Page.js:567:20)
    at <anonymous> (/Users/grins/git/warcraft/wow-bis/scripts/process-quest-levels.ts:191:24)
    at fetchQuestRequiredLevel (/Users/grins/git/warcraft/wow-bis/scripts/process-quest-levels.ts:182:33)
    at processTicksAndRejections (native:7:39)
Full Error: {}
---
[2025-11-03T03:34:55.939Z] ERROR: Error fetching quest 6024 (attempt 3)
Message: Attempted to use detached Frame '03DAD367655A18147D7AE5A08EAEAA20'.
Stack: Error: Attempted to use detached Frame '03DAD367655A18147D7AE5A08EAEAA20'.
    at <anonymous> (/Users/grins/git/warcraft/wow-bis/node_modules/.pnpm/puppeteer-core@24.25.0/node_modules/puppeteer-core/lib/esm/puppeteer/util/decorators.js:99:27)
    at <anonymous> (/Users/grins/git/warcraft/wow-bis/node_modules/.pnpm/puppeteer-core@24.25.0/node_modules/puppeteer-core/lib/esm/puppeteer/api/Page.js:568:43)
    at goto (/Users/grins/git/warcraft/wow-bis/node_modules/.pnpm/puppeteer-core@24.25.0/node_modules/puppeteer-core/lib/esm/puppeteer/api/Page.js:567:20)
    at <anonymous> (/Users/grins/git/warcraft/wow-bis/scripts/process-quest-levels.ts:191:24)
    at fetchQuestRequiredLevel (/Users/grins/git/warcraft/wow-bis/scripts/process-quest-levels.ts:182:33)
    at processTicksAndRejections (native:7:39)
Full Error: {}
---
[2025-11-03T03:35:04.943Z] ERROR: Error fetching quest 6024 (attempt 4)
Message: Attempted to use detached Frame '03DAD367655A18147D7AE5A08EAEAA20'.
Stack: Error: Attempted to use detached Frame '03DAD367655A18147D7AE5A08EAEAA20'.
    at <anonymous> (/Users/grins/git/warcraft/wow-bis/node_modules/.pnpm/puppeteer-core@24.25.0/node_modules/puppeteer-core/lib/esm/puppeteer/util/decorators.js:99:27)
    at <anonymous> (/Users/grins/git/warcraft/wow-bis/node_modules/.pnpm/puppeteer-core@24.25.0/node_modules/puppeteer-core/lib/esm/puppeteer/api/Page.js:568:43)
    at goto (/Users/grins/git/warcraft/wow-bis/node_modules/.pnpm/puppeteer-core@24.25.0/node_modules/puppeteer-core/lib/esm/puppeteer/api/Page.js:567:20)
    at <anonymous> (/Users/grins/git/warcraft/wow-bis/scripts/process-quest-levels.ts:191:24)
    at fetchQuestRequiredLevel (/Users/grins/git/warcraft/wow-bis/scripts/process-quest-levels.ts:182:33)
    at processTicksAndRejections (native:7:39)
Full Error: {}
---
[2025-11-03T03:35:06.946Z] ERROR: Error fetching quest 6284 (attempt 1)
Message: Attempted to use detached Frame '03DAD367655A18147D7AE5A08EAEAA20'.
Stack: Error: Attempted to use detached Frame '03DAD367655A18147D7AE5A08EAEAA20'.
    at <anonymous> (/Users/grins/git/warcraft/wow-bis/node_modules/.pnpm/puppeteer-core@24.25.0/node_modules/puppeteer-core/lib/esm/puppeteer/util/decorators.js:99:27)
    at <anonymous> (/Users/grins/git/warcraft/wow-bis/node_modules/.pnpm/puppeteer-core@24.25.0/node_modules/puppeteer-core/lib/esm/puppeteer/api/Page.js:568:43)
    at goto (/Users/grins/git/warcraft/wow-bis/node_modules/.pnpm/puppeteer-core@24.25.0/node_modules/puppeteer-core/lib/esm/puppeteer/api/Page.js:567:20)
    at <anonymous> (/Users/grins/git/warcraft/wow-bis/scripts/process-quest-levels.ts:191:24)
    at fetchQuestRequiredLevel (/Users/grins/git/warcraft/wow-bis/scripts/process-quest-levels.ts:182:33)
    at <anonymous> (/Users/grins/git/warcraft/wow-bis/scripts/process-quest-levels.ts:386:42)
    at processTicksAndRejections (native:7:39)
Full Error: {}
---
[2025-11-03T03:35:11.949Z] ERROR: Error fetching quest 6284 (attempt 2)
Message: Attempted to use detached Frame '03DAD367655A18147D7AE5A08EAEAA20'.
Stack: Error: Attempted to use detached Frame '03DAD367655A18147D7AE5A08EAEAA20'.
    at <anonymous> (/Users/grins/git/warcraft/wow-bis/node_modules/.pnpm/puppeteer-core@24.25.0/node_modules/puppeteer-core/lib/esm/puppeteer/util/decorators.js:99:27)
    at <anonymous> (/Users/grins/git/warcraft/wow-bis/node_modules/.pnpm/puppeteer-core@24.25.0/node_modules/puppeteer-core/lib/esm/puppeteer/api/Page.js:568:43)
    at goto (/Users/grins/git/warcraft/wow-bis/node_modules/.pnpm/puppeteer-core@24.25.0/node_modules/puppeteer-core/lib/esm/puppeteer/api/Page.js:567:20)
    at <anonymous> (/Users/grins/git/warcraft/wow-bis/scripts/process-quest-levels.ts:191:24)
    at fetchQuestRequiredLevel (/Users/grins/git/warcraft/wow-bis/scripts/process-quest-levels.ts:182:33)
    at processTicksAndRejections (native:7:39)
Full Error: {}
---
[2025-11-03T03:35:18.955Z] ERROR: Error fetching quest 6284 (attempt 3)
Message: Attempted to use detached Frame '03DAD367655A18147D7AE5A08EAEAA20'.
Stack: Error: Attempted to use detached Frame '03DAD367655A18147D7AE5A08EAEAA20'.
    at <anonymous> (/Users/grins/git/warcraft/wow-bis/node_modules/.pnpm/puppeteer-core@24.25.0/node_modules/puppeteer-core/lib/esm/puppeteer/util/decorators.js:99:27)
    at <anonymous> (/Users/grins/git/warcraft/wow-bis/node_modules/.pnpm/puppeteer-core@24.25.0/node_modules/puppeteer-core/lib/esm/puppeteer/api/Page.js:568:43)
    at goto (/Users/grins/git/warcraft/wow-bis/node_modules/.pnpm/puppeteer-core@24.25.0/node_modules/puppeteer-core/lib/esm/puppeteer/api/Page.js:567:20)
    at <anonymous> (/Users/grins/git/warcraft/wow-bis/scripts/process-quest-levels.ts:191:24)
    at fetchQuestRequiredLevel (/Users/grins/git/warcraft/wow-bis/scripts/process-quest-levels.ts:182:33)
    at processTicksAndRejections (native:7:39)
Full Error: {}
---
[2025-11-03T03:35:27.959Z] ERROR: Error fetching quest 6284 (attempt 4)
Message: Attempted to use detached Frame '03DAD367655A18147D7AE5A08EAEAA20'.
Stack: Error: Attempted to use detached Frame '03DAD367655A18147D7AE5A08EAEAA20'.
    at <anonymous> (/Users/grins/git/warcraft/wow-bis/node_modules/.pnpm/puppeteer-core@24.25.0/node_modules/puppeteer-core/lib/esm/puppeteer/util/decorators.js:99:27)
    at <anonymous> (/Users/grins/git/warcraft/wow-bis/node_modules/.pnpm/puppeteer-core@24.25.0/node_modules/puppeteer-core/lib/esm/puppeteer/api/Page.js:568:43)
    at goto (/Users/grins/git/warcraft/wow-bis/node_modules/.pnpm/puppeteer-core@24.25.0/node_modules/puppeteer-core/lib/esm/puppeteer/api/Page.js:567:20)
    at <anonymous> (/Users/grins/git/warcraft/wow-bis/scripts/process-quest-levels.ts:191:24)
    at fetchQuestRequiredLevel (/Users/grins/git/warcraft/wow-bis/scripts/process-quest-levels.ts:182:33)
    at processTicksAndRejections (native:7:39)
Full Error: {}
---
[2025-11-03T03:35:29.964Z] ERROR: Error fetching quest 2561 (attempt 1)
Message: Attempted to use detached Frame '03DAD367655A18147D7AE5A08EAEAA20'.
Stack: Error: Attempted to use detached Frame '03DAD367655A18147D7AE5A08EAEAA20'.
    at <anonymous> (/Users/grins/git/warcraft/wow-bis/node_modules/.pnpm/puppeteer-core@24.25.0/node_modules/puppeteer-core/lib/esm/puppeteer/util/decorators.js:99:27)
    at <anonymous> (/Users/grins/git/warcraft/wow-bis/node_modules/.pnpm/puppeteer-core@24.25.0/node_modules/puppeteer-core/lib/esm/puppeteer/api/Page.js:568:43)
    at goto (/Users/grins/git/warcraft/wow-bis/node_modules/.pnpm/puppeteer-core@24.25.0/node_modules/puppeteer-core/lib/esm/puppeteer/api/Page.js:567:20)
    at <anonymous> (/Users/grins/git/warcraft/wow-bis/scripts/process-quest-levels.ts:191:24)
    at fetchQuestRequiredLevel (/Users/grins/git/warcraft/wow-bis/scripts/process-quest-levels.ts:182:33)
    at <anonymous> (/Users/grins/git/warcraft/wow-bis/scripts/process-quest-levels.ts:386:42)
    at processTicksAndRejections (native:7:39)
Full Error: {}
---
[2025-11-03T03:35:34.966Z] ERROR: Error fetching quest 2561 (attempt 2)
Message: Attempted to use detached Frame '03DAD367655A18147D7AE5A08EAEAA20'.
Stack: Error: Attempted to use detached Frame '03DAD367655A18147D7AE5A08EAEAA20'.
    at <anonymous> (/Users/grins/git/warcraft/wow-bis/node_modules/.pnpm/puppeteer-core@24.25.0/node_modules/puppeteer-core/lib/esm/puppeteer/util/decorators.js:99:27)
    at <anonymous> (/Users/grins/git/warcraft/wow-bis/node_modules/.pnpm/puppeteer-core@24.25.0/node_modules/puppeteer-core/lib/esm/puppeteer/api/Page.js:568:43)
    at goto (/Users/grins/git/warcraft/wow-bis/node_modules/.pnpm/puppeteer-core@24.25.0/node_modules/puppeteer-core/lib/esm/puppeteer/api/Page.js:567:20)
    at <anonymous> (/Users/grins/git/warcraft/wow-bis/scripts/process-quest-levels.ts:191:24)
    at fetchQuestRequiredLevel (/Users/grins/git/warcraft/wow-bis/scripts/process-quest-levels.ts:182:33)
    at processTicksAndRejections (native:7:39)
Full Error: {}
---
[2025-11-03T03:35:41.969Z] ERROR: Error fetching quest 2561 (attempt 3)
Message: Attempted to use detached Frame '03DAD367655A18147D7AE5A08EAEAA20'.
Stack: Error: Attempted to use detached Frame '03DAD367655A18147D7AE5A08EAEAA20'.
    at <anonymous> (/Users/grins/git/warcraft/wow-bis/node_modules/.pnpm/puppeteer-core@24.25.0/node_modules/puppeteer-core/lib/esm/puppeteer/util/decorators.js:99:27)
    at <anonymous> (/Users/grins/git/warcraft/wow-bis/node_modules/.pnpm/puppeteer-core@24.25.0/node_modules/puppeteer-core/lib/esm/puppeteer/api/Page.js:568:43)
    at goto (/Users/grins/git/warcraft/wow-bis/node_modules/.pnpm/puppeteer-core@24.25.0/node_modules/puppeteer-core/lib/esm/puppeteer/api/Page.js:567:20)
    at <anonymous> (/Users/grins/git/warcraft/wow-bis/scripts/process-quest-levels.ts:191:24)
    at fetchQuestRequiredLevel (/Users/grins/git/warcraft/wow-bis/scripts/process-quest-levels.ts:182:33)
    at processTicksAndRejections (native:7:39)
Full Error: {}
---
[2025-11-03T03:43:05.300Z] ERROR: Error fetching quest 2561 (attempt 4)
Message: Attempted to use detached Frame '03DAD367655A18147D7AE5A08EAEAA20'.
Stack: Error: Attempted to use detached Frame '03DAD367655A18147D7AE5A08EAEAA20'.
    at <anonymous> (/Users/grins/git/warcraft/wow-bis/node_modules/.pnpm/puppeteer-core@24.25.0/node_modules/puppeteer-core/lib/esm/puppeteer/util/decorators.js:99:27)
    at <anonymous> (/Users/grins/git/warcraft/wow-bis/node_modules/.pnpm/puppeteer-core@24.25.0/node_modules/puppeteer-core/lib/esm/puppeteer/api/Page.js:568:43)
    at goto (/Users/grins/git/warcraft/wow-bis/node_modules/.pnpm/puppeteer-core@24.25.0/node_modules/puppeteer-core/lib/esm/puppeteer/api/Page.js:567:20)
    at <anonymous> (/Users/grins/git/warcraft/wow-bis/scripts/process-quest-levels.ts:191:24)
    at fetchQuestRequiredLevel (/Users/grins/git/warcraft/wow-bis/scripts/process-quest-levels.ts:182:33)
    at processTicksAndRejections (native:7:39)
Full Error: {}
---
[2025-11-03T03:43:07.428Z] ERROR: Error fetching quest 41768 (attempt 1)
Message: Attempted to use detached Frame '03DAD367655A18147D7AE5A08EAEAA20'.
Stack: Error: Attempted to use detached Frame '03DAD367655A18147D7AE5A08EAEAA20'.
    at <anonymous> (/Users/grins/git/warcraft/wow-bis/node_modules/.pnpm/puppeteer-core@24.25.0/node_modules/puppeteer-core/lib/esm/puppeteer/util/decorators.js:99:27)
    at <anonymous> (/Users/grins/git/warcraft/wow-bis/node_modules/.pnpm/puppeteer-core@24.25.0/node_modules/puppeteer-core/lib/esm/puppeteer/api/Page.js:568:43)
    at goto (/Users/grins/git/warcraft/wow-bis/node_modules/.pnpm/puppeteer-core@24.25.0/node_modules/puppeteer-core/lib/esm/puppeteer/api/Page.js:567:20)
    at <anonymous> (/Users/grins/git/warcraft/wow-bis/scripts/process-quest-levels.ts:191:24)
    at fetchQuestRequiredLevel (/Users/grins/git/warcraft/wow-bis/scripts/process-quest-levels.ts:182:33)
    at <anonymous> (/Users/grins/git/warcraft/wow-bis/scripts/process-quest-levels.ts:386:42)
    at processTicksAndRejections (native:7:39)
Full Error: {}
---
[2025-11-03T03:43:12.431Z] ERROR: Error fetching quest 41768 (attempt 2)
Message: Attempted to use detached Frame '03DAD367655A18147D7AE5A08EAEAA20'.
Stack: Error: Attempted to use detached Frame '03DAD367655A18147D7AE5A08EAEAA20'.
    at <anonymous> (/Users/grins/git/warcraft/wow-bis/node_modules/.pnpm/puppeteer-core@24.25.0/node_modules/puppeteer-core/lib/esm/puppeteer/util/decorators.js:99:27)
    at <anonymous> (/Users/grins/git/warcraft/wow-bis/node_modules/.pnpm/puppeteer-core@24.25.0/node_modules/puppeteer-core/lib/esm/puppeteer/api/Page.js:568:43)
    at goto (/Users/grins/git/warcraft/wow-bis/node_modules/.pnpm/puppeteer-core@24.25.0/node_modules/puppeteer-core/lib/esm/puppeteer/api/Page.js:567:20)
    at <anonymous> (/Users/grins/git/warcraft/wow-bis/scripts/process-quest-levels.ts:191:24)
    at fetchQuestRequiredLevel (/Users/grins/git/warcraft/wow-bis/scripts/process-quest-levels.ts:182:33)
    at processTicksAndRejections (native:7:39)
Full Error: {}
---
[2025-11-03T03:43:19.435Z] ERROR: Error fetching quest 41768 (attempt 3)
Message: Attempted to use detached Frame '03DAD367655A18147D7AE5A08EAEAA20'.
Stack: Error: Attempted to use detached Frame '03DAD367655A18147D7AE5A08EAEAA20'.
    at <anonymous> (/Users/grins/git/warcraft/wow-bis/node_modules/.pnpm/puppeteer-core@24.25.0/node_modules/puppeteer-core/lib/esm/puppeteer/util/decorators.js:99:27)
    at <anonymous> (/Users/grins/git/warcraft/wow-bis/node_modules/.pnpm/puppeteer-core@24.25.0/node_modules/puppeteer-core/lib/esm/puppeteer/api/Page.js:568:43)
    at goto (/Users/grins/git/warcraft/wow-bis/node_modules/.pnpm/puppeteer-core@24.25.0/node_modules/puppeteer-core/lib/esm/puppeteer/api/Page.js:567:20)
    at <anonymous> (/Users/grins/git/warcraft/wow-bis/scripts/process-quest-levels.ts:191:24)
    at fetchQuestRequiredLevel (/Users/grins/git/warcraft/wow-bis/scripts/process-quest-levels.ts:182:33)
    at processTicksAndRejections (native:7:39)
Full Error: {}
---
[2025-11-03T03:43:28.439Z] ERROR: Error fetching quest 41768 (attempt 4)
Message: Attempted to use detached Frame '03DAD367655A18147D7AE5A08EAEAA20'.
Stack: Error: Attempted to use detached Frame '03DAD367655A18147D7AE5A08EAEAA20'.
    at <anonymous> (/Users/grins/git/warcraft/wow-bis/node_modules/.pnpm/puppeteer-core@24.25.0/node_modules/puppeteer-core/lib/esm/puppeteer/util/decorators.js:99:27)
    at <anonymous> (/Users/grins/git/warcraft/wow-bis/node_modules/.pnpm/puppeteer-core@24.25.0/node_modules/puppeteer-core/lib/esm/puppeteer/api/Page.js:568:43)
    at goto (/Users/grins/git/warcraft/wow-bis/node_modules/.pnpm/puppeteer-core@24.25.0/node_modules/puppeteer-core/lib/esm/puppeteer/api/Page.js:567:20)
    at <anonymous> (/Users/grins/git/warcraft/wow-bis/scripts/process-quest-levels.ts:191:24)
    at fetchQuestRequiredLevel (/Users/grins/git/warcraft/wow-bis/scripts/process-quest-levels.ts:182:33)
    at processTicksAndRejections (native:7:39)
Full Error: {}
---
[2025-11-03T03:43:34.450Z] ERROR: Error fetching quest 40602 (attempt 1)
Message: Attempted to use detached Frame '03DAD367655A18147D7AE5A08EAEAA20'.
Stack: Error: Attempted to use detached Frame '03DAD367655A18147D7AE5A08EAEAA20'.
    at <anonymous> (/Users/grins/git/warcraft/wow-bis/node_modules/.pnpm/puppeteer-core@24.25.0/node_modules/puppeteer-core/lib/esm/puppeteer/util/decorators.js:99:27)
    at <anonymous> (/Users/grins/git/warcraft/wow-bis/node_modules/.pnpm/puppeteer-core@24.25.0/node_modules/puppeteer-core/lib/esm/puppeteer/api/Page.js:568:43)
    at goto (/Users/grins/git/warcraft/wow-bis/node_modules/.pnpm/puppeteer-core@24.25.0/node_modules/puppeteer-core/lib/esm/puppeteer/api/Page.js:567:20)
    at <anonymous> (/Users/grins/git/warcraft/wow-bis/scripts/process-quest-levels.ts:191:24)
    at fetchQuestRequiredLevel (/Users/grins/git/warcraft/wow-bis/scripts/process-quest-levels.ts:182:33)
    at <anonymous> (/Users/grins/git/warcraft/wow-bis/scripts/process-quest-levels.ts:386:42)
    at processTicksAndRejections (native:7:39)
Full Error: {}
---
[2025-11-03T03:43:39.454Z] ERROR: Error fetching quest 40602 (attempt 2)
Message: Attempted to use detached Frame '03DAD367655A18147D7AE5A08EAEAA20'.
Stack: Error: Attempted to use detached Frame '03DAD367655A18147D7AE5A08EAEAA20'.
    at <anonymous> (/Users/grins/git/warcraft/wow-bis/node_modules/.pnpm/puppeteer-core@24.25.0/node_modules/puppeteer-core/lib/esm/puppeteer/util/decorators.js:99:27)
    at <anonymous> (/Users/grins/git/warcraft/wow-bis/node_modules/.pnpm/puppeteer-core@24.25.0/node_modules/puppeteer-core/lib/esm/puppeteer/api/Page.js:568:43)
    at goto (/Users/grins/git/warcraft/wow-bis/node_modules/.pnpm/puppeteer-core@24.25.0/node_modules/puppeteer-core/lib/esm/puppeteer/api/Page.js:567:20)
    at <anonymous> (/Users/grins/git/warcraft/wow-bis/scripts/process-quest-levels.ts:191:24)
    at fetchQuestRequiredLevel (/Users/grins/git/warcraft/wow-bis/scripts/process-quest-levels.ts:182:33)
    at processTicksAndRejections (native:7:39)
Full Error: {}
---
[2025-11-03T03:43:46.457Z] ERROR: Error fetching quest 40602 (attempt 3)
Message: Attempted to use detached Frame '03DAD367655A18147D7AE5A08EAEAA20'.
Stack: Error: Attempted to use detached Frame '03DAD367655A18147D7AE5A08EAEAA20'.
    at <anonymous> (/Users/grins/git/warcraft/wow-bis/node_modules/.pnpm/puppeteer-core@24.25.0/node_modules/puppeteer-core/lib/esm/puppeteer/util/decorators.js:99:27)
    at <anonymous> (/Users/grins/git/warcraft/wow-bis/node_modules/.pnpm/puppeteer-core@24.25.0/node_modules/puppeteer-core/lib/esm/puppeteer/api/Page.js:568:43)
    at goto (/Users/grins/git/warcraft/wow-bis/node_modules/.pnpm/puppeteer-core@24.25.0/node_modules/puppeteer-core/lib/esm/puppeteer/api/Page.js:567:20)
    at <anonymous> (/Users/grins/git/warcraft/wow-bis/scripts/process-quest-levels.ts:191:24)
    at fetchQuestRequiredLevel (/Users/grins/git/warcraft/wow-bis/scripts/process-quest-levels.ts:182:33)
    at processTicksAndRejections (native:7:39)
Full Error: {}
---
[2025-11-03T03:43:55.460Z] ERROR: Error fetching quest 40602 (attempt 4)
Message: Attempted to use detached Frame '03DAD367655A18147D7AE5A08EAEAA20'.
Stack: Error: Attempted to use detached Frame '03DAD367655A18147D7AE5A08EAEAA20'.
    at <anonymous> (/Users/grins/git/warcraft/wow-bis/node_modules/.pnpm/puppeteer-core@24.25.0/node_modules/puppeteer-core/lib/esm/puppeteer/util/decorators.js:99:27)
    at <anonymous> (/Users/grins/git/warcraft/wow-bis/node_modules/.pnpm/puppeteer-core@24.25.0/node_modules/puppeteer-core/lib/esm/puppeteer/api/Page.js:568:43)
    at goto (/Users/grins/git/warcraft/wow-bis/node_modules/.pnpm/puppeteer-core@24.25.0/node_modules/puppeteer-core/lib/esm/puppeteer/api/Page.js:567:20)
    at <anonymous> (/Users/grins/git/warcraft/wow-bis/scripts/process-quest-levels.ts:191:24)
    at fetchQuestRequiredLevel (/Users/grins/git/warcraft/wow-bis/scripts/process-quest-levels.ts:182:33)
    at processTicksAndRejections (native:7:39)
Full Error: {}
---
[2025-11-03T03:43:57.465Z] ERROR: Error fetching quest 55051 (attempt 1)
Message: Attempted to use detached Frame '03DAD367655A18147D7AE5A08EAEAA20'.
Stack: Error: Attempted to use detached Frame '03DAD367655A18147D7AE5A08EAEAA20'.
    at <anonymous> (/Users/grins/git/warcraft/wow-bis/node_modules/.pnpm/puppeteer-core@24.25.0/node_modules/puppeteer-core/lib/esm/puppeteer/util/decorators.js:99:27)
    at <anonymous> (/Users/grins/git/warcraft/wow-bis/node_modules/.pnpm/puppeteer-core@24.25.0/node_modules/puppeteer-core/lib/esm/puppeteer/api/Page.js:568:43)
    at goto (/Users/grins/git/warcraft/wow-bis/node_modules/.pnpm/puppeteer-core@24.25.0/node_modules/puppeteer-core/lib/esm/puppeteer/api/Page.js:567:20)
    at <anonymous> (/Users/grins/git/warcraft/wow-bis/scripts/process-quest-levels.ts:191:24)
    at fetchQuestRequiredLevel (/Users/grins/git/warcraft/wow-bis/scripts/process-quest-levels.ts:182:33)
    at <anonymous> (/Users/grins/git/warcraft/wow-bis/scripts/process-quest-levels.ts:386:42)
    at processTicksAndRejections (native:7:39)
Full Error: {}
---
[2025-11-03T03:58:09.108Z] ERROR: Error fetching quest 55051 (attempt 2)
Message: Attempted to use detached Frame '03DAD367655A18147D7AE5A08EAEAA20'.
Stack: Error: Attempted to use detached Frame '03DAD367655A18147D7AE5A08EAEAA20'.
    at <anonymous> (/Users/grins/git/warcraft/wow-bis/node_modules/.pnpm/puppeteer-core@24.25.0/node_modules/puppeteer-core/lib/esm/puppeteer/util/decorators.js:99:27)
    at <anonymous> (/Users/grins/git/warcraft/wow-bis/node_modules/.pnpm/puppeteer-core@24.25.0/node_modules/puppeteer-core/lib/esm/puppeteer/api/Page.js:568:43)
    at goto (/Users/grins/git/warcraft/wow-bis/node_modules/.pnpm/puppeteer-core@24.25.0/node_modules/puppeteer-core/lib/esm/puppeteer/api/Page.js:567:20)
    at <anonymous> (/Users/grins/git/warcraft/wow-bis/scripts/process-quest-levels.ts:191:24)
    at fetchQuestRequiredLevel (/Users/grins/git/warcraft/wow-bis/scripts/process-quest-levels.ts:182:33)
    at processTicksAndRejections (native:7:39)
Full Error: {}
---
[2025-11-03T03:58:16.226Z] ERROR: Error fetching quest 55051 (attempt 3)
Message: Attempted to use detached Frame '03DAD367655A18147D7AE5A08EAEAA20'.
Stack: Error: Attempted to use detached Frame '03DAD367655A18147D7AE5A08EAEAA20'.
    at <anonymous> (/Users/grins/git/warcraft/wow-bis/node_modules/.pnpm/puppeteer-core@24.25.0/node_modules/puppeteer-core/lib/esm/puppeteer/util/decorators.js:99:27)
    at <anonymous> (/Users/grins/git/warcraft/wow-bis/node_modules/.pnpm/puppeteer-core@24.25.0/node_modules/puppeteer-core/lib/esm/puppeteer/api/Page.js:568:43)
    at goto (/Users/grins/git/warcraft/wow-bis/node_modules/.pnpm/puppeteer-core@24.25.0/node_modules/puppeteer-core/lib/esm/puppeteer/api/Page.js:567:20)
    at <anonymous> (/Users/grins/git/warcraft/wow-bis/scripts/process-quest-levels.ts:191:24)
    at fetchQuestRequiredLevel (/Users/grins/git/warcraft/wow-bis/scripts/process-quest-levels.ts:182:33)
    at processTicksAndRejections (native:7:39)
Full Error: {}
---
[2025-11-03T03:58:25.229Z] ERROR: Error fetching quest 55051 (attempt 4)
Message: Attempted to use detached Frame '03DAD367655A18147D7AE5A08EAEAA20'.
Stack: Error: Attempted to use detached Frame '03DAD367655A18147D7AE5A08EAEAA20'.
    at <anonymous> (/Users/grins/git/warcraft/wow-bis/node_modules/.pnpm/puppeteer-core@24.25.0/node_modules/puppeteer-core/lib/esm/puppeteer/util/decorators.js:99:27)
    at <anonymous> (/Users/grins/git/warcraft/wow-bis/node_modules/.pnpm/puppeteer-core@24.25.0/node_modules/puppeteer-core/lib/esm/puppeteer/api/Page.js:568:43)
    at goto (/Users/grins/git/warcraft/wow-bis/node_modules/.pnpm/puppeteer-core@24.25.0/node_modules/puppeteer-core/lib/esm/puppeteer/api/Page.js:567:20)
    at <anonymous> (/Users/grins/git/warcraft/wow-bis/scripts/process-quest-levels.ts:191:24)
    at fetchQuestRequiredLevel (/Users/grins/git/warcraft/wow-bis/scripts/process-quest-levels.ts:182:33)
    at processTicksAndRejections (native:7:39)
Full Error: {}
---
[2025-11-03T03:58:27.232Z] ERROR: Error fetching quest 214 (attempt 1)
Message: Attempted to use detached Frame '03DAD367655A18147D7AE5A08EAEAA20'.
Stack: Error: Attempted to use detached Frame '03DAD367655A18147D7AE5A08EAEAA20'.
    at <anonymous> (/Users/grins/git/warcraft/wow-bis/node_modules/.pnpm/puppeteer-core@24.25.0/node_modules/puppeteer-core/lib/esm/puppeteer/util/decorators.js:99:27)
    at <anonymous> (/Users/grins/git/warcraft/wow-bis/node_modules/.pnpm/puppeteer-core@24.25.0/node_modules/puppeteer-core/lib/esm/puppeteer/api/Page.js:568:43)
    at goto (/Users/grins/git/warcraft/wow-bis/node_modules/.pnpm/puppeteer-core@24.25.0/node_modules/puppeteer-core/lib/esm/puppeteer/api/Page.js:567:20)
    at <anonymous> (/Users/grins/git/warcraft/wow-bis/scripts/process-quest-levels.ts:191:24)
    at fetchQuestRequiredLevel (/Users/grins/git/warcraft/wow-bis/scripts/process-quest-levels.ts:182:33)
    at <anonymous> (/Users/grins/git/warcraft/wow-bis/scripts/process-quest-levels.ts:386:42)
    at processTicksAndRejections (native:7:39)
Full Error: {}
---
[2025-11-03T03:58:32.233Z] ERROR: Error fetching quest 214 (attempt 2)
Message: Attempted to use detached Frame '03DAD367655A18147D7AE5A08EAEAA20'.
Stack: Error: Attempted to use detached Frame '03DAD367655A18147D7AE5A08EAEAA20'.
    at <anonymous> (/Users/grins/git/warcraft/wow-bis/node_modules/.pnpm/puppeteer-core@24.25.0/node_modules/puppeteer-core/lib/esm/puppeteer/util/decorators.js:99:27)
    at <anonymous> (/Users/grins/git/warcraft/wow-bis/node_modules/.pnpm/puppeteer-core@24.25.0/node_modules/puppeteer-core/lib/esm/puppeteer/api/Page.js:568:43)
    at goto (/Users/grins/git/warcraft/wow-bis/node_modules/.pnpm/puppeteer-core@24.25.0/node_modules/puppeteer-core/lib/esm/puppeteer/api/Page.js:567:20)
    at <anonymous> (/Users/grins/git/warcraft/wow-bis/scripts/process-quest-levels.ts:191:24)
    at fetchQuestRequiredLevel (/Users/grins/git/warcraft/wow-bis/scripts/process-quest-levels.ts:182:33)
    at processTicksAndRejections (native:7:39)
Full Error: {}
---
[2025-11-03T03:58:39.236Z] ERROR: Error fetching quest 214 (attempt 3)
Message: Attempted to use detached Frame '03DAD367655A18147D7AE5A08EAEAA20'.
Stack: Error: Attempted to use detached Frame '03DAD367655A18147D7AE5A08EAEAA20'.
    at <anonymous> (/Users/grins/git/warcraft/wow-bis/node_modules/.pnpm/puppeteer-core@24.25.0/node_modules/puppeteer-core/lib/esm/puppeteer/util/decorators.js:99:27)
    at <anonymous> (/Users/grins/git/warcraft/wow-bis/node_modules/.pnpm/puppeteer-core@24.25.0/node_modules/puppeteer-core/lib/esm/puppeteer/api/Page.js:568:43)
    at goto (/Users/grins/git/warcraft/wow-bis/node_modules/.pnpm/puppeteer-core@24.25.0/node_modules/puppeteer-core/lib/esm/puppeteer/api/Page.js:567:20)
    at <anonymous> (/Users/grins/git/warcraft/wow-bis/scripts/process-quest-levels.ts:191:24)
    at fetchQuestRequiredLevel (/Users/grins/git/warcraft/wow-bis/scripts/process-quest-levels.ts:182:33)
    at processTicksAndRejections (native:7:39)
Full Error: {}
---
[2025-11-03T03:58:48.238Z] ERROR: Error fetching quest 214 (attempt 4)
Message: Attempted to use detached Frame '03DAD367655A18147D7AE5A08EAEAA20'.
Stack: Error: Attempted to use detached Frame '03DAD367655A18147D7AE5A08EAEAA20'.
    at <anonymous> (/Users/grins/git/warcraft/wow-bis/node_modules/.pnpm/puppeteer-core@24.25.0/node_modules/puppeteer-core/lib/esm/puppeteer/util/decorators.js:99:27)
    at <anonymous> (/Users/grins/git/warcraft/wow-bis/node_modules/.pnpm/puppeteer-core@24.25.0/node_modules/puppeteer-core/lib/esm/puppeteer/api/Page.js:568:43)
    at goto (/Users/grins/git/warcraft/wow-bis/node_modules/.pnpm/puppeteer-core@24.25.0/node_modules/puppeteer-core/lib/esm/puppeteer/api/Page.js:567:20)
    at <anonymous> (/Users/grins/git/warcraft/wow-bis/scripts/process-quest-levels.ts:191:24)
    at fetchQuestRequiredLevel (/Users/grins/git/warcraft/wow-bis/scripts/process-quest-levels.ts:182:33)
    at processTicksAndRejections (native:7:39)
Full Error: {}
---
[2025-11-03T03:58:52.248Z] ERROR: Error fetching quest 381 (attempt 1)
Message: Attempted to use detached Frame '03DAD367655A18147D7AE5A08EAEAA20'.
Stack: Error: Attempted to use detached Frame '03DAD367655A18147D7AE5A08EAEAA20'.
    at <anonymous> (/Users/grins/git/warcraft/wow-bis/node_modules/.pnpm/puppeteer-core@24.25.0/node_modules/puppeteer-core/lib/esm/puppeteer/util/decorators.js:99:27)
    at <anonymous> (/Users/grins/git/warcraft/wow-bis/node_modules/.pnpm/puppeteer-core@24.25.0/node_modules/puppeteer-core/lib/esm/puppeteer/api/Page.js:568:43)
    at goto (/Users/grins/git/warcraft/wow-bis/node_modules/.pnpm/puppeteer-core@24.25.0/node_modules/puppeteer-core/lib/esm/puppeteer/api/Page.js:567:20)
    at <anonymous> (/Users/grins/git/warcraft/wow-bis/scripts/process-quest-levels.ts:191:24)
    at fetchQuestRequiredLevel (/Users/grins/git/warcraft/wow-bis/scripts/process-quest-levels.ts:182:33)
    at <anonymous> (/Users/grins/git/warcraft/wow-bis/scripts/process-quest-levels.ts:386:42)
    at processTicksAndRejections (native:7:39)
Full Error: {}
---
[2025-11-03T03:58:57.252Z] ERROR: Error fetching quest 381 (attempt 2)
Message: Attempted to use detached Frame '03DAD367655A18147D7AE5A08EAEAA20'.
Stack: Error: Attempted to use detached Frame '03DAD367655A18147D7AE5A08EAEAA20'.
    at <anonymous> (/Users/grins/git/warcraft/wow-bis/node_modules/.pnpm/puppeteer-core@24.25.0/node_modules/puppeteer-core/lib/esm/puppeteer/util/decorators.js:99:27)
    at <anonymous> (/Users/grins/git/warcraft/wow-bis/node_modules/.pnpm/puppeteer-core@24.25.0/node_modules/puppeteer-core/lib/esm/puppeteer/api/Page.js:568:43)
    at goto (/Users/grins/git/warcraft/wow-bis/node_modules/.pnpm/puppeteer-core@24.25.0/node_modules/puppeteer-core/lib/esm/puppeteer/api/Page.js:567:20)
    at <anonymous> (/Users/grins/git/warcraft/wow-bis/scripts/process-quest-levels.ts:191:24)
    at fetchQuestRequiredLevel (/Users/grins/git/warcraft/wow-bis/scripts/process-quest-levels.ts:182:33)
    at processTicksAndRejections (native:7:39)
Full Error: {}
---
[2025-11-03T03:59:04.256Z] ERROR: Error fetching quest 381 (attempt 3)
Message: Attempted to use detached Frame '03DAD367655A18147D7AE5A08EAEAA20'.
Stack: Error: Attempted to use detached Frame '03DAD367655A18147D7AE5A08EAEAA20'.
    at <anonymous> (/Users/grins/git/warcraft/wow-bis/node_modules/.pnpm/puppeteer-core@24.25.0/node_modules/puppeteer-core/lib/esm/puppeteer/util/decorators.js:99:27)
    at <anonymous> (/Users/grins/git/warcraft/wow-bis/node_modules/.pnpm/puppeteer-core@24.25.0/node_modules/puppeteer-core/lib/esm/puppeteer/api/Page.js:568:43)
    at goto (/Users/grins/git/warcraft/wow-bis/node_modules/.pnpm/puppeteer-core@24.25.0/node_modules/puppeteer-core/lib/esm/puppeteer/api/Page.js:567:20)
    at <anonymous> (/Users/grins/git/warcraft/wow-bis/scripts/process-quest-levels.ts:191:24)
    at fetchQuestRequiredLevel (/Users/grins/git/warcraft/wow-bis/scripts/process-quest-levels.ts:182:33)
    at processTicksAndRejections (native:7:39)
Full Error: {}
---
[2025-11-03T03:59:13.259Z] ERROR: Error fetching quest 381 (attempt 4)
Message: Attempted to use detached Frame '03DAD367655A18147D7AE5A08EAEAA20'.
Stack: Error: Attempted to use detached Frame '03DAD367655A18147D7AE5A08EAEAA20'.
    at <anonymous> (/Users/grins/git/warcraft/wow-bis/node_modules/.pnpm/puppeteer-core@24.25.0/node_modules/puppeteer-core/lib/esm/puppeteer/util/decorators.js:99:27)
    at <anonymous> (/Users/grins/git/warcraft/wow-bis/node_modules/.pnpm/puppeteer-core@24.25.0/node_modules/puppeteer-core/lib/esm/puppeteer/api/Page.js:568:43)
    at goto (/Users/grins/git/warcraft/wow-bis/node_modules/.pnpm/puppeteer-core@24.25.0/node_modules/puppeteer-core/lib/esm/puppeteer/api/Page.js:567:20)
    at <anonymous> (/Users/grins/git/warcraft/wow-bis/scripts/process-quest-levels.ts:191:24)
    at fetchQuestRequiredLevel (/Users/grins/git/warcraft/wow-bis/scripts/process-quest-levels.ts:182:33)
    at processTicksAndRejections (native:7:39)
Full Error: {}
---
[2025-11-03T03:59:15.264Z] ERROR: Error fetching quest 435 (attempt 1)
Message: Attempted to use detached Frame '03DAD367655A18147D7AE5A08EAEAA20'.
Stack: Error: Attempted to use detached Frame '03DAD367655A18147D7AE5A08EAEAA20'.
    at <anonymous> (/Users/grins/git/warcraft/wow-bis/node_modules/.pnpm/puppeteer-core@24.25.0/node_modules/puppeteer-core/lib/esm/puppeteer/util/decorators.js:99:27)
    at <anonymous> (/Users/grins/git/warcraft/wow-bis/node_modules/.pnpm/puppeteer-core@24.25.0/node_modules/puppeteer-core/lib/esm/puppeteer/api/Page.js:568:43)
    at goto (/Users/grins/git/warcraft/wow-bis/node_modules/.pnpm/puppeteer-core@24.25.0/node_modules/puppeteer-core/lib/esm/puppeteer/api/Page.js:567:20)
    at <anonymous> (/Users/grins/git/warcraft/wow-bis/scripts/process-quest-levels.ts:191:24)
    at fetchQuestRequiredLevel (/Users/grins/git/warcraft/wow-bis/scripts/process-quest-levels.ts:182:33)
    at <anonymous> (/Users/grins/git/warcraft/wow-bis/scripts/process-quest-levels.ts:386:42)
    at processTicksAndRejections (native:7:39)
Full Error: {}
---
[2025-11-03T03:59:20.270Z] ERROR: Error fetching quest 435 (attempt 2)
Message: Attempted to use detached Frame '03DAD367655A18147D7AE5A08EAEAA20'.
Stack: Error: Attempted to use detached Frame '03DAD367655A18147D7AE5A08EAEAA20'.
    at <anonymous> (/Users/grins/git/warcraft/wow-bis/node_modules/.pnpm/puppeteer-core@24.25.0/node_modules/puppeteer-core/lib/esm/puppeteer/util/decorators.js:99:27)
    at <anonymous> (/Users/grins/git/warcraft/wow-bis/node_modules/.pnpm/puppeteer-core@24.25.0/node_modules/puppeteer-core/lib/esm/puppeteer/api/Page.js:568:43)
    at goto (/Users/grins/git/warcraft/wow-bis/node_modules/.pnpm/puppeteer-core@24.25.0/node_modules/puppeteer-core/lib/esm/puppeteer/api/Page.js:567:20)
    at <anonymous> (/Users/grins/git/warcraft/wow-bis/scripts/process-quest-levels.ts:191:24)
    at fetchQuestRequiredLevel (/Users/grins/git/warcraft/wow-bis/scripts/process-quest-levels.ts:182:33)
    at processTicksAndRejections (native:7:39)
Full Error: {}
---
[2025-11-03T03:59:27.272Z] ERROR: Error fetching quest 435 (attempt 3)
Message: Attempted to use detached Frame '03DAD367655A18147D7AE5A08EAEAA20'.
Stack: Error: Attempted to use detached Frame '03DAD367655A18147D7AE5A08EAEAA20'.
    at <anonymous> (/Users/grins/git/warcraft/wow-bis/node_modules/.pnpm/puppeteer-core@24.25.0/node_modules/puppeteer-core/lib/esm/puppeteer/util/decorators.js:99:27)
    at <anonymous> (/Users/grins/git/warcraft/wow-bis/node_modules/.pnpm/puppeteer-core@24.25.0/node_modules/puppeteer-core/lib/esm/puppeteer/api/Page.js:568:43)
    at goto (/Users/grins/git/warcraft/wow-bis/node_modules/.pnpm/puppeteer-core@24.25.0/node_modules/puppeteer-core/lib/esm/puppeteer/api/Page.js:567:20)
    at <anonymous> (/Users/grins/git/warcraft/wow-bis/scripts/process-quest-levels.ts:191:24)
    at fetchQuestRequiredLevel (/Users/grins/git/warcraft/wow-bis/scripts/process-quest-levels.ts:182:33)
    at processTicksAndRejections (native:7:39)
Full Error: {}
---
[2025-11-03T03:59:36.276Z] ERROR: Error fetching quest 435 (attempt 4)
Message: Attempted to use detached Frame '03DAD367655A18147D7AE5A08EAEAA20'.
Stack: Error: Attempted to use detached Frame '03DAD367655A18147D7AE5A08EAEAA20'.
    at <anonymous> (/Users/grins/git/warcraft/wow-bis/node_modules/.pnpm/puppeteer-core@24.25.0/node_modules/puppeteer-core/lib/esm/puppeteer/util/decorators.js:99:27)
    at <anonymous> (/Users/grins/git/warcraft/wow-bis/node_modules/.pnpm/puppeteer-core@24.25.0/node_modules/puppeteer-core/lib/esm/puppeteer/api/Page.js:568:43)
    at goto (/Users/grins/git/warcraft/wow-bis/node_modules/.pnpm/puppeteer-core@24.25.0/node_modules/puppeteer-core/lib/esm/puppeteer/api/Page.js:567:20)
    at <anonymous> (/Users/grins/git/warcraft/wow-bis/scripts/process-quest-levels.ts:191:24)
    at fetchQuestRequiredLevel (/Users/grins/git/warcraft/wow-bis/scripts/process-quest-levels.ts:182:33)
    at processTicksAndRejections (native:7:39)
Full Error: {}
---
[2025-11-03T03:59:38.281Z] ERROR: Error fetching quest 442 (attempt 1)
Message: Attempted to use detached Frame '03DAD367655A18147D7AE5A08EAEAA20'.
Stack: Error: Attempted to use detached Frame '03DAD367655A18147D7AE5A08EAEAA20'.
    at <anonymous> (/Users/grins/git/warcraft/wow-bis/node_modules/.pnpm/puppeteer-core@24.25.0/node_modules/puppeteer-core/lib/esm/puppeteer/util/decorators.js:99:27)
    at <anonymous> (/Users/grins/git/warcraft/wow-bis/node_modules/.pnpm/puppeteer-core@24.25.0/node_modules/puppeteer-core/lib/esm/puppeteer/api/Page.js:568:43)
    at goto (/Users/grins/git/warcraft/wow-bis/node_modules/.pnpm/puppeteer-core@24.25.0/node_modules/puppeteer-core/lib/esm/puppeteer/api/Page.js:567:20)
    at <anonymous> (/Users/grins/git/warcraft/wow-bis/scripts/process-quest-levels.ts:191:24)
    at fetchQuestRequiredLevel (/Users/grins/git/warcraft/wow-bis/scripts/process-quest-levels.ts:182:33)
    at <anonymous> (/Users/grins/git/warcraft/wow-bis/scripts/process-quest-levels.ts:386:42)
    at processTicksAndRejections (native:7:39)
Full Error: {}
---
[2025-11-03T03:59:43.284Z] ERROR: Error fetching quest 442 (attempt 2)
Message: Attempted to use detached Frame '03DAD367655A18147D7AE5A08EAEAA20'.
Stack: Error: Attempted to use detached Frame '03DAD367655A18147D7AE5A08EAEAA20'.
    at <anonymous> (/Users/grins/git/warcraft/wow-bis/node_modules/.pnpm/puppeteer-core@24.25.0/node_modules/puppeteer-core/lib/esm/puppeteer/util/decorators.js:99:27)
    at <anonymous> (/Users/grins/git/warcraft/wow-bis/node_modules/.pnpm/puppeteer-core@24.25.0/node_modules/puppeteer-core/lib/esm/puppeteer/api/Page.js:568:43)
    at goto (/Users/grins/git/warcraft/wow-bis/node_modules/.pnpm/puppeteer-core@24.25.0/node_modules/puppeteer-core/lib/esm/puppeteer/api/Page.js:567:20)
    at <anonymous> (/Users/grins/git/warcraft/wow-bis/scripts/process-quest-levels.ts:191:24)
    at fetchQuestRequiredLevel (/Users/grins/git/warcraft/wow-bis/scripts/process-quest-levels.ts:182:33)
    at processTicksAndRejections (native:7:39)
Full Error: {}
---
[2025-11-03T03:59:50.288Z] ERROR: Error fetching quest 442 (attempt 3)
Message: Attempted to use detached Frame '03DAD367655A18147D7AE5A08EAEAA20'.
Stack: Error: Attempted to use detached Frame '03DAD367655A18147D7AE5A08EAEAA20'.
    at <anonymous> (/Users/grins/git/warcraft/wow-bis/node_modules/.pnpm/puppeteer-core@24.25.0/node_modules/puppeteer-core/lib/esm/puppeteer/util/decorators.js:99:27)
    at <anonymous> (/Users/grins/git/warcraft/wow-bis/node_modules/.pnpm/puppeteer-core@24.25.0/node_modules/puppeteer-core/lib/esm/puppeteer/api/Page.js:568:43)
    at goto (/Users/grins/git/warcraft/wow-bis/node_modules/.pnpm/puppeteer-core@24.25.0/node_modules/puppeteer-core/lib/esm/puppeteer/api/Page.js:567:20)
    at <anonymous> (/Users/grins/git/warcraft/wow-bis/scripts/process-quest-levels.ts:191:24)
    at fetchQuestRequiredLevel (/Users/grins/git/warcraft/wow-bis/scripts/process-quest-levels.ts:182:33)
    at processTicksAndRejections (native:7:39)
Full Error: {}
---
[2025-11-03T03:59:59.292Z] ERROR: Error fetching quest 442 (attempt 4)
Message: Attempted to use detached Frame '03DAD367655A18147D7AE5A08EAEAA20'.
Stack: Error: Attempted to use detached Frame '03DAD367655A18147D7AE5A08EAEAA20'.
    at <anonymous> (/Users/grins/git/warcraft/wow-bis/node_modules/.pnpm/puppeteer-core@24.25.0/node_modules/puppeteer-core/lib/esm/puppeteer/util/decorators.js:99:27)
    at <anonymous> (/Users/grins/git/warcraft/wow-bis/node_modules/.pnpm/puppeteer-core@24.25.0/node_modules/puppeteer-core/lib/esm/puppeteer/api/Page.js:568:43)
    at goto (/Users/grins/git/warcraft/wow-bis/node_modules/.pnpm/puppeteer-core@24.25.0/node_modules/puppeteer-core/lib/esm/puppeteer/api/Page.js:567:20)
    at <anonymous> (/Users/grins/git/warcraft/wow-bis/scripts/process-quest-levels.ts:191:24)
    at fetchQuestRequiredLevel (/Users/grins/git/warcraft/wow-bis/scripts/process-quest-levels.ts:182:33)
    at processTicksAndRejections (native:7:39)
Full Error: {}
---
[2025-11-03T04:00:03.300Z] ERROR: Error fetching quest 41260 (attempt 1)
Message: Attempted to use detached Frame '03DAD367655A18147D7AE5A08EAEAA20'.
Stack: Error: Attempted to use detached Frame '03DAD367655A18147D7AE5A08EAEAA20'.
    at <anonymous> (/Users/grins/git/warcraft/wow-bis/node_modules/.pnpm/puppeteer-core@24.25.0/node_modules/puppeteer-core/lib/esm/puppeteer/util/decorators.js:99:27)
    at <anonymous> (/Users/grins/git/warcraft/wow-bis/node_modules/.pnpm/puppeteer-core@24.25.0/node_modules/puppeteer-core/lib/esm/puppeteer/api/Page.js:568:43)
    at goto (/Users/grins/git/warcraft/wow-bis/node_modules/.pnpm/puppeteer-core@24.25.0/node_modules/puppeteer-core/lib/esm/puppeteer/api/Page.js:567:20)
    at <anonymous> (/Users/grins/git/warcraft/wow-bis/scripts/process-quest-levels.ts:191:24)
    at fetchQuestRequiredLevel (/Users/grins/git/warcraft/wow-bis/scripts/process-quest-levels.ts:182:33)
    at <anonymous> (/Users/grins/git/warcraft/wow-bis/scripts/process-quest-levels.ts:386:42)
    at processTicksAndRejections (native:7:39)
Full Error: {}
---
[2025-11-03T04:00:08.304Z] ERROR: Error fetching quest 41260 (attempt 2)
Message: Attempted to use detached Frame '03DAD367655A18147D7AE5A08EAEAA20'.
Stack: Error: Attempted to use detached Frame '03DAD367655A18147D7AE5A08EAEAA20'.
    at <anonymous> (/Users/grins/git/warcraft/wow-bis/node_modules/.pnpm/puppeteer-core@24.25.0/node_modules/puppeteer-core/lib/esm/puppeteer/util/decorators.js:99:27)
    at <anonymous> (/Users/grins/git/warcraft/wow-bis/node_modules/.pnpm/puppeteer-core@24.25.0/node_modules/puppeteer-core/lib/esm/puppeteer/api/Page.js:568:43)
    at goto (/Users/grins/git/warcraft/wow-bis/node_modules/.pnpm/puppeteer-core@24.25.0/node_modules/puppeteer-core/lib/esm/puppeteer/api/Page.js:567:20)
    at <anonymous> (/Users/grins/git/warcraft/wow-bis/scripts/process-quest-levels.ts:191:24)
    at fetchQuestRequiredLevel (/Users/grins/git/warcraft/wow-bis/scripts/process-quest-levels.ts:182:33)
    at processTicksAndRejections (native:7:39)
Full Error: {}
---
[2025-11-03T04:00:15.308Z] ERROR: Error fetching quest 41260 (attempt 3)
Message: Attempted to use detached Frame '03DAD367655A18147D7AE5A08EAEAA20'.
Stack: Error: Attempted to use detached Frame '03DAD367655A18147D7AE5A08EAEAA20'.
    at <anonymous> (/Users/grins/git/warcraft/wow-bis/node_modules/.pnpm/puppeteer-core@24.25.0/node_modules/puppeteer-core/lib/esm/puppeteer/util/decorators.js:99:27)
    at <anonymous> (/Users/grins/git/warcraft/wow-bis/node_modules/.pnpm/puppeteer-core@24.25.0/node_modules/puppeteer-core/lib/esm/puppeteer/api/Page.js:568:43)
    at goto (/Users/grins/git/warcraft/wow-bis/node_modules/.pnpm/puppeteer-core@24.25.0/node_modules/puppeteer-core/lib/esm/puppeteer/api/Page.js:567:20)
    at <anonymous> (/Users/grins/git/warcraft/wow-bis/scripts/process-quest-levels.ts:191:24)
    at fetchQuestRequiredLevel (/Users/grins/git/warcraft/wow-bis/scripts/process-quest-levels.ts:182:33)
    at processTicksAndRejections (native:7:39)
Full Error: {}
---
[2025-11-03T04:00:24.312Z] ERROR: Error fetching quest 41260 (attempt 4)
Message: Attempted to use detached Frame '03DAD367655A18147D7AE5A08EAEAA20'.
Stack: Error: Attempted to use detached Frame '03DAD367655A18147D7AE5A08EAEAA20'.
    at <anonymous> (/Users/grins/git/warcraft/wow-bis/node_modules/.pnpm/puppeteer-core@24.25.0/node_modules/puppeteer-core/lib/esm/puppeteer/util/decorators.js:99:27)
    at <anonymous> (/Users/grins/git/warcraft/wow-bis/node_modules/.pnpm/puppeteer-core@24.25.0/node_modules/puppeteer-core/lib/esm/puppeteer/api/Page.js:568:43)
    at goto (/Users/grins/git/warcraft/wow-bis/node_modules/.pnpm/puppeteer-core@24.25.0/node_modules/puppeteer-core/lib/esm/puppeteer/api/Page.js:567:20)
    at <anonymous> (/Users/grins/git/warcraft/wow-bis/scripts/process-quest-levels.ts:191:24)
    at fetchQuestRequiredLevel (/Users/grins/git/warcraft/wow-bis/scripts/process-quest-levels.ts:182:33)
    at processTicksAndRejections (native:7:39)
Full Error: {}
---
[2025-11-03T04:00:26.316Z] ERROR: Error fetching quest 1682 (attempt 1)
Message: Attempted to use detached Frame '03DAD367655A18147D7AE5A08EAEAA20'.
Stack: Error: Attempted to use detached Frame '03DAD367655A18147D7AE5A08EAEAA20'.
    at <anonymous> (/Users/grins/git/warcraft/wow-bis/node_modules/.pnpm/puppeteer-core@24.25.0/node_modules/puppeteer-core/lib/esm/puppeteer/util/decorators.js:99:27)
    at <anonymous> (/Users/grins/git/warcraft/wow-bis/node_modules/.pnpm/puppeteer-core@24.25.0/node_modules/puppeteer-core/lib/esm/puppeteer/api/Page.js:568:43)
    at goto (/Users/grins/git/warcraft/wow-bis/node_modules/.pnpm/puppeteer-core@24.25.0/node_modules/puppeteer-core/lib/esm/puppeteer/api/Page.js:567:20)
    at <anonymous> (/Users/grins/git/warcraft/wow-bis/scripts/process-quest-levels.ts:191:24)
    at fetchQuestRequiredLevel (/Users/grins/git/warcraft/wow-bis/scripts/process-quest-levels.ts:182:33)
    at <anonymous> (/Users/grins/git/warcraft/wow-bis/scripts/process-quest-levels.ts:386:42)
    at processTicksAndRejections (native:7:39)
Full Error: {}
---
[2025-11-03T04:00:31.320Z] ERROR: Error fetching quest 1682 (attempt 2)
Message: Attempted to use detached Frame '03DAD367655A18147D7AE5A08EAEAA20'.
Stack: Error: Attempted to use detached Frame '03DAD367655A18147D7AE5A08EAEAA20'.
    at <anonymous> (/Users/grins/git/warcraft/wow-bis/node_modules/.pnpm/puppeteer-core@24.25.0/node_modules/puppeteer-core/lib/esm/puppeteer/util/decorators.js:99:27)
    at <anonymous> (/Users/grins/git/warcraft/wow-bis/node_modules/.pnpm/puppeteer-core@24.25.0/node_modules/puppeteer-core/lib/esm/puppeteer/api/Page.js:568:43)
    at goto (/Users/grins/git/warcraft/wow-bis/node_modules/.pnpm/puppeteer-core@24.25.0/node_modules/puppeteer-core/lib/esm/puppeteer/api/Page.js:567:20)
    at <anonymous> (/Users/grins/git/warcraft/wow-bis/scripts/process-quest-levels.ts:191:24)
    at fetchQuestRequiredLevel (/Users/grins/git/warcraft/wow-bis/scripts/process-quest-levels.ts:182:33)
    at processTicksAndRejections (native:7:39)
Full Error: {}
---
[2025-11-03T04:00:38.323Z] ERROR: Error fetching quest 1682 (attempt 3)
Message: Attempted to use detached Frame '03DAD367655A18147D7AE5A08EAEAA20'.
Stack: Error: Attempted to use detached Frame '03DAD367655A18147D7AE5A08EAEAA20'.
    at <anonymous> (/Users/grins/git/warcraft/wow-bis/node_modules/.pnpm/puppeteer-core@24.25.0/node_modules/puppeteer-core/lib/esm/puppeteer/util/decorators.js:99:27)
    at <anonymous> (/Users/grins/git/warcraft/wow-bis/node_modules/.pnpm/puppeteer-core@24.25.0/node_modules/puppeteer-core/lib/esm/puppeteer/api/Page.js:568:43)
    at goto (/Users/grins/git/warcraft/wow-bis/node_modules/.pnpm/puppeteer-core@24.25.0/node_modules/puppeteer-core/lib/esm/puppeteer/api/Page.js:567:20)
    at <anonymous> (/Users/grins/git/warcraft/wow-bis/scripts/process-quest-levels.ts:191:24)
    at fetchQuestRequiredLevel (/Users/grins/git/warcraft/wow-bis/scripts/process-quest-levels.ts:182:33)
    at processTicksAndRejections (native:7:39)
Full Error: {}
---
[2025-11-03T04:00:47.325Z] ERROR: Error fetching quest 1682 (attempt 4)
Message: Attempted to use detached Frame '03DAD367655A18147D7AE5A08EAEAA20'.
Stack: Error: Attempted to use detached Frame '03DAD367655A18147D7AE5A08EAEAA20'.
    at <anonymous> (/Users/grins/git/warcraft/wow-bis/node_modules/.pnpm/puppeteer-core@24.25.0/node_modules/puppeteer-core/lib/esm/puppeteer/util/decorators.js:99:27)
    at <anonymous> (/Users/grins/git/warcraft/wow-bis/node_modules/.pnpm/puppeteer-core@24.25.0/node_modules/puppeteer-core/lib/esm/puppeteer/api/Page.js:568:43)
    at goto (/Users/grins/git/warcraft/wow-bis/node_modules/.pnpm/puppeteer-core@24.25.0/node_modules/puppeteer-core/lib/esm/puppeteer/api/Page.js:567:20)
    at <anonymous> (/Users/grins/git/warcraft/wow-bis/scripts/process-quest-levels.ts:191:24)
    at fetchQuestRequiredLevel (/Users/grins/git/warcraft/wow-bis/scripts/process-quest-levels.ts:182:33)
    at processTicksAndRejections (native:7:39)
Full Error: {}
---
[2025-11-03T04:00:49.330Z] ERROR: Error fetching quest 1503 (attempt 1)
Message: Attempted to use detached Frame '03DAD367655A18147D7AE5A08EAEAA20'.
Stack: Error: Attempted to use detached Frame '03DAD367655A18147D7AE5A08EAEAA20'.
    at <anonymous> (/Users/grins/git/warcraft/wow-bis/node_modules/.pnpm/puppeteer-core@24.25.0/node_modules/puppeteer-core/lib/esm/puppeteer/util/decorators.js:99:27)
    at <anonymous> (/Users/grins/git/warcraft/wow-bis/node_modules/.pnpm/puppeteer-core@24.25.0/node_modules/puppeteer-core/lib/esm/puppeteer/api/Page.js:568:43)
    at goto (/Users/grins/git/warcraft/wow-bis/node_modules/.pnpm/puppeteer-core@24.25.0/node_modules/puppeteer-core/lib/esm/puppeteer/api/Page.js:567:20)
    at <anonymous> (/Users/grins/git/warcraft/wow-bis/scripts/process-quest-levels.ts:191:24)
    at fetchQuestRequiredLevel (/Users/grins/git/warcraft/wow-bis/scripts/process-quest-levels.ts:182:33)
    at <anonymous> (/Users/grins/git/warcraft/wow-bis/scripts/process-quest-levels.ts:386:42)
    at processTicksAndRejections (native:7:39)
Full Error: {}
---
[2025-11-03T04:00:54.334Z] ERROR: Error fetching quest 1503 (attempt 2)
Message: Attempted to use detached Frame '03DAD367655A18147D7AE5A08EAEAA20'.
Stack: Error: Attempted to use detached Frame '03DAD367655A18147D7AE5A08EAEAA20'.
    at <anonymous> (/Users/grins/git/warcraft/wow-bis/node_modules/.pnpm/puppeteer-core@24.25.0/node_modules/puppeteer-core/lib/esm/puppeteer/util/decorators.js:99:27)
    at <anonymous> (/Users/grins/git/warcraft/wow-bis/node_modules/.pnpm/puppeteer-core@24.25.0/node_modules/puppeteer-core/lib/esm/puppeteer/api/Page.js:568:43)
    at goto (/Users/grins/git/warcraft/wow-bis/node_modules/.pnpm/puppeteer-core@24.25.0/node_modules/puppeteer-core/lib/esm/puppeteer/api/Page.js:567:20)
    at <anonymous> (/Users/grins/git/warcraft/wow-bis/scripts/process-quest-levels.ts:191:24)
    at fetchQuestRequiredLevel (/Users/grins/git/warcraft/wow-bis/scripts/process-quest-levels.ts:182:33)
    at processTicksAndRejections (native:7:39)
Full Error: {}
---
[2025-11-03T04:15:05.034Z] ERROR: Error fetching quest 1503 (attempt 3)
Message: Attempted to use detached Frame '03DAD367655A18147D7AE5A08EAEAA20'.
Stack: Error: Attempted to use detached Frame '03DAD367655A18147D7AE5A08EAEAA20'.
    at <anonymous> (/Users/grins/git/warcraft/wow-bis/node_modules/.pnpm/puppeteer-core@24.25.0/node_modules/puppeteer-core/lib/esm/puppeteer/util/decorators.js:99:27)
    at <anonymous> (/Users/grins/git/warcraft/wow-bis/node_modules/.pnpm/puppeteer-core@24.25.0/node_modules/puppeteer-core/lib/esm/puppeteer/api/Page.js:568:43)
    at goto (/Users/grins/git/warcraft/wow-bis/node_modules/.pnpm/puppeteer-core@24.25.0/node_modules/puppeteer-core/lib/esm/puppeteer/api/Page.js:567:20)
    at <anonymous> (/Users/grins/git/warcraft/wow-bis/scripts/process-quest-levels.ts:191:24)
    at fetchQuestRequiredLevel (/Users/grins/git/warcraft/wow-bis/scripts/process-quest-levels.ts:182:33)
    at processTicksAndRejections (native:7:39)
Full Error: {}
---
[2025-11-03T04:15:14.049Z] ERROR: Error fetching quest 1503 (attempt 4)
Message: Attempted to use detached Frame '03DAD367655A18147D7AE5A08EAEAA20'.
Stack: Error: Attempted to use detached Frame '03DAD367655A18147D7AE5A08EAEAA20'.
    at <anonymous> (/Users/grins/git/warcraft/wow-bis/node_modules/.pnpm/puppeteer-core@24.25.0/node_modules/puppeteer-core/lib/esm/puppeteer/util/decorators.js:99:27)
    at <anonymous> (/Users/grins/git/warcraft/wow-bis/node_modules/.pnpm/puppeteer-core@24.25.0/node_modules/puppeteer-core/lib/esm/puppeteer/api/Page.js:568:43)
    at goto (/Users/grins/git/warcraft/wow-bis/node_modules/.pnpm/puppeteer-core@24.25.0/node_modules/puppeteer-core/lib/esm/puppeteer/api/Page.js:567:20)
    at <anonymous> (/Users/grins/git/warcraft/wow-bis/scripts/process-quest-levels.ts:191:24)
    at fetchQuestRequiredLevel (/Users/grins/git/warcraft/wow-bis/scripts/process-quest-levels.ts:182:33)
    at processTicksAndRejections (native:7:39)
Full Error: {}
---
[2025-11-03T04:15:16.053Z] ERROR: Error fetching quest 5385 (attempt 1)
Message: Attempted to use detached Frame '03DAD367655A18147D7AE5A08EAEAA20'.
Stack: Error: Attempted to use detached Frame '03DAD367655A18147D7AE5A08EAEAA20'.
    at <anonymous> (/Users/grins/git/warcraft/wow-bis/node_modules/.pnpm/puppeteer-core@24.25.0/node_modules/puppeteer-core/lib/esm/puppeteer/util/decorators.js:99:27)
    at <anonymous> (/Users/grins/git/warcraft/wow-bis/node_modules/.pnpm/puppeteer-core@24.25.0/node_modules/puppeteer-core/lib/esm/puppeteer/api/Page.js:568:43)
    at goto (/Users/grins/git/warcraft/wow-bis/node_modules/.pnpm/puppeteer-core@24.25.0/node_modules/puppeteer-core/lib/esm/puppeteer/api/Page.js:567:20)
    at <anonymous> (/Users/grins/git/warcraft/wow-bis/scripts/process-quest-levels.ts:191:24)
    at fetchQuestRequiredLevel (/Users/grins/git/warcraft/wow-bis/scripts/process-quest-levels.ts:182:33)
    at <anonymous> (/Users/grins/git/warcraft/wow-bis/scripts/process-quest-levels.ts:386:42)
    at processTicksAndRejections (native:7:39)
Full Error: {}
---
[2025-11-03T04:15:21.053Z] ERROR: Error fetching quest 5385 (attempt 2)
Message: Attempted to use detached Frame '03DAD367655A18147D7AE5A08EAEAA20'.
Stack: Error: Attempted to use detached Frame '03DAD367655A18147D7AE5A08EAEAA20'.
    at <anonymous> (/Users/grins/git/warcraft/wow-bis/node_modules/.pnpm/puppeteer-core@24.25.0/node_modules/puppeteer-core/lib/esm/puppeteer/util/decorators.js:99:27)
    at <anonymous> (/Users/grins/git/warcraft/wow-bis/node_modules/.pnpm/puppeteer-core@24.25.0/node_modules/puppeteer-core/lib/esm/puppeteer/api/Page.js:568:43)
    at goto (/Users/grins/git/warcraft/wow-bis/node_modules/.pnpm/puppeteer-core@24.25.0/node_modules/puppeteer-core/lib/esm/puppeteer/api/Page.js:567:20)
    at <anonymous> (/Users/grins/git/warcraft/wow-bis/scripts/process-quest-levels.ts:191:24)
    at fetchQuestRequiredLevel (/Users/grins/git/warcraft/wow-bis/scripts/process-quest-levels.ts:182:33)
    at processTicksAndRejections (native:7:39)
Full Error: {}
---
[2025-11-03T04:15:28.056Z] ERROR: Error fetching quest 5385 (attempt 3)
Message: Attempted to use detached Frame '03DAD367655A18147D7AE5A08EAEAA20'.
Stack: Error: Attempted to use detached Frame '03DAD367655A18147D7AE5A08EAEAA20'.
    at <anonymous> (/Users/grins/git/warcraft/wow-bis/node_modules/.pnpm/puppeteer-core@24.25.0/node_modules/puppeteer-core/lib/esm/puppeteer/util/decorators.js:99:27)
    at <anonymous> (/Users/grins/git/warcraft/wow-bis/node_modules/.pnpm/puppeteer-core@24.25.0/node_modules/puppeteer-core/lib/esm/puppeteer/api/Page.js:568:43)
    at goto (/Users/grins/git/warcraft/wow-bis/node_modules/.pnpm/puppeteer-core@24.25.0/node_modules/puppeteer-core/lib/esm/puppeteer/api/Page.js:567:20)
    at <anonymous> (/Users/grins/git/warcraft/wow-bis/scripts/process-quest-levels.ts:191:24)
    at fetchQuestRequiredLevel (/Users/grins/git/warcraft/wow-bis/scripts/process-quest-levels.ts:182:33)
    at processTicksAndRejections (native:7:39)
Full Error: {}
---
[2025-11-03T04:15:37.057Z] ERROR: Error fetching quest 5385 (attempt 4)
Message: Attempted to use detached Frame '03DAD367655A18147D7AE5A08EAEAA20'.
Stack: Error: Attempted to use detached Frame '03DAD367655A18147D7AE5A08EAEAA20'.
    at <anonymous> (/Users/grins/git/warcraft/wow-bis/node_modules/.pnpm/puppeteer-core@24.25.0/node_modules/puppeteer-core/lib/esm/puppeteer/util/decorators.js:99:27)
    at <anonymous> (/Users/grins/git/warcraft/wow-bis/node_modules/.pnpm/puppeteer-core@24.25.0/node_modules/puppeteer-core/lib/esm/puppeteer/api/Page.js:568:43)
    at goto (/Users/grins/git/warcraft/wow-bis/node_modules/.pnpm/puppeteer-core@24.25.0/node_modules/puppeteer-core/lib/esm/puppeteer/api/Page.js:567:20)
    at <anonymous> (/Users/grins/git/warcraft/wow-bis/scripts/process-quest-levels.ts:191:24)
    at fetchQuestRequiredLevel (/Users/grins/git/warcraft/wow-bis/scripts/process-quest-levels.ts:182:33)
    at processTicksAndRejections (native:7:39)
Full Error: {}
---
[2025-11-03T04:15:39.060Z] ERROR: Error fetching quest 6544 (attempt 1)
Message: Attempted to use detached Frame '03DAD367655A18147D7AE5A08EAEAA20'.
Stack: Error: Attempted to use detached Frame '03DAD367655A18147D7AE5A08EAEAA20'.
    at <anonymous> (/Users/grins/git/warcraft/wow-bis/node_modules/.pnpm/puppeteer-core@24.25.0/node_modules/puppeteer-core/lib/esm/puppeteer/util/decorators.js:99:27)
    at <anonymous> (/Users/grins/git/warcraft/wow-bis/node_modules/.pnpm/puppeteer-core@24.25.0/node_modules/puppeteer-core/lib/esm/puppeteer/api/Page.js:568:43)
    at goto (/Users/grins/git/warcraft/wow-bis/node_modules/.pnpm/puppeteer-core@24.25.0/node_modules/puppeteer-core/lib/esm/puppeteer/api/Page.js:567:20)
    at <anonymous> (/Users/grins/git/warcraft/wow-bis/scripts/process-quest-levels.ts:191:24)
    at fetchQuestRequiredLevel (/Users/grins/git/warcraft/wow-bis/scripts/process-quest-levels.ts:182:33)
    at <anonymous> (/Users/grins/git/warcraft/wow-bis/scripts/process-quest-levels.ts:386:42)
    at processTicksAndRejections (native:7:39)
Full Error: {}
---
[2025-11-03T04:15:44.063Z] ERROR: Error fetching quest 6544 (attempt 2)
Message: Attempted to use detached Frame '03DAD367655A18147D7AE5A08EAEAA20'.
Stack: Error: Attempted to use detached Frame '03DAD367655A18147D7AE5A08EAEAA20'.
    at <anonymous> (/Users/grins/git/warcraft/wow-bis/node_modules/.pnpm/puppeteer-core@24.25.0/node_modules/puppeteer-core/lib/esm/puppeteer/util/decorators.js:99:27)
    at <anonymous> (/Users/grins/git/warcraft/wow-bis/node_modules/.pnpm/puppeteer-core@24.25.0/node_modules/puppeteer-core/lib/esm/puppeteer/api/Page.js:568:43)
    at goto (/Users/grins/git/warcraft/wow-bis/node_modules/.pnpm/puppeteer-core@24.25.0/node_modules/puppeteer-core/lib/esm/puppeteer/api/Page.js:567:20)
    at <anonymous> (/Users/grins/git/warcraft/wow-bis/scripts/process-quest-levels.ts:191:24)
    at fetchQuestRequiredLevel (/Users/grins/git/warcraft/wow-bis/scripts/process-quest-levels.ts:182:33)
    at processTicksAndRejections (native:7:39)
Full Error: {}
---
[2025-11-03T04:15:51.066Z] ERROR: Error fetching quest 6544 (attempt 3)
Message: Attempted to use detached Frame '03DAD367655A18147D7AE5A08EAEAA20'.
Stack: Error: Attempted to use detached Frame '03DAD367655A18147D7AE5A08EAEAA20'.
    at <anonymous> (/Users/grins/git/warcraft/wow-bis/node_modules/.pnpm/puppeteer-core@24.25.0/node_modules/puppeteer-core/lib/esm/puppeteer/util/decorators.js:99:27)
    at <anonymous> (/Users/grins/git/warcraft/wow-bis/node_modules/.pnpm/puppeteer-core@24.25.0/node_modules/puppeteer-core/lib/esm/puppeteer/api/Page.js:568:43)
    at goto (/Users/grins/git/warcraft/wow-bis/node_modules/.pnpm/puppeteer-core@24.25.0/node_modules/puppeteer-core/lib/esm/puppeteer/api/Page.js:567:20)
    at <anonymous> (/Users/grins/git/warcraft/wow-bis/scripts/process-quest-levels.ts:191:24)
    at fetchQuestRequiredLevel (/Users/grins/git/warcraft/wow-bis/scripts/process-quest-levels.ts:182:33)
    at processTicksAndRejections (native:7:39)
Full Error: {}
---
[2025-11-03T04:16:00.070Z] ERROR: Error fetching quest 6544 (attempt 4)
Message: Attempted to use detached Frame '03DAD367655A18147D7AE5A08EAEAA20'.
Stack: Error: Attempted to use detached Frame '03DAD367655A18147D7AE5A08EAEAA20'.
    at <anonymous> (/Users/grins/git/warcraft/wow-bis/node_modules/.pnpm/puppeteer-core@24.25.0/node_modules/puppeteer-core/lib/esm/puppeteer/util/decorators.js:99:27)
    at <anonymous> (/Users/grins/git/warcraft/wow-bis/node_modules/.pnpm/puppeteer-core@24.25.0/node_modules/puppeteer-core/lib/esm/puppeteer/api/Page.js:568:43)
    at goto (/Users/grins/git/warcraft/wow-bis/node_modules/.pnpm/puppeteer-core@24.25.0/node_modules/puppeteer-core/lib/esm/puppeteer/api/Page.js:567:20)
    at <anonymous> (/Users/grins/git/warcraft/wow-bis/scripts/process-quest-levels.ts:191:24)
    at fetchQuestRequiredLevel (/Users/grins/git/warcraft/wow-bis/scripts/process-quest-levels.ts:182:33)
    at processTicksAndRejections (native:7:39)
Full Error: {}
---
[2025-11-03T04:16:02.074Z] ERROR: Error fetching quest 7003 (attempt 1)
Message: Attempted to use detached Frame '03DAD367655A18147D7AE5A08EAEAA20'.
Stack: Error: Attempted to use detached Frame '03DAD367655A18147D7AE5A08EAEAA20'.
    at <anonymous> (/Users/grins/git/warcraft/wow-bis/node_modules/.pnpm/puppeteer-core@24.25.0/node_modules/puppeteer-core/lib/esm/puppeteer/util/decorators.js:99:27)
    at <anonymous> (/Users/grins/git/warcraft/wow-bis/node_modules/.pnpm/puppeteer-core@24.25.0/node_modules/puppeteer-core/lib/esm/puppeteer/api/Page.js:568:43)
    at goto (/Users/grins/git/warcraft/wow-bis/node_modules/.pnpm/puppeteer-core@24.25.0/node_modules/puppeteer-core/lib/esm/puppeteer/api/Page.js:567:20)
    at <anonymous> (/Users/grins/git/warcraft/wow-bis/scripts/process-quest-levels.ts:191:24)
    at fetchQuestRequiredLevel (/Users/grins/git/warcraft/wow-bis/scripts/process-quest-levels.ts:182:33)
    at <anonymous> (/Users/grins/git/warcraft/wow-bis/scripts/process-quest-levels.ts:386:42)
    at processTicksAndRejections (native:7:39)
Full Error: {}
---
[2025-11-03T04:16:07.077Z] ERROR: Error fetching quest 7003 (attempt 2)
Message: Attempted to use detached Frame '03DAD367655A18147D7AE5A08EAEAA20'.
Stack: Error: Attempted to use detached Frame '03DAD367655A18147D7AE5A08EAEAA20'.
    at <anonymous> (/Users/grins/git/warcraft/wow-bis/node_modules/.pnpm/puppeteer-core@24.25.0/node_modules/puppeteer-core/lib/esm/puppeteer/util/decorators.js:99:27)
    at <anonymous> (/Users/grins/git/warcraft/wow-bis/node_modules/.pnpm/puppeteer-core@24.25.0/node_modules/puppeteer-core/lib/esm/puppeteer/api/Page.js:568:43)
    at goto (/Users/grins/git/warcraft/wow-bis/node_modules/.pnpm/puppeteer-core@24.25.0/node_modules/puppeteer-core/lib/esm/puppeteer/api/Page.js:567:20)
    at <anonymous> (/Users/grins/git/warcraft/wow-bis/scripts/process-quest-levels.ts:191:24)
    at fetchQuestRequiredLevel (/Users/grins/git/warcraft/wow-bis/scripts/process-quest-levels.ts:182:33)
    at processTicksAndRejections (native:7:39)
Full Error: {}
---
[2025-11-03T04:16:14.081Z] ERROR: Error fetching quest 7003 (attempt 3)
Message: Attempted to use detached Frame '03DAD367655A18147D7AE5A08EAEAA20'.
Stack: Error: Attempted to use detached Frame '03DAD367655A18147D7AE5A08EAEAA20'.
    at <anonymous> (/Users/grins/git/warcraft/wow-bis/node_modules/.pnpm/puppeteer-core@24.25.0/node_modules/puppeteer-core/lib/esm/puppeteer/util/decorators.js:99:27)
    at <anonymous> (/Users/grins/git/warcraft/wow-bis/node_modules/.pnpm/puppeteer-core@24.25.0/node_modules/puppeteer-core/lib/esm/puppeteer/api/Page.js:568:43)
    at goto (/Users/grins/git/warcraft/wow-bis/node_modules/.pnpm/puppeteer-core@24.25.0/node_modules/puppeteer-core/lib/esm/puppeteer/api/Page.js:567:20)
    at <anonymous> (/Users/grins/git/warcraft/wow-bis/scripts/process-quest-levels.ts:191:24)
    at fetchQuestRequiredLevel (/Users/grins/git/warcraft/wow-bis/scripts/process-quest-levels.ts:182:33)
    at processTicksAndRejections (native:7:39)
Full Error: {}
---
[2025-11-03T04:16:23.085Z] ERROR: Error fetching quest 7003 (attempt 4)
Message: Attempted to use detached Frame '03DAD367655A18147D7AE5A08EAEAA20'.
Stack: Error: Attempted to use detached Frame '03DAD367655A18147D7AE5A08EAEAA20'.
    at <anonymous> (/Users/grins/git/warcraft/wow-bis/node_modules/.pnpm/puppeteer-core@24.25.0/node_modules/puppeteer-core/lib/esm/puppeteer/util/decorators.js:99:27)
    at <anonymous> (/Users/grins/git/warcraft/wow-bis/node_modules/.pnpm/puppeteer-core@24.25.0/node_modules/puppeteer-core/lib/esm/puppeteer/api/Page.js:568:43)
    at goto (/Users/grins/git/warcraft/wow-bis/node_modules/.pnpm/puppeteer-core@24.25.0/node_modules/puppeteer-core/lib/esm/puppeteer/api/Page.js:567:20)
    at <anonymous> (/Users/grins/git/warcraft/wow-bis/scripts/process-quest-levels.ts:191:24)
    at fetchQuestRequiredLevel (/Users/grins/git/warcraft/wow-bis/scripts/process-quest-levels.ts:182:33)
    at processTicksAndRejections (native:7:39)
Full Error: {}
---
[2025-11-03T04:16:25.088Z] ERROR: Error fetching quest 41158 (attempt 1)
Message: Attempted to use detached Frame '03DAD367655A18147D7AE5A08EAEAA20'.
Stack: Error: Attempted to use detached Frame '03DAD367655A18147D7AE5A08EAEAA20'.
    at <anonymous> (/Users/grins/git/warcraft/wow-bis/node_modules/.pnpm/puppeteer-core@24.25.0/node_modules/puppeteer-core/lib/esm/puppeteer/util/decorators.js:99:27)
    at <anonymous> (/Users/grins/git/warcraft/wow-bis/node_modules/.pnpm/puppeteer-core@24.25.0/node_modules/puppeteer-core/lib/esm/puppeteer/api/Page.js:568:43)
    at goto (/Users/grins/git/warcraft/wow-bis/node_modules/.pnpm/puppeteer-core@24.25.0/node_modules/puppeteer-core/lib/esm/puppeteer/api/Page.js:567:20)
    at <anonymous> (/Users/grins/git/warcraft/wow-bis/scripts/process-quest-levels.ts:191:24)
    at fetchQuestRequiredLevel (/Users/grins/git/warcraft/wow-bis/scripts/process-quest-levels.ts:182:33)
    at <anonymous> (/Users/grins/git/warcraft/wow-bis/scripts/process-quest-levels.ts:386:42)
    at processTicksAndRejections (native:7:39)
Full Error: {}
---
[2025-11-03T04:16:30.092Z] ERROR: Error fetching quest 41158 (attempt 2)
Message: Attempted to use detached Frame '03DAD367655A18147D7AE5A08EAEAA20'.
Stack: Error: Attempted to use detached Frame '03DAD367655A18147D7AE5A08EAEAA20'.
    at <anonymous> (/Users/grins/git/warcraft/wow-bis/node_modules/.pnpm/puppeteer-core@24.25.0/node_modules/puppeteer-core/lib/esm/puppeteer/util/decorators.js:99:27)
    at <anonymous> (/Users/grins/git/warcraft/wow-bis/node_modules/.pnpm/puppeteer-core@24.25.0/node_modules/puppeteer-core/lib/esm/puppeteer/api/Page.js:568:43)
    at goto (/Users/grins/git/warcraft/wow-bis/node_modules/.pnpm/puppeteer-core@24.25.0/node_modules/puppeteer-core/lib/esm/puppeteer/api/Page.js:567:20)
    at <anonymous> (/Users/grins/git/warcraft/wow-bis/scripts/process-quest-levels.ts:191:24)
    at fetchQuestRequiredLevel (/Users/grins/git/warcraft/wow-bis/scripts/process-quest-levels.ts:182:33)
    at processTicksAndRejections (native:7:39)
Full Error: {}
---
[2025-11-03T04:16:37.096Z] ERROR: Error fetching quest 41158 (attempt 3)
Message: Attempted to use detached Frame '03DAD367655A18147D7AE5A08EAEAA20'.
Stack: Error: Attempted to use detached Frame '03DAD367655A18147D7AE5A08EAEAA20'.
    at <anonymous> (/Users/grins/git/warcraft/wow-bis/node_modules/.pnpm/puppeteer-core@24.25.0/node_modules/puppeteer-core/lib/esm/puppeteer/util/decorators.js:99:27)
    at <anonymous> (/Users/grins/git/warcraft/wow-bis/node_modules/.pnpm/puppeteer-core@24.25.0/node_modules/puppeteer-core/lib/esm/puppeteer/api/Page.js:568:43)
    at goto (/Users/grins/git/warcraft/wow-bis/node_modules/.pnpm/puppeteer-core@24.25.0/node_modules/puppeteer-core/lib/esm/puppeteer/api/Page.js:567:20)
    at <anonymous> (/Users/grins/git/warcraft/wow-bis/scripts/process-quest-levels.ts:191:24)
    at fetchQuestRequiredLevel (/Users/grins/git/warcraft/wow-bis/scripts/process-quest-levels.ts:182:33)
    at processTicksAndRejections (native:7:39)
Full Error: {}
---
[2025-11-03T04:16:46.098Z] ERROR: Error fetching quest 41158 (attempt 4)
Message: Attempted to use detached Frame '03DAD367655A18147D7AE5A08EAEAA20'.
Stack: Error: Attempted to use detached Frame '03DAD367655A18147D7AE5A08EAEAA20'.
    at <anonymous> (/Users/grins/git/warcraft/wow-bis/node_modules/.pnpm/puppeteer-core@24.25.0/node_modules/puppeteer-core/lib/esm/puppeteer/util/decorators.js:99:27)
    at <anonymous> (/Users/grins/git/warcraft/wow-bis/node_modules/.pnpm/puppeteer-core@24.25.0/node_modules/puppeteer-core/lib/esm/puppeteer/api/Page.js:568:43)
    at goto (/Users/grins/git/warcraft/wow-bis/node_modules/.pnpm/puppeteer-core@24.25.0/node_modules/puppeteer-core/lib/esm/puppeteer/api/Page.js:567:20)
    at <anonymous> (/Users/grins/git/warcraft/wow-bis/scripts/process-quest-levels.ts:191:24)
    at fetchQuestRequiredLevel (/Users/grins/git/warcraft/wow-bis/scripts/process-quest-levels.ts:182:33)
    at processTicksAndRejections (native:7:39)
Full Error: {}
---
[2025-11-03T04:16:48.103Z] ERROR: Error fetching quest 80409 (attempt 1)
Message: Attempted to use detached Frame '03DAD367655A18147D7AE5A08EAEAA20'.
Stack: Error: Attempted to use detached Frame '03DAD367655A18147D7AE5A08EAEAA20'.
    at <anonymous> (/Users/grins/git/warcraft/wow-bis/node_modules/.pnpm/puppeteer-core@24.25.0/node_modules/puppeteer-core/lib/esm/puppeteer/util/decorators.js:99:27)
    at <anonymous> (/Users/grins/git/warcraft/wow-bis/node_modules/.pnpm/puppeteer-core@24.25.0/node_modules/puppeteer-core/lib/esm/puppeteer/api/Page.js:568:43)
    at goto (/Users/grins/git/warcraft/wow-bis/node_modules/.pnpm/puppeteer-core@24.25.0/node_modules/puppeteer-core/lib/esm/puppeteer/api/Page.js:567:20)
    at <anonymous> (/Users/grins/git/warcraft/wow-bis/scripts/process-quest-levels.ts:191:24)
    at fetchQuestRequiredLevel (/Users/grins/git/warcraft/wow-bis/scripts/process-quest-levels.ts:182:33)
    at <anonymous> (/Users/grins/git/warcraft/wow-bis/scripts/process-quest-levels.ts:386:42)
    at processTicksAndRejections (native:7:39)
Full Error: {}
---
[2025-11-03T04:16:53.107Z] ERROR: Error fetching quest 80409 (attempt 2)
Message: Attempted to use detached Frame '03DAD367655A18147D7AE5A08EAEAA20'.
Stack: Error: Attempted to use detached Frame '03DAD367655A18147D7AE5A08EAEAA20'.
    at <anonymous> (/Users/grins/git/warcraft/wow-bis/node_modules/.pnpm/puppeteer-core@24.25.0/node_modules/puppeteer-core/lib/esm/puppeteer/util/decorators.js:99:27)
    at <anonymous> (/Users/grins/git/warcraft/wow-bis/node_modules/.pnpm/puppeteer-core@24.25.0/node_modules/puppeteer-core/lib/esm/puppeteer/api/Page.js:568:43)
    at goto (/Users/grins/git/warcraft/wow-bis/node_modules/.pnpm/puppeteer-core@24.25.0/node_modules/puppeteer-core/lib/esm/puppeteer/api/Page.js:567:20)
    at <anonymous> (/Users/grins/git/warcraft/wow-bis/scripts/process-quest-levels.ts:191:24)
    at fetchQuestRequiredLevel (/Users/grins/git/warcraft/wow-bis/scripts/process-quest-levels.ts:182:33)
    at processTicksAndRejections (native:7:39)
Full Error: {}
---
[2025-11-03T04:17:00.111Z] ERROR: Error fetching quest 80409 (attempt 3)
Message: Attempted to use detached Frame '03DAD367655A18147D7AE5A08EAEAA20'.
Stack: Error: Attempted to use detached Frame '03DAD367655A18147D7AE5A08EAEAA20'.
    at <anonymous> (/Users/grins/git/warcraft/wow-bis/node_modules/.pnpm/puppeteer-core@24.25.0/node_modules/puppeteer-core/lib/esm/puppeteer/util/decorators.js:99:27)
    at <anonymous> (/Users/grins/git/warcraft/wow-bis/node_modules/.pnpm/puppeteer-core@24.25.0/node_modules/puppeteer-core/lib/esm/puppeteer/api/Page.js:568:43)
    at goto (/Users/grins/git/warcraft/wow-bis/node_modules/.pnpm/puppeteer-core@24.25.0/node_modules/puppeteer-core/lib/esm/puppeteer/api/Page.js:567:20)
    at <anonymous> (/Users/grins/git/warcraft/wow-bis/scripts/process-quest-levels.ts:191:24)
    at fetchQuestRequiredLevel (/Users/grins/git/warcraft/wow-bis/scripts/process-quest-levels.ts:182:33)
    at processTicksAndRejections (native:7:39)
Full Error: {}
---
[2025-11-03T04:17:09.113Z] ERROR: Error fetching quest 80409 (attempt 4)
Message: Attempted to use detached Frame '03DAD367655A18147D7AE5A08EAEAA20'.
Stack: Error: Attempted to use detached Frame '03DAD367655A18147D7AE5A08EAEAA20'.
    at <anonymous> (/Users/grins/git/warcraft/wow-bis/node_modules/.pnpm/puppeteer-core@24.25.0/node_modules/puppeteer-core/lib/esm/puppeteer/util/decorators.js:99:27)
    at <anonymous> (/Users/grins/git/warcraft/wow-bis/node_modules/.pnpm/puppeteer-core@24.25.0/node_modules/puppeteer-core/lib/esm/puppeteer/api/Page.js:568:43)
    at goto (/Users/grins/git/warcraft/wow-bis/node_modules/.pnpm/puppeteer-core@24.25.0/node_modules/puppeteer-core/lib/esm/puppeteer/api/Page.js:567:20)
    at <anonymous> (/Users/grins/git/warcraft/wow-bis/scripts/process-quest-levels.ts:191:24)
    at fetchQuestRequiredLevel (/Users/grins/git/warcraft/wow-bis/scripts/process-quest-levels.ts:182:33)
    at processTicksAndRejections (native:7:39)
Full Error: {}
---
[2025-11-03T04:17:11.118Z] ERROR: Error fetching quest 40075 (attempt 1)
Message: Attempted to use detached Frame '03DAD367655A18147D7AE5A08EAEAA20'.
Stack: Error: Attempted to use detached Frame '03DAD367655A18147D7AE5A08EAEAA20'.
    at <anonymous> (/Users/grins/git/warcraft/wow-bis/node_modules/.pnpm/puppeteer-core@24.25.0/node_modules/puppeteer-core/lib/esm/puppeteer/util/decorators.js:99:27)
    at <anonymous> (/Users/grins/git/warcraft/wow-bis/node_modules/.pnpm/puppeteer-core@24.25.0/node_modules/puppeteer-core/lib/esm/puppeteer/api/Page.js:568:43)
    at goto (/Users/grins/git/warcraft/wow-bis/node_modules/.pnpm/puppeteer-core@24.25.0/node_modules/puppeteer-core/lib/esm/puppeteer/api/Page.js:567:20)
    at <anonymous> (/Users/grins/git/warcraft/wow-bis/scripts/process-quest-levels.ts:191:24)
    at fetchQuestRequiredLevel (/Users/grins/git/warcraft/wow-bis/scripts/process-quest-levels.ts:182:33)
    at <anonymous> (/Users/grins/git/warcraft/wow-bis/scripts/process-quest-levels.ts:386:42)
    at processTicksAndRejections (native:7:39)
Full Error: {}
---
[2025-11-03T04:17:16.122Z] ERROR: Error fetching quest 40075 (attempt 2)
Message: Attempted to use detached Frame '03DAD367655A18147D7AE5A08EAEAA20'.
Stack: Error: Attempted to use detached Frame '03DAD367655A18147D7AE5A08EAEAA20'.
    at <anonymous> (/Users/grins/git/warcraft/wow-bis/node_modules/.pnpm/puppeteer-core@24.25.0/node_modules/puppeteer-core/lib/esm/puppeteer/util/decorators.js:99:27)
    at <anonymous> (/Users/grins/git/warcraft/wow-bis/node_modules/.pnpm/puppeteer-core@24.25.0/node_modules/puppeteer-core/lib/esm/puppeteer/api/Page.js:568:43)
    at goto (/Users/grins/git/warcraft/wow-bis/node_modules/.pnpm/puppeteer-core@24.25.0/node_modules/puppeteer-core/lib/esm/puppeteer/api/Page.js:567:20)
    at <anonymous> (/Users/grins/git/warcraft/wow-bis/scripts/process-quest-levels.ts:191:24)
    at fetchQuestRequiredLevel (/Users/grins/git/warcraft/wow-bis/scripts/process-quest-levels.ts:182:33)
    at processTicksAndRejections (native:7:39)
Full Error: {}
---
[2025-11-03T04:17:23.125Z] ERROR: Error fetching quest 40075 (attempt 3)
Message: Attempted to use detached Frame '03DAD367655A18147D7AE5A08EAEAA20'.
Stack: Error: Attempted to use detached Frame '03DAD367655A18147D7AE5A08EAEAA20'.
    at <anonymous> (/Users/grins/git/warcraft/wow-bis/node_modules/.pnpm/puppeteer-core@24.25.0/node_modules/puppeteer-core/lib/esm/puppeteer/util/decorators.js:99:27)
    at <anonymous> (/Users/grins/git/warcraft/wow-bis/node_modules/.pnpm/puppeteer-core@24.25.0/node_modules/puppeteer-core/lib/esm/puppeteer/api/Page.js:568:43)
    at goto (/Users/grins/git/warcraft/wow-bis/node_modules/.pnpm/puppeteer-core@24.25.0/node_modules/puppeteer-core/lib/esm/puppeteer/api/Page.js:567:20)
    at <anonymous> (/Users/grins/git/warcraft/wow-bis/scripts/process-quest-levels.ts:191:24)
    at fetchQuestRequiredLevel (/Users/grins/git/warcraft/wow-bis/scripts/process-quest-levels.ts:182:33)
    at processTicksAndRejections (native:7:39)
Full Error: {}
---
[2025-11-03T04:17:32.129Z] ERROR: Error fetching quest 40075 (attempt 4)
Message: Attempted to use detached Frame '03DAD367655A18147D7AE5A08EAEAA20'.
Stack: Error: Attempted to use detached Frame '03DAD367655A18147D7AE5A08EAEAA20'.
    at <anonymous> (/Users/grins/git/warcraft/wow-bis/node_modules/.pnpm/puppeteer-core@24.25.0/node_modules/puppeteer-core/lib/esm/puppeteer/util/decorators.js:99:27)
    at <anonymous> (/Users/grins/git/warcraft/wow-bis/node_modules/.pnpm/puppeteer-core@24.25.0/node_modules/puppeteer-core/lib/esm/puppeteer/api/Page.js:568:43)
    at goto (/Users/grins/git/warcraft/wow-bis/node_modules/.pnpm/puppeteer-core@24.25.0/node_modules/puppeteer-core/lib/esm/puppeteer/api/Page.js:567:20)
    at <anonymous> (/Users/grins/git/warcraft/wow-bis/scripts/process-quest-levels.ts:191:24)
    at fetchQuestRequiredLevel (/Users/grins/git/warcraft/wow-bis/scripts/process-quest-levels.ts:182:33)
    at processTicksAndRejections (native:7:39)
Full Error: {}
---
[2025-11-03T04:17:36.139Z] ERROR: Error fetching quest 46 (attempt 1)
Message: Attempted to use detached Frame '03DAD367655A18147D7AE5A08EAEAA20'.
Stack: Error: Attempted to use detached Frame '03DAD367655A18147D7AE5A08EAEAA20'.
    at <anonymous> (/Users/grins/git/warcraft/wow-bis/node_modules/.pnpm/puppeteer-core@24.25.0/node_modules/puppeteer-core/lib/esm/puppeteer/util/decorators.js:99:27)
    at <anonymous> (/Users/grins/git/warcraft/wow-bis/node_modules/.pnpm/puppeteer-core@24.25.0/node_modules/puppeteer-core/lib/esm/puppeteer/api/Page.js:568:43)
    at goto (/Users/grins/git/warcraft/wow-bis/node_modules/.pnpm/puppeteer-core@24.25.0/node_modules/puppeteer-core/lib/esm/puppeteer/api/Page.js:567:20)
    at <anonymous> (/Users/grins/git/warcraft/wow-bis/scripts/process-quest-levels.ts:191:24)
    at fetchQuestRequiredLevel (/Users/grins/git/warcraft/wow-bis/scripts/process-quest-levels.ts:182:33)
    at <anonymous> (/Users/grins/git/warcraft/wow-bis/scripts/process-quest-levels.ts:386:42)
    at processTicksAndRejections (native:7:39)
Full Error: {}
---
[2025-11-03T04:17:41.142Z] ERROR: Error fetching quest 46 (attempt 2)
Message: Attempted to use detached Frame '03DAD367655A18147D7AE5A08EAEAA20'.
Stack: Error: Attempted to use detached Frame '03DAD367655A18147D7AE5A08EAEAA20'.
    at <anonymous> (/Users/grins/git/warcraft/wow-bis/node_modules/.pnpm/puppeteer-core@24.25.0/node_modules/puppeteer-core/lib/esm/puppeteer/util/decorators.js:99:27)
    at <anonymous> (/Users/grins/git/warcraft/wow-bis/node_modules/.pnpm/puppeteer-core@24.25.0/node_modules/puppeteer-core/lib/esm/puppeteer/api/Page.js:568:43)
    at goto (/Users/grins/git/warcraft/wow-bis/node_modules/.pnpm/puppeteer-core@24.25.0/node_modules/puppeteer-core/lib/esm/puppeteer/api/Page.js:567:20)
    at <anonymous> (/Users/grins/git/warcraft/wow-bis/scripts/process-quest-levels.ts:191:24)
    at fetchQuestRequiredLevel (/Users/grins/git/warcraft/wow-bis/scripts/process-quest-levels.ts:182:33)
    at processTicksAndRejections (native:7:39)
Full Error: {}
---
[2025-11-03T04:32:24.669Z] ERROR: Error fetching quest 46 (attempt 3)
Message: Attempted to use detached Frame '03DAD367655A18147D7AE5A08EAEAA20'.
Stack: Error: Attempted to use detached Frame '03DAD367655A18147D7AE5A08EAEAA20'.
    at <anonymous> (/Users/grins/git/warcraft/wow-bis/node_modules/.pnpm/puppeteer-core@24.25.0/node_modules/puppeteer-core/lib/esm/puppeteer/util/decorators.js:99:27)
    at <anonymous> (/Users/grins/git/warcraft/wow-bis/node_modules/.pnpm/puppeteer-core@24.25.0/node_modules/puppeteer-core/lib/esm/puppeteer/api/Page.js:568:43)
    at goto (/Users/grins/git/warcraft/wow-bis/node_modules/.pnpm/puppeteer-core@24.25.0/node_modules/puppeteer-core/lib/esm/puppeteer/api/Page.js:567:20)
    at <anonymous> (/Users/grins/git/warcraft/wow-bis/scripts/process-quest-levels.ts:191:24)
    at fetchQuestRequiredLevel (/Users/grins/git/warcraft/wow-bis/scripts/process-quest-levels.ts:182:33)
    at processTicksAndRejections (native:7:39)
Full Error: {}
---
[2025-11-03T04:32:33.790Z] ERROR: Error fetching quest 46 (attempt 4)
Message: Attempted to use detached Frame '03DAD367655A18147D7AE5A08EAEAA20'.
Stack: Error: Attempted to use detached Frame '03DAD367655A18147D7AE5A08EAEAA20'.
    at <anonymous> (/Users/grins/git/warcraft/wow-bis/node_modules/.pnpm/puppeteer-core@24.25.0/node_modules/puppeteer-core/lib/esm/puppeteer/util/decorators.js:99:27)
    at <anonymous> (/Users/grins/git/warcraft/wow-bis/node_modules/.pnpm/puppeteer-core@24.25.0/node_modules/puppeteer-core/lib/esm/puppeteer/api/Page.js:568:43)
    at goto (/Users/grins/git/warcraft/wow-bis/node_modules/.pnpm/puppeteer-core@24.25.0/node_modules/puppeteer-core/lib/esm/puppeteer/api/Page.js:567:20)
    at <anonymous> (/Users/grins/git/warcraft/wow-bis/scripts/process-quest-levels.ts:191:24)
    at fetchQuestRequiredLevel (/Users/grins/git/warcraft/wow-bis/scripts/process-quest-levels.ts:182:33)
    at processTicksAndRejections (native:7:39)
Full Error: {}
---
[2025-11-03T04:32:35.792Z] ERROR: Error fetching quest 18 (attempt 1)
Message: Attempted to use detached Frame '03DAD367655A18147D7AE5A08EAEAA20'.
Stack: Error: Attempted to use detached Frame '03DAD367655A18147D7AE5A08EAEAA20'.
    at <anonymous> (/Users/grins/git/warcraft/wow-bis/node_modules/.pnpm/puppeteer-core@24.25.0/node_modules/puppeteer-core/lib/esm/puppeteer/util/decorators.js:99:27)
    at <anonymous> (/Users/grins/git/warcraft/wow-bis/node_modules/.pnpm/puppeteer-core@24.25.0/node_modules/puppeteer-core/lib/esm/puppeteer/api/Page.js:568:43)
    at goto (/Users/grins/git/warcraft/wow-bis/node_modules/.pnpm/puppeteer-core@24.25.0/node_modules/puppeteer-core/lib/esm/puppeteer/api/Page.js:567:20)
    at <anonymous> (/Users/grins/git/warcraft/wow-bis/scripts/process-quest-levels.ts:191:24)
    at fetchQuestRequiredLevel (/Users/grins/git/warcraft/wow-bis/scripts/process-quest-levels.ts:182:33)
    at <anonymous> (/Users/grins/git/warcraft/wow-bis/scripts/process-quest-levels.ts:386:42)
    at processTicksAndRejections (native:7:39)
Full Error: {}
---
[2025-11-03T04:32:40.793Z] ERROR: Error fetching quest 18 (attempt 2)
Message: Attempted to use detached Frame '03DAD367655A18147D7AE5A08EAEAA20'.
Stack: Error: Attempted to use detached Frame '03DAD367655A18147D7AE5A08EAEAA20'.
    at <anonymous> (/Users/grins/git/warcraft/wow-bis/node_modules/.pnpm/puppeteer-core@24.25.0/node_modules/puppeteer-core/lib/esm/puppeteer/util/decorators.js:99:27)
    at <anonymous> (/Users/grins/git/warcraft/wow-bis/node_modules/.pnpm/puppeteer-core@24.25.0/node_modules/puppeteer-core/lib/esm/puppeteer/api/Page.js:568:43)
    at goto (/Users/grins/git/warcraft/wow-bis/node_modules/.pnpm/puppeteer-core@24.25.0/node_modules/puppeteer-core/lib/esm/puppeteer/api/Page.js:567:20)
    at <anonymous> (/Users/grins/git/warcraft/wow-bis/scripts/process-quest-levels.ts:191:24)
    at fetchQuestRequiredLevel (/Users/grins/git/warcraft/wow-bis/scripts/process-quest-levels.ts:182:33)
    at processTicksAndRejections (native:7:39)
Full Error: {}
---
[2025-11-03T04:32:47.794Z] ERROR: Error fetching quest 18 (attempt 3)
Message: Attempted to use detached Frame '03DAD367655A18147D7AE5A08EAEAA20'.
Stack: Error: Attempted to use detached Frame '03DAD367655A18147D7AE5A08EAEAA20'.
    at <anonymous> (/Users/grins/git/warcraft/wow-bis/node_modules/.pnpm/puppeteer-core@24.25.0/node_modules/puppeteer-core/lib/esm/puppeteer/util/decorators.js:99:27)
    at <anonymous> (/Users/grins/git/warcraft/wow-bis/node_modules/.pnpm/puppeteer-core@24.25.0/node_modules/puppeteer-core/lib/esm/puppeteer/api/Page.js:568:43)
    at goto (/Users/grins/git/warcraft/wow-bis/node_modules/.pnpm/puppeteer-core@24.25.0/node_modules/puppeteer-core/lib/esm/puppeteer/api/Page.js:567:20)
    at <anonymous> (/Users/grins/git/warcraft/wow-bis/scripts/process-quest-levels.ts:191:24)
    at fetchQuestRequiredLevel (/Users/grins/git/warcraft/wow-bis/scripts/process-quest-levels.ts:182:33)
    at processTicksAndRejections (native:7:39)
Full Error: {}
---
[2025-11-03T04:32:56.796Z] ERROR: Error fetching quest 18 (attempt 4)
Message: Attempted to use detached Frame '03DAD367655A18147D7AE5A08EAEAA20'.
Stack: Error: Attempted to use detached Frame '03DAD367655A18147D7AE5A08EAEAA20'.
    at <anonymous> (/Users/grins/git/warcraft/wow-bis/node_modules/.pnpm/puppeteer-core@24.25.0/node_modules/puppeteer-core/lib/esm/puppeteer/util/decorators.js:99:27)
    at <anonymous> (/Users/grins/git/warcraft/wow-bis/node_modules/.pnpm/puppeteer-core@24.25.0/node_modules/puppeteer-core/lib/esm/puppeteer/api/Page.js:568:43)
    at goto (/Users/grins/git/warcraft/wow-bis/node_modules/.pnpm/puppeteer-core@24.25.0/node_modules/puppeteer-core/lib/esm/puppeteer/api/Page.js:567:20)
    at <anonymous> (/Users/grins/git/warcraft/wow-bis/scripts/process-quest-levels.ts:191:24)
    at fetchQuestRequiredLevel (/Users/grins/git/warcraft/wow-bis/scripts/process-quest-levels.ts:182:33)
    at processTicksAndRejections (native:7:39)
Full Error: {}
---
[2025-11-03T04:32:58.800Z] ERROR: Error fetching quest 916 (attempt 1)
Message: Attempted to use detached Frame '03DAD367655A18147D7AE5A08EAEAA20'.
Stack: Error: Attempted to use detached Frame '03DAD367655A18147D7AE5A08EAEAA20'.
    at <anonymous> (/Users/grins/git/warcraft/wow-bis/node_modules/.pnpm/puppeteer-core@24.25.0/node_modules/puppeteer-core/lib/esm/puppeteer/util/decorators.js:99:27)
    at <anonymous> (/Users/grins/git/warcraft/wow-bis/node_modules/.pnpm/puppeteer-core@24.25.0/node_modules/puppeteer-core/lib/esm/puppeteer/api/Page.js:568:43)
    at goto (/Users/grins/git/warcraft/wow-bis/node_modules/.pnpm/puppeteer-core@24.25.0/node_modules/puppeteer-core/lib/esm/puppeteer/api/Page.js:567:20)
    at <anonymous> (/Users/grins/git/warcraft/wow-bis/scripts/process-quest-levels.ts:191:24)
    at fetchQuestRequiredLevel (/Users/grins/git/warcraft/wow-bis/scripts/process-quest-levels.ts:182:33)
    at <anonymous> (/Users/grins/git/warcraft/wow-bis/scripts/process-quest-levels.ts:386:42)
    at processTicksAndRejections (native:7:39)
Full Error: {}
---
[2025-11-03T04:33:03.801Z] ERROR: Error fetching quest 916 (attempt 2)
Message: Attempted to use detached Frame '03DAD367655A18147D7AE5A08EAEAA20'.
Stack: Error: Attempted to use detached Frame '03DAD367655A18147D7AE5A08EAEAA20'.
    at <anonymous> (/Users/grins/git/warcraft/wow-bis/node_modules/.pnpm/puppeteer-core@24.25.0/node_modules/puppeteer-core/lib/esm/puppeteer/util/decorators.js:99:27)
    at <anonymous> (/Users/grins/git/warcraft/wow-bis/node_modules/.pnpm/puppeteer-core@24.25.0/node_modules/puppeteer-core/lib/esm/puppeteer/api/Page.js:568:43)
    at goto (/Users/grins/git/warcraft/wow-bis/node_modules/.pnpm/puppeteer-core@24.25.0/node_modules/puppeteer-core/lib/esm/puppeteer/api/Page.js:567:20)
    at <anonymous> (/Users/grins/git/warcraft/wow-bis/scripts/process-quest-levels.ts:191:24)
    at fetchQuestRequiredLevel (/Users/grins/git/warcraft/wow-bis/scripts/process-quest-levels.ts:182:33)
    at processTicksAndRejections (native:7:39)
Full Error: {}
---
[2025-11-03T04:33:10.803Z] ERROR: Error fetching quest 916 (attempt 3)
Message: Attempted to use detached Frame '03DAD367655A18147D7AE5A08EAEAA20'.
Stack: Error: Attempted to use detached Frame '03DAD367655A18147D7AE5A08EAEAA20'.
    at <anonymous> (/Users/grins/git/warcraft/wow-bis/node_modules/.pnpm/puppeteer-core@24.25.0/node_modules/puppeteer-core/lib/esm/puppeteer/util/decorators.js:99:27)
    at <anonymous> (/Users/grins/git/warcraft/wow-bis/node_modules/.pnpm/puppeteer-core@24.25.0/node_modules/puppeteer-core/lib/esm/puppeteer/api/Page.js:568:43)
    at goto (/Users/grins/git/warcraft/wow-bis/node_modules/.pnpm/puppeteer-core@24.25.0/node_modules/puppeteer-core/lib/esm/puppeteer/api/Page.js:567:20)
    at <anonymous> (/Users/grins/git/warcraft/wow-bis/scripts/process-quest-levels.ts:191:24)
    at fetchQuestRequiredLevel (/Users/grins/git/warcraft/wow-bis/scripts/process-quest-levels.ts:182:33)
    at processTicksAndRejections (native:7:39)
Full Error: {}
---
[2025-11-03T04:33:19.807Z] ERROR: Error fetching quest 916 (attempt 4)
Message: Attempted to use detached Frame '03DAD367655A18147D7AE5A08EAEAA20'.
Stack: Error: Attempted to use detached Frame '03DAD367655A18147D7AE5A08EAEAA20'.
    at <anonymous> (/Users/grins/git/warcraft/wow-bis/node_modules/.pnpm/puppeteer-core@24.25.0/node_modules/puppeteer-core/lib/esm/puppeteer/util/decorators.js:99:27)
    at <anonymous> (/Users/grins/git/warcraft/wow-bis/node_modules/.pnpm/puppeteer-core@24.25.0/node_modules/puppeteer-core/lib/esm/puppeteer/api/Page.js:568:43)
    at goto (/Users/grins/git/warcraft/wow-bis/node_modules/.pnpm/puppeteer-core@24.25.0/node_modules/puppeteer-core/lib/esm/puppeteer/api/Page.js:567:20)
    at <anonymous> (/Users/grins/git/warcraft/wow-bis/scripts/process-quest-levels.ts:191:24)
    at fetchQuestRequiredLevel (/Users/grins/git/warcraft/wow-bis/scripts/process-quest-levels.ts:182:33)
    at processTicksAndRejections (native:7:39)
Full Error: {}
---
[2025-11-03T04:33:21.812Z] ERROR: Error fetching quest 41192 (attempt 1)
Message: Attempted to use detached Frame '03DAD367655A18147D7AE5A08EAEAA20'.
Stack: Error: Attempted to use detached Frame '03DAD367655A18147D7AE5A08EAEAA20'.
    at <anonymous> (/Users/grins/git/warcraft/wow-bis/node_modules/.pnpm/puppeteer-core@24.25.0/node_modules/puppeteer-core/lib/esm/puppeteer/util/decorators.js:99:27)
    at <anonymous> (/Users/grins/git/warcraft/wow-bis/node_modules/.pnpm/puppeteer-core@24.25.0/node_modules/puppeteer-core/lib/esm/puppeteer/api/Page.js:568:43)
    at goto (/Users/grins/git/warcraft/wow-bis/node_modules/.pnpm/puppeteer-core@24.25.0/node_modules/puppeteer-core/lib/esm/puppeteer/api/Page.js:567:20)
    at <anonymous> (/Users/grins/git/warcraft/wow-bis/scripts/process-quest-levels.ts:191:24)
    at fetchQuestRequiredLevel (/Users/grins/git/warcraft/wow-bis/scripts/process-quest-levels.ts:182:33)
    at <anonymous> (/Users/grins/git/warcraft/wow-bis/scripts/process-quest-levels.ts:386:42)
    at processTicksAndRejections (native:7:39)
Full Error: {}
---
[2025-11-03T04:33:26.816Z] ERROR: Error fetching quest 41192 (attempt 2)
Message: Attempted to use detached Frame '03DAD367655A18147D7AE5A08EAEAA20'.
Stack: Error: Attempted to use detached Frame '03DAD367655A18147D7AE5A08EAEAA20'.
    at <anonymous> (/Users/grins/git/warcraft/wow-bis/node_modules/.pnpm/puppeteer-core@24.25.0/node_modules/puppeteer-core/lib/esm/puppeteer/util/decorators.js:99:27)
    at <anonymous> (/Users/grins/git/warcraft/wow-bis/node_modules/.pnpm/puppeteer-core@24.25.0/node_modules/puppeteer-core/lib/esm/puppeteer/api/Page.js:568:43)
    at goto (/Users/grins/git/warcraft/wow-bis/node_modules/.pnpm/puppeteer-core@24.25.0/node_modules/puppeteer-core/lib/esm/puppeteer/api/Page.js:567:20)
    at <anonymous> (/Users/grins/git/warcraft/wow-bis/scripts/process-quest-levels.ts:191:24)
    at fetchQuestRequiredLevel (/Users/grins/git/warcraft/wow-bis/scripts/process-quest-levels.ts:182:33)
    at processTicksAndRejections (native:7:39)
Full Error: {}
---
[2025-11-03T04:33:33.820Z] ERROR: Error fetching quest 41192 (attempt 3)
Message: Attempted to use detached Frame '03DAD367655A18147D7AE5A08EAEAA20'.
Stack: Error: Attempted to use detached Frame '03DAD367655A18147D7AE5A08EAEAA20'.
    at <anonymous> (/Users/grins/git/warcraft/wow-bis/node_modules/.pnpm/puppeteer-core@24.25.0/node_modules/puppeteer-core/lib/esm/puppeteer/util/decorators.js:99:27)
    at <anonymous> (/Users/grins/git/warcraft/wow-bis/node_modules/.pnpm/puppeteer-core@24.25.0/node_modules/puppeteer-core/lib/esm/puppeteer/api/Page.js:568:43)
    at goto (/Users/grins/git/warcraft/wow-bis/node_modules/.pnpm/puppeteer-core@24.25.0/node_modules/puppeteer-core/lib/esm/puppeteer/api/Page.js:567:20)
    at <anonymous> (/Users/grins/git/warcraft/wow-bis/scripts/process-quest-levels.ts:191:24)
    at fetchQuestRequiredLevel (/Users/grins/git/warcraft/wow-bis/scripts/process-quest-levels.ts:182:33)
    at processTicksAndRejections (native:7:39)
Full Error: {}
---
[2025-11-03T04:33:42.823Z] ERROR: Error fetching quest 41192 (attempt 4)
Message: Attempted to use detached Frame '03DAD367655A18147D7AE5A08EAEAA20'.
Stack: Error: Attempted to use detached Frame '03DAD367655A18147D7AE5A08EAEAA20'.
    at <anonymous> (/Users/grins/git/warcraft/wow-bis/node_modules/.pnpm/puppeteer-core@24.25.0/node_modules/puppeteer-core/lib/esm/puppeteer/util/decorators.js:99:27)
    at <anonymous> (/Users/grins/git/warcraft/wow-bis/node_modules/.pnpm/puppeteer-core@24.25.0/node_modules/puppeteer-core/lib/esm/puppeteer/api/Page.js:568:43)
    at goto (/Users/grins/git/warcraft/wow-bis/node_modules/.pnpm/puppeteer-core@24.25.0/node_modules/puppeteer-core/lib/esm/puppeteer/api/Page.js:567:20)
    at <anonymous> (/Users/grins/git/warcraft/wow-bis/scripts/process-quest-levels.ts:191:24)
    at fetchQuestRequiredLevel (/Users/grins/git/warcraft/wow-bis/scripts/process-quest-levels.ts:182:33)
    at processTicksAndRejections (native:7:39)
Full Error: {}
---
[2025-11-03T04:33:44.828Z] ERROR: Error fetching quest 41217 (attempt 1)
Message: Attempted to use detached Frame '03DAD367655A18147D7AE5A08EAEAA20'.
Stack: Error: Attempted to use detached Frame '03DAD367655A18147D7AE5A08EAEAA20'.
    at <anonymous> (/Users/grins/git/warcraft/wow-bis/node_modules/.pnpm/puppeteer-core@24.25.0/node_modules/puppeteer-core/lib/esm/puppeteer/util/decorators.js:99:27)
    at <anonymous> (/Users/grins/git/warcraft/wow-bis/node_modules/.pnpm/puppeteer-core@24.25.0/node_modules/puppeteer-core/lib/esm/puppeteer/api/Page.js:568:43)
    at goto (/Users/grins/git/warcraft/wow-bis/node_modules/.pnpm/puppeteer-core@24.25.0/node_modules/puppeteer-core/lib/esm/puppeteer/api/Page.js:567:20)
    at <anonymous> (/Users/grins/git/warcraft/wow-bis/scripts/process-quest-levels.ts:191:24)
    at fetchQuestRequiredLevel (/Users/grins/git/warcraft/wow-bis/scripts/process-quest-levels.ts:182:33)
    at <anonymous> (/Users/grins/git/warcraft/wow-bis/scripts/process-quest-levels.ts:386:42)
    at processTicksAndRejections (native:7:39)
Full Error: {}
---
[2025-11-03T04:33:49.830Z] ERROR: Error fetching quest 41217 (attempt 2)
Message: Attempted to use detached Frame '03DAD367655A18147D7AE5A08EAEAA20'.
Stack: Error: Attempted to use detached Frame '03DAD367655A18147D7AE5A08EAEAA20'.
    at <anonymous> (/Users/grins/git/warcraft/wow-bis/node_modules/.pnpm/puppeteer-core@24.25.0/node_modules/puppeteer-core/lib/esm/puppeteer/util/decorators.js:99:27)
    at <anonymous> (/Users/grins/git/warcraft/wow-bis/node_modules/.pnpm/puppeteer-core@24.25.0/node_modules/puppeteer-core/lib/esm/puppeteer/api/Page.js:568:43)
    at goto (/Users/grins/git/warcraft/wow-bis/node_modules/.pnpm/puppeteer-core@24.25.0/node_modules/puppeteer-core/lib/esm/puppeteer/api/Page.js:567:20)
    at <anonymous> (/Users/grins/git/warcraft/wow-bis/scripts/process-quest-levels.ts:191:24)
    at fetchQuestRequiredLevel (/Users/grins/git/warcraft/wow-bis/scripts/process-quest-levels.ts:182:33)
    at processTicksAndRejections (native:7:39)
Full Error: {}
---
[2025-11-03T04:33:56.833Z] ERROR: Error fetching quest 41217 (attempt 3)
Message: Attempted to use detached Frame '03DAD367655A18147D7AE5A08EAEAA20'.
Stack: Error: Attempted to use detached Frame '03DAD367655A18147D7AE5A08EAEAA20'.
    at <anonymous> (/Users/grins/git/warcraft/wow-bis/node_modules/.pnpm/puppeteer-core@24.25.0/node_modules/puppeteer-core/lib/esm/puppeteer/util/decorators.js:99:27)
    at <anonymous> (/Users/grins/git/warcraft/wow-bis/node_modules/.pnpm/puppeteer-core@24.25.0/node_modules/puppeteer-core/lib/esm/puppeteer/api/Page.js:568:43)
    at goto (/Users/grins/git/warcraft/wow-bis/node_modules/.pnpm/puppeteer-core@24.25.0/node_modules/puppeteer-core/lib/esm/puppeteer/api/Page.js:567:20)
    at <anonymous> (/Users/grins/git/warcraft/wow-bis/scripts/process-quest-levels.ts:191:24)
    at fetchQuestRequiredLevel (/Users/grins/git/warcraft/wow-bis/scripts/process-quest-levels.ts:182:33)
    at processTicksAndRejections (native:7:39)
Full Error: {}
---
[2025-11-03T04:34:05.837Z] ERROR: Error fetching quest 41217 (attempt 4)
Message: Attempted to use detached Frame '03DAD367655A18147D7AE5A08EAEAA20'.
Stack: Error: Attempted to use detached Frame '03DAD367655A18147D7AE5A08EAEAA20'.
    at <anonymous> (/Users/grins/git/warcraft/wow-bis/node_modules/.pnpm/puppeteer-core@24.25.0/node_modules/puppeteer-core/lib/esm/puppeteer/util/decorators.js:99:27)
    at <anonymous> (/Users/grins/git/warcraft/wow-bis/node_modules/.pnpm/puppeteer-core@24.25.0/node_modules/puppeteer-core/lib/esm/puppeteer/api/Page.js:568:43)
    at goto (/Users/grins/git/warcraft/wow-bis/node_modules/.pnpm/puppeteer-core@24.25.0/node_modules/puppeteer-core/lib/esm/puppeteer/api/Page.js:567:20)
    at <anonymous> (/Users/grins/git/warcraft/wow-bis/scripts/process-quest-levels.ts:191:24)
    at fetchQuestRequiredLevel (/Users/grins/git/warcraft/wow-bis/scripts/process-quest-levels.ts:182:33)
    at processTicksAndRejections (native:7:39)
Full Error: {}
---
[2025-11-03T04:34:07.853Z] ERROR: Error fetching quest 8790 (attempt 1)
Message: Attempted to use detached Frame '03DAD367655A18147D7AE5A08EAEAA20'.
Stack: Error: Attempted to use detached Frame '03DAD367655A18147D7AE5A08EAEAA20'.
    at <anonymous> (/Users/grins/git/warcraft/wow-bis/node_modules/.pnpm/puppeteer-core@24.25.0/node_modules/puppeteer-core/lib/esm/puppeteer/util/decorators.js:99:27)
    at <anonymous> (/Users/grins/git/warcraft/wow-bis/node_modules/.pnpm/puppeteer-core@24.25.0/node_modules/puppeteer-core/lib/esm/puppeteer/api/Page.js:568:43)
    at goto (/Users/grins/git/warcraft/wow-bis/node_modules/.pnpm/puppeteer-core@24.25.0/node_modules/puppeteer-core/lib/esm/puppeteer/api/Page.js:567:20)
    at <anonymous> (/Users/grins/git/warcraft/wow-bis/scripts/process-quest-levels.ts:191:24)
    at fetchQuestRequiredLevel (/Users/grins/git/warcraft/wow-bis/scripts/process-quest-levels.ts:182:33)
    at <anonymous> (/Users/grins/git/warcraft/wow-bis/scripts/process-quest-levels.ts:386:42)
    at processTicksAndRejections (native:7:39)
Full Error: {}
---
[2025-11-03T04:34:12.854Z] ERROR: Error fetching quest 8790 (attempt 2)
Message: Attempted to use detached Frame '03DAD367655A18147D7AE5A08EAEAA20'.
Stack: Error: Attempted to use detached Frame '03DAD367655A18147D7AE5A08EAEAA20'.
    at <anonymous> (/Users/grins/git/warcraft/wow-bis/node_modules/.pnpm/puppeteer-core@24.25.0/node_modules/puppeteer-core/lib/esm/puppeteer/util/decorators.js:99:27)
    at <anonymous> (/Users/grins/git/warcraft/wow-bis/node_modules/.pnpm/puppeteer-core@24.25.0/node_modules/puppeteer-core/lib/esm/puppeteer/api/Page.js:568:43)
    at goto (/Users/grins/git/warcraft/wow-bis/node_modules/.pnpm/puppeteer-core@24.25.0/node_modules/puppeteer-core/lib/esm/puppeteer/api/Page.js:567:20)
    at <anonymous> (/Users/grins/git/warcraft/wow-bis/scripts/process-quest-levels.ts:191:24)
    at fetchQuestRequiredLevel (/Users/grins/git/warcraft/wow-bis/scripts/process-quest-levels.ts:182:33)
    at processTicksAndRejections (native:7:39)
Full Error: {}
---
[2025-11-03T04:34:19.857Z] ERROR: Error fetching quest 8790 (attempt 3)
Message: Attempted to use detached Frame '03DAD367655A18147D7AE5A08EAEAA20'.
Stack: Error: Attempted to use detached Frame '03DAD367655A18147D7AE5A08EAEAA20'.
    at <anonymous> (/Users/grins/git/warcraft/wow-bis/node_modules/.pnpm/puppeteer-core@24.25.0/node_modules/puppeteer-core/lib/esm/puppeteer/util/decorators.js:99:27)
    at <anonymous> (/Users/grins/git/warcraft/wow-bis/node_modules/.pnpm/puppeteer-core@24.25.0/node_modules/puppeteer-core/lib/esm/puppeteer/api/Page.js:568:43)
    at goto (/Users/grins/git/warcraft/wow-bis/node_modules/.pnpm/puppeteer-core@24.25.0/node_modules/puppeteer-core/lib/esm/puppeteer/api/Page.js:567:20)
    at <anonymous> (/Users/grins/git/warcraft/wow-bis/scripts/process-quest-levels.ts:191:24)
    at fetchQuestRequiredLevel (/Users/grins/git/warcraft/wow-bis/scripts/process-quest-levels.ts:182:33)
    at processTicksAndRejections (native:7:39)
Full Error: {}
---
[2025-11-03T04:34:28.861Z] ERROR: Error fetching quest 8790 (attempt 4)
Message: Attempted to use detached Frame '03DAD367655A18147D7AE5A08EAEAA20'.
Stack: Error: Attempted to use detached Frame '03DAD367655A18147D7AE5A08EAEAA20'.
    at <anonymous> (/Users/grins/git/warcraft/wow-bis/node_modules/.pnpm/puppeteer-core@24.25.0/node_modules/puppeteer-core/lib/esm/puppeteer/util/decorators.js:99:27)
    at <anonymous> (/Users/grins/git/warcraft/wow-bis/node_modules/.pnpm/puppeteer-core@24.25.0/node_modules/puppeteer-core/lib/esm/puppeteer/api/Page.js:568:43)
    at goto (/Users/grins/git/warcraft/wow-bis/node_modules/.pnpm/puppeteer-core@24.25.0/node_modules/puppeteer-core/lib/esm/puppeteer/api/Page.js:567:20)
    at <anonymous> (/Users/grins/git/warcraft/wow-bis/scripts/process-quest-levels.ts:191:24)
    at fetchQuestRequiredLevel (/Users/grins/git/warcraft/wow-bis/scripts/process-quest-levels.ts:182:33)
    at processTicksAndRejections (native:7:39)
Full Error: {}
---
[2025-11-03T04:34:30.866Z] ERROR: Error fetching quest 9270 (attempt 1)
Message: Attempted to use detached Frame '03DAD367655A18147D7AE5A08EAEAA20'.
Stack: Error: Attempted to use detached Frame '03DAD367655A18147D7AE5A08EAEAA20'.
    at <anonymous> (/Users/grins/git/warcraft/wow-bis/node_modules/.pnpm/puppeteer-core@24.25.0/node_modules/puppeteer-core/lib/esm/puppeteer/util/decorators.js:99:27)
    at <anonymous> (/Users/grins/git/warcraft/wow-bis/node_modules/.pnpm/puppeteer-core@24.25.0/node_modules/puppeteer-core/lib/esm/puppeteer/api/Page.js:568:43)
    at goto (/Users/grins/git/warcraft/wow-bis/node_modules/.pnpm/puppeteer-core@24.25.0/node_modules/puppeteer-core/lib/esm/puppeteer/api/Page.js:567:20)
    at <anonymous> (/Users/grins/git/warcraft/wow-bis/scripts/process-quest-levels.ts:191:24)
    at fetchQuestRequiredLevel (/Users/grins/git/warcraft/wow-bis/scripts/process-quest-levels.ts:182:33)
    at <anonymous> (/Users/grins/git/warcraft/wow-bis/scripts/process-quest-levels.ts:386:42)
    at processTicksAndRejections (native:7:39)
Full Error: {}
---
[2025-11-03T04:48:10.390Z] ERROR: Error fetching quest 9270 (attempt 2)
Message: Attempted to use detached Frame '03DAD367655A18147D7AE5A08EAEAA20'.
Stack: Error: Attempted to use detached Frame '03DAD367655A18147D7AE5A08EAEAA20'.
    at <anonymous> (/Users/grins/git/warcraft/wow-bis/node_modules/.pnpm/puppeteer-core@24.25.0/node_modules/puppeteer-core/lib/esm/puppeteer/util/decorators.js:99:27)
    at <anonymous> (/Users/grins/git/warcraft/wow-bis/node_modules/.pnpm/puppeteer-core@24.25.0/node_modules/puppeteer-core/lib/esm/puppeteer/api/Page.js:568:43)
    at goto (/Users/grins/git/warcraft/wow-bis/node_modules/.pnpm/puppeteer-core@24.25.0/node_modules/puppeteer-core/lib/esm/puppeteer/api/Page.js:567:20)
    at <anonymous> (/Users/grins/git/warcraft/wow-bis/scripts/process-quest-levels.ts:191:24)
    at fetchQuestRequiredLevel (/Users/grins/git/warcraft/wow-bis/scripts/process-quest-levels.ts:182:33)
    at processTicksAndRejections (native:7:39)
Full Error: {}
---
[2025-11-03T04:48:17.390Z] ERROR: Error fetching quest 9270 (attempt 3)
Message: Attempted to use detached Frame '03DAD367655A18147D7AE5A08EAEAA20'.
Stack: Error: Attempted to use detached Frame '03DAD367655A18147D7AE5A08EAEAA20'.
    at <anonymous> (/Users/grins/git/warcraft/wow-bis/node_modules/.pnpm/puppeteer-core@24.25.0/node_modules/puppeteer-core/lib/esm/puppeteer/util/decorators.js:99:27)
    at <anonymous> (/Users/grins/git/warcraft/wow-bis/node_modules/.pnpm/puppeteer-core@24.25.0/node_modules/puppeteer-core/lib/esm/puppeteer/api/Page.js:568:43)
    at goto (/Users/grins/git/warcraft/wow-bis/node_modules/.pnpm/puppeteer-core@24.25.0/node_modules/puppeteer-core/lib/esm/puppeteer/api/Page.js:567:20)
    at <anonymous> (/Users/grins/git/warcraft/wow-bis/scripts/process-quest-levels.ts:191:24)
    at fetchQuestRequiredLevel (/Users/grins/git/warcraft/wow-bis/scripts/process-quest-levels.ts:182:33)
    at processTicksAndRejections (native:7:39)
Full Error: {}
---
[2025-11-03T04:48:26.390Z] ERROR: Error fetching quest 9270 (attempt 4)
Message: Attempted to use detached Frame '03DAD367655A18147D7AE5A08EAEAA20'.
Stack: Error: Attempted to use detached Frame '03DAD367655A18147D7AE5A08EAEAA20'.
    at <anonymous> (/Users/grins/git/warcraft/wow-bis/node_modules/.pnpm/puppeteer-core@24.25.0/node_modules/puppeteer-core/lib/esm/puppeteer/util/decorators.js:99:27)
    at <anonymous> (/Users/grins/git/warcraft/wow-bis/node_modules/.pnpm/puppeteer-core@24.25.0/node_modules/puppeteer-core/lib/esm/puppeteer/api/Page.js:568:43)
    at goto (/Users/grins/git/warcraft/wow-bis/node_modules/.pnpm/puppeteer-core@24.25.0/node_modules/puppeteer-core/lib/esm/puppeteer/api/Page.js:567:20)
    at <anonymous> (/Users/grins/git/warcraft/wow-bis/scripts/process-quest-levels.ts:191:24)
    at fetchQuestRequiredLevel (/Users/grins/git/warcraft/wow-bis/scripts/process-quest-levels.ts:182:33)
    at processTicksAndRejections (native:7:39)
Full Error: {}
---
[2025-11-03T04:48:28.394Z] ERROR: Error fetching quest 9271 (attempt 1)
Message: Attempted to use detached Frame '03DAD367655A18147D7AE5A08EAEAA20'.
Stack: Error: Attempted to use detached Frame '03DAD367655A18147D7AE5A08EAEAA20'.
    at <anonymous> (/Users/grins/git/warcraft/wow-bis/node_modules/.pnpm/puppeteer-core@24.25.0/node_modules/puppeteer-core/lib/esm/puppeteer/util/decorators.js:99:27)
    at <anonymous> (/Users/grins/git/warcraft/wow-bis/node_modules/.pnpm/puppeteer-core@24.25.0/node_modules/puppeteer-core/lib/esm/puppeteer/api/Page.js:568:43)
    at goto (/Users/grins/git/warcraft/wow-bis/node_modules/.pnpm/puppeteer-core@24.25.0/node_modules/puppeteer-core/lib/esm/puppeteer/api/Page.js:567:20)
    at <anonymous> (/Users/grins/git/warcraft/wow-bis/scripts/process-quest-levels.ts:191:24)
    at fetchQuestRequiredLevel (/Users/grins/git/warcraft/wow-bis/scripts/process-quest-levels.ts:182:33)
    at <anonymous> (/Users/grins/git/warcraft/wow-bis/scripts/process-quest-levels.ts:386:42)
    at processTicksAndRejections (native:7:39)
Full Error: {}
---
[2025-11-03T04:48:33.397Z] ERROR: Error fetching quest 9271 (attempt 2)
Message: Attempted to use detached Frame '03DAD367655A18147D7AE5A08EAEAA20'.
Stack: Error: Attempted to use detached Frame '03DAD367655A18147D7AE5A08EAEAA20'.
    at <anonymous> (/Users/grins/git/warcraft/wow-bis/node_modules/.pnpm/puppeteer-core@24.25.0/node_modules/puppeteer-core/lib/esm/puppeteer/util/decorators.js:99:27)
    at <anonymous> (/Users/grins/git/warcraft/wow-bis/node_modules/.pnpm/puppeteer-core@24.25.0/node_modules/puppeteer-core/lib/esm/puppeteer/api/Page.js:568:43)
    at goto (/Users/grins/git/warcraft/wow-bis/node_modules/.pnpm/puppeteer-core@24.25.0/node_modules/puppeteer-core/lib/esm/puppeteer/api/Page.js:567:20)
    at <anonymous> (/Users/grins/git/warcraft/wow-bis/scripts/process-quest-levels.ts:191:24)
    at fetchQuestRequiredLevel (/Users/grins/git/warcraft/wow-bis/scripts/process-quest-levels.ts:182:33)
    at processTicksAndRejections (native:7:39)
Full Error: {}
---
[2025-11-03T04:48:40.400Z] ERROR: Error fetching quest 9271 (attempt 3)
Message: Attempted to use detached Frame '03DAD367655A18147D7AE5A08EAEAA20'.
Stack: Error: Attempted to use detached Frame '03DAD367655A18147D7AE5A08EAEAA20'.
    at <anonymous> (/Users/grins/git/warcraft/wow-bis/node_modules/.pnpm/puppeteer-core@24.25.0/node_modules/puppeteer-core/lib/esm/puppeteer/util/decorators.js:99:27)
    at <anonymous> (/Users/grins/git/warcraft/wow-bis/node_modules/.pnpm/puppeteer-core@24.25.0/node_modules/puppeteer-core/lib/esm/puppeteer/api/Page.js:568:43)
    at goto (/Users/grins/git/warcraft/wow-bis/node_modules/.pnpm/puppeteer-core@24.25.0/node_modules/puppeteer-core/lib/esm/puppeteer/api/Page.js:567:20)
    at <anonymous> (/Users/grins/git/warcraft/wow-bis/scripts/process-quest-levels.ts:191:24)
    at fetchQuestRequiredLevel (/Users/grins/git/warcraft/wow-bis/scripts/process-quest-levels.ts:182:33)
    at processTicksAndRejections (native:7:39)
Full Error: {}
---
[2025-11-03T04:48:49.403Z] ERROR: Error fetching quest 9271 (attempt 4)
Message: Attempted to use detached Frame '03DAD367655A18147D7AE5A08EAEAA20'.
Stack: Error: Attempted to use detached Frame '03DAD367655A18147D7AE5A08EAEAA20'.
    at <anonymous> (/Users/grins/git/warcraft/wow-bis/node_modules/.pnpm/puppeteer-core@24.25.0/node_modules/puppeteer-core/lib/esm/puppeteer/util/decorators.js:99:27)
    at <anonymous> (/Users/grins/git/warcraft/wow-bis/node_modules/.pnpm/puppeteer-core@24.25.0/node_modules/puppeteer-core/lib/esm/puppeteer/api/Page.js:568:43)
    at goto (/Users/grins/git/warcraft/wow-bis/node_modules/.pnpm/puppeteer-core@24.25.0/node_modules/puppeteer-core/lib/esm/puppeteer/api/Page.js:567:20)
    at <anonymous> (/Users/grins/git/warcraft/wow-bis/scripts/process-quest-levels.ts:191:24)
    at fetchQuestRequiredLevel (/Users/grins/git/warcraft/wow-bis/scripts/process-quest-levels.ts:182:33)
    at processTicksAndRejections (native:7:39)
Full Error: {}
---
[2025-11-03T04:48:51.407Z] ERROR: Error fetching quest 9257 (attempt 1)
Message: Attempted to use detached Frame '03DAD367655A18147D7AE5A08EAEAA20'.
Stack: Error: Attempted to use detached Frame '03DAD367655A18147D7AE5A08EAEAA20'.
    at <anonymous> (/Users/grins/git/warcraft/wow-bis/node_modules/.pnpm/puppeteer-core@24.25.0/node_modules/puppeteer-core/lib/esm/puppeteer/util/decorators.js:99:27)
    at <anonymous> (/Users/grins/git/warcraft/wow-bis/node_modules/.pnpm/puppeteer-core@24.25.0/node_modules/puppeteer-core/lib/esm/puppeteer/api/Page.js:568:43)
    at goto (/Users/grins/git/warcraft/wow-bis/node_modules/.pnpm/puppeteer-core@24.25.0/node_modules/puppeteer-core/lib/esm/puppeteer/api/Page.js:567:20)
    at <anonymous> (/Users/grins/git/warcraft/wow-bis/scripts/process-quest-levels.ts:191:24)
    at fetchQuestRequiredLevel (/Users/grins/git/warcraft/wow-bis/scripts/process-quest-levels.ts:182:33)
    at <anonymous> (/Users/grins/git/warcraft/wow-bis/scripts/process-quest-levels.ts:386:42)
    at processTicksAndRejections (native:7:39)
Full Error: {}
---
[2025-11-03T04:48:56.410Z] ERROR: Error fetching quest 9257 (attempt 2)
Message: Attempted to use detached Frame '03DAD367655A18147D7AE5A08EAEAA20'.
Stack: Error: Attempted to use detached Frame '03DAD367655A18147D7AE5A08EAEAA20'.
    at <anonymous> (/Users/grins/git/warcraft/wow-bis/node_modules/.pnpm/puppeteer-core@24.25.0/node_modules/puppeteer-core/lib/esm/puppeteer/util/decorators.js:99:27)
    at <anonymous> (/Users/grins/git/warcraft/wow-bis/node_modules/.pnpm/puppeteer-core@24.25.0/node_modules/puppeteer-core/lib/esm/puppeteer/api/Page.js:568:43)
    at goto (/Users/grins/git/warcraft/wow-bis/node_modules/.pnpm/puppeteer-core@24.25.0/node_modules/puppeteer-core/lib/esm/puppeteer/api/Page.js:567:20)
    at <anonymous> (/Users/grins/git/warcraft/wow-bis/scripts/process-quest-levels.ts:191:24)
    at fetchQuestRequiredLevel (/Users/grins/git/warcraft/wow-bis/scripts/process-quest-levels.ts:182:33)
    at processTicksAndRejections (native:7:39)
Full Error: {}
---
[2025-11-03T04:49:03.412Z] ERROR: Error fetching quest 9257 (attempt 3)
Message: Attempted to use detached Frame '03DAD367655A18147D7AE5A08EAEAA20'.
Stack: Error: Attempted to use detached Frame '03DAD367655A18147D7AE5A08EAEAA20'.
    at <anonymous> (/Users/grins/git/warcraft/wow-bis/node_modules/.pnpm/puppeteer-core@24.25.0/node_modules/puppeteer-core/lib/esm/puppeteer/util/decorators.js:99:27)
    at <anonymous> (/Users/grins/git/warcraft/wow-bis/node_modules/.pnpm/puppeteer-core@24.25.0/node_modules/puppeteer-core/lib/esm/puppeteer/api/Page.js:568:43)
    at goto (/Users/grins/git/warcraft/wow-bis/node_modules/.pnpm/puppeteer-core@24.25.0/node_modules/puppeteer-core/lib/esm/puppeteer/api/Page.js:567:20)
    at <anonymous> (/Users/grins/git/warcraft/wow-bis/scripts/process-quest-levels.ts:191:24)
    at fetchQuestRequiredLevel (/Users/grins/git/warcraft/wow-bis/scripts/process-quest-levels.ts:182:33)
    at processTicksAndRejections (native:7:39)
Full Error: {}
---
[2025-11-03T04:49:12.414Z] ERROR: Error fetching quest 9257 (attempt 4)
Message: Attempted to use detached Frame '03DAD367655A18147D7AE5A08EAEAA20'.
Stack: Error: Attempted to use detached Frame '03DAD367655A18147D7AE5A08EAEAA20'.
    at <anonymous> (/Users/grins/git/warcraft/wow-bis/node_modules/.pnpm/puppeteer-core@24.25.0/node_modules/puppeteer-core/lib/esm/puppeteer/util/decorators.js:99:27)
    at <anonymous> (/Users/grins/git/warcraft/wow-bis/node_modules/.pnpm/puppeteer-core@24.25.0/node_modules/puppeteer-core/lib/esm/puppeteer/api/Page.js:568:43)
    at goto (/Users/grins/git/warcraft/wow-bis/node_modules/.pnpm/puppeteer-core@24.25.0/node_modules/puppeteer-core/lib/esm/puppeteer/api/Page.js:567:20)
    at <anonymous> (/Users/grins/git/warcraft/wow-bis/scripts/process-quest-levels.ts:191:24)
    at fetchQuestRequiredLevel (/Users/grins/git/warcraft/wow-bis/scripts/process-quest-levels.ts:182:33)
    at processTicksAndRejections (native:7:39)
Full Error: {}
---
[2025-11-03T04:49:14.418Z] ERROR: Error fetching quest 9269 (attempt 1)
Message: Attempted to use detached Frame '03DAD367655A18147D7AE5A08EAEAA20'.
Stack: Error: Attempted to use detached Frame '03DAD367655A18147D7AE5A08EAEAA20'.
    at <anonymous> (/Users/grins/git/warcraft/wow-bis/node_modules/.pnpm/puppeteer-core@24.25.0/node_modules/puppeteer-core/lib/esm/puppeteer/util/decorators.js:99:27)
    at <anonymous> (/Users/grins/git/warcraft/wow-bis/node_modules/.pnpm/puppeteer-core@24.25.0/node_modules/puppeteer-core/lib/esm/puppeteer/api/Page.js:568:43)
    at goto (/Users/grins/git/warcraft/wow-bis/node_modules/.pnpm/puppeteer-core@24.25.0/node_modules/puppeteer-core/lib/esm/puppeteer/api/Page.js:567:20)
    at <anonymous> (/Users/grins/git/warcraft/wow-bis/scripts/process-quest-levels.ts:191:24)
    at fetchQuestRequiredLevel (/Users/grins/git/warcraft/wow-bis/scripts/process-quest-levels.ts:182:33)
    at <anonymous> (/Users/grins/git/warcraft/wow-bis/scripts/process-quest-levels.ts:386:42)
    at processTicksAndRejections (native:7:39)
Full Error: {}
---
[2025-11-03T04:49:19.420Z] ERROR: Error fetching quest 9269 (attempt 2)
Message: Attempted to use detached Frame '03DAD367655A18147D7AE5A08EAEAA20'.
Stack: Error: Attempted to use detached Frame '03DAD367655A18147D7AE5A08EAEAA20'.
    at <anonymous> (/Users/grins/git/warcraft/wow-bis/node_modules/.pnpm/puppeteer-core@24.25.0/node_modules/puppeteer-core/lib/esm/puppeteer/util/decorators.js:99:27)
    at <anonymous> (/Users/grins/git/warcraft/wow-bis/node_modules/.pnpm/puppeteer-core@24.25.0/node_modules/puppeteer-core/lib/esm/puppeteer/api/Page.js:568:43)
    at goto (/Users/grins/git/warcraft/wow-bis/node_modules/.pnpm/puppeteer-core@24.25.0/node_modules/puppeteer-core/lib/esm/puppeteer/api/Page.js:567:20)
    at <anonymous> (/Users/grins/git/warcraft/wow-bis/scripts/process-quest-levels.ts:191:24)
    at fetchQuestRequiredLevel (/Users/grins/git/warcraft/wow-bis/scripts/process-quest-levels.ts:182:33)
    at processTicksAndRejections (native:7:39)
Full Error: {}
---
[2025-11-03T04:49:26.422Z] ERROR: Error fetching quest 9269 (attempt 3)
Message: Attempted to use detached Frame '03DAD367655A18147D7AE5A08EAEAA20'.
Stack: Error: Attempted to use detached Frame '03DAD367655A18147D7AE5A08EAEAA20'.
    at <anonymous> (/Users/grins/git/warcraft/wow-bis/node_modules/.pnpm/puppeteer-core@24.25.0/node_modules/puppeteer-core/lib/esm/puppeteer/util/decorators.js:99:27)
    at <anonymous> (/Users/grins/git/warcraft/wow-bis/node_modules/.pnpm/puppeteer-core@24.25.0/node_modules/puppeteer-core/lib/esm/puppeteer/api/Page.js:568:43)
    at goto (/Users/grins/git/warcraft/wow-bis/node_modules/.pnpm/puppeteer-core@24.25.0/node_modules/puppeteer-core/lib/esm/puppeteer/api/Page.js:567:20)
    at <anonymous> (/Users/grins/git/warcraft/wow-bis/scripts/process-quest-levels.ts:191:24)
    at fetchQuestRequiredLevel (/Users/grins/git/warcraft/wow-bis/scripts/process-quest-levels.ts:182:33)
    at processTicksAndRejections (native:7:39)
Full Error: {}
---
[2025-11-03T04:49:35.426Z] ERROR: Error fetching quest 9269 (attempt 4)
Message: Attempted to use detached Frame '03DAD367655A18147D7AE5A08EAEAA20'.
Stack: Error: Attempted to use detached Frame '03DAD367655A18147D7AE5A08EAEAA20'.
    at <anonymous> (/Users/grins/git/warcraft/wow-bis/node_modules/.pnpm/puppeteer-core@24.25.0/node_modules/puppeteer-core/lib/esm/puppeteer/util/decorators.js:99:27)
    at <anonymous> (/Users/grins/git/warcraft/wow-bis/node_modules/.pnpm/puppeteer-core@24.25.0/node_modules/puppeteer-core/lib/esm/puppeteer/api/Page.js:568:43)
    at goto (/Users/grins/git/warcraft/wow-bis/node_modules/.pnpm/puppeteer-core@24.25.0/node_modules/puppeteer-core/lib/esm/puppeteer/api/Page.js:567:20)
    at <anonymous> (/Users/grins/git/warcraft/wow-bis/scripts/process-quest-levels.ts:191:24)
    at fetchQuestRequiredLevel (/Users/grins/git/warcraft/wow-bis/scripts/process-quest-levels.ts:182:33)
    at processTicksAndRejections (native:7:39)
Full Error: {}
---
[2025-11-03T04:49:37.431Z] ERROR: Error fetching quest 40254 (attempt 1)
Message: Attempted to use detached Frame '03DAD367655A18147D7AE5A08EAEAA20'.
Stack: Error: Attempted to use detached Frame '03DAD367655A18147D7AE5A08EAEAA20'.
    at <anonymous> (/Users/grins/git/warcraft/wow-bis/node_modules/.pnpm/puppeteer-core@24.25.0/node_modules/puppeteer-core/lib/esm/puppeteer/util/decorators.js:99:27)
    at <anonymous> (/Users/grins/git/warcraft/wow-bis/node_modules/.pnpm/puppeteer-core@24.25.0/node_modules/puppeteer-core/lib/esm/puppeteer/api/Page.js:568:43)
    at goto (/Users/grins/git/warcraft/wow-bis/node_modules/.pnpm/puppeteer-core@24.25.0/node_modules/puppeteer-core/lib/esm/puppeteer/api/Page.js:567:20)
    at <anonymous> (/Users/grins/git/warcraft/wow-bis/scripts/process-quest-levels.ts:191:24)
    at fetchQuestRequiredLevel (/Users/grins/git/warcraft/wow-bis/scripts/process-quest-levels.ts:182:33)
    at <anonymous> (/Users/grins/git/warcraft/wow-bis/scripts/process-quest-levels.ts:386:42)
    at processTicksAndRejections (native:7:39)
Full Error: {}
---
[2025-11-03T04:49:42.435Z] ERROR: Error fetching quest 40254 (attempt 2)
Message: Attempted to use detached Frame '03DAD367655A18147D7AE5A08EAEAA20'.
Stack: Error: Attempted to use detached Frame '03DAD367655A18147D7AE5A08EAEAA20'.
    at <anonymous> (/Users/grins/git/warcraft/wow-bis/node_modules/.pnpm/puppeteer-core@24.25.0/node_modules/puppeteer-core/lib/esm/puppeteer/util/decorators.js:99:27)
    at <anonymous> (/Users/grins/git/warcraft/wow-bis/node_modules/.pnpm/puppeteer-core@24.25.0/node_modules/puppeteer-core/lib/esm/puppeteer/api/Page.js:568:43)
    at goto (/Users/grins/git/warcraft/wow-bis/node_modules/.pnpm/puppeteer-core@24.25.0/node_modules/puppeteer-core/lib/esm/puppeteer/api/Page.js:567:20)
    at <anonymous> (/Users/grins/git/warcraft/wow-bis/scripts/process-quest-levels.ts:191:24)
    at fetchQuestRequiredLevel (/Users/grins/git/warcraft/wow-bis/scripts/process-quest-levels.ts:182:33)
    at processTicksAndRejections (native:7:39)
Full Error: {}
---
[2025-11-03T04:49:49.439Z] ERROR: Error fetching quest 40254 (attempt 3)
Message: Attempted to use detached Frame '03DAD367655A18147D7AE5A08EAEAA20'.
Stack: Error: Attempted to use detached Frame '03DAD367655A18147D7AE5A08EAEAA20'.
    at <anonymous> (/Users/grins/git/warcraft/wow-bis/node_modules/.pnpm/puppeteer-core@24.25.0/node_modules/puppeteer-core/lib/esm/puppeteer/util/decorators.js:99:27)
    at <anonymous> (/Users/grins/git/warcraft/wow-bis/node_modules/.pnpm/puppeteer-core@24.25.0/node_modules/puppeteer-core/lib/esm/puppeteer/api/Page.js:568:43)
    at goto (/Users/grins/git/warcraft/wow-bis/node_modules/.pnpm/puppeteer-core@24.25.0/node_modules/puppeteer-core/lib/esm/puppeteer/api/Page.js:567:20)
    at <anonymous> (/Users/grins/git/warcraft/wow-bis/scripts/process-quest-levels.ts:191:24)
    at fetchQuestRequiredLevel (/Users/grins/git/warcraft/wow-bis/scripts/process-quest-levels.ts:182:33)
    at processTicksAndRejections (native:7:39)
Full Error: {}
---
[2025-11-03T04:49:58.442Z] ERROR: Error fetching quest 40254 (attempt 4)
Message: Attempted to use detached Frame '03DAD367655A18147D7AE5A08EAEAA20'.
Stack: Error: Attempted to use detached Frame '03DAD367655A18147D7AE5A08EAEAA20'.
    at <anonymous> (/Users/grins/git/warcraft/wow-bis/node_modules/.pnpm/puppeteer-core@24.25.0/node_modules/puppeteer-core/lib/esm/puppeteer/util/decorators.js:99:27)
    at <anonymous> (/Users/grins/git/warcraft/wow-bis/node_modules/.pnpm/puppeteer-core@24.25.0/node_modules/puppeteer-core/lib/esm/puppeteer/api/Page.js:568:43)
    at goto (/Users/grins/git/warcraft/wow-bis/node_modules/.pnpm/puppeteer-core@24.25.0/node_modules/puppeteer-core/lib/esm/puppeteer/api/Page.js:567:20)
    at <anonymous> (/Users/grins/git/warcraft/wow-bis/scripts/process-quest-levels.ts:191:24)
    at fetchQuestRequiredLevel (/Users/grins/git/warcraft/wow-bis/scripts/process-quest-levels.ts:182:33)
    at processTicksAndRejections (native:7:39)
Full Error: {}
---
[2025-11-03T04:50:02.450Z] ERROR: Error fetching quest 1958 (attempt 1)
Message: Attempted to use detached Frame '03DAD367655A18147D7AE5A08EAEAA20'.
Stack: Error: Attempted to use detached Frame '03DAD367655A18147D7AE5A08EAEAA20'.
    at <anonymous> (/Users/grins/git/warcraft/wow-bis/node_modules/.pnpm/puppeteer-core@24.25.0/node_modules/puppeteer-core/lib/esm/puppeteer/util/decorators.js:99:27)
    at <anonymous> (/Users/grins/git/warcraft/wow-bis/node_modules/.pnpm/puppeteer-core@24.25.0/node_modules/puppeteer-core/lib/esm/puppeteer/api/Page.js:568:43)
    at goto (/Users/grins/git/warcraft/wow-bis/node_modules/.pnpm/puppeteer-core@24.25.0/node_modules/puppeteer-core/lib/esm/puppeteer/api/Page.js:567:20)
    at <anonymous> (/Users/grins/git/warcraft/wow-bis/scripts/process-quest-levels.ts:191:24)
    at fetchQuestRequiredLevel (/Users/grins/git/warcraft/wow-bis/scripts/process-quest-levels.ts:182:33)
    at <anonymous> (/Users/grins/git/warcraft/wow-bis/scripts/process-quest-levels.ts:386:42)
    at processTicksAndRejections (native:7:39)
Full Error: {}
---
[2025-11-03T04:50:07.453Z] ERROR: Error fetching quest 1958 (attempt 2)
Message: Attempted to use detached Frame '03DAD367655A18147D7AE5A08EAEAA20'.
Stack: Error: Attempted to use detached Frame '03DAD367655A18147D7AE5A08EAEAA20'.
    at <anonymous> (/Users/grins/git/warcraft/wow-bis/node_modules/.pnpm/puppeteer-core@24.25.0/node_modules/puppeteer-core/lib/esm/puppeteer/util/decorators.js:99:27)
    at <anonymous> (/Users/grins/git/warcraft/wow-bis/node_modules/.pnpm/puppeteer-core@24.25.0/node_modules/puppeteer-core/lib/esm/puppeteer/api/Page.js:568:43)
    at goto (/Users/grins/git/warcraft/wow-bis/node_modules/.pnpm/puppeteer-core@24.25.0/node_modules/puppeteer-core/lib/esm/puppeteer/api/Page.js:567:20)
    at <anonymous> (/Users/grins/git/warcraft/wow-bis/scripts/process-quest-levels.ts:191:24)
    at fetchQuestRequiredLevel (/Users/grins/git/warcraft/wow-bis/scripts/process-quest-levels.ts:182:33)
    at processTicksAndRejections (native:7:39)
Full Error: {}
---
[2025-11-03T04:50:14.456Z] ERROR: Error fetching quest 1958 (attempt 3)
Message: Attempted to use detached Frame '03DAD367655A18147D7AE5A08EAEAA20'.
Stack: Error: Attempted to use detached Frame '03DAD367655A18147D7AE5A08EAEAA20'.
    at <anonymous> (/Users/grins/git/warcraft/wow-bis/node_modules/.pnpm/puppeteer-core@24.25.0/node_modules/puppeteer-core/lib/esm/puppeteer/util/decorators.js:99:27)
    at <anonymous> (/Users/grins/git/warcraft/wow-bis/node_modules/.pnpm/puppeteer-core@24.25.0/node_modules/puppeteer-core/lib/esm/puppeteer/api/Page.js:568:43)
    at goto (/Users/grins/git/warcraft/wow-bis/node_modules/.pnpm/puppeteer-core@24.25.0/node_modules/puppeteer-core/lib/esm/puppeteer/api/Page.js:567:20)
    at <anonymous> (/Users/grins/git/warcraft/wow-bis/scripts/process-quest-levels.ts:191:24)
    at fetchQuestRequiredLevel (/Users/grins/git/warcraft/wow-bis/scripts/process-quest-levels.ts:182:33)
    at processTicksAndRejections (native:7:39)
Full Error: {}
---
[2025-11-03T04:50:23.460Z] ERROR: Error fetching quest 1958 (attempt 4)
Message: Attempted to use detached Frame '03DAD367655A18147D7AE5A08EAEAA20'.
Stack: Error: Attempted to use detached Frame '03DAD367655A18147D7AE5A08EAEAA20'.
    at <anonymous> (/Users/grins/git/warcraft/wow-bis/node_modules/.pnpm/puppeteer-core@24.25.0/node_modules/puppeteer-core/lib/esm/puppeteer/util/decorators.js:99:27)
    at <anonymous> (/Users/grins/git/warcraft/wow-bis/node_modules/.pnpm/puppeteer-core@24.25.0/node_modules/puppeteer-core/lib/esm/puppeteer/api/Page.js:568:43)
    at goto (/Users/grins/git/warcraft/wow-bis/node_modules/.pnpm/puppeteer-core@24.25.0/node_modules/puppeteer-core/lib/esm/puppeteer/api/Page.js:567:20)
    at <anonymous> (/Users/grins/git/warcraft/wow-bis/scripts/process-quest-levels.ts:191:24)
    at fetchQuestRequiredLevel (/Users/grins/git/warcraft/wow-bis/scripts/process-quest-levels.ts:182:33)
    at processTicksAndRejections (native:7:39)
Full Error: {}
---
[2025-11-03T04:50:25.464Z] ERROR: Error fetching quest 4771 (attempt 1)
Message: Attempted to use detached Frame '03DAD367655A18147D7AE5A08EAEAA20'.
Stack: Error: Attempted to use detached Frame '03DAD367655A18147D7AE5A08EAEAA20'.
    at <anonymous> (/Users/grins/git/warcraft/wow-bis/node_modules/.pnpm/puppeteer-core@24.25.0/node_modules/puppeteer-core/lib/esm/puppeteer/util/decorators.js:99:27)
    at <anonymous> (/Users/grins/git/warcraft/wow-bis/node_modules/.pnpm/puppeteer-core@24.25.0/node_modules/puppeteer-core/lib/esm/puppeteer/api/Page.js:568:43)
    at goto (/Users/grins/git/warcraft/wow-bis/node_modules/.pnpm/puppeteer-core@24.25.0/node_modules/puppeteer-core/lib/esm/puppeteer/api/Page.js:567:20)
    at <anonymous> (/Users/grins/git/warcraft/wow-bis/scripts/process-quest-levels.ts:191:24)
    at fetchQuestRequiredLevel (/Users/grins/git/warcraft/wow-bis/scripts/process-quest-levels.ts:182:33)
    at <anonymous> (/Users/grins/git/warcraft/wow-bis/scripts/process-quest-levels.ts:386:42)
    at processTicksAndRejections (native:7:39)
Full Error: {}
---
[2025-11-03T04:50:30.468Z] ERROR: Error fetching quest 4771 (attempt 2)
Message: Attempted to use detached Frame '03DAD367655A18147D7AE5A08EAEAA20'.
Stack: Error: Attempted to use detached Frame '03DAD367655A18147D7AE5A08EAEAA20'.
    at <anonymous> (/Users/grins/git/warcraft/wow-bis/node_modules/.pnpm/puppeteer-core@24.25.0/node_modules/puppeteer-core/lib/esm/puppeteer/util/decorators.js:99:27)
    at <anonymous> (/Users/grins/git/warcraft/wow-bis/node_modules/.pnpm/puppeteer-core@24.25.0/node_modules/puppeteer-core/lib/esm/puppeteer/api/Page.js:568:43)
    at goto (/Users/grins/git/warcraft/wow-bis/node_modules/.pnpm/puppeteer-core@24.25.0/node_modules/puppeteer-core/lib/esm/puppeteer/api/Page.js:567:20)
    at <anonymous> (/Users/grins/git/warcraft/wow-bis/scripts/process-quest-levels.ts:191:24)
    at fetchQuestRequiredLevel (/Users/grins/git/warcraft/wow-bis/scripts/process-quest-levels.ts:182:33)
    at processTicksAndRejections (native:7:39)
Full Error: {}
---
[2025-11-03T04:50:37.471Z] ERROR: Error fetching quest 4771 (attempt 3)
Message: Attempted to use detached Frame '03DAD367655A18147D7AE5A08EAEAA20'.
Stack: Error: Attempted to use detached Frame '03DAD367655A18147D7AE5A08EAEAA20'.
    at <anonymous> (/Users/grins/git/warcraft/wow-bis/node_modules/.pnpm/puppeteer-core@24.25.0/node_modules/puppeteer-core/lib/esm/puppeteer/util/decorators.js:99:27)
    at <anonymous> (/Users/grins/git/warcraft/wow-bis/node_modules/.pnpm/puppeteer-core@24.25.0/node_modules/puppeteer-core/lib/esm/puppeteer/api/Page.js:568:43)
    at goto (/Users/grins/git/warcraft/wow-bis/node_modules/.pnpm/puppeteer-core@24.25.0/node_modules/puppeteer-core/lib/esm/puppeteer/api/Page.js:567:20)
    at <anonymous> (/Users/grins/git/warcraft/wow-bis/scripts/process-quest-levels.ts:191:24)
    at fetchQuestRequiredLevel (/Users/grins/git/warcraft/wow-bis/scripts/process-quest-levels.ts:182:33)
    at processTicksAndRejections (native:7:39)
Full Error: {}
---
[2025-11-03T05:01:04.807Z] ERROR: Error fetching quest 4771 (attempt 4)
Message: Attempted to use detached Frame '03DAD367655A18147D7AE5A08EAEAA20'.
Stack: Error: Attempted to use detached Frame '03DAD367655A18147D7AE5A08EAEAA20'.
    at <anonymous> (/Users/grins/git/warcraft/wow-bis/node_modules/.pnpm/puppeteer-core@24.25.0/node_modules/puppeteer-core/lib/esm/puppeteer/util/decorators.js:99:27)
    at <anonymous> (/Users/grins/git/warcraft/wow-bis/node_modules/.pnpm/puppeteer-core@24.25.0/node_modules/puppeteer-core/lib/esm/puppeteer/api/Page.js:568:43)
    at goto (/Users/grins/git/warcraft/wow-bis/node_modules/.pnpm/puppeteer-core@24.25.0/node_modules/puppeteer-core/lib/esm/puppeteer/api/Page.js:567:20)
    at <anonymous> (/Users/grins/git/warcraft/wow-bis/scripts/process-quest-levels.ts:191:24)
    at fetchQuestRequiredLevel (/Users/grins/git/warcraft/wow-bis/scripts/process-quest-levels.ts:182:33)
    at processTicksAndRejections (native:7:39)
Full Error: {}
---
[2025-11-03T05:01:06.813Z] ERROR: Error fetching quest 9053 (attempt 1)
Message: Attempted to use detached Frame '03DAD367655A18147D7AE5A08EAEAA20'.
Stack: Error: Attempted to use detached Frame '03DAD367655A18147D7AE5A08EAEAA20'.
    at <anonymous> (/Users/grins/git/warcraft/wow-bis/node_modules/.pnpm/puppeteer-core@24.25.0/node_modules/puppeteer-core/lib/esm/puppeteer/util/decorators.js:99:27)
    at <anonymous> (/Users/grins/git/warcraft/wow-bis/node_modules/.pnpm/puppeteer-core@24.25.0/node_modules/puppeteer-core/lib/esm/puppeteer/api/Page.js:568:43)
    at goto (/Users/grins/git/warcraft/wow-bis/node_modules/.pnpm/puppeteer-core@24.25.0/node_modules/puppeteer-core/lib/esm/puppeteer/api/Page.js:567:20)
    at <anonymous> (/Users/grins/git/warcraft/wow-bis/scripts/process-quest-levels.ts:191:24)
    at fetchQuestRequiredLevel (/Users/grins/git/warcraft/wow-bis/scripts/process-quest-levels.ts:182:33)
    at <anonymous> (/Users/grins/git/warcraft/wow-bis/scripts/process-quest-levels.ts:386:42)
    at processTicksAndRejections (native:7:39)
Full Error: {}
---
[2025-11-03T05:01:11.817Z] ERROR: Error fetching quest 9053 (attempt 2)
Message: Attempted to use detached Frame '03DAD367655A18147D7AE5A08EAEAA20'.
Stack: Error: Attempted to use detached Frame '03DAD367655A18147D7AE5A08EAEAA20'.
    at <anonymous> (/Users/grins/git/warcraft/wow-bis/node_modules/.pnpm/puppeteer-core@24.25.0/node_modules/puppeteer-core/lib/esm/puppeteer/util/decorators.js:99:27)
    at <anonymous> (/Users/grins/git/warcraft/wow-bis/node_modules/.pnpm/puppeteer-core@24.25.0/node_modules/puppeteer-core/lib/esm/puppeteer/api/Page.js:568:43)
    at goto (/Users/grins/git/warcraft/wow-bis/node_modules/.pnpm/puppeteer-core@24.25.0/node_modules/puppeteer-core/lib/esm/puppeteer/api/Page.js:567:20)
    at <anonymous> (/Users/grins/git/warcraft/wow-bis/scripts/process-quest-levels.ts:191:24)
    at fetchQuestRequiredLevel (/Users/grins/git/warcraft/wow-bis/scripts/process-quest-levels.ts:182:33)
    at processTicksAndRejections (native:7:39)
Full Error: {}
---
[2025-11-03T05:01:18.821Z] ERROR: Error fetching quest 9053 (attempt 3)
Message: Attempted to use detached Frame '03DAD367655A18147D7AE5A08EAEAA20'.
Stack: Error: Attempted to use detached Frame '03DAD367655A18147D7AE5A08EAEAA20'.
    at <anonymous> (/Users/grins/git/warcraft/wow-bis/node_modules/.pnpm/puppeteer-core@24.25.0/node_modules/puppeteer-core/lib/esm/puppeteer/util/decorators.js:99:27)
    at <anonymous> (/Users/grins/git/warcraft/wow-bis/node_modules/.pnpm/puppeteer-core@24.25.0/node_modules/puppeteer-core/lib/esm/puppeteer/api/Page.js:568:43)
    at goto (/Users/grins/git/warcraft/wow-bis/node_modules/.pnpm/puppeteer-core@24.25.0/node_modules/puppeteer-core/lib/esm/puppeteer/api/Page.js:567:20)
    at <anonymous> (/Users/grins/git/warcraft/wow-bis/scripts/process-quest-levels.ts:191:24)
    at fetchQuestRequiredLevel (/Users/grins/git/warcraft/wow-bis/scripts/process-quest-levels.ts:182:33)
    at processTicksAndRejections (native:7:39)
Full Error: {}
---
[2025-11-03T05:01:27.823Z] ERROR: Error fetching quest 9053 (attempt 4)
Message: Attempted to use detached Frame '03DAD367655A18147D7AE5A08EAEAA20'.
Stack: Error: Attempted to use detached Frame '03DAD367655A18147D7AE5A08EAEAA20'.
    at <anonymous> (/Users/grins/git/warcraft/wow-bis/node_modules/.pnpm/puppeteer-core@24.25.0/node_modules/puppeteer-core/lib/esm/puppeteer/util/decorators.js:99:27)
    at <anonymous> (/Users/grins/git/warcraft/wow-bis/node_modules/.pnpm/puppeteer-core@24.25.0/node_modules/puppeteer-core/lib/esm/puppeteer/api/Page.js:568:43)
    at goto (/Users/grins/git/warcraft/wow-bis/node_modules/.pnpm/puppeteer-core@24.25.0/node_modules/puppeteer-core/lib/esm/puppeteer/api/Page.js:567:20)
    at <anonymous> (/Users/grins/git/warcraft/wow-bis/scripts/process-quest-levels.ts:191:24)
    at fetchQuestRequiredLevel (/Users/grins/git/warcraft/wow-bis/scripts/process-quest-levels.ts:182:33)
    at processTicksAndRejections (native:7:39)
Full Error: {}
---
[2025-11-03T05:01:29.826Z] ERROR: Error fetching quest 60116 (attempt 1)
Message: Attempted to use detached Frame '03DAD367655A18147D7AE5A08EAEAA20'.
Stack: Error: Attempted to use detached Frame '03DAD367655A18147D7AE5A08EAEAA20'.
    at <anonymous> (/Users/grins/git/warcraft/wow-bis/node_modules/.pnpm/puppeteer-core@24.25.0/node_modules/puppeteer-core/lib/esm/puppeteer/util/decorators.js:99:27)
    at <anonymous> (/Users/grins/git/warcraft/wow-bis/node_modules/.pnpm/puppeteer-core@24.25.0/node_modules/puppeteer-core/lib/esm/puppeteer/api/Page.js:568:43)
    at goto (/Users/grins/git/warcraft/wow-bis/node_modules/.pnpm/puppeteer-core@24.25.0/node_modules/puppeteer-core/lib/esm/puppeteer/api/Page.js:567:20)
    at <anonymous> (/Users/grins/git/warcraft/wow-bis/scripts/process-quest-levels.ts:191:24)
    at fetchQuestRequiredLevel (/Users/grins/git/warcraft/wow-bis/scripts/process-quest-levels.ts:182:33)
    at <anonymous> (/Users/grins/git/warcraft/wow-bis/scripts/process-quest-levels.ts:386:42)
    at processTicksAndRejections (native:7:39)
Full Error: {}
---
[2025-11-03T05:01:34.827Z] ERROR: Error fetching quest 60116 (attempt 2)
Message: Attempted to use detached Frame '03DAD367655A18147D7AE5A08EAEAA20'.
Stack: Error: Attempted to use detached Frame '03DAD367655A18147D7AE5A08EAEAA20'.
    at <anonymous> (/Users/grins/git/warcraft/wow-bis/node_modules/.pnpm/puppeteer-core@24.25.0/node_modules/puppeteer-core/lib/esm/puppeteer/util/decorators.js:99:27)
    at <anonymous> (/Users/grins/git/warcraft/wow-bis/node_modules/.pnpm/puppeteer-core@24.25.0/node_modules/puppeteer-core/lib/esm/puppeteer/api/Page.js:568:43)
    at goto (/Users/grins/git/warcraft/wow-bis/node_modules/.pnpm/puppeteer-core@24.25.0/node_modules/puppeteer-core/lib/esm/puppeteer/api/Page.js:567:20)
    at <anonymous> (/Users/grins/git/warcraft/wow-bis/scripts/process-quest-levels.ts:191:24)
    at fetchQuestRequiredLevel (/Users/grins/git/warcraft/wow-bis/scripts/process-quest-levels.ts:182:33)
    at processTicksAndRejections (native:7:39)
Full Error: {}
---
[2025-11-03T05:01:41.830Z] ERROR: Error fetching quest 60116 (attempt 3)
Message: Attempted to use detached Frame '03DAD367655A18147D7AE5A08EAEAA20'.
Stack: Error: Attempted to use detached Frame '03DAD367655A18147D7AE5A08EAEAA20'.
    at <anonymous> (/Users/grins/git/warcraft/wow-bis/node_modules/.pnpm/puppeteer-core@24.25.0/node_modules/puppeteer-core/lib/esm/puppeteer/util/decorators.js:99:27)
    at <anonymous> (/Users/grins/git/warcraft/wow-bis/node_modules/.pnpm/puppeteer-core@24.25.0/node_modules/puppeteer-core/lib/esm/puppeteer/api/Page.js:568:43)
    at goto (/Users/grins/git/warcraft/wow-bis/node_modules/.pnpm/puppeteer-core@24.25.0/node_modules/puppeteer-core/lib/esm/puppeteer/api/Page.js:567:20)
    at <anonymous> (/Users/grins/git/warcraft/wow-bis/scripts/process-quest-levels.ts:191:24)
    at fetchQuestRequiredLevel (/Users/grins/git/warcraft/wow-bis/scripts/process-quest-levels.ts:182:33)
    at processTicksAndRejections (native:7:39)
Full Error: {}
---
[2025-11-03T05:01:50.833Z] ERROR: Error fetching quest 60116 (attempt 4)
Message: Attempted to use detached Frame '03DAD367655A18147D7AE5A08EAEAA20'.
Stack: Error: Attempted to use detached Frame '03DAD367655A18147D7AE5A08EAEAA20'.
    at <anonymous> (/Users/grins/git/warcraft/wow-bis/node_modules/.pnpm/puppeteer-core@24.25.0/node_modules/puppeteer-core/lib/esm/puppeteer/util/decorators.js:99:27)
    at <anonymous> (/Users/grins/git/warcraft/wow-bis/node_modules/.pnpm/puppeteer-core@24.25.0/node_modules/puppeteer-core/lib/esm/puppeteer/api/Page.js:568:43)
    at goto (/Users/grins/git/warcraft/wow-bis/node_modules/.pnpm/puppeteer-core@24.25.0/node_modules/puppeteer-core/lib/esm/puppeteer/api/Page.js:567:20)
    at <anonymous> (/Users/grins/git/warcraft/wow-bis/scripts/process-quest-levels.ts:191:24)
    at fetchQuestRequiredLevel (/Users/grins/git/warcraft/wow-bis/scripts/process-quest-levels.ts:182:33)
    at processTicksAndRejections (native:7:39)
Full Error: {}
---
[2025-11-03T05:01:52.837Z] ERROR: Error fetching quest 40214 (attempt 1)
Message: Attempted to use detached Frame '03DAD367655A18147D7AE5A08EAEAA20'.
Stack: Error: Attempted to use detached Frame '03DAD367655A18147D7AE5A08EAEAA20'.
    at <anonymous> (/Users/grins/git/warcraft/wow-bis/node_modules/.pnpm/puppeteer-core@24.25.0/node_modules/puppeteer-core/lib/esm/puppeteer/util/decorators.js:99:27)
    at <anonymous> (/Users/grins/git/warcraft/wow-bis/node_modules/.pnpm/puppeteer-core@24.25.0/node_modules/puppeteer-core/lib/esm/puppeteer/api/Page.js:568:43)
    at goto (/Users/grins/git/warcraft/wow-bis/node_modules/.pnpm/puppeteer-core@24.25.0/node_modules/puppeteer-core/lib/esm/puppeteer/api/Page.js:567:20)
    at <anonymous> (/Users/grins/git/warcraft/wow-bis/scripts/process-quest-levels.ts:191:24)
    at fetchQuestRequiredLevel (/Users/grins/git/warcraft/wow-bis/scripts/process-quest-levels.ts:182:33)
    at <anonymous> (/Users/grins/git/warcraft/wow-bis/scripts/process-quest-levels.ts:386:42)
    at processTicksAndRejections (native:7:39)
Full Error: {}
---
[2025-11-03T05:01:57.839Z] ERROR: Error fetching quest 40214 (attempt 2)
Message: Attempted to use detached Frame '03DAD367655A18147D7AE5A08EAEAA20'.
Stack: Error: Attempted to use detached Frame '03DAD367655A18147D7AE5A08EAEAA20'.
    at <anonymous> (/Users/grins/git/warcraft/wow-bis/node_modules/.pnpm/puppeteer-core@24.25.0/node_modules/puppeteer-core/lib/esm/puppeteer/util/decorators.js:99:27)
    at <anonymous> (/Users/grins/git/warcraft/wow-bis/node_modules/.pnpm/puppeteer-core@24.25.0/node_modules/puppeteer-core/lib/esm/puppeteer/api/Page.js:568:43)
    at goto (/Users/grins/git/warcraft/wow-bis/node_modules/.pnpm/puppeteer-core@24.25.0/node_modules/puppeteer-core/lib/esm/puppeteer/api/Page.js:567:20)
    at <anonymous> (/Users/grins/git/warcraft/wow-bis/scripts/process-quest-levels.ts:191:24)
    at fetchQuestRequiredLevel (/Users/grins/git/warcraft/wow-bis/scripts/process-quest-levels.ts:182:33)
    at processTicksAndRejections (native:7:39)
Full Error: {}
---
[2025-11-03T05:02:04.841Z] ERROR: Error fetching quest 40214 (attempt 3)
Message: Attempted to use detached Frame '03DAD367655A18147D7AE5A08EAEAA20'.
Stack: Error: Attempted to use detached Frame '03DAD367655A18147D7AE5A08EAEAA20'.
    at <anonymous> (/Users/grins/git/warcraft/wow-bis/node_modules/.pnpm/puppeteer-core@24.25.0/node_modules/puppeteer-core/lib/esm/puppeteer/util/decorators.js:99:27)
    at <anonymous> (/Users/grins/git/warcraft/wow-bis/node_modules/.pnpm/puppeteer-core@24.25.0/node_modules/puppeteer-core/lib/esm/puppeteer/api/Page.js:568:43)
    at goto (/Users/grins/git/warcraft/wow-bis/node_modules/.pnpm/puppeteer-core@24.25.0/node_modules/puppeteer-core/lib/esm/puppeteer/api/Page.js:567:20)
    at <anonymous> (/Users/grins/git/warcraft/wow-bis/scripts/process-quest-levels.ts:191:24)
    at fetchQuestRequiredLevel (/Users/grins/git/warcraft/wow-bis/scripts/process-quest-levels.ts:182:33)
    at processTicksAndRejections (native:7:39)
Full Error: {}
---
[2025-11-03T05:02:13.845Z] ERROR: Error fetching quest 40214 (attempt 4)
Message: Attempted to use detached Frame '03DAD367655A18147D7AE5A08EAEAA20'.
Stack: Error: Attempted to use detached Frame '03DAD367655A18147D7AE5A08EAEAA20'.
    at <anonymous> (/Users/grins/git/warcraft/wow-bis/node_modules/.pnpm/puppeteer-core@24.25.0/node_modules/puppeteer-core/lib/esm/puppeteer/util/decorators.js:99:27)
    at <anonymous> (/Users/grins/git/warcraft/wow-bis/node_modules/.pnpm/puppeteer-core@24.25.0/node_modules/puppeteer-core/lib/esm/puppeteer/api/Page.js:568:43)
    at goto (/Users/grins/git/warcraft/wow-bis/node_modules/.pnpm/puppeteer-core@24.25.0/node_modules/puppeteer-core/lib/esm/puppeteer/api/Page.js:567:20)
    at <anonymous> (/Users/grins/git/warcraft/wow-bis/scripts/process-quest-levels.ts:191:24)
    at fetchQuestRequiredLevel (/Users/grins/git/warcraft/wow-bis/scripts/process-quest-levels.ts:182:33)
    at processTicksAndRejections (native:7:39)
Full Error: {}
---
[2025-11-03T05:02:19.856Z] ERROR: Error fetching quest 41257 (attempt 1)
Message: Attempted to use detached Frame '03DAD367655A18147D7AE5A08EAEAA20'.
Stack: Error: Attempted to use detached Frame '03DAD367655A18147D7AE5A08EAEAA20'.
    at <anonymous> (/Users/grins/git/warcraft/wow-bis/node_modules/.pnpm/puppeteer-core@24.25.0/node_modules/puppeteer-core/lib/esm/puppeteer/util/decorators.js:99:27)
    at <anonymous> (/Users/grins/git/warcraft/wow-bis/node_modules/.pnpm/puppeteer-core@24.25.0/node_modules/puppeteer-core/lib/esm/puppeteer/api/Page.js:568:43)
    at goto (/Users/grins/git/warcraft/wow-bis/node_modules/.pnpm/puppeteer-core@24.25.0/node_modules/puppeteer-core/lib/esm/puppeteer/api/Page.js:567:20)
    at <anonymous> (/Users/grins/git/warcraft/wow-bis/scripts/process-quest-levels.ts:191:24)
    at fetchQuestRequiredLevel (/Users/grins/git/warcraft/wow-bis/scripts/process-quest-levels.ts:182:33)
    at <anonymous> (/Users/grins/git/warcraft/wow-bis/scripts/process-quest-levels.ts:386:42)
    at processTicksAndRejections (native:7:39)
Full Error: {}
---
[2025-11-03T05:02:24.858Z] ERROR: Error fetching quest 41257 (attempt 2)
Message: Attempted to use detached Frame '03DAD367655A18147D7AE5A08EAEAA20'.
Stack: Error: Attempted to use detached Frame '03DAD367655A18147D7AE5A08EAEAA20'.
    at <anonymous> (/Users/grins/git/warcraft/wow-bis/node_modules/.pnpm/puppeteer-core@24.25.0/node_modules/puppeteer-core/lib/esm/puppeteer/util/decorators.js:99:27)
    at <anonymous> (/Users/grins/git/warcraft/wow-bis/node_modules/.pnpm/puppeteer-core@24.25.0/node_modules/puppeteer-core/lib/esm/puppeteer/api/Page.js:568:43)
    at goto (/Users/grins/git/warcraft/wow-bis/node_modules/.pnpm/puppeteer-core@24.25.0/node_modules/puppeteer-core/lib/esm/puppeteer/api/Page.js:567:20)
    at <anonymous> (/Users/grins/git/warcraft/wow-bis/scripts/process-quest-levels.ts:191:24)
    at fetchQuestRequiredLevel (/Users/grins/git/warcraft/wow-bis/scripts/process-quest-levels.ts:182:33)
    at processTicksAndRejections (native:7:39)
Full Error: {}
---
[2025-11-03T05:02:31.862Z] ERROR: Error fetching quest 41257 (attempt 3)
Message: Attempted to use detached Frame '03DAD367655A18147D7AE5A08EAEAA20'.
Stack: Error: Attempted to use detached Frame '03DAD367655A18147D7AE5A08EAEAA20'.
    at <anonymous> (/Users/grins/git/warcraft/wow-bis/node_modules/.pnpm/puppeteer-core@24.25.0/node_modules/puppeteer-core/lib/esm/puppeteer/util/decorators.js:99:27)
    at <anonymous> (/Users/grins/git/warcraft/wow-bis/node_modules/.pnpm/puppeteer-core@24.25.0/node_modules/puppeteer-core/lib/esm/puppeteer/api/Page.js:568:43)
    at goto (/Users/grins/git/warcraft/wow-bis/node_modules/.pnpm/puppeteer-core@24.25.0/node_modules/puppeteer-core/lib/esm/puppeteer/api/Page.js:567:20)
    at <anonymous> (/Users/grins/git/warcraft/wow-bis/scripts/process-quest-levels.ts:191:24)
    at fetchQuestRequiredLevel (/Users/grins/git/warcraft/wow-bis/scripts/process-quest-levels.ts:182:33)
    at processTicksAndRejections (native:7:39)
Full Error: {}
---
[2025-11-03T05:02:40.866Z] ERROR: Error fetching quest 41257 (attempt 4)
Message: Attempted to use detached Frame '03DAD367655A18147D7AE5A08EAEAA20'.
Stack: Error: Attempted to use detached Frame '03DAD367655A18147D7AE5A08EAEAA20'.
    at <anonymous> (/Users/grins/git/warcraft/wow-bis/node_modules/.pnpm/puppeteer-core@24.25.0/node_modules/puppeteer-core/lib/esm/puppeteer/util/decorators.js:99:27)
    at <anonymous> (/Users/grins/git/warcraft/wow-bis/node_modules/.pnpm/puppeteer-core@24.25.0/node_modules/puppeteer-core/lib/esm/puppeteer/api/Page.js:568:43)
    at goto (/Users/grins/git/warcraft/wow-bis/node_modules/.pnpm/puppeteer-core@24.25.0/node_modules/puppeteer-core/lib/esm/puppeteer/api/Page.js:567:20)
    at <anonymous> (/Users/grins/git/warcraft/wow-bis/scripts/process-quest-levels.ts:191:24)
    at fetchQuestRequiredLevel (/Users/grins/git/warcraft/wow-bis/scripts/process-quest-levels.ts:182:33)
    at processTicksAndRejections (native:7:39)
Full Error: {}
---
[2025-11-03T05:02:42.869Z] ERROR: Error fetching quest 1880 (attempt 1)
Message: Attempted to use detached Frame '03DAD367655A18147D7AE5A08EAEAA20'.
Stack: Error: Attempted to use detached Frame '03DAD367655A18147D7AE5A08EAEAA20'.
    at <anonymous> (/Users/grins/git/warcraft/wow-bis/node_modules/.pnpm/puppeteer-core@24.25.0/node_modules/puppeteer-core/lib/esm/puppeteer/util/decorators.js:99:27)
    at <anonymous> (/Users/grins/git/warcraft/wow-bis/node_modules/.pnpm/puppeteer-core@24.25.0/node_modules/puppeteer-core/lib/esm/puppeteer/api/Page.js:568:43)
    at goto (/Users/grins/git/warcraft/wow-bis/node_modules/.pnpm/puppeteer-core@24.25.0/node_modules/puppeteer-core/lib/esm/puppeteer/api/Page.js:567:20)
    at <anonymous> (/Users/grins/git/warcraft/wow-bis/scripts/process-quest-levels.ts:191:24)
    at fetchQuestRequiredLevel (/Users/grins/git/warcraft/wow-bis/scripts/process-quest-levels.ts:182:33)
    at <anonymous> (/Users/grins/git/warcraft/wow-bis/scripts/process-quest-levels.ts:386:42)
    at processTicksAndRejections (native:7:39)
Full Error: {}
---
[2025-11-03T05:02:47.873Z] ERROR: Error fetching quest 1880 (attempt 2)
Message: Attempted to use detached Frame '03DAD367655A18147D7AE5A08EAEAA20'.
Stack: Error: Attempted to use detached Frame '03DAD367655A18147D7AE5A08EAEAA20'.
    at <anonymous> (/Users/grins/git/warcraft/wow-bis/node_modules/.pnpm/puppeteer-core@24.25.0/node_modules/puppeteer-core/lib/esm/puppeteer/util/decorators.js:99:27)
    at <anonymous> (/Users/grins/git/warcraft/wow-bis/node_modules/.pnpm/puppeteer-core@24.25.0/node_modules/puppeteer-core/lib/esm/puppeteer/api/Page.js:568:43)
    at goto (/Users/grins/git/warcraft/wow-bis/node_modules/.pnpm/puppeteer-core@24.25.0/node_modules/puppeteer-core/lib/esm/puppeteer/api/Page.js:567:20)
    at <anonymous> (/Users/grins/git/warcraft/wow-bis/scripts/process-quest-levels.ts:191:24)
    at fetchQuestRequiredLevel (/Users/grins/git/warcraft/wow-bis/scripts/process-quest-levels.ts:182:33)
    at processTicksAndRejections (native:7:39)
Full Error: {}
---
[2025-11-03T05:02:54.876Z] ERROR: Error fetching quest 1880 (attempt 3)
Message: Attempted to use detached Frame '03DAD367655A18147D7AE5A08EAEAA20'.
Stack: Error: Attempted to use detached Frame '03DAD367655A18147D7AE5A08EAEAA20'.
    at <anonymous> (/Users/grins/git/warcraft/wow-bis/node_modules/.pnpm/puppeteer-core@24.25.0/node_modules/puppeteer-core/lib/esm/puppeteer/util/decorators.js:99:27)
    at <anonymous> (/Users/grins/git/warcraft/wow-bis/node_modules/.pnpm/puppeteer-core@24.25.0/node_modules/puppeteer-core/lib/esm/puppeteer/api/Page.js:568:43)
    at goto (/Users/grins/git/warcraft/wow-bis/node_modules/.pnpm/puppeteer-core@24.25.0/node_modules/puppeteer-core/lib/esm/puppeteer/api/Page.js:567:20)
    at <anonymous> (/Users/grins/git/warcraft/wow-bis/scripts/process-quest-levels.ts:191:24)
    at fetchQuestRequiredLevel (/Users/grins/git/warcraft/wow-bis/scripts/process-quest-levels.ts:182:33)
    at processTicksAndRejections (native:7:39)
Full Error: {}
---
[2025-11-03T05:03:03.880Z] ERROR: Error fetching quest 1880 (attempt 4)
Message: Attempted to use detached Frame '03DAD367655A18147D7AE5A08EAEAA20'.
Stack: Error: Attempted to use detached Frame '03DAD367655A18147D7AE5A08EAEAA20'.
    at <anonymous> (/Users/grins/git/warcraft/wow-bis/node_modules/.pnpm/puppeteer-core@24.25.0/node_modules/puppeteer-core/lib/esm/puppeteer/util/decorators.js:99:27)
    at <anonymous> (/Users/grins/git/warcraft/wow-bis/node_modules/.pnpm/puppeteer-core@24.25.0/node_modules/puppeteer-core/lib/esm/puppeteer/api/Page.js:568:43)
    at goto (/Users/grins/git/warcraft/wow-bis/node_modules/.pnpm/puppeteer-core@24.25.0/node_modules/puppeteer-core/lib/esm/puppeteer/api/Page.js:567:20)
    at <anonymous> (/Users/grins/git/warcraft/wow-bis/scripts/process-quest-levels.ts:191:24)
    at fetchQuestRequiredLevel (/Users/grins/git/warcraft/wow-bis/scripts/process-quest-levels.ts:182:33)
    at processTicksAndRejections (native:7:39)
Full Error: {}
---
[2025-11-03T05:03:05.885Z] ERROR: Error fetching quest 1882 (attempt 1)
Message: Attempted to use detached Frame '03DAD367655A18147D7AE5A08EAEAA20'.
Stack: Error: Attempted to use detached Frame '03DAD367655A18147D7AE5A08EAEAA20'.
    at <anonymous> (/Users/grins/git/warcraft/wow-bis/node_modules/.pnpm/puppeteer-core@24.25.0/node_modules/puppeteer-core/lib/esm/puppeteer/util/decorators.js:99:27)
    at <anonymous> (/Users/grins/git/warcraft/wow-bis/node_modules/.pnpm/puppeteer-core@24.25.0/node_modules/puppeteer-core/lib/esm/puppeteer/api/Page.js:568:43)
    at goto (/Users/grins/git/warcraft/wow-bis/node_modules/.pnpm/puppeteer-core@24.25.0/node_modules/puppeteer-core/lib/esm/puppeteer/api/Page.js:567:20)
    at <anonymous> (/Users/grins/git/warcraft/wow-bis/scripts/process-quest-levels.ts:191:24)
    at fetchQuestRequiredLevel (/Users/grins/git/warcraft/wow-bis/scripts/process-quest-levels.ts:182:33)
    at <anonymous> (/Users/grins/git/warcraft/wow-bis/scripts/process-quest-levels.ts:386:42)
    at processTicksAndRejections (native:7:39)
Full Error: {}
---
[2025-11-03T05:03:10.889Z] ERROR: Error fetching quest 1882 (attempt 2)
Message: Attempted to use detached Frame '03DAD367655A18147D7AE5A08EAEAA20'.
Stack: Error: Attempted to use detached Frame '03DAD367655A18147D7AE5A08EAEAA20'.
    at <anonymous> (/Users/grins/git/warcraft/wow-bis/node_modules/.pnpm/puppeteer-core@24.25.0/node_modules/puppeteer-core/lib/esm/puppeteer/util/decorators.js:99:27)
    at <anonymous> (/Users/grins/git/warcraft/wow-bis/node_modules/.pnpm/puppeteer-core@24.25.0/node_modules/puppeteer-core/lib/esm/puppeteer/api/Page.js:568:43)
    at goto (/Users/grins/git/warcraft/wow-bis/node_modules/.pnpm/puppeteer-core@24.25.0/node_modules/puppeteer-core/lib/esm/puppeteer/api/Page.js:567:20)
    at <anonymous> (/Users/grins/git/warcraft/wow-bis/scripts/process-quest-levels.ts:191:24)
    at fetchQuestRequiredLevel (/Users/grins/git/warcraft/wow-bis/scripts/process-quest-levels.ts:182:33)
    at processTicksAndRejections (native:7:39)
Full Error: {}
---
[2025-11-03T05:03:17.893Z] ERROR: Error fetching quest 1882 (attempt 3)
Message: Attempted to use detached Frame '03DAD367655A18147D7AE5A08EAEAA20'.
Stack: Error: Attempted to use detached Frame '03DAD367655A18147D7AE5A08EAEAA20'.
    at <anonymous> (/Users/grins/git/warcraft/wow-bis/node_modules/.pnpm/puppeteer-core@24.25.0/node_modules/puppeteer-core/lib/esm/puppeteer/util/decorators.js:99:27)
    at <anonymous> (/Users/grins/git/warcraft/wow-bis/node_modules/.pnpm/puppeteer-core@24.25.0/node_modules/puppeteer-core/lib/esm/puppeteer/api/Page.js:568:43)
    at goto (/Users/grins/git/warcraft/wow-bis/node_modules/.pnpm/puppeteer-core@24.25.0/node_modules/puppeteer-core/lib/esm/puppeteer/api/Page.js:567:20)
    at <anonymous> (/Users/grins/git/warcraft/wow-bis/scripts/process-quest-levels.ts:191:24)
    at fetchQuestRequiredLevel (/Users/grins/git/warcraft/wow-bis/scripts/process-quest-levels.ts:182:33)
    at processTicksAndRejections (native:7:39)
Full Error: {}
---
[2025-11-03T05:18:07.525Z] ERROR: Error fetching quest 1882 (attempt 4)
Message: Attempted to use detached Frame '03DAD367655A18147D7AE5A08EAEAA20'.
Stack: Error: Attempted to use detached Frame '03DAD367655A18147D7AE5A08EAEAA20'.
    at <anonymous> (/Users/grins/git/warcraft/wow-bis/node_modules/.pnpm/puppeteer-core@24.25.0/node_modules/puppeteer-core/lib/esm/puppeteer/util/decorators.js:99:27)
    at <anonymous> (/Users/grins/git/warcraft/wow-bis/node_modules/.pnpm/puppeteer-core@24.25.0/node_modules/puppeteer-core/lib/esm/puppeteer/api/Page.js:568:43)
    at goto (/Users/grins/git/warcraft/wow-bis/node_modules/.pnpm/puppeteer-core@24.25.0/node_modules/puppeteer-core/lib/esm/puppeteer/api/Page.js:567:20)
    at <anonymous> (/Users/grins/git/warcraft/wow-bis/scripts/process-quest-levels.ts:191:24)
    at fetchQuestRequiredLevel (/Users/grins/git/warcraft/wow-bis/scripts/process-quest-levels.ts:182:33)
    at processTicksAndRejections (native:7:39)
Full Error: {}
---
[2025-11-03T05:18:09.529Z] ERROR: Error fetching quest 3129 (attempt 1)
Message: Attempted to use detached Frame '03DAD367655A18147D7AE5A08EAEAA20'.
Stack: Error: Attempted to use detached Frame '03DAD367655A18147D7AE5A08EAEAA20'.
    at <anonymous> (/Users/grins/git/warcraft/wow-bis/node_modules/.pnpm/puppeteer-core@24.25.0/node_modules/puppeteer-core/lib/esm/puppeteer/util/decorators.js:99:27)
    at <anonymous> (/Users/grins/git/warcraft/wow-bis/node_modules/.pnpm/puppeteer-core@24.25.0/node_modules/puppeteer-core/lib/esm/puppeteer/api/Page.js:568:43)
    at goto (/Users/grins/git/warcraft/wow-bis/node_modules/.pnpm/puppeteer-core@24.25.0/node_modules/puppeteer-core/lib/esm/puppeteer/api/Page.js:567:20)
    at <anonymous> (/Users/grins/git/warcraft/wow-bis/scripts/process-quest-levels.ts:191:24)
    at fetchQuestRequiredLevel (/Users/grins/git/warcraft/wow-bis/scripts/process-quest-levels.ts:182:33)
    at <anonymous> (/Users/grins/git/warcraft/wow-bis/scripts/process-quest-levels.ts:386:42)
    at processTicksAndRejections (native:7:39)
Full Error: {}
---
[2025-11-03T05:18:14.532Z] ERROR: Error fetching quest 3129 (attempt 2)
Message: Attempted to use detached Frame '03DAD367655A18147D7AE5A08EAEAA20'.
Stack: Error: Attempted to use detached Frame '03DAD367655A18147D7AE5A08EAEAA20'.
    at <anonymous> (/Users/grins/git/warcraft/wow-bis/node_modules/.pnpm/puppeteer-core@24.25.0/node_modules/puppeteer-core/lib/esm/puppeteer/util/decorators.js:99:27)
    at <anonymous> (/Users/grins/git/warcraft/wow-bis/node_modules/.pnpm/puppeteer-core@24.25.0/node_modules/puppeteer-core/lib/esm/puppeteer/api/Page.js:568:43)
    at goto (/Users/grins/git/warcraft/wow-bis/node_modules/.pnpm/puppeteer-core@24.25.0/node_modules/puppeteer-core/lib/esm/puppeteer/api/Page.js:567:20)
    at <anonymous> (/Users/grins/git/warcraft/wow-bis/scripts/process-quest-levels.ts:191:24)
    at fetchQuestRequiredLevel (/Users/grins/git/warcraft/wow-bis/scripts/process-quest-levels.ts:182:33)
    at processTicksAndRejections (native:7:39)
Full Error: {}
---
[2025-11-03T05:18:21.536Z] ERROR: Error fetching quest 3129 (attempt 3)
Message: Attempted to use detached Frame '03DAD367655A18147D7AE5A08EAEAA20'.
Stack: Error: Attempted to use detached Frame '03DAD367655A18147D7AE5A08EAEAA20'.
    at <anonymous> (/Users/grins/git/warcraft/wow-bis/node_modules/.pnpm/puppeteer-core@24.25.0/node_modules/puppeteer-core/lib/esm/puppeteer/util/decorators.js:99:27)
    at <anonymous> (/Users/grins/git/warcraft/wow-bis/node_modules/.pnpm/puppeteer-core@24.25.0/node_modules/puppeteer-core/lib/esm/puppeteer/api/Page.js:568:43)
    at goto (/Users/grins/git/warcraft/wow-bis/node_modules/.pnpm/puppeteer-core@24.25.0/node_modules/puppeteer-core/lib/esm/puppeteer/api/Page.js:567:20)
    at <anonymous> (/Users/grins/git/warcraft/wow-bis/scripts/process-quest-levels.ts:191:24)
    at fetchQuestRequiredLevel (/Users/grins/git/warcraft/wow-bis/scripts/process-quest-levels.ts:182:33)
    at processTicksAndRejections (native:7:39)
Full Error: {}
---
[2025-11-03T05:18:30.540Z] ERROR: Error fetching quest 3129 (attempt 4)
Message: Attempted to use detached Frame '03DAD367655A18147D7AE5A08EAEAA20'.
Stack: Error: Attempted to use detached Frame '03DAD367655A18147D7AE5A08EAEAA20'.
    at <anonymous> (/Users/grins/git/warcraft/wow-bis/node_modules/.pnpm/puppeteer-core@24.25.0/node_modules/puppeteer-core/lib/esm/puppeteer/util/decorators.js:99:27)
    at <anonymous> (/Users/grins/git/warcraft/wow-bis/node_modules/.pnpm/puppeteer-core@24.25.0/node_modules/puppeteer-core/lib/esm/puppeteer/api/Page.js:568:43)
    at goto (/Users/grins/git/warcraft/wow-bis/node_modules/.pnpm/puppeteer-core@24.25.0/node_modules/puppeteer-core/lib/esm/puppeteer/api/Page.js:567:20)
    at <anonymous> (/Users/grins/git/warcraft/wow-bis/scripts/process-quest-levels.ts:191:24)
    at fetchQuestRequiredLevel (/Users/grins/git/warcraft/wow-bis/scripts/process-quest-levels.ts:182:33)
    at processTicksAndRejections (native:7:39)
Full Error: {}
---
[2025-11-03T05:18:32.544Z] ERROR: Error fetching quest 8422 (attempt 1)
Message: Attempted to use detached Frame '03DAD367655A18147D7AE5A08EAEAA20'.
Stack: Error: Attempted to use detached Frame '03DAD367655A18147D7AE5A08EAEAA20'.
    at <anonymous> (/Users/grins/git/warcraft/wow-bis/node_modules/.pnpm/puppeteer-core@24.25.0/node_modules/puppeteer-core/lib/esm/puppeteer/util/decorators.js:99:27)
    at <anonymous> (/Users/grins/git/warcraft/wow-bis/node_modules/.pnpm/puppeteer-core@24.25.0/node_modules/puppeteer-core/lib/esm/puppeteer/api/Page.js:568:43)
    at goto (/Users/grins/git/warcraft/wow-bis/node_modules/.pnpm/puppeteer-core@24.25.0/node_modules/puppeteer-core/lib/esm/puppeteer/api/Page.js:567:20)
    at <anonymous> (/Users/grins/git/warcraft/wow-bis/scripts/process-quest-levels.ts:191:24)
    at fetchQuestRequiredLevel (/Users/grins/git/warcraft/wow-bis/scripts/process-quest-levels.ts:182:33)
    at <anonymous> (/Users/grins/git/warcraft/wow-bis/scripts/process-quest-levels.ts:386:42)
    at processTicksAndRejections (native:7:39)
Full Error: {}
---
[2025-11-03T05:18:37.546Z] ERROR: Error fetching quest 8422 (attempt 2)
Message: Attempted to use detached Frame '03DAD367655A18147D7AE5A08EAEAA20'.
Stack: Error: Attempted to use detached Frame '03DAD367655A18147D7AE5A08EAEAA20'.
    at <anonymous> (/Users/grins/git/warcraft/wow-bis/node_modules/.pnpm/puppeteer-core@24.25.0/node_modules/puppeteer-core/lib/esm/puppeteer/util/decorators.js:99:27)
    at <anonymous> (/Users/grins/git/warcraft/wow-bis/node_modules/.pnpm/puppeteer-core@24.25.0/node_modules/puppeteer-core/lib/esm/puppeteer/api/Page.js:568:43)
    at goto (/Users/grins/git/warcraft/wow-bis/node_modules/.pnpm/puppeteer-core@24.25.0/node_modules/puppeteer-core/lib/esm/puppeteer/api/Page.js:567:20)
    at <anonymous> (/Users/grins/git/warcraft/wow-bis/scripts/process-quest-levels.ts:191:24)
    at fetchQuestRequiredLevel (/Users/grins/git/warcraft/wow-bis/scripts/process-quest-levels.ts:182:33)
    at processTicksAndRejections (native:7:39)
Full Error: {}
---
[2025-11-03T05:18:44.550Z] ERROR: Error fetching quest 8422 (attempt 3)
Message: Attempted to use detached Frame '03DAD367655A18147D7AE5A08EAEAA20'.
Stack: Error: Attempted to use detached Frame '03DAD367655A18147D7AE5A08EAEAA20'.
    at <anonymous> (/Users/grins/git/warcraft/wow-bis/node_modules/.pnpm/puppeteer-core@24.25.0/node_modules/puppeteer-core/lib/esm/puppeteer/util/decorators.js:99:27)
    at <anonymous> (/Users/grins/git/warcraft/wow-bis/node_modules/.pnpm/puppeteer-core@24.25.0/node_modules/puppeteer-core/lib/esm/puppeteer/api/Page.js:568:43)
    at goto (/Users/grins/git/warcraft/wow-bis/node_modules/.pnpm/puppeteer-core@24.25.0/node_modules/puppeteer-core/lib/esm/puppeteer/api/Page.js:567:20)
    at <anonymous> (/Users/grins/git/warcraft/wow-bis/scripts/process-quest-levels.ts:191:24)
    at fetchQuestRequiredLevel (/Users/grins/git/warcraft/wow-bis/scripts/process-quest-levels.ts:182:33)
    at processTicksAndRejections (native:7:39)
Full Error: {}
---
[2025-11-03T05:18:53.553Z] ERROR: Error fetching quest 8422 (attempt 4)
Message: Attempted to use detached Frame '03DAD367655A18147D7AE5A08EAEAA20'.
Stack: Error: Attempted to use detached Frame '03DAD367655A18147D7AE5A08EAEAA20'.
    at <anonymous> (/Users/grins/git/warcraft/wow-bis/node_modules/.pnpm/puppeteer-core@24.25.0/node_modules/puppeteer-core/lib/esm/puppeteer/util/decorators.js:99:27)
    at <anonymous> (/Users/grins/git/warcraft/wow-bis/node_modules/.pnpm/puppeteer-core@24.25.0/node_modules/puppeteer-core/lib/esm/puppeteer/api/Page.js:568:43)
    at goto (/Users/grins/git/warcraft/wow-bis/node_modules/.pnpm/puppeteer-core@24.25.0/node_modules/puppeteer-core/lib/esm/puppeteer/api/Page.js:567:20)
    at <anonymous> (/Users/grins/git/warcraft/wow-bis/scripts/process-quest-levels.ts:191:24)
    at fetchQuestRequiredLevel (/Users/grins/git/warcraft/wow-bis/scripts/process-quest-levels.ts:182:33)
    at processTicksAndRejections (native:7:39)
Full Error: {}
---
[2025-11-03T05:33:25.367Z] ERROR: Error fetching quest 8413 (attempt 1)
Message: Attempted to use detached Frame '03DAD367655A18147D7AE5A08EAEAA20'.
Stack: Error: Attempted to use detached Frame '03DAD367655A18147D7AE5A08EAEAA20'.
    at <anonymous> (/Users/grins/git/warcraft/wow-bis/node_modules/.pnpm/puppeteer-core@24.25.0/node_modules/puppeteer-core/lib/esm/puppeteer/util/decorators.js:99:27)
    at <anonymous> (/Users/grins/git/warcraft/wow-bis/node_modules/.pnpm/puppeteer-core@24.25.0/node_modules/puppeteer-core/lib/esm/puppeteer/api/Page.js:568:43)
    at goto (/Users/grins/git/warcraft/wow-bis/node_modules/.pnpm/puppeteer-core@24.25.0/node_modules/puppeteer-core/lib/esm/puppeteer/api/Page.js:567:20)
    at <anonymous> (/Users/grins/git/warcraft/wow-bis/scripts/process-quest-levels.ts:191:24)
    at fetchQuestRequiredLevel (/Users/grins/git/warcraft/wow-bis/scripts/process-quest-levels.ts:182:33)
    at <anonymous> (/Users/grins/git/warcraft/wow-bis/scripts/process-quest-levels.ts:386:42)
    at processTicksAndRejections (native:7:39)
Full Error: {}
---
[2025-11-03T05:33:30.376Z] ERROR: Error fetching quest 8413 (attempt 2)
Message: Attempted to use detached Frame '03DAD367655A18147D7AE5A08EAEAA20'.
Stack: Error: Attempted to use detached Frame '03DAD367655A18147D7AE5A08EAEAA20'.
    at <anonymous> (/Users/grins/git/warcraft/wow-bis/node_modules/.pnpm/puppeteer-core@24.25.0/node_modules/puppeteer-core/lib/esm/puppeteer/util/decorators.js:99:27)
    at <anonymous> (/Users/grins/git/warcraft/wow-bis/node_modules/.pnpm/puppeteer-core@24.25.0/node_modules/puppeteer-core/lib/esm/puppeteer/api/Page.js:568:43)
    at goto (/Users/grins/git/warcraft/wow-bis/node_modules/.pnpm/puppeteer-core@24.25.0/node_modules/puppeteer-core/lib/esm/puppeteer/api/Page.js:567:20)
    at <anonymous> (/Users/grins/git/warcraft/wow-bis/scripts/process-quest-levels.ts:191:24)
    at fetchQuestRequiredLevel (/Users/grins/git/warcraft/wow-bis/scripts/process-quest-levels.ts:182:33)
    at processTicksAndRejections (native:7:39)
Full Error: {}
---
[2025-11-03T05:33:37.383Z] ERROR: Error fetching quest 8413 (attempt 3)
Message: Attempted to use detached Frame '03DAD367655A18147D7AE5A08EAEAA20'.
Stack: Error: Attempted to use detached Frame '03DAD367655A18147D7AE5A08EAEAA20'.
    at <anonymous> (/Users/grins/git/warcraft/wow-bis/node_modules/.pnpm/puppeteer-core@24.25.0/node_modules/puppeteer-core/lib/esm/puppeteer/util/decorators.js:99:27)
    at <anonymous> (/Users/grins/git/warcraft/wow-bis/node_modules/.pnpm/puppeteer-core@24.25.0/node_modules/puppeteer-core/lib/esm/puppeteer/api/Page.js:568:43)
    at goto (/Users/grins/git/warcraft/wow-bis/node_modules/.pnpm/puppeteer-core@24.25.0/node_modules/puppeteer-core/lib/esm/puppeteer/api/Page.js:567:20)
    at <anonymous> (/Users/grins/git/warcraft/wow-bis/scripts/process-quest-levels.ts:191:24)
    at fetchQuestRequiredLevel (/Users/grins/git/warcraft/wow-bis/scripts/process-quest-levels.ts:182:33)
    at processTicksAndRejections (native:7:39)
Full Error: {}
---
[2025-11-03T05:33:46.388Z] ERROR: Error fetching quest 8413 (attempt 4)
Message: Attempted to use detached Frame '03DAD367655A18147D7AE5A08EAEAA20'.
Stack: Error: Attempted to use detached Frame '03DAD367655A18147D7AE5A08EAEAA20'.
    at <anonymous> (/Users/grins/git/warcraft/wow-bis/node_modules/.pnpm/puppeteer-core@24.25.0/node_modules/puppeteer-core/lib/esm/puppeteer/util/decorators.js:99:27)
    at <anonymous> (/Users/grins/git/warcraft/wow-bis/node_modules/.pnpm/puppeteer-core@24.25.0/node_modules/puppeteer-core/lib/esm/puppeteer/api/Page.js:568:43)
    at goto (/Users/grins/git/warcraft/wow-bis/node_modules/.pnpm/puppeteer-core@24.25.0/node_modules/puppeteer-core/lib/esm/puppeteer/api/Page.js:567:20)
    at <anonymous> (/Users/grins/git/warcraft/wow-bis/scripts/process-quest-levels.ts:191:24)
    at fetchQuestRequiredLevel (/Users/grins/git/warcraft/wow-bis/scripts/process-quest-levels.ts:182:33)
    at processTicksAndRejections (native:7:39)
Full Error: {}
---
[2025-11-03T05:33:52.401Z] ERROR: Error fetching quest 80312 (attempt 1)
Message: Attempted to use detached Frame '03DAD367655A18147D7AE5A08EAEAA20'.
Stack: Error: Attempted to use detached Frame '03DAD367655A18147D7AE5A08EAEAA20'.
    at <anonymous> (/Users/grins/git/warcraft/wow-bis/node_modules/.pnpm/puppeteer-core@24.25.0/node_modules/puppeteer-core/lib/esm/puppeteer/util/decorators.js:99:27)
    at <anonymous> (/Users/grins/git/warcraft/wow-bis/node_modules/.pnpm/puppeteer-core@24.25.0/node_modules/puppeteer-core/lib/esm/puppeteer/api/Page.js:568:43)
    at goto (/Users/grins/git/warcraft/wow-bis/node_modules/.pnpm/puppeteer-core@24.25.0/node_modules/puppeteer-core/lib/esm/puppeteer/api/Page.js:567:20)
    at <anonymous> (/Users/grins/git/warcraft/wow-bis/scripts/process-quest-levels.ts:191:24)
    at fetchQuestRequiredLevel (/Users/grins/git/warcraft/wow-bis/scripts/process-quest-levels.ts:182:33)
    at <anonymous> (/Users/grins/git/warcraft/wow-bis/scripts/process-quest-levels.ts:386:42)
    at processTicksAndRejections (native:7:39)
Full Error: {}
---
[2025-11-03T05:33:57.405Z] ERROR: Error fetching quest 80312 (attempt 2)
Message: Attempted to use detached Frame '03DAD367655A18147D7AE5A08EAEAA20'.
Stack: Error: Attempted to use detached Frame '03DAD367655A18147D7AE5A08EAEAA20'.
    at <anonymous> (/Users/grins/git/warcraft/wow-bis/node_modules/.pnpm/puppeteer-core@24.25.0/node_modules/puppeteer-core/lib/esm/puppeteer/util/decorators.js:99:27)
    at <anonymous> (/Users/grins/git/warcraft/wow-bis/node_modules/.pnpm/puppeteer-core@24.25.0/node_modules/puppeteer-core/lib/esm/puppeteer/api/Page.js:568:43)
    at goto (/Users/grins/git/warcraft/wow-bis/node_modules/.pnpm/puppeteer-core@24.25.0/node_modules/puppeteer-core/lib/esm/puppeteer/api/Page.js:567:20)
    at <anonymous> (/Users/grins/git/warcraft/wow-bis/scripts/process-quest-levels.ts:191:24)
    at fetchQuestRequiredLevel (/Users/grins/git/warcraft/wow-bis/scripts/process-quest-levels.ts:182:33)
    at processTicksAndRejections (native:7:39)
Full Error: {}
---
[2025-11-03T05:34:04.407Z] ERROR: Error fetching quest 80312 (attempt 3)
Message: Attempted to use detached Frame '03DAD367655A18147D7AE5A08EAEAA20'.
Stack: Error: Attempted to use detached Frame '03DAD367655A18147D7AE5A08EAEAA20'.
    at <anonymous> (/Users/grins/git/warcraft/wow-bis/node_modules/.pnpm/puppeteer-core@24.25.0/node_modules/puppeteer-core/lib/esm/puppeteer/util/decorators.js:99:27)
    at <anonymous> (/Users/grins/git/warcraft/wow-bis/node_modules/.pnpm/puppeteer-core@24.25.0/node_modules/puppeteer-core/lib/esm/puppeteer/api/Page.js:568:43)
    at goto (/Users/grins/git/warcraft/wow-bis/node_modules/.pnpm/puppeteer-core@24.25.0/node_modules/puppeteer-core/lib/esm/puppeteer/api/Page.js:567:20)
    at <anonymous> (/Users/grins/git/warcraft/wow-bis/scripts/process-quest-levels.ts:191:24)
    at fetchQuestRequiredLevel (/Users/grins/git/warcraft/wow-bis/scripts/process-quest-levels.ts:182:33)
    at processTicksAndRejections (native:7:39)
Full Error: {}
---
[2025-11-03T05:34:13.411Z] ERROR: Error fetching quest 80312 (attempt 4)
Message: Attempted to use detached Frame '03DAD367655A18147D7AE5A08EAEAA20'.
Stack: Error: Attempted to use detached Frame '03DAD367655A18147D7AE5A08EAEAA20'.
    at <anonymous> (/Users/grins/git/warcraft/wow-bis/node_modules/.pnpm/puppeteer-core@24.25.0/node_modules/puppeteer-core/lib/esm/puppeteer/util/decorators.js:99:27)
    at <anonymous> (/Users/grins/git/warcraft/wow-bis/node_modules/.pnpm/puppeteer-core@24.25.0/node_modules/puppeteer-core/lib/esm/puppeteer/api/Page.js:568:43)
    at goto (/Users/grins/git/warcraft/wow-bis/node_modules/.pnpm/puppeteer-core@24.25.0/node_modules/puppeteer-core/lib/esm/puppeteer/api/Page.js:567:20)
    at <anonymous> (/Users/grins/git/warcraft/wow-bis/scripts/process-quest-levels.ts:191:24)
    at fetchQuestRequiredLevel (/Users/grins/git/warcraft/wow-bis/scripts/process-quest-levels.ts:182:33)
    at processTicksAndRejections (native:7:39)
Full Error: {}
---
[2025-11-03T05:34:17.418Z] ERROR: Error fetching quest 408 (attempt 1)
Message: Attempted to use detached Frame '03DAD367655A18147D7AE5A08EAEAA20'.
Stack: Error: Attempted to use detached Frame '03DAD367655A18147D7AE5A08EAEAA20'.
    at <anonymous> (/Users/grins/git/warcraft/wow-bis/node_modules/.pnpm/puppeteer-core@24.25.0/node_modules/puppeteer-core/lib/esm/puppeteer/util/decorators.js:99:27)
    at <anonymous> (/Users/grins/git/warcraft/wow-bis/node_modules/.pnpm/puppeteer-core@24.25.0/node_modules/puppeteer-core/lib/esm/puppeteer/api/Page.js:568:43)
    at goto (/Users/grins/git/warcraft/wow-bis/node_modules/.pnpm/puppeteer-core@24.25.0/node_modules/puppeteer-core/lib/esm/puppeteer/api/Page.js:567:20)
    at <anonymous> (/Users/grins/git/warcraft/wow-bis/scripts/process-quest-levels.ts:191:24)
    at fetchQuestRequiredLevel (/Users/grins/git/warcraft/wow-bis/scripts/process-quest-levels.ts:182:33)
    at <anonymous> (/Users/grins/git/warcraft/wow-bis/scripts/process-quest-levels.ts:386:42)
    at processTicksAndRejections (native:7:39)
Full Error: {}
---
[2025-11-03T05:34:22.421Z] ERROR: Error fetching quest 408 (attempt 2)
Message: Attempted to use detached Frame '03DAD367655A18147D7AE5A08EAEAA20'.
Stack: Error: Attempted to use detached Frame '03DAD367655A18147D7AE5A08EAEAA20'.
    at <anonymous> (/Users/grins/git/warcraft/wow-bis/node_modules/.pnpm/puppeteer-core@24.25.0/node_modules/puppeteer-core/lib/esm/puppeteer/util/decorators.js:99:27)
    at <anonymous> (/Users/grins/git/warcraft/wow-bis/node_modules/.pnpm/puppeteer-core@24.25.0/node_modules/puppeteer-core/lib/esm/puppeteer/api/Page.js:568:43)
    at goto (/Users/grins/git/warcraft/wow-bis/node_modules/.pnpm/puppeteer-core@24.25.0/node_modules/puppeteer-core/lib/esm/puppeteer/api/Page.js:567:20)
    at <anonymous> (/Users/grins/git/warcraft/wow-bis/scripts/process-quest-levels.ts:191:24)
    at fetchQuestRequiredLevel (/Users/grins/git/warcraft/wow-bis/scripts/process-quest-levels.ts:182:33)
    at processTicksAndRejections (native:7:39)
Full Error: {}
---
[2025-11-03T05:34:29.425Z] ERROR: Error fetching quest 408 (attempt 3)
Message: Attempted to use detached Frame '03DAD367655A18147D7AE5A08EAEAA20'.
Stack: Error: Attempted to use detached Frame '03DAD367655A18147D7AE5A08EAEAA20'.
    at <anonymous> (/Users/grins/git/warcraft/wow-bis/node_modules/.pnpm/puppeteer-core@24.25.0/node_modules/puppeteer-core/lib/esm/puppeteer/util/decorators.js:99:27)
    at <anonymous> (/Users/grins/git/warcraft/wow-bis/node_modules/.pnpm/puppeteer-core@24.25.0/node_modules/puppeteer-core/lib/esm/puppeteer/api/Page.js:568:43)
    at goto (/Users/grins/git/warcraft/wow-bis/node_modules/.pnpm/puppeteer-core@24.25.0/node_modules/puppeteer-core/lib/esm/puppeteer/api/Page.js:567:20)
    at <anonymous> (/Users/grins/git/warcraft/wow-bis/scripts/process-quest-levels.ts:191:24)
    at fetchQuestRequiredLevel (/Users/grins/git/warcraft/wow-bis/scripts/process-quest-levels.ts:182:33)
    at processTicksAndRejections (native:7:39)
Full Error: {}
---
[2025-11-03T05:34:38.428Z] ERROR: Error fetching quest 408 (attempt 4)
Message: Attempted to use detached Frame '03DAD367655A18147D7AE5A08EAEAA20'.
Stack: Error: Attempted to use detached Frame '03DAD367655A18147D7AE5A08EAEAA20'.
    at <anonymous> (/Users/grins/git/warcraft/wow-bis/node_modules/.pnpm/puppeteer-core@24.25.0/node_modules/puppeteer-core/lib/esm/puppeteer/util/decorators.js:99:27)
    at <anonymous> (/Users/grins/git/warcraft/wow-bis/node_modules/.pnpm/puppeteer-core@24.25.0/node_modules/puppeteer-core/lib/esm/puppeteer/api/Page.js:568:43)
    at goto (/Users/grins/git/warcraft/wow-bis/node_modules/.pnpm/puppeteer-core@24.25.0/node_modules/puppeteer-core/lib/esm/puppeteer/api/Page.js:567:20)
    at <anonymous> (/Users/grins/git/warcraft/wow-bis/scripts/process-quest-levels.ts:191:24)
    at fetchQuestRequiredLevel (/Users/grins/git/warcraft/wow-bis/scripts/process-quest-levels.ts:182:33)
    at processTicksAndRejections (native:7:39)
Full Error: {}
---
[2025-11-03T05:34:40.433Z] ERROR: Error fetching quest 480 (attempt 1)
Message: Attempted to use detached Frame '03DAD367655A18147D7AE5A08EAEAA20'.
Stack: Error: Attempted to use detached Frame '03DAD367655A18147D7AE5A08EAEAA20'.
    at <anonymous> (/Users/grins/git/warcraft/wow-bis/node_modules/.pnpm/puppeteer-core@24.25.0/node_modules/puppeteer-core/lib/esm/puppeteer/util/decorators.js:99:27)
    at <anonymous> (/Users/grins/git/warcraft/wow-bis/node_modules/.pnpm/puppeteer-core@24.25.0/node_modules/puppeteer-core/lib/esm/puppeteer/api/Page.js:568:43)
    at goto (/Users/grins/git/warcraft/wow-bis/node_modules/.pnpm/puppeteer-core@24.25.0/node_modules/puppeteer-core/lib/esm/puppeteer/api/Page.js:567:20)
    at <anonymous> (/Users/grins/git/warcraft/wow-bis/scripts/process-quest-levels.ts:191:24)
    at fetchQuestRequiredLevel (/Users/grins/git/warcraft/wow-bis/scripts/process-quest-levels.ts:182:33)
    at <anonymous> (/Users/grins/git/warcraft/wow-bis/scripts/process-quest-levels.ts:386:42)
    at processTicksAndRejections (native:7:39)
Full Error: {}
---
[2025-11-03T05:34:45.437Z] ERROR: Error fetching quest 480 (attempt 2)
Message: Attempted to use detached Frame '03DAD367655A18147D7AE5A08EAEAA20'.
Stack: Error: Attempted to use detached Frame '03DAD367655A18147D7AE5A08EAEAA20'.
    at <anonymous> (/Users/grins/git/warcraft/wow-bis/node_modules/.pnpm/puppeteer-core@24.25.0/node_modules/puppeteer-core/lib/esm/puppeteer/util/decorators.js:99:27)
    at <anonymous> (/Users/grins/git/warcraft/wow-bis/node_modules/.pnpm/puppeteer-core@24.25.0/node_modules/puppeteer-core/lib/esm/puppeteer/api/Page.js:568:43)
    at goto (/Users/grins/git/warcraft/wow-bis/node_modules/.pnpm/puppeteer-core@24.25.0/node_modules/puppeteer-core/lib/esm/puppeteer/api/Page.js:567:20)
    at <anonymous> (/Users/grins/git/warcraft/wow-bis/scripts/process-quest-levels.ts:191:24)
    at fetchQuestRequiredLevel (/Users/grins/git/warcraft/wow-bis/scripts/process-quest-levels.ts:182:33)
    at processTicksAndRejections (native:7:39)
Full Error: {}
---
[2025-11-03T05:34:52.440Z] ERROR: Error fetching quest 480 (attempt 3)
Message: Attempted to use detached Frame '03DAD367655A18147D7AE5A08EAEAA20'.
Stack: Error: Attempted to use detached Frame '03DAD367655A18147D7AE5A08EAEAA20'.
    at <anonymous> (/Users/grins/git/warcraft/wow-bis/node_modules/.pnpm/puppeteer-core@24.25.0/node_modules/puppeteer-core/lib/esm/puppeteer/util/decorators.js:99:27)
    at <anonymous> (/Users/grins/git/warcraft/wow-bis/node_modules/.pnpm/puppeteer-core@24.25.0/node_modules/puppeteer-core/lib/esm/puppeteer/api/Page.js:568:43)
    at goto (/Users/grins/git/warcraft/wow-bis/node_modules/.pnpm/puppeteer-core@24.25.0/node_modules/puppeteer-core/lib/esm/puppeteer/api/Page.js:567:20)
    at <anonymous> (/Users/grins/git/warcraft/wow-bis/scripts/process-quest-levels.ts:191:24)
    at fetchQuestRequiredLevel (/Users/grins/git/warcraft/wow-bis/scripts/process-quest-levels.ts:182:33)
    at processTicksAndRejections (native:7:39)
Full Error: {}
---
[2025-11-03T05:35:01.444Z] ERROR: Error fetching quest 480 (attempt 4)
Message: Attempted to use detached Frame '03DAD367655A18147D7AE5A08EAEAA20'.
Stack: Error: Attempted to use detached Frame '03DAD367655A18147D7AE5A08EAEAA20'.
    at <anonymous> (/Users/grins/git/warcraft/wow-bis/node_modules/.pnpm/puppeteer-core@24.25.0/node_modules/puppeteer-core/lib/esm/puppeteer/util/decorators.js:99:27)
    at <anonymous> (/Users/grins/git/warcraft/wow-bis/node_modules/.pnpm/puppeteer-core@24.25.0/node_modules/puppeteer-core/lib/esm/puppeteer/api/Page.js:568:43)
    at goto (/Users/grins/git/warcraft/wow-bis/node_modules/.pnpm/puppeteer-core@24.25.0/node_modules/puppeteer-core/lib/esm/puppeteer/api/Page.js:567:20)
    at <anonymous> (/Users/grins/git/warcraft/wow-bis/scripts/process-quest-levels.ts:191:24)
    at fetchQuestRequiredLevel (/Users/grins/git/warcraft/wow-bis/scripts/process-quest-levels.ts:182:33)
    at processTicksAndRejections (native:7:39)
Full Error: {}
---
[2025-11-03T05:35:03.449Z] ERROR: Error fetching quest 853 (attempt 1)
Message: Attempted to use detached Frame '03DAD367655A18147D7AE5A08EAEAA20'.
Stack: Error: Attempted to use detached Frame '03DAD367655A18147D7AE5A08EAEAA20'.
    at <anonymous> (/Users/grins/git/warcraft/wow-bis/node_modules/.pnpm/puppeteer-core@24.25.0/node_modules/puppeteer-core/lib/esm/puppeteer/util/decorators.js:99:27)
    at <anonymous> (/Users/grins/git/warcraft/wow-bis/node_modules/.pnpm/puppeteer-core@24.25.0/node_modules/puppeteer-core/lib/esm/puppeteer/api/Page.js:568:43)
    at goto (/Users/grins/git/warcraft/wow-bis/node_modules/.pnpm/puppeteer-core@24.25.0/node_modules/puppeteer-core/lib/esm/puppeteer/api/Page.js:567:20)
    at <anonymous> (/Users/grins/git/warcraft/wow-bis/scripts/process-quest-levels.ts:191:24)
    at fetchQuestRequiredLevel (/Users/grins/git/warcraft/wow-bis/scripts/process-quest-levels.ts:182:33)
    at <anonymous> (/Users/grins/git/warcraft/wow-bis/scripts/process-quest-levels.ts:386:42)
    at processTicksAndRejections (native:7:39)
Full Error: {}
---
[2025-11-03T05:35:08.453Z] ERROR: Error fetching quest 853 (attempt 2)
Message: Attempted to use detached Frame '03DAD367655A18147D7AE5A08EAEAA20'.
Stack: Error: Attempted to use detached Frame '03DAD367655A18147D7AE5A08EAEAA20'.
    at <anonymous> (/Users/grins/git/warcraft/wow-bis/node_modules/.pnpm/puppeteer-core@24.25.0/node_modules/puppeteer-core/lib/esm/puppeteer/util/decorators.js:99:27)
    at <anonymous> (/Users/grins/git/warcraft/wow-bis/node_modules/.pnpm/puppeteer-core@24.25.0/node_modules/puppeteer-core/lib/esm/puppeteer/api/Page.js:568:43)
    at goto (/Users/grins/git/warcraft/wow-bis/node_modules/.pnpm/puppeteer-core@24.25.0/node_modules/puppeteer-core/lib/esm/puppeteer/api/Page.js:567:20)
    at <anonymous> (/Users/grins/git/warcraft/wow-bis/scripts/process-quest-levels.ts:191:24)
    at fetchQuestRequiredLevel (/Users/grins/git/warcraft/wow-bis/scripts/process-quest-levels.ts:182:33)
    at processTicksAndRejections (native:7:39)
Full Error: {}
---
[2025-11-03T05:35:15.456Z] ERROR: Error fetching quest 853 (attempt 3)
Message: Attempted to use detached Frame '03DAD367655A18147D7AE5A08EAEAA20'.
Stack: Error: Attempted to use detached Frame '03DAD367655A18147D7AE5A08EAEAA20'.
    at <anonymous> (/Users/grins/git/warcraft/wow-bis/node_modules/.pnpm/puppeteer-core@24.25.0/node_modules/puppeteer-core/lib/esm/puppeteer/util/decorators.js:99:27)
    at <anonymous> (/Users/grins/git/warcraft/wow-bis/node_modules/.pnpm/puppeteer-core@24.25.0/node_modules/puppeteer-core/lib/esm/puppeteer/api/Page.js:568:43)
    at goto (/Users/grins/git/warcraft/wow-bis/node_modules/.pnpm/puppeteer-core@24.25.0/node_modules/puppeteer-core/lib/esm/puppeteer/api/Page.js:567:20)
    at <anonymous> (/Users/grins/git/warcraft/wow-bis/scripts/process-quest-levels.ts:191:24)
    at fetchQuestRequiredLevel (/Users/grins/git/warcraft/wow-bis/scripts/process-quest-levels.ts:182:33)
    at processTicksAndRejections (native:7:39)
Full Error: {}
---
[2025-11-03T05:35:24.460Z] ERROR: Error fetching quest 853 (attempt 4)
Message: Attempted to use detached Frame '03DAD367655A18147D7AE5A08EAEAA20'.
Stack: Error: Attempted to use detached Frame '03DAD367655A18147D7AE5A08EAEAA20'.
    at <anonymous> (/Users/grins/git/warcraft/wow-bis/node_modules/.pnpm/puppeteer-core@24.25.0/node_modules/puppeteer-core/lib/esm/puppeteer/util/decorators.js:99:27)
    at <anonymous> (/Users/grins/git/warcraft/wow-bis/node_modules/.pnpm/puppeteer-core@24.25.0/node_modules/puppeteer-core/lib/esm/puppeteer/api/Page.js:568:43)
    at goto (/Users/grins/git/warcraft/wow-bis/node_modules/.pnpm/puppeteer-core@24.25.0/node_modules/puppeteer-core/lib/esm/puppeteer/api/Page.js:567:20)
    at <anonymous> (/Users/grins/git/warcraft/wow-bis/scripts/process-quest-levels.ts:191:24)
    at fetchQuestRequiredLevel (/Users/grins/git/warcraft/wow-bis/scripts/process-quest-levels.ts:182:33)
    at processTicksAndRejections (native:7:39)
Full Error: {}
---
[2025-11-03T05:35:26.463Z] ERROR: Error fetching quest 41182 (attempt 1)
Message: Attempted to use detached Frame '03DAD367655A18147D7AE5A08EAEAA20'.
Stack: Error: Attempted to use detached Frame '03DAD367655A18147D7AE5A08EAEAA20'.
    at <anonymous> (/Users/grins/git/warcraft/wow-bis/node_modules/.pnpm/puppeteer-core@24.25.0/node_modules/puppeteer-core/lib/esm/puppeteer/util/decorators.js:99:27)
    at <anonymous> (/Users/grins/git/warcraft/wow-bis/node_modules/.pnpm/puppeteer-core@24.25.0/node_modules/puppeteer-core/lib/esm/puppeteer/api/Page.js:568:43)
    at goto (/Users/grins/git/warcraft/wow-bis/node_modules/.pnpm/puppeteer-core@24.25.0/node_modules/puppeteer-core/lib/esm/puppeteer/api/Page.js:567:20)
    at <anonymous> (/Users/grins/git/warcraft/wow-bis/scripts/process-quest-levels.ts:191:24)
    at fetchQuestRequiredLevel (/Users/grins/git/warcraft/wow-bis/scripts/process-quest-levels.ts:182:33)
    at <anonymous> (/Users/grins/git/warcraft/wow-bis/scripts/process-quest-levels.ts:386:42)
    at processTicksAndRejections (native:7:39)
Full Error: {}
---
[2025-11-03T05:35:31.466Z] ERROR: Error fetching quest 41182 (attempt 2)
Message: Attempted to use detached Frame '03DAD367655A18147D7AE5A08EAEAA20'.
Stack: Error: Attempted to use detached Frame '03DAD367655A18147D7AE5A08EAEAA20'.
    at <anonymous> (/Users/grins/git/warcraft/wow-bis/node_modules/.pnpm/puppeteer-core@24.25.0/node_modules/puppeteer-core/lib/esm/puppeteer/util/decorators.js:99:27)
    at <anonymous> (/Users/grins/git/warcraft/wow-bis/node_modules/.pnpm/puppeteer-core@24.25.0/node_modules/puppeteer-core/lib/esm/puppeteer/api/Page.js:568:43)
    at goto (/Users/grins/git/warcraft/wow-bis/node_modules/.pnpm/puppeteer-core@24.25.0/node_modules/puppeteer-core/lib/esm/puppeteer/api/Page.js:567:20)
    at <anonymous> (/Users/grins/git/warcraft/wow-bis/scripts/process-quest-levels.ts:191:24)
    at fetchQuestRequiredLevel (/Users/grins/git/warcraft/wow-bis/scripts/process-quest-levels.ts:182:33)
    at processTicksAndRejections (native:7:39)
Full Error: {}
---
[2025-11-03T05:35:48.250Z] ERROR: Error fetching quest 41182 (attempt 3)
Message: Attempted to use detached Frame '03DAD367655A18147D7AE5A08EAEAA20'.
Stack: Error: Attempted to use detached Frame '03DAD367655A18147D7AE5A08EAEAA20'.
    at <anonymous> (/Users/grins/git/warcraft/wow-bis/node_modules/.pnpm/puppeteer-core@24.25.0/node_modules/puppeteer-core/lib/esm/puppeteer/util/decorators.js:99:27)
    at <anonymous> (/Users/grins/git/warcraft/wow-bis/node_modules/.pnpm/puppeteer-core@24.25.0/node_modules/puppeteer-core/lib/esm/puppeteer/api/Page.js:568:43)
    at goto (/Users/grins/git/warcraft/wow-bis/node_modules/.pnpm/puppeteer-core@24.25.0/node_modules/puppeteer-core/lib/esm/puppeteer/api/Page.js:567:20)
    at <anonymous> (/Users/grins/git/warcraft/wow-bis/scripts/process-quest-levels.ts:191:24)
    at fetchQuestRequiredLevel (/Users/grins/git/warcraft/wow-bis/scripts/process-quest-levels.ts:182:33)
    at processTicksAndRejections (native:7:39)
Full Error: {}
---
[2025-11-03T05:35:57.380Z] ERROR: Error fetching quest 41182 (attempt 4)
Message: Attempted to use detached Frame '03DAD367655A18147D7AE5A08EAEAA20'.
Stack: Error: Attempted to use detached Frame '03DAD367655A18147D7AE5A08EAEAA20'.
    at <anonymous> (/Users/grins/git/warcraft/wow-bis/node_modules/.pnpm/puppeteer-core@24.25.0/node_modules/puppeteer-core/lib/esm/puppeteer/util/decorators.js:99:27)
    at <anonymous> (/Users/grins/git/warcraft/wow-bis/node_modules/.pnpm/puppeteer-core@24.25.0/node_modules/puppeteer-core/lib/esm/puppeteer/api/Page.js:568:43)
    at goto (/Users/grins/git/warcraft/wow-bis/node_modules/.pnpm/puppeteer-core@24.25.0/node_modules/puppeteer-core/lib/esm/puppeteer/api/Page.js:567:20)
    at <anonymous> (/Users/grins/git/warcraft/wow-bis/scripts/process-quest-levels.ts:191:24)
    at fetchQuestRequiredLevel (/Users/grins/git/warcraft/wow-bis/scripts/process-quest-levels.ts:182:33)
    at processTicksAndRejections (native:7:39)
Full Error: {}
---
[2025-11-03T05:35:59.383Z] ERROR: Error fetching quest 1884 (attempt 1)
Message: Attempted to use detached Frame '03DAD367655A18147D7AE5A08EAEAA20'.
Stack: Error: Attempted to use detached Frame '03DAD367655A18147D7AE5A08EAEAA20'.
    at <anonymous> (/Users/grins/git/warcraft/wow-bis/node_modules/.pnpm/puppeteer-core@24.25.0/node_modules/puppeteer-core/lib/esm/puppeteer/util/decorators.js:99:27)
    at <anonymous> (/Users/grins/git/warcraft/wow-bis/node_modules/.pnpm/puppeteer-core@24.25.0/node_modules/puppeteer-core/lib/esm/puppeteer/api/Page.js:568:43)
    at goto (/Users/grins/git/warcraft/wow-bis/node_modules/.pnpm/puppeteer-core@24.25.0/node_modules/puppeteer-core/lib/esm/puppeteer/api/Page.js:567:20)
    at <anonymous> (/Users/grins/git/warcraft/wow-bis/scripts/process-quest-levels.ts:191:24)
    at fetchQuestRequiredLevel (/Users/grins/git/warcraft/wow-bis/scripts/process-quest-levels.ts:182:33)
    at <anonymous> (/Users/grins/git/warcraft/wow-bis/scripts/process-quest-levels.ts:386:42)
    at processTicksAndRejections (native:7:39)
Full Error: {}
---
[2025-11-03T05:36:04.386Z] ERROR: Error fetching quest 1884 (attempt 2)
Message: Attempted to use detached Frame '03DAD367655A18147D7AE5A08EAEAA20'.
Stack: Error: Attempted to use detached Frame '03DAD367655A18147D7AE5A08EAEAA20'.
    at <anonymous> (/Users/grins/git/warcraft/wow-bis/node_modules/.pnpm/puppeteer-core@24.25.0/node_modules/puppeteer-core/lib/esm/puppeteer/util/decorators.js:99:27)
    at <anonymous> (/Users/grins/git/warcraft/wow-bis/node_modules/.pnpm/puppeteer-core@24.25.0/node_modules/puppeteer-core/lib/esm/puppeteer/api/Page.js:568:43)
    at goto (/Users/grins/git/warcraft/wow-bis/node_modules/.pnpm/puppeteer-core@24.25.0/node_modules/puppeteer-core/lib/esm/puppeteer/api/Page.js:567:20)
    at <anonymous> (/Users/grins/git/warcraft/wow-bis/scripts/process-quest-levels.ts:191:24)
    at fetchQuestRequiredLevel (/Users/grins/git/warcraft/wow-bis/scripts/process-quest-levels.ts:182:33)
    at processTicksAndRejections (native:7:39)
Full Error: {}
---
[2025-11-03T05:36:11.390Z] ERROR: Error fetching quest 1884 (attempt 3)
Message: Attempted to use detached Frame '03DAD367655A18147D7AE5A08EAEAA20'.
Stack: Error: Attempted to use detached Frame '03DAD367655A18147D7AE5A08EAEAA20'.
    at <anonymous> (/Users/grins/git/warcraft/wow-bis/node_modules/.pnpm/puppeteer-core@24.25.0/node_modules/puppeteer-core/lib/esm/puppeteer/util/decorators.js:99:27)
    at <anonymous> (/Users/grins/git/warcraft/wow-bis/node_modules/.pnpm/puppeteer-core@24.25.0/node_modules/puppeteer-core/lib/esm/puppeteer/api/Page.js:568:43)
    at goto (/Users/grins/git/warcraft/wow-bis/node_modules/.pnpm/puppeteer-core@24.25.0/node_modules/puppeteer-core/lib/esm/puppeteer/api/Page.js:567:20)
    at <anonymous> (/Users/grins/git/warcraft/wow-bis/scripts/process-quest-levels.ts:191:24)
    at fetchQuestRequiredLevel (/Users/grins/git/warcraft/wow-bis/scripts/process-quest-levels.ts:182:33)
    at processTicksAndRejections (native:7:39)
Full Error: {}
---
[2025-11-03T05:36:20.393Z] ERROR: Error fetching quest 1884 (attempt 4)
Message: Attempted to use detached Frame '03DAD367655A18147D7AE5A08EAEAA20'.
Stack: Error: Attempted to use detached Frame '03DAD367655A18147D7AE5A08EAEAA20'.
    at <anonymous> (/Users/grins/git/warcraft/wow-bis/node_modules/.pnpm/puppeteer-core@24.25.0/node_modules/puppeteer-core/lib/esm/puppeteer/util/decorators.js:99:27)
    at <anonymous> (/Users/grins/git/warcraft/wow-bis/node_modules/.pnpm/puppeteer-core@24.25.0/node_modules/puppeteer-core/lib/esm/puppeteer/api/Page.js:568:43)
    at goto (/Users/grins/git/warcraft/wow-bis/node_modules/.pnpm/puppeteer-core@24.25.0/node_modules/puppeteer-core/lib/esm/puppeteer/api/Page.js:567:20)
    at <anonymous> (/Users/grins/git/warcraft/wow-bis/scripts/process-quest-levels.ts:191:24)
    at fetchQuestRequiredLevel (/Users/grins/git/warcraft/wow-bis/scripts/process-quest-levels.ts:182:33)
    at processTicksAndRejections (native:7:39)
Full Error: {}
---
[2025-11-03T05:36:22.397Z] ERROR: Error fetching quest 1861 (attempt 1)
Message: Attempted to use detached Frame '03DAD367655A18147D7AE5A08EAEAA20'.
Stack: Error: Attempted to use detached Frame '03DAD367655A18147D7AE5A08EAEAA20'.
    at <anonymous> (/Users/grins/git/warcraft/wow-bis/node_modules/.pnpm/puppeteer-core@24.25.0/node_modules/puppeteer-core/lib/esm/puppeteer/util/decorators.js:99:27)
    at <anonymous> (/Users/grins/git/warcraft/wow-bis/node_modules/.pnpm/puppeteer-core@24.25.0/node_modules/puppeteer-core/lib/esm/puppeteer/api/Page.js:568:43)
    at goto (/Users/grins/git/warcraft/wow-bis/node_modules/.pnpm/puppeteer-core@24.25.0/node_modules/puppeteer-core/lib/esm/puppeteer/api/Page.js:567:20)
    at <anonymous> (/Users/grins/git/warcraft/wow-bis/scripts/process-quest-levels.ts:191:24)
    at fetchQuestRequiredLevel (/Users/grins/git/warcraft/wow-bis/scripts/process-quest-levels.ts:182:33)
    at <anonymous> (/Users/grins/git/warcraft/wow-bis/scripts/process-quest-levels.ts:386:42)
    at processTicksAndRejections (native:7:39)
Full Error: {}
---
[2025-11-03T05:36:27.400Z] ERROR: Error fetching quest 1861 (attempt 2)
Message: Attempted to use detached Frame '03DAD367655A18147D7AE5A08EAEAA20'.
Stack: Error: Attempted to use detached Frame '03DAD367655A18147D7AE5A08EAEAA20'.
    at <anonymous> (/Users/grins/git/warcraft/wow-bis/node_modules/.pnpm/puppeteer-core@24.25.0/node_modules/puppeteer-core/lib/esm/puppeteer/util/decorators.js:99:27)
    at <anonymous> (/Users/grins/git/warcraft/wow-bis/node_modules/.pnpm/puppeteer-core@24.25.0/node_modules/puppeteer-core/lib/esm/puppeteer/api/Page.js:568:43)
    at goto (/Users/grins/git/warcraft/wow-bis/node_modules/.pnpm/puppeteer-core@24.25.0/node_modules/puppeteer-core/lib/esm/puppeteer/api/Page.js:567:20)
    at <anonymous> (/Users/grins/git/warcraft/wow-bis/scripts/process-quest-levels.ts:191:24)
    at fetchQuestRequiredLevel (/Users/grins/git/warcraft/wow-bis/scripts/process-quest-levels.ts:182:33)
    at processTicksAndRejections (native:7:39)
Full Error: {}
---
[2025-11-03T05:36:34.404Z] ERROR: Error fetching quest 1861 (attempt 3)
Message: Attempted to use detached Frame '03DAD367655A18147D7AE5A08EAEAA20'.
Stack: Error: Attempted to use detached Frame '03DAD367655A18147D7AE5A08EAEAA20'.
    at <anonymous> (/Users/grins/git/warcraft/wow-bis/node_modules/.pnpm/puppeteer-core@24.25.0/node_modules/puppeteer-core/lib/esm/puppeteer/util/decorators.js:99:27)
    at <anonymous> (/Users/grins/git/warcraft/wow-bis/node_modules/.pnpm/puppeteer-core@24.25.0/node_modules/puppeteer-core/lib/esm/puppeteer/api/Page.js:568:43)
    at goto (/Users/grins/git/warcraft/wow-bis/node_modules/.pnpm/puppeteer-core@24.25.0/node_modules/puppeteer-core/lib/esm/puppeteer/api/Page.js:567:20)
    at <anonymous> (/Users/grins/git/warcraft/wow-bis/scripts/process-quest-levels.ts:191:24)
    at fetchQuestRequiredLevel (/Users/grins/git/warcraft/wow-bis/scripts/process-quest-levels.ts:182:33)
    at processTicksAndRejections (native:7:39)
Full Error: {}
---
[2025-11-03T05:36:43.408Z] ERROR: Error fetching quest 1861 (attempt 4)
Message: Attempted to use detached Frame '03DAD367655A18147D7AE5A08EAEAA20'.
Stack: Error: Attempted to use detached Frame '03DAD367655A18147D7AE5A08EAEAA20'.
    at <anonymous> (/Users/grins/git/warcraft/wow-bis/node_modules/.pnpm/puppeteer-core@24.25.0/node_modules/puppeteer-core/lib/esm/puppeteer/util/decorators.js:99:27)
    at <anonymous> (/Users/grins/git/warcraft/wow-bis/node_modules/.pnpm/puppeteer-core@24.25.0/node_modules/puppeteer-core/lib/esm/puppeteer/api/Page.js:568:43)
    at goto (/Users/grins/git/warcraft/wow-bis/node_modules/.pnpm/puppeteer-core@24.25.0/node_modules/puppeteer-core/lib/esm/puppeteer/api/Page.js:567:20)
    at <anonymous> (/Users/grins/git/warcraft/wow-bis/scripts/process-quest-levels.ts:191:24)
    at fetchQuestRequiredLevel (/Users/grins/git/warcraft/wow-bis/scripts/process-quest-levels.ts:182:33)
    at processTicksAndRejections (native:7:39)
Full Error: {}
---
[2025-11-03T05:36:47.417Z] ERROR: Error fetching quest 8306 (attempt 1)
Message: Attempted to use detached Frame '03DAD367655A18147D7AE5A08EAEAA20'.
Stack: Error: Attempted to use detached Frame '03DAD367655A18147D7AE5A08EAEAA20'.
    at <anonymous> (/Users/grins/git/warcraft/wow-bis/node_modules/.pnpm/puppeteer-core@24.25.0/node_modules/puppeteer-core/lib/esm/puppeteer/util/decorators.js:99:27)
    at <anonymous> (/Users/grins/git/warcraft/wow-bis/node_modules/.pnpm/puppeteer-core@24.25.0/node_modules/puppeteer-core/lib/esm/puppeteer/api/Page.js:568:43)
    at goto (/Users/grins/git/warcraft/wow-bis/node_modules/.pnpm/puppeteer-core@24.25.0/node_modules/puppeteer-core/lib/esm/puppeteer/api/Page.js:567:20)
    at <anonymous> (/Users/grins/git/warcraft/wow-bis/scripts/process-quest-levels.ts:191:24)
    at fetchQuestRequiredLevel (/Users/grins/git/warcraft/wow-bis/scripts/process-quest-levels.ts:182:33)
    at <anonymous> (/Users/grins/git/warcraft/wow-bis/scripts/process-quest-levels.ts:386:42)
    at processTicksAndRejections (native:7:39)
Full Error: {}
---
[2025-11-03T05:36:52.423Z] ERROR: Error fetching quest 8306 (attempt 2)
Message: Attempted to use detached Frame '03DAD367655A18147D7AE5A08EAEAA20'.
Stack: Error: Attempted to use detached Frame '03DAD367655A18147D7AE5A08EAEAA20'.
    at <anonymous> (/Users/grins/git/warcraft/wow-bis/node_modules/.pnpm/puppeteer-core@24.25.0/node_modules/puppeteer-core/lib/esm/puppeteer/util/decorators.js:99:27)
    at <anonymous> (/Users/grins/git/warcraft/wow-bis/node_modules/.pnpm/puppeteer-core@24.25.0/node_modules/puppeteer-core/lib/esm/puppeteer/api/Page.js:568:43)
    at goto (/Users/grins/git/warcraft/wow-bis/node_modules/.pnpm/puppeteer-core@24.25.0/node_modules/puppeteer-core/lib/esm/puppeteer/api/Page.js:567:20)
    at <anonymous> (/Users/grins/git/warcraft/wow-bis/scripts/process-quest-levels.ts:191:24)
    at fetchQuestRequiredLevel (/Users/grins/git/warcraft/wow-bis/scripts/process-quest-levels.ts:182:33)
    at processTicksAndRejections (native:7:39)
Full Error: {}
---
[2025-11-03T05:36:59.427Z] ERROR: Error fetching quest 8306 (attempt 3)
Message: Attempted to use detached Frame '03DAD367655A18147D7AE5A08EAEAA20'.
Stack: Error: Attempted to use detached Frame '03DAD367655A18147D7AE5A08EAEAA20'.
    at <anonymous> (/Users/grins/git/warcraft/wow-bis/node_modules/.pnpm/puppeteer-core@24.25.0/node_modules/puppeteer-core/lib/esm/puppeteer/util/decorators.js:99:27)
    at <anonymous> (/Users/grins/git/warcraft/wow-bis/node_modules/.pnpm/puppeteer-core@24.25.0/node_modules/puppeteer-core/lib/esm/puppeteer/api/Page.js:568:43)
    at goto (/Users/grins/git/warcraft/wow-bis/node_modules/.pnpm/puppeteer-core@24.25.0/node_modules/puppeteer-core/lib/esm/puppeteer/api/Page.js:567:20)
    at <anonymous> (/Users/grins/git/warcraft/wow-bis/scripts/process-quest-levels.ts:191:24)
    at fetchQuestRequiredLevel (/Users/grins/git/warcraft/wow-bis/scripts/process-quest-levels.ts:182:33)
    at processTicksAndRejections (native:7:39)
Full Error: {}
---
[2025-11-03T05:37:08.430Z] ERROR: Error fetching quest 8306 (attempt 4)
Message: Attempted to use detached Frame '03DAD367655A18147D7AE5A08EAEAA20'.
Stack: Error: Attempted to use detached Frame '03DAD367655A18147D7AE5A08EAEAA20'.
    at <anonymous> (/Users/grins/git/warcraft/wow-bis/node_modules/.pnpm/puppeteer-core@24.25.0/node_modules/puppeteer-core/lib/esm/puppeteer/util/decorators.js:99:27)
    at <anonymous> (/Users/grins/git/warcraft/wow-bis/node_modules/.pnpm/puppeteer-core@24.25.0/node_modules/puppeteer-core/lib/esm/puppeteer/api/Page.js:568:43)
    at goto (/Users/grins/git/warcraft/wow-bis/node_modules/.pnpm/puppeteer-core@24.25.0/node_modules/puppeteer-core/lib/esm/puppeteer/api/Page.js:567:20)
    at <anonymous> (/Users/grins/git/warcraft/wow-bis/scripts/process-quest-levels.ts:191:24)
    at fetchQuestRequiredLevel (/Users/grins/git/warcraft/wow-bis/scripts/process-quest-levels.ts:182:33)
    at processTicksAndRejections (native:7:39)
Full Error: {}
---
[2025-11-03T05:37:12.440Z] ERROR: Error fetching quest 40121 (attempt 1)
Message: Attempted to use detached Frame '03DAD367655A18147D7AE5A08EAEAA20'.
Stack: Error: Attempted to use detached Frame '03DAD367655A18147D7AE5A08EAEAA20'.
    at <anonymous> (/Users/grins/git/warcraft/wow-bis/node_modules/.pnpm/puppeteer-core@24.25.0/node_modules/puppeteer-core/lib/esm/puppeteer/util/decorators.js:99:27)
    at <anonymous> (/Users/grins/git/warcraft/wow-bis/node_modules/.pnpm/puppeteer-core@24.25.0/node_modules/puppeteer-core/lib/esm/puppeteer/api/Page.js:568:43)
    at goto (/Users/grins/git/warcraft/wow-bis/node_modules/.pnpm/puppeteer-core@24.25.0/node_modules/puppeteer-core/lib/esm/puppeteer/api/Page.js:567:20)
    at <anonymous> (/Users/grins/git/warcraft/wow-bis/scripts/process-quest-levels.ts:191:24)
    at fetchQuestRequiredLevel (/Users/grins/git/warcraft/wow-bis/scripts/process-quest-levels.ts:182:33)
    at <anonymous> (/Users/grins/git/warcraft/wow-bis/scripts/process-quest-levels.ts:386:42)
    at processTicksAndRejections (native:7:39)
Full Error: {}
---
[2025-11-03T05:37:17.444Z] ERROR: Error fetching quest 40121 (attempt 2)
Message: Attempted to use detached Frame '03DAD367655A18147D7AE5A08EAEAA20'.
Stack: Error: Attempted to use detached Frame '03DAD367655A18147D7AE5A08EAEAA20'.
    at <anonymous> (/Users/grins/git/warcraft/wow-bis/node_modules/.pnpm/puppeteer-core@24.25.0/node_modules/puppeteer-core/lib/esm/puppeteer/util/decorators.js:99:27)
    at <anonymous> (/Users/grins/git/warcraft/wow-bis/node_modules/.pnpm/puppeteer-core@24.25.0/node_modules/puppeteer-core/lib/esm/puppeteer/api/Page.js:568:43)
    at goto (/Users/grins/git/warcraft/wow-bis/node_modules/.pnpm/puppeteer-core@24.25.0/node_modules/puppeteer-core/lib/esm/puppeteer/api/Page.js:567:20)
    at <anonymous> (/Users/grins/git/warcraft/wow-bis/scripts/process-quest-levels.ts:191:24)
    at fetchQuestRequiredLevel (/Users/grins/git/warcraft/wow-bis/scripts/process-quest-levels.ts:182:33)
    at processTicksAndRejections (native:7:39)
Full Error: {}
---
[2025-11-03T05:37:24.447Z] ERROR: Error fetching quest 40121 (attempt 3)
Message: Attempted to use detached Frame '03DAD367655A18147D7AE5A08EAEAA20'.
Stack: Error: Attempted to use detached Frame '03DAD367655A18147D7AE5A08EAEAA20'.
    at <anonymous> (/Users/grins/git/warcraft/wow-bis/node_modules/.pnpm/puppeteer-core@24.25.0/node_modules/puppeteer-core/lib/esm/puppeteer/util/decorators.js:99:27)
    at <anonymous> (/Users/grins/git/warcraft/wow-bis/node_modules/.pnpm/puppeteer-core@24.25.0/node_modules/puppeteer-core/lib/esm/puppeteer/api/Page.js:568:43)
    at goto (/Users/grins/git/warcraft/wow-bis/node_modules/.pnpm/puppeteer-core@24.25.0/node_modules/puppeteer-core/lib/esm/puppeteer/api/Page.js:567:20)
    at <anonymous> (/Users/grins/git/warcraft/wow-bis/scripts/process-quest-levels.ts:191:24)
    at fetchQuestRequiredLevel (/Users/grins/git/warcraft/wow-bis/scripts/process-quest-levels.ts:182:33)
    at processTicksAndRejections (native:7:39)
Full Error: {}
---
[2025-11-03T05:37:33.451Z] ERROR: Error fetching quest 40121 (attempt 4)
Message: Attempted to use detached Frame '03DAD367655A18147D7AE5A08EAEAA20'.
Stack: Error: Attempted to use detached Frame '03DAD367655A18147D7AE5A08EAEAA20'.
    at <anonymous> (/Users/grins/git/warcraft/wow-bis/node_modules/.pnpm/puppeteer-core@24.25.0/node_modules/puppeteer-core/lib/esm/puppeteer/util/decorators.js:99:27)
    at <anonymous> (/Users/grins/git/warcraft/wow-bis/node_modules/.pnpm/puppeteer-core@24.25.0/node_modules/puppeteer-core/lib/esm/puppeteer/api/Page.js:568:43)
    at goto (/Users/grins/git/warcraft/wow-bis/node_modules/.pnpm/puppeteer-core@24.25.0/node_modules/puppeteer-core/lib/esm/puppeteer/api/Page.js:567:20)
    at <anonymous> (/Users/grins/git/warcraft/wow-bis/scripts/process-quest-levels.ts:191:24)
    at fetchQuestRequiredLevel (/Users/grins/git/warcraft/wow-bis/scripts/process-quest-levels.ts:182:33)
    at processTicksAndRejections (native:7:39)
Full Error: {}
---
[2025-11-03T05:37:35.456Z] ERROR: Error fetching quest 40339 (attempt 1)
Message: Attempted to use detached Frame '03DAD367655A18147D7AE5A08EAEAA20'.
Stack: Error: Attempted to use detached Frame '03DAD367655A18147D7AE5A08EAEAA20'.
    at <anonymous> (/Users/grins/git/warcraft/wow-bis/node_modules/.pnpm/puppeteer-core@24.25.0/node_modules/puppeteer-core/lib/esm/puppeteer/util/decorators.js:99:27)
    at <anonymous> (/Users/grins/git/warcraft/wow-bis/node_modules/.pnpm/puppeteer-core@24.25.0/node_modules/puppeteer-core/lib/esm/puppeteer/api/Page.js:568:43)
    at goto (/Users/grins/git/warcraft/wow-bis/node_modules/.pnpm/puppeteer-core@24.25.0/node_modules/puppeteer-core/lib/esm/puppeteer/api/Page.js:567:20)
    at <anonymous> (/Users/grins/git/warcraft/wow-bis/scripts/process-quest-levels.ts:191:24)
    at fetchQuestRequiredLevel (/Users/grins/git/warcraft/wow-bis/scripts/process-quest-levels.ts:182:33)
    at <anonymous> (/Users/grins/git/warcraft/wow-bis/scripts/process-quest-levels.ts:386:42)
    at processTicksAndRejections (native:7:39)
Full Error: {}
---
[2025-11-03T05:37:40.460Z] ERROR: Error fetching quest 40339 (attempt 2)
Message: Attempted to use detached Frame '03DAD367655A18147D7AE5A08EAEAA20'.
Stack: Error: Attempted to use detached Frame '03DAD367655A18147D7AE5A08EAEAA20'.
    at <anonymous> (/Users/grins/git/warcraft/wow-bis/node_modules/.pnpm/puppeteer-core@24.25.0/node_modules/puppeteer-core/lib/esm/puppeteer/util/decorators.js:99:27)
    at <anonymous> (/Users/grins/git/warcraft/wow-bis/node_modules/.pnpm/puppeteer-core@24.25.0/node_modules/puppeteer-core/lib/esm/puppeteer/api/Page.js:568:43)
    at goto (/Users/grins/git/warcraft/wow-bis/node_modules/.pnpm/puppeteer-core@24.25.0/node_modules/puppeteer-core/lib/esm/puppeteer/api/Page.js:567:20)
    at <anonymous> (/Users/grins/git/warcraft/wow-bis/scripts/process-quest-levels.ts:191:24)
    at fetchQuestRequiredLevel (/Users/grins/git/warcraft/wow-bis/scripts/process-quest-levels.ts:182:33)
    at processTicksAndRejections (native:7:39)
Full Error: {}
---
[2025-11-03T05:37:47.462Z] ERROR: Error fetching quest 40339 (attempt 3)
Message: Attempted to use detached Frame '03DAD367655A18147D7AE5A08EAEAA20'.
Stack: Error: Attempted to use detached Frame '03DAD367655A18147D7AE5A08EAEAA20'.
    at <anonymous> (/Users/grins/git/warcraft/wow-bis/node_modules/.pnpm/puppeteer-core@24.25.0/node_modules/puppeteer-core/lib/esm/puppeteer/util/decorators.js:99:27)
    at <anonymous> (/Users/grins/git/warcraft/wow-bis/node_modules/.pnpm/puppeteer-core@24.25.0/node_modules/puppeteer-core/lib/esm/puppeteer/api/Page.js:568:43)
    at goto (/Users/grins/git/warcraft/wow-bis/node_modules/.pnpm/puppeteer-core@24.25.0/node_modules/puppeteer-core/lib/esm/puppeteer/api/Page.js:567:20)
    at <anonymous> (/Users/grins/git/warcraft/wow-bis/scripts/process-quest-levels.ts:191:24)
    at fetchQuestRequiredLevel (/Users/grins/git/warcraft/wow-bis/scripts/process-quest-levels.ts:182:33)
    at processTicksAndRejections (native:7:39)
Full Error: {}
---
[2025-11-03T05:37:56.466Z] ERROR: Error fetching quest 40339 (attempt 4)
Message: Attempted to use detached Frame '03DAD367655A18147D7AE5A08EAEAA20'.
Stack: Error: Attempted to use detached Frame '03DAD367655A18147D7AE5A08EAEAA20'.
    at <anonymous> (/Users/grins/git/warcraft/wow-bis/node_modules/.pnpm/puppeteer-core@24.25.0/node_modules/puppeteer-core/lib/esm/puppeteer/util/decorators.js:99:27)
    at <anonymous> (/Users/grins/git/warcraft/wow-bis/node_modules/.pnpm/puppeteer-core@24.25.0/node_modules/puppeteer-core/lib/esm/puppeteer/api/Page.js:568:43)
    at goto (/Users/grins/git/warcraft/wow-bis/node_modules/.pnpm/puppeteer-core@24.25.0/node_modules/puppeteer-core/lib/esm/puppeteer/api/Page.js:567:20)
    at <anonymous> (/Users/grins/git/warcraft/wow-bis/scripts/process-quest-levels.ts:191:24)
    at fetchQuestRequiredLevel (/Users/grins/git/warcraft/wow-bis/scripts/process-quest-levels.ts:182:33)
    at processTicksAndRejections (native:7:39)
Full Error: {}
---
[2025-11-03T05:38:00.474Z] ERROR: Error fetching quest 40876 (attempt 1)
Message: Attempted to use detached Frame '03DAD367655A18147D7AE5A08EAEAA20'.
Stack: Error: Attempted to use detached Frame '03DAD367655A18147D7AE5A08EAEAA20'.
    at <anonymous> (/Users/grins/git/warcraft/wow-bis/node_modules/.pnpm/puppeteer-core@24.25.0/node_modules/puppeteer-core/lib/esm/puppeteer/util/decorators.js:99:27)
    at <anonymous> (/Users/grins/git/warcraft/wow-bis/node_modules/.pnpm/puppeteer-core@24.25.0/node_modules/puppeteer-core/lib/esm/puppeteer/api/Page.js:568:43)
    at goto (/Users/grins/git/warcraft/wow-bis/node_modules/.pnpm/puppeteer-core@24.25.0/node_modules/puppeteer-core/lib/esm/puppeteer/api/Page.js:567:20)
    at <anonymous> (/Users/grins/git/warcraft/wow-bis/scripts/process-quest-levels.ts:191:24)
    at fetchQuestRequiredLevel (/Users/grins/git/warcraft/wow-bis/scripts/process-quest-levels.ts:182:33)
    at <anonymous> (/Users/grins/git/warcraft/wow-bis/scripts/process-quest-levels.ts:386:42)
    at processTicksAndRejections (native:7:39)
Full Error: {}
---
[2025-11-03T05:52:40.316Z] ERROR: Error fetching quest 40876 (attempt 2)
Message: Attempted to use detached Frame '03DAD367655A18147D7AE5A08EAEAA20'.
Stack: Error: Attempted to use detached Frame '03DAD367655A18147D7AE5A08EAEAA20'.
    at <anonymous> (/Users/grins/git/warcraft/wow-bis/node_modules/.pnpm/puppeteer-core@24.25.0/node_modules/puppeteer-core/lib/esm/puppeteer/util/decorators.js:99:27)
    at <anonymous> (/Users/grins/git/warcraft/wow-bis/node_modules/.pnpm/puppeteer-core@24.25.0/node_modules/puppeteer-core/lib/esm/puppeteer/api/Page.js:568:43)
    at goto (/Users/grins/git/warcraft/wow-bis/node_modules/.pnpm/puppeteer-core@24.25.0/node_modules/puppeteer-core/lib/esm/puppeteer/api/Page.js:567:20)
    at <anonymous> (/Users/grins/git/warcraft/wow-bis/scripts/process-quest-levels.ts:191:24)
    at fetchQuestRequiredLevel (/Users/grins/git/warcraft/wow-bis/scripts/process-quest-levels.ts:182:33)
    at processTicksAndRejections (native:7:39)
Full Error: {}
---
[2025-11-03T05:52:47.318Z] ERROR: Error fetching quest 40876 (attempt 3)
Message: Attempted to use detached Frame '03DAD367655A18147D7AE5A08EAEAA20'.
Stack: Error: Attempted to use detached Frame '03DAD367655A18147D7AE5A08EAEAA20'.
    at <anonymous> (/Users/grins/git/warcraft/wow-bis/node_modules/.pnpm/puppeteer-core@24.25.0/node_modules/puppeteer-core/lib/esm/puppeteer/util/decorators.js:99:27)
    at <anonymous> (/Users/grins/git/warcraft/wow-bis/node_modules/.pnpm/puppeteer-core@24.25.0/node_modules/puppeteer-core/lib/esm/puppeteer/api/Page.js:568:43)
    at goto (/Users/grins/git/warcraft/wow-bis/node_modules/.pnpm/puppeteer-core@24.25.0/node_modules/puppeteer-core/lib/esm/puppeteer/api/Page.js:567:20)
    at <anonymous> (/Users/grins/git/warcraft/wow-bis/scripts/process-quest-levels.ts:191:24)
    at fetchQuestRequiredLevel (/Users/grins/git/warcraft/wow-bis/scripts/process-quest-levels.ts:182:33)
    at processTicksAndRejections (native:7:39)
Full Error: {}
---
[2025-11-03T05:52:56.321Z] ERROR: Error fetching quest 40876 (attempt 4)
Message: Attempted to use detached Frame '03DAD367655A18147D7AE5A08EAEAA20'.
Stack: Error: Attempted to use detached Frame '03DAD367655A18147D7AE5A08EAEAA20'.
    at <anonymous> (/Users/grins/git/warcraft/wow-bis/node_modules/.pnpm/puppeteer-core@24.25.0/node_modules/puppeteer-core/lib/esm/puppeteer/util/decorators.js:99:27)
    at <anonymous> (/Users/grins/git/warcraft/wow-bis/node_modules/.pnpm/puppeteer-core@24.25.0/node_modules/puppeteer-core/lib/esm/puppeteer/api/Page.js:568:43)
    at goto (/Users/grins/git/warcraft/wow-bis/node_modules/.pnpm/puppeteer-core@24.25.0/node_modules/puppeteer-core/lib/esm/puppeteer/api/Page.js:567:20)
    at <anonymous> (/Users/grins/git/warcraft/wow-bis/scripts/process-quest-levels.ts:191:24)
    at fetchQuestRequiredLevel (/Users/grins/git/warcraft/wow-bis/scripts/process-quest-levels.ts:182:33)
    at processTicksAndRejections (native:7:39)
Full Error: {}
---
[2025-11-03T05:52:58.326Z] ERROR: Error fetching quest 40908 (attempt 1)
Message: Attempted to use detached Frame '03DAD367655A18147D7AE5A08EAEAA20'.
Stack: Error: Attempted to use detached Frame '03DAD367655A18147D7AE5A08EAEAA20'.
    at <anonymous> (/Users/grins/git/warcraft/wow-bis/node_modules/.pnpm/puppeteer-core@24.25.0/node_modules/puppeteer-core/lib/esm/puppeteer/util/decorators.js:99:27)
    at <anonymous> (/Users/grins/git/warcraft/wow-bis/node_modules/.pnpm/puppeteer-core@24.25.0/node_modules/puppeteer-core/lib/esm/puppeteer/api/Page.js:568:43)
    at goto (/Users/grins/git/warcraft/wow-bis/node_modules/.pnpm/puppeteer-core@24.25.0/node_modules/puppeteer-core/lib/esm/puppeteer/api/Page.js:567:20)
    at <anonymous> (/Users/grins/git/warcraft/wow-bis/scripts/process-quest-levels.ts:191:24)
    at fetchQuestRequiredLevel (/Users/grins/git/warcraft/wow-bis/scripts/process-quest-levels.ts:182:33)
    at <anonymous> (/Users/grins/git/warcraft/wow-bis/scripts/process-quest-levels.ts:386:42)
    at processTicksAndRejections (native:7:39)
Full Error: {}
---
[2025-11-03T05:53:03.329Z] ERROR: Error fetching quest 40908 (attempt 2)
Message: Attempted to use detached Frame '03DAD367655A18147D7AE5A08EAEAA20'.
Stack: Error: Attempted to use detached Frame '03DAD367655A18147D7AE5A08EAEAA20'.
    at <anonymous> (/Users/grins/git/warcraft/wow-bis/node_modules/.pnpm/puppeteer-core@24.25.0/node_modules/puppeteer-core/lib/esm/puppeteer/util/decorators.js:99:27)
    at <anonymous> (/Users/grins/git/warcraft/wow-bis/node_modules/.pnpm/puppeteer-core@24.25.0/node_modules/puppeteer-core/lib/esm/puppeteer/api/Page.js:568:43)
    at goto (/Users/grins/git/warcraft/wow-bis/node_modules/.pnpm/puppeteer-core@24.25.0/node_modules/puppeteer-core/lib/esm/puppeteer/api/Page.js:567:20)
    at <anonymous> (/Users/grins/git/warcraft/wow-bis/scripts/process-quest-levels.ts:191:24)
    at fetchQuestRequiredLevel (/Users/grins/git/warcraft/wow-bis/scripts/process-quest-levels.ts:182:33)
    at processTicksAndRejections (native:7:39)
Full Error: {}
---
[2025-11-03T05:53:10.336Z] ERROR: Error fetching quest 40908 (attempt 3)
Message: Attempted to use detached Frame '03DAD367655A18147D7AE5A08EAEAA20'.
Stack: Error: Attempted to use detached Frame '03DAD367655A18147D7AE5A08EAEAA20'.
    at <anonymous> (/Users/grins/git/warcraft/wow-bis/node_modules/.pnpm/puppeteer-core@24.25.0/node_modules/puppeteer-core/lib/esm/puppeteer/util/decorators.js:99:27)
    at <anonymous> (/Users/grins/git/warcraft/wow-bis/node_modules/.pnpm/puppeteer-core@24.25.0/node_modules/puppeteer-core/lib/esm/puppeteer/api/Page.js:568:43)
    at goto (/Users/grins/git/warcraft/wow-bis/node_modules/.pnpm/puppeteer-core@24.25.0/node_modules/puppeteer-core/lib/esm/puppeteer/api/Page.js:567:20)
    at <anonymous> (/Users/grins/git/warcraft/wow-bis/scripts/process-quest-levels.ts:191:24)
    at fetchQuestRequiredLevel (/Users/grins/git/warcraft/wow-bis/scripts/process-quest-levels.ts:182:33)
    at processTicksAndRejections (native:7:39)
Full Error: {}
---
[2025-11-03T05:53:19.340Z] ERROR: Error fetching quest 40908 (attempt 4)
Message: Attempted to use detached Frame '03DAD367655A18147D7AE5A08EAEAA20'.
Stack: Error: Attempted to use detached Frame '03DAD367655A18147D7AE5A08EAEAA20'.
    at <anonymous> (/Users/grins/git/warcraft/wow-bis/node_modules/.pnpm/puppeteer-core@24.25.0/node_modules/puppeteer-core/lib/esm/puppeteer/util/decorators.js:99:27)
    at <anonymous> (/Users/grins/git/warcraft/wow-bis/node_modules/.pnpm/puppeteer-core@24.25.0/node_modules/puppeteer-core/lib/esm/puppeteer/api/Page.js:568:43)
    at goto (/Users/grins/git/warcraft/wow-bis/node_modules/.pnpm/puppeteer-core@24.25.0/node_modules/puppeteer-core/lib/esm/puppeteer/api/Page.js:567:20)
    at <anonymous> (/Users/grins/git/warcraft/wow-bis/scripts/process-quest-levels.ts:191:24)
    at fetchQuestRequiredLevel (/Users/grins/git/warcraft/wow-bis/scripts/process-quest-levels.ts:182:33)
    at processTicksAndRejections (native:7:39)
Full Error: {}
---
[2025-11-03T05:53:21.345Z] ERROR: Error fetching quest 70028 (attempt 1)
Message: Attempted to use detached Frame '03DAD367655A18147D7AE5A08EAEAA20'.
Stack: Error: Attempted to use detached Frame '03DAD367655A18147D7AE5A08EAEAA20'.
    at <anonymous> (/Users/grins/git/warcraft/wow-bis/node_modules/.pnpm/puppeteer-core@24.25.0/node_modules/puppeteer-core/lib/esm/puppeteer/util/decorators.js:99:27)
    at <anonymous> (/Users/grins/git/warcraft/wow-bis/node_modules/.pnpm/puppeteer-core@24.25.0/node_modules/puppeteer-core/lib/esm/puppeteer/api/Page.js:568:43)
    at goto (/Users/grins/git/warcraft/wow-bis/node_modules/.pnpm/puppeteer-core@24.25.0/node_modules/puppeteer-core/lib/esm/puppeteer/api/Page.js:567:20)
    at <anonymous> (/Users/grins/git/warcraft/wow-bis/scripts/process-quest-levels.ts:191:24)
    at fetchQuestRequiredLevel (/Users/grins/git/warcraft/wow-bis/scripts/process-quest-levels.ts:182:33)
    at <anonymous> (/Users/grins/git/warcraft/wow-bis/scripts/process-quest-levels.ts:386:42)
    at processTicksAndRejections (native:7:39)
Full Error: {}
---
[2025-11-03T05:53:26.348Z] ERROR: Error fetching quest 70028 (attempt 2)
Message: Attempted to use detached Frame '03DAD367655A18147D7AE5A08EAEAA20'.
Stack: Error: Attempted to use detached Frame '03DAD367655A18147D7AE5A08EAEAA20'.
    at <anonymous> (/Users/grins/git/warcraft/wow-bis/node_modules/.pnpm/puppeteer-core@24.25.0/node_modules/puppeteer-core/lib/esm/puppeteer/util/decorators.js:99:27)
    at <anonymous> (/Users/grins/git/warcraft/wow-bis/node_modules/.pnpm/puppeteer-core@24.25.0/node_modules/puppeteer-core/lib/esm/puppeteer/api/Page.js:568:43)
    at goto (/Users/grins/git/warcraft/wow-bis/node_modules/.pnpm/puppeteer-core@24.25.0/node_modules/puppeteer-core/lib/esm/puppeteer/api/Page.js:567:20)
    at <anonymous> (/Users/grins/git/warcraft/wow-bis/scripts/process-quest-levels.ts:191:24)
    at fetchQuestRequiredLevel (/Users/grins/git/warcraft/wow-bis/scripts/process-quest-levels.ts:182:33)
    at processTicksAndRejections (native:7:39)
Full Error: {}
---
[2025-11-03T05:53:33.351Z] ERROR: Error fetching quest 70028 (attempt 3)
Message: Attempted to use detached Frame '03DAD367655A18147D7AE5A08EAEAA20'.
Stack: Error: Attempted to use detached Frame '03DAD367655A18147D7AE5A08EAEAA20'.
    at <anonymous> (/Users/grins/git/warcraft/wow-bis/node_modules/.pnpm/puppeteer-core@24.25.0/node_modules/puppeteer-core/lib/esm/puppeteer/util/decorators.js:99:27)
    at <anonymous> (/Users/grins/git/warcraft/wow-bis/node_modules/.pnpm/puppeteer-core@24.25.0/node_modules/puppeteer-core/lib/esm/puppeteer/api/Page.js:568:43)
    at goto (/Users/grins/git/warcraft/wow-bis/node_modules/.pnpm/puppeteer-core@24.25.0/node_modules/puppeteer-core/lib/esm/puppeteer/api/Page.js:567:20)
    at <anonymous> (/Users/grins/git/warcraft/wow-bis/scripts/process-quest-levels.ts:191:24)
    at fetchQuestRequiredLevel (/Users/grins/git/warcraft/wow-bis/scripts/process-quest-levels.ts:182:33)
    at processTicksAndRejections (native:7:39)
Full Error: {}
---
[2025-11-03T05:53:42.355Z] ERROR: Error fetching quest 70028 (attempt 4)
Message: Attempted to use detached Frame '03DAD367655A18147D7AE5A08EAEAA20'.
Stack: Error: Attempted to use detached Frame '03DAD367655A18147D7AE5A08EAEAA20'.
    at <anonymous> (/Users/grins/git/warcraft/wow-bis/node_modules/.pnpm/puppeteer-core@24.25.0/node_modules/puppeteer-core/lib/esm/puppeteer/util/decorators.js:99:27)
    at <anonymous> (/Users/grins/git/warcraft/wow-bis/node_modules/.pnpm/puppeteer-core@24.25.0/node_modules/puppeteer-core/lib/esm/puppeteer/api/Page.js:568:43)
    at goto (/Users/grins/git/warcraft/wow-bis/node_modules/.pnpm/puppeteer-core@24.25.0/node_modules/puppeteer-core/lib/esm/puppeteer/api/Page.js:567:20)
    at <anonymous> (/Users/grins/git/warcraft/wow-bis/scripts/process-quest-levels.ts:191:24)
    at fetchQuestRequiredLevel (/Users/grins/git/warcraft/wow-bis/scripts/process-quest-levels.ts:182:33)
    at processTicksAndRejections (native:7:39)
Full Error: {}
---
[2025-11-03T05:53:44.360Z] ERROR: Error fetching quest 80108 (attempt 1)
Message: Attempted to use detached Frame '03DAD367655A18147D7AE5A08EAEAA20'.
Stack: Error: Attempted to use detached Frame '03DAD367655A18147D7AE5A08EAEAA20'.
    at <anonymous> (/Users/grins/git/warcraft/wow-bis/node_modules/.pnpm/puppeteer-core@24.25.0/node_modules/puppeteer-core/lib/esm/puppeteer/util/decorators.js:99:27)
    at <anonymous> (/Users/grins/git/warcraft/wow-bis/node_modules/.pnpm/puppeteer-core@24.25.0/node_modules/puppeteer-core/lib/esm/puppeteer/api/Page.js:568:43)
    at goto (/Users/grins/git/warcraft/wow-bis/node_modules/.pnpm/puppeteer-core@24.25.0/node_modules/puppeteer-core/lib/esm/puppeteer/api/Page.js:567:20)
    at <anonymous> (/Users/grins/git/warcraft/wow-bis/scripts/process-quest-levels.ts:191:24)
    at fetchQuestRequiredLevel (/Users/grins/git/warcraft/wow-bis/scripts/process-quest-levels.ts:182:33)
    at <anonymous> (/Users/grins/git/warcraft/wow-bis/scripts/process-quest-levels.ts:386:42)
    at processTicksAndRejections (native:7:39)
Full Error: {}
---
[2025-11-03T05:53:49.364Z] ERROR: Error fetching quest 80108 (attempt 2)
Message: Attempted to use detached Frame '03DAD367655A18147D7AE5A08EAEAA20'.
Stack: Error: Attempted to use detached Frame '03DAD367655A18147D7AE5A08EAEAA20'.
    at <anonymous> (/Users/grins/git/warcraft/wow-bis/node_modules/.pnpm/puppeteer-core@24.25.0/node_modules/puppeteer-core/lib/esm/puppeteer/util/decorators.js:99:27)
    at <anonymous> (/Users/grins/git/warcraft/wow-bis/node_modules/.pnpm/puppeteer-core@24.25.0/node_modules/puppeteer-core/lib/esm/puppeteer/api/Page.js:568:43)
    at goto (/Users/grins/git/warcraft/wow-bis/node_modules/.pnpm/puppeteer-core@24.25.0/node_modules/puppeteer-core/lib/esm/puppeteer/api/Page.js:567:20)
    at <anonymous> (/Users/grins/git/warcraft/wow-bis/scripts/process-quest-levels.ts:191:24)
    at fetchQuestRequiredLevel (/Users/grins/git/warcraft/wow-bis/scripts/process-quest-levels.ts:182:33)
    at processTicksAndRejections (native:7:39)
Full Error: {}
---
[2025-11-03T05:53:56.368Z] ERROR: Error fetching quest 80108 (attempt 3)
Message: Attempted to use detached Frame '03DAD367655A18147D7AE5A08EAEAA20'.
Stack: Error: Attempted to use detached Frame '03DAD367655A18147D7AE5A08EAEAA20'.
    at <anonymous> (/Users/grins/git/warcraft/wow-bis/node_modules/.pnpm/puppeteer-core@24.25.0/node_modules/puppeteer-core/lib/esm/puppeteer/util/decorators.js:99:27)
    at <anonymous> (/Users/grins/git/warcraft/wow-bis/node_modules/.pnpm/puppeteer-core@24.25.0/node_modules/puppeteer-core/lib/esm/puppeteer/api/Page.js:568:43)
    at goto (/Users/grins/git/warcraft/wow-bis/node_modules/.pnpm/puppeteer-core@24.25.0/node_modules/puppeteer-core/lib/esm/puppeteer/api/Page.js:567:20)
    at <anonymous> (/Users/grins/git/warcraft/wow-bis/scripts/process-quest-levels.ts:191:24)
    at fetchQuestRequiredLevel (/Users/grins/git/warcraft/wow-bis/scripts/process-quest-levels.ts:182:33)
    at processTicksAndRejections (native:7:39)
Full Error: {}
---
[2025-11-03T05:54:05.371Z] ERROR: Error fetching quest 80108 (attempt 4)
Message: Attempted to use detached Frame '03DAD367655A18147D7AE5A08EAEAA20'.
Stack: Error: Attempted to use detached Frame '03DAD367655A18147D7AE5A08EAEAA20'.
    at <anonymous> (/Users/grins/git/warcraft/wow-bis/node_modules/.pnpm/puppeteer-core@24.25.0/node_modules/puppeteer-core/lib/esm/puppeteer/util/decorators.js:99:27)
    at <anonymous> (/Users/grins/git/warcraft/wow-bis/node_modules/.pnpm/puppeteer-core@24.25.0/node_modules/puppeteer-core/lib/esm/puppeteer/api/Page.js:568:43)
    at goto (/Users/grins/git/warcraft/wow-bis/node_modules/.pnpm/puppeteer-core@24.25.0/node_modules/puppeteer-core/lib/esm/puppeteer/api/Page.js:567:20)
    at <anonymous> (/Users/grins/git/warcraft/wow-bis/scripts/process-quest-levels.ts:191:24)
    at fetchQuestRequiredLevel (/Users/grins/git/warcraft/wow-bis/scripts/process-quest-levels.ts:182:33)
    at processTicksAndRejections (native:7:39)
Full Error: {}
---
[2025-11-03T05:54:07.376Z] ERROR: Error fetching quest 760 (attempt 1)
Message: Attempted to use detached Frame '03DAD367655A18147D7AE5A08EAEAA20'.
Stack: Error: Attempted to use detached Frame '03DAD367655A18147D7AE5A08EAEAA20'.
    at <anonymous> (/Users/grins/git/warcraft/wow-bis/node_modules/.pnpm/puppeteer-core@24.25.0/node_modules/puppeteer-core/lib/esm/puppeteer/util/decorators.js:99:27)
    at <anonymous> (/Users/grins/git/warcraft/wow-bis/node_modules/.pnpm/puppeteer-core@24.25.0/node_modules/puppeteer-core/lib/esm/puppeteer/api/Page.js:568:43)
    at goto (/Users/grins/git/warcraft/wow-bis/node_modules/.pnpm/puppeteer-core@24.25.0/node_modules/puppeteer-core/lib/esm/puppeteer/api/Page.js:567:20)
    at <anonymous> (/Users/grins/git/warcraft/wow-bis/scripts/process-quest-levels.ts:191:24)
    at fetchQuestRequiredLevel (/Users/grins/git/warcraft/wow-bis/scripts/process-quest-levels.ts:182:33)
    at <anonymous> (/Users/grins/git/warcraft/wow-bis/scripts/process-quest-levels.ts:386:42)
    at processTicksAndRejections (native:7:39)
Full Error: {}
---
[2025-11-03T05:54:12.380Z] ERROR: Error fetching quest 760 (attempt 2)
Message: Attempted to use detached Frame '03DAD367655A18147D7AE5A08EAEAA20'.
Stack: Error: Attempted to use detached Frame '03DAD367655A18147D7AE5A08EAEAA20'.
    at <anonymous> (/Users/grins/git/warcraft/wow-bis/node_modules/.pnpm/puppeteer-core@24.25.0/node_modules/puppeteer-core/lib/esm/puppeteer/util/decorators.js:99:27)
    at <anonymous> (/Users/grins/git/warcraft/wow-bis/node_modules/.pnpm/puppeteer-core@24.25.0/node_modules/puppeteer-core/lib/esm/puppeteer/api/Page.js:568:43)
    at goto (/Users/grins/git/warcraft/wow-bis/node_modules/.pnpm/puppeteer-core@24.25.0/node_modules/puppeteer-core/lib/esm/puppeteer/api/Page.js:567:20)
    at <anonymous> (/Users/grins/git/warcraft/wow-bis/scripts/process-quest-levels.ts:191:24)
    at fetchQuestRequiredLevel (/Users/grins/git/warcraft/wow-bis/scripts/process-quest-levels.ts:182:33)
    at processTicksAndRejections (native:7:39)
Full Error: {}
---
[2025-11-03T05:54:19.383Z] ERROR: Error fetching quest 760 (attempt 3)
Message: Attempted to use detached Frame '03DAD367655A18147D7AE5A08EAEAA20'.
Stack: Error: Attempted to use detached Frame '03DAD367655A18147D7AE5A08EAEAA20'.
    at <anonymous> (/Users/grins/git/warcraft/wow-bis/node_modules/.pnpm/puppeteer-core@24.25.0/node_modules/puppeteer-core/lib/esm/puppeteer/util/decorators.js:99:27)
    at <anonymous> (/Users/grins/git/warcraft/wow-bis/node_modules/.pnpm/puppeteer-core@24.25.0/node_modules/puppeteer-core/lib/esm/puppeteer/api/Page.js:568:43)
    at goto (/Users/grins/git/warcraft/wow-bis/node_modules/.pnpm/puppeteer-core@24.25.0/node_modules/puppeteer-core/lib/esm/puppeteer/api/Page.js:567:20)
    at <anonymous> (/Users/grins/git/warcraft/wow-bis/scripts/process-quest-levels.ts:191:24)
    at fetchQuestRequiredLevel (/Users/grins/git/warcraft/wow-bis/scripts/process-quest-levels.ts:182:33)
    at processTicksAndRejections (native:7:39)
Full Error: {}
---
[2025-11-03T05:54:28.385Z] ERROR: Error fetching quest 760 (attempt 4)
Message: Attempted to use detached Frame '03DAD367655A18147D7AE5A08EAEAA20'.
Stack: Error: Attempted to use detached Frame '03DAD367655A18147D7AE5A08EAEAA20'.
    at <anonymous> (/Users/grins/git/warcraft/wow-bis/node_modules/.pnpm/puppeteer-core@24.25.0/node_modules/puppeteer-core/lib/esm/puppeteer/util/decorators.js:99:27)
    at <anonymous> (/Users/grins/git/warcraft/wow-bis/node_modules/.pnpm/puppeteer-core@24.25.0/node_modules/puppeteer-core/lib/esm/puppeteer/api/Page.js:568:43)
    at goto (/Users/grins/git/warcraft/wow-bis/node_modules/.pnpm/puppeteer-core@24.25.0/node_modules/puppeteer-core/lib/esm/puppeteer/api/Page.js:567:20)
    at <anonymous> (/Users/grins/git/warcraft/wow-bis/scripts/process-quest-levels.ts:191:24)
    at fetchQuestRequiredLevel (/Users/grins/git/warcraft/wow-bis/scripts/process-quest-levels.ts:182:33)
    at processTicksAndRejections (native:7:39)
Full Error: {}
---
[2025-11-03T05:54:30.391Z] ERROR: Error fetching quest 913 (attempt 1)
Message: Attempted to use detached Frame '03DAD367655A18147D7AE5A08EAEAA20'.
Stack: Error: Attempted to use detached Frame '03DAD367655A18147D7AE5A08EAEAA20'.
    at <anonymous> (/Users/grins/git/warcraft/wow-bis/node_modules/.pnpm/puppeteer-core@24.25.0/node_modules/puppeteer-core/lib/esm/puppeteer/util/decorators.js:99:27)
    at <anonymous> (/Users/grins/git/warcraft/wow-bis/node_modules/.pnpm/puppeteer-core@24.25.0/node_modules/puppeteer-core/lib/esm/puppeteer/api/Page.js:568:43)
    at goto (/Users/grins/git/warcraft/wow-bis/node_modules/.pnpm/puppeteer-core@24.25.0/node_modules/puppeteer-core/lib/esm/puppeteer/api/Page.js:567:20)
    at <anonymous> (/Users/grins/git/warcraft/wow-bis/scripts/process-quest-levels.ts:191:24)
    at fetchQuestRequiredLevel (/Users/grins/git/warcraft/wow-bis/scripts/process-quest-levels.ts:182:33)
    at <anonymous> (/Users/grins/git/warcraft/wow-bis/scripts/process-quest-levels.ts:386:42)
    at processTicksAndRejections (native:7:39)
Full Error: {}
---
[2025-11-03T05:54:35.394Z] ERROR: Error fetching quest 913 (attempt 2)
Message: Attempted to use detached Frame '03DAD367655A18147D7AE5A08EAEAA20'.
Stack: Error: Attempted to use detached Frame '03DAD367655A18147D7AE5A08EAEAA20'.
    at <anonymous> (/Users/grins/git/warcraft/wow-bis/node_modules/.pnpm/puppeteer-core@24.25.0/node_modules/puppeteer-core/lib/esm/puppeteer/util/decorators.js:99:27)
    at <anonymous> (/Users/grins/git/warcraft/wow-bis/node_modules/.pnpm/puppeteer-core@24.25.0/node_modules/puppeteer-core/lib/esm/puppeteer/api/Page.js:568:43)
    at goto (/Users/grins/git/warcraft/wow-bis/node_modules/.pnpm/puppeteer-core@24.25.0/node_modules/puppeteer-core/lib/esm/puppeteer/api/Page.js:567:20)
    at <anonymous> (/Users/grins/git/warcraft/wow-bis/scripts/process-quest-levels.ts:191:24)
    at fetchQuestRequiredLevel (/Users/grins/git/warcraft/wow-bis/scripts/process-quest-levels.ts:182:33)
    at processTicksAndRejections (native:7:39)
Full Error: {}
---
[2025-11-03T05:54:42.398Z] ERROR: Error fetching quest 913 (attempt 3)
Message: Attempted to use detached Frame '03DAD367655A18147D7AE5A08EAEAA20'.
Stack: Error: Attempted to use detached Frame '03DAD367655A18147D7AE5A08EAEAA20'.
    at <anonymous> (/Users/grins/git/warcraft/wow-bis/node_modules/.pnpm/puppeteer-core@24.25.0/node_modules/puppeteer-core/lib/esm/puppeteer/util/decorators.js:99:27)
    at <anonymous> (/Users/grins/git/warcraft/wow-bis/node_modules/.pnpm/puppeteer-core@24.25.0/node_modules/puppeteer-core/lib/esm/puppeteer/api/Page.js:568:43)
    at goto (/Users/grins/git/warcraft/wow-bis/node_modules/.pnpm/puppeteer-core@24.25.0/node_modules/puppeteer-core/lib/esm/puppeteer/api/Page.js:567:20)
    at <anonymous> (/Users/grins/git/warcraft/wow-bis/scripts/process-quest-levels.ts:191:24)
    at fetchQuestRequiredLevel (/Users/grins/git/warcraft/wow-bis/scripts/process-quest-levels.ts:182:33)
    at processTicksAndRejections (native:7:39)
Full Error: {}
---
[2025-11-03T06:08:08.139Z] ERROR: Error fetching quest 913 (attempt 4)
Message: Attempted to use detached Frame '03DAD367655A18147D7AE5A08EAEAA20'.
Stack: Error: Attempted to use detached Frame '03DAD367655A18147D7AE5A08EAEAA20'.
    at <anonymous> (/Users/grins/git/warcraft/wow-bis/node_modules/.pnpm/puppeteer-core@24.25.0/node_modules/puppeteer-core/lib/esm/puppeteer/util/decorators.js:99:27)
    at <anonymous> (/Users/grins/git/warcraft/wow-bis/node_modules/.pnpm/puppeteer-core@24.25.0/node_modules/puppeteer-core/lib/esm/puppeteer/api/Page.js:568:43)
    at goto (/Users/grins/git/warcraft/wow-bis/node_modules/.pnpm/puppeteer-core@24.25.0/node_modules/puppeteer-core/lib/esm/puppeteer/api/Page.js:567:20)
    at <anonymous> (/Users/grins/git/warcraft/wow-bis/scripts/process-quest-levels.ts:191:24)
    at fetchQuestRequiredLevel (/Users/grins/git/warcraft/wow-bis/scripts/process-quest-levels.ts:182:33)
    at processTicksAndRejections (native:7:39)
Full Error: {}
---
[2025-11-03T06:08:10.270Z] ERROR: Error fetching quest 973 (attempt 1)
Message: Attempted to use detached Frame '03DAD367655A18147D7AE5A08EAEAA20'.
Stack: Error: Attempted to use detached Frame '03DAD367655A18147D7AE5A08EAEAA20'.
    at <anonymous> (/Users/grins/git/warcraft/wow-bis/node_modules/.pnpm/puppeteer-core@24.25.0/node_modules/puppeteer-core/lib/esm/puppeteer/util/decorators.js:99:27)
    at <anonymous> (/Users/grins/git/warcraft/wow-bis/node_modules/.pnpm/puppeteer-core@24.25.0/node_modules/puppeteer-core/lib/esm/puppeteer/api/Page.js:568:43)
    at goto (/Users/grins/git/warcraft/wow-bis/node_modules/.pnpm/puppeteer-core@24.25.0/node_modules/puppeteer-core/lib/esm/puppeteer/api/Page.js:567:20)
    at <anonymous> (/Users/grins/git/warcraft/wow-bis/scripts/process-quest-levels.ts:191:24)
    at fetchQuestRequiredLevel (/Users/grins/git/warcraft/wow-bis/scripts/process-quest-levels.ts:182:33)
    at <anonymous> (/Users/grins/git/warcraft/wow-bis/scripts/process-quest-levels.ts:386:42)
    at processTicksAndRejections (native:7:39)
Full Error: {}
---
[2025-11-03T06:08:15.276Z] ERROR: Error fetching quest 973 (attempt 2)
Message: Attempted to use detached Frame '03DAD367655A18147D7AE5A08EAEAA20'.
Stack: Error: Attempted to use detached Frame '03DAD367655A18147D7AE5A08EAEAA20'.
    at <anonymous> (/Users/grins/git/warcraft/wow-bis/node_modules/.pnpm/puppeteer-core@24.25.0/node_modules/puppeteer-core/lib/esm/puppeteer/util/decorators.js:99:27)
    at <anonymous> (/Users/grins/git/warcraft/wow-bis/node_modules/.pnpm/puppeteer-core@24.25.0/node_modules/puppeteer-core/lib/esm/puppeteer/api/Page.js:568:43)
    at goto (/Users/grins/git/warcraft/wow-bis/node_modules/.pnpm/puppeteer-core@24.25.0/node_modules/puppeteer-core/lib/esm/puppeteer/api/Page.js:567:20)
    at <anonymous> (/Users/grins/git/warcraft/wow-bis/scripts/process-quest-levels.ts:191:24)
    at fetchQuestRequiredLevel (/Users/grins/git/warcraft/wow-bis/scripts/process-quest-levels.ts:182:33)
    at processTicksAndRejections (native:7:39)
Full Error: {}
---
[2025-11-03T06:08:22.281Z] ERROR: Error fetching quest 973 (attempt 3)
Message: Attempted to use detached Frame '03DAD367655A18147D7AE5A08EAEAA20'.
Stack: Error: Attempted to use detached Frame '03DAD367655A18147D7AE5A08EAEAA20'.
    at <anonymous> (/Users/grins/git/warcraft/wow-bis/node_modules/.pnpm/puppeteer-core@24.25.0/node_modules/puppeteer-core/lib/esm/puppeteer/util/decorators.js:99:27)
    at <anonymous> (/Users/grins/git/warcraft/wow-bis/node_modules/.pnpm/puppeteer-core@24.25.0/node_modules/puppeteer-core/lib/esm/puppeteer/api/Page.js:568:43)
    at goto (/Users/grins/git/warcraft/wow-bis/node_modules/.pnpm/puppeteer-core@24.25.0/node_modules/puppeteer-core/lib/esm/puppeteer/api/Page.js:567:20)
    at <anonymous> (/Users/grins/git/warcraft/wow-bis/scripts/process-quest-levels.ts:191:24)
    at fetchQuestRequiredLevel (/Users/grins/git/warcraft/wow-bis/scripts/process-quest-levels.ts:182:33)
    at processTicksAndRejections (native:7:39)
Full Error: {}
---
[2025-11-03T06:08:31.284Z] ERROR: Error fetching quest 973 (attempt 4)
Message: Attempted to use detached Frame '03DAD367655A18147D7AE5A08EAEAA20'.
Stack: Error: Attempted to use detached Frame '03DAD367655A18147D7AE5A08EAEAA20'.
    at <anonymous> (/Users/grins/git/warcraft/wow-bis/node_modules/.pnpm/puppeteer-core@24.25.0/node_modules/puppeteer-core/lib/esm/puppeteer/util/decorators.js:99:27)
    at <anonymous> (/Users/grins/git/warcraft/wow-bis/node_modules/.pnpm/puppeteer-core@24.25.0/node_modules/puppeteer-core/lib/esm/puppeteer/api/Page.js:568:43)
    at goto (/Users/grins/git/warcraft/wow-bis/node_modules/.pnpm/puppeteer-core@24.25.0/node_modules/puppeteer-core/lib/esm/puppeteer/api/Page.js:567:20)
    at <anonymous> (/Users/grins/git/warcraft/wow-bis/scripts/process-quest-levels.ts:191:24)
    at fetchQuestRequiredLevel (/Users/grins/git/warcraft/wow-bis/scripts/process-quest-levels.ts:182:33)
    at processTicksAndRejections (native:7:39)
Full Error: {}
---
[2025-11-03T06:08:33.289Z] ERROR: Error fetching quest 2846 (attempt 1)
Message: Attempted to use detached Frame '03DAD367655A18147D7AE5A08EAEAA20'.
Stack: Error: Attempted to use detached Frame '03DAD367655A18147D7AE5A08EAEAA20'.
    at <anonymous> (/Users/grins/git/warcraft/wow-bis/node_modules/.pnpm/puppeteer-core@24.25.0/node_modules/puppeteer-core/lib/esm/puppeteer/util/decorators.js:99:27)
    at <anonymous> (/Users/grins/git/warcraft/wow-bis/node_modules/.pnpm/puppeteer-core@24.25.0/node_modules/puppeteer-core/lib/esm/puppeteer/api/Page.js:568:43)
    at goto (/Users/grins/git/warcraft/wow-bis/node_modules/.pnpm/puppeteer-core@24.25.0/node_modules/puppeteer-core/lib/esm/puppeteer/api/Page.js:567:20)
    at <anonymous> (/Users/grins/git/warcraft/wow-bis/scripts/process-quest-levels.ts:191:24)
    at fetchQuestRequiredLevel (/Users/grins/git/warcraft/wow-bis/scripts/process-quest-levels.ts:182:33)
    at <anonymous> (/Users/grins/git/warcraft/wow-bis/scripts/process-quest-levels.ts:386:42)
    at processTicksAndRejections (native:7:39)
Full Error: {}
---
[2025-11-03T06:08:38.292Z] ERROR: Error fetching quest 2846 (attempt 2)
Message: Attempted to use detached Frame '03DAD367655A18147D7AE5A08EAEAA20'.
Stack: Error: Attempted to use detached Frame '03DAD367655A18147D7AE5A08EAEAA20'.
    at <anonymous> (/Users/grins/git/warcraft/wow-bis/node_modules/.pnpm/puppeteer-core@24.25.0/node_modules/puppeteer-core/lib/esm/puppeteer/util/decorators.js:99:27)
    at <anonymous> (/Users/grins/git/warcraft/wow-bis/node_modules/.pnpm/puppeteer-core@24.25.0/node_modules/puppeteer-core/lib/esm/puppeteer/api/Page.js:568:43)
    at goto (/Users/grins/git/warcraft/wow-bis/node_modules/.pnpm/puppeteer-core@24.25.0/node_modules/puppeteer-core/lib/esm/puppeteer/api/Page.js:567:20)
    at <anonymous> (/Users/grins/git/warcraft/wow-bis/scripts/process-quest-levels.ts:191:24)
    at fetchQuestRequiredLevel (/Users/grins/git/warcraft/wow-bis/scripts/process-quest-levels.ts:182:33)
    at processTicksAndRejections (native:7:39)
Full Error: {}
---
[2025-11-03T06:08:45.296Z] ERROR: Error fetching quest 2846 (attempt 3)
Message: Attempted to use detached Frame '03DAD367655A18147D7AE5A08EAEAA20'.
Stack: Error: Attempted to use detached Frame '03DAD367655A18147D7AE5A08EAEAA20'.
    at <anonymous> (/Users/grins/git/warcraft/wow-bis/node_modules/.pnpm/puppeteer-core@24.25.0/node_modules/puppeteer-core/lib/esm/puppeteer/util/decorators.js:99:27)
    at <anonymous> (/Users/grins/git/warcraft/wow-bis/node_modules/.pnpm/puppeteer-core@24.25.0/node_modules/puppeteer-core/lib/esm/puppeteer/api/Page.js:568:43)
    at goto (/Users/grins/git/warcraft/wow-bis/node_modules/.pnpm/puppeteer-core@24.25.0/node_modules/puppeteer-core/lib/esm/puppeteer/api/Page.js:567:20)
    at <anonymous> (/Users/grins/git/warcraft/wow-bis/scripts/process-quest-levels.ts:191:24)
    at fetchQuestRequiredLevel (/Users/grins/git/warcraft/wow-bis/scripts/process-quest-levels.ts:182:33)
    at processTicksAndRejections (native:7:39)
Full Error: {}
---
[2025-11-03T06:08:54.299Z] ERROR: Error fetching quest 2846 (attempt 4)
Message: Attempted to use detached Frame '03DAD367655A18147D7AE5A08EAEAA20'.
Stack: Error: Attempted to use detached Frame '03DAD367655A18147D7AE5A08EAEAA20'.
    at <anonymous> (/Users/grins/git/warcraft/wow-bis/node_modules/.pnpm/puppeteer-core@24.25.0/node_modules/puppeteer-core/lib/esm/puppeteer/util/decorators.js:99:27)
    at <anonymous> (/Users/grins/git/warcraft/wow-bis/node_modules/.pnpm/puppeteer-core@24.25.0/node_modules/puppeteer-core/lib/esm/puppeteer/api/Page.js:568:43)
    at goto (/Users/grins/git/warcraft/wow-bis/node_modules/.pnpm/puppeteer-core@24.25.0/node_modules/puppeteer-core/lib/esm/puppeteer/api/Page.js:567:20)
    at <anonymous> (/Users/grins/git/warcraft/wow-bis/scripts/process-quest-levels.ts:191:24)
    at fetchQuestRequiredLevel (/Users/grins/git/warcraft/wow-bis/scripts/process-quest-levels.ts:182:33)
    at processTicksAndRejections (native:7:39)
Full Error: {}
---
[2025-11-03T06:08:56.304Z] ERROR: Error fetching quest 3161 (attempt 1)
Message: Attempted to use detached Frame '03DAD367655A18147D7AE5A08EAEAA20'.
Stack: Error: Attempted to use detached Frame '03DAD367655A18147D7AE5A08EAEAA20'.
    at <anonymous> (/Users/grins/git/warcraft/wow-bis/node_modules/.pnpm/puppeteer-core@24.25.0/node_modules/puppeteer-core/lib/esm/puppeteer/util/decorators.js:99:27)
    at <anonymous> (/Users/grins/git/warcraft/wow-bis/node_modules/.pnpm/puppeteer-core@24.25.0/node_modules/puppeteer-core/lib/esm/puppeteer/api/Page.js:568:43)
    at goto (/Users/grins/git/warcraft/wow-bis/node_modules/.pnpm/puppeteer-core@24.25.0/node_modules/puppeteer-core/lib/esm/puppeteer/api/Page.js:567:20)
    at <anonymous> (/Users/grins/git/warcraft/wow-bis/scripts/process-quest-levels.ts:191:24)
    at fetchQuestRequiredLevel (/Users/grins/git/warcraft/wow-bis/scripts/process-quest-levels.ts:182:33)
    at <anonymous> (/Users/grins/git/warcraft/wow-bis/scripts/process-quest-levels.ts:386:42)
    at processTicksAndRejections (native:7:39)
Full Error: {}
---
[2025-11-03T06:09:01.308Z] ERROR: Error fetching quest 3161 (attempt 2)
Message: Attempted to use detached Frame '03DAD367655A18147D7AE5A08EAEAA20'.
Stack: Error: Attempted to use detached Frame '03DAD367655A18147D7AE5A08EAEAA20'.
    at <anonymous> (/Users/grins/git/warcraft/wow-bis/node_modules/.pnpm/puppeteer-core@24.25.0/node_modules/puppeteer-core/lib/esm/puppeteer/util/decorators.js:99:27)
    at <anonymous> (/Users/grins/git/warcraft/wow-bis/node_modules/.pnpm/puppeteer-core@24.25.0/node_modules/puppeteer-core/lib/esm/puppeteer/api/Page.js:568:43)
    at goto (/Users/grins/git/warcraft/wow-bis/node_modules/.pnpm/puppeteer-core@24.25.0/node_modules/puppeteer-core/lib/esm/puppeteer/api/Page.js:567:20)
    at <anonymous> (/Users/grins/git/warcraft/wow-bis/scripts/process-quest-levels.ts:191:24)
    at fetchQuestRequiredLevel (/Users/grins/git/warcraft/wow-bis/scripts/process-quest-levels.ts:182:33)
    at processTicksAndRejections (native:7:39)
Full Error: {}
---
[2025-11-03T06:09:08.312Z] ERROR: Error fetching quest 3161 (attempt 3)
Message: Attempted to use detached Frame '03DAD367655A18147D7AE5A08EAEAA20'.
Stack: Error: Attempted to use detached Frame '03DAD367655A18147D7AE5A08EAEAA20'.
    at <anonymous> (/Users/grins/git/warcraft/wow-bis/node_modules/.pnpm/puppeteer-core@24.25.0/node_modules/puppeteer-core/lib/esm/puppeteer/util/decorators.js:99:27)
    at <anonymous> (/Users/grins/git/warcraft/wow-bis/node_modules/.pnpm/puppeteer-core@24.25.0/node_modules/puppeteer-core/lib/esm/puppeteer/api/Page.js:568:43)
    at goto (/Users/grins/git/warcraft/wow-bis/node_modules/.pnpm/puppeteer-core@24.25.0/node_modules/puppeteer-core/lib/esm/puppeteer/api/Page.js:567:20)
    at <anonymous> (/Users/grins/git/warcraft/wow-bis/scripts/process-quest-levels.ts:191:24)
    at fetchQuestRequiredLevel (/Users/grins/git/warcraft/wow-bis/scripts/process-quest-levels.ts:182:33)
    at processTicksAndRejections (native:7:39)
Full Error: {}
---
[2025-11-03T06:09:17.314Z] ERROR: Error fetching quest 3161 (attempt 4)
Message: Attempted to use detached Frame '03DAD367655A18147D7AE5A08EAEAA20'.
Stack: Error: Attempted to use detached Frame '03DAD367655A18147D7AE5A08EAEAA20'.
    at <anonymous> (/Users/grins/git/warcraft/wow-bis/node_modules/.pnpm/puppeteer-core@24.25.0/node_modules/puppeteer-core/lib/esm/puppeteer/util/decorators.js:99:27)
    at <anonymous> (/Users/grins/git/warcraft/wow-bis/node_modules/.pnpm/puppeteer-core@24.25.0/node_modules/puppeteer-core/lib/esm/puppeteer/api/Page.js:568:43)
    at goto (/Users/grins/git/warcraft/wow-bis/node_modules/.pnpm/puppeteer-core@24.25.0/node_modules/puppeteer-core/lib/esm/puppeteer/api/Page.js:567:20)
    at <anonymous> (/Users/grins/git/warcraft/wow-bis/scripts/process-quest-levels.ts:191:24)
    at fetchQuestRequiredLevel (/Users/grins/git/warcraft/wow-bis/scripts/process-quest-levels.ts:182:33)
    at processTicksAndRejections (native:7:39)
Full Error: {}
---
[2025-11-03T06:09:19.320Z] ERROR: Error fetching quest 4266 (attempt 1)
Message: Attempted to use detached Frame '03DAD367655A18147D7AE5A08EAEAA20'.
Stack: Error: Attempted to use detached Frame '03DAD367655A18147D7AE5A08EAEAA20'.
    at <anonymous> (/Users/grins/git/warcraft/wow-bis/node_modules/.pnpm/puppeteer-core@24.25.0/node_modules/puppeteer-core/lib/esm/puppeteer/util/decorators.js:99:27)
    at <anonymous> (/Users/grins/git/warcraft/wow-bis/node_modules/.pnpm/puppeteer-core@24.25.0/node_modules/puppeteer-core/lib/esm/puppeteer/api/Page.js:568:43)
    at goto (/Users/grins/git/warcraft/wow-bis/node_modules/.pnpm/puppeteer-core@24.25.0/node_modules/puppeteer-core/lib/esm/puppeteer/api/Page.js:567:20)
    at <anonymous> (/Users/grins/git/warcraft/wow-bis/scripts/process-quest-levels.ts:191:24)
    at fetchQuestRequiredLevel (/Users/grins/git/warcraft/wow-bis/scripts/process-quest-levels.ts:182:33)
    at <anonymous> (/Users/grins/git/warcraft/wow-bis/scripts/process-quest-levels.ts:386:42)
    at processTicksAndRejections (native:7:39)
Full Error: {}
---
[2025-11-03T06:09:24.323Z] ERROR: Error fetching quest 4266 (attempt 2)
Message: Attempted to use detached Frame '03DAD367655A18147D7AE5A08EAEAA20'.
Stack: Error: Attempted to use detached Frame '03DAD367655A18147D7AE5A08EAEAA20'.
    at <anonymous> (/Users/grins/git/warcraft/wow-bis/node_modules/.pnpm/puppeteer-core@24.25.0/node_modules/puppeteer-core/lib/esm/puppeteer/util/decorators.js:99:27)
    at <anonymous> (/Users/grins/git/warcraft/wow-bis/node_modules/.pnpm/puppeteer-core@24.25.0/node_modules/puppeteer-core/lib/esm/puppeteer/api/Page.js:568:43)
    at goto (/Users/grins/git/warcraft/wow-bis/node_modules/.pnpm/puppeteer-core@24.25.0/node_modules/puppeteer-core/lib/esm/puppeteer/api/Page.js:567:20)
    at <anonymous> (/Users/grins/git/warcraft/wow-bis/scripts/process-quest-levels.ts:191:24)
    at fetchQuestRequiredLevel (/Users/grins/git/warcraft/wow-bis/scripts/process-quest-levels.ts:182:33)
    at processTicksAndRejections (native:7:39)
Full Error: {}
---
[2025-11-03T06:09:31.327Z] ERROR: Error fetching quest 4266 (attempt 3)
Message: Attempted to use detached Frame '03DAD367655A18147D7AE5A08EAEAA20'.
Stack: Error: Attempted to use detached Frame '03DAD367655A18147D7AE5A08EAEAA20'.
    at <anonymous> (/Users/grins/git/warcraft/wow-bis/node_modules/.pnpm/puppeteer-core@24.25.0/node_modules/puppeteer-core/lib/esm/puppeteer/util/decorators.js:99:27)
    at <anonymous> (/Users/grins/git/warcraft/wow-bis/node_modules/.pnpm/puppeteer-core@24.25.0/node_modules/puppeteer-core/lib/esm/puppeteer/api/Page.js:568:43)
    at goto (/Users/grins/git/warcraft/wow-bis/node_modules/.pnpm/puppeteer-core@24.25.0/node_modules/puppeteer-core/lib/esm/puppeteer/api/Page.js:567:20)
    at <anonymous> (/Users/grins/git/warcraft/wow-bis/scripts/process-quest-levels.ts:191:24)
    at fetchQuestRequiredLevel (/Users/grins/git/warcraft/wow-bis/scripts/process-quest-levels.ts:182:33)
    at processTicksAndRejections (native:7:39)
Full Error: {}
---
[2025-11-03T06:09:40.330Z] ERROR: Error fetching quest 4266 (attempt 4)
Message: Attempted to use detached Frame '03DAD367655A18147D7AE5A08EAEAA20'.
Stack: Error: Attempted to use detached Frame '03DAD367655A18147D7AE5A08EAEAA20'.
    at <anonymous> (/Users/grins/git/warcraft/wow-bis/node_modules/.pnpm/puppeteer-core@24.25.0/node_modules/puppeteer-core/lib/esm/puppeteer/util/decorators.js:99:27)
    at <anonymous> (/Users/grins/git/warcraft/wow-bis/node_modules/.pnpm/puppeteer-core@24.25.0/node_modules/puppeteer-core/lib/esm/puppeteer/api/Page.js:568:43)
    at goto (/Users/grins/git/warcraft/wow-bis/node_modules/.pnpm/puppeteer-core@24.25.0/node_modules/puppeteer-core/lib/esm/puppeteer/api/Page.js:567:20)
    at <anonymous> (/Users/grins/git/warcraft/wow-bis/scripts/process-quest-levels.ts:191:24)
    at fetchQuestRequiredLevel (/Users/grins/git/warcraft/wow-bis/scripts/process-quest-levels.ts:182:33)
    at processTicksAndRejections (native:7:39)
Full Error: {}
---
[2025-11-03T06:09:42.333Z] ERROR: Error fetching quest 4975 (attempt 1)
Message: Attempted to use detached Frame '03DAD367655A18147D7AE5A08EAEAA20'.
Stack: Error: Attempted to use detached Frame '03DAD367655A18147D7AE5A08EAEAA20'.
    at <anonymous> (/Users/grins/git/warcraft/wow-bis/node_modules/.pnpm/puppeteer-core@24.25.0/node_modules/puppeteer-core/lib/esm/puppeteer/util/decorators.js:99:27)
    at <anonymous> (/Users/grins/git/warcraft/wow-bis/node_modules/.pnpm/puppeteer-core@24.25.0/node_modules/puppeteer-core/lib/esm/puppeteer/api/Page.js:568:43)
    at goto (/Users/grins/git/warcraft/wow-bis/node_modules/.pnpm/puppeteer-core@24.25.0/node_modules/puppeteer-core/lib/esm/puppeteer/api/Page.js:567:20)
    at <anonymous> (/Users/grins/git/warcraft/wow-bis/scripts/process-quest-levels.ts:191:24)
    at fetchQuestRequiredLevel (/Users/grins/git/warcraft/wow-bis/scripts/process-quest-levels.ts:182:33)
    at <anonymous> (/Users/grins/git/warcraft/wow-bis/scripts/process-quest-levels.ts:386:42)
    at processTicksAndRejections (native:7:39)
Full Error: {}
---
[2025-11-03T06:09:47.337Z] ERROR: Error fetching quest 4975 (attempt 2)
Message: Attempted to use detached Frame '03DAD367655A18147D7AE5A08EAEAA20'.
Stack: Error: Attempted to use detached Frame '03DAD367655A18147D7AE5A08EAEAA20'.
    at <anonymous> (/Users/grins/git/warcraft/wow-bis/node_modules/.pnpm/puppeteer-core@24.25.0/node_modules/puppeteer-core/lib/esm/puppeteer/util/decorators.js:99:27)
    at <anonymous> (/Users/grins/git/warcraft/wow-bis/node_modules/.pnpm/puppeteer-core@24.25.0/node_modules/puppeteer-core/lib/esm/puppeteer/api/Page.js:568:43)
    at goto (/Users/grins/git/warcraft/wow-bis/node_modules/.pnpm/puppeteer-core@24.25.0/node_modules/puppeteer-core/lib/esm/puppeteer/api/Page.js:567:20)
    at <anonymous> (/Users/grins/git/warcraft/wow-bis/scripts/process-quest-levels.ts:191:24)
    at fetchQuestRequiredLevel (/Users/grins/git/warcraft/wow-bis/scripts/process-quest-levels.ts:182:33)
    at processTicksAndRejections (native:7:39)
Full Error: {}
---
[2025-11-03T06:09:54.340Z] ERROR: Error fetching quest 4975 (attempt 3)
Message: Attempted to use detached Frame '03DAD367655A18147D7AE5A08EAEAA20'.
Stack: Error: Attempted to use detached Frame '03DAD367655A18147D7AE5A08EAEAA20'.
    at <anonymous> (/Users/grins/git/warcraft/wow-bis/node_modules/.pnpm/puppeteer-core@24.25.0/node_modules/puppeteer-core/lib/esm/puppeteer/util/decorators.js:99:27)
    at <anonymous> (/Users/grins/git/warcraft/wow-bis/node_modules/.pnpm/puppeteer-core@24.25.0/node_modules/puppeteer-core/lib/esm/puppeteer/api/Page.js:568:43)
    at goto (/Users/grins/git/warcraft/wow-bis/node_modules/.pnpm/puppeteer-core@24.25.0/node_modules/puppeteer-core/lib/esm/puppeteer/api/Page.js:567:20)
    at <anonymous> (/Users/grins/git/warcraft/wow-bis/scripts/process-quest-levels.ts:191:24)
    at fetchQuestRequiredLevel (/Users/grins/git/warcraft/wow-bis/scripts/process-quest-levels.ts:182:33)
    at processTicksAndRejections (native:7:39)
Full Error: {}
---
[2025-11-03T06:10:03.344Z] ERROR: Error fetching quest 4975 (attempt 4)
Message: Attempted to use detached Frame '03DAD367655A18147D7AE5A08EAEAA20'.
Stack: Error: Attempted to use detached Frame '03DAD367655A18147D7AE5A08EAEAA20'.
    at <anonymous> (/Users/grins/git/warcraft/wow-bis/node_modules/.pnpm/puppeteer-core@24.25.0/node_modules/puppeteer-core/lib/esm/puppeteer/util/decorators.js:99:27)
    at <anonymous> (/Users/grins/git/warcraft/wow-bis/node_modules/.pnpm/puppeteer-core@24.25.0/node_modules/puppeteer-core/lib/esm/puppeteer/api/Page.js:568:43)
    at goto (/Users/grins/git/warcraft/wow-bis/node_modules/.pnpm/puppeteer-core@24.25.0/node_modules/puppeteer-core/lib/esm/puppeteer/api/Page.js:567:20)
    at <anonymous> (/Users/grins/git/warcraft/wow-bis/scripts/process-quest-levels.ts:191:24)
    at fetchQuestRequiredLevel (/Users/grins/git/warcraft/wow-bis/scripts/process-quest-levels.ts:182:33)
    at processTicksAndRejections (native:7:39)
Full Error: {}
---
[2025-11-03T06:10:05.349Z] ERROR: Error fetching quest 4964 (attempt 1)
Message: Attempted to use detached Frame '03DAD367655A18147D7AE5A08EAEAA20'.
Stack: Error: Attempted to use detached Frame '03DAD367655A18147D7AE5A08EAEAA20'.
    at <anonymous> (/Users/grins/git/warcraft/wow-bis/node_modules/.pnpm/puppeteer-core@24.25.0/node_modules/puppeteer-core/lib/esm/puppeteer/util/decorators.js:99:27)
    at <anonymous> (/Users/grins/git/warcraft/wow-bis/node_modules/.pnpm/puppeteer-core@24.25.0/node_modules/puppeteer-core/lib/esm/puppeteer/api/Page.js:568:43)
    at goto (/Users/grins/git/warcraft/wow-bis/node_modules/.pnpm/puppeteer-core@24.25.0/node_modules/puppeteer-core/lib/esm/puppeteer/api/Page.js:567:20)
    at <anonymous> (/Users/grins/git/warcraft/wow-bis/scripts/process-quest-levels.ts:191:24)
    at fetchQuestRequiredLevel (/Users/grins/git/warcraft/wow-bis/scripts/process-quest-levels.ts:182:33)
    at <anonymous> (/Users/grins/git/warcraft/wow-bis/scripts/process-quest-levels.ts:386:42)
    at processTicksAndRejections (native:7:39)
Full Error: {}
---
[2025-11-03T06:10:10.353Z] ERROR: Error fetching quest 4964 (attempt 2)
Message: Attempted to use detached Frame '03DAD367655A18147D7AE5A08EAEAA20'.
Stack: Error: Attempted to use detached Frame '03DAD367655A18147D7AE5A08EAEAA20'.
    at <anonymous> (/Users/grins/git/warcraft/wow-bis/node_modules/.pnpm/puppeteer-core@24.25.0/node_modules/puppeteer-core/lib/esm/puppeteer/util/decorators.js:99:27)
    at <anonymous> (/Users/grins/git/warcraft/wow-bis/node_modules/.pnpm/puppeteer-core@24.25.0/node_modules/puppeteer-core/lib/esm/puppeteer/api/Page.js:568:43)
    at goto (/Users/grins/git/warcraft/wow-bis/node_modules/.pnpm/puppeteer-core@24.25.0/node_modules/puppeteer-core/lib/esm/puppeteer/api/Page.js:567:20)
    at <anonymous> (/Users/grins/git/warcraft/wow-bis/scripts/process-quest-levels.ts:191:24)
    at fetchQuestRequiredLevel (/Users/grins/git/warcraft/wow-bis/scripts/process-quest-levels.ts:182:33)
    at processTicksAndRejections (native:7:39)
Full Error: {}
---
[2025-11-03T06:10:17.357Z] ERROR: Error fetching quest 4964 (attempt 3)
Message: Attempted to use detached Frame '03DAD367655A18147D7AE5A08EAEAA20'.
Stack: Error: Attempted to use detached Frame '03DAD367655A18147D7AE5A08EAEAA20'.
    at <anonymous> (/Users/grins/git/warcraft/wow-bis/node_modules/.pnpm/puppeteer-core@24.25.0/node_modules/puppeteer-core/lib/esm/puppeteer/util/decorators.js:99:27)
    at <anonymous> (/Users/grins/git/warcraft/wow-bis/node_modules/.pnpm/puppeteer-core@24.25.0/node_modules/puppeteer-core/lib/esm/puppeteer/api/Page.js:568:43)
    at goto (/Users/grins/git/warcraft/wow-bis/node_modules/.pnpm/puppeteer-core@24.25.0/node_modules/puppeteer-core/lib/esm/puppeteer/api/Page.js:567:20)
    at <anonymous> (/Users/grins/git/warcraft/wow-bis/scripts/process-quest-levels.ts:191:24)
    at fetchQuestRequiredLevel (/Users/grins/git/warcraft/wow-bis/scripts/process-quest-levels.ts:182:33)
    at processTicksAndRejections (native:7:39)
Full Error: {}
---
[2025-11-03T06:10:26.361Z] ERROR: Error fetching quest 4964 (attempt 4)
Message: Attempted to use detached Frame '03DAD367655A18147D7AE5A08EAEAA20'.
Stack: Error: Attempted to use detached Frame '03DAD367655A18147D7AE5A08EAEAA20'.
    at <anonymous> (/Users/grins/git/warcraft/wow-bis/node_modules/.pnpm/puppeteer-core@24.25.0/node_modules/puppeteer-core/lib/esm/puppeteer/util/decorators.js:99:27)
    at <anonymous> (/Users/grins/git/warcraft/wow-bis/node_modules/.pnpm/puppeteer-core@24.25.0/node_modules/puppeteer-core/lib/esm/puppeteer/api/Page.js:568:43)
    at goto (/Users/grins/git/warcraft/wow-bis/node_modules/.pnpm/puppeteer-core@24.25.0/node_modules/puppeteer-core/lib/esm/puppeteer/api/Page.js:567:20)
    at <anonymous> (/Users/grins/git/warcraft/wow-bis/scripts/process-quest-levels.ts:191:24)
    at fetchQuestRequiredLevel (/Users/grins/git/warcraft/wow-bis/scripts/process-quest-levels.ts:182:33)
    at processTicksAndRejections (native:7:39)
Full Error: {}
---
[2025-11-03T06:10:28.365Z] ERROR: Error fetching quest 1740 (attempt 1)
Message: Attempted to use detached Frame '03DAD367655A18147D7AE5A08EAEAA20'.
Stack: Error: Attempted to use detached Frame '03DAD367655A18147D7AE5A08EAEAA20'.
    at <anonymous> (/Users/grins/git/warcraft/wow-bis/node_modules/.pnpm/puppeteer-core@24.25.0/node_modules/puppeteer-core/lib/esm/puppeteer/util/decorators.js:99:27)
    at <anonymous> (/Users/grins/git/warcraft/wow-bis/node_modules/.pnpm/puppeteer-core@24.25.0/node_modules/puppeteer-core/lib/esm/puppeteer/api/Page.js:568:43)
    at goto (/Users/grins/git/warcraft/wow-bis/node_modules/.pnpm/puppeteer-core@24.25.0/node_modules/puppeteer-core/lib/esm/puppeteer/api/Page.js:567:20)
    at <anonymous> (/Users/grins/git/warcraft/wow-bis/scripts/process-quest-levels.ts:191:24)
    at fetchQuestRequiredLevel (/Users/grins/git/warcraft/wow-bis/scripts/process-quest-levels.ts:182:33)
    at <anonymous> (/Users/grins/git/warcraft/wow-bis/scripts/process-quest-levels.ts:386:42)
    at processTicksAndRejections (native:7:39)
Full Error: {}
---
[2025-11-03T06:25:25.471Z] ERROR: Error fetching quest 1740 (attempt 2)
Message: Attempted to use detached Frame '03DAD367655A18147D7AE5A08EAEAA20'.
Stack: Error: Attempted to use detached Frame '03DAD367655A18147D7AE5A08EAEAA20'.
    at <anonymous> (/Users/grins/git/warcraft/wow-bis/node_modules/.pnpm/puppeteer-core@24.25.0/node_modules/puppeteer-core/lib/esm/puppeteer/util/decorators.js:99:27)
    at <anonymous> (/Users/grins/git/warcraft/wow-bis/node_modules/.pnpm/puppeteer-core@24.25.0/node_modules/puppeteer-core/lib/esm/puppeteer/api/Page.js:568:43)
    at goto (/Users/grins/git/warcraft/wow-bis/node_modules/.pnpm/puppeteer-core@24.25.0/node_modules/puppeteer-core/lib/esm/puppeteer/api/Page.js:567:20)
    at <anonymous> (/Users/grins/git/warcraft/wow-bis/scripts/process-quest-levels.ts:191:24)
    at fetchQuestRequiredLevel (/Users/grins/git/warcraft/wow-bis/scripts/process-quest-levels.ts:182:33)
    at processTicksAndRejections (native:7:39)
Full Error: {}
---
[2025-11-03T06:25:32.472Z] ERROR: Error fetching quest 1740 (attempt 3)
Message: Attempted to use detached Frame '03DAD367655A18147D7AE5A08EAEAA20'.
Stack: Error: Attempted to use detached Frame '03DAD367655A18147D7AE5A08EAEAA20'.
    at <anonymous> (/Users/grins/git/warcraft/wow-bis/node_modules/.pnpm/puppeteer-core@24.25.0/node_modules/puppeteer-core/lib/esm/puppeteer/util/decorators.js:99:27)
    at <anonymous> (/Users/grins/git/warcraft/wow-bis/node_modules/.pnpm/puppeteer-core@24.25.0/node_modules/puppeteer-core/lib/esm/puppeteer/api/Page.js:568:43)
    at goto (/Users/grins/git/warcraft/wow-bis/node_modules/.pnpm/puppeteer-core@24.25.0/node_modules/puppeteer-core/lib/esm/puppeteer/api/Page.js:567:20)
    at <anonymous> (/Users/grins/git/warcraft/wow-bis/scripts/process-quest-levels.ts:191:24)
    at fetchQuestRequiredLevel (/Users/grins/git/warcraft/wow-bis/scripts/process-quest-levels.ts:182:33)
    at processTicksAndRejections (native:7:39)
Full Error: {}
---
[2025-11-03T06:25:41.473Z] ERROR: Error fetching quest 1740 (attempt 4)
Message: Attempted to use detached Frame '03DAD367655A18147D7AE5A08EAEAA20'.
Stack: Error: Attempted to use detached Frame '03DAD367655A18147D7AE5A08EAEAA20'.
    at <anonymous> (/Users/grins/git/warcraft/wow-bis/node_modules/.pnpm/puppeteer-core@24.25.0/node_modules/puppeteer-core/lib/esm/puppeteer/util/decorators.js:99:27)
    at <anonymous> (/Users/grins/git/warcraft/wow-bis/node_modules/.pnpm/puppeteer-core@24.25.0/node_modules/puppeteer-core/lib/esm/puppeteer/api/Page.js:568:43)
    at goto (/Users/grins/git/warcraft/wow-bis/node_modules/.pnpm/puppeteer-core@24.25.0/node_modules/puppeteer-core/lib/esm/puppeteer/api/Page.js:567:20)
    at <anonymous> (/Users/grins/git/warcraft/wow-bis/scripts/process-quest-levels.ts:191:24)
    at fetchQuestRequiredLevel (/Users/grins/git/warcraft/wow-bis/scripts/process-quest-levels.ts:182:33)
    at processTicksAndRejections (native:7:39)
Full Error: {}
---
[2025-11-03T06:25:43.476Z] ERROR: Error fetching quest 5730 (attempt 1)
Message: Attempted to use detached Frame '03DAD367655A18147D7AE5A08EAEAA20'.
Stack: Error: Attempted to use detached Frame '03DAD367655A18147D7AE5A08EAEAA20'.
    at <anonymous> (/Users/grins/git/warcraft/wow-bis/node_modules/.pnpm/puppeteer-core@24.25.0/node_modules/puppeteer-core/lib/esm/puppeteer/util/decorators.js:99:27)
    at <anonymous> (/Users/grins/git/warcraft/wow-bis/node_modules/.pnpm/puppeteer-core@24.25.0/node_modules/puppeteer-core/lib/esm/puppeteer/api/Page.js:568:43)
    at goto (/Users/grins/git/warcraft/wow-bis/node_modules/.pnpm/puppeteer-core@24.25.0/node_modules/puppeteer-core/lib/esm/puppeteer/api/Page.js:567:20)
    at <anonymous> (/Users/grins/git/warcraft/wow-bis/scripts/process-quest-levels.ts:191:24)
    at fetchQuestRequiredLevel (/Users/grins/git/warcraft/wow-bis/scripts/process-quest-levels.ts:182:33)
    at <anonymous> (/Users/grins/git/warcraft/wow-bis/scripts/process-quest-levels.ts:386:42)
    at processTicksAndRejections (native:7:39)
Full Error: {}
---
[2025-11-03T06:25:48.479Z] ERROR: Error fetching quest 5730 (attempt 2)
Message: Attempted to use detached Frame '03DAD367655A18147D7AE5A08EAEAA20'.
Stack: Error: Attempted to use detached Frame '03DAD367655A18147D7AE5A08EAEAA20'.
    at <anonymous> (/Users/grins/git/warcraft/wow-bis/node_modules/.pnpm/puppeteer-core@24.25.0/node_modules/puppeteer-core/lib/esm/puppeteer/util/decorators.js:99:27)
    at <anonymous> (/Users/grins/git/warcraft/wow-bis/node_modules/.pnpm/puppeteer-core@24.25.0/node_modules/puppeteer-core/lib/esm/puppeteer/api/Page.js:568:43)
    at goto (/Users/grins/git/warcraft/wow-bis/node_modules/.pnpm/puppeteer-core@24.25.0/node_modules/puppeteer-core/lib/esm/puppeteer/api/Page.js:567:20)
    at <anonymous> (/Users/grins/git/warcraft/wow-bis/scripts/process-quest-levels.ts:191:24)
    at fetchQuestRequiredLevel (/Users/grins/git/warcraft/wow-bis/scripts/process-quest-levels.ts:182:33)
    at processTicksAndRejections (native:7:39)
Full Error: {}
---
[2025-11-03T06:25:55.482Z] ERROR: Error fetching quest 5730 (attempt 3)
Message: Attempted to use detached Frame '03DAD367655A18147D7AE5A08EAEAA20'.
Stack: Error: Attempted to use detached Frame '03DAD367655A18147D7AE5A08EAEAA20'.
    at <anonymous> (/Users/grins/git/warcraft/wow-bis/node_modules/.pnpm/puppeteer-core@24.25.0/node_modules/puppeteer-core/lib/esm/puppeteer/util/decorators.js:99:27)
    at <anonymous> (/Users/grins/git/warcraft/wow-bis/node_modules/.pnpm/puppeteer-core@24.25.0/node_modules/puppeteer-core/lib/esm/puppeteer/api/Page.js:568:43)
    at goto (/Users/grins/git/warcraft/wow-bis/node_modules/.pnpm/puppeteer-core@24.25.0/node_modules/puppeteer-core/lib/esm/puppeteer/api/Page.js:567:20)
    at <anonymous> (/Users/grins/git/warcraft/wow-bis/scripts/process-quest-levels.ts:191:24)
    at fetchQuestRequiredLevel (/Users/grins/git/warcraft/wow-bis/scripts/process-quest-levels.ts:182:33)
    at processTicksAndRejections (native:7:39)
Full Error: {}
---
[2025-11-03T06:26:04.485Z] ERROR: Error fetching quest 5730 (attempt 4)
Message: Attempted to use detached Frame '03DAD367655A18147D7AE5A08EAEAA20'.
Stack: Error: Attempted to use detached Frame '03DAD367655A18147D7AE5A08EAEAA20'.
    at <anonymous> (/Users/grins/git/warcraft/wow-bis/node_modules/.pnpm/puppeteer-core@24.25.0/node_modules/puppeteer-core/lib/esm/puppeteer/util/decorators.js:99:27)
    at <anonymous> (/Users/grins/git/warcraft/wow-bis/node_modules/.pnpm/puppeteer-core@24.25.0/node_modules/puppeteer-core/lib/esm/puppeteer/api/Page.js:568:43)
    at goto (/Users/grins/git/warcraft/wow-bis/node_modules/.pnpm/puppeteer-core@24.25.0/node_modules/puppeteer-core/lib/esm/puppeteer/api/Page.js:567:20)
    at <anonymous> (/Users/grins/git/warcraft/wow-bis/scripts/process-quest-levels.ts:191:24)
    at fetchQuestRequiredLevel (/Users/grins/git/warcraft/wow-bis/scripts/process-quest-levels.ts:182:33)
    at processTicksAndRejections (native:7:39)
Full Error: {}
---
[2025-11-03T06:26:06.489Z] ERROR: Error fetching quest 6136 (attempt 1)
Message: Attempted to use detached Frame '03DAD367655A18147D7AE5A08EAEAA20'.
Stack: Error: Attempted to use detached Frame '03DAD367655A18147D7AE5A08EAEAA20'.
    at <anonymous> (/Users/grins/git/warcraft/wow-bis/node_modules/.pnpm/puppeteer-core@24.25.0/node_modules/puppeteer-core/lib/esm/puppeteer/util/decorators.js:99:27)
    at <anonymous> (/Users/grins/git/warcraft/wow-bis/node_modules/.pnpm/puppeteer-core@24.25.0/node_modules/puppeteer-core/lib/esm/puppeteer/api/Page.js:568:43)
    at goto (/Users/grins/git/warcraft/wow-bis/node_modules/.pnpm/puppeteer-core@24.25.0/node_modules/puppeteer-core/lib/esm/puppeteer/api/Page.js:567:20)
    at <anonymous> (/Users/grins/git/warcraft/wow-bis/scripts/process-quest-levels.ts:191:24)
    at fetchQuestRequiredLevel (/Users/grins/git/warcraft/wow-bis/scripts/process-quest-levels.ts:182:33)
    at <anonymous> (/Users/grins/git/warcraft/wow-bis/scripts/process-quest-levels.ts:386:42)
    at processTicksAndRejections (native:7:39)
Full Error: {}
---
[2025-11-03T06:26:11.493Z] ERROR: Error fetching quest 6136 (attempt 2)
Message: Attempted to use detached Frame '03DAD367655A18147D7AE5A08EAEAA20'.
Stack: Error: Attempted to use detached Frame '03DAD367655A18147D7AE5A08EAEAA20'.
    at <anonymous> (/Users/grins/git/warcraft/wow-bis/node_modules/.pnpm/puppeteer-core@24.25.0/node_modules/puppeteer-core/lib/esm/puppeteer/util/decorators.js:99:27)
    at <anonymous> (/Users/grins/git/warcraft/wow-bis/node_modules/.pnpm/puppeteer-core@24.25.0/node_modules/puppeteer-core/lib/esm/puppeteer/api/Page.js:568:43)
    at goto (/Users/grins/git/warcraft/wow-bis/node_modules/.pnpm/puppeteer-core@24.25.0/node_modules/puppeteer-core/lib/esm/puppeteer/api/Page.js:567:20)
    at <anonymous> (/Users/grins/git/warcraft/wow-bis/scripts/process-quest-levels.ts:191:24)
    at fetchQuestRequiredLevel (/Users/grins/git/warcraft/wow-bis/scripts/process-quest-levels.ts:182:33)
    at processTicksAndRejections (native:7:39)
Full Error: {}
---
[2025-11-03T06:26:18.497Z] ERROR: Error fetching quest 6136 (attempt 3)
Message: Attempted to use detached Frame '03DAD367655A18147D7AE5A08EAEAA20'.
Stack: Error: Attempted to use detached Frame '03DAD367655A18147D7AE5A08EAEAA20'.
    at <anonymous> (/Users/grins/git/warcraft/wow-bis/node_modules/.pnpm/puppeteer-core@24.25.0/node_modules/puppeteer-core/lib/esm/puppeteer/util/decorators.js:99:27)
    at <anonymous> (/Users/grins/git/warcraft/wow-bis/node_modules/.pnpm/puppeteer-core@24.25.0/node_modules/puppeteer-core/lib/esm/puppeteer/api/Page.js:568:43)
    at goto (/Users/grins/git/warcraft/wow-bis/node_modules/.pnpm/puppeteer-core@24.25.0/node_modules/puppeteer-core/lib/esm/puppeteer/api/Page.js:567:20)
    at <anonymous> (/Users/grins/git/warcraft/wow-bis/scripts/process-quest-levels.ts:191:24)
    at fetchQuestRequiredLevel (/Users/grins/git/warcraft/wow-bis/scripts/process-quest-levels.ts:182:33)
    at processTicksAndRejections (native:7:39)
Full Error: {}
---
[2025-11-03T06:26:27.500Z] ERROR: Error fetching quest 6136 (attempt 4)
Message: Attempted to use detached Frame '03DAD367655A18147D7AE5A08EAEAA20'.
Stack: Error: Attempted to use detached Frame '03DAD367655A18147D7AE5A08EAEAA20'.
    at <anonymous> (/Users/grins/git/warcraft/wow-bis/node_modules/.pnpm/puppeteer-core@24.25.0/node_modules/puppeteer-core/lib/esm/puppeteer/util/decorators.js:99:27)
    at <anonymous> (/Users/grins/git/warcraft/wow-bis/node_modules/.pnpm/puppeteer-core@24.25.0/node_modules/puppeteer-core/lib/esm/puppeteer/api/Page.js:568:43)
    at goto (/Users/grins/git/warcraft/wow-bis/node_modules/.pnpm/puppeteer-core@24.25.0/node_modules/puppeteer-core/lib/esm/puppeteer/api/Page.js:567:20)
    at <anonymous> (/Users/grins/git/warcraft/wow-bis/scripts/process-quest-levels.ts:191:24)
    at fetchQuestRequiredLevel (/Users/grins/git/warcraft/wow-bis/scripts/process-quest-levels.ts:182:33)
    at processTicksAndRejections (native:7:39)
Full Error: {}
---
[2025-11-03T06:26:29.505Z] ERROR: Error fetching quest 41292 (attempt 1)
Message: Attempted to use detached Frame '03DAD367655A18147D7AE5A08EAEAA20'.
Stack: Error: Attempted to use detached Frame '03DAD367655A18147D7AE5A08EAEAA20'.
    at <anonymous> (/Users/grins/git/warcraft/wow-bis/node_modules/.pnpm/puppeteer-core@24.25.0/node_modules/puppeteer-core/lib/esm/puppeteer/util/decorators.js:99:27)
    at <anonymous> (/Users/grins/git/warcraft/wow-bis/node_modules/.pnpm/puppeteer-core@24.25.0/node_modules/puppeteer-core/lib/esm/puppeteer/api/Page.js:568:43)
    at goto (/Users/grins/git/warcraft/wow-bis/node_modules/.pnpm/puppeteer-core@24.25.0/node_modules/puppeteer-core/lib/esm/puppeteer/api/Page.js:567:20)
    at <anonymous> (/Users/grins/git/warcraft/wow-bis/scripts/process-quest-levels.ts:191:24)
    at fetchQuestRequiredLevel (/Users/grins/git/warcraft/wow-bis/scripts/process-quest-levels.ts:182:33)
    at <anonymous> (/Users/grins/git/warcraft/wow-bis/scripts/process-quest-levels.ts:386:42)
    at processTicksAndRejections (native:7:39)
Full Error: {}
---
[2025-11-03T06:26:34.508Z] ERROR: Error fetching quest 41292 (attempt 2)
Message: Attempted to use detached Frame '03DAD367655A18147D7AE5A08EAEAA20'.
Stack: Error: Attempted to use detached Frame '03DAD367655A18147D7AE5A08EAEAA20'.
    at <anonymous> (/Users/grins/git/warcraft/wow-bis/node_modules/.pnpm/puppeteer-core@24.25.0/node_modules/puppeteer-core/lib/esm/puppeteer/util/decorators.js:99:27)
    at <anonymous> (/Users/grins/git/warcraft/wow-bis/node_modules/.pnpm/puppeteer-core@24.25.0/node_modules/puppeteer-core/lib/esm/puppeteer/api/Page.js:568:43)
    at goto (/Users/grins/git/warcraft/wow-bis/node_modules/.pnpm/puppeteer-core@24.25.0/node_modules/puppeteer-core/lib/esm/puppeteer/api/Page.js:567:20)
    at <anonymous> (/Users/grins/git/warcraft/wow-bis/scripts/process-quest-levels.ts:191:24)
    at fetchQuestRequiredLevel (/Users/grins/git/warcraft/wow-bis/scripts/process-quest-levels.ts:182:33)
    at processTicksAndRejections (native:7:39)
Full Error: {}
---
[2025-11-03T06:26:41.509Z] ERROR: Error fetching quest 41292 (attempt 3)
Message: Attempted to use detached Frame '03DAD367655A18147D7AE5A08EAEAA20'.
Stack: Error: Attempted to use detached Frame '03DAD367655A18147D7AE5A08EAEAA20'.
    at <anonymous> (/Users/grins/git/warcraft/wow-bis/node_modules/.pnpm/puppeteer-core@24.25.0/node_modules/puppeteer-core/lib/esm/puppeteer/util/decorators.js:99:27)
    at <anonymous> (/Users/grins/git/warcraft/wow-bis/node_modules/.pnpm/puppeteer-core@24.25.0/node_modules/puppeteer-core/lib/esm/puppeteer/api/Page.js:568:43)
    at goto (/Users/grins/git/warcraft/wow-bis/node_modules/.pnpm/puppeteer-core@24.25.0/node_modules/puppeteer-core/lib/esm/puppeteer/api/Page.js:567:20)
    at <anonymous> (/Users/grins/git/warcraft/wow-bis/scripts/process-quest-levels.ts:191:24)
    at fetchQuestRequiredLevel (/Users/grins/git/warcraft/wow-bis/scripts/process-quest-levels.ts:182:33)
    at processTicksAndRejections (native:7:39)
Full Error: {}
---
[2025-11-03T06:26:50.512Z] ERROR: Error fetching quest 41292 (attempt 4)
Message: Attempted to use detached Frame '03DAD367655A18147D7AE5A08EAEAA20'.
Stack: Error: Attempted to use detached Frame '03DAD367655A18147D7AE5A08EAEAA20'.
    at <anonymous> (/Users/grins/git/warcraft/wow-bis/node_modules/.pnpm/puppeteer-core@24.25.0/node_modules/puppeteer-core/lib/esm/puppeteer/util/decorators.js:99:27)
    at <anonymous> (/Users/grins/git/warcraft/wow-bis/node_modules/.pnpm/puppeteer-core@24.25.0/node_modules/puppeteer-core/lib/esm/puppeteer/api/Page.js:568:43)
    at goto (/Users/grins/git/warcraft/wow-bis/node_modules/.pnpm/puppeteer-core@24.25.0/node_modules/puppeteer-core/lib/esm/puppeteer/api/Page.js:567:20)
    at <anonymous> (/Users/grins/git/warcraft/wow-bis/scripts/process-quest-levels.ts:191:24)
    at fetchQuestRequiredLevel (/Users/grins/git/warcraft/wow-bis/scripts/process-quest-levels.ts:182:33)
    at processTicksAndRejections (native:7:39)
Full Error: {}
---
[2025-11-03T06:26:52.515Z] ERROR: Error fetching quest 41637 (attempt 1)
Message: Attempted to use detached Frame '03DAD367655A18147D7AE5A08EAEAA20'.
Stack: Error: Attempted to use detached Frame '03DAD367655A18147D7AE5A08EAEAA20'.
    at <anonymous> (/Users/grins/git/warcraft/wow-bis/node_modules/.pnpm/puppeteer-core@24.25.0/node_modules/puppeteer-core/lib/esm/puppeteer/util/decorators.js:99:27)
    at <anonymous> (/Users/grins/git/warcraft/wow-bis/node_modules/.pnpm/puppeteer-core@24.25.0/node_modules/puppeteer-core/lib/esm/puppeteer/api/Page.js:568:43)
    at goto (/Users/grins/git/warcraft/wow-bis/node_modules/.pnpm/puppeteer-core@24.25.0/node_modules/puppeteer-core/lib/esm/puppeteer/api/Page.js:567:20)
    at <anonymous> (/Users/grins/git/warcraft/wow-bis/scripts/process-quest-levels.ts:191:24)
    at fetchQuestRequiredLevel (/Users/grins/git/warcraft/wow-bis/scripts/process-quest-levels.ts:182:33)
    at <anonymous> (/Users/grins/git/warcraft/wow-bis/scripts/process-quest-levels.ts:386:42)
    at processTicksAndRejections (native:7:39)
Full Error: {}
---
[2025-11-03T06:26:57.518Z] ERROR: Error fetching quest 41637 (attempt 2)
Message: Attempted to use detached Frame '03DAD367655A18147D7AE5A08EAEAA20'.
Stack: Error: Attempted to use detached Frame '03DAD367655A18147D7AE5A08EAEAA20'.
    at <anonymous> (/Users/grins/git/warcraft/wow-bis/node_modules/.pnpm/puppeteer-core@24.25.0/node_modules/puppeteer-core/lib/esm/puppeteer/util/decorators.js:99:27)
    at <anonymous> (/Users/grins/git/warcraft/wow-bis/node_modules/.pnpm/puppeteer-core@24.25.0/node_modules/puppeteer-core/lib/esm/puppeteer/api/Page.js:568:43)
    at goto (/Users/grins/git/warcraft/wow-bis/node_modules/.pnpm/puppeteer-core@24.25.0/node_modules/puppeteer-core/lib/esm/puppeteer/api/Page.js:567:20)
    at <anonymous> (/Users/grins/git/warcraft/wow-bis/scripts/process-quest-levels.ts:191:24)
    at fetchQuestRequiredLevel (/Users/grins/git/warcraft/wow-bis/scripts/process-quest-levels.ts:182:33)
    at processTicksAndRejections (native:7:39)
Full Error: {}
---
[2025-11-03T06:27:04.520Z] ERROR: Error fetching quest 41637 (attempt 3)
Message: Attempted to use detached Frame '03DAD367655A18147D7AE5A08EAEAA20'.
Stack: Error: Attempted to use detached Frame '03DAD367655A18147D7AE5A08EAEAA20'.
    at <anonymous> (/Users/grins/git/warcraft/wow-bis/node_modules/.pnpm/puppeteer-core@24.25.0/node_modules/puppeteer-core/lib/esm/puppeteer/util/decorators.js:99:27)
    at <anonymous> (/Users/grins/git/warcraft/wow-bis/node_modules/.pnpm/puppeteer-core@24.25.0/node_modules/puppeteer-core/lib/esm/puppeteer/api/Page.js:568:43)
    at goto (/Users/grins/git/warcraft/wow-bis/node_modules/.pnpm/puppeteer-core@24.25.0/node_modules/puppeteer-core/lib/esm/puppeteer/api/Page.js:567:20)
    at <anonymous> (/Users/grins/git/warcraft/wow-bis/scripts/process-quest-levels.ts:191:24)
    at fetchQuestRequiredLevel (/Users/grins/git/warcraft/wow-bis/scripts/process-quest-levels.ts:182:33)
    at processTicksAndRejections (native:7:39)
Full Error: {}
---
[2025-11-03T06:27:13.522Z] ERROR: Error fetching quest 41637 (attempt 4)
Message: Attempted to use detached Frame '03DAD367655A18147D7AE5A08EAEAA20'.
Stack: Error: Attempted to use detached Frame '03DAD367655A18147D7AE5A08EAEAA20'.
    at <anonymous> (/Users/grins/git/warcraft/wow-bis/node_modules/.pnpm/puppeteer-core@24.25.0/node_modules/puppeteer-core/lib/esm/puppeteer/util/decorators.js:99:27)
    at <anonymous> (/Users/grins/git/warcraft/wow-bis/node_modules/.pnpm/puppeteer-core@24.25.0/node_modules/puppeteer-core/lib/esm/puppeteer/api/Page.js:568:43)
    at goto (/Users/grins/git/warcraft/wow-bis/node_modules/.pnpm/puppeteer-core@24.25.0/node_modules/puppeteer-core/lib/esm/puppeteer/api/Page.js:567:20)
    at <anonymous> (/Users/grins/git/warcraft/wow-bis/scripts/process-quest-levels.ts:191:24)
    at fetchQuestRequiredLevel (/Users/grins/git/warcraft/wow-bis/scripts/process-quest-levels.ts:182:33)
    at processTicksAndRejections (native:7:39)
Full Error: {}
---
[2025-11-03T06:27:17.529Z] ERROR: Error fetching quest 41037 (attempt 1)
Message: Attempted to use detached Frame '03DAD367655A18147D7AE5A08EAEAA20'.
Stack: Error: Attempted to use detached Frame '03DAD367655A18147D7AE5A08EAEAA20'.
    at <anonymous> (/Users/grins/git/warcraft/wow-bis/node_modules/.pnpm/puppeteer-core@24.25.0/node_modules/puppeteer-core/lib/esm/puppeteer/util/decorators.js:99:27)
    at <anonymous> (/Users/grins/git/warcraft/wow-bis/node_modules/.pnpm/puppeteer-core@24.25.0/node_modules/puppeteer-core/lib/esm/puppeteer/api/Page.js:568:43)
    at goto (/Users/grins/git/warcraft/wow-bis/node_modules/.pnpm/puppeteer-core@24.25.0/node_modules/puppeteer-core/lib/esm/puppeteer/api/Page.js:567:20)
    at <anonymous> (/Users/grins/git/warcraft/wow-bis/scripts/process-quest-levels.ts:191:24)
    at fetchQuestRequiredLevel (/Users/grins/git/warcraft/wow-bis/scripts/process-quest-levels.ts:182:33)
    at <anonymous> (/Users/grins/git/warcraft/wow-bis/scripts/process-quest-levels.ts:386:42)
    at processTicksAndRejections (native:7:39)
Full Error: {}
---
[2025-11-03T06:27:22.530Z] ERROR: Error fetching quest 41037 (attempt 2)
Message: Attempted to use detached Frame '03DAD367655A18147D7AE5A08EAEAA20'.
Stack: Error: Attempted to use detached Frame '03DAD367655A18147D7AE5A08EAEAA20'.
    at <anonymous> (/Users/grins/git/warcraft/wow-bis/node_modules/.pnpm/puppeteer-core@24.25.0/node_modules/puppeteer-core/lib/esm/puppeteer/util/decorators.js:99:27)
    at <anonymous> (/Users/grins/git/warcraft/wow-bis/node_modules/.pnpm/puppeteer-core@24.25.0/node_modules/puppeteer-core/lib/esm/puppeteer/api/Page.js:568:43)
    at goto (/Users/grins/git/warcraft/wow-bis/node_modules/.pnpm/puppeteer-core@24.25.0/node_modules/puppeteer-core/lib/esm/puppeteer/api/Page.js:567:20)
    at <anonymous> (/Users/grins/git/warcraft/wow-bis/scripts/process-quest-levels.ts:191:24)
    at fetchQuestRequiredLevel (/Users/grins/git/warcraft/wow-bis/scripts/process-quest-levels.ts:182:33)
    at processTicksAndRejections (native:7:39)
Full Error: {}
---
[2025-11-03T06:27:29.533Z] ERROR: Error fetching quest 41037 (attempt 3)
Message: Attempted to use detached Frame '03DAD367655A18147D7AE5A08EAEAA20'.
Stack: Error: Attempted to use detached Frame '03DAD367655A18147D7AE5A08EAEAA20'.
    at <anonymous> (/Users/grins/git/warcraft/wow-bis/node_modules/.pnpm/puppeteer-core@24.25.0/node_modules/puppeteer-core/lib/esm/puppeteer/util/decorators.js:99:27)
    at <anonymous> (/Users/grins/git/warcraft/wow-bis/node_modules/.pnpm/puppeteer-core@24.25.0/node_modules/puppeteer-core/lib/esm/puppeteer/api/Page.js:568:43)
    at goto (/Users/grins/git/warcraft/wow-bis/node_modules/.pnpm/puppeteer-core@24.25.0/node_modules/puppeteer-core/lib/esm/puppeteer/api/Page.js:567:20)
    at <anonymous> (/Users/grins/git/warcraft/wow-bis/scripts/process-quest-levels.ts:191:24)
    at fetchQuestRequiredLevel (/Users/grins/git/warcraft/wow-bis/scripts/process-quest-levels.ts:182:33)
    at processTicksAndRejections (native:7:39)
Full Error: {}
---
[2025-11-03T06:27:38.537Z] ERROR: Error fetching quest 41037 (attempt 4)
Message: Attempted to use detached Frame '03DAD367655A18147D7AE5A08EAEAA20'.
Stack: Error: Attempted to use detached Frame '03DAD367655A18147D7AE5A08EAEAA20'.
    at <anonymous> (/Users/grins/git/warcraft/wow-bis/node_modules/.pnpm/puppeteer-core@24.25.0/node_modules/puppeteer-core/lib/esm/puppeteer/util/decorators.js:99:27)
    at <anonymous> (/Users/grins/git/warcraft/wow-bis/node_modules/.pnpm/puppeteer-core@24.25.0/node_modules/puppeteer-core/lib/esm/puppeteer/api/Page.js:568:43)
    at goto (/Users/grins/git/warcraft/wow-bis/node_modules/.pnpm/puppeteer-core@24.25.0/node_modules/puppeteer-core/lib/esm/puppeteer/api/Page.js:567:20)
    at <anonymous> (/Users/grins/git/warcraft/wow-bis/scripts/process-quest-levels.ts:191:24)
    at fetchQuestRequiredLevel (/Users/grins/git/warcraft/wow-bis/scripts/process-quest-levels.ts:182:33)
    at processTicksAndRejections (native:7:39)
Full Error: {}
---
[2025-11-03T06:27:40.541Z] ERROR: Error fetching quest 320 (attempt 1)
Message: Attempted to use detached Frame '03DAD367655A18147D7AE5A08EAEAA20'.
Stack: Error: Attempted to use detached Frame '03DAD367655A18147D7AE5A08EAEAA20'.
    at <anonymous> (/Users/grins/git/warcraft/wow-bis/node_modules/.pnpm/puppeteer-core@24.25.0/node_modules/puppeteer-core/lib/esm/puppeteer/util/decorators.js:99:27)
    at <anonymous> (/Users/grins/git/warcraft/wow-bis/node_modules/.pnpm/puppeteer-core@24.25.0/node_modules/puppeteer-core/lib/esm/puppeteer/api/Page.js:568:43)
    at goto (/Users/grins/git/warcraft/wow-bis/node_modules/.pnpm/puppeteer-core@24.25.0/node_modules/puppeteer-core/lib/esm/puppeteer/api/Page.js:567:20)
    at <anonymous> (/Users/grins/git/warcraft/wow-bis/scripts/process-quest-levels.ts:191:24)
    at fetchQuestRequiredLevel (/Users/grins/git/warcraft/wow-bis/scripts/process-quest-levels.ts:182:33)
    at <anonymous> (/Users/grins/git/warcraft/wow-bis/scripts/process-quest-levels.ts:386:42)
    at processTicksAndRejections (native:7:39)
Full Error: {}
---
[2025-11-03T06:27:45.544Z] ERROR: Error fetching quest 320 (attempt 2)
Message: Attempted to use detached Frame '03DAD367655A18147D7AE5A08EAEAA20'.
Stack: Error: Attempted to use detached Frame '03DAD367655A18147D7AE5A08EAEAA20'.
    at <anonymous> (/Users/grins/git/warcraft/wow-bis/node_modules/.pnpm/puppeteer-core@24.25.0/node_modules/puppeteer-core/lib/esm/puppeteer/util/decorators.js:99:27)
    at <anonymous> (/Users/grins/git/warcraft/wow-bis/node_modules/.pnpm/puppeteer-core@24.25.0/node_modules/puppeteer-core/lib/esm/puppeteer/api/Page.js:568:43)
    at goto (/Users/grins/git/warcraft/wow-bis/node_modules/.pnpm/puppeteer-core@24.25.0/node_modules/puppeteer-core/lib/esm/puppeteer/api/Page.js:567:20)
    at <anonymous> (/Users/grins/git/warcraft/wow-bis/scripts/process-quest-levels.ts:191:24)
    at fetchQuestRequiredLevel (/Users/grins/git/warcraft/wow-bis/scripts/process-quest-levels.ts:182:33)
    at processTicksAndRejections (native:7:39)
Full Error: {}
---
[2025-11-03T06:27:52.548Z] ERROR: Error fetching quest 320 (attempt 3)
Message: Attempted to use detached Frame '03DAD367655A18147D7AE5A08EAEAA20'.
Stack: Error: Attempted to use detached Frame '03DAD367655A18147D7AE5A08EAEAA20'.
    at <anonymous> (/Users/grins/git/warcraft/wow-bis/node_modules/.pnpm/puppeteer-core@24.25.0/node_modules/puppeteer-core/lib/esm/puppeteer/util/decorators.js:99:27)
    at <anonymous> (/Users/grins/git/warcraft/wow-bis/node_modules/.pnpm/puppeteer-core@24.25.0/node_modules/puppeteer-core/lib/esm/puppeteer/api/Page.js:568:43)
    at goto (/Users/grins/git/warcraft/wow-bis/node_modules/.pnpm/puppeteer-core@24.25.0/node_modules/puppeteer-core/lib/esm/puppeteer/api/Page.js:567:20)
    at <anonymous> (/Users/grins/git/warcraft/wow-bis/scripts/process-quest-levels.ts:191:24)
    at fetchQuestRequiredLevel (/Users/grins/git/warcraft/wow-bis/scripts/process-quest-levels.ts:182:33)
    at processTicksAndRejections (native:7:39)
Full Error: {}
---
[2025-11-03T06:28:01.550Z] ERROR: Error fetching quest 320 (attempt 4)
Message: Attempted to use detached Frame '03DAD367655A18147D7AE5A08EAEAA20'.
Stack: Error: Attempted to use detached Frame '03DAD367655A18147D7AE5A08EAEAA20'.
    at <anonymous> (/Users/grins/git/warcraft/wow-bis/node_modules/.pnpm/puppeteer-core@24.25.0/node_modules/puppeteer-core/lib/esm/puppeteer/util/decorators.js:99:27)
    at <anonymous> (/Users/grins/git/warcraft/wow-bis/node_modules/.pnpm/puppeteer-core@24.25.0/node_modules/puppeteer-core/lib/esm/puppeteer/api/Page.js:568:43)
    at goto (/Users/grins/git/warcraft/wow-bis/node_modules/.pnpm/puppeteer-core@24.25.0/node_modules/puppeteer-core/lib/esm/puppeteer/api/Page.js:567:20)
    at <anonymous> (/Users/grins/git/warcraft/wow-bis/scripts/process-quest-levels.ts:191:24)
    at fetchQuestRequiredLevel (/Users/grins/git/warcraft/wow-bis/scripts/process-quest-levels.ts:182:33)
    at processTicksAndRejections (native:7:39)
Full Error: {}
---
[2025-11-03T06:28:03.555Z] ERROR: Error fetching quest 382 (attempt 1)
Message: Attempted to use detached Frame '03DAD367655A18147D7AE5A08EAEAA20'.
Stack: Error: Attempted to use detached Frame '03DAD367655A18147D7AE5A08EAEAA20'.
    at <anonymous> (/Users/grins/git/warcraft/wow-bis/node_modules/.pnpm/puppeteer-core@24.25.0/node_modules/puppeteer-core/lib/esm/puppeteer/util/decorators.js:99:27)
    at <anonymous> (/Users/grins/git/warcraft/wow-bis/node_modules/.pnpm/puppeteer-core@24.25.0/node_modules/puppeteer-core/lib/esm/puppeteer/api/Page.js:568:43)
    at goto (/Users/grins/git/warcraft/wow-bis/node_modules/.pnpm/puppeteer-core@24.25.0/node_modules/puppeteer-core/lib/esm/puppeteer/api/Page.js:567:20)
    at <anonymous> (/Users/grins/git/warcraft/wow-bis/scripts/process-quest-levels.ts:191:24)
    at fetchQuestRequiredLevel (/Users/grins/git/warcraft/wow-bis/scripts/process-quest-levels.ts:182:33)
    at <anonymous> (/Users/grins/git/warcraft/wow-bis/scripts/process-quest-levels.ts:386:42)
    at processTicksAndRejections (native:7:39)
Full Error: {}
---
[2025-11-03T06:34:24.656Z] ERROR: Error fetching quest 382 (attempt 2)
Message: Attempted to use detached Frame '03DAD367655A18147D7AE5A08EAEAA20'.
Stack: Error: Attempted to use detached Frame '03DAD367655A18147D7AE5A08EAEAA20'.
    at <anonymous> (/Users/grins/git/warcraft/wow-bis/node_modules/.pnpm/puppeteer-core@24.25.0/node_modules/puppeteer-core/lib/esm/puppeteer/util/decorators.js:99:27)
    at <anonymous> (/Users/grins/git/warcraft/wow-bis/node_modules/.pnpm/puppeteer-core@24.25.0/node_modules/puppeteer-core/lib/esm/puppeteer/api/Page.js:568:43)
    at goto (/Users/grins/git/warcraft/wow-bis/node_modules/.pnpm/puppeteer-core@24.25.0/node_modules/puppeteer-core/lib/esm/puppeteer/api/Page.js:567:20)
    at <anonymous> (/Users/grins/git/warcraft/wow-bis/scripts/process-quest-levels.ts:191:24)
    at fetchQuestRequiredLevel (/Users/grins/git/warcraft/wow-bis/scripts/process-quest-levels.ts:182:33)
    at processTicksAndRejections (native:7:39)
Full Error: {}
---
[2025-11-03T06:34:31.753Z] ERROR: Error fetching quest 382 (attempt 3)
Message: Attempted to use detached Frame '03DAD367655A18147D7AE5A08EAEAA20'.
Stack: Error: Attempted to use detached Frame '03DAD367655A18147D7AE5A08EAEAA20'.
    at <anonymous> (/Users/grins/git/warcraft/wow-bis/node_modules/.pnpm/puppeteer-core@24.25.0/node_modules/puppeteer-core/lib/esm/puppeteer/util/decorators.js:99:27)
    at <anonymous> (/Users/grins/git/warcraft/wow-bis/node_modules/.pnpm/puppeteer-core@24.25.0/node_modules/puppeteer-core/lib/esm/puppeteer/api/Page.js:568:43)
    at goto (/Users/grins/git/warcraft/wow-bis/node_modules/.pnpm/puppeteer-core@24.25.0/node_modules/puppeteer-core/lib/esm/puppeteer/api/Page.js:567:20)
    at <anonymous> (/Users/grins/git/warcraft/wow-bis/scripts/process-quest-levels.ts:191:24)
    at fetchQuestRequiredLevel (/Users/grins/git/warcraft/wow-bis/scripts/process-quest-levels.ts:182:33)
    at processTicksAndRejections (native:7:39)
Full Error: {}
---
[2025-11-03T06:34:40.756Z] ERROR: Error fetching quest 382 (attempt 4)
Message: Attempted to use detached Frame '03DAD367655A18147D7AE5A08EAEAA20'.
Stack: Error: Attempted to use detached Frame '03DAD367655A18147D7AE5A08EAEAA20'.
    at <anonymous> (/Users/grins/git/warcraft/wow-bis/node_modules/.pnpm/puppeteer-core@24.25.0/node_modules/puppeteer-core/lib/esm/puppeteer/util/decorators.js:99:27)
    at <anonymous> (/Users/grins/git/warcraft/wow-bis/node_modules/.pnpm/puppeteer-core@24.25.0/node_modules/puppeteer-core/lib/esm/puppeteer/api/Page.js:568:43)
    at goto (/Users/grins/git/warcraft/wow-bis/node_modules/.pnpm/puppeteer-core@24.25.0/node_modules/puppeteer-core/lib/esm/puppeteer/api/Page.js:567:20)
    at <anonymous> (/Users/grins/git/warcraft/wow-bis/scripts/process-quest-levels.ts:191:24)
    at fetchQuestRequiredLevel (/Users/grins/git/warcraft/wow-bis/scripts/process-quest-levels.ts:182:33)
    at processTicksAndRejections (native:7:39)
Full Error: {}
---
[2025-11-03T06:34:42.757Z] ERROR: Error fetching quest 218 (attempt 1)
Message: Attempted to use detached Frame '03DAD367655A18147D7AE5A08EAEAA20'.
Stack: Error: Attempted to use detached Frame '03DAD367655A18147D7AE5A08EAEAA20'.
    at <anonymous> (/Users/grins/git/warcraft/wow-bis/node_modules/.pnpm/puppeteer-core@24.25.0/node_modules/puppeteer-core/lib/esm/puppeteer/util/decorators.js:99:27)
    at <anonymous> (/Users/grins/git/warcraft/wow-bis/node_modules/.pnpm/puppeteer-core@24.25.0/node_modules/puppeteer-core/lib/esm/puppeteer/api/Page.js:568:43)
    at goto (/Users/grins/git/warcraft/wow-bis/node_modules/.pnpm/puppeteer-core@24.25.0/node_modules/puppeteer-core/lib/esm/puppeteer/api/Page.js:567:20)
    at <anonymous> (/Users/grins/git/warcraft/wow-bis/scripts/process-quest-levels.ts:191:24)
    at fetchQuestRequiredLevel (/Users/grins/git/warcraft/wow-bis/scripts/process-quest-levels.ts:182:33)
    at <anonymous> (/Users/grins/git/warcraft/wow-bis/scripts/process-quest-levels.ts:386:42)
    at processTicksAndRejections (native:7:39)
Full Error: {}
---
[2025-11-03T06:34:47.760Z] ERROR: Error fetching quest 218 (attempt 2)
Message: Attempted to use detached Frame '03DAD367655A18147D7AE5A08EAEAA20'.
Stack: Error: Attempted to use detached Frame '03DAD367655A18147D7AE5A08EAEAA20'.
    at <anonymous> (/Users/grins/git/warcraft/wow-bis/node_modules/.pnpm/puppeteer-core@24.25.0/node_modules/puppeteer-core/lib/esm/puppeteer/util/decorators.js:99:27)
    at <anonymous> (/Users/grins/git/warcraft/wow-bis/node_modules/.pnpm/puppeteer-core@24.25.0/node_modules/puppeteer-core/lib/esm/puppeteer/api/Page.js:568:43)
    at goto (/Users/grins/git/warcraft/wow-bis/node_modules/.pnpm/puppeteer-core@24.25.0/node_modules/puppeteer-core/lib/esm/puppeteer/api/Page.js:567:20)
    at <anonymous> (/Users/grins/git/warcraft/wow-bis/scripts/process-quest-levels.ts:191:24)
    at fetchQuestRequiredLevel (/Users/grins/git/warcraft/wow-bis/scripts/process-quest-levels.ts:182:33)
    at processTicksAndRejections (native:7:39)
Full Error: {}
---
[2025-11-03T06:34:54.764Z] ERROR: Error fetching quest 218 (attempt 3)
Message: Attempted to use detached Frame '03DAD367655A18147D7AE5A08EAEAA20'.
Stack: Error: Attempted to use detached Frame '03DAD367655A18147D7AE5A08EAEAA20'.
    at <anonymous> (/Users/grins/git/warcraft/wow-bis/node_modules/.pnpm/puppeteer-core@24.25.0/node_modules/puppeteer-core/lib/esm/puppeteer/util/decorators.js:99:27)
    at <anonymous> (/Users/grins/git/warcraft/wow-bis/node_modules/.pnpm/puppeteer-core@24.25.0/node_modules/puppeteer-core/lib/esm/puppeteer/api/Page.js:568:43)
    at goto (/Users/grins/git/warcraft/wow-bis/node_modules/.pnpm/puppeteer-core@24.25.0/node_modules/puppeteer-core/lib/esm/puppeteer/api/Page.js:567:20)
    at <anonymous> (/Users/grins/git/warcraft/wow-bis/scripts/process-quest-levels.ts:191:24)
    at fetchQuestRequiredLevel (/Users/grins/git/warcraft/wow-bis/scripts/process-quest-levels.ts:182:33)
    at processTicksAndRejections (native:7:39)
Full Error: {}
---
[2025-11-03T06:35:03.768Z] ERROR: Error fetching quest 218 (attempt 4)
Message: Attempted to use detached Frame '03DAD367655A18147D7AE5A08EAEAA20'.
Stack: Error: Attempted to use detached Frame '03DAD367655A18147D7AE5A08EAEAA20'.
    at <anonymous> (/Users/grins/git/warcraft/wow-bis/node_modules/.pnpm/puppeteer-core@24.25.0/node_modules/puppeteer-core/lib/esm/puppeteer/util/decorators.js:99:27)
    at <anonymous> (/Users/grins/git/warcraft/wow-bis/node_modules/.pnpm/puppeteer-core@24.25.0/node_modules/puppeteer-core/lib/esm/puppeteer/api/Page.js:568:43)
    at goto (/Users/grins/git/warcraft/wow-bis/node_modules/.pnpm/puppeteer-core@24.25.0/node_modules/puppeteer-core/lib/esm/puppeteer/api/Page.js:567:20)
    at <anonymous> (/Users/grins/git/warcraft/wow-bis/scripts/process-quest-levels.ts:191:24)
    at fetchQuestRequiredLevel (/Users/grins/git/warcraft/wow-bis/scripts/process-quest-levels.ts:182:33)
    at processTicksAndRejections (native:7:39)
Full Error: {}
---
[2025-11-03T06:35:05.770Z] ERROR: Error fetching quest 757 (attempt 1)
Message: Attempted to use detached Frame '03DAD367655A18147D7AE5A08EAEAA20'.
Stack: Error: Attempted to use detached Frame '03DAD367655A18147D7AE5A08EAEAA20'.
    at <anonymous> (/Users/grins/git/warcraft/wow-bis/node_modules/.pnpm/puppeteer-core@24.25.0/node_modules/puppeteer-core/lib/esm/puppeteer/util/decorators.js:99:27)
    at <anonymous> (/Users/grins/git/warcraft/wow-bis/node_modules/.pnpm/puppeteer-core@24.25.0/node_modules/puppeteer-core/lib/esm/puppeteer/api/Page.js:568:43)
    at goto (/Users/grins/git/warcraft/wow-bis/node_modules/.pnpm/puppeteer-core@24.25.0/node_modules/puppeteer-core/lib/esm/puppeteer/api/Page.js:567:20)
    at <anonymous> (/Users/grins/git/warcraft/wow-bis/scripts/process-quest-levels.ts:191:24)
    at fetchQuestRequiredLevel (/Users/grins/git/warcraft/wow-bis/scripts/process-quest-levels.ts:182:33)
    at <anonymous> (/Users/grins/git/warcraft/wow-bis/scripts/process-quest-levels.ts:386:42)
    at processTicksAndRejections (native:7:39)
Full Error: {}
---
[2025-11-03T06:35:10.774Z] ERROR: Error fetching quest 757 (attempt 2)
Message: Attempted to use detached Frame '03DAD367655A18147D7AE5A08EAEAA20'.
Stack: Error: Attempted to use detached Frame '03DAD367655A18147D7AE5A08EAEAA20'.
    at <anonymous> (/Users/grins/git/warcraft/wow-bis/node_modules/.pnpm/puppeteer-core@24.25.0/node_modules/puppeteer-core/lib/esm/puppeteer/util/decorators.js:99:27)
    at <anonymous> (/Users/grins/git/warcraft/wow-bis/node_modules/.pnpm/puppeteer-core@24.25.0/node_modules/puppeteer-core/lib/esm/puppeteer/api/Page.js:568:43)
    at goto (/Users/grins/git/warcraft/wow-bis/node_modules/.pnpm/puppeteer-core@24.25.0/node_modules/puppeteer-core/lib/esm/puppeteer/api/Page.js:567:20)
    at <anonymous> (/Users/grins/git/warcraft/wow-bis/scripts/process-quest-levels.ts:191:24)
    at fetchQuestRequiredLevel (/Users/grins/git/warcraft/wow-bis/scripts/process-quest-levels.ts:182:33)
    at processTicksAndRejections (native:7:39)
Full Error: {}
---
[2025-11-03T06:35:17.777Z] ERROR: Error fetching quest 757 (attempt 3)
Message: Attempted to use detached Frame '03DAD367655A18147D7AE5A08EAEAA20'.
Stack: Error: Attempted to use detached Frame '03DAD367655A18147D7AE5A08EAEAA20'.
    at <anonymous> (/Users/grins/git/warcraft/wow-bis/node_modules/.pnpm/puppeteer-core@24.25.0/node_modules/puppeteer-core/lib/esm/puppeteer/util/decorators.js:99:27)
    at <anonymous> (/Users/grins/git/warcraft/wow-bis/node_modules/.pnpm/puppeteer-core@24.25.0/node_modules/puppeteer-core/lib/esm/puppeteer/api/Page.js:568:43)
    at goto (/Users/grins/git/warcraft/wow-bis/node_modules/.pnpm/puppeteer-core@24.25.0/node_modules/puppeteer-core/lib/esm/puppeteer/api/Page.js:567:20)
    at <anonymous> (/Users/grins/git/warcraft/wow-bis/scripts/process-quest-levels.ts:191:24)
    at fetchQuestRequiredLevel (/Users/grins/git/warcraft/wow-bis/scripts/process-quest-levels.ts:182:33)
    at processTicksAndRejections (native:7:39)
Full Error: {}
---
[2025-11-03T06:35:26.778Z] ERROR: Error fetching quest 757 (attempt 4)
Message: Attempted to use detached Frame '03DAD367655A18147D7AE5A08EAEAA20'.
Stack: Error: Attempted to use detached Frame '03DAD367655A18147D7AE5A08EAEAA20'.
    at <anonymous> (/Users/grins/git/warcraft/wow-bis/node_modules/.pnpm/puppeteer-core@24.25.0/node_modules/puppeteer-core/lib/esm/puppeteer/util/decorators.js:99:27)
    at <anonymous> (/Users/grins/git/warcraft/wow-bis/node_modules/.pnpm/puppeteer-core@24.25.0/node_modules/puppeteer-core/lib/esm/puppeteer/api/Page.js:568:43)
    at goto (/Users/grins/git/warcraft/wow-bis/node_modules/.pnpm/puppeteer-core@24.25.0/node_modules/puppeteer-core/lib/esm/puppeteer/api/Page.js:567:20)
    at <anonymous> (/Users/grins/git/warcraft/wow-bis/scripts/process-quest-levels.ts:191:24)
    at fetchQuestRequiredLevel (/Users/grins/git/warcraft/wow-bis/scripts/process-quest-levels.ts:182:33)
    at processTicksAndRejections (native:7:39)
Full Error: {}
---
[2025-11-03T06:35:28.782Z] ERROR: Error fetching quest 1499 (attempt 1)
Message: Attempted to use detached Frame '03DAD367655A18147D7AE5A08EAEAA20'.
Stack: Error: Attempted to use detached Frame '03DAD367655A18147D7AE5A08EAEAA20'.
    at <anonymous> (/Users/grins/git/warcraft/wow-bis/node_modules/.pnpm/puppeteer-core@24.25.0/node_modules/puppeteer-core/lib/esm/puppeteer/util/decorators.js:99:27)
    at <anonymous> (/Users/grins/git/warcraft/wow-bis/node_modules/.pnpm/puppeteer-core@24.25.0/node_modules/puppeteer-core/lib/esm/puppeteer/api/Page.js:568:43)
    at goto (/Users/grins/git/warcraft/wow-bis/node_modules/.pnpm/puppeteer-core@24.25.0/node_modules/puppeteer-core/lib/esm/puppeteer/api/Page.js:567:20)
    at <anonymous> (/Users/grins/git/warcraft/wow-bis/scripts/process-quest-levels.ts:191:24)
    at fetchQuestRequiredLevel (/Users/grins/git/warcraft/wow-bis/scripts/process-quest-levels.ts:182:33)
    at <anonymous> (/Users/grins/git/warcraft/wow-bis/scripts/process-quest-levels.ts:386:42)
    at processTicksAndRejections (native:7:39)
Full Error: {}
---
[2025-11-03T06:35:33.786Z] ERROR: Error fetching quest 1499 (attempt 2)
Message: Attempted to use detached Frame '03DAD367655A18147D7AE5A08EAEAA20'.
Stack: Error: Attempted to use detached Frame '03DAD367655A18147D7AE5A08EAEAA20'.
    at <anonymous> (/Users/grins/git/warcraft/wow-bis/node_modules/.pnpm/puppeteer-core@24.25.0/node_modules/puppeteer-core/lib/esm/puppeteer/util/decorators.js:99:27)
    at <anonymous> (/Users/grins/git/warcraft/wow-bis/node_modules/.pnpm/puppeteer-core@24.25.0/node_modules/puppeteer-core/lib/esm/puppeteer/api/Page.js:568:43)
    at goto (/Users/grins/git/warcraft/wow-bis/node_modules/.pnpm/puppeteer-core@24.25.0/node_modules/puppeteer-core/lib/esm/puppeteer/api/Page.js:567:20)
    at <anonymous> (/Users/grins/git/warcraft/wow-bis/scripts/process-quest-levels.ts:191:24)
    at fetchQuestRequiredLevel (/Users/grins/git/warcraft/wow-bis/scripts/process-quest-levels.ts:182:33)
    at processTicksAndRejections (native:7:39)
Full Error: {}
---
[2025-11-03T06:35:40.790Z] ERROR: Error fetching quest 1499 (attempt 3)
Message: Attempted to use detached Frame '03DAD367655A18147D7AE5A08EAEAA20'.
Stack: Error: Attempted to use detached Frame '03DAD367655A18147D7AE5A08EAEAA20'.
    at <anonymous> (/Users/grins/git/warcraft/wow-bis/node_modules/.pnpm/puppeteer-core@24.25.0/node_modules/puppeteer-core/lib/esm/puppeteer/util/decorators.js:99:27)
    at <anonymous> (/Users/grins/git/warcraft/wow-bis/node_modules/.pnpm/puppeteer-core@24.25.0/node_modules/puppeteer-core/lib/esm/puppeteer/api/Page.js:568:43)
    at goto (/Users/grins/git/warcraft/wow-bis/node_modules/.pnpm/puppeteer-core@24.25.0/node_modules/puppeteer-core/lib/esm/puppeteer/api/Page.js:567:20)
    at <anonymous> (/Users/grins/git/warcraft/wow-bis/scripts/process-quest-levels.ts:191:24)
    at fetchQuestRequiredLevel (/Users/grins/git/warcraft/wow-bis/scripts/process-quest-levels.ts:182:33)
    at processTicksAndRejections (native:7:39)
Full Error: {}
---
[2025-11-03T06:35:49.794Z] ERROR: Error fetching quest 1499 (attempt 4)
Message: Attempted to use detached Frame '03DAD367655A18147D7AE5A08EAEAA20'.
Stack: Error: Attempted to use detached Frame '03DAD367655A18147D7AE5A08EAEAA20'.
    at <anonymous> (/Users/grins/git/warcraft/wow-bis/node_modules/.pnpm/puppeteer-core@24.25.0/node_modules/puppeteer-core/lib/esm/puppeteer/util/decorators.js:99:27)
    at <anonymous> (/Users/grins/git/warcraft/wow-bis/node_modules/.pnpm/puppeteer-core@24.25.0/node_modules/puppeteer-core/lib/esm/puppeteer/api/Page.js:568:43)
    at goto (/Users/grins/git/warcraft/wow-bis/node_modules/.pnpm/puppeteer-core@24.25.0/node_modules/puppeteer-core/lib/esm/puppeteer/api/Page.js:567:20)
    at <anonymous> (/Users/grins/git/warcraft/wow-bis/scripts/process-quest-levels.ts:191:24)
    at fetchQuestRequiredLevel (/Users/grins/git/warcraft/wow-bis/scripts/process-quest-levels.ts:182:33)
    at processTicksAndRejections (native:7:39)
Full Error: {}
---
[2025-11-03T06:35:51.799Z] ERROR: Error fetching quest 792 (attempt 1)
Message: Attempted to use detached Frame '03DAD367655A18147D7AE5A08EAEAA20'.
Stack: Error: Attempted to use detached Frame '03DAD367655A18147D7AE5A08EAEAA20'.
    at <anonymous> (/Users/grins/git/warcraft/wow-bis/node_modules/.pnpm/puppeteer-core@24.25.0/node_modules/puppeteer-core/lib/esm/puppeteer/util/decorators.js:99:27)
    at <anonymous> (/Users/grins/git/warcraft/wow-bis/node_modules/.pnpm/puppeteer-core@24.25.0/node_modules/puppeteer-core/lib/esm/puppeteer/api/Page.js:568:43)
    at goto (/Users/grins/git/warcraft/wow-bis/node_modules/.pnpm/puppeteer-core@24.25.0/node_modules/puppeteer-core/lib/esm/puppeteer/api/Page.js:567:20)
    at <anonymous> (/Users/grins/git/warcraft/wow-bis/scripts/process-quest-levels.ts:191:24)
    at fetchQuestRequiredLevel (/Users/grins/git/warcraft/wow-bis/scripts/process-quest-levels.ts:182:33)
    at <anonymous> (/Users/grins/git/warcraft/wow-bis/scripts/process-quest-levels.ts:386:42)
    at processTicksAndRejections (native:7:39)
Full Error: {}
---
[2025-11-03T06:35:56.803Z] ERROR: Error fetching quest 792 (attempt 2)
Message: Attempted to use detached Frame '03DAD367655A18147D7AE5A08EAEAA20'.
Stack: Error: Attempted to use detached Frame '03DAD367655A18147D7AE5A08EAEAA20'.
    at <anonymous> (/Users/grins/git/warcraft/wow-bis/node_modules/.pnpm/puppeteer-core@24.25.0/node_modules/puppeteer-core/lib/esm/puppeteer/util/decorators.js:99:27)
    at <anonymous> (/Users/grins/git/warcraft/wow-bis/node_modules/.pnpm/puppeteer-core@24.25.0/node_modules/puppeteer-core/lib/esm/puppeteer/api/Page.js:568:43)
    at goto (/Users/grins/git/warcraft/wow-bis/node_modules/.pnpm/puppeteer-core@24.25.0/node_modules/puppeteer-core/lib/esm/puppeteer/api/Page.js:567:20)
    at <anonymous> (/Users/grins/git/warcraft/wow-bis/scripts/process-quest-levels.ts:191:24)
    at fetchQuestRequiredLevel (/Users/grins/git/warcraft/wow-bis/scripts/process-quest-levels.ts:182:33)
    at processTicksAndRejections (native:7:39)
Full Error: {}
---
[2025-11-03T06:36:03.805Z] ERROR: Error fetching quest 792 (attempt 3)
Message: Attempted to use detached Frame '03DAD367655A18147D7AE5A08EAEAA20'.
Stack: Error: Attempted to use detached Frame '03DAD367655A18147D7AE5A08EAEAA20'.
    at <anonymous> (/Users/grins/git/warcraft/wow-bis/node_modules/.pnpm/puppeteer-core@24.25.0/node_modules/puppeteer-core/lib/esm/puppeteer/util/decorators.js:99:27)
    at <anonymous> (/Users/grins/git/warcraft/wow-bis/node_modules/.pnpm/puppeteer-core@24.25.0/node_modules/puppeteer-core/lib/esm/puppeteer/api/Page.js:568:43)
    at goto (/Users/grins/git/warcraft/wow-bis/node_modules/.pnpm/puppeteer-core@24.25.0/node_modules/puppeteer-core/lib/esm/puppeteer/api/Page.js:567:20)
    at <anonymous> (/Users/grins/git/warcraft/wow-bis/scripts/process-quest-levels.ts:191:24)
    at fetchQuestRequiredLevel (/Users/grins/git/warcraft/wow-bis/scripts/process-quest-levels.ts:182:33)
    at processTicksAndRejections (native:7:39)
Full Error: {}
---
[2025-11-03T06:36:12.809Z] ERROR: Error fetching quest 792 (attempt 4)
Message: Attempted to use detached Frame '03DAD367655A18147D7AE5A08EAEAA20'.
Stack: Error: Attempted to use detached Frame '03DAD367655A18147D7AE5A08EAEAA20'.
    at <anonymous> (/Users/grins/git/warcraft/wow-bis/node_modules/.pnpm/puppeteer-core@24.25.0/node_modules/puppeteer-core/lib/esm/puppeteer/util/decorators.js:99:27)
    at <anonymous> (/Users/grins/git/warcraft/wow-bis/node_modules/.pnpm/puppeteer-core@24.25.0/node_modules/puppeteer-core/lib/esm/puppeteer/api/Page.js:568:43)
    at goto (/Users/grins/git/warcraft/wow-bis/node_modules/.pnpm/puppeteer-core@24.25.0/node_modules/puppeteer-core/lib/esm/puppeteer/api/Page.js:567:20)
    at <anonymous> (/Users/grins/git/warcraft/wow-bis/scripts/process-quest-levels.ts:191:24)
    at fetchQuestRequiredLevel (/Users/grins/git/warcraft/wow-bis/scripts/process-quest-levels.ts:182:33)
    at processTicksAndRejections (native:7:39)
Full Error: {}
---
[2025-11-03T06:36:14.814Z] ERROR: Error fetching quest 41185 (attempt 1)
Message: Attempted to use detached Frame '03DAD367655A18147D7AE5A08EAEAA20'.
Stack: Error: Attempted to use detached Frame '03DAD367655A18147D7AE5A08EAEAA20'.
    at <anonymous> (/Users/grins/git/warcraft/wow-bis/node_modules/.pnpm/puppeteer-core@24.25.0/node_modules/puppeteer-core/lib/esm/puppeteer/util/decorators.js:99:27)
    at <anonymous> (/Users/grins/git/warcraft/wow-bis/node_modules/.pnpm/puppeteer-core@24.25.0/node_modules/puppeteer-core/lib/esm/puppeteer/api/Page.js:568:43)
    at goto (/Users/grins/git/warcraft/wow-bis/node_modules/.pnpm/puppeteer-core@24.25.0/node_modules/puppeteer-core/lib/esm/puppeteer/api/Page.js:567:20)
    at <anonymous> (/Users/grins/git/warcraft/wow-bis/scripts/process-quest-levels.ts:191:24)
    at fetchQuestRequiredLevel (/Users/grins/git/warcraft/wow-bis/scripts/process-quest-levels.ts:182:33)
    at <anonymous> (/Users/grins/git/warcraft/wow-bis/scripts/process-quest-levels.ts:386:42)
    at processTicksAndRejections (native:7:39)
Full Error: {}
---
[2025-11-03T06:36:19.817Z] ERROR: Error fetching quest 41185 (attempt 2)
Message: Attempted to use detached Frame '03DAD367655A18147D7AE5A08EAEAA20'.
Stack: Error: Attempted to use detached Frame '03DAD367655A18147D7AE5A08EAEAA20'.
    at <anonymous> (/Users/grins/git/warcraft/wow-bis/node_modules/.pnpm/puppeteer-core@24.25.0/node_modules/puppeteer-core/lib/esm/puppeteer/util/decorators.js:99:27)
    at <anonymous> (/Users/grins/git/warcraft/wow-bis/node_modules/.pnpm/puppeteer-core@24.25.0/node_modules/puppeteer-core/lib/esm/puppeteer/api/Page.js:568:43)
    at goto (/Users/grins/git/warcraft/wow-bis/node_modules/.pnpm/puppeteer-core@24.25.0/node_modules/puppeteer-core/lib/esm/puppeteer/api/Page.js:567:20)
    at <anonymous> (/Users/grins/git/warcraft/wow-bis/scripts/process-quest-levels.ts:191:24)
    at fetchQuestRequiredLevel (/Users/grins/git/warcraft/wow-bis/scripts/process-quest-levels.ts:182:33)
    at processTicksAndRejections (native:7:39)
Full Error: {}
---
[2025-11-03T06:36:26.822Z] ERROR: Error fetching quest 41185 (attempt 3)
Message: Attempted to use detached Frame '03DAD367655A18147D7AE5A08EAEAA20'.
Stack: Error: Attempted to use detached Frame '03DAD367655A18147D7AE5A08EAEAA20'.
    at <anonymous> (/Users/grins/git/warcraft/wow-bis/node_modules/.pnpm/puppeteer-core@24.25.0/node_modules/puppeteer-core/lib/esm/puppeteer/util/decorators.js:99:27)
    at <anonymous> (/Users/grins/git/warcraft/wow-bis/node_modules/.pnpm/puppeteer-core@24.25.0/node_modules/puppeteer-core/lib/esm/puppeteer/api/Page.js:568:43)
    at goto (/Users/grins/git/warcraft/wow-bis/node_modules/.pnpm/puppeteer-core@24.25.0/node_modules/puppeteer-core/lib/esm/puppeteer/api/Page.js:567:20)
    at <anonymous> (/Users/grins/git/warcraft/wow-bis/scripts/process-quest-levels.ts:191:24)
    at fetchQuestRequiredLevel (/Users/grins/git/warcraft/wow-bis/scripts/process-quest-levels.ts:182:33)
    at processTicksAndRejections (native:7:39)
Full Error: {}
---
[2025-11-03T06:36:35.826Z] ERROR: Error fetching quest 41185 (attempt 4)
Message: Attempted to use detached Frame '03DAD367655A18147D7AE5A08EAEAA20'.
Stack: Error: Attempted to use detached Frame '03DAD367655A18147D7AE5A08EAEAA20'.
    at <anonymous> (/Users/grins/git/warcraft/wow-bis/node_modules/.pnpm/puppeteer-core@24.25.0/node_modules/puppeteer-core/lib/esm/puppeteer/util/decorators.js:99:27)
    at <anonymous> (/Users/grins/git/warcraft/wow-bis/node_modules/.pnpm/puppeteer-core@24.25.0/node_modules/puppeteer-core/lib/esm/puppeteer/api/Page.js:568:43)
    at goto (/Users/grins/git/warcraft/wow-bis/node_modules/.pnpm/puppeteer-core@24.25.0/node_modules/puppeteer-core/lib/esm/puppeteer/api/Page.js:567:20)
    at <anonymous> (/Users/grins/git/warcraft/wow-bis/scripts/process-quest-levels.ts:191:24)
    at fetchQuestRequiredLevel (/Users/grins/git/warcraft/wow-bis/scripts/process-quest-levels.ts:182:33)
    at processTicksAndRejections (native:7:39)
Full Error: {}
---
[2025-11-03T06:36:37.830Z] ERROR: Error fetching quest 80102 (attempt 1)
Message: Attempted to use detached Frame '03DAD367655A18147D7AE5A08EAEAA20'.
Stack: Error: Attempted to use detached Frame '03DAD367655A18147D7AE5A08EAEAA20'.
    at <anonymous> (/Users/grins/git/warcraft/wow-bis/node_modules/.pnpm/puppeteer-core@24.25.0/node_modules/puppeteer-core/lib/esm/puppeteer/util/decorators.js:99:27)
    at <anonymous> (/Users/grins/git/warcraft/wow-bis/node_modules/.pnpm/puppeteer-core@24.25.0/node_modules/puppeteer-core/lib/esm/puppeteer/api/Page.js:568:43)
    at goto (/Users/grins/git/warcraft/wow-bis/node_modules/.pnpm/puppeteer-core@24.25.0/node_modules/puppeteer-core/lib/esm/puppeteer/api/Page.js:567:20)
    at <anonymous> (/Users/grins/git/warcraft/wow-bis/scripts/process-quest-levels.ts:191:24)
    at fetchQuestRequiredLevel (/Users/grins/git/warcraft/wow-bis/scripts/process-quest-levels.ts:182:33)
    at <anonymous> (/Users/grins/git/warcraft/wow-bis/scripts/process-quest-levels.ts:386:42)
    at processTicksAndRejections (native:7:39)
Full Error: {}
---
[2025-11-03T06:41:37.964Z] ERROR: Error fetching quest 80102 (attempt 2)
Message: Attempted to use detached Frame '03DAD367655A18147D7AE5A08EAEAA20'.
Stack: Error: Attempted to use detached Frame '03DAD367655A18147D7AE5A08EAEAA20'.
    at <anonymous> (/Users/grins/git/warcraft/wow-bis/node_modules/.pnpm/puppeteer-core@24.25.0/node_modules/puppeteer-core/lib/esm/puppeteer/util/decorators.js:99:27)
    at <anonymous> (/Users/grins/git/warcraft/wow-bis/node_modules/.pnpm/puppeteer-core@24.25.0/node_modules/puppeteer-core/lib/esm/puppeteer/api/Page.js:568:43)
    at goto (/Users/grins/git/warcraft/wow-bis/node_modules/.pnpm/puppeteer-core@24.25.0/node_modules/puppeteer-core/lib/esm/puppeteer/api/Page.js:567:20)
    at <anonymous> (/Users/grins/git/warcraft/wow-bis/scripts/process-quest-levels.ts:191:24)
    at fetchQuestRequiredLevel (/Users/grins/git/warcraft/wow-bis/scripts/process-quest-levels.ts:182:33)
    at processTicksAndRejections (native:7:39)
Full Error: {}
---
[2025-11-03T06:41:45.083Z] ERROR: Error fetching quest 80102 (attempt 3)
Message: Attempted to use detached Frame '03DAD367655A18147D7AE5A08EAEAA20'.
Stack: Error: Attempted to use detached Frame '03DAD367655A18147D7AE5A08EAEAA20'.
    at <anonymous> (/Users/grins/git/warcraft/wow-bis/node_modules/.pnpm/puppeteer-core@24.25.0/node_modules/puppeteer-core/lib/esm/puppeteer/util/decorators.js:99:27)
    at <anonymous> (/Users/grins/git/warcraft/wow-bis/node_modules/.pnpm/puppeteer-core@24.25.0/node_modules/puppeteer-core/lib/esm/puppeteer/api/Page.js:568:43)
    at goto (/Users/grins/git/warcraft/wow-bis/node_modules/.pnpm/puppeteer-core@24.25.0/node_modules/puppeteer-core/lib/esm/puppeteer/api/Page.js:567:20)
    at <anonymous> (/Users/grins/git/warcraft/wow-bis/scripts/process-quest-levels.ts:191:24)
    at fetchQuestRequiredLevel (/Users/grins/git/warcraft/wow-bis/scripts/process-quest-levels.ts:182:33)
    at processTicksAndRejections (native:7:39)
Full Error: {}
---
[2025-11-03T06:41:54.081Z] ERROR: Error fetching quest 80102 (attempt 4)
Message: Attempted to use detached Frame '03DAD367655A18147D7AE5A08EAEAA20'.
Stack: Error: Attempted to use detached Frame '03DAD367655A18147D7AE5A08EAEAA20'.
    at <anonymous> (/Users/grins/git/warcraft/wow-bis/node_modules/.pnpm/puppeteer-core@24.25.0/node_modules/puppeteer-core/lib/esm/puppeteer/util/decorators.js:99:27)
    at <anonymous> (/Users/grins/git/warcraft/wow-bis/node_modules/.pnpm/puppeteer-core@24.25.0/node_modules/puppeteer-core/lib/esm/puppeteer/api/Page.js:568:43)
    at goto (/Users/grins/git/warcraft/wow-bis/node_modules/.pnpm/puppeteer-core@24.25.0/node_modules/puppeteer-core/lib/esm/puppeteer/api/Page.js:567:20)
    at <anonymous> (/Users/grins/git/warcraft/wow-bis/scripts/process-quest-levels.ts:191:24)
    at fetchQuestRequiredLevel (/Users/grins/git/warcraft/wow-bis/scripts/process-quest-levels.ts:182:33)
    at processTicksAndRejections (native:7:39)
Full Error: {}
---
[2025-11-03T06:42:00.096Z] ERROR: Error fetching quest 8573 (attempt 1)
Message: Attempted to use detached Frame '03DAD367655A18147D7AE5A08EAEAA20'.
Stack: Error: Attempted to use detached Frame '03DAD367655A18147D7AE5A08EAEAA20'.
    at <anonymous> (/Users/grins/git/warcraft/wow-bis/node_modules/.pnpm/puppeteer-core@24.25.0/node_modules/puppeteer-core/lib/esm/puppeteer/util/decorators.js:99:27)
    at <anonymous> (/Users/grins/git/warcraft/wow-bis/node_modules/.pnpm/puppeteer-core@24.25.0/node_modules/puppeteer-core/lib/esm/puppeteer/api/Page.js:568:43)
    at goto (/Users/grins/git/warcraft/wow-bis/node_modules/.pnpm/puppeteer-core@24.25.0/node_modules/puppeteer-core/lib/esm/puppeteer/api/Page.js:567:20)
    at <anonymous> (/Users/grins/git/warcraft/wow-bis/scripts/process-quest-levels.ts:191:24)
    at fetchQuestRequiredLevel (/Users/grins/git/warcraft/wow-bis/scripts/process-quest-levels.ts:182:33)
    at <anonymous> (/Users/grins/git/warcraft/wow-bis/scripts/process-quest-levels.ts:386:42)
    at processTicksAndRejections (native:7:39)
Full Error: {}
---
[2025-11-03T06:42:05.098Z] ERROR: Error fetching quest 8573 (attempt 2)
Message: Attempted to use detached Frame '03DAD367655A18147D7AE5A08EAEAA20'.
Stack: Error: Attempted to use detached Frame '03DAD367655A18147D7AE5A08EAEAA20'.
    at <anonymous> (/Users/grins/git/warcraft/wow-bis/node_modules/.pnpm/puppeteer-core@24.25.0/node_modules/puppeteer-core/lib/esm/puppeteer/util/decorators.js:99:27)
    at <anonymous> (/Users/grins/git/warcraft/wow-bis/node_modules/.pnpm/puppeteer-core@24.25.0/node_modules/puppeteer-core/lib/esm/puppeteer/api/Page.js:568:43)
    at goto (/Users/grins/git/warcraft/wow-bis/node_modules/.pnpm/puppeteer-core@24.25.0/node_modules/puppeteer-core/lib/esm/puppeteer/api/Page.js:567:20)
    at <anonymous> (/Users/grins/git/warcraft/wow-bis/scripts/process-quest-levels.ts:191:24)
    at fetchQuestRequiredLevel (/Users/grins/git/warcraft/wow-bis/scripts/process-quest-levels.ts:182:33)
    at processTicksAndRejections (native:7:39)
Full Error: {}
---
[2025-11-03T06:42:12.100Z] ERROR: Error fetching quest 8573 (attempt 3)
Message: Attempted to use detached Frame '03DAD367655A18147D7AE5A08EAEAA20'.
Stack: Error: Attempted to use detached Frame '03DAD367655A18147D7AE5A08EAEAA20'.
    at <anonymous> (/Users/grins/git/warcraft/wow-bis/node_modules/.pnpm/puppeteer-core@24.25.0/node_modules/puppeteer-core/lib/esm/puppeteer/util/decorators.js:99:27)
    at <anonymous> (/Users/grins/git/warcraft/wow-bis/node_modules/.pnpm/puppeteer-core@24.25.0/node_modules/puppeteer-core/lib/esm/puppeteer/api/Page.js:568:43)
    at goto (/Users/grins/git/warcraft/wow-bis/node_modules/.pnpm/puppeteer-core@24.25.0/node_modules/puppeteer-core/lib/esm/puppeteer/api/Page.js:567:20)
    at <anonymous> (/Users/grins/git/warcraft/wow-bis/scripts/process-quest-levels.ts:191:24)
    at fetchQuestRequiredLevel (/Users/grins/git/warcraft/wow-bis/scripts/process-quest-levels.ts:182:33)
    at processTicksAndRejections (native:7:39)
Full Error: {}
---
[2025-11-03T06:42:21.103Z] ERROR: Error fetching quest 8573 (attempt 4)
Message: Attempted to use detached Frame '03DAD367655A18147D7AE5A08EAEAA20'.
Stack: Error: Attempted to use detached Frame '03DAD367655A18147D7AE5A08EAEAA20'.
    at <anonymous> (/Users/grins/git/warcraft/wow-bis/node_modules/.pnpm/puppeteer-core@24.25.0/node_modules/puppeteer-core/lib/esm/puppeteer/util/decorators.js:99:27)
    at <anonymous> (/Users/grins/git/warcraft/wow-bis/node_modules/.pnpm/puppeteer-core@24.25.0/node_modules/puppeteer-core/lib/esm/puppeteer/api/Page.js:568:43)
    at goto (/Users/grins/git/warcraft/wow-bis/node_modules/.pnpm/puppeteer-core@24.25.0/node_modules/puppeteer-core/lib/esm/puppeteer/api/Page.js:567:20)
    at <anonymous> (/Users/grins/git/warcraft/wow-bis/scripts/process-quest-levels.ts:191:24)
    at fetchQuestRequiredLevel (/Users/grins/git/warcraft/wow-bis/scripts/process-quest-levels.ts:182:33)
    at processTicksAndRejections (native:7:39)
Full Error: {}
---
[2025-11-03T06:42:25.111Z] ERROR: Error fetching quest 893 (attempt 1)
Message: Attempted to use detached Frame '03DAD367655A18147D7AE5A08EAEAA20'.
Stack: Error: Attempted to use detached Frame '03DAD367655A18147D7AE5A08EAEAA20'.
    at <anonymous> (/Users/grins/git/warcraft/wow-bis/node_modules/.pnpm/puppeteer-core@24.25.0/node_modules/puppeteer-core/lib/esm/puppeteer/util/decorators.js:99:27)
    at <anonymous> (/Users/grins/git/warcraft/wow-bis/node_modules/.pnpm/puppeteer-core@24.25.0/node_modules/puppeteer-core/lib/esm/puppeteer/api/Page.js:568:43)
    at goto (/Users/grins/git/warcraft/wow-bis/node_modules/.pnpm/puppeteer-core@24.25.0/node_modules/puppeteer-core/lib/esm/puppeteer/api/Page.js:567:20)
    at <anonymous> (/Users/grins/git/warcraft/wow-bis/scripts/process-quest-levels.ts:191:24)
    at fetchQuestRequiredLevel (/Users/grins/git/warcraft/wow-bis/scripts/process-quest-levels.ts:182:33)
    at <anonymous> (/Users/grins/git/warcraft/wow-bis/scripts/process-quest-levels.ts:386:42)
    at processTicksAndRejections (native:7:39)
Full Error: {}
---
[2025-11-03T06:42:30.114Z] ERROR: Error fetching quest 893 (attempt 2)
Message: Attempted to use detached Frame '03DAD367655A18147D7AE5A08EAEAA20'.
Stack: Error: Attempted to use detached Frame '03DAD367655A18147D7AE5A08EAEAA20'.
    at <anonymous> (/Users/grins/git/warcraft/wow-bis/node_modules/.pnpm/puppeteer-core@24.25.0/node_modules/puppeteer-core/lib/esm/puppeteer/util/decorators.js:99:27)
    at <anonymous> (/Users/grins/git/warcraft/wow-bis/node_modules/.pnpm/puppeteer-core@24.25.0/node_modules/puppeteer-core/lib/esm/puppeteer/api/Page.js:568:43)
    at goto (/Users/grins/git/warcraft/wow-bis/node_modules/.pnpm/puppeteer-core@24.25.0/node_modules/puppeteer-core/lib/esm/puppeteer/api/Page.js:567:20)
    at <anonymous> (/Users/grins/git/warcraft/wow-bis/scripts/process-quest-levels.ts:191:24)
    at fetchQuestRequiredLevel (/Users/grins/git/warcraft/wow-bis/scripts/process-quest-levels.ts:182:33)
    at processTicksAndRejections (native:7:39)
Full Error: {}
---
[2025-11-03T06:42:37.118Z] ERROR: Error fetching quest 893 (attempt 3)
Message: Attempted to use detached Frame '03DAD367655A18147D7AE5A08EAEAA20'.
Stack: Error: Attempted to use detached Frame '03DAD367655A18147D7AE5A08EAEAA20'.
    at <anonymous> (/Users/grins/git/warcraft/wow-bis/node_modules/.pnpm/puppeteer-core@24.25.0/node_modules/puppeteer-core/lib/esm/puppeteer/util/decorators.js:99:27)
    at <anonymous> (/Users/grins/git/warcraft/wow-bis/node_modules/.pnpm/puppeteer-core@24.25.0/node_modules/puppeteer-core/lib/esm/puppeteer/api/Page.js:568:43)
    at goto (/Users/grins/git/warcraft/wow-bis/node_modules/.pnpm/puppeteer-core@24.25.0/node_modules/puppeteer-core/lib/esm/puppeteer/api/Page.js:567:20)
    at <anonymous> (/Users/grins/git/warcraft/wow-bis/scripts/process-quest-levels.ts:191:24)
    at fetchQuestRequiredLevel (/Users/grins/git/warcraft/wow-bis/scripts/process-quest-levels.ts:182:33)
    at processTicksAndRejections (native:7:39)
Full Error: {}
---
[2025-11-03T06:42:46.120Z] ERROR: Error fetching quest 893 (attempt 4)
Message: Attempted to use detached Frame '03DAD367655A18147D7AE5A08EAEAA20'.
Stack: Error: Attempted to use detached Frame '03DAD367655A18147D7AE5A08EAEAA20'.
    at <anonymous> (/Users/grins/git/warcraft/wow-bis/node_modules/.pnpm/puppeteer-core@24.25.0/node_modules/puppeteer-core/lib/esm/puppeteer/util/decorators.js:99:27)
    at <anonymous> (/Users/grins/git/warcraft/wow-bis/node_modules/.pnpm/puppeteer-core@24.25.0/node_modules/puppeteer-core/lib/esm/puppeteer/api/Page.js:568:43)
    at goto (/Users/grins/git/warcraft/wow-bis/node_modules/.pnpm/puppeteer-core@24.25.0/node_modules/puppeteer-core/lib/esm/puppeteer/api/Page.js:567:20)
    at <anonymous> (/Users/grins/git/warcraft/wow-bis/scripts/process-quest-levels.ts:191:24)
    at fetchQuestRequiredLevel (/Users/grins/git/warcraft/wow-bis/scripts/process-quest-levels.ts:182:33)
    at processTicksAndRejections (native:7:39)
Full Error: {}
---
[2025-11-03T06:42:48.125Z] ERROR: Error fetching quest 1806 (attempt 1)
Message: Attempted to use detached Frame '03DAD367655A18147D7AE5A08EAEAA20'.
Stack: Error: Attempted to use detached Frame '03DAD367655A18147D7AE5A08EAEAA20'.
    at <anonymous> (/Users/grins/git/warcraft/wow-bis/node_modules/.pnpm/puppeteer-core@24.25.0/node_modules/puppeteer-core/lib/esm/puppeteer/util/decorators.js:99:27)
    at <anonymous> (/Users/grins/git/warcraft/wow-bis/node_modules/.pnpm/puppeteer-core@24.25.0/node_modules/puppeteer-core/lib/esm/puppeteer/api/Page.js:568:43)
    at goto (/Users/grins/git/warcraft/wow-bis/node_modules/.pnpm/puppeteer-core@24.25.0/node_modules/puppeteer-core/lib/esm/puppeteer/api/Page.js:567:20)
    at <anonymous> (/Users/grins/git/warcraft/wow-bis/scripts/process-quest-levels.ts:191:24)
    at fetchQuestRequiredLevel (/Users/grins/git/warcraft/wow-bis/scripts/process-quest-levels.ts:182:33)
    at <anonymous> (/Users/grins/git/warcraft/wow-bis/scripts/process-quest-levels.ts:386:42)
    at processTicksAndRejections (native:7:39)
Full Error: {}
---
[2025-11-03T06:42:53.129Z] ERROR: Error fetching quest 1806 (attempt 2)
Message: Attempted to use detached Frame '03DAD367655A18147D7AE5A08EAEAA20'.
Stack: Error: Attempted to use detached Frame '03DAD367655A18147D7AE5A08EAEAA20'.
    at <anonymous> (/Users/grins/git/warcraft/wow-bis/node_modules/.pnpm/puppeteer-core@24.25.0/node_modules/puppeteer-core/lib/esm/puppeteer/util/decorators.js:99:27)
    at <anonymous> (/Users/grins/git/warcraft/wow-bis/node_modules/.pnpm/puppeteer-core@24.25.0/node_modules/puppeteer-core/lib/esm/puppeteer/api/Page.js:568:43)
    at goto (/Users/grins/git/warcraft/wow-bis/node_modules/.pnpm/puppeteer-core@24.25.0/node_modules/puppeteer-core/lib/esm/puppeteer/api/Page.js:567:20)
    at <anonymous> (/Users/grins/git/warcraft/wow-bis/scripts/process-quest-levels.ts:191:24)
    at fetchQuestRequiredLevel (/Users/grins/git/warcraft/wow-bis/scripts/process-quest-levels.ts:182:33)
    at processTicksAndRejections (native:7:39)
Full Error: {}
---
[2025-11-03T06:43:00.133Z] ERROR: Error fetching quest 1806 (attempt 3)
Message: Attempted to use detached Frame '03DAD367655A18147D7AE5A08EAEAA20'.
Stack: Error: Attempted to use detached Frame '03DAD367655A18147D7AE5A08EAEAA20'.
    at <anonymous> (/Users/grins/git/warcraft/wow-bis/node_modules/.pnpm/puppeteer-core@24.25.0/node_modules/puppeteer-core/lib/esm/puppeteer/util/decorators.js:99:27)
    at <anonymous> (/Users/grins/git/warcraft/wow-bis/node_modules/.pnpm/puppeteer-core@24.25.0/node_modules/puppeteer-core/lib/esm/puppeteer/api/Page.js:568:43)
    at goto (/Users/grins/git/warcraft/wow-bis/node_modules/.pnpm/puppeteer-core@24.25.0/node_modules/puppeteer-core/lib/esm/puppeteer/api/Page.js:567:20)
    at <anonymous> (/Users/grins/git/warcraft/wow-bis/scripts/process-quest-levels.ts:191:24)
    at fetchQuestRequiredLevel (/Users/grins/git/warcraft/wow-bis/scripts/process-quest-levels.ts:182:33)
    at processTicksAndRejections (native:7:39)
Full Error: {}
---
[2025-11-03T06:43:09.137Z] ERROR: Error fetching quest 1806 (attempt 4)
Message: Attempted to use detached Frame '03DAD367655A18147D7AE5A08EAEAA20'.
Stack: Error: Attempted to use detached Frame '03DAD367655A18147D7AE5A08EAEAA20'.
    at <anonymous> (/Users/grins/git/warcraft/wow-bis/node_modules/.pnpm/puppeteer-core@24.25.0/node_modules/puppeteer-core/lib/esm/puppeteer/util/decorators.js:99:27)
    at <anonymous> (/Users/grins/git/warcraft/wow-bis/node_modules/.pnpm/puppeteer-core@24.25.0/node_modules/puppeteer-core/lib/esm/puppeteer/api/Page.js:568:43)
    at goto (/Users/grins/git/warcraft/wow-bis/node_modules/.pnpm/puppeteer-core@24.25.0/node_modules/puppeteer-core/lib/esm/puppeteer/api/Page.js:567:20)
    at <anonymous> (/Users/grins/git/warcraft/wow-bis/scripts/process-quest-levels.ts:191:24)
    at fetchQuestRequiredLevel (/Users/grins/git/warcraft/wow-bis/scripts/process-quest-levels.ts:182:33)
    at processTicksAndRejections (native:7:39)
Full Error: {}
---
[2025-11-03T06:43:11.142Z] ERROR: Error fetching quest 1792 (attempt 1)
Message: Attempted to use detached Frame '03DAD367655A18147D7AE5A08EAEAA20'.
Stack: Error: Attempted to use detached Frame '03DAD367655A18147D7AE5A08EAEAA20'.
    at <anonymous> (/Users/grins/git/warcraft/wow-bis/node_modules/.pnpm/puppeteer-core@24.25.0/node_modules/puppeteer-core/lib/esm/puppeteer/util/decorators.js:99:27)
    at <anonymous> (/Users/grins/git/warcraft/wow-bis/node_modules/.pnpm/puppeteer-core@24.25.0/node_modules/puppeteer-core/lib/esm/puppeteer/api/Page.js:568:43)
    at goto (/Users/grins/git/warcraft/wow-bis/node_modules/.pnpm/puppeteer-core@24.25.0/node_modules/puppeteer-core/lib/esm/puppeteer/api/Page.js:567:20)
    at <anonymous> (/Users/grins/git/warcraft/wow-bis/scripts/process-quest-levels.ts:191:24)
    at fetchQuestRequiredLevel (/Users/grins/git/warcraft/wow-bis/scripts/process-quest-levels.ts:182:33)
    at <anonymous> (/Users/grins/git/warcraft/wow-bis/scripts/process-quest-levels.ts:386:42)
    at processTicksAndRejections (native:7:39)
Full Error: {}
---
[2025-11-03T06:43:16.144Z] ERROR: Error fetching quest 1792 (attempt 2)
Message: Attempted to use detached Frame '03DAD367655A18147D7AE5A08EAEAA20'.
Stack: Error: Attempted to use detached Frame '03DAD367655A18147D7AE5A08EAEAA20'.
    at <anonymous> (/Users/grins/git/warcraft/wow-bis/node_modules/.pnpm/puppeteer-core@24.25.0/node_modules/puppeteer-core/lib/esm/puppeteer/util/decorators.js:99:27)
    at <anonymous> (/Users/grins/git/warcraft/wow-bis/node_modules/.pnpm/puppeteer-core@24.25.0/node_modules/puppeteer-core/lib/esm/puppeteer/api/Page.js:568:43)
    at goto (/Users/grins/git/warcraft/wow-bis/node_modules/.pnpm/puppeteer-core@24.25.0/node_modules/puppeteer-core/lib/esm/puppeteer/api/Page.js:567:20)
    at <anonymous> (/Users/grins/git/warcraft/wow-bis/scripts/process-quest-levels.ts:191:24)
    at fetchQuestRequiredLevel (/Users/grins/git/warcraft/wow-bis/scripts/process-quest-levels.ts:182:33)
    at processTicksAndRejections (native:7:39)
Full Error: {}
---
[2025-11-03T06:43:23.148Z] ERROR: Error fetching quest 1792 (attempt 3)
Message: Attempted to use detached Frame '03DAD367655A18147D7AE5A08EAEAA20'.
Stack: Error: Attempted to use detached Frame '03DAD367655A18147D7AE5A08EAEAA20'.
    at <anonymous> (/Users/grins/git/warcraft/wow-bis/node_modules/.pnpm/puppeteer-core@24.25.0/node_modules/puppeteer-core/lib/esm/puppeteer/util/decorators.js:99:27)
    at <anonymous> (/Users/grins/git/warcraft/wow-bis/node_modules/.pnpm/puppeteer-core@24.25.0/node_modules/puppeteer-core/lib/esm/puppeteer/api/Page.js:568:43)
    at goto (/Users/grins/git/warcraft/wow-bis/node_modules/.pnpm/puppeteer-core@24.25.0/node_modules/puppeteer-core/lib/esm/puppeteer/api/Page.js:567:20)
    at <anonymous> (/Users/grins/git/warcraft/wow-bis/scripts/process-quest-levels.ts:191:24)
    at fetchQuestRequiredLevel (/Users/grins/git/warcraft/wow-bis/scripts/process-quest-levels.ts:182:33)
    at processTicksAndRejections (native:7:39)
Full Error: {}
---
[2025-11-03T06:43:32.152Z] ERROR: Error fetching quest 1792 (attempt 4)
Message: Attempted to use detached Frame '03DAD367655A18147D7AE5A08EAEAA20'.
Stack: Error: Attempted to use detached Frame '03DAD367655A18147D7AE5A08EAEAA20'.
    at <anonymous> (/Users/grins/git/warcraft/wow-bis/node_modules/.pnpm/puppeteer-core@24.25.0/node_modules/puppeteer-core/lib/esm/puppeteer/util/decorators.js:99:27)
    at <anonymous> (/Users/grins/git/warcraft/wow-bis/node_modules/.pnpm/puppeteer-core@24.25.0/node_modules/puppeteer-core/lib/esm/puppeteer/api/Page.js:568:43)
    at goto (/Users/grins/git/warcraft/wow-bis/node_modules/.pnpm/puppeteer-core@24.25.0/node_modules/puppeteer-core/lib/esm/puppeteer/api/Page.js:567:20)
    at <anonymous> (/Users/grins/git/warcraft/wow-bis/scripts/process-quest-levels.ts:191:24)
    at fetchQuestRequiredLevel (/Users/grins/git/warcraft/wow-bis/scripts/process-quest-levels.ts:182:33)
    at processTicksAndRejections (native:7:39)
Full Error: {}
---
[2025-11-03T06:43:34.157Z] ERROR: Error fetching quest 1383 (attempt 1)
Message: Attempted to use detached Frame '03DAD367655A18147D7AE5A08EAEAA20'.
Stack: Error: Attempted to use detached Frame '03DAD367655A18147D7AE5A08EAEAA20'.
    at <anonymous> (/Users/grins/git/warcraft/wow-bis/node_modules/.pnpm/puppeteer-core@24.25.0/node_modules/puppeteer-core/lib/esm/puppeteer/util/decorators.js:99:27)
    at <anonymous> (/Users/grins/git/warcraft/wow-bis/node_modules/.pnpm/puppeteer-core@24.25.0/node_modules/puppeteer-core/lib/esm/puppeteer/api/Page.js:568:43)
    at goto (/Users/grins/git/warcraft/wow-bis/node_modules/.pnpm/puppeteer-core@24.25.0/node_modules/puppeteer-core/lib/esm/puppeteer/api/Page.js:567:20)
    at <anonymous> (/Users/grins/git/warcraft/wow-bis/scripts/process-quest-levels.ts:191:24)
    at fetchQuestRequiredLevel (/Users/grins/git/warcraft/wow-bis/scripts/process-quest-levels.ts:182:33)
    at <anonymous> (/Users/grins/git/warcraft/wow-bis/scripts/process-quest-levels.ts:386:42)
    at processTicksAndRejections (native:7:39)
Full Error: {}
---
[2025-11-03T06:43:39.161Z] ERROR: Error fetching quest 1383 (attempt 2)
Message: Attempted to use detached Frame '03DAD367655A18147D7AE5A08EAEAA20'.
Stack: Error: Attempted to use detached Frame '03DAD367655A18147D7AE5A08EAEAA20'.
    at <anonymous> (/Users/grins/git/warcraft/wow-bis/node_modules/.pnpm/puppeteer-core@24.25.0/node_modules/puppeteer-core/lib/esm/puppeteer/util/decorators.js:99:27)
    at <anonymous> (/Users/grins/git/warcraft/wow-bis/node_modules/.pnpm/puppeteer-core@24.25.0/node_modules/puppeteer-core/lib/esm/puppeteer/api/Page.js:568:43)
    at goto (/Users/grins/git/warcraft/wow-bis/node_modules/.pnpm/puppeteer-core@24.25.0/node_modules/puppeteer-core/lib/esm/puppeteer/api/Page.js:567:20)
    at <anonymous> (/Users/grins/git/warcraft/wow-bis/scripts/process-quest-levels.ts:191:24)
    at fetchQuestRequiredLevel (/Users/grins/git/warcraft/wow-bis/scripts/process-quest-levels.ts:182:33)
    at processTicksAndRejections (native:7:39)
Full Error: {}
---
[2025-11-03T06:43:46.164Z] ERROR: Error fetching quest 1383 (attempt 3)
Message: Attempted to use detached Frame '03DAD367655A18147D7AE5A08EAEAA20'.
Stack: Error: Attempted to use detached Frame '03DAD367655A18147D7AE5A08EAEAA20'.
    at <anonymous> (/Users/grins/git/warcraft/wow-bis/node_modules/.pnpm/puppeteer-core@24.25.0/node_modules/puppeteer-core/lib/esm/puppeteer/util/decorators.js:99:27)
    at <anonymous> (/Users/grins/git/warcraft/wow-bis/node_modules/.pnpm/puppeteer-core@24.25.0/node_modules/puppeteer-core/lib/esm/puppeteer/api/Page.js:568:43)
    at goto (/Users/grins/git/warcraft/wow-bis/node_modules/.pnpm/puppeteer-core@24.25.0/node_modules/puppeteer-core/lib/esm/puppeteer/api/Page.js:567:20)
    at <anonymous> (/Users/grins/git/warcraft/wow-bis/scripts/process-quest-levels.ts:191:24)
    at fetchQuestRequiredLevel (/Users/grins/git/warcraft/wow-bis/scripts/process-quest-levels.ts:182:33)
    at processTicksAndRejections (native:7:39)
Full Error: {}
---
[2025-11-03T06:50:45.064Z] ERROR: Error fetching quest 1383 (attempt 4)
Message: Attempted to use detached Frame '03DAD367655A18147D7AE5A08EAEAA20'.
Stack: Error: Attempted to use detached Frame '03DAD367655A18147D7AE5A08EAEAA20'.
    at <anonymous> (/Users/grins/git/warcraft/wow-bis/node_modules/.pnpm/puppeteer-core@24.25.0/node_modules/puppeteer-core/lib/esm/puppeteer/util/decorators.js:99:27)
    at <anonymous> (/Users/grins/git/warcraft/wow-bis/node_modules/.pnpm/puppeteer-core@24.25.0/node_modules/puppeteer-core/lib/esm/puppeteer/api/Page.js:568:43)
    at goto (/Users/grins/git/warcraft/wow-bis/node_modules/.pnpm/puppeteer-core@24.25.0/node_modules/puppeteer-core/lib/esm/puppeteer/api/Page.js:567:20)
    at <anonymous> (/Users/grins/git/warcraft/wow-bis/scripts/process-quest-levels.ts:191:24)
    at fetchQuestRequiredLevel (/Users/grins/git/warcraft/wow-bis/scripts/process-quest-levels.ts:182:33)
    at processTicksAndRejections (native:7:39)
Full Error: {}
---
[2025-11-03T06:50:49.201Z] ERROR: Error fetching quest 5088 (attempt 1)
Message: Attempted to use detached Frame '03DAD367655A18147D7AE5A08EAEAA20'.
Stack: Error: Attempted to use detached Frame '03DAD367655A18147D7AE5A08EAEAA20'.
    at <anonymous> (/Users/grins/git/warcraft/wow-bis/node_modules/.pnpm/puppeteer-core@24.25.0/node_modules/puppeteer-core/lib/esm/puppeteer/util/decorators.js:99:27)
    at <anonymous> (/Users/grins/git/warcraft/wow-bis/node_modules/.pnpm/puppeteer-core@24.25.0/node_modules/puppeteer-core/lib/esm/puppeteer/api/Page.js:568:43)
    at goto (/Users/grins/git/warcraft/wow-bis/node_modules/.pnpm/puppeteer-core@24.25.0/node_modules/puppeteer-core/lib/esm/puppeteer/api/Page.js:567:20)
    at <anonymous> (/Users/grins/git/warcraft/wow-bis/scripts/process-quest-levels.ts:191:24)
    at fetchQuestRequiredLevel (/Users/grins/git/warcraft/wow-bis/scripts/process-quest-levels.ts:182:33)
    at <anonymous> (/Users/grins/git/warcraft/wow-bis/scripts/process-quest-levels.ts:386:42)
    at processTicksAndRejections (native:7:39)
Full Error: {}
---
[2025-11-03T06:50:54.204Z] ERROR: Error fetching quest 5088 (attempt 2)
Message: Attempted to use detached Frame '03DAD367655A18147D7AE5A08EAEAA20'.
Stack: Error: Attempted to use detached Frame '03DAD367655A18147D7AE5A08EAEAA20'.
    at <anonymous> (/Users/grins/git/warcraft/wow-bis/node_modules/.pnpm/puppeteer-core@24.25.0/node_modules/puppeteer-core/lib/esm/puppeteer/util/decorators.js:99:27)
    at <anonymous> (/Users/grins/git/warcraft/wow-bis/node_modules/.pnpm/puppeteer-core@24.25.0/node_modules/puppeteer-core/lib/esm/puppeteer/api/Page.js:568:43)
    at goto (/Users/grins/git/warcraft/wow-bis/node_modules/.pnpm/puppeteer-core@24.25.0/node_modules/puppeteer-core/lib/esm/puppeteer/api/Page.js:567:20)
    at <anonymous> (/Users/grins/git/warcraft/wow-bis/scripts/process-quest-levels.ts:191:24)
    at fetchQuestRequiredLevel (/Users/grins/git/warcraft/wow-bis/scripts/process-quest-levels.ts:182:33)
    at processTicksAndRejections (native:7:39)
Full Error: {}
---
[2025-11-03T06:51:01.207Z] ERROR: Error fetching quest 5088 (attempt 3)
Message: Attempted to use detached Frame '03DAD367655A18147D7AE5A08EAEAA20'.
Stack: Error: Attempted to use detached Frame '03DAD367655A18147D7AE5A08EAEAA20'.
    at <anonymous> (/Users/grins/git/warcraft/wow-bis/node_modules/.pnpm/puppeteer-core@24.25.0/node_modules/puppeteer-core/lib/esm/puppeteer/util/decorators.js:99:27)
    at <anonymous> (/Users/grins/git/warcraft/wow-bis/node_modules/.pnpm/puppeteer-core@24.25.0/node_modules/puppeteer-core/lib/esm/puppeteer/api/Page.js:568:43)
    at goto (/Users/grins/git/warcraft/wow-bis/node_modules/.pnpm/puppeteer-core@24.25.0/node_modules/puppeteer-core/lib/esm/puppeteer/api/Page.js:567:20)
    at <anonymous> (/Users/grins/git/warcraft/wow-bis/scripts/process-quest-levels.ts:191:24)
    at fetchQuestRequiredLevel (/Users/grins/git/warcraft/wow-bis/scripts/process-quest-levels.ts:182:33)
    at processTicksAndRejections (native:7:39)
Full Error: {}
---
[2025-11-03T06:51:10.210Z] ERROR: Error fetching quest 5088 (attempt 4)
Message: Attempted to use detached Frame '03DAD367655A18147D7AE5A08EAEAA20'.
Stack: Error: Attempted to use detached Frame '03DAD367655A18147D7AE5A08EAEAA20'.
    at <anonymous> (/Users/grins/git/warcraft/wow-bis/node_modules/.pnpm/puppeteer-core@24.25.0/node_modules/puppeteer-core/lib/esm/puppeteer/util/decorators.js:99:27)
    at <anonymous> (/Users/grins/git/warcraft/wow-bis/node_modules/.pnpm/puppeteer-core@24.25.0/node_modules/puppeteer-core/lib/esm/puppeteer/api/Page.js:568:43)
    at goto (/Users/grins/git/warcraft/wow-bis/node_modules/.pnpm/puppeteer-core@24.25.0/node_modules/puppeteer-core/lib/esm/puppeteer/api/Page.js:567:20)
    at <anonymous> (/Users/grins/git/warcraft/wow-bis/scripts/process-quest-levels.ts:191:24)
    at fetchQuestRequiredLevel (/Users/grins/git/warcraft/wow-bis/scripts/process-quest-levels.ts:182:33)
    at processTicksAndRejections (native:7:39)
Full Error: {}
---
[2025-11-03T06:51:12.212Z] ERROR: Error fetching quest 41202 (attempt 1)
Message: Attempted to use detached Frame '03DAD367655A18147D7AE5A08EAEAA20'.
Stack: Error: Attempted to use detached Frame '03DAD367655A18147D7AE5A08EAEAA20'.
    at <anonymous> (/Users/grins/git/warcraft/wow-bis/node_modules/.pnpm/puppeteer-core@24.25.0/node_modules/puppeteer-core/lib/esm/puppeteer/util/decorators.js:99:27)
    at <anonymous> (/Users/grins/git/warcraft/wow-bis/node_modules/.pnpm/puppeteer-core@24.25.0/node_modules/puppeteer-core/lib/esm/puppeteer/api/Page.js:568:43)
    at goto (/Users/grins/git/warcraft/wow-bis/node_modules/.pnpm/puppeteer-core@24.25.0/node_modules/puppeteer-core/lib/esm/puppeteer/api/Page.js:567:20)
    at <anonymous> (/Users/grins/git/warcraft/wow-bis/scripts/process-quest-levels.ts:191:24)
    at fetchQuestRequiredLevel (/Users/grins/git/warcraft/wow-bis/scripts/process-quest-levels.ts:182:33)
    at <anonymous> (/Users/grins/git/warcraft/wow-bis/scripts/process-quest-levels.ts:386:42)
    at processTicksAndRejections (native:7:39)
Full Error: {}
---
[2025-11-03T06:51:17.216Z] ERROR: Error fetching quest 41202 (attempt 2)
Message: Attempted to use detached Frame '03DAD367655A18147D7AE5A08EAEAA20'.
Stack: Error: Attempted to use detached Frame '03DAD367655A18147D7AE5A08EAEAA20'.
    at <anonymous> (/Users/grins/git/warcraft/wow-bis/node_modules/.pnpm/puppeteer-core@24.25.0/node_modules/puppeteer-core/lib/esm/puppeteer/util/decorators.js:99:27)
    at <anonymous> (/Users/grins/git/warcraft/wow-bis/node_modules/.pnpm/puppeteer-core@24.25.0/node_modules/puppeteer-core/lib/esm/puppeteer/api/Page.js:568:43)
    at goto (/Users/grins/git/warcraft/wow-bis/node_modules/.pnpm/puppeteer-core@24.25.0/node_modules/puppeteer-core/lib/esm/puppeteer/api/Page.js:567:20)
    at <anonymous> (/Users/grins/git/warcraft/wow-bis/scripts/process-quest-levels.ts:191:24)
    at fetchQuestRequiredLevel (/Users/grins/git/warcraft/wow-bis/scripts/process-quest-levels.ts:182:33)
    at processTicksAndRejections (native:7:39)
Full Error: {}
---
[2025-11-03T06:51:24.220Z] ERROR: Error fetching quest 41202 (attempt 3)
Message: Attempted to use detached Frame '03DAD367655A18147D7AE5A08EAEAA20'.
Stack: Error: Attempted to use detached Frame '03DAD367655A18147D7AE5A08EAEAA20'.
    at <anonymous> (/Users/grins/git/warcraft/wow-bis/node_modules/.pnpm/puppeteer-core@24.25.0/node_modules/puppeteer-core/lib/esm/puppeteer/util/decorators.js:99:27)
    at <anonymous> (/Users/grins/git/warcraft/wow-bis/node_modules/.pnpm/puppeteer-core@24.25.0/node_modules/puppeteer-core/lib/esm/puppeteer/api/Page.js:568:43)
    at goto (/Users/grins/git/warcraft/wow-bis/node_modules/.pnpm/puppeteer-core@24.25.0/node_modules/puppeteer-core/lib/esm/puppeteer/api/Page.js:567:20)
    at <anonymous> (/Users/grins/git/warcraft/wow-bis/scripts/process-quest-levels.ts:191:24)
    at fetchQuestRequiredLevel (/Users/grins/git/warcraft/wow-bis/scripts/process-quest-levels.ts:182:33)
    at processTicksAndRejections (native:7:39)
Full Error: {}
---
[2025-11-03T06:51:33.224Z] ERROR: Error fetching quest 41202 (attempt 4)
Message: Attempted to use detached Frame '03DAD367655A18147D7AE5A08EAEAA20'.
Stack: Error: Attempted to use detached Frame '03DAD367655A18147D7AE5A08EAEAA20'.
    at <anonymous> (/Users/grins/git/warcraft/wow-bis/node_modules/.pnpm/puppeteer-core@24.25.0/node_modules/puppeteer-core/lib/esm/puppeteer/util/decorators.js:99:27)
    at <anonymous> (/Users/grins/git/warcraft/wow-bis/node_modules/.pnpm/puppeteer-core@24.25.0/node_modules/puppeteer-core/lib/esm/puppeteer/api/Page.js:568:43)
    at goto (/Users/grins/git/warcraft/wow-bis/node_modules/.pnpm/puppeteer-core@24.25.0/node_modules/puppeteer-core/lib/esm/puppeteer/api/Page.js:567:20)
    at <anonymous> (/Users/grins/git/warcraft/wow-bis/scripts/process-quest-levels.ts:191:24)
    at fetchQuestRequiredLevel (/Users/grins/git/warcraft/wow-bis/scripts/process-quest-levels.ts:182:33)
    at processTicksAndRejections (native:7:39)
Full Error: {}
---
[2025-11-03T06:51:35.228Z] ERROR: Error fetching quest 41825 (attempt 1)
Message: Attempted to use detached Frame '03DAD367655A18147D7AE5A08EAEAA20'.
Stack: Error: Attempted to use detached Frame '03DAD367655A18147D7AE5A08EAEAA20'.
    at <anonymous> (/Users/grins/git/warcraft/wow-bis/node_modules/.pnpm/puppeteer-core@24.25.0/node_modules/puppeteer-core/lib/esm/puppeteer/util/decorators.js:99:27)
    at <anonymous> (/Users/grins/git/warcraft/wow-bis/node_modules/.pnpm/puppeteer-core@24.25.0/node_modules/puppeteer-core/lib/esm/puppeteer/api/Page.js:568:43)
    at goto (/Users/grins/git/warcraft/wow-bis/node_modules/.pnpm/puppeteer-core@24.25.0/node_modules/puppeteer-core/lib/esm/puppeteer/api/Page.js:567:20)
    at <anonymous> (/Users/grins/git/warcraft/wow-bis/scripts/process-quest-levels.ts:191:24)
    at fetchQuestRequiredLevel (/Users/grins/git/warcraft/wow-bis/scripts/process-quest-levels.ts:182:33)
    at <anonymous> (/Users/grins/git/warcraft/wow-bis/scripts/process-quest-levels.ts:386:42)
    at processTicksAndRejections (native:7:39)
Full Error: {}
---
[2025-11-03T06:51:40.232Z] ERROR: Error fetching quest 41825 (attempt 2)
Message: Attempted to use detached Frame '03DAD367655A18147D7AE5A08EAEAA20'.
Stack: Error: Attempted to use detached Frame '03DAD367655A18147D7AE5A08EAEAA20'.
    at <anonymous> (/Users/grins/git/warcraft/wow-bis/node_modules/.pnpm/puppeteer-core@24.25.0/node_modules/puppeteer-core/lib/esm/puppeteer/util/decorators.js:99:27)
    at <anonymous> (/Users/grins/git/warcraft/wow-bis/node_modules/.pnpm/puppeteer-core@24.25.0/node_modules/puppeteer-core/lib/esm/puppeteer/api/Page.js:568:43)
    at goto (/Users/grins/git/warcraft/wow-bis/node_modules/.pnpm/puppeteer-core@24.25.0/node_modules/puppeteer-core/lib/esm/puppeteer/api/Page.js:567:20)
    at <anonymous> (/Users/grins/git/warcraft/wow-bis/scripts/process-quest-levels.ts:191:24)
    at fetchQuestRequiredLevel (/Users/grins/git/warcraft/wow-bis/scripts/process-quest-levels.ts:182:33)
    at processTicksAndRejections (native:7:39)
Full Error: {}
---
[2025-11-03T06:51:47.236Z] ERROR: Error fetching quest 41825 (attempt 3)
Message: Attempted to use detached Frame '03DAD367655A18147D7AE5A08EAEAA20'.
Stack: Error: Attempted to use detached Frame '03DAD367655A18147D7AE5A08EAEAA20'.
    at <anonymous> (/Users/grins/git/warcraft/wow-bis/node_modules/.pnpm/puppeteer-core@24.25.0/node_modules/puppeteer-core/lib/esm/puppeteer/util/decorators.js:99:27)
    at <anonymous> (/Users/grins/git/warcraft/wow-bis/node_modules/.pnpm/puppeteer-core@24.25.0/node_modules/puppeteer-core/lib/esm/puppeteer/api/Page.js:568:43)
    at goto (/Users/grins/git/warcraft/wow-bis/node_modules/.pnpm/puppeteer-core@24.25.0/node_modules/puppeteer-core/lib/esm/puppeteer/api/Page.js:567:20)
    at <anonymous> (/Users/grins/git/warcraft/wow-bis/scripts/process-quest-levels.ts:191:24)
    at fetchQuestRequiredLevel (/Users/grins/git/warcraft/wow-bis/scripts/process-quest-levels.ts:182:33)
    at processTicksAndRejections (native:7:39)
Full Error: {}
---
[2025-11-03T06:51:56.239Z] ERROR: Error fetching quest 41825 (attempt 4)
Message: Attempted to use detached Frame '03DAD367655A18147D7AE5A08EAEAA20'.
Stack: Error: Attempted to use detached Frame '03DAD367655A18147D7AE5A08EAEAA20'.
    at <anonymous> (/Users/grins/git/warcraft/wow-bis/node_modules/.pnpm/puppeteer-core@24.25.0/node_modules/puppeteer-core/lib/esm/puppeteer/util/decorators.js:99:27)
    at <anonymous> (/Users/grins/git/warcraft/wow-bis/node_modules/.pnpm/puppeteer-core@24.25.0/node_modules/puppeteer-core/lib/esm/puppeteer/api/Page.js:568:43)
    at goto (/Users/grins/git/warcraft/wow-bis/node_modules/.pnpm/puppeteer-core@24.25.0/node_modules/puppeteer-core/lib/esm/puppeteer/api/Page.js:567:20)
    at <anonymous> (/Users/grins/git/warcraft/wow-bis/scripts/process-quest-levels.ts:191:24)
    at fetchQuestRequiredLevel (/Users/grins/git/warcraft/wow-bis/scripts/process-quest-levels.ts:182:33)
    at processTicksAndRejections (native:7:39)
Full Error: {}
---
[2025-11-03T06:51:58.244Z] ERROR: Error fetching quest 40767 (attempt 1)
Message: Attempted to use detached Frame '03DAD367655A18147D7AE5A08EAEAA20'.
Stack: Error: Attempted to use detached Frame '03DAD367655A18147D7AE5A08EAEAA20'.
    at <anonymous> (/Users/grins/git/warcraft/wow-bis/node_modules/.pnpm/puppeteer-core@24.25.0/node_modules/puppeteer-core/lib/esm/puppeteer/util/decorators.js:99:27)
    at <anonymous> (/Users/grins/git/warcraft/wow-bis/node_modules/.pnpm/puppeteer-core@24.25.0/node_modules/puppeteer-core/lib/esm/puppeteer/api/Page.js:568:43)
    at goto (/Users/grins/git/warcraft/wow-bis/node_modules/.pnpm/puppeteer-core@24.25.0/node_modules/puppeteer-core/lib/esm/puppeteer/api/Page.js:567:20)
    at <anonymous> (/Users/grins/git/warcraft/wow-bis/scripts/process-quest-levels.ts:191:24)
    at fetchQuestRequiredLevel (/Users/grins/git/warcraft/wow-bis/scripts/process-quest-levels.ts:182:33)
    at <anonymous> (/Users/grins/git/warcraft/wow-bis/scripts/process-quest-levels.ts:386:42)
    at processTicksAndRejections (native:7:39)
Full Error: {}
---
[2025-11-03T06:52:03.247Z] ERROR: Error fetching quest 40767 (attempt 2)
Message: Attempted to use detached Frame '03DAD367655A18147D7AE5A08EAEAA20'.
Stack: Error: Attempted to use detached Frame '03DAD367655A18147D7AE5A08EAEAA20'.
    at <anonymous> (/Users/grins/git/warcraft/wow-bis/node_modules/.pnpm/puppeteer-core@24.25.0/node_modules/puppeteer-core/lib/esm/puppeteer/util/decorators.js:99:27)
    at <anonymous> (/Users/grins/git/warcraft/wow-bis/node_modules/.pnpm/puppeteer-core@24.25.0/node_modules/puppeteer-core/lib/esm/puppeteer/api/Page.js:568:43)
    at goto (/Users/grins/git/warcraft/wow-bis/node_modules/.pnpm/puppeteer-core@24.25.0/node_modules/puppeteer-core/lib/esm/puppeteer/api/Page.js:567:20)
    at <anonymous> (/Users/grins/git/warcraft/wow-bis/scripts/process-quest-levels.ts:191:24)
    at fetchQuestRequiredLevel (/Users/grins/git/warcraft/wow-bis/scripts/process-quest-levels.ts:182:33)
    at processTicksAndRejections (native:7:39)
Full Error: {}
---
[2025-11-03T06:52:10.255Z] ERROR: Error fetching quest 40767 (attempt 3)
Message: Attempted to use detached Frame '03DAD367655A18147D7AE5A08EAEAA20'.
Stack: Error: Attempted to use detached Frame '03DAD367655A18147D7AE5A08EAEAA20'.
    at <anonymous> (/Users/grins/git/warcraft/wow-bis/node_modules/.pnpm/puppeteer-core@24.25.0/node_modules/puppeteer-core/lib/esm/puppeteer/util/decorators.js:99:27)
    at <anonymous> (/Users/grins/git/warcraft/wow-bis/node_modules/.pnpm/puppeteer-core@24.25.0/node_modules/puppeteer-core/lib/esm/puppeteer/api/Page.js:568:43)
    at goto (/Users/grins/git/warcraft/wow-bis/node_modules/.pnpm/puppeteer-core@24.25.0/node_modules/puppeteer-core/lib/esm/puppeteer/api/Page.js:567:20)
    at <anonymous> (/Users/grins/git/warcraft/wow-bis/scripts/process-quest-levels.ts:191:24)
    at fetchQuestRequiredLevel (/Users/grins/git/warcraft/wow-bis/scripts/process-quest-levels.ts:182:33)
    at processTicksAndRejections (native:7:39)
Full Error: {}
---
[2025-11-03T06:52:19.259Z] ERROR: Error fetching quest 40767 (attempt 4)
Message: Attempted to use detached Frame '03DAD367655A18147D7AE5A08EAEAA20'.
Stack: Error: Attempted to use detached Frame '03DAD367655A18147D7AE5A08EAEAA20'.
    at <anonymous> (/Users/grins/git/warcraft/wow-bis/node_modules/.pnpm/puppeteer-core@24.25.0/node_modules/puppeteer-core/lib/esm/puppeteer/util/decorators.js:99:27)
    at <anonymous> (/Users/grins/git/warcraft/wow-bis/node_modules/.pnpm/puppeteer-core@24.25.0/node_modules/puppeteer-core/lib/esm/puppeteer/api/Page.js:568:43)
    at goto (/Users/grins/git/warcraft/wow-bis/node_modules/.pnpm/puppeteer-core@24.25.0/node_modules/puppeteer-core/lib/esm/puppeteer/api/Page.js:567:20)
    at <anonymous> (/Users/grins/git/warcraft/wow-bis/scripts/process-quest-levels.ts:191:24)
    at fetchQuestRequiredLevel (/Users/grins/git/warcraft/wow-bis/scripts/process-quest-levels.ts:182:33)
    at processTicksAndRejections (native:7:39)
Full Error: {}
---
[2025-11-03T06:52:23.267Z] ERROR: Error fetching quest 2754 (attempt 1)
Message: Attempted to use detached Frame '03DAD367655A18147D7AE5A08EAEAA20'.
Stack: Error: Attempted to use detached Frame '03DAD367655A18147D7AE5A08EAEAA20'.
    at <anonymous> (/Users/grins/git/warcraft/wow-bis/node_modules/.pnpm/puppeteer-core@24.25.0/node_modules/puppeteer-core/lib/esm/puppeteer/util/decorators.js:99:27)
    at <anonymous> (/Users/grins/git/warcraft/wow-bis/node_modules/.pnpm/puppeteer-core@24.25.0/node_modules/puppeteer-core/lib/esm/puppeteer/api/Page.js:568:43)
    at goto (/Users/grins/git/warcraft/wow-bis/node_modules/.pnpm/puppeteer-core@24.25.0/node_modules/puppeteer-core/lib/esm/puppeteer/api/Page.js:567:20)
    at <anonymous> (/Users/grins/git/warcraft/wow-bis/scripts/process-quest-levels.ts:191:24)
    at fetchQuestRequiredLevel (/Users/grins/git/warcraft/wow-bis/scripts/process-quest-levels.ts:182:33)
    at <anonymous> (/Users/grins/git/warcraft/wow-bis/scripts/process-quest-levels.ts:386:42)
    at processTicksAndRejections (native:7:39)
Full Error: {}
---
[2025-11-03T06:52:28.271Z] ERROR: Error fetching quest 2754 (attempt 2)
Message: Attempted to use detached Frame '03DAD367655A18147D7AE5A08EAEAA20'.
Stack: Error: Attempted to use detached Frame '03DAD367655A18147D7AE5A08EAEAA20'.
    at <anonymous> (/Users/grins/git/warcraft/wow-bis/node_modules/.pnpm/puppeteer-core@24.25.0/node_modules/puppeteer-core/lib/esm/puppeteer/util/decorators.js:99:27)
    at <anonymous> (/Users/grins/git/warcraft/wow-bis/node_modules/.pnpm/puppeteer-core@24.25.0/node_modules/puppeteer-core/lib/esm/puppeteer/api/Page.js:568:43)
    at goto (/Users/grins/git/warcraft/wow-bis/node_modules/.pnpm/puppeteer-core@24.25.0/node_modules/puppeteer-core/lib/esm/puppeteer/api/Page.js:567:20)
    at <anonymous> (/Users/grins/git/warcraft/wow-bis/scripts/process-quest-levels.ts:191:24)
    at fetchQuestRequiredLevel (/Users/grins/git/warcraft/wow-bis/scripts/process-quest-levels.ts:182:33)
    at processTicksAndRejections (native:7:39)
Full Error: {}
---
[2025-11-03T06:52:35.274Z] ERROR: Error fetching quest 2754 (attempt 3)
Message: Attempted to use detached Frame '03DAD367655A18147D7AE5A08EAEAA20'.
Stack: Error: Attempted to use detached Frame '03DAD367655A18147D7AE5A08EAEAA20'.
    at <anonymous> (/Users/grins/git/warcraft/wow-bis/node_modules/.pnpm/puppeteer-core@24.25.0/node_modules/puppeteer-core/lib/esm/puppeteer/util/decorators.js:99:27)
    at <anonymous> (/Users/grins/git/warcraft/wow-bis/node_modules/.pnpm/puppeteer-core@24.25.0/node_modules/puppeteer-core/lib/esm/puppeteer/api/Page.js:568:43)
    at goto (/Users/grins/git/warcraft/wow-bis/node_modules/.pnpm/puppeteer-core@24.25.0/node_modules/puppeteer-core/lib/esm/puppeteer/api/Page.js:567:20)
    at <anonymous> (/Users/grins/git/warcraft/wow-bis/scripts/process-quest-levels.ts:191:24)
    at fetchQuestRequiredLevel (/Users/grins/git/warcraft/wow-bis/scripts/process-quest-levels.ts:182:33)
    at processTicksAndRejections (native:7:39)
Full Error: {}
---
[2025-11-03T06:52:44.278Z] ERROR: Error fetching quest 2754 (attempt 4)
Message: Attempted to use detached Frame '03DAD367655A18147D7AE5A08EAEAA20'.
Stack: Error: Attempted to use detached Frame '03DAD367655A18147D7AE5A08EAEAA20'.
    at <anonymous> (/Users/grins/git/warcraft/wow-bis/node_modules/.pnpm/puppeteer-core@24.25.0/node_modules/puppeteer-core/lib/esm/puppeteer/util/decorators.js:99:27)
    at <anonymous> (/Users/grins/git/warcraft/wow-bis/node_modules/.pnpm/puppeteer-core@24.25.0/node_modules/puppeteer-core/lib/esm/puppeteer/api/Page.js:568:43)
    at goto (/Users/grins/git/warcraft/wow-bis/node_modules/.pnpm/puppeteer-core@24.25.0/node_modules/puppeteer-core/lib/esm/puppeteer/api/Page.js:567:20)
    at <anonymous> (/Users/grins/git/warcraft/wow-bis/scripts/process-quest-levels.ts:191:24)
    at fetchQuestRequiredLevel (/Users/grins/git/warcraft/wow-bis/scripts/process-quest-levels.ts:182:33)
    at processTicksAndRejections (native:7:39)
Full Error: {}
---
[2025-11-03T06:52:46.283Z] ERROR: Error fetching quest 600 (attempt 1)
Message: Attempted to use detached Frame '03DAD367655A18147D7AE5A08EAEAA20'.
Stack: Error: Attempted to use detached Frame '03DAD367655A18147D7AE5A08EAEAA20'.
    at <anonymous> (/Users/grins/git/warcraft/wow-bis/node_modules/.pnpm/puppeteer-core@24.25.0/node_modules/puppeteer-core/lib/esm/puppeteer/util/decorators.js:99:27)
    at <anonymous> (/Users/grins/git/warcraft/wow-bis/node_modules/.pnpm/puppeteer-core@24.25.0/node_modules/puppeteer-core/lib/esm/puppeteer/api/Page.js:568:43)
    at goto (/Users/grins/git/warcraft/wow-bis/node_modules/.pnpm/puppeteer-core@24.25.0/node_modules/puppeteer-core/lib/esm/puppeteer/api/Page.js:567:20)
    at <anonymous> (/Users/grins/git/warcraft/wow-bis/scripts/process-quest-levels.ts:191:24)
    at fetchQuestRequiredLevel (/Users/grins/git/warcraft/wow-bis/scripts/process-quest-levels.ts:182:33)
    at <anonymous> (/Users/grins/git/warcraft/wow-bis/scripts/process-quest-levels.ts:386:42)
    at processTicksAndRejections (native:7:39)
Full Error: {}
---
[2025-11-03T06:52:51.287Z] ERROR: Error fetching quest 600 (attempt 2)
Message: Attempted to use detached Frame '03DAD367655A18147D7AE5A08EAEAA20'.
Stack: Error: Attempted to use detached Frame '03DAD367655A18147D7AE5A08EAEAA20'.
    at <anonymous> (/Users/grins/git/warcraft/wow-bis/node_modules/.pnpm/puppeteer-core@24.25.0/node_modules/puppeteer-core/lib/esm/puppeteer/util/decorators.js:99:27)
    at <anonymous> (/Users/grins/git/warcraft/wow-bis/node_modules/.pnpm/puppeteer-core@24.25.0/node_modules/puppeteer-core/lib/esm/puppeteer/api/Page.js:568:43)
    at goto (/Users/grins/git/warcraft/wow-bis/node_modules/.pnpm/puppeteer-core@24.25.0/node_modules/puppeteer-core/lib/esm/puppeteer/api/Page.js:567:20)
    at <anonymous> (/Users/grins/git/warcraft/wow-bis/scripts/process-quest-levels.ts:191:24)
    at fetchQuestRequiredLevel (/Users/grins/git/warcraft/wow-bis/scripts/process-quest-levels.ts:182:33)
    at processTicksAndRejections (native:7:39)
Full Error: {}
---
[2025-11-03T06:52:58.291Z] ERROR: Error fetching quest 600 (attempt 3)
Message: Attempted to use detached Frame '03DAD367655A18147D7AE5A08EAEAA20'.
Stack: Error: Attempted to use detached Frame '03DAD367655A18147D7AE5A08EAEAA20'.
    at <anonymous> (/Users/grins/git/warcraft/wow-bis/node_modules/.pnpm/puppeteer-core@24.25.0/node_modules/puppeteer-core/lib/esm/puppeteer/util/decorators.js:99:27)
    at <anonymous> (/Users/grins/git/warcraft/wow-bis/node_modules/.pnpm/puppeteer-core@24.25.0/node_modules/puppeteer-core/lib/esm/puppeteer/api/Page.js:568:43)
    at goto (/Users/grins/git/warcraft/wow-bis/node_modules/.pnpm/puppeteer-core@24.25.0/node_modules/puppeteer-core/lib/esm/puppeteer/api/Page.js:567:20)
    at <anonymous> (/Users/grins/git/warcraft/wow-bis/scripts/process-quest-levels.ts:191:24)
    at fetchQuestRequiredLevel (/Users/grins/git/warcraft/wow-bis/scripts/process-quest-levels.ts:182:33)
    at processTicksAndRejections (native:7:39)
Full Error: {}
---
[2025-11-03T06:53:07.294Z] ERROR: Error fetching quest 600 (attempt 4)
Message: Attempted to use detached Frame '03DAD367655A18147D7AE5A08EAEAA20'.
Stack: Error: Attempted to use detached Frame '03DAD367655A18147D7AE5A08EAEAA20'.
    at <anonymous> (/Users/grins/git/warcraft/wow-bis/node_modules/.pnpm/puppeteer-core@24.25.0/node_modules/puppeteer-core/lib/esm/puppeteer/util/decorators.js:99:27)
    at <anonymous> (/Users/grins/git/warcraft/wow-bis/node_modules/.pnpm/puppeteer-core@24.25.0/node_modules/puppeteer-core/lib/esm/puppeteer/api/Page.js:568:43)
    at goto (/Users/grins/git/warcraft/wow-bis/node_modules/.pnpm/puppeteer-core@24.25.0/node_modules/puppeteer-core/lib/esm/puppeteer/api/Page.js:567:20)
    at <anonymous> (/Users/grins/git/warcraft/wow-bis/scripts/process-quest-levels.ts:191:24)
    at fetchQuestRequiredLevel (/Users/grins/git/warcraft/wow-bis/scripts/process-quest-levels.ts:182:33)
    at processTicksAndRejections (native:7:39)
Full Error: {}
---
[2025-11-03T06:53:09.296Z] ERROR: Error fetching quest 666 (attempt 1)
Message: Attempted to use detached Frame '03DAD367655A18147D7AE5A08EAEAA20'.
Stack: Error: Attempted to use detached Frame '03DAD367655A18147D7AE5A08EAEAA20'.
    at <anonymous> (/Users/grins/git/warcraft/wow-bis/node_modules/.pnpm/puppeteer-core@24.25.0/node_modules/puppeteer-core/lib/esm/puppeteer/util/decorators.js:99:27)
    at <anonymous> (/Users/grins/git/warcraft/wow-bis/node_modules/.pnpm/puppeteer-core@24.25.0/node_modules/puppeteer-core/lib/esm/puppeteer/api/Page.js:568:43)
    at goto (/Users/grins/git/warcraft/wow-bis/node_modules/.pnpm/puppeteer-core@24.25.0/node_modules/puppeteer-core/lib/esm/puppeteer/api/Page.js:567:20)
    at <anonymous> (/Users/grins/git/warcraft/wow-bis/scripts/process-quest-levels.ts:191:24)
    at fetchQuestRequiredLevel (/Users/grins/git/warcraft/wow-bis/scripts/process-quest-levels.ts:182:33)
    at <anonymous> (/Users/grins/git/warcraft/wow-bis/scripts/process-quest-levels.ts:386:42)
    at processTicksAndRejections (native:7:39)
Full Error: {}
---
[2025-11-03T06:53:14.300Z] ERROR: Error fetching quest 666 (attempt 2)
Message: Attempted to use detached Frame '03DAD367655A18147D7AE5A08EAEAA20'.
Stack: Error: Attempted to use detached Frame '03DAD367655A18147D7AE5A08EAEAA20'.
    at <anonymous> (/Users/grins/git/warcraft/wow-bis/node_modules/.pnpm/puppeteer-core@24.25.0/node_modules/puppeteer-core/lib/esm/puppeteer/util/decorators.js:99:27)
    at <anonymous> (/Users/grins/git/warcraft/wow-bis/node_modules/.pnpm/puppeteer-core@24.25.0/node_modules/puppeteer-core/lib/esm/puppeteer/api/Page.js:568:43)
    at goto (/Users/grins/git/warcraft/wow-bis/node_modules/.pnpm/puppeteer-core@24.25.0/node_modules/puppeteer-core/lib/esm/puppeteer/api/Page.js:567:20)
    at <anonymous> (/Users/grins/git/warcraft/wow-bis/scripts/process-quest-levels.ts:191:24)
    at fetchQuestRequiredLevel (/Users/grins/git/warcraft/wow-bis/scripts/process-quest-levels.ts:182:33)
    at processTicksAndRejections (native:7:39)
Full Error: {}
---
[2025-11-03T07:02:04.460Z] ERROR: Error fetching quest 666 (attempt 3)
Message: Attempted to use detached Frame '03DAD367655A18147D7AE5A08EAEAA20'.
Stack: Error: Attempted to use detached Frame '03DAD367655A18147D7AE5A08EAEAA20'.
    at <anonymous> (/Users/grins/git/warcraft/wow-bis/node_modules/.pnpm/puppeteer-core@24.25.0/node_modules/puppeteer-core/lib/esm/puppeteer/util/decorators.js:99:27)
    at <anonymous> (/Users/grins/git/warcraft/wow-bis/node_modules/.pnpm/puppeteer-core@24.25.0/node_modules/puppeteer-core/lib/esm/puppeteer/api/Page.js:568:43)
    at goto (/Users/grins/git/warcraft/wow-bis/node_modules/.pnpm/puppeteer-core@24.25.0/node_modules/puppeteer-core/lib/esm/puppeteer/api/Page.js:567:20)
    at <anonymous> (/Users/grins/git/warcraft/wow-bis/scripts/process-quest-levels.ts:191:24)
    at fetchQuestRequiredLevel (/Users/grins/git/warcraft/wow-bis/scripts/process-quest-levels.ts:182:33)
    at processTicksAndRejections (native:7:39)
Full Error: {}
---
[2025-11-03T07:02:13.469Z] ERROR: Error fetching quest 666 (attempt 4)
Message: Attempted to use detached Frame '03DAD367655A18147D7AE5A08EAEAA20'.
Stack: Error: Attempted to use detached Frame '03DAD367655A18147D7AE5A08EAEAA20'.
    at <anonymous> (/Users/grins/git/warcraft/wow-bis/node_modules/.pnpm/puppeteer-core@24.25.0/node_modules/puppeteer-core/lib/esm/puppeteer/util/decorators.js:99:27)
    at <anonymous> (/Users/grins/git/warcraft/wow-bis/node_modules/.pnpm/puppeteer-core@24.25.0/node_modules/puppeteer-core/lib/esm/puppeteer/api/Page.js:568:43)
    at goto (/Users/grins/git/warcraft/wow-bis/node_modules/.pnpm/puppeteer-core@24.25.0/node_modules/puppeteer-core/lib/esm/puppeteer/api/Page.js:567:20)
    at <anonymous> (/Users/grins/git/warcraft/wow-bis/scripts/process-quest-levels.ts:191:24)
    at fetchQuestRequiredLevel (/Users/grins/git/warcraft/wow-bis/scripts/process-quest-levels.ts:182:33)
    at processTicksAndRejections (native:7:39)
Full Error: {}
---
[2025-11-03T07:02:15.475Z] ERROR: Error fetching quest 765 (attempt 1)
Message: Attempted to use detached Frame '03DAD367655A18147D7AE5A08EAEAA20'.
Stack: Error: Attempted to use detached Frame '03DAD367655A18147D7AE5A08EAEAA20'.
    at <anonymous> (/Users/grins/git/warcraft/wow-bis/node_modules/.pnpm/puppeteer-core@24.25.0/node_modules/puppeteer-core/lib/esm/puppeteer/util/decorators.js:99:27)
    at <anonymous> (/Users/grins/git/warcraft/wow-bis/node_modules/.pnpm/puppeteer-core@24.25.0/node_modules/puppeteer-core/lib/esm/puppeteer/api/Page.js:568:43)
    at goto (/Users/grins/git/warcraft/wow-bis/node_modules/.pnpm/puppeteer-core@24.25.0/node_modules/puppeteer-core/lib/esm/puppeteer/api/Page.js:567:20)
    at <anonymous> (/Users/grins/git/warcraft/wow-bis/scripts/process-quest-levels.ts:191:24)
    at fetchQuestRequiredLevel (/Users/grins/git/warcraft/wow-bis/scripts/process-quest-levels.ts:182:33)
    at <anonymous> (/Users/grins/git/warcraft/wow-bis/scripts/process-quest-levels.ts:386:42)
    at processTicksAndRejections (native:7:39)
Full Error: {}
---
[2025-11-03T07:02:20.481Z] ERROR: Error fetching quest 765 (attempt 2)
Message: Attempted to use detached Frame '03DAD367655A18147D7AE5A08EAEAA20'.
Stack: Error: Attempted to use detached Frame '03DAD367655A18147D7AE5A08EAEAA20'.
    at <anonymous> (/Users/grins/git/warcraft/wow-bis/node_modules/.pnpm/puppeteer-core@24.25.0/node_modules/puppeteer-core/lib/esm/puppeteer/util/decorators.js:99:27)
    at <anonymous> (/Users/grins/git/warcraft/wow-bis/node_modules/.pnpm/puppeteer-core@24.25.0/node_modules/puppeteer-core/lib/esm/puppeteer/api/Page.js:568:43)
    at goto (/Users/grins/git/warcraft/wow-bis/node_modules/.pnpm/puppeteer-core@24.25.0/node_modules/puppeteer-core/lib/esm/puppeteer/api/Page.js:567:20)
    at <anonymous> (/Users/grins/git/warcraft/wow-bis/scripts/process-quest-levels.ts:191:24)
    at fetchQuestRequiredLevel (/Users/grins/git/warcraft/wow-bis/scripts/process-quest-levels.ts:182:33)
    at processTicksAndRejections (native:7:39)
Full Error: {}
---
[2025-11-03T07:02:27.486Z] ERROR: Error fetching quest 765 (attempt 3)
Message: Attempted to use detached Frame '03DAD367655A18147D7AE5A08EAEAA20'.
Stack: Error: Attempted to use detached Frame '03DAD367655A18147D7AE5A08EAEAA20'.
    at <anonymous> (/Users/grins/git/warcraft/wow-bis/node_modules/.pnpm/puppeteer-core@24.25.0/node_modules/puppeteer-core/lib/esm/puppeteer/util/decorators.js:99:27)
    at <anonymous> (/Users/grins/git/warcraft/wow-bis/node_modules/.pnpm/puppeteer-core@24.25.0/node_modules/puppeteer-core/lib/esm/puppeteer/api/Page.js:568:43)
    at goto (/Users/grins/git/warcraft/wow-bis/node_modules/.pnpm/puppeteer-core@24.25.0/node_modules/puppeteer-core/lib/esm/puppeteer/api/Page.js:567:20)
    at <anonymous> (/Users/grins/git/warcraft/wow-bis/scripts/process-quest-levels.ts:191:24)
    at fetchQuestRequiredLevel (/Users/grins/git/warcraft/wow-bis/scripts/process-quest-levels.ts:182:33)
    at processTicksAndRejections (native:7:39)
Full Error: {}
---
[2025-11-03T07:02:36.490Z] ERROR: Error fetching quest 765 (attempt 4)
Message: Attempted to use detached Frame '03DAD367655A18147D7AE5A08EAEAA20'.
Stack: Error: Attempted to use detached Frame '03DAD367655A18147D7AE5A08EAEAA20'.
    at <anonymous> (/Users/grins/git/warcraft/wow-bis/node_modules/.pnpm/puppeteer-core@24.25.0/node_modules/puppeteer-core/lib/esm/puppeteer/util/decorators.js:99:27)
    at <anonymous> (/Users/grins/git/warcraft/wow-bis/node_modules/.pnpm/puppeteer-core@24.25.0/node_modules/puppeteer-core/lib/esm/puppeteer/api/Page.js:568:43)
    at goto (/Users/grins/git/warcraft/wow-bis/node_modules/.pnpm/puppeteer-core@24.25.0/node_modules/puppeteer-core/lib/esm/puppeteer/api/Page.js:567:20)
    at <anonymous> (/Users/grins/git/warcraft/wow-bis/scripts/process-quest-levels.ts:191:24)
    at fetchQuestRequiredLevel (/Users/grins/git/warcraft/wow-bis/scripts/process-quest-levels.ts:182:33)
    at processTicksAndRejections (native:7:39)
Full Error: {}
---
[2025-11-03T07:02:38.495Z] ERROR: Error fetching quest 739 (attempt 1)
Message: Attempted to use detached Frame '03DAD367655A18147D7AE5A08EAEAA20'.
Stack: Error: Attempted to use detached Frame '03DAD367655A18147D7AE5A08EAEAA20'.
    at <anonymous> (/Users/grins/git/warcraft/wow-bis/node_modules/.pnpm/puppeteer-core@24.25.0/node_modules/puppeteer-core/lib/esm/puppeteer/util/decorators.js:99:27)
    at <anonymous> (/Users/grins/git/warcraft/wow-bis/node_modules/.pnpm/puppeteer-core@24.25.0/node_modules/puppeteer-core/lib/esm/puppeteer/api/Page.js:568:43)
    at goto (/Users/grins/git/warcraft/wow-bis/node_modules/.pnpm/puppeteer-core@24.25.0/node_modules/puppeteer-core/lib/esm/puppeteer/api/Page.js:567:20)
    at <anonymous> (/Users/grins/git/warcraft/wow-bis/scripts/process-quest-levels.ts:191:24)
    at fetchQuestRequiredLevel (/Users/grins/git/warcraft/wow-bis/scripts/process-quest-levels.ts:182:33)
    at <anonymous> (/Users/grins/git/warcraft/wow-bis/scripts/process-quest-levels.ts:386:42)
    at processTicksAndRejections (native:7:39)
Full Error: {}
---
[2025-11-03T07:02:43.500Z] ERROR: Error fetching quest 739 (attempt 2)
Message: Attempted to use detached Frame '03DAD367655A18147D7AE5A08EAEAA20'.
Stack: Error: Attempted to use detached Frame '03DAD367655A18147D7AE5A08EAEAA20'.
    at <anonymous> (/Users/grins/git/warcraft/wow-bis/node_modules/.pnpm/puppeteer-core@24.25.0/node_modules/puppeteer-core/lib/esm/puppeteer/util/decorators.js:99:27)
    at <anonymous> (/Users/grins/git/warcraft/wow-bis/node_modules/.pnpm/puppeteer-core@24.25.0/node_modules/puppeteer-core/lib/esm/puppeteer/api/Page.js:568:43)
    at goto (/Users/grins/git/warcraft/wow-bis/node_modules/.pnpm/puppeteer-core@24.25.0/node_modules/puppeteer-core/lib/esm/puppeteer/api/Page.js:567:20)
    at <anonymous> (/Users/grins/git/warcraft/wow-bis/scripts/process-quest-levels.ts:191:24)
    at fetchQuestRequiredLevel (/Users/grins/git/warcraft/wow-bis/scripts/process-quest-levels.ts:182:33)
    at processTicksAndRejections (native:7:39)
Full Error: {}
---
[2025-11-03T07:02:50.504Z] ERROR: Error fetching quest 739 (attempt 3)
Message: Attempted to use detached Frame '03DAD367655A18147D7AE5A08EAEAA20'.
Stack: Error: Attempted to use detached Frame '03DAD367655A18147D7AE5A08EAEAA20'.
    at <anonymous> (/Users/grins/git/warcraft/wow-bis/node_modules/.pnpm/puppeteer-core@24.25.0/node_modules/puppeteer-core/lib/esm/puppeteer/util/decorators.js:99:27)
    at <anonymous> (/Users/grins/git/warcraft/wow-bis/node_modules/.pnpm/puppeteer-core@24.25.0/node_modules/puppeteer-core/lib/esm/puppeteer/api/Page.js:568:43)
    at goto (/Users/grins/git/warcraft/wow-bis/node_modules/.pnpm/puppeteer-core@24.25.0/node_modules/puppeteer-core/lib/esm/puppeteer/api/Page.js:567:20)
    at <anonymous> (/Users/grins/git/warcraft/wow-bis/scripts/process-quest-levels.ts:191:24)
    at fetchQuestRequiredLevel (/Users/grins/git/warcraft/wow-bis/scripts/process-quest-levels.ts:182:33)
    at processTicksAndRejections (native:7:39)
Full Error: {}
---
[2025-11-03T07:02:59.507Z] ERROR: Error fetching quest 739 (attempt 4)
Message: Attempted to use detached Frame '03DAD367655A18147D7AE5A08EAEAA20'.
Stack: Error: Attempted to use detached Frame '03DAD367655A18147D7AE5A08EAEAA20'.
    at <anonymous> (/Users/grins/git/warcraft/wow-bis/node_modules/.pnpm/puppeteer-core@24.25.0/node_modules/puppeteer-core/lib/esm/puppeteer/util/decorators.js:99:27)
    at <anonymous> (/Users/grins/git/warcraft/wow-bis/node_modules/.pnpm/puppeteer-core@24.25.0/node_modules/puppeteer-core/lib/esm/puppeteer/api/Page.js:568:43)
    at goto (/Users/grins/git/warcraft/wow-bis/node_modules/.pnpm/puppeteer-core@24.25.0/node_modules/puppeteer-core/lib/esm/puppeteer/api/Page.js:567:20)
    at <anonymous> (/Users/grins/git/warcraft/wow-bis/scripts/process-quest-levels.ts:191:24)
    at fetchQuestRequiredLevel (/Users/grins/git/warcraft/wow-bis/scripts/process-quest-levels.ts:182:33)
    at processTicksAndRejections (native:7:39)
Full Error: {}
---
[2025-11-03T07:03:01.512Z] ERROR: Error fetching quest 182 (attempt 1)
Message: Attempted to use detached Frame '03DAD367655A18147D7AE5A08EAEAA20'.
Stack: Error: Attempted to use detached Frame '03DAD367655A18147D7AE5A08EAEAA20'.
    at <anonymous> (/Users/grins/git/warcraft/wow-bis/node_modules/.pnpm/puppeteer-core@24.25.0/node_modules/puppeteer-core/lib/esm/puppeteer/util/decorators.js:99:27)
    at <anonymous> (/Users/grins/git/warcraft/wow-bis/node_modules/.pnpm/puppeteer-core@24.25.0/node_modules/puppeteer-core/lib/esm/puppeteer/api/Page.js:568:43)
    at goto (/Users/grins/git/warcraft/wow-bis/node_modules/.pnpm/puppeteer-core@24.25.0/node_modules/puppeteer-core/lib/esm/puppeteer/api/Page.js:567:20)
    at <anonymous> (/Users/grins/git/warcraft/wow-bis/scripts/process-quest-levels.ts:191:24)
    at fetchQuestRequiredLevel (/Users/grins/git/warcraft/wow-bis/scripts/process-quest-levels.ts:182:33)
    at <anonymous> (/Users/grins/git/warcraft/wow-bis/scripts/process-quest-levels.ts:386:42)
    at processTicksAndRejections (native:7:39)
Full Error: {}
---
[2025-11-03T07:03:06.517Z] ERROR: Error fetching quest 182 (attempt 2)
Message: Attempted to use detached Frame '03DAD367655A18147D7AE5A08EAEAA20'.
Stack: Error: Attempted to use detached Frame '03DAD367655A18147D7AE5A08EAEAA20'.
    at <anonymous> (/Users/grins/git/warcraft/wow-bis/node_modules/.pnpm/puppeteer-core@24.25.0/node_modules/puppeteer-core/lib/esm/puppeteer/util/decorators.js:99:27)
    at <anonymous> (/Users/grins/git/warcraft/wow-bis/node_modules/.pnpm/puppeteer-core@24.25.0/node_modules/puppeteer-core/lib/esm/puppeteer/api/Page.js:568:43)
    at goto (/Users/grins/git/warcraft/wow-bis/node_modules/.pnpm/puppeteer-core@24.25.0/node_modules/puppeteer-core/lib/esm/puppeteer/api/Page.js:567:20)
    at <anonymous> (/Users/grins/git/warcraft/wow-bis/scripts/process-quest-levels.ts:191:24)
    at fetchQuestRequiredLevel (/Users/grins/git/warcraft/wow-bis/scripts/process-quest-levels.ts:182:33)
    at processTicksAndRejections (native:7:39)
Full Error: {}
---
[2025-11-03T07:03:13.520Z] ERROR: Error fetching quest 182 (attempt 3)
Message: Attempted to use detached Frame '03DAD367655A18147D7AE5A08EAEAA20'.
Stack: Error: Attempted to use detached Frame '03DAD367655A18147D7AE5A08EAEAA20'.
    at <anonymous> (/Users/grins/git/warcraft/wow-bis/node_modules/.pnpm/puppeteer-core@24.25.0/node_modules/puppeteer-core/lib/esm/puppeteer/util/decorators.js:99:27)
    at <anonymous> (/Users/grins/git/warcraft/wow-bis/node_modules/.pnpm/puppeteer-core@24.25.0/node_modules/puppeteer-core/lib/esm/puppeteer/api/Page.js:568:43)
    at goto (/Users/grins/git/warcraft/wow-bis/node_modules/.pnpm/puppeteer-core@24.25.0/node_modules/puppeteer-core/lib/esm/puppeteer/api/Page.js:567:20)
    at <anonymous> (/Users/grins/git/warcraft/wow-bis/scripts/process-quest-levels.ts:191:24)
    at fetchQuestRequiredLevel (/Users/grins/git/warcraft/wow-bis/scripts/process-quest-levels.ts:182:33)
    at processTicksAndRejections (native:7:39)
Full Error: {}
---
[2025-11-03T07:03:22.524Z] ERROR: Error fetching quest 182 (attempt 4)
Message: Attempted to use detached Frame '03DAD367655A18147D7AE5A08EAEAA20'.
Stack: Error: Attempted to use detached Frame '03DAD367655A18147D7AE5A08EAEAA20'.
    at <anonymous> (/Users/grins/git/warcraft/wow-bis/node_modules/.pnpm/puppeteer-core@24.25.0/node_modules/puppeteer-core/lib/esm/puppeteer/util/decorators.js:99:27)
    at <anonymous> (/Users/grins/git/warcraft/wow-bis/node_modules/.pnpm/puppeteer-core@24.25.0/node_modules/puppeteer-core/lib/esm/puppeteer/api/Page.js:568:43)
    at goto (/Users/grins/git/warcraft/wow-bis/node_modules/.pnpm/puppeteer-core@24.25.0/node_modules/puppeteer-core/lib/esm/puppeteer/api/Page.js:567:20)
    at <anonymous> (/Users/grins/git/warcraft/wow-bis/scripts/process-quest-levels.ts:191:24)
    at fetchQuestRequiredLevel (/Users/grins/git/warcraft/wow-bis/scripts/process-quest-levels.ts:182:33)
    at processTicksAndRejections (native:7:39)
Full Error: {}
---
[2025-11-03T07:03:24.529Z] ERROR: Error fetching quest 1046 (attempt 1)
Message: Attempted to use detached Frame '03DAD367655A18147D7AE5A08EAEAA20'.
Stack: Error: Attempted to use detached Frame '03DAD367655A18147D7AE5A08EAEAA20'.
    at <anonymous> (/Users/grins/git/warcraft/wow-bis/node_modules/.pnpm/puppeteer-core@24.25.0/node_modules/puppeteer-core/lib/esm/puppeteer/util/decorators.js:99:27)
    at <anonymous> (/Users/grins/git/warcraft/wow-bis/node_modules/.pnpm/puppeteer-core@24.25.0/node_modules/puppeteer-core/lib/esm/puppeteer/api/Page.js:568:43)
    at goto (/Users/grins/git/warcraft/wow-bis/node_modules/.pnpm/puppeteer-core@24.25.0/node_modules/puppeteer-core/lib/esm/puppeteer/api/Page.js:567:20)
    at <anonymous> (/Users/grins/git/warcraft/wow-bis/scripts/process-quest-levels.ts:191:24)
    at fetchQuestRequiredLevel (/Users/grins/git/warcraft/wow-bis/scripts/process-quest-levels.ts:182:33)
    at <anonymous> (/Users/grins/git/warcraft/wow-bis/scripts/process-quest-levels.ts:386:42)
    at processTicksAndRejections (native:7:39)
Full Error: {}
---
[2025-11-03T07:03:29.532Z] ERROR: Error fetching quest 1046 (attempt 2)
Message: Attempted to use detached Frame '03DAD367655A18147D7AE5A08EAEAA20'.
Stack: Error: Attempted to use detached Frame '03DAD367655A18147D7AE5A08EAEAA20'.
    at <anonymous> (/Users/grins/git/warcraft/wow-bis/node_modules/.pnpm/puppeteer-core@24.25.0/node_modules/puppeteer-core/lib/esm/puppeteer/util/decorators.js:99:27)
    at <anonymous> (/Users/grins/git/warcraft/wow-bis/node_modules/.pnpm/puppeteer-core@24.25.0/node_modules/puppeteer-core/lib/esm/puppeteer/api/Page.js:568:43)
    at goto (/Users/grins/git/warcraft/wow-bis/node_modules/.pnpm/puppeteer-core@24.25.0/node_modules/puppeteer-core/lib/esm/puppeteer/api/Page.js:567:20)
    at <anonymous> (/Users/grins/git/warcraft/wow-bis/scripts/process-quest-levels.ts:191:24)
    at fetchQuestRequiredLevel (/Users/grins/git/warcraft/wow-bis/scripts/process-quest-levels.ts:182:33)
    at processTicksAndRejections (native:7:39)
Full Error: {}
---
[2025-11-03T07:03:36.536Z] ERROR: Error fetching quest 1046 (attempt 3)
Message: Attempted to use detached Frame '03DAD367655A18147D7AE5A08EAEAA20'.
Stack: Error: Attempted to use detached Frame '03DAD367655A18147D7AE5A08EAEAA20'.
    at <anonymous> (/Users/grins/git/warcraft/wow-bis/node_modules/.pnpm/puppeteer-core@24.25.0/node_modules/puppeteer-core/lib/esm/puppeteer/util/decorators.js:99:27)
    at <anonymous> (/Users/grins/git/warcraft/wow-bis/node_modules/.pnpm/puppeteer-core@24.25.0/node_modules/puppeteer-core/lib/esm/puppeteer/api/Page.js:568:43)
    at goto (/Users/grins/git/warcraft/wow-bis/node_modules/.pnpm/puppeteer-core@24.25.0/node_modules/puppeteer-core/lib/esm/puppeteer/api/Page.js:567:20)
    at <anonymous> (/Users/grins/git/warcraft/wow-bis/scripts/process-quest-levels.ts:191:24)
    at fetchQuestRequiredLevel (/Users/grins/git/warcraft/wow-bis/scripts/process-quest-levels.ts:182:33)
    at processTicksAndRejections (native:7:39)
Full Error: {}
---
[2025-11-03T07:03:45.538Z] ERROR: Error fetching quest 1046 (attempt 4)
Message: Attempted to use detached Frame '03DAD367655A18147D7AE5A08EAEAA20'.
Stack: Error: Attempted to use detached Frame '03DAD367655A18147D7AE5A08EAEAA20'.
    at <anonymous> (/Users/grins/git/warcraft/wow-bis/node_modules/.pnpm/puppeteer-core@24.25.0/node_modules/puppeteer-core/lib/esm/puppeteer/util/decorators.js:99:27)
    at <anonymous> (/Users/grins/git/warcraft/wow-bis/node_modules/.pnpm/puppeteer-core@24.25.0/node_modules/puppeteer-core/lib/esm/puppeteer/api/Page.js:568:43)
    at goto (/Users/grins/git/warcraft/wow-bis/node_modules/.pnpm/puppeteer-core@24.25.0/node_modules/puppeteer-core/lib/esm/puppeteer/api/Page.js:567:20)
    at <anonymous> (/Users/grins/git/warcraft/wow-bis/scripts/process-quest-levels.ts:191:24)
    at fetchQuestRequiredLevel (/Users/grins/git/warcraft/wow-bis/scripts/process-quest-levels.ts:182:33)
    at processTicksAndRejections (native:7:39)
Full Error: {}
---
[2025-11-03T07:03:47.540Z] ERROR: Error fetching quest 19 (attempt 1)
Message: Attempted to use detached Frame '03DAD367655A18147D7AE5A08EAEAA20'.
Stack: Error: Attempted to use detached Frame '03DAD367655A18147D7AE5A08EAEAA20'.
    at <anonymous> (/Users/grins/git/warcraft/wow-bis/node_modules/.pnpm/puppeteer-core@24.25.0/node_modules/puppeteer-core/lib/esm/puppeteer/util/decorators.js:99:27)
    at <anonymous> (/Users/grins/git/warcraft/wow-bis/node_modules/.pnpm/puppeteer-core@24.25.0/node_modules/puppeteer-core/lib/esm/puppeteer/api/Page.js:568:43)
    at goto (/Users/grins/git/warcraft/wow-bis/node_modules/.pnpm/puppeteer-core@24.25.0/node_modules/puppeteer-core/lib/esm/puppeteer/api/Page.js:567:20)
    at <anonymous> (/Users/grins/git/warcraft/wow-bis/scripts/process-quest-levels.ts:191:24)
    at fetchQuestRequiredLevel (/Users/grins/git/warcraft/wow-bis/scripts/process-quest-levels.ts:182:33)
    at <anonymous> (/Users/grins/git/warcraft/wow-bis/scripts/process-quest-levels.ts:386:42)
    at processTicksAndRejections (native:7:39)
Full Error: {}
---
[2025-11-03T07:03:52.543Z] ERROR: Error fetching quest 19 (attempt 2)
Message: Attempted to use detached Frame '03DAD367655A18147D7AE5A08EAEAA20'.
Stack: Error: Attempted to use detached Frame '03DAD367655A18147D7AE5A08EAEAA20'.
    at <anonymous> (/Users/grins/git/warcraft/wow-bis/node_modules/.pnpm/puppeteer-core@24.25.0/node_modules/puppeteer-core/lib/esm/puppeteer/util/decorators.js:99:27)
    at <anonymous> (/Users/grins/git/warcraft/wow-bis/node_modules/.pnpm/puppeteer-core@24.25.0/node_modules/puppeteer-core/lib/esm/puppeteer/api/Page.js:568:43)
    at goto (/Users/grins/git/warcraft/wow-bis/node_modules/.pnpm/puppeteer-core@24.25.0/node_modules/puppeteer-core/lib/esm/puppeteer/api/Page.js:567:20)
    at <anonymous> (/Users/grins/git/warcraft/wow-bis/scripts/process-quest-levels.ts:191:24)
    at fetchQuestRequiredLevel (/Users/grins/git/warcraft/wow-bis/scripts/process-quest-levels.ts:182:33)
    at processTicksAndRejections (native:7:39)
Full Error: {}
---
[2025-11-03T07:03:59.546Z] ERROR: Error fetching quest 19 (attempt 3)
Message: Attempted to use detached Frame '03DAD367655A18147D7AE5A08EAEAA20'.
Stack: Error: Attempted to use detached Frame '03DAD367655A18147D7AE5A08EAEAA20'.
    at <anonymous> (/Users/grins/git/warcraft/wow-bis/node_modules/.pnpm/puppeteer-core@24.25.0/node_modules/puppeteer-core/lib/esm/puppeteer/util/decorators.js:99:27)
    at <anonymous> (/Users/grins/git/warcraft/wow-bis/node_modules/.pnpm/puppeteer-core@24.25.0/node_modules/puppeteer-core/lib/esm/puppeteer/api/Page.js:568:43)
    at goto (/Users/grins/git/warcraft/wow-bis/node_modules/.pnpm/puppeteer-core@24.25.0/node_modules/puppeteer-core/lib/esm/puppeteer/api/Page.js:567:20)
    at <anonymous> (/Users/grins/git/warcraft/wow-bis/scripts/process-quest-levels.ts:191:24)
    at fetchQuestRequiredLevel (/Users/grins/git/warcraft/wow-bis/scripts/process-quest-levels.ts:182:33)
    at processTicksAndRejections (native:7:39)
Full Error: {}
---
[2025-11-03T07:04:08.549Z] ERROR: Error fetching quest 19 (attempt 4)
Message: Attempted to use detached Frame '03DAD367655A18147D7AE5A08EAEAA20'.
Stack: Error: Attempted to use detached Frame '03DAD367655A18147D7AE5A08EAEAA20'.
    at <anonymous> (/Users/grins/git/warcraft/wow-bis/node_modules/.pnpm/puppeteer-core@24.25.0/node_modules/puppeteer-core/lib/esm/puppeteer/util/decorators.js:99:27)
    at <anonymous> (/Users/grins/git/warcraft/wow-bis/node_modules/.pnpm/puppeteer-core@24.25.0/node_modules/puppeteer-core/lib/esm/puppeteer/api/Page.js:568:43)
    at goto (/Users/grins/git/warcraft/wow-bis/node_modules/.pnpm/puppeteer-core@24.25.0/node_modules/puppeteer-core/lib/esm/puppeteer/api/Page.js:567:20)
    at <anonymous> (/Users/grins/git/warcraft/wow-bis/scripts/process-quest-levels.ts:191:24)
    at fetchQuestRequiredLevel (/Users/grins/git/warcraft/wow-bis/scripts/process-quest-levels.ts:182:33)
    at processTicksAndRejections (native:7:39)
Full Error: {}
---
[2025-11-03T07:04:10.554Z] ERROR: Error fetching quest 1618 (attempt 1)
Message: Attempted to use detached Frame '03DAD367655A18147D7AE5A08EAEAA20'.
Stack: Error: Attempted to use detached Frame '03DAD367655A18147D7AE5A08EAEAA20'.
    at <anonymous> (/Users/grins/git/warcraft/wow-bis/node_modules/.pnpm/puppeteer-core@24.25.0/node_modules/puppeteer-core/lib/esm/puppeteer/util/decorators.js:99:27)
    at <anonymous> (/Users/grins/git/warcraft/wow-bis/node_modules/.pnpm/puppeteer-core@24.25.0/node_modules/puppeteer-core/lib/esm/puppeteer/api/Page.js:568:43)
    at goto (/Users/grins/git/warcraft/wow-bis/node_modules/.pnpm/puppeteer-core@24.25.0/node_modules/puppeteer-core/lib/esm/puppeteer/api/Page.js:567:20)
    at <anonymous> (/Users/grins/git/warcraft/wow-bis/scripts/process-quest-levels.ts:191:24)
    at fetchQuestRequiredLevel (/Users/grins/git/warcraft/wow-bis/scripts/process-quest-levels.ts:182:33)
    at <anonymous> (/Users/grins/git/warcraft/wow-bis/scripts/process-quest-levels.ts:386:42)
    at processTicksAndRejections (native:7:39)
Full Error: {}
---
[2025-11-03T07:04:15.556Z] ERROR: Error fetching quest 1618 (attempt 2)
Message: Attempted to use detached Frame '03DAD367655A18147D7AE5A08EAEAA20'.
Stack: Error: Attempted to use detached Frame '03DAD367655A18147D7AE5A08EAEAA20'.
    at <anonymous> (/Users/grins/git/warcraft/wow-bis/node_modules/.pnpm/puppeteer-core@24.25.0/node_modules/puppeteer-core/lib/esm/puppeteer/util/decorators.js:99:27)
    at <anonymous> (/Users/grins/git/warcraft/wow-bis/node_modules/.pnpm/puppeteer-core@24.25.0/node_modules/puppeteer-core/lib/esm/puppeteer/api/Page.js:568:43)
    at goto (/Users/grins/git/warcraft/wow-bis/node_modules/.pnpm/puppeteer-core@24.25.0/node_modules/puppeteer-core/lib/esm/puppeteer/api/Page.js:567:20)
    at <anonymous> (/Users/grins/git/warcraft/wow-bis/scripts/process-quest-levels.ts:191:24)
    at fetchQuestRequiredLevel (/Users/grins/git/warcraft/wow-bis/scripts/process-quest-levels.ts:182:33)
    at processTicksAndRejections (native:7:39)
Full Error: {}
---
[2025-11-03T07:19:50.766Z] ERROR: Error fetching quest 1618 (attempt 3)
Message: Attempted to use detached Frame '03DAD367655A18147D7AE5A08EAEAA20'.
Stack: Error: Attempted to use detached Frame '03DAD367655A18147D7AE5A08EAEAA20'.
    at <anonymous> (/Users/grins/git/warcraft/wow-bis/node_modules/.pnpm/puppeteer-core@24.25.0/node_modules/puppeteer-core/lib/esm/puppeteer/util/decorators.js:99:27)
    at <anonymous> (/Users/grins/git/warcraft/wow-bis/node_modules/.pnpm/puppeteer-core@24.25.0/node_modules/puppeteer-core/lib/esm/puppeteer/api/Page.js:568:43)
    at goto (/Users/grins/git/warcraft/wow-bis/node_modules/.pnpm/puppeteer-core@24.25.0/node_modules/puppeteer-core/lib/esm/puppeteer/api/Page.js:567:20)
    at <anonymous> (/Users/grins/git/warcraft/wow-bis/scripts/process-quest-levels.ts:191:24)
    at fetchQuestRequiredLevel (/Users/grins/git/warcraft/wow-bis/scripts/process-quest-levels.ts:182:33)
    at processTicksAndRejections (native:7:39)
Full Error: {}
---
[2025-11-03T07:19:59.768Z] ERROR: Error fetching quest 1618 (attempt 4)
Message: Attempted to use detached Frame '03DAD367655A18147D7AE5A08EAEAA20'.
Stack: Error: Attempted to use detached Frame '03DAD367655A18147D7AE5A08EAEAA20'.
    at <anonymous> (/Users/grins/git/warcraft/wow-bis/node_modules/.pnpm/puppeteer-core@24.25.0/node_modules/puppeteer-core/lib/esm/puppeteer/util/decorators.js:99:27)
    at <anonymous> (/Users/grins/git/warcraft/wow-bis/node_modules/.pnpm/puppeteer-core@24.25.0/node_modules/puppeteer-core/lib/esm/puppeteer/api/Page.js:568:43)
    at goto (/Users/grins/git/warcraft/wow-bis/node_modules/.pnpm/puppeteer-core@24.25.0/node_modules/puppeteer-core/lib/esm/puppeteer/api/Page.js:567:20)
    at <anonymous> (/Users/grins/git/warcraft/wow-bis/scripts/process-quest-levels.ts:191:24)
    at fetchQuestRequiredLevel (/Users/grins/git/warcraft/wow-bis/scripts/process-quest-levels.ts:182:33)
    at processTicksAndRejections (native:7:39)
Full Error: {}
---
[2025-11-03T07:20:01.772Z] ERROR: Error fetching quest 70040 (attempt 1)
Message: Attempted to use detached Frame '03DAD367655A18147D7AE5A08EAEAA20'.
Stack: Error: Attempted to use detached Frame '03DAD367655A18147D7AE5A08EAEAA20'.
    at <anonymous> (/Users/grins/git/warcraft/wow-bis/node_modules/.pnpm/puppeteer-core@24.25.0/node_modules/puppeteer-core/lib/esm/puppeteer/util/decorators.js:99:27)
    at <anonymous> (/Users/grins/git/warcraft/wow-bis/node_modules/.pnpm/puppeteer-core@24.25.0/node_modules/puppeteer-core/lib/esm/puppeteer/api/Page.js:568:43)
    at goto (/Users/grins/git/warcraft/wow-bis/node_modules/.pnpm/puppeteer-core@24.25.0/node_modules/puppeteer-core/lib/esm/puppeteer/api/Page.js:567:20)
    at <anonymous> (/Users/grins/git/warcraft/wow-bis/scripts/process-quest-levels.ts:191:24)
    at fetchQuestRequiredLevel (/Users/grins/git/warcraft/wow-bis/scripts/process-quest-levels.ts:182:33)
    at <anonymous> (/Users/grins/git/warcraft/wow-bis/scripts/process-quest-levels.ts:386:42)
    at processTicksAndRejections (native:7:39)
Full Error: {}
---
[2025-11-03T07:20:06.776Z] ERROR: Error fetching quest 70040 (attempt 2)
Message: Attempted to use detached Frame '03DAD367655A18147D7AE5A08EAEAA20'.
Stack: Error: Attempted to use detached Frame '03DAD367655A18147D7AE5A08EAEAA20'.
    at <anonymous> (/Users/grins/git/warcraft/wow-bis/node_modules/.pnpm/puppeteer-core@24.25.0/node_modules/puppeteer-core/lib/esm/puppeteer/util/decorators.js:99:27)
    at <anonymous> (/Users/grins/git/warcraft/wow-bis/node_modules/.pnpm/puppeteer-core@24.25.0/node_modules/puppeteer-core/lib/esm/puppeteer/api/Page.js:568:43)
    at goto (/Users/grins/git/warcraft/wow-bis/node_modules/.pnpm/puppeteer-core@24.25.0/node_modules/puppeteer-core/lib/esm/puppeteer/api/Page.js:567:20)
    at <anonymous> (/Users/grins/git/warcraft/wow-bis/scripts/process-quest-levels.ts:191:24)
    at fetchQuestRequiredLevel (/Users/grins/git/warcraft/wow-bis/scripts/process-quest-levels.ts:182:33)
    at processTicksAndRejections (native:7:39)
Full Error: {}
---
[2025-11-03T07:20:13.778Z] ERROR: Error fetching quest 70040 (attempt 3)
Message: Attempted to use detached Frame '03DAD367655A18147D7AE5A08EAEAA20'.
Stack: Error: Attempted to use detached Frame '03DAD367655A18147D7AE5A08EAEAA20'.
    at <anonymous> (/Users/grins/git/warcraft/wow-bis/node_modules/.pnpm/puppeteer-core@24.25.0/node_modules/puppeteer-core/lib/esm/puppeteer/util/decorators.js:99:27)
    at <anonymous> (/Users/grins/git/warcraft/wow-bis/node_modules/.pnpm/puppeteer-core@24.25.0/node_modules/puppeteer-core/lib/esm/puppeteer/api/Page.js:568:43)
    at goto (/Users/grins/git/warcraft/wow-bis/node_modules/.pnpm/puppeteer-core@24.25.0/node_modules/puppeteer-core/lib/esm/puppeteer/api/Page.js:567:20)
    at <anonymous> (/Users/grins/git/warcraft/wow-bis/scripts/process-quest-levels.ts:191:24)
    at fetchQuestRequiredLevel (/Users/grins/git/warcraft/wow-bis/scripts/process-quest-levels.ts:182:33)
    at processTicksAndRejections (native:7:39)
Full Error: {}
---
[2025-11-03T07:20:22.780Z] ERROR: Error fetching quest 70040 (attempt 4)
Message: Attempted to use detached Frame '03DAD367655A18147D7AE5A08EAEAA20'.
Stack: Error: Attempted to use detached Frame '03DAD367655A18147D7AE5A08EAEAA20'.
    at <anonymous> (/Users/grins/git/warcraft/wow-bis/node_modules/.pnpm/puppeteer-core@24.25.0/node_modules/puppeteer-core/lib/esm/puppeteer/util/decorators.js:99:27)
    at <anonymous> (/Users/grins/git/warcraft/wow-bis/node_modules/.pnpm/puppeteer-core@24.25.0/node_modules/puppeteer-core/lib/esm/puppeteer/api/Page.js:568:43)
    at goto (/Users/grins/git/warcraft/wow-bis/node_modules/.pnpm/puppeteer-core@24.25.0/node_modules/puppeteer-core/lib/esm/puppeteer/api/Page.js:567:20)
    at <anonymous> (/Users/grins/git/warcraft/wow-bis/scripts/process-quest-levels.ts:191:24)
    at fetchQuestRequiredLevel (/Users/grins/git/warcraft/wow-bis/scripts/process-quest-levels.ts:182:33)
    at processTicksAndRejections (native:7:39)
Full Error: {}
---
[2025-11-03T07:20:24.783Z] ERROR: Error fetching quest 2752 (attempt 1)
Message: Attempted to use detached Frame '03DAD367655A18147D7AE5A08EAEAA20'.
Stack: Error: Attempted to use detached Frame '03DAD367655A18147D7AE5A08EAEAA20'.
    at <anonymous> (/Users/grins/git/warcraft/wow-bis/node_modules/.pnpm/puppeteer-core@24.25.0/node_modules/puppeteer-core/lib/esm/puppeteer/util/decorators.js:99:27)
    at <anonymous> (/Users/grins/git/warcraft/wow-bis/node_modules/.pnpm/puppeteer-core@24.25.0/node_modules/puppeteer-core/lib/esm/puppeteer/api/Page.js:568:43)
    at goto (/Users/grins/git/warcraft/wow-bis/node_modules/.pnpm/puppeteer-core@24.25.0/node_modules/puppeteer-core/lib/esm/puppeteer/api/Page.js:567:20)
    at <anonymous> (/Users/grins/git/warcraft/wow-bis/scripts/process-quest-levels.ts:191:24)
    at fetchQuestRequiredLevel (/Users/grins/git/warcraft/wow-bis/scripts/process-quest-levels.ts:182:33)
    at <anonymous> (/Users/grins/git/warcraft/wow-bis/scripts/process-quest-levels.ts:386:42)
    at processTicksAndRejections (native:7:39)
Full Error: {}
---
[2025-11-03T07:20:29.787Z] ERROR: Error fetching quest 2752 (attempt 2)
Message: Attempted to use detached Frame '03DAD367655A18147D7AE5A08EAEAA20'.
Stack: Error: Attempted to use detached Frame '03DAD367655A18147D7AE5A08EAEAA20'.
    at <anonymous> (/Users/grins/git/warcraft/wow-bis/node_modules/.pnpm/puppeteer-core@24.25.0/node_modules/puppeteer-core/lib/esm/puppeteer/util/decorators.js:99:27)
    at <anonymous> (/Users/grins/git/warcraft/wow-bis/node_modules/.pnpm/puppeteer-core@24.25.0/node_modules/puppeteer-core/lib/esm/puppeteer/api/Page.js:568:43)
    at goto (/Users/grins/git/warcraft/wow-bis/node_modules/.pnpm/puppeteer-core@24.25.0/node_modules/puppeteer-core/lib/esm/puppeteer/api/Page.js:567:20)
    at <anonymous> (/Users/grins/git/warcraft/wow-bis/scripts/process-quest-levels.ts:191:24)
    at fetchQuestRequiredLevel (/Users/grins/git/warcraft/wow-bis/scripts/process-quest-levels.ts:182:33)
    at processTicksAndRejections (native:7:39)
Full Error: {}
---
[2025-11-03T07:20:36.790Z] ERROR: Error fetching quest 2752 (attempt 3)
Message: Attempted to use detached Frame '03DAD367655A18147D7AE5A08EAEAA20'.
Stack: Error: Attempted to use detached Frame '03DAD367655A18147D7AE5A08EAEAA20'.
    at <anonymous> (/Users/grins/git/warcraft/wow-bis/node_modules/.pnpm/puppeteer-core@24.25.0/node_modules/puppeteer-core/lib/esm/puppeteer/util/decorators.js:99:27)
    at <anonymous> (/Users/grins/git/warcraft/wow-bis/node_modules/.pnpm/puppeteer-core@24.25.0/node_modules/puppeteer-core/lib/esm/puppeteer/api/Page.js:568:43)
    at goto (/Users/grins/git/warcraft/wow-bis/node_modules/.pnpm/puppeteer-core@24.25.0/node_modules/puppeteer-core/lib/esm/puppeteer/api/Page.js:567:20)
    at <anonymous> (/Users/grins/git/warcraft/wow-bis/scripts/process-quest-levels.ts:191:24)
    at fetchQuestRequiredLevel (/Users/grins/git/warcraft/wow-bis/scripts/process-quest-levels.ts:182:33)
    at processTicksAndRejections (native:7:39)
Full Error: {}
---
[2025-11-03T07:20:45.794Z] ERROR: Error fetching quest 2752 (attempt 4)
Message: Attempted to use detached Frame '03DAD367655A18147D7AE5A08EAEAA20'.
Stack: Error: Attempted to use detached Frame '03DAD367655A18147D7AE5A08EAEAA20'.
    at <anonymous> (/Users/grins/git/warcraft/wow-bis/node_modules/.pnpm/puppeteer-core@24.25.0/node_modules/puppeteer-core/lib/esm/puppeteer/util/decorators.js:99:27)
    at <anonymous> (/Users/grins/git/warcraft/wow-bis/node_modules/.pnpm/puppeteer-core@24.25.0/node_modules/puppeteer-core/lib/esm/puppeteer/api/Page.js:568:43)
    at goto (/Users/grins/git/warcraft/wow-bis/node_modules/.pnpm/puppeteer-core@24.25.0/node_modules/puppeteer-core/lib/esm/puppeteer/api/Page.js:567:20)
    at <anonymous> (/Users/grins/git/warcraft/wow-bis/scripts/process-quest-levels.ts:191:24)
    at fetchQuestRequiredLevel (/Users/grins/git/warcraft/wow-bis/scripts/process-quest-levels.ts:182:33)
    at processTicksAndRejections (native:7:39)
Full Error: {}
---
[2025-11-03T07:20:47.800Z] ERROR: Error fetching quest 2930 (attempt 1)
Message: Attempted to use detached Frame '03DAD367655A18147D7AE5A08EAEAA20'.
Stack: Error: Attempted to use detached Frame '03DAD367655A18147D7AE5A08EAEAA20'.
    at <anonymous> (/Users/grins/git/warcraft/wow-bis/node_modules/.pnpm/puppeteer-core@24.25.0/node_modules/puppeteer-core/lib/esm/puppeteer/util/decorators.js:99:27)
    at <anonymous> (/Users/grins/git/warcraft/wow-bis/node_modules/.pnpm/puppeteer-core@24.25.0/node_modules/puppeteer-core/lib/esm/puppeteer/api/Page.js:568:43)
    at goto (/Users/grins/git/warcraft/wow-bis/node_modules/.pnpm/puppeteer-core@24.25.0/node_modules/puppeteer-core/lib/esm/puppeteer/api/Page.js:567:20)
    at <anonymous> (/Users/grins/git/warcraft/wow-bis/scripts/process-quest-levels.ts:191:24)
    at fetchQuestRequiredLevel (/Users/grins/git/warcraft/wow-bis/scripts/process-quest-levels.ts:182:33)
    at <anonymous> (/Users/grins/git/warcraft/wow-bis/scripts/process-quest-levels.ts:386:42)
    at processTicksAndRejections (native:7:39)
Full Error: {}
---
[2025-11-03T07:20:52.803Z] ERROR: Error fetching quest 2930 (attempt 2)
Message: Attempted to use detached Frame '03DAD367655A18147D7AE5A08EAEAA20'.
Stack: Error: Attempted to use detached Frame '03DAD367655A18147D7AE5A08EAEAA20'.
    at <anonymous> (/Users/grins/git/warcraft/wow-bis/node_modules/.pnpm/puppeteer-core@24.25.0/node_modules/puppeteer-core/lib/esm/puppeteer/util/decorators.js:99:27)
    at <anonymous> (/Users/grins/git/warcraft/wow-bis/node_modules/.pnpm/puppeteer-core@24.25.0/node_modules/puppeteer-core/lib/esm/puppeteer/api/Page.js:568:43)
    at goto (/Users/grins/git/warcraft/wow-bis/node_modules/.pnpm/puppeteer-core@24.25.0/node_modules/puppeteer-core/lib/esm/puppeteer/api/Page.js:567:20)
    at <anonymous> (/Users/grins/git/warcraft/wow-bis/scripts/process-quest-levels.ts:191:24)
    at fetchQuestRequiredLevel (/Users/grins/git/warcraft/wow-bis/scripts/process-quest-levels.ts:182:33)
    at processTicksAndRejections (native:7:39)
Full Error: {}
---
[2025-11-03T07:20:59.806Z] ERROR: Error fetching quest 2930 (attempt 3)
Message: Attempted to use detached Frame '03DAD367655A18147D7AE5A08EAEAA20'.
Stack: Error: Attempted to use detached Frame '03DAD367655A18147D7AE5A08EAEAA20'.
    at <anonymous> (/Users/grins/git/warcraft/wow-bis/node_modules/.pnpm/puppeteer-core@24.25.0/node_modules/puppeteer-core/lib/esm/puppeteer/util/decorators.js:99:27)
    at <anonymous> (/Users/grins/git/warcraft/wow-bis/node_modules/.pnpm/puppeteer-core@24.25.0/node_modules/puppeteer-core/lib/esm/puppeteer/api/Page.js:568:43)
    at goto (/Users/grins/git/warcraft/wow-bis/node_modules/.pnpm/puppeteer-core@24.25.0/node_modules/puppeteer-core/lib/esm/puppeteer/api/Page.js:567:20)
    at <anonymous> (/Users/grins/git/warcraft/wow-bis/scripts/process-quest-levels.ts:191:24)
    at fetchQuestRequiredLevel (/Users/grins/git/warcraft/wow-bis/scripts/process-quest-levels.ts:182:33)
    at processTicksAndRejections (native:7:39)
Full Error: {}
---
[2025-11-03T07:21:08.808Z] ERROR: Error fetching quest 2930 (attempt 4)
Message: Attempted to use detached Frame '03DAD367655A18147D7AE5A08EAEAA20'.
Stack: Error: Attempted to use detached Frame '03DAD367655A18147D7AE5A08EAEAA20'.
    at <anonymous> (/Users/grins/git/warcraft/wow-bis/node_modules/.pnpm/puppeteer-core@24.25.0/node_modules/puppeteer-core/lib/esm/puppeteer/util/decorators.js:99:27)
    at <anonymous> (/Users/grins/git/warcraft/wow-bis/node_modules/.pnpm/puppeteer-core@24.25.0/node_modules/puppeteer-core/lib/esm/puppeteer/api/Page.js:568:43)
    at goto (/Users/grins/git/warcraft/wow-bis/node_modules/.pnpm/puppeteer-core@24.25.0/node_modules/puppeteer-core/lib/esm/puppeteer/api/Page.js:567:20)
    at <anonymous> (/Users/grins/git/warcraft/wow-bis/scripts/process-quest-levels.ts:191:24)
    at fetchQuestRequiredLevel (/Users/grins/git/warcraft/wow-bis/scripts/process-quest-levels.ts:182:33)
    at processTicksAndRejections (native:7:39)
Full Error: {}
---
[2025-11-03T07:21:10.812Z] ERROR: Error fetching quest 1427 (attempt 1)
Message: Attempted to use detached Frame '03DAD367655A18147D7AE5A08EAEAA20'.
Stack: Error: Attempted to use detached Frame '03DAD367655A18147D7AE5A08EAEAA20'.
    at <anonymous> (/Users/grins/git/warcraft/wow-bis/node_modules/.pnpm/puppeteer-core@24.25.0/node_modules/puppeteer-core/lib/esm/puppeteer/util/decorators.js:99:27)
    at <anonymous> (/Users/grins/git/warcraft/wow-bis/node_modules/.pnpm/puppeteer-core@24.25.0/node_modules/puppeteer-core/lib/esm/puppeteer/api/Page.js:568:43)
    at goto (/Users/grins/git/warcraft/wow-bis/node_modules/.pnpm/puppeteer-core@24.25.0/node_modules/puppeteer-core/lib/esm/puppeteer/api/Page.js:567:20)
    at <anonymous> (/Users/grins/git/warcraft/wow-bis/scripts/process-quest-levels.ts:191:24)
    at fetchQuestRequiredLevel (/Users/grins/git/warcraft/wow-bis/scripts/process-quest-levels.ts:182:33)
    at <anonymous> (/Users/grins/git/warcraft/wow-bis/scripts/process-quest-levels.ts:386:42)
    at processTicksAndRejections (native:7:39)
Full Error: {}
---
[2025-11-03T07:21:15.816Z] ERROR: Error fetching quest 1427 (attempt 2)
Message: Attempted to use detached Frame '03DAD367655A18147D7AE5A08EAEAA20'.
Stack: Error: Attempted to use detached Frame '03DAD367655A18147D7AE5A08EAEAA20'.
    at <anonymous> (/Users/grins/git/warcraft/wow-bis/node_modules/.pnpm/puppeteer-core@24.25.0/node_modules/puppeteer-core/lib/esm/puppeteer/util/decorators.js:99:27)
    at <anonymous> (/Users/grins/git/warcraft/wow-bis/node_modules/.pnpm/puppeteer-core@24.25.0/node_modules/puppeteer-core/lib/esm/puppeteer/api/Page.js:568:43)
    at goto (/Users/grins/git/warcraft/wow-bis/node_modules/.pnpm/puppeteer-core@24.25.0/node_modules/puppeteer-core/lib/esm/puppeteer/api/Page.js:567:20)
    at <anonymous> (/Users/grins/git/warcraft/wow-bis/scripts/process-quest-levels.ts:191:24)
    at fetchQuestRequiredLevel (/Users/grins/git/warcraft/wow-bis/scripts/process-quest-levels.ts:182:33)
    at processTicksAndRejections (native:7:39)
Full Error: {}
---
[2025-11-03T07:21:22.820Z] ERROR: Error fetching quest 1427 (attempt 3)
Message: Attempted to use detached Frame '03DAD367655A18147D7AE5A08EAEAA20'.
Stack: Error: Attempted to use detached Frame '03DAD367655A18147D7AE5A08EAEAA20'.
    at <anonymous> (/Users/grins/git/warcraft/wow-bis/node_modules/.pnpm/puppeteer-core@24.25.0/node_modules/puppeteer-core/lib/esm/puppeteer/util/decorators.js:99:27)
    at <anonymous> (/Users/grins/git/warcraft/wow-bis/node_modules/.pnpm/puppeteer-core@24.25.0/node_modules/puppeteer-core/lib/esm/puppeteer/api/Page.js:568:43)
    at goto (/Users/grins/git/warcraft/wow-bis/node_modules/.pnpm/puppeteer-core@24.25.0/node_modules/puppeteer-core/lib/esm/puppeteer/api/Page.js:567:20)
    at <anonymous> (/Users/grins/git/warcraft/wow-bis/scripts/process-quest-levels.ts:191:24)
    at fetchQuestRequiredLevel (/Users/grins/git/warcraft/wow-bis/scripts/process-quest-levels.ts:182:33)
    at processTicksAndRejections (native:7:39)
Full Error: {}
---
[2025-11-03T07:21:31.824Z] ERROR: Error fetching quest 1427 (attempt 4)
Message: Attempted to use detached Frame '03DAD367655A18147D7AE5A08EAEAA20'.
Stack: Error: Attempted to use detached Frame '03DAD367655A18147D7AE5A08EAEAA20'.
    at <anonymous> (/Users/grins/git/warcraft/wow-bis/node_modules/.pnpm/puppeteer-core@24.25.0/node_modules/puppeteer-core/lib/esm/puppeteer/util/decorators.js:99:27)
    at <anonymous> (/Users/grins/git/warcraft/wow-bis/node_modules/.pnpm/puppeteer-core@24.25.0/node_modules/puppeteer-core/lib/esm/puppeteer/api/Page.js:568:43)
    at goto (/Users/grins/git/warcraft/wow-bis/node_modules/.pnpm/puppeteer-core@24.25.0/node_modules/puppeteer-core/lib/esm/puppeteer/api/Page.js:567:20)
    at <anonymous> (/Users/grins/git/warcraft/wow-bis/scripts/process-quest-levels.ts:191:24)
    at fetchQuestRequiredLevel (/Users/grins/git/warcraft/wow-bis/scripts/process-quest-levels.ts:182:33)
    at processTicksAndRejections (native:7:39)
Full Error: {}
---
[2025-11-03T07:21:33.829Z] ERROR: Error fetching quest 40430 (attempt 1)
Message: Attempted to use detached Frame '03DAD367655A18147D7AE5A08EAEAA20'.
Stack: Error: Attempted to use detached Frame '03DAD367655A18147D7AE5A08EAEAA20'.
    at <anonymous> (/Users/grins/git/warcraft/wow-bis/node_modules/.pnpm/puppeteer-core@24.25.0/node_modules/puppeteer-core/lib/esm/puppeteer/util/decorators.js:99:27)
    at <anonymous> (/Users/grins/git/warcraft/wow-bis/node_modules/.pnpm/puppeteer-core@24.25.0/node_modules/puppeteer-core/lib/esm/puppeteer/api/Page.js:568:43)
    at goto (/Users/grins/git/warcraft/wow-bis/node_modules/.pnpm/puppeteer-core@24.25.0/node_modules/puppeteer-core/lib/esm/puppeteer/api/Page.js:567:20)
    at <anonymous> (/Users/grins/git/warcraft/wow-bis/scripts/process-quest-levels.ts:191:24)
    at fetchQuestRequiredLevel (/Users/grins/git/warcraft/wow-bis/scripts/process-quest-levels.ts:182:33)
    at <anonymous> (/Users/grins/git/warcraft/wow-bis/scripts/process-quest-levels.ts:386:42)
    at processTicksAndRejections (native:7:39)
Full Error: {}
---
[2025-11-03T07:21:38.832Z] ERROR: Error fetching quest 40430 (attempt 2)
Message: Attempted to use detached Frame '03DAD367655A18147D7AE5A08EAEAA20'.
Stack: Error: Attempted to use detached Frame '03DAD367655A18147D7AE5A08EAEAA20'.
    at <anonymous> (/Users/grins/git/warcraft/wow-bis/node_modules/.pnpm/puppeteer-core@24.25.0/node_modules/puppeteer-core/lib/esm/puppeteer/util/decorators.js:99:27)
    at <anonymous> (/Users/grins/git/warcraft/wow-bis/node_modules/.pnpm/puppeteer-core@24.25.0/node_modules/puppeteer-core/lib/esm/puppeteer/api/Page.js:568:43)
    at goto (/Users/grins/git/warcraft/wow-bis/node_modules/.pnpm/puppeteer-core@24.25.0/node_modules/puppeteer-core/lib/esm/puppeteer/api/Page.js:567:20)
    at <anonymous> (/Users/grins/git/warcraft/wow-bis/scripts/process-quest-levels.ts:191:24)
    at fetchQuestRequiredLevel (/Users/grins/git/warcraft/wow-bis/scripts/process-quest-levels.ts:182:33)
    at processTicksAndRejections (native:7:39)
Full Error: {}
---
[2025-11-03T07:21:45.835Z] ERROR: Error fetching quest 40430 (attempt 3)
Message: Attempted to use detached Frame '03DAD367655A18147D7AE5A08EAEAA20'.
Stack: Error: Attempted to use detached Frame '03DAD367655A18147D7AE5A08EAEAA20'.
    at <anonymous> (/Users/grins/git/warcraft/wow-bis/node_modules/.pnpm/puppeteer-core@24.25.0/node_modules/puppeteer-core/lib/esm/puppeteer/util/decorators.js:99:27)
    at <anonymous> (/Users/grins/git/warcraft/wow-bis/node_modules/.pnpm/puppeteer-core@24.25.0/node_modules/puppeteer-core/lib/esm/puppeteer/api/Page.js:568:43)
    at goto (/Users/grins/git/warcraft/wow-bis/node_modules/.pnpm/puppeteer-core@24.25.0/node_modules/puppeteer-core/lib/esm/puppeteer/api/Page.js:567:20)
    at <anonymous> (/Users/grins/git/warcraft/wow-bis/scripts/process-quest-levels.ts:191:24)
    at fetchQuestRequiredLevel (/Users/grins/git/warcraft/wow-bis/scripts/process-quest-levels.ts:182:33)
    at processTicksAndRejections (native:7:39)
Full Error: {}
---
[2025-11-03T07:21:54.838Z] ERROR: Error fetching quest 40430 (attempt 4)
Message: Attempted to use detached Frame '03DAD367655A18147D7AE5A08EAEAA20'.
Stack: Error: Attempted to use detached Frame '03DAD367655A18147D7AE5A08EAEAA20'.
    at <anonymous> (/Users/grins/git/warcraft/wow-bis/node_modules/.pnpm/puppeteer-core@24.25.0/node_modules/puppeteer-core/lib/esm/puppeteer/util/decorators.js:99:27)
    at <anonymous> (/Users/grins/git/warcraft/wow-bis/node_modules/.pnpm/puppeteer-core@24.25.0/node_modules/puppeteer-core/lib/esm/puppeteer/api/Page.js:568:43)
    at goto (/Users/grins/git/warcraft/wow-bis/node_modules/.pnpm/puppeteer-core@24.25.0/node_modules/puppeteer-core/lib/esm/puppeteer/api/Page.js:567:20)
    at <anonymous> (/Users/grins/git/warcraft/wow-bis/scripts/process-quest-levels.ts:191:24)
    at fetchQuestRequiredLevel (/Users/grins/git/warcraft/wow-bis/scripts/process-quest-levels.ts:182:33)
    at processTicksAndRejections (native:7:39)
Full Error: {}
---
[2025-11-03T07:21:56.842Z] ERROR: Error fetching quest 40478 (attempt 1)
Message: Attempted to use detached Frame '03DAD367655A18147D7AE5A08EAEAA20'.
Stack: Error: Attempted to use detached Frame '03DAD367655A18147D7AE5A08EAEAA20'.
    at <anonymous> (/Users/grins/git/warcraft/wow-bis/node_modules/.pnpm/puppeteer-core@24.25.0/node_modules/puppeteer-core/lib/esm/puppeteer/util/decorators.js:99:27)
    at <anonymous> (/Users/grins/git/warcraft/wow-bis/node_modules/.pnpm/puppeteer-core@24.25.0/node_modules/puppeteer-core/lib/esm/puppeteer/api/Page.js:568:43)
    at goto (/Users/grins/git/warcraft/wow-bis/node_modules/.pnpm/puppeteer-core@24.25.0/node_modules/puppeteer-core/lib/esm/puppeteer/api/Page.js:567:20)
    at <anonymous> (/Users/grins/git/warcraft/wow-bis/scripts/process-quest-levels.ts:191:24)
    at fetchQuestRequiredLevel (/Users/grins/git/warcraft/wow-bis/scripts/process-quest-levels.ts:182:33)
    at <anonymous> (/Users/grins/git/warcraft/wow-bis/scripts/process-quest-levels.ts:386:42)
    at processTicksAndRejections (native:7:39)
Full Error: {}
---
[2025-11-03T07:22:01.846Z] ERROR: Error fetching quest 40478 (attempt 2)
Message: Attempted to use detached Frame '03DAD367655A18147D7AE5A08EAEAA20'.
Stack: Error: Attempted to use detached Frame '03DAD367655A18147D7AE5A08EAEAA20'.
    at <anonymous> (/Users/grins/git/warcraft/wow-bis/node_modules/.pnpm/puppeteer-core@24.25.0/node_modules/puppeteer-core/lib/esm/puppeteer/util/decorators.js:99:27)
    at <anonymous> (/Users/grins/git/warcraft/wow-bis/node_modules/.pnpm/puppeteer-core@24.25.0/node_modules/puppeteer-core/lib/esm/puppeteer/api/Page.js:568:43)
    at goto (/Users/grins/git/warcraft/wow-bis/node_modules/.pnpm/puppeteer-core@24.25.0/node_modules/puppeteer-core/lib/esm/puppeteer/api/Page.js:567:20)
    at <anonymous> (/Users/grins/git/warcraft/wow-bis/scripts/process-quest-levels.ts:191:24)
    at fetchQuestRequiredLevel (/Users/grins/git/warcraft/wow-bis/scripts/process-quest-levels.ts:182:33)
    at processTicksAndRejections (native:7:39)
Full Error: {}
---
[2025-11-03T07:22:08.849Z] ERROR: Error fetching quest 40478 (attempt 3)
Message: Attempted to use detached Frame '03DAD367655A18147D7AE5A08EAEAA20'.
Stack: Error: Attempted to use detached Frame '03DAD367655A18147D7AE5A08EAEAA20'.
    at <anonymous> (/Users/grins/git/warcraft/wow-bis/node_modules/.pnpm/puppeteer-core@24.25.0/node_modules/puppeteer-core/lib/esm/puppeteer/util/decorators.js:99:27)
    at <anonymous> (/Users/grins/git/warcraft/wow-bis/node_modules/.pnpm/puppeteer-core@24.25.0/node_modules/puppeteer-core/lib/esm/puppeteer/api/Page.js:568:43)
    at goto (/Users/grins/git/warcraft/wow-bis/node_modules/.pnpm/puppeteer-core@24.25.0/node_modules/puppeteer-core/lib/esm/puppeteer/api/Page.js:567:20)
    at <anonymous> (/Users/grins/git/warcraft/wow-bis/scripts/process-quest-levels.ts:191:24)
    at fetchQuestRequiredLevel (/Users/grins/git/warcraft/wow-bis/scripts/process-quest-levels.ts:182:33)
    at processTicksAndRejections (native:7:39)
Full Error: {}
---
[2025-11-03T07:35:25.280Z] ERROR: Error fetching quest 40478 (attempt 4)
Message: Attempted to use detached Frame '03DAD367655A18147D7AE5A08EAEAA20'.
Stack: Error: Attempted to use detached Frame '03DAD367655A18147D7AE5A08EAEAA20'.
    at <anonymous> (/Users/grins/git/warcraft/wow-bis/node_modules/.pnpm/puppeteer-core@24.25.0/node_modules/puppeteer-core/lib/esm/puppeteer/util/decorators.js:99:27)
    at <anonymous> (/Users/grins/git/warcraft/wow-bis/node_modules/.pnpm/puppeteer-core@24.25.0/node_modules/puppeteer-core/lib/esm/puppeteer/api/Page.js:568:43)
    at goto (/Users/grins/git/warcraft/wow-bis/node_modules/.pnpm/puppeteer-core@24.25.0/node_modules/puppeteer-core/lib/esm/puppeteer/api/Page.js:567:20)
    at <anonymous> (/Users/grins/git/warcraft/wow-bis/scripts/process-quest-levels.ts:191:24)
    at fetchQuestRequiredLevel (/Users/grins/git/warcraft/wow-bis/scripts/process-quest-levels.ts:182:33)
    at processTicksAndRejections (native:7:39)
Full Error: {}
---
[2025-11-03T07:35:27.331Z] ERROR: Error fetching quest 40860 (attempt 1)
Message: Attempted to use detached Frame '03DAD367655A18147D7AE5A08EAEAA20'.
Stack: Error: Attempted to use detached Frame '03DAD367655A18147D7AE5A08EAEAA20'.
    at <anonymous> (/Users/grins/git/warcraft/wow-bis/node_modules/.pnpm/puppeteer-core@24.25.0/node_modules/puppeteer-core/lib/esm/puppeteer/util/decorators.js:99:27)
    at <anonymous> (/Users/grins/git/warcraft/wow-bis/node_modules/.pnpm/puppeteer-core@24.25.0/node_modules/puppeteer-core/lib/esm/puppeteer/api/Page.js:568:43)
    at goto (/Users/grins/git/warcraft/wow-bis/node_modules/.pnpm/puppeteer-core@24.25.0/node_modules/puppeteer-core/lib/esm/puppeteer/api/Page.js:567:20)
    at <anonymous> (/Users/grins/git/warcraft/wow-bis/scripts/process-quest-levels.ts:191:24)
    at fetchQuestRequiredLevel (/Users/grins/git/warcraft/wow-bis/scripts/process-quest-levels.ts:182:33)
    at <anonymous> (/Users/grins/git/warcraft/wow-bis/scripts/process-quest-levels.ts:386:42)
    at processTicksAndRejections (native:7:39)
Full Error: {}
---
[2025-11-03T07:35:32.332Z] ERROR: Error fetching quest 40860 (attempt 2)
Message: Attempted to use detached Frame '03DAD367655A18147D7AE5A08EAEAA20'.
Stack: Error: Attempted to use detached Frame '03DAD367655A18147D7AE5A08EAEAA20'.
    at <anonymous> (/Users/grins/git/warcraft/wow-bis/node_modules/.pnpm/puppeteer-core@24.25.0/node_modules/puppeteer-core/lib/esm/puppeteer/util/decorators.js:99:27)
    at <anonymous> (/Users/grins/git/warcraft/wow-bis/node_modules/.pnpm/puppeteer-core@24.25.0/node_modules/puppeteer-core/lib/esm/puppeteer/api/Page.js:568:43)
    at goto (/Users/grins/git/warcraft/wow-bis/node_modules/.pnpm/puppeteer-core@24.25.0/node_modules/puppeteer-core/lib/esm/puppeteer/api/Page.js:567:20)
    at <anonymous> (/Users/grins/git/warcraft/wow-bis/scripts/process-quest-levels.ts:191:24)
    at fetchQuestRequiredLevel (/Users/grins/git/warcraft/wow-bis/scripts/process-quest-levels.ts:182:33)
    at processTicksAndRejections (native:7:39)
Full Error: {}
---
[2025-11-03T07:35:39.335Z] ERROR: Error fetching quest 40860 (attempt 3)
Message: Attempted to use detached Frame '03DAD367655A18147D7AE5A08EAEAA20'.
Stack: Error: Attempted to use detached Frame '03DAD367655A18147D7AE5A08EAEAA20'.
    at <anonymous> (/Users/grins/git/warcraft/wow-bis/node_modules/.pnpm/puppeteer-core@24.25.0/node_modules/puppeteer-core/lib/esm/puppeteer/util/decorators.js:99:27)
    at <anonymous> (/Users/grins/git/warcraft/wow-bis/node_modules/.pnpm/puppeteer-core@24.25.0/node_modules/puppeteer-core/lib/esm/puppeteer/api/Page.js:568:43)
    at goto (/Users/grins/git/warcraft/wow-bis/node_modules/.pnpm/puppeteer-core@24.25.0/node_modules/puppeteer-core/lib/esm/puppeteer/api/Page.js:567:20)
    at <anonymous> (/Users/grins/git/warcraft/wow-bis/scripts/process-quest-levels.ts:191:24)
    at fetchQuestRequiredLevel (/Users/grins/git/warcraft/wow-bis/scripts/process-quest-levels.ts:182:33)
    at processTicksAndRejections (native:7:39)
Full Error: {}
---
[2025-11-03T07:35:48.334Z] ERROR: Error fetching quest 40860 (attempt 4)
Message: Attempted to use detached Frame '03DAD367655A18147D7AE5A08EAEAA20'.
Stack: Error: Attempted to use detached Frame '03DAD367655A18147D7AE5A08EAEAA20'.
    at <anonymous> (/Users/grins/git/warcraft/wow-bis/node_modules/.pnpm/puppeteer-core@24.25.0/node_modules/puppeteer-core/lib/esm/puppeteer/util/decorators.js:99:27)
    at <anonymous> (/Users/grins/git/warcraft/wow-bis/node_modules/.pnpm/puppeteer-core@24.25.0/node_modules/puppeteer-core/lib/esm/puppeteer/api/Page.js:568:43)
    at goto (/Users/grins/git/warcraft/wow-bis/node_modules/.pnpm/puppeteer-core@24.25.0/node_modules/puppeteer-core/lib/esm/puppeteer/api/Page.js:567:20)
    at <anonymous> (/Users/grins/git/warcraft/wow-bis/scripts/process-quest-levels.ts:191:24)
    at fetchQuestRequiredLevel (/Users/grins/git/warcraft/wow-bis/scripts/process-quest-levels.ts:182:33)
    at processTicksAndRejections (native:7:39)
Full Error: {}
---
[2025-11-03T07:35:50.342Z] ERROR: Error fetching quest 8272 (attempt 1)
Message: Attempted to use detached Frame '03DAD367655A18147D7AE5A08EAEAA20'.
Stack: Error: Attempted to use detached Frame '03DAD367655A18147D7AE5A08EAEAA20'.
    at <anonymous> (/Users/grins/git/warcraft/wow-bis/node_modules/.pnpm/puppeteer-core@24.25.0/node_modules/puppeteer-core/lib/esm/puppeteer/util/decorators.js:99:27)
    at <anonymous> (/Users/grins/git/warcraft/wow-bis/node_modules/.pnpm/puppeteer-core@24.25.0/node_modules/puppeteer-core/lib/esm/puppeteer/api/Page.js:568:43)
    at goto (/Users/grins/git/warcraft/wow-bis/node_modules/.pnpm/puppeteer-core@24.25.0/node_modules/puppeteer-core/lib/esm/puppeteer/api/Page.js:567:20)
    at <anonymous> (/Users/grins/git/warcraft/wow-bis/scripts/process-quest-levels.ts:191:24)
    at fetchQuestRequiredLevel (/Users/grins/git/warcraft/wow-bis/scripts/process-quest-levels.ts:182:33)
    at <anonymous> (/Users/grins/git/warcraft/wow-bis/scripts/process-quest-levels.ts:386:42)
    at processTicksAndRejections (native:7:39)
Full Error: {}
---
[2025-11-03T07:35:55.344Z] ERROR: Error fetching quest 8272 (attempt 2)
Message: Attempted to use detached Frame '03DAD367655A18147D7AE5A08EAEAA20'.
Stack: Error: Attempted to use detached Frame '03DAD367655A18147D7AE5A08EAEAA20'.
    at <anonymous> (/Users/grins/git/warcraft/wow-bis/node_modules/.pnpm/puppeteer-core@24.25.0/node_modules/puppeteer-core/lib/esm/puppeteer/util/decorators.js:99:27)
    at <anonymous> (/Users/grins/git/warcraft/wow-bis/node_modules/.pnpm/puppeteer-core@24.25.0/node_modules/puppeteer-core/lib/esm/puppeteer/api/Page.js:568:43)
    at goto (/Users/grins/git/warcraft/wow-bis/node_modules/.pnpm/puppeteer-core@24.25.0/node_modules/puppeteer-core/lib/esm/puppeteer/api/Page.js:567:20)
    at <anonymous> (/Users/grins/git/warcraft/wow-bis/scripts/process-quest-levels.ts:191:24)
    at fetchQuestRequiredLevel (/Users/grins/git/warcraft/wow-bis/scripts/process-quest-levels.ts:182:33)
    at processTicksAndRejections (native:7:39)
Full Error: {}
---
[2025-11-03T07:36:02.346Z] ERROR: Error fetching quest 8272 (attempt 3)
Message: Attempted to use detached Frame '03DAD367655A18147D7AE5A08EAEAA20'.
Stack: Error: Attempted to use detached Frame '03DAD367655A18147D7AE5A08EAEAA20'.
    at <anonymous> (/Users/grins/git/warcraft/wow-bis/node_modules/.pnpm/puppeteer-core@24.25.0/node_modules/puppeteer-core/lib/esm/puppeteer/util/decorators.js:99:27)
    at <anonymous> (/Users/grins/git/warcraft/wow-bis/node_modules/.pnpm/puppeteer-core@24.25.0/node_modules/puppeteer-core/lib/esm/puppeteer/api/Page.js:568:43)
    at goto (/Users/grins/git/warcraft/wow-bis/node_modules/.pnpm/puppeteer-core@24.25.0/node_modules/puppeteer-core/lib/esm/puppeteer/api/Page.js:567:20)
    at <anonymous> (/Users/grins/git/warcraft/wow-bis/scripts/process-quest-levels.ts:191:24)
    at fetchQuestRequiredLevel (/Users/grins/git/warcraft/wow-bis/scripts/process-quest-levels.ts:182:33)
    at processTicksAndRejections (native:7:39)
Full Error: {}
---
[2025-11-03T07:36:11.349Z] ERROR: Error fetching quest 8272 (attempt 4)
Message: Attempted to use detached Frame '03DAD367655A18147D7AE5A08EAEAA20'.
Stack: Error: Attempted to use detached Frame '03DAD367655A18147D7AE5A08EAEAA20'.
    at <anonymous> (/Users/grins/git/warcraft/wow-bis/node_modules/.pnpm/puppeteer-core@24.25.0/node_modules/puppeteer-core/lib/esm/puppeteer/util/decorators.js:99:27)
    at <anonymous> (/Users/grins/git/warcraft/wow-bis/node_modules/.pnpm/puppeteer-core@24.25.0/node_modules/puppeteer-core/lib/esm/puppeteer/api/Page.js:568:43)
    at goto (/Users/grins/git/warcraft/wow-bis/node_modules/.pnpm/puppeteer-core@24.25.0/node_modules/puppeteer-core/lib/esm/puppeteer/api/Page.js:567:20)
    at <anonymous> (/Users/grins/git/warcraft/wow-bis/scripts/process-quest-levels.ts:191:24)
    at fetchQuestRequiredLevel (/Users/grins/git/warcraft/wow-bis/scripts/process-quest-levels.ts:182:33)
    at processTicksAndRejections (native:7:39)
Full Error: {}
---
[2025-11-03T07:36:13.354Z] ERROR: Error fetching quest 8271 (attempt 1)
Message: Attempted to use detached Frame '03DAD367655A18147D7AE5A08EAEAA20'.
Stack: Error: Attempted to use detached Frame '03DAD367655A18147D7AE5A08EAEAA20'.
    at <anonymous> (/Users/grins/git/warcraft/wow-bis/node_modules/.pnpm/puppeteer-core@24.25.0/node_modules/puppeteer-core/lib/esm/puppeteer/util/decorators.js:99:27)
    at <anonymous> (/Users/grins/git/warcraft/wow-bis/node_modules/.pnpm/puppeteer-core@24.25.0/node_modules/puppeteer-core/lib/esm/puppeteer/api/Page.js:568:43)
    at goto (/Users/grins/git/warcraft/wow-bis/node_modules/.pnpm/puppeteer-core@24.25.0/node_modules/puppeteer-core/lib/esm/puppeteer/api/Page.js:567:20)
    at <anonymous> (/Users/grins/git/warcraft/wow-bis/scripts/process-quest-levels.ts:191:24)
    at fetchQuestRequiredLevel (/Users/grins/git/warcraft/wow-bis/scripts/process-quest-levels.ts:182:33)
    at <anonymous> (/Users/grins/git/warcraft/wow-bis/scripts/process-quest-levels.ts:386:42)
    at processTicksAndRejections (native:7:39)
Full Error: {}
---
[2025-11-03T07:36:18.356Z] ERROR: Error fetching quest 8271 (attempt 2)
Message: Attempted to use detached Frame '03DAD367655A18147D7AE5A08EAEAA20'.
Stack: Error: Attempted to use detached Frame '03DAD367655A18147D7AE5A08EAEAA20'.
    at <anonymous> (/Users/grins/git/warcraft/wow-bis/node_modules/.pnpm/puppeteer-core@24.25.0/node_modules/puppeteer-core/lib/esm/puppeteer/util/decorators.js:99:27)
    at <anonymous> (/Users/grins/git/warcraft/wow-bis/node_modules/.pnpm/puppeteer-core@24.25.0/node_modules/puppeteer-core/lib/esm/puppeteer/api/Page.js:568:43)
    at goto (/Users/grins/git/warcraft/wow-bis/node_modules/.pnpm/puppeteer-core@24.25.0/node_modules/puppeteer-core/lib/esm/puppeteer/api/Page.js:567:20)
    at <anonymous> (/Users/grins/git/warcraft/wow-bis/scripts/process-quest-levels.ts:191:24)
    at fetchQuestRequiredLevel (/Users/grins/git/warcraft/wow-bis/scripts/process-quest-levels.ts:182:33)
    at processTicksAndRejections (native:7:39)
Full Error: {}
---
[2025-11-03T07:36:25.358Z] ERROR: Error fetching quest 8271 (attempt 3)
Message: Attempted to use detached Frame '03DAD367655A18147D7AE5A08EAEAA20'.
Stack: Error: Attempted to use detached Frame '03DAD367655A18147D7AE5A08EAEAA20'.
    at <anonymous> (/Users/grins/git/warcraft/wow-bis/node_modules/.pnpm/puppeteer-core@24.25.0/node_modules/puppeteer-core/lib/esm/puppeteer/util/decorators.js:99:27)
    at <anonymous> (/Users/grins/git/warcraft/wow-bis/node_modules/.pnpm/puppeteer-core@24.25.0/node_modules/puppeteer-core/lib/esm/puppeteer/api/Page.js:568:43)
    at goto (/Users/grins/git/warcraft/wow-bis/node_modules/.pnpm/puppeteer-core@24.25.0/node_modules/puppeteer-core/lib/esm/puppeteer/api/Page.js:567:20)
    at <anonymous> (/Users/grins/git/warcraft/wow-bis/scripts/process-quest-levels.ts:191:24)
    at fetchQuestRequiredLevel (/Users/grins/git/warcraft/wow-bis/scripts/process-quest-levels.ts:182:33)
    at processTicksAndRejections (native:7:39)
Full Error: {}
---
[2025-11-03T07:36:34.361Z] ERROR: Error fetching quest 8271 (attempt 4)
Message: Attempted to use detached Frame '03DAD367655A18147D7AE5A08EAEAA20'.
Stack: Error: Attempted to use detached Frame '03DAD367655A18147D7AE5A08EAEAA20'.
    at <anonymous> (/Users/grins/git/warcraft/wow-bis/node_modules/.pnpm/puppeteer-core@24.25.0/node_modules/puppeteer-core/lib/esm/puppeteer/util/decorators.js:99:27)
    at <anonymous> (/Users/grins/git/warcraft/wow-bis/node_modules/.pnpm/puppeteer-core@24.25.0/node_modules/puppeteer-core/lib/esm/puppeteer/api/Page.js:568:43)
    at goto (/Users/grins/git/warcraft/wow-bis/node_modules/.pnpm/puppeteer-core@24.25.0/node_modules/puppeteer-core/lib/esm/puppeteer/api/Page.js:567:20)
    at <anonymous> (/Users/grins/git/warcraft/wow-bis/scripts/process-quest-levels.ts:191:24)
    at fetchQuestRequiredLevel (/Users/grins/git/warcraft/wow-bis/scripts/process-quest-levels.ts:182:33)
    at processTicksAndRejections (native:7:39)
Full Error: {}
---
[2025-11-03T07:36:36.364Z] ERROR: Error fetching quest 7202 (attempt 1)
Message: Attempted to use detached Frame '03DAD367655A18147D7AE5A08EAEAA20'.
Stack: Error: Attempted to use detached Frame '03DAD367655A18147D7AE5A08EAEAA20'.
    at <anonymous> (/Users/grins/git/warcraft/wow-bis/node_modules/.pnpm/puppeteer-core@24.25.0/node_modules/puppeteer-core/lib/esm/puppeteer/util/decorators.js:99:27)
    at <anonymous> (/Users/grins/git/warcraft/wow-bis/node_modules/.pnpm/puppeteer-core@24.25.0/node_modules/puppeteer-core/lib/esm/puppeteer/api/Page.js:568:43)
    at goto (/Users/grins/git/warcraft/wow-bis/node_modules/.pnpm/puppeteer-core@24.25.0/node_modules/puppeteer-core/lib/esm/puppeteer/api/Page.js:567:20)
    at <anonymous> (/Users/grins/git/warcraft/wow-bis/scripts/process-quest-levels.ts:191:24)
    at fetchQuestRequiredLevel (/Users/grins/git/warcraft/wow-bis/scripts/process-quest-levels.ts:182:33)
    at <anonymous> (/Users/grins/git/warcraft/wow-bis/scripts/process-quest-levels.ts:386:42)
    at processTicksAndRejections (native:7:39)
Full Error: {}
---
[2025-11-03T07:36:41.367Z] ERROR: Error fetching quest 7202 (attempt 2)
Message: Attempted to use detached Frame '03DAD367655A18147D7AE5A08EAEAA20'.
Stack: Error: Attempted to use detached Frame '03DAD367655A18147D7AE5A08EAEAA20'.
    at <anonymous> (/Users/grins/git/warcraft/wow-bis/node_modules/.pnpm/puppeteer-core@24.25.0/node_modules/puppeteer-core/lib/esm/puppeteer/util/decorators.js:99:27)
    at <anonymous> (/Users/grins/git/warcraft/wow-bis/node_modules/.pnpm/puppeteer-core@24.25.0/node_modules/puppeteer-core/lib/esm/puppeteer/api/Page.js:568:43)
    at goto (/Users/grins/git/warcraft/wow-bis/node_modules/.pnpm/puppeteer-core@24.25.0/node_modules/puppeteer-core/lib/esm/puppeteer/api/Page.js:567:20)
    at <anonymous> (/Users/grins/git/warcraft/wow-bis/scripts/process-quest-levels.ts:191:24)
    at fetchQuestRequiredLevel (/Users/grins/git/warcraft/wow-bis/scripts/process-quest-levels.ts:182:33)
    at processTicksAndRejections (native:7:39)
Full Error: {}
---
[2025-11-03T07:36:48.371Z] ERROR: Error fetching quest 7202 (attempt 3)
Message: Attempted to use detached Frame '03DAD367655A18147D7AE5A08EAEAA20'.
Stack: Error: Attempted to use detached Frame '03DAD367655A18147D7AE5A08EAEAA20'.
    at <anonymous> (/Users/grins/git/warcraft/wow-bis/node_modules/.pnpm/puppeteer-core@24.25.0/node_modules/puppeteer-core/lib/esm/puppeteer/util/decorators.js:99:27)
    at <anonymous> (/Users/grins/git/warcraft/wow-bis/node_modules/.pnpm/puppeteer-core@24.25.0/node_modules/puppeteer-core/lib/esm/puppeteer/api/Page.js:568:43)
    at goto (/Users/grins/git/warcraft/wow-bis/node_modules/.pnpm/puppeteer-core@24.25.0/node_modules/puppeteer-core/lib/esm/puppeteer/api/Page.js:567:20)
    at <anonymous> (/Users/grins/git/warcraft/wow-bis/scripts/process-quest-levels.ts:191:24)
    at fetchQuestRequiredLevel (/Users/grins/git/warcraft/wow-bis/scripts/process-quest-levels.ts:182:33)
    at processTicksAndRejections (native:7:39)
Full Error: {}
---
[2025-11-03T07:36:57.375Z] ERROR: Error fetching quest 7202 (attempt 4)
Message: Attempted to use detached Frame '03DAD367655A18147D7AE5A08EAEAA20'.
Stack: Error: Attempted to use detached Frame '03DAD367655A18147D7AE5A08EAEAA20'.
    at <anonymous> (/Users/grins/git/warcraft/wow-bis/node_modules/.pnpm/puppeteer-core@24.25.0/node_modules/puppeteer-core/lib/esm/puppeteer/util/decorators.js:99:27)
    at <anonymous> (/Users/grins/git/warcraft/wow-bis/node_modules/.pnpm/puppeteer-core@24.25.0/node_modules/puppeteer-core/lib/esm/puppeteer/api/Page.js:568:43)
    at goto (/Users/grins/git/warcraft/wow-bis/node_modules/.pnpm/puppeteer-core@24.25.0/node_modules/puppeteer-core/lib/esm/puppeteer/api/Page.js:567:20)
    at <anonymous> (/Users/grins/git/warcraft/wow-bis/scripts/process-quest-levels.ts:191:24)
    at fetchQuestRequiredLevel (/Users/grins/git/warcraft/wow-bis/scripts/process-quest-levels.ts:182:33)
    at processTicksAndRejections (native:7:39)
Full Error: {}
---
[2025-11-03T07:36:59.379Z] ERROR: Error fetching quest 7181 (attempt 1)
Message: Attempted to use detached Frame '03DAD367655A18147D7AE5A08EAEAA20'.
Stack: Error: Attempted to use detached Frame '03DAD367655A18147D7AE5A08EAEAA20'.
    at <anonymous> (/Users/grins/git/warcraft/wow-bis/node_modules/.pnpm/puppeteer-core@24.25.0/node_modules/puppeteer-core/lib/esm/puppeteer/util/decorators.js:99:27)
    at <anonymous> (/Users/grins/git/warcraft/wow-bis/node_modules/.pnpm/puppeteer-core@24.25.0/node_modules/puppeteer-core/lib/esm/puppeteer/api/Page.js:568:43)
    at goto (/Users/grins/git/warcraft/wow-bis/node_modules/.pnpm/puppeteer-core@24.25.0/node_modules/puppeteer-core/lib/esm/puppeteer/api/Page.js:567:20)
    at <anonymous> (/Users/grins/git/warcraft/wow-bis/scripts/process-quest-levels.ts:191:24)
    at fetchQuestRequiredLevel (/Users/grins/git/warcraft/wow-bis/scripts/process-quest-levels.ts:182:33)
    at <anonymous> (/Users/grins/git/warcraft/wow-bis/scripts/process-quest-levels.ts:386:42)
    at processTicksAndRejections (native:7:39)
Full Error: {}
---
[2025-11-03T07:37:04.383Z] ERROR: Error fetching quest 7181 (attempt 2)
Message: Attempted to use detached Frame '03DAD367655A18147D7AE5A08EAEAA20'.
Stack: Error: Attempted to use detached Frame '03DAD367655A18147D7AE5A08EAEAA20'.
    at <anonymous> (/Users/grins/git/warcraft/wow-bis/node_modules/.pnpm/puppeteer-core@24.25.0/node_modules/puppeteer-core/lib/esm/puppeteer/util/decorators.js:99:27)
    at <anonymous> (/Users/grins/git/warcraft/wow-bis/node_modules/.pnpm/puppeteer-core@24.25.0/node_modules/puppeteer-core/lib/esm/puppeteer/api/Page.js:568:43)
    at goto (/Users/grins/git/warcraft/wow-bis/node_modules/.pnpm/puppeteer-core@24.25.0/node_modules/puppeteer-core/lib/esm/puppeteer/api/Page.js:567:20)
    at <anonymous> (/Users/grins/git/warcraft/wow-bis/scripts/process-quest-levels.ts:191:24)
    at fetchQuestRequiredLevel (/Users/grins/git/warcraft/wow-bis/scripts/process-quest-levels.ts:182:33)
    at processTicksAndRejections (native:7:39)
Full Error: {}
---
[2025-11-03T07:37:11.387Z] ERROR: Error fetching quest 7181 (attempt 3)
Message: Attempted to use detached Frame '03DAD367655A18147D7AE5A08EAEAA20'.
Stack: Error: Attempted to use detached Frame '03DAD367655A18147D7AE5A08EAEAA20'.
    at <anonymous> (/Users/grins/git/warcraft/wow-bis/node_modules/.pnpm/puppeteer-core@24.25.0/node_modules/puppeteer-core/lib/esm/puppeteer/util/decorators.js:99:27)
    at <anonymous> (/Users/grins/git/warcraft/wow-bis/node_modules/.pnpm/puppeteer-core@24.25.0/node_modules/puppeteer-core/lib/esm/puppeteer/api/Page.js:568:43)
    at goto (/Users/grins/git/warcraft/wow-bis/node_modules/.pnpm/puppeteer-core@24.25.0/node_modules/puppeteer-core/lib/esm/puppeteer/api/Page.js:567:20)
    at <anonymous> (/Users/grins/git/warcraft/wow-bis/scripts/process-quest-levels.ts:191:24)
    at fetchQuestRequiredLevel (/Users/grins/git/warcraft/wow-bis/scripts/process-quest-levels.ts:182:33)
    at processTicksAndRejections (native:7:39)
Full Error: {}
---
[2025-11-03T07:37:20.391Z] ERROR: Error fetching quest 7181 (attempt 4)
Message: Attempted to use detached Frame '03DAD367655A18147D7AE5A08EAEAA20'.
Stack: Error: Attempted to use detached Frame '03DAD367655A18147D7AE5A08EAEAA20'.
    at <anonymous> (/Users/grins/git/warcraft/wow-bis/node_modules/.pnpm/puppeteer-core@24.25.0/node_modules/puppeteer-core/lib/esm/puppeteer/util/decorators.js:99:27)
    at <anonymous> (/Users/grins/git/warcraft/wow-bis/node_modules/.pnpm/puppeteer-core@24.25.0/node_modules/puppeteer-core/lib/esm/puppeteer/api/Page.js:568:43)
    at goto (/Users/grins/git/warcraft/wow-bis/node_modules/.pnpm/puppeteer-core@24.25.0/node_modules/puppeteer-core/lib/esm/puppeteer/api/Page.js:567:20)
    at <anonymous> (/Users/grins/git/warcraft/wow-bis/scripts/process-quest-levels.ts:191:24)
    at fetchQuestRequiredLevel (/Users/grins/git/warcraft/wow-bis/scripts/process-quest-levels.ts:182:33)
    at processTicksAndRejections (native:7:39)
Full Error: {}
---
[2025-11-03T07:37:22.397Z] ERROR: Error fetching quest 60119 (attempt 1)
Message: Attempted to use detached Frame '03DAD367655A18147D7AE5A08EAEAA20'.
Stack: Error: Attempted to use detached Frame '03DAD367655A18147D7AE5A08EAEAA20'.
    at <anonymous> (/Users/grins/git/warcraft/wow-bis/node_modules/.pnpm/puppeteer-core@24.25.0/node_modules/puppeteer-core/lib/esm/puppeteer/util/decorators.js:99:27)
    at <anonymous> (/Users/grins/git/warcraft/wow-bis/node_modules/.pnpm/puppeteer-core@24.25.0/node_modules/puppeteer-core/lib/esm/puppeteer/api/Page.js:568:43)
    at goto (/Users/grins/git/warcraft/wow-bis/node_modules/.pnpm/puppeteer-core@24.25.0/node_modules/puppeteer-core/lib/esm/puppeteer/api/Page.js:567:20)
    at <anonymous> (/Users/grins/git/warcraft/wow-bis/scripts/process-quest-levels.ts:191:24)
    at fetchQuestRequiredLevel (/Users/grins/git/warcraft/wow-bis/scripts/process-quest-levels.ts:182:33)
    at <anonymous> (/Users/grins/git/warcraft/wow-bis/scripts/process-quest-levels.ts:386:42)
    at processTicksAndRejections (native:7:39)
Full Error: {}
---
[2025-11-03T07:37:27.400Z] ERROR: Error fetching quest 60119 (attempt 2)
Message: Attempted to use detached Frame '03DAD367655A18147D7AE5A08EAEAA20'.
Stack: Error: Attempted to use detached Frame '03DAD367655A18147D7AE5A08EAEAA20'.
    at <anonymous> (/Users/grins/git/warcraft/wow-bis/node_modules/.pnpm/puppeteer-core@24.25.0/node_modules/puppeteer-core/lib/esm/puppeteer/util/decorators.js:99:27)
    at <anonymous> (/Users/grins/git/warcraft/wow-bis/node_modules/.pnpm/puppeteer-core@24.25.0/node_modules/puppeteer-core/lib/esm/puppeteer/api/Page.js:568:43)
    at goto (/Users/grins/git/warcraft/wow-bis/node_modules/.pnpm/puppeteer-core@24.25.0/node_modules/puppeteer-core/lib/esm/puppeteer/api/Page.js:567:20)
    at <anonymous> (/Users/grins/git/warcraft/wow-bis/scripts/process-quest-levels.ts:191:24)
    at fetchQuestRequiredLevel (/Users/grins/git/warcraft/wow-bis/scripts/process-quest-levels.ts:182:33)
    at processTicksAndRejections (native:7:39)
Full Error: {}
---
[2025-11-03T07:37:34.404Z] ERROR: Error fetching quest 60119 (attempt 3)
Message: Attempted to use detached Frame '03DAD367655A18147D7AE5A08EAEAA20'.
Stack: Error: Attempted to use detached Frame '03DAD367655A18147D7AE5A08EAEAA20'.
    at <anonymous> (/Users/grins/git/warcraft/wow-bis/node_modules/.pnpm/puppeteer-core@24.25.0/node_modules/puppeteer-core/lib/esm/puppeteer/util/decorators.js:99:27)
    at <anonymous> (/Users/grins/git/warcraft/wow-bis/node_modules/.pnpm/puppeteer-core@24.25.0/node_modules/puppeteer-core/lib/esm/puppeteer/api/Page.js:568:43)
    at goto (/Users/grins/git/warcraft/wow-bis/node_modules/.pnpm/puppeteer-core@24.25.0/node_modules/puppeteer-core/lib/esm/puppeteer/api/Page.js:567:20)
    at <anonymous> (/Users/grins/git/warcraft/wow-bis/scripts/process-quest-levels.ts:191:24)
    at fetchQuestRequiredLevel (/Users/grins/git/warcraft/wow-bis/scripts/process-quest-levels.ts:182:33)
    at processTicksAndRejections (native:7:39)
Full Error: {}
---
[2025-11-03T07:52:33.596Z] ERROR: Error fetching quest 60119 (attempt 4)
Message: Attempted to use detached Frame '03DAD367655A18147D7AE5A08EAEAA20'.
Stack: Error: Attempted to use detached Frame '03DAD367655A18147D7AE5A08EAEAA20'.
    at <anonymous> (/Users/grins/git/warcraft/wow-bis/node_modules/.pnpm/puppeteer-core@24.25.0/node_modules/puppeteer-core/lib/esm/puppeteer/util/decorators.js:99:27)
    at <anonymous> (/Users/grins/git/warcraft/wow-bis/node_modules/.pnpm/puppeteer-core@24.25.0/node_modules/puppeteer-core/lib/esm/puppeteer/api/Page.js:568:43)
    at goto (/Users/grins/git/warcraft/wow-bis/node_modules/.pnpm/puppeteer-core@24.25.0/node_modules/puppeteer-core/lib/esm/puppeteer/api/Page.js:567:20)
    at <anonymous> (/Users/grins/git/warcraft/wow-bis/scripts/process-quest-levels.ts:191:24)
    at fetchQuestRequiredLevel (/Users/grins/git/warcraft/wow-bis/scripts/process-quest-levels.ts:182:33)
    at processTicksAndRejections (native:7:39)
Full Error: {}
---
[2025-11-03T07:52:37.704Z] ERROR: Error fetching quest 40259 (attempt 1)
Message: Attempted to use detached Frame '03DAD367655A18147D7AE5A08EAEAA20'.
Stack: Error: Attempted to use detached Frame '03DAD367655A18147D7AE5A08EAEAA20'.
    at <anonymous> (/Users/grins/git/warcraft/wow-bis/node_modules/.pnpm/puppeteer-core@24.25.0/node_modules/puppeteer-core/lib/esm/puppeteer/util/decorators.js:99:27)
    at <anonymous> (/Users/grins/git/warcraft/wow-bis/node_modules/.pnpm/puppeteer-core@24.25.0/node_modules/puppeteer-core/lib/esm/puppeteer/api/Page.js:568:43)
    at goto (/Users/grins/git/warcraft/wow-bis/node_modules/.pnpm/puppeteer-core@24.25.0/node_modules/puppeteer-core/lib/esm/puppeteer/api/Page.js:567:20)
    at <anonymous> (/Users/grins/git/warcraft/wow-bis/scripts/process-quest-levels.ts:191:24)
    at fetchQuestRequiredLevel (/Users/grins/git/warcraft/wow-bis/scripts/process-quest-levels.ts:182:33)
    at <anonymous> (/Users/grins/git/warcraft/wow-bis/scripts/process-quest-levels.ts:386:42)
    at processTicksAndRejections (native:7:39)
Full Error: {}
---
[2025-11-03T07:52:42.708Z] ERROR: Error fetching quest 40259 (attempt 2)
Message: Attempted to use detached Frame '03DAD367655A18147D7AE5A08EAEAA20'.
Stack: Error: Attempted to use detached Frame '03DAD367655A18147D7AE5A08EAEAA20'.
    at <anonymous> (/Users/grins/git/warcraft/wow-bis/node_modules/.pnpm/puppeteer-core@24.25.0/node_modules/puppeteer-core/lib/esm/puppeteer/util/decorators.js:99:27)
    at <anonymous> (/Users/grins/git/warcraft/wow-bis/node_modules/.pnpm/puppeteer-core@24.25.0/node_modules/puppeteer-core/lib/esm/puppeteer/api/Page.js:568:43)
    at goto (/Users/grins/git/warcraft/wow-bis/node_modules/.pnpm/puppeteer-core@24.25.0/node_modules/puppeteer-core/lib/esm/puppeteer/api/Page.js:567:20)
    at <anonymous> (/Users/grins/git/warcraft/wow-bis/scripts/process-quest-levels.ts:191:24)
    at fetchQuestRequiredLevel (/Users/grins/git/warcraft/wow-bis/scripts/process-quest-levels.ts:182:33)
    at processTicksAndRejections (native:7:39)
Full Error: {}
---
[2025-11-03T07:52:49.714Z] ERROR: Error fetching quest 40259 (attempt 3)
Message: Attempted to use detached Frame '03DAD367655A18147D7AE5A08EAEAA20'.
Stack: Error: Attempted to use detached Frame '03DAD367655A18147D7AE5A08EAEAA20'.
    at <anonymous> (/Users/grins/git/warcraft/wow-bis/node_modules/.pnpm/puppeteer-core@24.25.0/node_modules/puppeteer-core/lib/esm/puppeteer/util/decorators.js:99:27)
    at <anonymous> (/Users/grins/git/warcraft/wow-bis/node_modules/.pnpm/puppeteer-core@24.25.0/node_modules/puppeteer-core/lib/esm/puppeteer/api/Page.js:568:43)
    at goto (/Users/grins/git/warcraft/wow-bis/node_modules/.pnpm/puppeteer-core@24.25.0/node_modules/puppeteer-core/lib/esm/puppeteer/api/Page.js:567:20)
    at <anonymous> (/Users/grins/git/warcraft/wow-bis/scripts/process-quest-levels.ts:191:24)
    at fetchQuestRequiredLevel (/Users/grins/git/warcraft/wow-bis/scripts/process-quest-levels.ts:182:33)
    at processTicksAndRejections (native:7:39)
Full Error: {}
---
[2025-11-03T07:52:58.719Z] ERROR: Error fetching quest 40259 (attempt 4)
Message: Attempted to use detached Frame '03DAD367655A18147D7AE5A08EAEAA20'.
Stack: Error: Attempted to use detached Frame '03DAD367655A18147D7AE5A08EAEAA20'.
    at <anonymous> (/Users/grins/git/warcraft/wow-bis/node_modules/.pnpm/puppeteer-core@24.25.0/node_modules/puppeteer-core/lib/esm/puppeteer/util/decorators.js:99:27)
    at <anonymous> (/Users/grins/git/warcraft/wow-bis/node_modules/.pnpm/puppeteer-core@24.25.0/node_modules/puppeteer-core/lib/esm/puppeteer/api/Page.js:568:43)
    at goto (/Users/grins/git/warcraft/wow-bis/node_modules/.pnpm/puppeteer-core@24.25.0/node_modules/puppeteer-core/lib/esm/puppeteer/api/Page.js:567:20)
    at <anonymous> (/Users/grins/git/warcraft/wow-bis/scripts/process-quest-levels.ts:191:24)
    at fetchQuestRequiredLevel (/Users/grins/git/warcraft/wow-bis/scripts/process-quest-levels.ts:182:33)
    at processTicksAndRejections (native:7:39)
Full Error: {}
---
[2025-11-03T07:53:00.723Z] ERROR: Error fetching quest 14 (attempt 1)
Message: Attempted to use detached Frame '03DAD367655A18147D7AE5A08EAEAA20'.
Stack: Error: Attempted to use detached Frame '03DAD367655A18147D7AE5A08EAEAA20'.
    at <anonymous> (/Users/grins/git/warcraft/wow-bis/node_modules/.pnpm/puppeteer-core@24.25.0/node_modules/puppeteer-core/lib/esm/puppeteer/util/decorators.js:99:27)
    at <anonymous> (/Users/grins/git/warcraft/wow-bis/node_modules/.pnpm/puppeteer-core@24.25.0/node_modules/puppeteer-core/lib/esm/puppeteer/api/Page.js:568:43)
    at goto (/Users/grins/git/warcraft/wow-bis/node_modules/.pnpm/puppeteer-core@24.25.0/node_modules/puppeteer-core/lib/esm/puppeteer/api/Page.js:567:20)
    at <anonymous> (/Users/grins/git/warcraft/wow-bis/scripts/process-quest-levels.ts:191:24)
    at fetchQuestRequiredLevel (/Users/grins/git/warcraft/wow-bis/scripts/process-quest-levels.ts:182:33)
    at <anonymous> (/Users/grins/git/warcraft/wow-bis/scripts/process-quest-levels.ts:386:42)
    at processTicksAndRejections (native:7:39)
Full Error: {}
---
[2025-11-03T07:53:05.727Z] ERROR: Error fetching quest 14 (attempt 2)
Message: Attempted to use detached Frame '03DAD367655A18147D7AE5A08EAEAA20'.
Stack: Error: Attempted to use detached Frame '03DAD367655A18147D7AE5A08EAEAA20'.
    at <anonymous> (/Users/grins/git/warcraft/wow-bis/node_modules/.pnpm/puppeteer-core@24.25.0/node_modules/puppeteer-core/lib/esm/puppeteer/util/decorators.js:99:27)
    at <anonymous> (/Users/grins/git/warcraft/wow-bis/node_modules/.pnpm/puppeteer-core@24.25.0/node_modules/puppeteer-core/lib/esm/puppeteer/api/Page.js:568:43)
    at goto (/Users/grins/git/warcraft/wow-bis/node_modules/.pnpm/puppeteer-core@24.25.0/node_modules/puppeteer-core/lib/esm/puppeteer/api/Page.js:567:20)
    at <anonymous> (/Users/grins/git/warcraft/wow-bis/scripts/process-quest-levels.ts:191:24)
    at fetchQuestRequiredLevel (/Users/grins/git/warcraft/wow-bis/scripts/process-quest-levels.ts:182:33)
    at processTicksAndRejections (native:7:39)
Full Error: {}
---
[2025-11-03T07:53:12.730Z] ERROR: Error fetching quest 14 (attempt 3)
Message: Attempted to use detached Frame '03DAD367655A18147D7AE5A08EAEAA20'.
Stack: Error: Attempted to use detached Frame '03DAD367655A18147D7AE5A08EAEAA20'.
    at <anonymous> (/Users/grins/git/warcraft/wow-bis/node_modules/.pnpm/puppeteer-core@24.25.0/node_modules/puppeteer-core/lib/esm/puppeteer/util/decorators.js:99:27)
    at <anonymous> (/Users/grins/git/warcraft/wow-bis/node_modules/.pnpm/puppeteer-core@24.25.0/node_modules/puppeteer-core/lib/esm/puppeteer/api/Page.js:568:43)
    at goto (/Users/grins/git/warcraft/wow-bis/node_modules/.pnpm/puppeteer-core@24.25.0/node_modules/puppeteer-core/lib/esm/puppeteer/api/Page.js:567:20)
    at <anonymous> (/Users/grins/git/warcraft/wow-bis/scripts/process-quest-levels.ts:191:24)
    at fetchQuestRequiredLevel (/Users/grins/git/warcraft/wow-bis/scripts/process-quest-levels.ts:182:33)
    at processTicksAndRejections (native:7:39)
Full Error: {}
---
[2025-11-03T07:53:21.734Z] ERROR: Error fetching quest 14 (attempt 4)
Message: Attempted to use detached Frame '03DAD367655A18147D7AE5A08EAEAA20'.
Stack: Error: Attempted to use detached Frame '03DAD367655A18147D7AE5A08EAEAA20'.
    at <anonymous> (/Users/grins/git/warcraft/wow-bis/node_modules/.pnpm/puppeteer-core@24.25.0/node_modules/puppeteer-core/lib/esm/puppeteer/util/decorators.js:99:27)
    at <anonymous> (/Users/grins/git/warcraft/wow-bis/node_modules/.pnpm/puppeteer-core@24.25.0/node_modules/puppeteer-core/lib/esm/puppeteer/api/Page.js:568:43)
    at goto (/Users/grins/git/warcraft/wow-bis/node_modules/.pnpm/puppeteer-core@24.25.0/node_modules/puppeteer-core/lib/esm/puppeteer/api/Page.js:567:20)
    at <anonymous> (/Users/grins/git/warcraft/wow-bis/scripts/process-quest-levels.ts:191:24)
    at fetchQuestRequiredLevel (/Users/grins/git/warcraft/wow-bis/scripts/process-quest-levels.ts:182:33)
    at processTicksAndRejections (native:7:39)
Full Error: {}
---
[2025-11-03T07:53:23.740Z] ERROR: Error fetching quest 231 (attempt 1)
Message: Attempted to use detached Frame '03DAD367655A18147D7AE5A08EAEAA20'.
Stack: Error: Attempted to use detached Frame '03DAD367655A18147D7AE5A08EAEAA20'.
    at <anonymous> (/Users/grins/git/warcraft/wow-bis/node_modules/.pnpm/puppeteer-core@24.25.0/node_modules/puppeteer-core/lib/esm/puppeteer/util/decorators.js:99:27)
    at <anonymous> (/Users/grins/git/warcraft/wow-bis/node_modules/.pnpm/puppeteer-core@24.25.0/node_modules/puppeteer-core/lib/esm/puppeteer/api/Page.js:568:43)
    at goto (/Users/grins/git/warcraft/wow-bis/node_modules/.pnpm/puppeteer-core@24.25.0/node_modules/puppeteer-core/lib/esm/puppeteer/api/Page.js:567:20)
    at <anonymous> (/Users/grins/git/warcraft/wow-bis/scripts/process-quest-levels.ts:191:24)
    at fetchQuestRequiredLevel (/Users/grins/git/warcraft/wow-bis/scripts/process-quest-levels.ts:182:33)
    at <anonymous> (/Users/grins/git/warcraft/wow-bis/scripts/process-quest-levels.ts:386:42)
    at processTicksAndRejections (native:7:39)
Full Error: {}
---
[2025-11-03T07:53:28.744Z] ERROR: Error fetching quest 231 (attempt 2)
Message: Attempted to use detached Frame '03DAD367655A18147D7AE5A08EAEAA20'.
Stack: Error: Attempted to use detached Frame '03DAD367655A18147D7AE5A08EAEAA20'.
    at <anonymous> (/Users/grins/git/warcraft/wow-bis/node_modules/.pnpm/puppeteer-core@24.25.0/node_modules/puppeteer-core/lib/esm/puppeteer/util/decorators.js:99:27)
    at <anonymous> (/Users/grins/git/warcraft/wow-bis/node_modules/.pnpm/puppeteer-core@24.25.0/node_modules/puppeteer-core/lib/esm/puppeteer/api/Page.js:568:43)
    at goto (/Users/grins/git/warcraft/wow-bis/node_modules/.pnpm/puppeteer-core@24.25.0/node_modules/puppeteer-core/lib/esm/puppeteer/api/Page.js:567:20)
    at <anonymous> (/Users/grins/git/warcraft/wow-bis/scripts/process-quest-levels.ts:191:24)
    at fetchQuestRequiredLevel (/Users/grins/git/warcraft/wow-bis/scripts/process-quest-levels.ts:182:33)
    at processTicksAndRejections (native:7:39)
Full Error: {}
---
[2025-11-03T07:53:35.748Z] ERROR: Error fetching quest 231 (attempt 3)
Message: Attempted to use detached Frame '03DAD367655A18147D7AE5A08EAEAA20'.
Stack: Error: Attempted to use detached Frame '03DAD367655A18147D7AE5A08EAEAA20'.
    at <anonymous> (/Users/grins/git/warcraft/wow-bis/node_modules/.pnpm/puppeteer-core@24.25.0/node_modules/puppeteer-core/lib/esm/puppeteer/util/decorators.js:99:27)
    at <anonymous> (/Users/grins/git/warcraft/wow-bis/node_modules/.pnpm/puppeteer-core@24.25.0/node_modules/puppeteer-core/lib/esm/puppeteer/api/Page.js:568:43)
    at goto (/Users/grins/git/warcraft/wow-bis/node_modules/.pnpm/puppeteer-core@24.25.0/node_modules/puppeteer-core/lib/esm/puppeteer/api/Page.js:567:20)
    at <anonymous> (/Users/grins/git/warcraft/wow-bis/scripts/process-quest-levels.ts:191:24)
    at fetchQuestRequiredLevel (/Users/grins/git/warcraft/wow-bis/scripts/process-quest-levels.ts:182:33)
    at processTicksAndRejections (native:7:39)
Full Error: {}
---
[2025-11-03T07:53:44.750Z] ERROR: Error fetching quest 231 (attempt 4)
Message: Attempted to use detached Frame '03DAD367655A18147D7AE5A08EAEAA20'.
Stack: Error: Attempted to use detached Frame '03DAD367655A18147D7AE5A08EAEAA20'.
    at <anonymous> (/Users/grins/git/warcraft/wow-bis/node_modules/.pnpm/puppeteer-core@24.25.0/node_modules/puppeteer-core/lib/esm/puppeteer/util/decorators.js:99:27)
    at <anonymous> (/Users/grins/git/warcraft/wow-bis/node_modules/.pnpm/puppeteer-core@24.25.0/node_modules/puppeteer-core/lib/esm/puppeteer/api/Page.js:568:43)
    at goto (/Users/grins/git/warcraft/wow-bis/node_modules/.pnpm/puppeteer-core@24.25.0/node_modules/puppeteer-core/lib/esm/puppeteer/api/Page.js:567:20)
    at <anonymous> (/Users/grins/git/warcraft/wow-bis/scripts/process-quest-levels.ts:191:24)
    at fetchQuestRequiredLevel (/Users/grins/git/warcraft/wow-bis/scripts/process-quest-levels.ts:182:33)
    at processTicksAndRejections (native:7:39)
Full Error: {}
---
[2025-11-03T07:53:46.755Z] ERROR: Error fetching quest 474 (attempt 1)
Message: Attempted to use detached Frame '03DAD367655A18147D7AE5A08EAEAA20'.
Stack: Error: Attempted to use detached Frame '03DAD367655A18147D7AE5A08EAEAA20'.
    at <anonymous> (/Users/grins/git/warcraft/wow-bis/node_modules/.pnpm/puppeteer-core@24.25.0/node_modules/puppeteer-core/lib/esm/puppeteer/util/decorators.js:99:27)
    at <anonymous> (/Users/grins/git/warcraft/wow-bis/node_modules/.pnpm/puppeteer-core@24.25.0/node_modules/puppeteer-core/lib/esm/puppeteer/api/Page.js:568:43)
    at goto (/Users/grins/git/warcraft/wow-bis/node_modules/.pnpm/puppeteer-core@24.25.0/node_modules/puppeteer-core/lib/esm/puppeteer/api/Page.js:567:20)
    at <anonymous> (/Users/grins/git/warcraft/wow-bis/scripts/process-quest-levels.ts:191:24)
    at fetchQuestRequiredLevel (/Users/grins/git/warcraft/wow-bis/scripts/process-quest-levels.ts:182:33)
    at <anonymous> (/Users/grins/git/warcraft/wow-bis/scripts/process-quest-levels.ts:386:42)
    at processTicksAndRejections (native:7:39)
Full Error: {}
---
[2025-11-03T07:53:51.758Z] ERROR: Error fetching quest 474 (attempt 2)
Message: Attempted to use detached Frame '03DAD367655A18147D7AE5A08EAEAA20'.
Stack: Error: Attempted to use detached Frame '03DAD367655A18147D7AE5A08EAEAA20'.
    at <anonymous> (/Users/grins/git/warcraft/wow-bis/node_modules/.pnpm/puppeteer-core@24.25.0/node_modules/puppeteer-core/lib/esm/puppeteer/util/decorators.js:99:27)
    at <anonymous> (/Users/grins/git/warcraft/wow-bis/node_modules/.pnpm/puppeteer-core@24.25.0/node_modules/puppeteer-core/lib/esm/puppeteer/api/Page.js:568:43)
    at goto (/Users/grins/git/warcraft/wow-bis/node_modules/.pnpm/puppeteer-core@24.25.0/node_modules/puppeteer-core/lib/esm/puppeteer/api/Page.js:567:20)
    at <anonymous> (/Users/grins/git/warcraft/wow-bis/scripts/process-quest-levels.ts:191:24)
    at fetchQuestRequiredLevel (/Users/grins/git/warcraft/wow-bis/scripts/process-quest-levels.ts:182:33)
    at processTicksAndRejections (native:7:39)
Full Error: {}
---
[2025-11-03T07:53:58.762Z] ERROR: Error fetching quest 474 (attempt 3)
Message: Attempted to use detached Frame '03DAD367655A18147D7AE5A08EAEAA20'.
Stack: Error: Attempted to use detached Frame '03DAD367655A18147D7AE5A08EAEAA20'.
    at <anonymous> (/Users/grins/git/warcraft/wow-bis/node_modules/.pnpm/puppeteer-core@24.25.0/node_modules/puppeteer-core/lib/esm/puppeteer/util/decorators.js:99:27)
    at <anonymous> (/Users/grins/git/warcraft/wow-bis/node_modules/.pnpm/puppeteer-core@24.25.0/node_modules/puppeteer-core/lib/esm/puppeteer/api/Page.js:568:43)
    at goto (/Users/grins/git/warcraft/wow-bis/node_modules/.pnpm/puppeteer-core@24.25.0/node_modules/puppeteer-core/lib/esm/puppeteer/api/Page.js:567:20)
    at <anonymous> (/Users/grins/git/warcraft/wow-bis/scripts/process-quest-levels.ts:191:24)
    at fetchQuestRequiredLevel (/Users/grins/git/warcraft/wow-bis/scripts/process-quest-levels.ts:182:33)
    at processTicksAndRejections (native:7:39)
Full Error: {}
---
[2025-11-03T07:54:07.766Z] ERROR: Error fetching quest 474 (attempt 4)
Message: Attempted to use detached Frame '03DAD367655A18147D7AE5A08EAEAA20'.
Stack: Error: Attempted to use detached Frame '03DAD367655A18147D7AE5A08EAEAA20'.
    at <anonymous> (/Users/grins/git/warcraft/wow-bis/node_modules/.pnpm/puppeteer-core@24.25.0/node_modules/puppeteer-core/lib/esm/puppeteer/util/decorators.js:99:27)
    at <anonymous> (/Users/grins/git/warcraft/wow-bis/node_modules/.pnpm/puppeteer-core@24.25.0/node_modules/puppeteer-core/lib/esm/puppeteer/api/Page.js:568:43)
    at goto (/Users/grins/git/warcraft/wow-bis/node_modules/.pnpm/puppeteer-core@24.25.0/node_modules/puppeteer-core/lib/esm/puppeteer/api/Page.js:567:20)
    at <anonymous> (/Users/grins/git/warcraft/wow-bis/scripts/process-quest-levels.ts:191:24)
    at fetchQuestRequiredLevel (/Users/grins/git/warcraft/wow-bis/scripts/process-quest-levels.ts:182:33)
    at processTicksAndRejections (native:7:39)
Full Error: {}
---
[2025-11-03T07:54:09.771Z] ERROR: Error fetching quest 1012 (attempt 1)
Message: Attempted to use detached Frame '03DAD367655A18147D7AE5A08EAEAA20'.
Stack: Error: Attempted to use detached Frame '03DAD367655A18147D7AE5A08EAEAA20'.
    at <anonymous> (/Users/grins/git/warcraft/wow-bis/node_modules/.pnpm/puppeteer-core@24.25.0/node_modules/puppeteer-core/lib/esm/puppeteer/util/decorators.js:99:27)
    at <anonymous> (/Users/grins/git/warcraft/wow-bis/node_modules/.pnpm/puppeteer-core@24.25.0/node_modules/puppeteer-core/lib/esm/puppeteer/api/Page.js:568:43)
    at goto (/Users/grins/git/warcraft/wow-bis/node_modules/.pnpm/puppeteer-core@24.25.0/node_modules/puppeteer-core/lib/esm/puppeteer/api/Page.js:567:20)
    at <anonymous> (/Users/grins/git/warcraft/wow-bis/scripts/process-quest-levels.ts:191:24)
    at fetchQuestRequiredLevel (/Users/grins/git/warcraft/wow-bis/scripts/process-quest-levels.ts:182:33)
    at <anonymous> (/Users/grins/git/warcraft/wow-bis/scripts/process-quest-levels.ts:386:42)
    at processTicksAndRejections (native:7:39)
Full Error: {}
---
[2025-11-03T07:54:14.774Z] ERROR: Error fetching quest 1012 (attempt 2)
Message: Attempted to use detached Frame '03DAD367655A18147D7AE5A08EAEAA20'.
Stack: Error: Attempted to use detached Frame '03DAD367655A18147D7AE5A08EAEAA20'.
    at <anonymous> (/Users/grins/git/warcraft/wow-bis/node_modules/.pnpm/puppeteer-core@24.25.0/node_modules/puppeteer-core/lib/esm/puppeteer/util/decorators.js:99:27)
    at <anonymous> (/Users/grins/git/warcraft/wow-bis/node_modules/.pnpm/puppeteer-core@24.25.0/node_modules/puppeteer-core/lib/esm/puppeteer/api/Page.js:568:43)
    at goto (/Users/grins/git/warcraft/wow-bis/node_modules/.pnpm/puppeteer-core@24.25.0/node_modules/puppeteer-core/lib/esm/puppeteer/api/Page.js:567:20)
    at <anonymous> (/Users/grins/git/warcraft/wow-bis/scripts/process-quest-levels.ts:191:24)
    at fetchQuestRequiredLevel (/Users/grins/git/warcraft/wow-bis/scripts/process-quest-levels.ts:182:33)
    at processTicksAndRejections (native:7:39)
Full Error: {}
---
[2025-11-03T07:54:21.776Z] ERROR: Error fetching quest 1012 (attempt 3)
Message: Attempted to use detached Frame '03DAD367655A18147D7AE5A08EAEAA20'.
Stack: Error: Attempted to use detached Frame '03DAD367655A18147D7AE5A08EAEAA20'.
    at <anonymous> (/Users/grins/git/warcraft/wow-bis/node_modules/.pnpm/puppeteer-core@24.25.0/node_modules/puppeteer-core/lib/esm/puppeteer/util/decorators.js:99:27)
    at <anonymous> (/Users/grins/git/warcraft/wow-bis/node_modules/.pnpm/puppeteer-core@24.25.0/node_modules/puppeteer-core/lib/esm/puppeteer/api/Page.js:568:43)
    at goto (/Users/grins/git/warcraft/wow-bis/node_modules/.pnpm/puppeteer-core@24.25.0/node_modules/puppeteer-core/lib/esm/puppeteer/api/Page.js:567:20)
    at <anonymous> (/Users/grins/git/warcraft/wow-bis/scripts/process-quest-levels.ts:191:24)
    at fetchQuestRequiredLevel (/Users/grins/git/warcraft/wow-bis/scripts/process-quest-levels.ts:182:33)
    at processTicksAndRejections (native:7:39)
Full Error: {}
---
[2025-11-03T07:54:30.780Z] ERROR: Error fetching quest 1012 (attempt 4)
Message: Attempted to use detached Frame '03DAD367655A18147D7AE5A08EAEAA20'.
Stack: Error: Attempted to use detached Frame '03DAD367655A18147D7AE5A08EAEAA20'.
    at <anonymous> (/Users/grins/git/warcraft/wow-bis/node_modules/.pnpm/puppeteer-core@24.25.0/node_modules/puppeteer-core/lib/esm/puppeteer/util/decorators.js:99:27)
    at <anonymous> (/Users/grins/git/warcraft/wow-bis/node_modules/.pnpm/puppeteer-core@24.25.0/node_modules/puppeteer-core/lib/esm/puppeteer/api/Page.js:568:43)
    at goto (/Users/grins/git/warcraft/wow-bis/node_modules/.pnpm/puppeteer-core@24.25.0/node_modules/puppeteer-core/lib/esm/puppeteer/api/Page.js:567:20)
    at <anonymous> (/Users/grins/git/warcraft/wow-bis/scripts/process-quest-levels.ts:191:24)
    at fetchQuestRequiredLevel (/Users/grins/git/warcraft/wow-bis/scripts/process-quest-levels.ts:182:33)
    at processTicksAndRejections (native:7:39)
Full Error: {}
---
[2025-11-03T07:54:34.785Z] ERROR: Error fetching quest 8418 (attempt 1)
Message: Attempted to use detached Frame '03DAD367655A18147D7AE5A08EAEAA20'.
Stack: Error: Attempted to use detached Frame '03DAD367655A18147D7AE5A08EAEAA20'.
    at <anonymous> (/Users/grins/git/warcraft/wow-bis/node_modules/.pnpm/puppeteer-core@24.25.0/node_modules/puppeteer-core/lib/esm/puppeteer/util/decorators.js:99:27)
    at <anonymous> (/Users/grins/git/warcraft/wow-bis/node_modules/.pnpm/puppeteer-core@24.25.0/node_modules/puppeteer-core/lib/esm/puppeteer/api/Page.js:568:43)
    at goto (/Users/grins/git/warcraft/wow-bis/node_modules/.pnpm/puppeteer-core@24.25.0/node_modules/puppeteer-core/lib/esm/puppeteer/api/Page.js:567:20)
    at <anonymous> (/Users/grins/git/warcraft/wow-bis/scripts/process-quest-levels.ts:191:24)
    at fetchQuestRequiredLevel (/Users/grins/git/warcraft/wow-bis/scripts/process-quest-levels.ts:182:33)
    at <anonymous> (/Users/grins/git/warcraft/wow-bis/scripts/process-quest-levels.ts:386:42)
    at processTicksAndRejections (native:7:39)
Full Error: {}
---
[2025-11-03T07:54:39.788Z] ERROR: Error fetching quest 8418 (attempt 2)
Message: Attempted to use detached Frame '03DAD367655A18147D7AE5A08EAEAA20'.
Stack: Error: Attempted to use detached Frame '03DAD367655A18147D7AE5A08EAEAA20'.
    at <anonymous> (/Users/grins/git/warcraft/wow-bis/node_modules/.pnpm/puppeteer-core@24.25.0/node_modules/puppeteer-core/lib/esm/puppeteer/util/decorators.js:99:27)
    at <anonymous> (/Users/grins/git/warcraft/wow-bis/node_modules/.pnpm/puppeteer-core@24.25.0/node_modules/puppeteer-core/lib/esm/puppeteer/api/Page.js:568:43)
    at goto (/Users/grins/git/warcraft/wow-bis/node_modules/.pnpm/puppeteer-core@24.25.0/node_modules/puppeteer-core/lib/esm/puppeteer/api/Page.js:567:20)
    at <anonymous> (/Users/grins/git/warcraft/wow-bis/scripts/process-quest-levels.ts:191:24)
    at fetchQuestRequiredLevel (/Users/grins/git/warcraft/wow-bis/scripts/process-quest-levels.ts:182:33)
    at processTicksAndRejections (native:7:39)
Full Error: {}
---
[2025-11-03T08:03:04.488Z] ERROR: Error fetching quest 8418 (attempt 3)
Message: Attempted to use detached Frame '03DAD367655A18147D7AE5A08EAEAA20'.
Stack: Error: Attempted to use detached Frame '03DAD367655A18147D7AE5A08EAEAA20'.
    at <anonymous> (/Users/grins/git/warcraft/wow-bis/node_modules/.pnpm/puppeteer-core@24.25.0/node_modules/puppeteer-core/lib/esm/puppeteer/util/decorators.js:99:27)
    at <anonymous> (/Users/grins/git/warcraft/wow-bis/node_modules/.pnpm/puppeteer-core@24.25.0/node_modules/puppeteer-core/lib/esm/puppeteer/api/Page.js:568:43)
    at goto (/Users/grins/git/warcraft/wow-bis/node_modules/.pnpm/puppeteer-core@24.25.0/node_modules/puppeteer-core/lib/esm/puppeteer/api/Page.js:567:20)
    at <anonymous> (/Users/grins/git/warcraft/wow-bis/scripts/process-quest-levels.ts:191:24)
    at fetchQuestRequiredLevel (/Users/grins/git/warcraft/wow-bis/scripts/process-quest-levels.ts:182:33)
    at processTicksAndRejections (native:7:39)
Full Error: {}
---
[2025-11-03T08:03:13.490Z] ERROR: Error fetching quest 8418 (attempt 4)
Message: Attempted to use detached Frame '03DAD367655A18147D7AE5A08EAEAA20'.
Stack: Error: Attempted to use detached Frame '03DAD367655A18147D7AE5A08EAEAA20'.
    at <anonymous> (/Users/grins/git/warcraft/wow-bis/node_modules/.pnpm/puppeteer-core@24.25.0/node_modules/puppeteer-core/lib/esm/puppeteer/util/decorators.js:99:27)
    at <anonymous> (/Users/grins/git/warcraft/wow-bis/node_modules/.pnpm/puppeteer-core@24.25.0/node_modules/puppeteer-core/lib/esm/puppeteer/api/Page.js:568:43)
    at goto (/Users/grins/git/warcraft/wow-bis/node_modules/.pnpm/puppeteer-core@24.25.0/node_modules/puppeteer-core/lib/esm/puppeteer/api/Page.js:567:20)
    at <anonymous> (/Users/grins/git/warcraft/wow-bis/scripts/process-quest-levels.ts:191:24)
    at fetchQuestRequiredLevel (/Users/grins/git/warcraft/wow-bis/scripts/process-quest-levels.ts:182:33)
    at processTicksAndRejections (native:7:39)
Full Error: {}
---
[2025-11-03T08:03:17.494Z] ERROR: Error fetching quest 40234 (attempt 1)
Message: Attempted to use detached Frame '03DAD367655A18147D7AE5A08EAEAA20'.
Stack: Error: Attempted to use detached Frame '03DAD367655A18147D7AE5A08EAEAA20'.
    at <anonymous> (/Users/grins/git/warcraft/wow-bis/node_modules/.pnpm/puppeteer-core@24.25.0/node_modules/puppeteer-core/lib/esm/puppeteer/util/decorators.js:99:27)
    at <anonymous> (/Users/grins/git/warcraft/wow-bis/node_modules/.pnpm/puppeteer-core@24.25.0/node_modules/puppeteer-core/lib/esm/puppeteer/api/Page.js:568:43)
    at goto (/Users/grins/git/warcraft/wow-bis/node_modules/.pnpm/puppeteer-core@24.25.0/node_modules/puppeteer-core/lib/esm/puppeteer/api/Page.js:567:20)
    at <anonymous> (/Users/grins/git/warcraft/wow-bis/scripts/process-quest-levels.ts:191:24)
    at fetchQuestRequiredLevel (/Users/grins/git/warcraft/wow-bis/scripts/process-quest-levels.ts:182:33)
    at <anonymous> (/Users/grins/git/warcraft/wow-bis/scripts/process-quest-levels.ts:386:42)
    at processTicksAndRejections (native:7:39)
Full Error: {}
---
[2025-11-03T08:03:22.496Z] ERROR: Error fetching quest 40234 (attempt 2)
Message: Attempted to use detached Frame '03DAD367655A18147D7AE5A08EAEAA20'.
Stack: Error: Attempted to use detached Frame '03DAD367655A18147D7AE5A08EAEAA20'.
    at <anonymous> (/Users/grins/git/warcraft/wow-bis/node_modules/.pnpm/puppeteer-core@24.25.0/node_modules/puppeteer-core/lib/esm/puppeteer/util/decorators.js:99:27)
    at <anonymous> (/Users/grins/git/warcraft/wow-bis/node_modules/.pnpm/puppeteer-core@24.25.0/node_modules/puppeteer-core/lib/esm/puppeteer/api/Page.js:568:43)
    at goto (/Users/grins/git/warcraft/wow-bis/node_modules/.pnpm/puppeteer-core@24.25.0/node_modules/puppeteer-core/lib/esm/puppeteer/api/Page.js:567:20)
    at <anonymous> (/Users/grins/git/warcraft/wow-bis/scripts/process-quest-levels.ts:191:24)
    at fetchQuestRequiredLevel (/Users/grins/git/warcraft/wow-bis/scripts/process-quest-levels.ts:182:33)
    at processTicksAndRejections (native:7:39)
Full Error: {}
---
[2025-11-03T08:03:29.499Z] ERROR: Error fetching quest 40234 (attempt 3)
Message: Attempted to use detached Frame '03DAD367655A18147D7AE5A08EAEAA20'.
Stack: Error: Attempted to use detached Frame '03DAD367655A18147D7AE5A08EAEAA20'.
    at <anonymous> (/Users/grins/git/warcraft/wow-bis/node_modules/.pnpm/puppeteer-core@24.25.0/node_modules/puppeteer-core/lib/esm/puppeteer/util/decorators.js:99:27)
    at <anonymous> (/Users/grins/git/warcraft/wow-bis/node_modules/.pnpm/puppeteer-core@24.25.0/node_modules/puppeteer-core/lib/esm/puppeteer/api/Page.js:568:43)
    at goto (/Users/grins/git/warcraft/wow-bis/node_modules/.pnpm/puppeteer-core@24.25.0/node_modules/puppeteer-core/lib/esm/puppeteer/api/Page.js:567:20)
    at <anonymous> (/Users/grins/git/warcraft/wow-bis/scripts/process-quest-levels.ts:191:24)
    at fetchQuestRequiredLevel (/Users/grins/git/warcraft/wow-bis/scripts/process-quest-levels.ts:182:33)
    at processTicksAndRejections (native:7:39)
Full Error: {}
---
[2025-11-03T08:03:38.500Z] ERROR: Error fetching quest 40234 (attempt 4)
Message: Attempted to use detached Frame '03DAD367655A18147D7AE5A08EAEAA20'.
Stack: Error: Attempted to use detached Frame '03DAD367655A18147D7AE5A08EAEAA20'.
    at <anonymous> (/Users/grins/git/warcraft/wow-bis/node_modules/.pnpm/puppeteer-core@24.25.0/node_modules/puppeteer-core/lib/esm/puppeteer/util/decorators.js:99:27)
    at <anonymous> (/Users/grins/git/warcraft/wow-bis/node_modules/.pnpm/puppeteer-core@24.25.0/node_modules/puppeteer-core/lib/esm/puppeteer/api/Page.js:568:43)
    at goto (/Users/grins/git/warcraft/wow-bis/node_modules/.pnpm/puppeteer-core@24.25.0/node_modules/puppeteer-core/lib/esm/puppeteer/api/Page.js:567:20)
    at <anonymous> (/Users/grins/git/warcraft/wow-bis/scripts/process-quest-levels.ts:191:24)
    at fetchQuestRequiredLevel (/Users/grins/git/warcraft/wow-bis/scripts/process-quest-levels.ts:182:33)
    at processTicksAndRejections (native:7:39)
Full Error: {}
---
[2025-11-03T08:03:40.505Z] ERROR: Error fetching quest 40282 (attempt 1)
Message: Attempted to use detached Frame '03DAD367655A18147D7AE5A08EAEAA20'.
Stack: Error: Attempted to use detached Frame '03DAD367655A18147D7AE5A08EAEAA20'.
    at <anonymous> (/Users/grins/git/warcraft/wow-bis/node_modules/.pnpm/puppeteer-core@24.25.0/node_modules/puppeteer-core/lib/esm/puppeteer/util/decorators.js:99:27)
    at <anonymous> (/Users/grins/git/warcraft/wow-bis/node_modules/.pnpm/puppeteer-core@24.25.0/node_modules/puppeteer-core/lib/esm/puppeteer/api/Page.js:568:43)
    at goto (/Users/grins/git/warcraft/wow-bis/node_modules/.pnpm/puppeteer-core@24.25.0/node_modules/puppeteer-core/lib/esm/puppeteer/api/Page.js:567:20)
    at <anonymous> (/Users/grins/git/warcraft/wow-bis/scripts/process-quest-levels.ts:191:24)
    at fetchQuestRequiredLevel (/Users/grins/git/warcraft/wow-bis/scripts/process-quest-levels.ts:182:33)
    at <anonymous> (/Users/grins/git/warcraft/wow-bis/scripts/process-quest-levels.ts:386:42)
    at processTicksAndRejections (native:7:39)
Full Error: {}
---
[2025-11-03T08:03:45.509Z] ERROR: Error fetching quest 40282 (attempt 2)
Message: Attempted to use detached Frame '03DAD367655A18147D7AE5A08EAEAA20'.
Stack: Error: Attempted to use detached Frame '03DAD367655A18147D7AE5A08EAEAA20'.
    at <anonymous> (/Users/grins/git/warcraft/wow-bis/node_modules/.pnpm/puppeteer-core@24.25.0/node_modules/puppeteer-core/lib/esm/puppeteer/util/decorators.js:99:27)
    at <anonymous> (/Users/grins/git/warcraft/wow-bis/node_modules/.pnpm/puppeteer-core@24.25.0/node_modules/puppeteer-core/lib/esm/puppeteer/api/Page.js:568:43)
    at goto (/Users/grins/git/warcraft/wow-bis/node_modules/.pnpm/puppeteer-core@24.25.0/node_modules/puppeteer-core/lib/esm/puppeteer/api/Page.js:567:20)
    at <anonymous> (/Users/grins/git/warcraft/wow-bis/scripts/process-quest-levels.ts:191:24)
    at fetchQuestRequiredLevel (/Users/grins/git/warcraft/wow-bis/scripts/process-quest-levels.ts:182:33)
    at processTicksAndRejections (native:7:39)
Full Error: {}
---
[2025-11-03T08:03:52.511Z] ERROR: Error fetching quest 40282 (attempt 3)
Message: Attempted to use detached Frame '03DAD367655A18147D7AE5A08EAEAA20'.
Stack: Error: Attempted to use detached Frame '03DAD367655A18147D7AE5A08EAEAA20'.
    at <anonymous> (/Users/grins/git/warcraft/wow-bis/node_modules/.pnpm/puppeteer-core@24.25.0/node_modules/puppeteer-core/lib/esm/puppeteer/util/decorators.js:99:27)
    at <anonymous> (/Users/grins/git/warcraft/wow-bis/node_modules/.pnpm/puppeteer-core@24.25.0/node_modules/puppeteer-core/lib/esm/puppeteer/api/Page.js:568:43)
    at goto (/Users/grins/git/warcraft/wow-bis/node_modules/.pnpm/puppeteer-core@24.25.0/node_modules/puppeteer-core/lib/esm/puppeteer/api/Page.js:567:20)
    at <anonymous> (/Users/grins/git/warcraft/wow-bis/scripts/process-quest-levels.ts:191:24)
    at fetchQuestRequiredLevel (/Users/grins/git/warcraft/wow-bis/scripts/process-quest-levels.ts:182:33)
    at processTicksAndRejections (native:7:39)
Full Error: {}
---
[2025-11-03T08:04:01.515Z] ERROR: Error fetching quest 40282 (attempt 4)
Message: Attempted to use detached Frame '03DAD367655A18147D7AE5A08EAEAA20'.
Stack: Error: Attempted to use detached Frame '03DAD367655A18147D7AE5A08EAEAA20'.
    at <anonymous> (/Users/grins/git/warcraft/wow-bis/node_modules/.pnpm/puppeteer-core@24.25.0/node_modules/puppeteer-core/lib/esm/puppeteer/util/decorators.js:99:27)
    at <anonymous> (/Users/grins/git/warcraft/wow-bis/node_modules/.pnpm/puppeteer-core@24.25.0/node_modules/puppeteer-core/lib/esm/puppeteer/api/Page.js:568:43)
    at goto (/Users/grins/git/warcraft/wow-bis/node_modules/.pnpm/puppeteer-core@24.25.0/node_modules/puppeteer-core/lib/esm/puppeteer/api/Page.js:567:20)
    at <anonymous> (/Users/grins/git/warcraft/wow-bis/scripts/process-quest-levels.ts:191:24)
    at fetchQuestRequiredLevel (/Users/grins/git/warcraft/wow-bis/scripts/process-quest-levels.ts:182:33)
    at processTicksAndRejections (native:7:39)
Full Error: {}
---
[2025-11-03T08:04:07.530Z] ERROR: Error fetching quest 8781 (attempt 1)
Message: Attempted to use detached Frame '03DAD367655A18147D7AE5A08EAEAA20'.
Stack: Error: Attempted to use detached Frame '03DAD367655A18147D7AE5A08EAEAA20'.
    at <anonymous> (/Users/grins/git/warcraft/wow-bis/node_modules/.pnpm/puppeteer-core@24.25.0/node_modules/puppeteer-core/lib/esm/puppeteer/util/decorators.js:99:27)
    at <anonymous> (/Users/grins/git/warcraft/wow-bis/node_modules/.pnpm/puppeteer-core@24.25.0/node_modules/puppeteer-core/lib/esm/puppeteer/api/Page.js:568:43)
    at goto (/Users/grins/git/warcraft/wow-bis/node_modules/.pnpm/puppeteer-core@24.25.0/node_modules/puppeteer-core/lib/esm/puppeteer/api/Page.js:567:20)
    at <anonymous> (/Users/grins/git/warcraft/wow-bis/scripts/process-quest-levels.ts:191:24)
    at fetchQuestRequiredLevel (/Users/grins/git/warcraft/wow-bis/scripts/process-quest-levels.ts:182:33)
    at <anonymous> (/Users/grins/git/warcraft/wow-bis/scripts/process-quest-levels.ts:386:42)
    at processTicksAndRejections (native:7:39)
Full Error: {}
---
[2025-11-03T08:04:12.533Z] ERROR: Error fetching quest 8781 (attempt 2)
Message: Attempted to use detached Frame '03DAD367655A18147D7AE5A08EAEAA20'.
Stack: Error: Attempted to use detached Frame '03DAD367655A18147D7AE5A08EAEAA20'.
    at <anonymous> (/Users/grins/git/warcraft/wow-bis/node_modules/.pnpm/puppeteer-core@24.25.0/node_modules/puppeteer-core/lib/esm/puppeteer/util/decorators.js:99:27)
    at <anonymous> (/Users/grins/git/warcraft/wow-bis/node_modules/.pnpm/puppeteer-core@24.25.0/node_modules/puppeteer-core/lib/esm/puppeteer/api/Page.js:568:43)
    at goto (/Users/grins/git/warcraft/wow-bis/node_modules/.pnpm/puppeteer-core@24.25.0/node_modules/puppeteer-core/lib/esm/puppeteer/api/Page.js:567:20)
    at <anonymous> (/Users/grins/git/warcraft/wow-bis/scripts/process-quest-levels.ts:191:24)
    at fetchQuestRequiredLevel (/Users/grins/git/warcraft/wow-bis/scripts/process-quest-levels.ts:182:33)
    at processTicksAndRejections (native:7:39)
Full Error: {}
---
[2025-11-03T08:04:19.537Z] ERROR: Error fetching quest 8781 (attempt 3)
Message: Attempted to use detached Frame '03DAD367655A18147D7AE5A08EAEAA20'.
Stack: Error: Attempted to use detached Frame '03DAD367655A18147D7AE5A08EAEAA20'.
    at <anonymous> (/Users/grins/git/warcraft/wow-bis/node_modules/.pnpm/puppeteer-core@24.25.0/node_modules/puppeteer-core/lib/esm/puppeteer/util/decorators.js:99:27)
    at <anonymous> (/Users/grins/git/warcraft/wow-bis/node_modules/.pnpm/puppeteer-core@24.25.0/node_modules/puppeteer-core/lib/esm/puppeteer/api/Page.js:568:43)
    at goto (/Users/grins/git/warcraft/wow-bis/node_modules/.pnpm/puppeteer-core@24.25.0/node_modules/puppeteer-core/lib/esm/puppeteer/api/Page.js:567:20)
    at <anonymous> (/Users/grins/git/warcraft/wow-bis/scripts/process-quest-levels.ts:191:24)
    at fetchQuestRequiredLevel (/Users/grins/git/warcraft/wow-bis/scripts/process-quest-levels.ts:182:33)
    at processTicksAndRejections (native:7:39)
Full Error: {}
---
[2025-11-03T08:04:28.540Z] ERROR: Error fetching quest 8781 (attempt 4)
Message: Attempted to use detached Frame '03DAD367655A18147D7AE5A08EAEAA20'.
Stack: Error: Attempted to use detached Frame '03DAD367655A18147D7AE5A08EAEAA20'.
    at <anonymous> (/Users/grins/git/warcraft/wow-bis/node_modules/.pnpm/puppeteer-core@24.25.0/node_modules/puppeteer-core/lib/esm/puppeteer/util/decorators.js:99:27)
    at <anonymous> (/Users/grins/git/warcraft/wow-bis/node_modules/.pnpm/puppeteer-core@24.25.0/node_modules/puppeteer-core/lib/esm/puppeteer/api/Page.js:568:43)
    at goto (/Users/grins/git/warcraft/wow-bis/node_modules/.pnpm/puppeteer-core@24.25.0/node_modules/puppeteer-core/lib/esm/puppeteer/api/Page.js:567:20)
    at <anonymous> (/Users/grins/git/warcraft/wow-bis/scripts/process-quest-levels.ts:191:24)
    at fetchQuestRequiredLevel (/Users/grins/git/warcraft/wow-bis/scripts/process-quest-levels.ts:182:33)
    at processTicksAndRejections (native:7:39)
Full Error: {}
---
[2025-11-03T08:04:32.549Z] ERROR: Error fetching quest 5284 (attempt 1)
Message: Attempted to use detached Frame '03DAD367655A18147D7AE5A08EAEAA20'.
Stack: Error: Attempted to use detached Frame '03DAD367655A18147D7AE5A08EAEAA20'.
    at <anonymous> (/Users/grins/git/warcraft/wow-bis/node_modules/.pnpm/puppeteer-core@24.25.0/node_modules/puppeteer-core/lib/esm/puppeteer/util/decorators.js:99:27)
    at <anonymous> (/Users/grins/git/warcraft/wow-bis/node_modules/.pnpm/puppeteer-core@24.25.0/node_modules/puppeteer-core/lib/esm/puppeteer/api/Page.js:568:43)
    at goto (/Users/grins/git/warcraft/wow-bis/node_modules/.pnpm/puppeteer-core@24.25.0/node_modules/puppeteer-core/lib/esm/puppeteer/api/Page.js:567:20)
    at <anonymous> (/Users/grins/git/warcraft/wow-bis/scripts/process-quest-levels.ts:191:24)
    at fetchQuestRequiredLevel (/Users/grins/git/warcraft/wow-bis/scripts/process-quest-levels.ts:182:33)
    at <anonymous> (/Users/grins/git/warcraft/wow-bis/scripts/process-quest-levels.ts:386:42)
    at processTicksAndRejections (native:7:39)
Full Error: {}
---
[2025-11-03T08:04:37.553Z] ERROR: Error fetching quest 5284 (attempt 2)
Message: Attempted to use detached Frame '03DAD367655A18147D7AE5A08EAEAA20'.
Stack: Error: Attempted to use detached Frame '03DAD367655A18147D7AE5A08EAEAA20'.
    at <anonymous> (/Users/grins/git/warcraft/wow-bis/node_modules/.pnpm/puppeteer-core@24.25.0/node_modules/puppeteer-core/lib/esm/puppeteer/util/decorators.js:99:27)
    at <anonymous> (/Users/grins/git/warcraft/wow-bis/node_modules/.pnpm/puppeteer-core@24.25.0/node_modules/puppeteer-core/lib/esm/puppeteer/api/Page.js:568:43)
    at goto (/Users/grins/git/warcraft/wow-bis/node_modules/.pnpm/puppeteer-core@24.25.0/node_modules/puppeteer-core/lib/esm/puppeteer/api/Page.js:567:20)
    at <anonymous> (/Users/grins/git/warcraft/wow-bis/scripts/process-quest-levels.ts:191:24)
    at fetchQuestRequiredLevel (/Users/grins/git/warcraft/wow-bis/scripts/process-quest-levels.ts:182:33)
    at processTicksAndRejections (native:7:39)
Full Error: {}
---
[2025-11-03T08:04:44.557Z] ERROR: Error fetching quest 5284 (attempt 3)
Message: Attempted to use detached Frame '03DAD367655A18147D7AE5A08EAEAA20'.
Stack: Error: Attempted to use detached Frame '03DAD367655A18147D7AE5A08EAEAA20'.
    at <anonymous> (/Users/grins/git/warcraft/wow-bis/node_modules/.pnpm/puppeteer-core@24.25.0/node_modules/puppeteer-core/lib/esm/puppeteer/util/decorators.js:99:27)
    at <anonymous> (/Users/grins/git/warcraft/wow-bis/node_modules/.pnpm/puppeteer-core@24.25.0/node_modules/puppeteer-core/lib/esm/puppeteer/api/Page.js:568:43)
    at goto (/Users/grins/git/warcraft/wow-bis/node_modules/.pnpm/puppeteer-core@24.25.0/node_modules/puppeteer-core/lib/esm/puppeteer/api/Page.js:567:20)
    at <anonymous> (/Users/grins/git/warcraft/wow-bis/scripts/process-quest-levels.ts:191:24)
    at fetchQuestRequiredLevel (/Users/grins/git/warcraft/wow-bis/scripts/process-quest-levels.ts:182:33)
    at processTicksAndRejections (native:7:39)
Full Error: {}
---
[2025-11-03T08:04:53.560Z] ERROR: Error fetching quest 5284 (attempt 4)
Message: Attempted to use detached Frame '03DAD367655A18147D7AE5A08EAEAA20'.
Stack: Error: Attempted to use detached Frame '03DAD367655A18147D7AE5A08EAEAA20'.
    at <anonymous> (/Users/grins/git/warcraft/wow-bis/node_modules/.pnpm/puppeteer-core@24.25.0/node_modules/puppeteer-core/lib/esm/puppeteer/util/decorators.js:99:27)
    at <anonymous> (/Users/grins/git/warcraft/wow-bis/node_modules/.pnpm/puppeteer-core@24.25.0/node_modules/puppeteer-core/lib/esm/puppeteer/api/Page.js:568:43)
    at goto (/Users/grins/git/warcraft/wow-bis/node_modules/.pnpm/puppeteer-core@24.25.0/node_modules/puppeteer-core/lib/esm/puppeteer/api/Page.js:567:20)
    at <anonymous> (/Users/grins/git/warcraft/wow-bis/scripts/process-quest-levels.ts:191:24)
    at fetchQuestRequiredLevel (/Users/grins/git/warcraft/wow-bis/scripts/process-quest-levels.ts:182:33)
    at processTicksAndRejections (native:7:39)
Full Error: {}
---
[2025-11-03T08:04:55.565Z] ERROR: Error fetching quest 5302 (attempt 1)
Message: Attempted to use detached Frame '03DAD367655A18147D7AE5A08EAEAA20'.
Stack: Error: Attempted to use detached Frame '03DAD367655A18147D7AE5A08EAEAA20'.
    at <anonymous> (/Users/grins/git/warcraft/wow-bis/node_modules/.pnpm/puppeteer-core@24.25.0/node_modules/puppeteer-core/lib/esm/puppeteer/util/decorators.js:99:27)
    at <anonymous> (/Users/grins/git/warcraft/wow-bis/node_modules/.pnpm/puppeteer-core@24.25.0/node_modules/puppeteer-core/lib/esm/puppeteer/api/Page.js:568:43)
    at goto (/Users/grins/git/warcraft/wow-bis/node_modules/.pnpm/puppeteer-core@24.25.0/node_modules/puppeteer-core/lib/esm/puppeteer/api/Page.js:567:20)
    at <anonymous> (/Users/grins/git/warcraft/wow-bis/scripts/process-quest-levels.ts:191:24)
    at fetchQuestRequiredLevel (/Users/grins/git/warcraft/wow-bis/scripts/process-quest-levels.ts:182:33)
    at <anonymous> (/Users/grins/git/warcraft/wow-bis/scripts/process-quest-levels.ts:386:42)
    at processTicksAndRejections (native:7:39)
Full Error: {}
---
[2025-11-03T08:05:00.569Z] ERROR: Error fetching quest 5302 (attempt 2)
Message: Attempted to use detached Frame '03DAD367655A18147D7AE5A08EAEAA20'.
Stack: Error: Attempted to use detached Frame '03DAD367655A18147D7AE5A08EAEAA20'.
    at <anonymous> (/Users/grins/git/warcraft/wow-bis/node_modules/.pnpm/puppeteer-core@24.25.0/node_modules/puppeteer-core/lib/esm/puppeteer/util/decorators.js:99:27)
    at <anonymous> (/Users/grins/git/warcraft/wow-bis/node_modules/.pnpm/puppeteer-core@24.25.0/node_modules/puppeteer-core/lib/esm/puppeteer/api/Page.js:568:43)
    at goto (/Users/grins/git/warcraft/wow-bis/node_modules/.pnpm/puppeteer-core@24.25.0/node_modules/puppeteer-core/lib/esm/puppeteer/api/Page.js:567:20)
    at <anonymous> (/Users/grins/git/warcraft/wow-bis/scripts/process-quest-levels.ts:191:24)
    at fetchQuestRequiredLevel (/Users/grins/git/warcraft/wow-bis/scripts/process-quest-levels.ts:182:33)
    at processTicksAndRejections (native:7:39)
Full Error: {}
---
[2025-11-03T08:05:07.572Z] ERROR: Error fetching quest 5302 (attempt 3)
Message: Attempted to use detached Frame '03DAD367655A18147D7AE5A08EAEAA20'.
Stack: Error: Attempted to use detached Frame '03DAD367655A18147D7AE5A08EAEAA20'.
    at <anonymous> (/Users/grins/git/warcraft/wow-bis/node_modules/.pnpm/puppeteer-core@24.25.0/node_modules/puppeteer-core/lib/esm/puppeteer/util/decorators.js:99:27)
    at <anonymous> (/Users/grins/git/warcraft/wow-bis/node_modules/.pnpm/puppeteer-core@24.25.0/node_modules/puppeteer-core/lib/esm/puppeteer/api/Page.js:568:43)
    at goto (/Users/grins/git/warcraft/wow-bis/node_modules/.pnpm/puppeteer-core@24.25.0/node_modules/puppeteer-core/lib/esm/puppeteer/api/Page.js:567:20)
    at <anonymous> (/Users/grins/git/warcraft/wow-bis/scripts/process-quest-levels.ts:191:24)
    at fetchQuestRequiredLevel (/Users/grins/git/warcraft/wow-bis/scripts/process-quest-levels.ts:182:33)
    at processTicksAndRejections (native:7:39)
Full Error: {}
---
[2025-11-03T08:05:16.575Z] ERROR: Error fetching quest 5302 (attempt 4)
Message: Attempted to use detached Frame '03DAD367655A18147D7AE5A08EAEAA20'.
Stack: Error: Attempted to use detached Frame '03DAD367655A18147D7AE5A08EAEAA20'.
    at <anonymous> (/Users/grins/git/warcraft/wow-bis/node_modules/.pnpm/puppeteer-core@24.25.0/node_modules/puppeteer-core/lib/esm/puppeteer/util/decorators.js:99:27)
    at <anonymous> (/Users/grins/git/warcraft/wow-bis/node_modules/.pnpm/puppeteer-core@24.25.0/node_modules/puppeteer-core/lib/esm/puppeteer/api/Page.js:568:43)
    at goto (/Users/grins/git/warcraft/wow-bis/node_modules/.pnpm/puppeteer-core@24.25.0/node_modules/puppeteer-core/lib/esm/puppeteer/api/Page.js:567:20)
    at <anonymous> (/Users/grins/git/warcraft/wow-bis/scripts/process-quest-levels.ts:191:24)
    at fetchQuestRequiredLevel (/Users/grins/git/warcraft/wow-bis/scripts/process-quest-levels.ts:182:33)
    at processTicksAndRejections (native:7:39)
Full Error: {}
---
[2025-11-03T08:05:18.580Z] ERROR: Error fetching quest 827 (attempt 1)
Message: Attempted to use detached Frame '03DAD367655A18147D7AE5A08EAEAA20'.
Stack: Error: Attempted to use detached Frame '03DAD367655A18147D7AE5A08EAEAA20'.
    at <anonymous> (/Users/grins/git/warcraft/wow-bis/node_modules/.pnpm/puppeteer-core@24.25.0/node_modules/puppeteer-core/lib/esm/puppeteer/util/decorators.js:99:27)
    at <anonymous> (/Users/grins/git/warcraft/wow-bis/node_modules/.pnpm/puppeteer-core@24.25.0/node_modules/puppeteer-core/lib/esm/puppeteer/api/Page.js:568:43)
    at goto (/Users/grins/git/warcraft/wow-bis/node_modules/.pnpm/puppeteer-core@24.25.0/node_modules/puppeteer-core/lib/esm/puppeteer/api/Page.js:567:20)
    at <anonymous> (/Users/grins/git/warcraft/wow-bis/scripts/process-quest-levels.ts:191:24)
    at fetchQuestRequiredLevel (/Users/grins/git/warcraft/wow-bis/scripts/process-quest-levels.ts:182:33)
    at <anonymous> (/Users/grins/git/warcraft/wow-bis/scripts/process-quest-levels.ts:386:42)
    at processTicksAndRejections (native:7:39)
Full Error: {}
---
[2025-11-03T08:05:23.581Z] ERROR: Error fetching quest 827 (attempt 2)
Message: Attempted to use detached Frame '03DAD367655A18147D7AE5A08EAEAA20'.
Stack: Error: Attempted to use detached Frame '03DAD367655A18147D7AE5A08EAEAA20'.
    at <anonymous> (/Users/grins/git/warcraft/wow-bis/node_modules/.pnpm/puppeteer-core@24.25.0/node_modules/puppeteer-core/lib/esm/puppeteer/util/decorators.js:99:27)
    at <anonymous> (/Users/grins/git/warcraft/wow-bis/node_modules/.pnpm/puppeteer-core@24.25.0/node_modules/puppeteer-core/lib/esm/puppeteer/api/Page.js:568:43)
    at goto (/Users/grins/git/warcraft/wow-bis/node_modules/.pnpm/puppeteer-core@24.25.0/node_modules/puppeteer-core/lib/esm/puppeteer/api/Page.js:567:20)
    at <anonymous> (/Users/grins/git/warcraft/wow-bis/scripts/process-quest-levels.ts:191:24)
    at fetchQuestRequiredLevel (/Users/grins/git/warcraft/wow-bis/scripts/process-quest-levels.ts:182:33)
    at processTicksAndRejections (native:7:39)
Full Error: {}
---
[2025-11-03T08:05:30.583Z] ERROR: Error fetching quest 827 (attempt 3)
Message: Attempted to use detached Frame '03DAD367655A18147D7AE5A08EAEAA20'.
Stack: Error: Attempted to use detached Frame '03DAD367655A18147D7AE5A08EAEAA20'.
    at <anonymous> (/Users/grins/git/warcraft/wow-bis/node_modules/.pnpm/puppeteer-core@24.25.0/node_modules/puppeteer-core/lib/esm/puppeteer/util/decorators.js:99:27)
    at <anonymous> (/Users/grins/git/warcraft/wow-bis/node_modules/.pnpm/puppeteer-core@24.25.0/node_modules/puppeteer-core/lib/esm/puppeteer/api/Page.js:568:43)
    at goto (/Users/grins/git/warcraft/wow-bis/node_modules/.pnpm/puppeteer-core@24.25.0/node_modules/puppeteer-core/lib/esm/puppeteer/api/Page.js:567:20)
    at <anonymous> (/Users/grins/git/warcraft/wow-bis/scripts/process-quest-levels.ts:191:24)
    at fetchQuestRequiredLevel (/Users/grins/git/warcraft/wow-bis/scripts/process-quest-levels.ts:182:33)
    at processTicksAndRejections (native:7:39)
Full Error: {}
---
[2025-11-03T08:20:27.461Z] ERROR: Error fetching quest 827 (attempt 4)
Message: Attempted to use detached Frame '03DAD367655A18147D7AE5A08EAEAA20'.
Stack: Error: Attempted to use detached Frame '03DAD367655A18147D7AE5A08EAEAA20'.
    at <anonymous> (/Users/grins/git/warcraft/wow-bis/node_modules/.pnpm/puppeteer-core@24.25.0/node_modules/puppeteer-core/lib/esm/puppeteer/util/decorators.js:99:27)
    at <anonymous> (/Users/grins/git/warcraft/wow-bis/node_modules/.pnpm/puppeteer-core@24.25.0/node_modules/puppeteer-core/lib/esm/puppeteer/api/Page.js:568:43)
    at goto (/Users/grins/git/warcraft/wow-bis/node_modules/.pnpm/puppeteer-core@24.25.0/node_modules/puppeteer-core/lib/esm/puppeteer/api/Page.js:567:20)
    at <anonymous> (/Users/grins/git/warcraft/wow-bis/scripts/process-quest-levels.ts:191:24)
    at fetchQuestRequiredLevel (/Users/grins/git/warcraft/wow-bis/scripts/process-quest-levels.ts:182:33)
    at processTicksAndRejections (native:7:39)
Full Error: {}
---
[2025-11-03T08:20:31.467Z] ERROR: Error fetching quest 951 (attempt 1)
Message: Attempted to use detached Frame '03DAD367655A18147D7AE5A08EAEAA20'.
Stack: Error: Attempted to use detached Frame '03DAD367655A18147D7AE5A08EAEAA20'.
    at <anonymous> (/Users/grins/git/warcraft/wow-bis/node_modules/.pnpm/puppeteer-core@24.25.0/node_modules/puppeteer-core/lib/esm/puppeteer/util/decorators.js:99:27)
    at <anonymous> (/Users/grins/git/warcraft/wow-bis/node_modules/.pnpm/puppeteer-core@24.25.0/node_modules/puppeteer-core/lib/esm/puppeteer/api/Page.js:568:43)
    at goto (/Users/grins/git/warcraft/wow-bis/node_modules/.pnpm/puppeteer-core@24.25.0/node_modules/puppeteer-core/lib/esm/puppeteer/api/Page.js:567:20)
    at <anonymous> (/Users/grins/git/warcraft/wow-bis/scripts/process-quest-levels.ts:191:24)
    at fetchQuestRequiredLevel (/Users/grins/git/warcraft/wow-bis/scripts/process-quest-levels.ts:182:33)
    at <anonymous> (/Users/grins/git/warcraft/wow-bis/scripts/process-quest-levels.ts:386:42)
    at processTicksAndRejections (native:7:39)
Full Error: {}
---
[2025-11-03T08:20:36.471Z] ERROR: Error fetching quest 951 (attempt 2)
Message: Attempted to use detached Frame '03DAD367655A18147D7AE5A08EAEAA20'.
Stack: Error: Attempted to use detached Frame '03DAD367655A18147D7AE5A08EAEAA20'.
    at <anonymous> (/Users/grins/git/warcraft/wow-bis/node_modules/.pnpm/puppeteer-core@24.25.0/node_modules/puppeteer-core/lib/esm/puppeteer/util/decorators.js:99:27)
    at <anonymous> (/Users/grins/git/warcraft/wow-bis/node_modules/.pnpm/puppeteer-core@24.25.0/node_modules/puppeteer-core/lib/esm/puppeteer/api/Page.js:568:43)
    at goto (/Users/grins/git/warcraft/wow-bis/node_modules/.pnpm/puppeteer-core@24.25.0/node_modules/puppeteer-core/lib/esm/puppeteer/api/Page.js:567:20)
    at <anonymous> (/Users/grins/git/warcraft/wow-bis/scripts/process-quest-levels.ts:191:24)
    at fetchQuestRequiredLevel (/Users/grins/git/warcraft/wow-bis/scripts/process-quest-levels.ts:182:33)
    at processTicksAndRejections (native:7:39)
Full Error: {}
---
[2025-11-03T08:20:43.475Z] ERROR: Error fetching quest 951 (attempt 3)
Message: Attempted to use detached Frame '03DAD367655A18147D7AE5A08EAEAA20'.
Stack: Error: Attempted to use detached Frame '03DAD367655A18147D7AE5A08EAEAA20'.
    at <anonymous> (/Users/grins/git/warcraft/wow-bis/node_modules/.pnpm/puppeteer-core@24.25.0/node_modules/puppeteer-core/lib/esm/puppeteer/util/decorators.js:99:27)
    at <anonymous> (/Users/grins/git/warcraft/wow-bis/node_modules/.pnpm/puppeteer-core@24.25.0/node_modules/puppeteer-core/lib/esm/puppeteer/api/Page.js:568:43)
    at goto (/Users/grins/git/warcraft/wow-bis/node_modules/.pnpm/puppeteer-core@24.25.0/node_modules/puppeteer-core/lib/esm/puppeteer/api/Page.js:567:20)
    at <anonymous> (/Users/grins/git/warcraft/wow-bis/scripts/process-quest-levels.ts:191:24)
    at fetchQuestRequiredLevel (/Users/grins/git/warcraft/wow-bis/scripts/process-quest-levels.ts:182:33)
    at processTicksAndRejections (native:7:39)
Full Error: {}
---
[2025-11-03T08:20:52.478Z] ERROR: Error fetching quest 951 (attempt 4)
Message: Attempted to use detached Frame '03DAD367655A18147D7AE5A08EAEAA20'.
Stack: Error: Attempted to use detached Frame '03DAD367655A18147D7AE5A08EAEAA20'.
    at <anonymous> (/Users/grins/git/warcraft/wow-bis/node_modules/.pnpm/puppeteer-core@24.25.0/node_modules/puppeteer-core/lib/esm/puppeteer/util/decorators.js:99:27)
    at <anonymous> (/Users/grins/git/warcraft/wow-bis/node_modules/.pnpm/puppeteer-core@24.25.0/node_modules/puppeteer-core/lib/esm/puppeteer/api/Page.js:568:43)
    at goto (/Users/grins/git/warcraft/wow-bis/node_modules/.pnpm/puppeteer-core@24.25.0/node_modules/puppeteer-core/lib/esm/puppeteer/api/Page.js:567:20)
    at <anonymous> (/Users/grins/git/warcraft/wow-bis/scripts/process-quest-levels.ts:191:24)
    at fetchQuestRequiredLevel (/Users/grins/git/warcraft/wow-bis/scripts/process-quest-levels.ts:182:33)
    at processTicksAndRejections (native:7:39)
Full Error: {}
---
[2025-11-03T08:20:54.484Z] ERROR: Error fetching quest 297 (attempt 1)
Message: Attempted to use detached Frame '03DAD367655A18147D7AE5A08EAEAA20'.
Stack: Error: Attempted to use detached Frame '03DAD367655A18147D7AE5A08EAEAA20'.
    at <anonymous> (/Users/grins/git/warcraft/wow-bis/node_modules/.pnpm/puppeteer-core@24.25.0/node_modules/puppeteer-core/lib/esm/puppeteer/util/decorators.js:99:27)
    at <anonymous> (/Users/grins/git/warcraft/wow-bis/node_modules/.pnpm/puppeteer-core@24.25.0/node_modules/puppeteer-core/lib/esm/puppeteer/api/Page.js:568:43)
    at goto (/Users/grins/git/warcraft/wow-bis/node_modules/.pnpm/puppeteer-core@24.25.0/node_modules/puppeteer-core/lib/esm/puppeteer/api/Page.js:567:20)
    at <anonymous> (/Users/grins/git/warcraft/wow-bis/scripts/process-quest-levels.ts:191:24)
    at fetchQuestRequiredLevel (/Users/grins/git/warcraft/wow-bis/scripts/process-quest-levels.ts:182:33)
    at <anonymous> (/Users/grins/git/warcraft/wow-bis/scripts/process-quest-levels.ts:386:42)
    at processTicksAndRejections (native:7:39)
Full Error: {}
---
[2025-11-03T08:20:59.486Z] ERROR: Error fetching quest 297 (attempt 2)
Message: Attempted to use detached Frame '03DAD367655A18147D7AE5A08EAEAA20'.
Stack: Error: Attempted to use detached Frame '03DAD367655A18147D7AE5A08EAEAA20'.
    at <anonymous> (/Users/grins/git/warcraft/wow-bis/node_modules/.pnpm/puppeteer-core@24.25.0/node_modules/puppeteer-core/lib/esm/puppeteer/util/decorators.js:99:27)
    at <anonymous> (/Users/grins/git/warcraft/wow-bis/node_modules/.pnpm/puppeteer-core@24.25.0/node_modules/puppeteer-core/lib/esm/puppeteer/api/Page.js:568:43)
    at goto (/Users/grins/git/warcraft/wow-bis/node_modules/.pnpm/puppeteer-core@24.25.0/node_modules/puppeteer-core/lib/esm/puppeteer/api/Page.js:567:20)
    at <anonymous> (/Users/grins/git/warcraft/wow-bis/scripts/process-quest-levels.ts:191:24)
    at fetchQuestRequiredLevel (/Users/grins/git/warcraft/wow-bis/scripts/process-quest-levels.ts:182:33)
    at processTicksAndRejections (native:7:39)
Full Error: {}
---
[2025-11-03T08:21:06.490Z] ERROR: Error fetching quest 297 (attempt 3)
Message: Attempted to use detached Frame '03DAD367655A18147D7AE5A08EAEAA20'.
Stack: Error: Attempted to use detached Frame '03DAD367655A18147D7AE5A08EAEAA20'.
    at <anonymous> (/Users/grins/git/warcraft/wow-bis/node_modules/.pnpm/puppeteer-core@24.25.0/node_modules/puppeteer-core/lib/esm/puppeteer/util/decorators.js:99:27)
    at <anonymous> (/Users/grins/git/warcraft/wow-bis/node_modules/.pnpm/puppeteer-core@24.25.0/node_modules/puppeteer-core/lib/esm/puppeteer/api/Page.js:568:43)
    at goto (/Users/grins/git/warcraft/wow-bis/node_modules/.pnpm/puppeteer-core@24.25.0/node_modules/puppeteer-core/lib/esm/puppeteer/api/Page.js:567:20)
    at <anonymous> (/Users/grins/git/warcraft/wow-bis/scripts/process-quest-levels.ts:191:24)
    at fetchQuestRequiredLevel (/Users/grins/git/warcraft/wow-bis/scripts/process-quest-levels.ts:182:33)
    at processTicksAndRejections (native:7:39)
Full Error: {}
---
[2025-11-03T08:21:15.493Z] ERROR: Error fetching quest 297 (attempt 4)
Message: Attempted to use detached Frame '03DAD367655A18147D7AE5A08EAEAA20'.
Stack: Error: Attempted to use detached Frame '03DAD367655A18147D7AE5A08EAEAA20'.
    at <anonymous> (/Users/grins/git/warcraft/wow-bis/node_modules/.pnpm/puppeteer-core@24.25.0/node_modules/puppeteer-core/lib/esm/puppeteer/util/decorators.js:99:27)
    at <anonymous> (/Users/grins/git/warcraft/wow-bis/node_modules/.pnpm/puppeteer-core@24.25.0/node_modules/puppeteer-core/lib/esm/puppeteer/api/Page.js:568:43)
    at goto (/Users/grins/git/warcraft/wow-bis/node_modules/.pnpm/puppeteer-core@24.25.0/node_modules/puppeteer-core/lib/esm/puppeteer/api/Page.js:567:20)
    at <anonymous> (/Users/grins/git/warcraft/wow-bis/scripts/process-quest-levels.ts:191:24)
    at fetchQuestRequiredLevel (/Users/grins/git/warcraft/wow-bis/scripts/process-quest-levels.ts:182:33)
    at processTicksAndRejections (native:7:39)
Full Error: {}
---
[2025-11-03T08:21:17.497Z] ERROR: Error fetching quest 2751 (attempt 1)
Message: Attempted to use detached Frame '03DAD367655A18147D7AE5A08EAEAA20'.
Stack: Error: Attempted to use detached Frame '03DAD367655A18147D7AE5A08EAEAA20'.
    at <anonymous> (/Users/grins/git/warcraft/wow-bis/node_modules/.pnpm/puppeteer-core@24.25.0/node_modules/puppeteer-core/lib/esm/puppeteer/util/decorators.js:99:27)
    at <anonymous> (/Users/grins/git/warcraft/wow-bis/node_modules/.pnpm/puppeteer-core@24.25.0/node_modules/puppeteer-core/lib/esm/puppeteer/api/Page.js:568:43)
    at goto (/Users/grins/git/warcraft/wow-bis/node_modules/.pnpm/puppeteer-core@24.25.0/node_modules/puppeteer-core/lib/esm/puppeteer/api/Page.js:567:20)
    at <anonymous> (/Users/grins/git/warcraft/wow-bis/scripts/process-quest-levels.ts:191:24)
    at fetchQuestRequiredLevel (/Users/grins/git/warcraft/wow-bis/scripts/process-quest-levels.ts:182:33)
    at <anonymous> (/Users/grins/git/warcraft/wow-bis/scripts/process-quest-levels.ts:386:42)
    at processTicksAndRejections (native:7:39)
Full Error: {}
---
[2025-11-03T08:21:22.501Z] ERROR: Error fetching quest 2751 (attempt 2)
Message: Attempted to use detached Frame '03DAD367655A18147D7AE5A08EAEAA20'.
Stack: Error: Attempted to use detached Frame '03DAD367655A18147D7AE5A08EAEAA20'.
    at <anonymous> (/Users/grins/git/warcraft/wow-bis/node_modules/.pnpm/puppeteer-core@24.25.0/node_modules/puppeteer-core/lib/esm/puppeteer/util/decorators.js:99:27)
    at <anonymous> (/Users/grins/git/warcraft/wow-bis/node_modules/.pnpm/puppeteer-core@24.25.0/node_modules/puppeteer-core/lib/esm/puppeteer/api/Page.js:568:43)
    at goto (/Users/grins/git/warcraft/wow-bis/node_modules/.pnpm/puppeteer-core@24.25.0/node_modules/puppeteer-core/lib/esm/puppeteer/api/Page.js:567:20)
    at <anonymous> (/Users/grins/git/warcraft/wow-bis/scripts/process-quest-levels.ts:191:24)
    at fetchQuestRequiredLevel (/Users/grins/git/warcraft/wow-bis/scripts/process-quest-levels.ts:182:33)
    at processTicksAndRejections (native:7:39)
Full Error: {}
---
[2025-11-03T08:21:29.505Z] ERROR: Error fetching quest 2751 (attempt 3)
Message: Attempted to use detached Frame '03DAD367655A18147D7AE5A08EAEAA20'.
Stack: Error: Attempted to use detached Frame '03DAD367655A18147D7AE5A08EAEAA20'.
    at <anonymous> (/Users/grins/git/warcraft/wow-bis/node_modules/.pnpm/puppeteer-core@24.25.0/node_modules/puppeteer-core/lib/esm/puppeteer/util/decorators.js:99:27)
    at <anonymous> (/Users/grins/git/warcraft/wow-bis/node_modules/.pnpm/puppeteer-core@24.25.0/node_modules/puppeteer-core/lib/esm/puppeteer/api/Page.js:568:43)
    at goto (/Users/grins/git/warcraft/wow-bis/node_modules/.pnpm/puppeteer-core@24.25.0/node_modules/puppeteer-core/lib/esm/puppeteer/api/Page.js:567:20)
    at <anonymous> (/Users/grins/git/warcraft/wow-bis/scripts/process-quest-levels.ts:191:24)
    at fetchQuestRequiredLevel (/Users/grins/git/warcraft/wow-bis/scripts/process-quest-levels.ts:182:33)
    at processTicksAndRejections (native:7:39)
Full Error: {}
---
[2025-11-03T08:21:38.508Z] ERROR: Error fetching quest 2751 (attempt 4)
Message: Attempted to use detached Frame '03DAD367655A18147D7AE5A08EAEAA20'.
Stack: Error: Attempted to use detached Frame '03DAD367655A18147D7AE5A08EAEAA20'.
    at <anonymous> (/Users/grins/git/warcraft/wow-bis/node_modules/.pnpm/puppeteer-core@24.25.0/node_modules/puppeteer-core/lib/esm/puppeteer/util/decorators.js:99:27)
    at <anonymous> (/Users/grins/git/warcraft/wow-bis/node_modules/.pnpm/puppeteer-core@24.25.0/node_modules/puppeteer-core/lib/esm/puppeteer/api/Page.js:568:43)
    at goto (/Users/grins/git/warcraft/wow-bis/node_modules/.pnpm/puppeteer-core@24.25.0/node_modules/puppeteer-core/lib/esm/puppeteer/api/Page.js:567:20)
    at <anonymous> (/Users/grins/git/warcraft/wow-bis/scripts/process-quest-levels.ts:191:24)
    at fetchQuestRequiredLevel (/Users/grins/git/warcraft/wow-bis/scripts/process-quest-levels.ts:182:33)
    at processTicksAndRejections (native:7:39)
Full Error: {}
---
[2025-11-03T08:21:40.512Z] ERROR: Error fetching quest 3924 (attempt 1)
Message: Attempted to use detached Frame '03DAD367655A18147D7AE5A08EAEAA20'.
Stack: Error: Attempted to use detached Frame '03DAD367655A18147D7AE5A08EAEAA20'.
    at <anonymous> (/Users/grins/git/warcraft/wow-bis/node_modules/.pnpm/puppeteer-core@24.25.0/node_modules/puppeteer-core/lib/esm/puppeteer/util/decorators.js:99:27)
    at <anonymous> (/Users/grins/git/warcraft/wow-bis/node_modules/.pnpm/puppeteer-core@24.25.0/node_modules/puppeteer-core/lib/esm/puppeteer/api/Page.js:568:43)
    at goto (/Users/grins/git/warcraft/wow-bis/node_modules/.pnpm/puppeteer-core@24.25.0/node_modules/puppeteer-core/lib/esm/puppeteer/api/Page.js:567:20)
    at <anonymous> (/Users/grins/git/warcraft/wow-bis/scripts/process-quest-levels.ts:191:24)
    at fetchQuestRequiredLevel (/Users/grins/git/warcraft/wow-bis/scripts/process-quest-levels.ts:182:33)
    at <anonymous> (/Users/grins/git/warcraft/wow-bis/scripts/process-quest-levels.ts:386:42)
    at processTicksAndRejections (native:7:39)
Full Error: {}
---
[2025-11-03T08:21:45.515Z] ERROR: Error fetching quest 3924 (attempt 2)
Message: Attempted to use detached Frame '03DAD367655A18147D7AE5A08EAEAA20'.
Stack: Error: Attempted to use detached Frame '03DAD367655A18147D7AE5A08EAEAA20'.
    at <anonymous> (/Users/grins/git/warcraft/wow-bis/node_modules/.pnpm/puppeteer-core@24.25.0/node_modules/puppeteer-core/lib/esm/puppeteer/util/decorators.js:99:27)
    at <anonymous> (/Users/grins/git/warcraft/wow-bis/node_modules/.pnpm/puppeteer-core@24.25.0/node_modules/puppeteer-core/lib/esm/puppeteer/api/Page.js:568:43)
    at goto (/Users/grins/git/warcraft/wow-bis/node_modules/.pnpm/puppeteer-core@24.25.0/node_modules/puppeteer-core/lib/esm/puppeteer/api/Page.js:567:20)
    at <anonymous> (/Users/grins/git/warcraft/wow-bis/scripts/process-quest-levels.ts:191:24)
    at fetchQuestRequiredLevel (/Users/grins/git/warcraft/wow-bis/scripts/process-quest-levels.ts:182:33)
    at processTicksAndRejections (native:7:39)
Full Error: {}
---
[2025-11-03T08:21:52.517Z] ERROR: Error fetching quest 3924 (attempt 3)
Message: Attempted to use detached Frame '03DAD367655A18147D7AE5A08EAEAA20'.
Stack: Error: Attempted to use detached Frame '03DAD367655A18147D7AE5A08EAEAA20'.
    at <anonymous> (/Users/grins/git/warcraft/wow-bis/node_modules/.pnpm/puppeteer-core@24.25.0/node_modules/puppeteer-core/lib/esm/puppeteer/util/decorators.js:99:27)
    at <anonymous> (/Users/grins/git/warcraft/wow-bis/node_modules/.pnpm/puppeteer-core@24.25.0/node_modules/puppeteer-core/lib/esm/puppeteer/api/Page.js:568:43)
    at goto (/Users/grins/git/warcraft/wow-bis/node_modules/.pnpm/puppeteer-core@24.25.0/node_modules/puppeteer-core/lib/esm/puppeteer/api/Page.js:567:20)
    at <anonymous> (/Users/grins/git/warcraft/wow-bis/scripts/process-quest-levels.ts:191:24)
    at fetchQuestRequiredLevel (/Users/grins/git/warcraft/wow-bis/scripts/process-quest-levels.ts:182:33)
    at processTicksAndRejections (native:7:39)
Full Error: {}
---
[2025-11-03T08:22:01.520Z] ERROR: Error fetching quest 3924 (attempt 4)
Message: Attempted to use detached Frame '03DAD367655A18147D7AE5A08EAEAA20'.
Stack: Error: Attempted to use detached Frame '03DAD367655A18147D7AE5A08EAEAA20'.
    at <anonymous> (/Users/grins/git/warcraft/wow-bis/node_modules/.pnpm/puppeteer-core@24.25.0/node_modules/puppeteer-core/lib/esm/puppeteer/util/decorators.js:99:27)
    at <anonymous> (/Users/grins/git/warcraft/wow-bis/node_modules/.pnpm/puppeteer-core@24.25.0/node_modules/puppeteer-core/lib/esm/puppeteer/api/Page.js:568:43)
    at goto (/Users/grins/git/warcraft/wow-bis/node_modules/.pnpm/puppeteer-core@24.25.0/node_modules/puppeteer-core/lib/esm/puppeteer/api/Page.js:567:20)
    at <anonymous> (/Users/grins/git/warcraft/wow-bis/scripts/process-quest-levels.ts:191:24)
    at fetchQuestRequiredLevel (/Users/grins/git/warcraft/wow-bis/scripts/process-quest-levels.ts:182:33)
    at processTicksAndRejections (native:7:39)
Full Error: {}
---
[2025-11-03T08:22:05.529Z] ERROR: Error fetching quest 41246 (attempt 1)
Message: Attempted to use detached Frame '03DAD367655A18147D7AE5A08EAEAA20'.
Stack: Error: Attempted to use detached Frame '03DAD367655A18147D7AE5A08EAEAA20'.
    at <anonymous> (/Users/grins/git/warcraft/wow-bis/node_modules/.pnpm/puppeteer-core@24.25.0/node_modules/puppeteer-core/lib/esm/puppeteer/util/decorators.js:99:27)
    at <anonymous> (/Users/grins/git/warcraft/wow-bis/node_modules/.pnpm/puppeteer-core@24.25.0/node_modules/puppeteer-core/lib/esm/puppeteer/api/Page.js:568:43)
    at goto (/Users/grins/git/warcraft/wow-bis/node_modules/.pnpm/puppeteer-core@24.25.0/node_modules/puppeteer-core/lib/esm/puppeteer/api/Page.js:567:20)
    at <anonymous> (/Users/grins/git/warcraft/wow-bis/scripts/process-quest-levels.ts:191:24)
    at fetchQuestRequiredLevel (/Users/grins/git/warcraft/wow-bis/scripts/process-quest-levels.ts:182:33)
    at <anonymous> (/Users/grins/git/warcraft/wow-bis/scripts/process-quest-levels.ts:386:42)
    at processTicksAndRejections (native:7:39)
Full Error: {}
---
[2025-11-03T08:22:10.531Z] ERROR: Error fetching quest 41246 (attempt 2)
Message: Attempted to use detached Frame '03DAD367655A18147D7AE5A08EAEAA20'.
Stack: Error: Attempted to use detached Frame '03DAD367655A18147D7AE5A08EAEAA20'.
    at <anonymous> (/Users/grins/git/warcraft/wow-bis/node_modules/.pnpm/puppeteer-core@24.25.0/node_modules/puppeteer-core/lib/esm/puppeteer/util/decorators.js:99:27)
    at <anonymous> (/Users/grins/git/warcraft/wow-bis/node_modules/.pnpm/puppeteer-core@24.25.0/node_modules/puppeteer-core/lib/esm/puppeteer/api/Page.js:568:43)
    at goto (/Users/grins/git/warcraft/wow-bis/node_modules/.pnpm/puppeteer-core@24.25.0/node_modules/puppeteer-core/lib/esm/puppeteer/api/Page.js:567:20)
    at <anonymous> (/Users/grins/git/warcraft/wow-bis/scripts/process-quest-levels.ts:191:24)
    at fetchQuestRequiredLevel (/Users/grins/git/warcraft/wow-bis/scripts/process-quest-levels.ts:182:33)
    at processTicksAndRejections (native:7:39)
Full Error: {}
---
[2025-11-03T08:22:17.534Z] ERROR: Error fetching quest 41246 (attempt 3)
Message: Attempted to use detached Frame '03DAD367655A18147D7AE5A08EAEAA20'.
Stack: Error: Attempted to use detached Frame '03DAD367655A18147D7AE5A08EAEAA20'.
    at <anonymous> (/Users/grins/git/warcraft/wow-bis/node_modules/.pnpm/puppeteer-core@24.25.0/node_modules/puppeteer-core/lib/esm/puppeteer/util/decorators.js:99:27)
    at <anonymous> (/Users/grins/git/warcraft/wow-bis/node_modules/.pnpm/puppeteer-core@24.25.0/node_modules/puppeteer-core/lib/esm/puppeteer/api/Page.js:568:43)
    at goto (/Users/grins/git/warcraft/wow-bis/node_modules/.pnpm/puppeteer-core@24.25.0/node_modules/puppeteer-core/lib/esm/puppeteer/api/Page.js:567:20)
    at <anonymous> (/Users/grins/git/warcraft/wow-bis/scripts/process-quest-levels.ts:191:24)
    at fetchQuestRequiredLevel (/Users/grins/git/warcraft/wow-bis/scripts/process-quest-levels.ts:182:33)
    at processTicksAndRejections (native:7:39)
Full Error: {}
---
[2025-11-03T08:22:26.535Z] ERROR: Error fetching quest 41246 (attempt 4)
Message: Attempted to use detached Frame '03DAD367655A18147D7AE5A08EAEAA20'.
Stack: Error: Attempted to use detached Frame '03DAD367655A18147D7AE5A08EAEAA20'.
    at <anonymous> (/Users/grins/git/warcraft/wow-bis/node_modules/.pnpm/puppeteer-core@24.25.0/node_modules/puppeteer-core/lib/esm/puppeteer/util/decorators.js:99:27)
    at <anonymous> (/Users/grins/git/warcraft/wow-bis/node_modules/.pnpm/puppeteer-core@24.25.0/node_modules/puppeteer-core/lib/esm/puppeteer/api/Page.js:568:43)
    at goto (/Users/grins/git/warcraft/wow-bis/node_modules/.pnpm/puppeteer-core@24.25.0/node_modules/puppeteer-core/lib/esm/puppeteer/api/Page.js:567:20)
    at <anonymous> (/Users/grins/git/warcraft/wow-bis/scripts/process-quest-levels.ts:191:24)
    at fetchQuestRequiredLevel (/Users/grins/git/warcraft/wow-bis/scripts/process-quest-levels.ts:182:33)
    at processTicksAndRejections (native:7:39)
Full Error: {}
---
[2025-11-03T08:22:30.542Z] ERROR: Error fetching quest 1153 (attempt 1)
Message: Attempted to use detached Frame '03DAD367655A18147D7AE5A08EAEAA20'.
Stack: Error: Attempted to use detached Frame '03DAD367655A18147D7AE5A08EAEAA20'.
    at <anonymous> (/Users/grins/git/warcraft/wow-bis/node_modules/.pnpm/puppeteer-core@24.25.0/node_modules/puppeteer-core/lib/esm/puppeteer/util/decorators.js:99:27)
    at <anonymous> (/Users/grins/git/warcraft/wow-bis/node_modules/.pnpm/puppeteer-core@24.25.0/node_modules/puppeteer-core/lib/esm/puppeteer/api/Page.js:568:43)
    at goto (/Users/grins/git/warcraft/wow-bis/node_modules/.pnpm/puppeteer-core@24.25.0/node_modules/puppeteer-core/lib/esm/puppeteer/api/Page.js:567:20)
    at <anonymous> (/Users/grins/git/warcraft/wow-bis/scripts/process-quest-levels.ts:191:24)
    at fetchQuestRequiredLevel (/Users/grins/git/warcraft/wow-bis/scripts/process-quest-levels.ts:182:33)
    at <anonymous> (/Users/grins/git/warcraft/wow-bis/scripts/process-quest-levels.ts:386:42)
    at processTicksAndRejections (native:7:39)
Full Error: {}
---
[2025-11-03T08:22:35.544Z] ERROR: Error fetching quest 1153 (attempt 2)
Message: Attempted to use detached Frame '03DAD367655A18147D7AE5A08EAEAA20'.
Stack: Error: Attempted to use detached Frame '03DAD367655A18147D7AE5A08EAEAA20'.
    at <anonymous> (/Users/grins/git/warcraft/wow-bis/node_modules/.pnpm/puppeteer-core@24.25.0/node_modules/puppeteer-core/lib/esm/puppeteer/util/decorators.js:99:27)
    at <anonymous> (/Users/grins/git/warcraft/wow-bis/node_modules/.pnpm/puppeteer-core@24.25.0/node_modules/puppeteer-core/lib/esm/puppeteer/api/Page.js:568:43)
    at goto (/Users/grins/git/warcraft/wow-bis/node_modules/.pnpm/puppeteer-core@24.25.0/node_modules/puppeteer-core/lib/esm/puppeteer/api/Page.js:567:20)
    at <anonymous> (/Users/grins/git/warcraft/wow-bis/scripts/process-quest-levels.ts:191:24)
    at fetchQuestRequiredLevel (/Users/grins/git/warcraft/wow-bis/scripts/process-quest-levels.ts:182:33)
    at processTicksAndRejections (native:7:39)
Full Error: {}
---
[2025-11-03T08:36:24.761Z] ERROR: Error fetching quest 1153 (attempt 3)
Message: Attempted to use detached Frame '03DAD367655A18147D7AE5A08EAEAA20'.
Stack: Error: Attempted to use detached Frame '03DAD367655A18147D7AE5A08EAEAA20'.
    at <anonymous> (/Users/grins/git/warcraft/wow-bis/node_modules/.pnpm/puppeteer-core@24.25.0/node_modules/puppeteer-core/lib/esm/puppeteer/util/decorators.js:99:27)
    at <anonymous> (/Users/grins/git/warcraft/wow-bis/node_modules/.pnpm/puppeteer-core@24.25.0/node_modules/puppeteer-core/lib/esm/puppeteer/api/Page.js:568:43)
    at goto (/Users/grins/git/warcraft/wow-bis/node_modules/.pnpm/puppeteer-core@24.25.0/node_modules/puppeteer-core/lib/esm/puppeteer/api/Page.js:567:20)
    at <anonymous> (/Users/grins/git/warcraft/wow-bis/scripts/process-quest-levels.ts:191:24)
    at fetchQuestRequiredLevel (/Users/grins/git/warcraft/wow-bis/scripts/process-quest-levels.ts:182:33)
    at processTicksAndRejections (native:7:39)
Full Error: {}
---
[2025-11-03T08:36:33.764Z] ERROR: Error fetching quest 1153 (attempt 4)
Message: Attempted to use detached Frame '03DAD367655A18147D7AE5A08EAEAA20'.
Stack: Error: Attempted to use detached Frame '03DAD367655A18147D7AE5A08EAEAA20'.
    at <anonymous> (/Users/grins/git/warcraft/wow-bis/node_modules/.pnpm/puppeteer-core@24.25.0/node_modules/puppeteer-core/lib/esm/puppeteer/util/decorators.js:99:27)
    at <anonymous> (/Users/grins/git/warcraft/wow-bis/node_modules/.pnpm/puppeteer-core@24.25.0/node_modules/puppeteer-core/lib/esm/puppeteer/api/Page.js:568:43)
    at goto (/Users/grins/git/warcraft/wow-bis/node_modules/.pnpm/puppeteer-core@24.25.0/node_modules/puppeteer-core/lib/esm/puppeteer/api/Page.js:567:20)
    at <anonymous> (/Users/grins/git/warcraft/wow-bis/scripts/process-quest-levels.ts:191:24)
    at fetchQuestRequiredLevel (/Users/grins/git/warcraft/wow-bis/scripts/process-quest-levels.ts:182:33)
    at processTicksAndRejections (native:7:39)
Full Error: {}
---
[2025-11-03T08:36:35.775Z] ERROR: Error fetching quest 8789 (attempt 1)
Message: Attempted to use detached Frame '03DAD367655A18147D7AE5A08EAEAA20'.
Stack: Error: Attempted to use detached Frame '03DAD367655A18147D7AE5A08EAEAA20'.
    at <anonymous> (/Users/grins/git/warcraft/wow-bis/node_modules/.pnpm/puppeteer-core@24.25.0/node_modules/puppeteer-core/lib/esm/puppeteer/util/decorators.js:99:27)
    at <anonymous> (/Users/grins/git/warcraft/wow-bis/node_modules/.pnpm/puppeteer-core@24.25.0/node_modules/puppeteer-core/lib/esm/puppeteer/api/Page.js:568:43)
    at goto (/Users/grins/git/warcraft/wow-bis/node_modules/.pnpm/puppeteer-core@24.25.0/node_modules/puppeteer-core/lib/esm/puppeteer/api/Page.js:567:20)
    at <anonymous> (/Users/grins/git/warcraft/wow-bis/scripts/process-quest-levels.ts:191:24)
    at fetchQuestRequiredLevel (/Users/grins/git/warcraft/wow-bis/scripts/process-quest-levels.ts:182:33)
    at <anonymous> (/Users/grins/git/warcraft/wow-bis/scripts/process-quest-levels.ts:386:42)
    at processTicksAndRejections (native:7:39)
Full Error: {}
---
[2025-11-03T08:36:40.778Z] ERROR: Error fetching quest 8789 (attempt 2)
Message: Attempted to use detached Frame '03DAD367655A18147D7AE5A08EAEAA20'.
Stack: Error: Attempted to use detached Frame '03DAD367655A18147D7AE5A08EAEAA20'.
    at <anonymous> (/Users/grins/git/warcraft/wow-bis/node_modules/.pnpm/puppeteer-core@24.25.0/node_modules/puppeteer-core/lib/esm/puppeteer/util/decorators.js:99:27)
    at <anonymous> (/Users/grins/git/warcraft/wow-bis/node_modules/.pnpm/puppeteer-core@24.25.0/node_modules/puppeteer-core/lib/esm/puppeteer/api/Page.js:568:43)
    at goto (/Users/grins/git/warcraft/wow-bis/node_modules/.pnpm/puppeteer-core@24.25.0/node_modules/puppeteer-core/lib/esm/puppeteer/api/Page.js:567:20)
    at <anonymous> (/Users/grins/git/warcraft/wow-bis/scripts/process-quest-levels.ts:191:24)
    at fetchQuestRequiredLevel (/Users/grins/git/warcraft/wow-bis/scripts/process-quest-levels.ts:182:33)
    at processTicksAndRejections (native:7:39)
Full Error: {}
---
[2025-11-03T08:36:47.781Z] ERROR: Error fetching quest 8789 (attempt 3)
Message: Attempted to use detached Frame '03DAD367655A18147D7AE5A08EAEAA20'.
Stack: Error: Attempted to use detached Frame '03DAD367655A18147D7AE5A08EAEAA20'.
    at <anonymous> (/Users/grins/git/warcraft/wow-bis/node_modules/.pnpm/puppeteer-core@24.25.0/node_modules/puppeteer-core/lib/esm/puppeteer/util/decorators.js:99:27)
    at <anonymous> (/Users/grins/git/warcraft/wow-bis/node_modules/.pnpm/puppeteer-core@24.25.0/node_modules/puppeteer-core/lib/esm/puppeteer/api/Page.js:568:43)
    at goto (/Users/grins/git/warcraft/wow-bis/node_modules/.pnpm/puppeteer-core@24.25.0/node_modules/puppeteer-core/lib/esm/puppeteer/api/Page.js:567:20)
    at <anonymous> (/Users/grins/git/warcraft/wow-bis/scripts/process-quest-levels.ts:191:24)
    at fetchQuestRequiredLevel (/Users/grins/git/warcraft/wow-bis/scripts/process-quest-levels.ts:182:33)
    at processTicksAndRejections (native:7:39)
Full Error: {}
---
[2025-11-03T08:36:56.785Z] ERROR: Error fetching quest 8789 (attempt 4)
Message: Attempted to use detached Frame '03DAD367655A18147D7AE5A08EAEAA20'.
Stack: Error: Attempted to use detached Frame '03DAD367655A18147D7AE5A08EAEAA20'.
    at <anonymous> (/Users/grins/git/warcraft/wow-bis/node_modules/.pnpm/puppeteer-core@24.25.0/node_modules/puppeteer-core/lib/esm/puppeteer/util/decorators.js:99:27)
    at <anonymous> (/Users/grins/git/warcraft/wow-bis/node_modules/.pnpm/puppeteer-core@24.25.0/node_modules/puppeteer-core/lib/esm/puppeteer/api/Page.js:568:43)
    at goto (/Users/grins/git/warcraft/wow-bis/node_modules/.pnpm/puppeteer-core@24.25.0/node_modules/puppeteer-core/lib/esm/puppeteer/api/Page.js:567:20)
    at <anonymous> (/Users/grins/git/warcraft/wow-bis/scripts/process-quest-levels.ts:191:24)
    at fetchQuestRequiredLevel (/Users/grins/git/warcraft/wow-bis/scripts/process-quest-levels.ts:182:33)
    at processTicksAndRejections (native:7:39)
Full Error: {}
---
[2025-11-03T08:36:58.788Z] ERROR: Error fetching quest 8709 (attempt 1)
Message: Attempted to use detached Frame '03DAD367655A18147D7AE5A08EAEAA20'.
Stack: Error: Attempted to use detached Frame '03DAD367655A18147D7AE5A08EAEAA20'.
    at <anonymous> (/Users/grins/git/warcraft/wow-bis/node_modules/.pnpm/puppeteer-core@24.25.0/node_modules/puppeteer-core/lib/esm/puppeteer/util/decorators.js:99:27)
    at <anonymous> (/Users/grins/git/warcraft/wow-bis/node_modules/.pnpm/puppeteer-core@24.25.0/node_modules/puppeteer-core/lib/esm/puppeteer/api/Page.js:568:43)
    at goto (/Users/grins/git/warcraft/wow-bis/node_modules/.pnpm/puppeteer-core@24.25.0/node_modules/puppeteer-core/lib/esm/puppeteer/api/Page.js:567:20)
    at <anonymous> (/Users/grins/git/warcraft/wow-bis/scripts/process-quest-levels.ts:191:24)
    at fetchQuestRequiredLevel (/Users/grins/git/warcraft/wow-bis/scripts/process-quest-levels.ts:182:33)
    at <anonymous> (/Users/grins/git/warcraft/wow-bis/scripts/process-quest-levels.ts:386:42)
    at processTicksAndRejections (native:7:39)
Full Error: {}
---
[2025-11-03T08:37:03.790Z] ERROR: Error fetching quest 8709 (attempt 2)
Message: Attempted to use detached Frame '03DAD367655A18147D7AE5A08EAEAA20'.
Stack: Error: Attempted to use detached Frame '03DAD367655A18147D7AE5A08EAEAA20'.
    at <anonymous> (/Users/grins/git/warcraft/wow-bis/node_modules/.pnpm/puppeteer-core@24.25.0/node_modules/puppeteer-core/lib/esm/puppeteer/util/decorators.js:99:27)
    at <anonymous> (/Users/grins/git/warcraft/wow-bis/node_modules/.pnpm/puppeteer-core@24.25.0/node_modules/puppeteer-core/lib/esm/puppeteer/api/Page.js:568:43)
    at goto (/Users/grins/git/warcraft/wow-bis/node_modules/.pnpm/puppeteer-core@24.25.0/node_modules/puppeteer-core/lib/esm/puppeteer/api/Page.js:567:20)
    at <anonymous> (/Users/grins/git/warcraft/wow-bis/scripts/process-quest-levels.ts:191:24)
    at fetchQuestRequiredLevel (/Users/grins/git/warcraft/wow-bis/scripts/process-quest-levels.ts:182:33)
    at processTicksAndRejections (native:7:39)
Full Error: {}
---
[2025-11-03T08:37:10.793Z] ERROR: Error fetching quest 8709 (attempt 3)
Message: Attempted to use detached Frame '03DAD367655A18147D7AE5A08EAEAA20'.
Stack: Error: Attempted to use detached Frame '03DAD367655A18147D7AE5A08EAEAA20'.
    at <anonymous> (/Users/grins/git/warcraft/wow-bis/node_modules/.pnpm/puppeteer-core@24.25.0/node_modules/puppeteer-core/lib/esm/puppeteer/util/decorators.js:99:27)
    at <anonymous> (/Users/grins/git/warcraft/wow-bis/node_modules/.pnpm/puppeteer-core@24.25.0/node_modules/puppeteer-core/lib/esm/puppeteer/api/Page.js:568:43)
    at goto (/Users/grins/git/warcraft/wow-bis/node_modules/.pnpm/puppeteer-core@24.25.0/node_modules/puppeteer-core/lib/esm/puppeteer/api/Page.js:567:20)
    at <anonymous> (/Users/grins/git/warcraft/wow-bis/scripts/process-quest-levels.ts:191:24)
    at fetchQuestRequiredLevel (/Users/grins/git/warcraft/wow-bis/scripts/process-quest-levels.ts:182:33)
    at processTicksAndRejections (native:7:39)
Full Error: {}
---
[2025-11-03T08:37:50.141Z] ERROR: Error fetching quest 8709 (attempt 4)
Message: Attempted to use detached Frame '03DAD367655A18147D7AE5A08EAEAA20'.
Stack: Error: Attempted to use detached Frame '03DAD367655A18147D7AE5A08EAEAA20'.
    at <anonymous> (/Users/grins/git/warcraft/wow-bis/node_modules/.pnpm/puppeteer-core@24.25.0/node_modules/puppeteer-core/lib/esm/puppeteer/util/decorators.js:99:27)
    at <anonymous> (/Users/grins/git/warcraft/wow-bis/node_modules/.pnpm/puppeteer-core@24.25.0/node_modules/puppeteer-core/lib/esm/puppeteer/api/Page.js:568:43)
    at goto (/Users/grins/git/warcraft/wow-bis/node_modules/.pnpm/puppeteer-core@24.25.0/node_modules/puppeteer-core/lib/esm/puppeteer/api/Page.js:567:20)
    at <anonymous> (/Users/grins/git/warcraft/wow-bis/scripts/process-quest-levels.ts:191:24)
    at fetchQuestRequiredLevel (/Users/grins/git/warcraft/wow-bis/scripts/process-quest-levels.ts:182:33)
    at processTicksAndRejections (native:7:39)
Full Error: {}
---
[2025-11-03T08:37:52.142Z] ERROR: Error fetching quest 8710 (attempt 1)
Message: Attempted to use detached Frame '03DAD367655A18147D7AE5A08EAEAA20'.
Stack: Error: Attempted to use detached Frame '03DAD367655A18147D7AE5A08EAEAA20'.
    at <anonymous> (/Users/grins/git/warcraft/wow-bis/node_modules/.pnpm/puppeteer-core@24.25.0/node_modules/puppeteer-core/lib/esm/puppeteer/util/decorators.js:99:27)
    at <anonymous> (/Users/grins/git/warcraft/wow-bis/node_modules/.pnpm/puppeteer-core@24.25.0/node_modules/puppeteer-core/lib/esm/puppeteer/api/Page.js:568:43)
    at goto (/Users/grins/git/warcraft/wow-bis/node_modules/.pnpm/puppeteer-core@24.25.0/node_modules/puppeteer-core/lib/esm/puppeteer/api/Page.js:567:20)
    at <anonymous> (/Users/grins/git/warcraft/wow-bis/scripts/process-quest-levels.ts:191:24)
    at fetchQuestRequiredLevel (/Users/grins/git/warcraft/wow-bis/scripts/process-quest-levels.ts:182:33)
    at <anonymous> (/Users/grins/git/warcraft/wow-bis/scripts/process-quest-levels.ts:386:42)
    at processTicksAndRejections (native:7:39)
Full Error: {}
---
[2025-11-03T08:37:57.144Z] ERROR: Error fetching quest 8710 (attempt 2)
Message: Attempted to use detached Frame '03DAD367655A18147D7AE5A08EAEAA20'.
Stack: Error: Attempted to use detached Frame '03DAD367655A18147D7AE5A08EAEAA20'.
    at <anonymous> (/Users/grins/git/warcraft/wow-bis/node_modules/.pnpm/puppeteer-core@24.25.0/node_modules/puppeteer-core/lib/esm/puppeteer/util/decorators.js:99:27)
    at <anonymous> (/Users/grins/git/warcraft/wow-bis/node_modules/.pnpm/puppeteer-core@24.25.0/node_modules/puppeteer-core/lib/esm/puppeteer/api/Page.js:568:43)
    at goto (/Users/grins/git/warcraft/wow-bis/node_modules/.pnpm/puppeteer-core@24.25.0/node_modules/puppeteer-core/lib/esm/puppeteer/api/Page.js:567:20)
    at <anonymous> (/Users/grins/git/warcraft/wow-bis/scripts/process-quest-levels.ts:191:24)
    at fetchQuestRequiredLevel (/Users/grins/git/warcraft/wow-bis/scripts/process-quest-levels.ts:182:33)
    at processTicksAndRejections (native:7:39)
Full Error: {}
---
[2025-11-03T08:38:04.148Z] ERROR: Error fetching quest 8710 (attempt 3)
Message: Attempted to use detached Frame '03DAD367655A18147D7AE5A08EAEAA20'.
Stack: Error: Attempted to use detached Frame '03DAD367655A18147D7AE5A08EAEAA20'.
    at <anonymous> (/Users/grins/git/warcraft/wow-bis/node_modules/.pnpm/puppeteer-core@24.25.0/node_modules/puppeteer-core/lib/esm/puppeteer/util/decorators.js:99:27)
    at <anonymous> (/Users/grins/git/warcraft/wow-bis/node_modules/.pnpm/puppeteer-core@24.25.0/node_modules/puppeteer-core/lib/esm/puppeteer/api/Page.js:568:43)
    at goto (/Users/grins/git/warcraft/wow-bis/node_modules/.pnpm/puppeteer-core@24.25.0/node_modules/puppeteer-core/lib/esm/puppeteer/api/Page.js:567:20)
    at <anonymous> (/Users/grins/git/warcraft/wow-bis/scripts/process-quest-levels.ts:191:24)
    at fetchQuestRequiredLevel (/Users/grins/git/warcraft/wow-bis/scripts/process-quest-levels.ts:182:33)
    at processTicksAndRejections (native:7:39)
Full Error: {}
---
[2025-11-03T08:38:13.151Z] ERROR: Error fetching quest 8710 (attempt 4)
Message: Attempted to use detached Frame '03DAD367655A18147D7AE5A08EAEAA20'.
Stack: Error: Attempted to use detached Frame '03DAD367655A18147D7AE5A08EAEAA20'.
    at <anonymous> (/Users/grins/git/warcraft/wow-bis/node_modules/.pnpm/puppeteer-core@24.25.0/node_modules/puppeteer-core/lib/esm/puppeteer/util/decorators.js:99:27)
    at <anonymous> (/Users/grins/git/warcraft/wow-bis/node_modules/.pnpm/puppeteer-core@24.25.0/node_modules/puppeteer-core/lib/esm/puppeteer/api/Page.js:568:43)
    at goto (/Users/grins/git/warcraft/wow-bis/node_modules/.pnpm/puppeteer-core@24.25.0/node_modules/puppeteer-core/lib/esm/puppeteer/api/Page.js:567:20)
    at <anonymous> (/Users/grins/git/warcraft/wow-bis/scripts/process-quest-levels.ts:191:24)
    at fetchQuestRequiredLevel (/Users/grins/git/warcraft/wow-bis/scripts/process-quest-levels.ts:182:33)
    at processTicksAndRejections (native:7:39)
Full Error: {}
---
[2025-11-03T08:38:19.162Z] ERROR: Error fetching quest 7488 (attempt 1)
Message: Attempted to use detached Frame '03DAD367655A18147D7AE5A08EAEAA20'.
Stack: Error: Attempted to use detached Frame '03DAD367655A18147D7AE5A08EAEAA20'.
    at <anonymous> (/Users/grins/git/warcraft/wow-bis/node_modules/.pnpm/puppeteer-core@24.25.0/node_modules/puppeteer-core/lib/esm/puppeteer/util/decorators.js:99:27)
    at <anonymous> (/Users/grins/git/warcraft/wow-bis/node_modules/.pnpm/puppeteer-core@24.25.0/node_modules/puppeteer-core/lib/esm/puppeteer/api/Page.js:568:43)
    at goto (/Users/grins/git/warcraft/wow-bis/node_modules/.pnpm/puppeteer-core@24.25.0/node_modules/puppeteer-core/lib/esm/puppeteer/api/Page.js:567:20)
    at <anonymous> (/Users/grins/git/warcraft/wow-bis/scripts/process-quest-levels.ts:191:24)
    at fetchQuestRequiredLevel (/Users/grins/git/warcraft/wow-bis/scripts/process-quest-levels.ts:182:33)
    at <anonymous> (/Users/grins/git/warcraft/wow-bis/scripts/process-quest-levels.ts:386:42)
    at processTicksAndRejections (native:7:39)
Full Error: {}
---
[2025-11-03T08:38:24.164Z] ERROR: Error fetching quest 7488 (attempt 2)
Message: Attempted to use detached Frame '03DAD367655A18147D7AE5A08EAEAA20'.
Stack: Error: Attempted to use detached Frame '03DAD367655A18147D7AE5A08EAEAA20'.
    at <anonymous> (/Users/grins/git/warcraft/wow-bis/node_modules/.pnpm/puppeteer-core@24.25.0/node_modules/puppeteer-core/lib/esm/puppeteer/util/decorators.js:99:27)
    at <anonymous> (/Users/grins/git/warcraft/wow-bis/node_modules/.pnpm/puppeteer-core@24.25.0/node_modules/puppeteer-core/lib/esm/puppeteer/api/Page.js:568:43)
    at goto (/Users/grins/git/warcraft/wow-bis/node_modules/.pnpm/puppeteer-core@24.25.0/node_modules/puppeteer-core/lib/esm/puppeteer/api/Page.js:567:20)
    at <anonymous> (/Users/grins/git/warcraft/wow-bis/scripts/process-quest-levels.ts:191:24)
    at fetchQuestRequiredLevel (/Users/grins/git/warcraft/wow-bis/scripts/process-quest-levels.ts:182:33)
    at processTicksAndRejections (native:7:39)
Full Error: {}
---
[2025-11-03T08:38:31.168Z] ERROR: Error fetching quest 7488 (attempt 3)
Message: Attempted to use detached Frame '03DAD367655A18147D7AE5A08EAEAA20'.
Stack: Error: Attempted to use detached Frame '03DAD367655A18147D7AE5A08EAEAA20'.
    at <anonymous> (/Users/grins/git/warcraft/wow-bis/node_modules/.pnpm/puppeteer-core@24.25.0/node_modules/puppeteer-core/lib/esm/puppeteer/util/decorators.js:99:27)
    at <anonymous> (/Users/grins/git/warcraft/wow-bis/node_modules/.pnpm/puppeteer-core@24.25.0/node_modules/puppeteer-core/lib/esm/puppeteer/api/Page.js:568:43)
    at goto (/Users/grins/git/warcraft/wow-bis/node_modules/.pnpm/puppeteer-core@24.25.0/node_modules/puppeteer-core/lib/esm/puppeteer/api/Page.js:567:20)
    at <anonymous> (/Users/grins/git/warcraft/wow-bis/scripts/process-quest-levels.ts:191:24)
    at fetchQuestRequiredLevel (/Users/grins/git/warcraft/wow-bis/scripts/process-quest-levels.ts:182:33)
    at processTicksAndRejections (native:7:39)
Full Error: {}
---
[2025-11-03T08:38:40.170Z] ERROR: Error fetching quest 7488 (attempt 4)
Message: Attempted to use detached Frame '03DAD367655A18147D7AE5A08EAEAA20'.
Stack: Error: Attempted to use detached Frame '03DAD367655A18147D7AE5A08EAEAA20'.
    at <anonymous> (/Users/grins/git/warcraft/wow-bis/node_modules/.pnpm/puppeteer-core@24.25.0/node_modules/puppeteer-core/lib/esm/puppeteer/util/decorators.js:99:27)
    at <anonymous> (/Users/grins/git/warcraft/wow-bis/node_modules/.pnpm/puppeteer-core@24.25.0/node_modules/puppeteer-core/lib/esm/puppeteer/api/Page.js:568:43)
    at goto (/Users/grins/git/warcraft/wow-bis/node_modules/.pnpm/puppeteer-core@24.25.0/node_modules/puppeteer-core/lib/esm/puppeteer/api/Page.js:567:20)
    at <anonymous> (/Users/grins/git/warcraft/wow-bis/scripts/process-quest-levels.ts:191:24)
    at fetchQuestRequiredLevel (/Users/grins/git/warcraft/wow-bis/scripts/process-quest-levels.ts:182:33)
    at processTicksAndRejections (native:7:39)
Full Error: {}
---
[2025-11-03T08:38:42.174Z] ERROR: Error fetching quest 7489 (attempt 1)
Message: Attempted to use detached Frame '03DAD367655A18147D7AE5A08EAEAA20'.
Stack: Error: Attempted to use detached Frame '03DAD367655A18147D7AE5A08EAEAA20'.
    at <anonymous> (/Users/grins/git/warcraft/wow-bis/node_modules/.pnpm/puppeteer-core@24.25.0/node_modules/puppeteer-core/lib/esm/puppeteer/util/decorators.js:99:27)
    at <anonymous> (/Users/grins/git/warcraft/wow-bis/node_modules/.pnpm/puppeteer-core@24.25.0/node_modules/puppeteer-core/lib/esm/puppeteer/api/Page.js:568:43)
    at goto (/Users/grins/git/warcraft/wow-bis/node_modules/.pnpm/puppeteer-core@24.25.0/node_modules/puppeteer-core/lib/esm/puppeteer/api/Page.js:567:20)
    at <anonymous> (/Users/grins/git/warcraft/wow-bis/scripts/process-quest-levels.ts:191:24)
    at fetchQuestRequiredLevel (/Users/grins/git/warcraft/wow-bis/scripts/process-quest-levels.ts:182:33)
    at <anonymous> (/Users/grins/git/warcraft/wow-bis/scripts/process-quest-levels.ts:386:42)
    at processTicksAndRejections (native:7:39)
Full Error: {}
---
[2025-11-03T08:38:47.177Z] ERROR: Error fetching quest 7489 (attempt 2)
Message: Attempted to use detached Frame '03DAD367655A18147D7AE5A08EAEAA20'.
Stack: Error: Attempted to use detached Frame '03DAD367655A18147D7AE5A08EAEAA20'.
    at <anonymous> (/Users/grins/git/warcraft/wow-bis/node_modules/.pnpm/puppeteer-core@24.25.0/node_modules/puppeteer-core/lib/esm/puppeteer/util/decorators.js:99:27)
    at <anonymous> (/Users/grins/git/warcraft/wow-bis/node_modules/.pnpm/puppeteer-core@24.25.0/node_modules/puppeteer-core/lib/esm/puppeteer/api/Page.js:568:43)
    at goto (/Users/grins/git/warcraft/wow-bis/node_modules/.pnpm/puppeteer-core@24.25.0/node_modules/puppeteer-core/lib/esm/puppeteer/api/Page.js:567:20)
    at <anonymous> (/Users/grins/git/warcraft/wow-bis/scripts/process-quest-levels.ts:191:24)
    at fetchQuestRequiredLevel (/Users/grins/git/warcraft/wow-bis/scripts/process-quest-levels.ts:182:33)
    at processTicksAndRejections (native:7:39)
Full Error: {}
---
[2025-11-03T08:38:54.179Z] ERROR: Error fetching quest 7489 (attempt 3)
Message: Attempted to use detached Frame '03DAD367655A18147D7AE5A08EAEAA20'.
Stack: Error: Attempted to use detached Frame '03DAD367655A18147D7AE5A08EAEAA20'.
    at <anonymous> (/Users/grins/git/warcraft/wow-bis/node_modules/.pnpm/puppeteer-core@24.25.0/node_modules/puppeteer-core/lib/esm/puppeteer/util/decorators.js:99:27)
    at <anonymous> (/Users/grins/git/warcraft/wow-bis/node_modules/.pnpm/puppeteer-core@24.25.0/node_modules/puppeteer-core/lib/esm/puppeteer/api/Page.js:568:43)
    at goto (/Users/grins/git/warcraft/wow-bis/node_modules/.pnpm/puppeteer-core@24.25.0/node_modules/puppeteer-core/lib/esm/puppeteer/api/Page.js:567:20)
    at <anonymous> (/Users/grins/git/warcraft/wow-bis/scripts/process-quest-levels.ts:191:24)
    at fetchQuestRequiredLevel (/Users/grins/git/warcraft/wow-bis/scripts/process-quest-levels.ts:182:33)
    at processTicksAndRejections (native:7:39)
Full Error: {}
---
[2025-11-03T08:39:03.183Z] ERROR: Error fetching quest 7489 (attempt 4)
Message: Attempted to use detached Frame '03DAD367655A18147D7AE5A08EAEAA20'.
Stack: Error: Attempted to use detached Frame '03DAD367655A18147D7AE5A08EAEAA20'.
    at <anonymous> (/Users/grins/git/warcraft/wow-bis/node_modules/.pnpm/puppeteer-core@24.25.0/node_modules/puppeteer-core/lib/esm/puppeteer/util/decorators.js:99:27)
    at <anonymous> (/Users/grins/git/warcraft/wow-bis/node_modules/.pnpm/puppeteer-core@24.25.0/node_modules/puppeteer-core/lib/esm/puppeteer/api/Page.js:568:43)
    at goto (/Users/grins/git/warcraft/wow-bis/node_modules/.pnpm/puppeteer-core@24.25.0/node_modules/puppeteer-core/lib/esm/puppeteer/api/Page.js:567:20)
    at <anonymous> (/Users/grins/git/warcraft/wow-bis/scripts/process-quest-levels.ts:191:24)
    at fetchQuestRequiredLevel (/Users/grins/git/warcraft/wow-bis/scripts/process-quest-levels.ts:182:33)
    at processTicksAndRejections (native:7:39)
Full Error: {}
---
[2025-11-03T08:39:07.192Z] ERROR: Error fetching quest 41787 (attempt 1)
Message: Attempted to use detached Frame '03DAD367655A18147D7AE5A08EAEAA20'.
Stack: Error: Attempted to use detached Frame '03DAD367655A18147D7AE5A08EAEAA20'.
    at <anonymous> (/Users/grins/git/warcraft/wow-bis/node_modules/.pnpm/puppeteer-core@24.25.0/node_modules/puppeteer-core/lib/esm/puppeteer/util/decorators.js:99:27)
    at <anonymous> (/Users/grins/git/warcraft/wow-bis/node_modules/.pnpm/puppeteer-core@24.25.0/node_modules/puppeteer-core/lib/esm/puppeteer/api/Page.js:568:43)
    at goto (/Users/grins/git/warcraft/wow-bis/node_modules/.pnpm/puppeteer-core@24.25.0/node_modules/puppeteer-core/lib/esm/puppeteer/api/Page.js:567:20)
    at <anonymous> (/Users/grins/git/warcraft/wow-bis/scripts/process-quest-levels.ts:191:24)
    at fetchQuestRequiredLevel (/Users/grins/git/warcraft/wow-bis/scripts/process-quest-levels.ts:182:33)
    at <anonymous> (/Users/grins/git/warcraft/wow-bis/scripts/process-quest-levels.ts:386:42)
    at processTicksAndRejections (native:7:39)
Full Error: {}
---
[2025-11-03T08:39:12.196Z] ERROR: Error fetching quest 41787 (attempt 2)
Message: Attempted to use detached Frame '03DAD367655A18147D7AE5A08EAEAA20'.
Stack: Error: Attempted to use detached Frame '03DAD367655A18147D7AE5A08EAEAA20'.
    at <anonymous> (/Users/grins/git/warcraft/wow-bis/node_modules/.pnpm/puppeteer-core@24.25.0/node_modules/puppeteer-core/lib/esm/puppeteer/util/decorators.js:99:27)
    at <anonymous> (/Users/grins/git/warcraft/wow-bis/node_modules/.pnpm/puppeteer-core@24.25.0/node_modules/puppeteer-core/lib/esm/puppeteer/api/Page.js:568:43)
    at goto (/Users/grins/git/warcraft/wow-bis/node_modules/.pnpm/puppeteer-core@24.25.0/node_modules/puppeteer-core/lib/esm/puppeteer/api/Page.js:567:20)
    at <anonymous> (/Users/grins/git/warcraft/wow-bis/scripts/process-quest-levels.ts:191:24)
    at fetchQuestRequiredLevel (/Users/grins/git/warcraft/wow-bis/scripts/process-quest-levels.ts:182:33)
    at processTicksAndRejections (native:7:39)
Full Error: {}
---
[2025-11-03T08:39:19.199Z] ERROR: Error fetching quest 41787 (attempt 3)
Message: Attempted to use detached Frame '03DAD367655A18147D7AE5A08EAEAA20'.
Stack: Error: Attempted to use detached Frame '03DAD367655A18147D7AE5A08EAEAA20'.
    at <anonymous> (/Users/grins/git/warcraft/wow-bis/node_modules/.pnpm/puppeteer-core@24.25.0/node_modules/puppeteer-core/lib/esm/puppeteer/util/decorators.js:99:27)
    at <anonymous> (/Users/grins/git/warcraft/wow-bis/node_modules/.pnpm/puppeteer-core@24.25.0/node_modules/puppeteer-core/lib/esm/puppeteer/api/Page.js:568:43)
    at goto (/Users/grins/git/warcraft/wow-bis/node_modules/.pnpm/puppeteer-core@24.25.0/node_modules/puppeteer-core/lib/esm/puppeteer/api/Page.js:567:20)
    at <anonymous> (/Users/grins/git/warcraft/wow-bis/scripts/process-quest-levels.ts:191:24)
    at fetchQuestRequiredLevel (/Users/grins/git/warcraft/wow-bis/scripts/process-quest-levels.ts:182:33)
    at processTicksAndRejections (native:7:39)
Full Error: {}
---
[2025-11-03T08:39:28.203Z] ERROR: Error fetching quest 41787 (attempt 4)
Message: Attempted to use detached Frame '03DAD367655A18147D7AE5A08EAEAA20'.
Stack: Error: Attempted to use detached Frame '03DAD367655A18147D7AE5A08EAEAA20'.
    at <anonymous> (/Users/grins/git/warcraft/wow-bis/node_modules/.pnpm/puppeteer-core@24.25.0/node_modules/puppeteer-core/lib/esm/puppeteer/util/decorators.js:99:27)
    at <anonymous> (/Users/grins/git/warcraft/wow-bis/node_modules/.pnpm/puppeteer-core@24.25.0/node_modules/puppeteer-core/lib/esm/puppeteer/api/Page.js:568:43)
    at goto (/Users/grins/git/warcraft/wow-bis/node_modules/.pnpm/puppeteer-core@24.25.0/node_modules/puppeteer-core/lib/esm/puppeteer/api/Page.js:567:20)
    at <anonymous> (/Users/grins/git/warcraft/wow-bis/scripts/process-quest-levels.ts:191:24)
    at fetchQuestRequiredLevel (/Users/grins/git/warcraft/wow-bis/scripts/process-quest-levels.ts:182:33)
    at processTicksAndRejections (native:7:39)
Full Error: {}
---
[2025-11-03T08:39:40.228Z] ERROR: Error fetching quest 40659 (attempt 1)
Message: Attempted to use detached Frame '03DAD367655A18147D7AE5A08EAEAA20'.
Stack: Error: Attempted to use detached Frame '03DAD367655A18147D7AE5A08EAEAA20'.
    at <anonymous> (/Users/grins/git/warcraft/wow-bis/node_modules/.pnpm/puppeteer-core@24.25.0/node_modules/puppeteer-core/lib/esm/puppeteer/util/decorators.js:99:27)
    at <anonymous> (/Users/grins/git/warcraft/wow-bis/node_modules/.pnpm/puppeteer-core@24.25.0/node_modules/puppeteer-core/lib/esm/puppeteer/api/Page.js:568:43)
    at goto (/Users/grins/git/warcraft/wow-bis/node_modules/.pnpm/puppeteer-core@24.25.0/node_modules/puppeteer-core/lib/esm/puppeteer/api/Page.js:567:20)
    at <anonymous> (/Users/grins/git/warcraft/wow-bis/scripts/process-quest-levels.ts:191:24)
    at fetchQuestRequiredLevel (/Users/grins/git/warcraft/wow-bis/scripts/process-quest-levels.ts:182:33)
    at <anonymous> (/Users/grins/git/warcraft/wow-bis/scripts/process-quest-levels.ts:386:42)
    at processTicksAndRejections (native:7:39)
Full Error: {}
---
[2025-11-03T08:39:45.232Z] ERROR: Error fetching quest 40659 (attempt 2)
Message: Attempted to use detached Frame '03DAD367655A18147D7AE5A08EAEAA20'.
Stack: Error: Attempted to use detached Frame '03DAD367655A18147D7AE5A08EAEAA20'.
    at <anonymous> (/Users/grins/git/warcraft/wow-bis/node_modules/.pnpm/puppeteer-core@24.25.0/node_modules/puppeteer-core/lib/esm/puppeteer/util/decorators.js:99:27)
    at <anonymous> (/Users/grins/git/warcraft/wow-bis/node_modules/.pnpm/puppeteer-core@24.25.0/node_modules/puppeteer-core/lib/esm/puppeteer/api/Page.js:568:43)
    at goto (/Users/grins/git/warcraft/wow-bis/node_modules/.pnpm/puppeteer-core@24.25.0/node_modules/puppeteer-core/lib/esm/puppeteer/api/Page.js:567:20)
    at <anonymous> (/Users/grins/git/warcraft/wow-bis/scripts/process-quest-levels.ts:191:24)
    at fetchQuestRequiredLevel (/Users/grins/git/warcraft/wow-bis/scripts/process-quest-levels.ts:182:33)
    at processTicksAndRejections (native:7:39)
Full Error: {}
---
[2025-11-03T08:39:52.235Z] ERROR: Error fetching quest 40659 (attempt 3)
Message: Attempted to use detached Frame '03DAD367655A18147D7AE5A08EAEAA20'.
Stack: Error: Attempted to use detached Frame '03DAD367655A18147D7AE5A08EAEAA20'.
    at <anonymous> (/Users/grins/git/warcraft/wow-bis/node_modules/.pnpm/puppeteer-core@24.25.0/node_modules/puppeteer-core/lib/esm/puppeteer/util/decorators.js:99:27)
    at <anonymous> (/Users/grins/git/warcraft/wow-bis/node_modules/.pnpm/puppeteer-core@24.25.0/node_modules/puppeteer-core/lib/esm/puppeteer/api/Page.js:568:43)
    at goto (/Users/grins/git/warcraft/wow-bis/node_modules/.pnpm/puppeteer-core@24.25.0/node_modules/puppeteer-core/lib/esm/puppeteer/api/Page.js:567:20)
    at <anonymous> (/Users/grins/git/warcraft/wow-bis/scripts/process-quest-levels.ts:191:24)
    at fetchQuestRequiredLevel (/Users/grins/git/warcraft/wow-bis/scripts/process-quest-levels.ts:182:33)
    at processTicksAndRejections (native:7:39)
Full Error: {}
---
[2025-11-03T08:54:51.013Z] ERROR: Error fetching quest 40659 (attempt 4)
Message: Attempted to use detached Frame '03DAD367655A18147D7AE5A08EAEAA20'.
Stack: Error: Attempted to use detached Frame '03DAD367655A18147D7AE5A08EAEAA20'.
    at <anonymous> (/Users/grins/git/warcraft/wow-bis/node_modules/.pnpm/puppeteer-core@24.25.0/node_modules/puppeteer-core/lib/esm/puppeteer/util/decorators.js:99:27)
    at <anonymous> (/Users/grins/git/warcraft/wow-bis/node_modules/.pnpm/puppeteer-core@24.25.0/node_modules/puppeteer-core/lib/esm/puppeteer/api/Page.js:568:43)
    at goto (/Users/grins/git/warcraft/wow-bis/node_modules/.pnpm/puppeteer-core@24.25.0/node_modules/puppeteer-core/lib/esm/puppeteer/api/Page.js:567:20)
    at <anonymous> (/Users/grins/git/warcraft/wow-bis/scripts/process-quest-levels.ts:191:24)
    at fetchQuestRequiredLevel (/Users/grins/git/warcraft/wow-bis/scripts/process-quest-levels.ts:182:33)
    at processTicksAndRejections (native:7:39)
Full Error: {}
---
[2025-11-03T08:54:53.015Z] ERROR: Error fetching quest 417 (attempt 1)
Message: Attempted to use detached Frame '03DAD367655A18147D7AE5A08EAEAA20'.
Stack: Error: Attempted to use detached Frame '03DAD367655A18147D7AE5A08EAEAA20'.
    at <anonymous> (/Users/grins/git/warcraft/wow-bis/node_modules/.pnpm/puppeteer-core@24.25.0/node_modules/puppeteer-core/lib/esm/puppeteer/util/decorators.js:99:27)
    at <anonymous> (/Users/grins/git/warcraft/wow-bis/node_modules/.pnpm/puppeteer-core@24.25.0/node_modules/puppeteer-core/lib/esm/puppeteer/api/Page.js:568:43)
    at goto (/Users/grins/git/warcraft/wow-bis/node_modules/.pnpm/puppeteer-core@24.25.0/node_modules/puppeteer-core/lib/esm/puppeteer/api/Page.js:567:20)
    at <anonymous> (/Users/grins/git/warcraft/wow-bis/scripts/process-quest-levels.ts:191:24)
    at fetchQuestRequiredLevel (/Users/grins/git/warcraft/wow-bis/scripts/process-quest-levels.ts:182:33)
    at <anonymous> (/Users/grins/git/warcraft/wow-bis/scripts/process-quest-levels.ts:386:42)
    at processTicksAndRejections (native:7:39)
Full Error: {}
---
[2025-11-03T08:54:58.016Z] ERROR: Error fetching quest 417 (attempt 2)
Message: Attempted to use detached Frame '03DAD367655A18147D7AE5A08EAEAA20'.
Stack: Error: Attempted to use detached Frame '03DAD367655A18147D7AE5A08EAEAA20'.
    at <anonymous> (/Users/grins/git/warcraft/wow-bis/node_modules/.pnpm/puppeteer-core@24.25.0/node_modules/puppeteer-core/lib/esm/puppeteer/util/decorators.js:99:27)
    at <anonymous> (/Users/grins/git/warcraft/wow-bis/node_modules/.pnpm/puppeteer-core@24.25.0/node_modules/puppeteer-core/lib/esm/puppeteer/api/Page.js:568:43)
    at goto (/Users/grins/git/warcraft/wow-bis/node_modules/.pnpm/puppeteer-core@24.25.0/node_modules/puppeteer-core/lib/esm/puppeteer/api/Page.js:567:20)
    at <anonymous> (/Users/grins/git/warcraft/wow-bis/scripts/process-quest-levels.ts:191:24)
    at fetchQuestRequiredLevel (/Users/grins/git/warcraft/wow-bis/scripts/process-quest-levels.ts:182:33)
    at processTicksAndRejections (native:7:39)
Full Error: {}
---
[2025-11-03T08:55:05.019Z] ERROR: Error fetching quest 417 (attempt 3)
Message: Attempted to use detached Frame '03DAD367655A18147D7AE5A08EAEAA20'.
Stack: Error: Attempted to use detached Frame '03DAD367655A18147D7AE5A08EAEAA20'.
    at <anonymous> (/Users/grins/git/warcraft/wow-bis/node_modules/.pnpm/puppeteer-core@24.25.0/node_modules/puppeteer-core/lib/esm/puppeteer/util/decorators.js:99:27)
    at <anonymous> (/Users/grins/git/warcraft/wow-bis/node_modules/.pnpm/puppeteer-core@24.25.0/node_modules/puppeteer-core/lib/esm/puppeteer/api/Page.js:568:43)
    at goto (/Users/grins/git/warcraft/wow-bis/node_modules/.pnpm/puppeteer-core@24.25.0/node_modules/puppeteer-core/lib/esm/puppeteer/api/Page.js:567:20)
    at <anonymous> (/Users/grins/git/warcraft/wow-bis/scripts/process-quest-levels.ts:191:24)
    at fetchQuestRequiredLevel (/Users/grins/git/warcraft/wow-bis/scripts/process-quest-levels.ts:182:33)
    at processTicksAndRejections (native:7:39)
Full Error: {}
---
[2025-11-03T08:55:14.021Z] ERROR: Error fetching quest 417 (attempt 4)
Message: Attempted to use detached Frame '03DAD367655A18147D7AE5A08EAEAA20'.
Stack: Error: Attempted to use detached Frame '03DAD367655A18147D7AE5A08EAEAA20'.
    at <anonymous> (/Users/grins/git/warcraft/wow-bis/node_modules/.pnpm/puppeteer-core@24.25.0/node_modules/puppeteer-core/lib/esm/puppeteer/util/decorators.js:99:27)
    at <anonymous> (/Users/grins/git/warcraft/wow-bis/node_modules/.pnpm/puppeteer-core@24.25.0/node_modules/puppeteer-core/lib/esm/puppeteer/api/Page.js:568:43)
    at goto (/Users/grins/git/warcraft/wow-bis/node_modules/.pnpm/puppeteer-core@24.25.0/node_modules/puppeteer-core/lib/esm/puppeteer/api/Page.js:567:20)
    at <anonymous> (/Users/grins/git/warcraft/wow-bis/scripts/process-quest-levels.ts:191:24)
    at fetchQuestRequiredLevel (/Users/grins/git/warcraft/wow-bis/scripts/process-quest-levels.ts:182:33)
    at processTicksAndRejections (native:7:39)
Full Error: {}
---
[2025-11-03T08:55:16.024Z] ERROR: Error fetching quest 60034 (attempt 1)
Message: Attempted to use detached Frame '03DAD367655A18147D7AE5A08EAEAA20'.
Stack: Error: Attempted to use detached Frame '03DAD367655A18147D7AE5A08EAEAA20'.
    at <anonymous> (/Users/grins/git/warcraft/wow-bis/node_modules/.pnpm/puppeteer-core@24.25.0/node_modules/puppeteer-core/lib/esm/puppeteer/util/decorators.js:99:27)
    at <anonymous> (/Users/grins/git/warcraft/wow-bis/node_modules/.pnpm/puppeteer-core@24.25.0/node_modules/puppeteer-core/lib/esm/puppeteer/api/Page.js:568:43)
    at goto (/Users/grins/git/warcraft/wow-bis/node_modules/.pnpm/puppeteer-core@24.25.0/node_modules/puppeteer-core/lib/esm/puppeteer/api/Page.js:567:20)
    at <anonymous> (/Users/grins/git/warcraft/wow-bis/scripts/process-quest-levels.ts:191:24)
    at fetchQuestRequiredLevel (/Users/grins/git/warcraft/wow-bis/scripts/process-quest-levels.ts:182:33)
    at <anonymous> (/Users/grins/git/warcraft/wow-bis/scripts/process-quest-levels.ts:386:42)
    at processTicksAndRejections (native:7:39)
Full Error: {}
---
[2025-11-03T08:55:21.027Z] ERROR: Error fetching quest 60034 (attempt 2)
Message: Attempted to use detached Frame '03DAD367655A18147D7AE5A08EAEAA20'.
Stack: Error: Attempted to use detached Frame '03DAD367655A18147D7AE5A08EAEAA20'.
    at <anonymous> (/Users/grins/git/warcraft/wow-bis/node_modules/.pnpm/puppeteer-core@24.25.0/node_modules/puppeteer-core/lib/esm/puppeteer/util/decorators.js:99:27)
    at <anonymous> (/Users/grins/git/warcraft/wow-bis/node_modules/.pnpm/puppeteer-core@24.25.0/node_modules/puppeteer-core/lib/esm/puppeteer/api/Page.js:568:43)
    at goto (/Users/grins/git/warcraft/wow-bis/node_modules/.pnpm/puppeteer-core@24.25.0/node_modules/puppeteer-core/lib/esm/puppeteer/api/Page.js:567:20)
    at <anonymous> (/Users/grins/git/warcraft/wow-bis/scripts/process-quest-levels.ts:191:24)
    at fetchQuestRequiredLevel (/Users/grins/git/warcraft/wow-bis/scripts/process-quest-levels.ts:182:33)
    at processTicksAndRejections (native:7:39)
Full Error: {}
---
[2025-11-03T08:55:28.031Z] ERROR: Error fetching quest 60034 (attempt 3)
Message: Attempted to use detached Frame '03DAD367655A18147D7AE5A08EAEAA20'.
Stack: Error: Attempted to use detached Frame '03DAD367655A18147D7AE5A08EAEAA20'.
    at <anonymous> (/Users/grins/git/warcraft/wow-bis/node_modules/.pnpm/puppeteer-core@24.25.0/node_modules/puppeteer-core/lib/esm/puppeteer/util/decorators.js:99:27)
    at <anonymous> (/Users/grins/git/warcraft/wow-bis/node_modules/.pnpm/puppeteer-core@24.25.0/node_modules/puppeteer-core/lib/esm/puppeteer/api/Page.js:568:43)
    at goto (/Users/grins/git/warcraft/wow-bis/node_modules/.pnpm/puppeteer-core@24.25.0/node_modules/puppeteer-core/lib/esm/puppeteer/api/Page.js:567:20)
    at <anonymous> (/Users/grins/git/warcraft/wow-bis/scripts/process-quest-levels.ts:191:24)
    at fetchQuestRequiredLevel (/Users/grins/git/warcraft/wow-bis/scripts/process-quest-levels.ts:182:33)
    at processTicksAndRejections (native:7:39)
Full Error: {}
---
[2025-11-03T08:55:37.035Z] ERROR: Error fetching quest 60034 (attempt 4)
Message: Attempted to use detached Frame '03DAD367655A18147D7AE5A08EAEAA20'.
Stack: Error: Attempted to use detached Frame '03DAD367655A18147D7AE5A08EAEAA20'.
    at <anonymous> (/Users/grins/git/warcraft/wow-bis/node_modules/.pnpm/puppeteer-core@24.25.0/node_modules/puppeteer-core/lib/esm/puppeteer/util/decorators.js:99:27)
    at <anonymous> (/Users/grins/git/warcraft/wow-bis/node_modules/.pnpm/puppeteer-core@24.25.0/node_modules/puppeteer-core/lib/esm/puppeteer/api/Page.js:568:43)
    at goto (/Users/grins/git/warcraft/wow-bis/node_modules/.pnpm/puppeteer-core@24.25.0/node_modules/puppeteer-core/lib/esm/puppeteer/api/Page.js:567:20)
    at <anonymous> (/Users/grins/git/warcraft/wow-bis/scripts/process-quest-levels.ts:191:24)
    at fetchQuestRequiredLevel (/Users/grins/git/warcraft/wow-bis/scripts/process-quest-levels.ts:182:33)
    at processTicksAndRejections (native:7:39)
Full Error: {}
---
[2025-11-03T08:55:39.040Z] ERROR: Error fetching quest 2242 (attempt 1)
Message: Attempted to use detached Frame '03DAD367655A18147D7AE5A08EAEAA20'.
Stack: Error: Attempted to use detached Frame '03DAD367655A18147D7AE5A08EAEAA20'.
    at <anonymous> (/Users/grins/git/warcraft/wow-bis/node_modules/.pnpm/puppeteer-core@24.25.0/node_modules/puppeteer-core/lib/esm/puppeteer/util/decorators.js:99:27)
    at <anonymous> (/Users/grins/git/warcraft/wow-bis/node_modules/.pnpm/puppeteer-core@24.25.0/node_modules/puppeteer-core/lib/esm/puppeteer/api/Page.js:568:43)
    at goto (/Users/grins/git/warcraft/wow-bis/node_modules/.pnpm/puppeteer-core@24.25.0/node_modules/puppeteer-core/lib/esm/puppeteer/api/Page.js:567:20)
    at <anonymous> (/Users/grins/git/warcraft/wow-bis/scripts/process-quest-levels.ts:191:24)
    at fetchQuestRequiredLevel (/Users/grins/git/warcraft/wow-bis/scripts/process-quest-levels.ts:182:33)
    at <anonymous> (/Users/grins/git/warcraft/wow-bis/scripts/process-quest-levels.ts:386:42)
    at processTicksAndRejections (native:7:39)
Full Error: {}
---
[2025-11-03T08:55:44.044Z] ERROR: Error fetching quest 2242 (attempt 2)
Message: Attempted to use detached Frame '03DAD367655A18147D7AE5A08EAEAA20'.
Stack: Error: Attempted to use detached Frame '03DAD367655A18147D7AE5A08EAEAA20'.
    at <anonymous> (/Users/grins/git/warcraft/wow-bis/node_modules/.pnpm/puppeteer-core@24.25.0/node_modules/puppeteer-core/lib/esm/puppeteer/util/decorators.js:99:27)
    at <anonymous> (/Users/grins/git/warcraft/wow-bis/node_modules/.pnpm/puppeteer-core@24.25.0/node_modules/puppeteer-core/lib/esm/puppeteer/api/Page.js:568:43)
    at goto (/Users/grins/git/warcraft/wow-bis/node_modules/.pnpm/puppeteer-core@24.25.0/node_modules/puppeteer-core/lib/esm/puppeteer/api/Page.js:567:20)
    at <anonymous> (/Users/grins/git/warcraft/wow-bis/scripts/process-quest-levels.ts:191:24)
    at fetchQuestRequiredLevel (/Users/grins/git/warcraft/wow-bis/scripts/process-quest-levels.ts:182:33)
    at processTicksAndRejections (native:7:39)
Full Error: {}
---
[2025-11-03T08:55:51.048Z] ERROR: Error fetching quest 2242 (attempt 3)
Message: Attempted to use detached Frame '03DAD367655A18147D7AE5A08EAEAA20'.
Stack: Error: Attempted to use detached Frame '03DAD367655A18147D7AE5A08EAEAA20'.
    at <anonymous> (/Users/grins/git/warcraft/wow-bis/node_modules/.pnpm/puppeteer-core@24.25.0/node_modules/puppeteer-core/lib/esm/puppeteer/util/decorators.js:99:27)
    at <anonymous> (/Users/grins/git/warcraft/wow-bis/node_modules/.pnpm/puppeteer-core@24.25.0/node_modules/puppeteer-core/lib/esm/puppeteer/api/Page.js:568:43)
    at goto (/Users/grins/git/warcraft/wow-bis/node_modules/.pnpm/puppeteer-core@24.25.0/node_modules/puppeteer-core/lib/esm/puppeteer/api/Page.js:567:20)
    at <anonymous> (/Users/grins/git/warcraft/wow-bis/scripts/process-quest-levels.ts:191:24)
    at fetchQuestRequiredLevel (/Users/grins/git/warcraft/wow-bis/scripts/process-quest-levels.ts:182:33)
    at processTicksAndRejections (native:7:39)
Full Error: {}
---
[2025-11-03T08:56:00.051Z] ERROR: Error fetching quest 2242 (attempt 4)
Message: Attempted to use detached Frame '03DAD367655A18147D7AE5A08EAEAA20'.
Stack: Error: Attempted to use detached Frame '03DAD367655A18147D7AE5A08EAEAA20'.
    at <anonymous> (/Users/grins/git/warcraft/wow-bis/node_modules/.pnpm/puppeteer-core@24.25.0/node_modules/puppeteer-core/lib/esm/puppeteer/util/decorators.js:99:27)
    at <anonymous> (/Users/grins/git/warcraft/wow-bis/node_modules/.pnpm/puppeteer-core@24.25.0/node_modules/puppeteer-core/lib/esm/puppeteer/api/Page.js:568:43)
    at goto (/Users/grins/git/warcraft/wow-bis/node_modules/.pnpm/puppeteer-core@24.25.0/node_modules/puppeteer-core/lib/esm/puppeteer/api/Page.js:567:20)
    at <anonymous> (/Users/grins/git/warcraft/wow-bis/scripts/process-quest-levels.ts:191:24)
    at fetchQuestRequiredLevel (/Users/grins/git/warcraft/wow-bis/scripts/process-quest-levels.ts:182:33)
    at processTicksAndRejections (native:7:39)
Full Error: {}
---
[2025-11-03T08:56:02.054Z] ERROR: Error fetching quest 41262 (attempt 1)
Message: Attempted to use detached Frame '03DAD367655A18147D7AE5A08EAEAA20'.
Stack: Error: Attempted to use detached Frame '03DAD367655A18147D7AE5A08EAEAA20'.
    at <anonymous> (/Users/grins/git/warcraft/wow-bis/node_modules/.pnpm/puppeteer-core@24.25.0/node_modules/puppeteer-core/lib/esm/puppeteer/util/decorators.js:99:27)
    at <anonymous> (/Users/grins/git/warcraft/wow-bis/node_modules/.pnpm/puppeteer-core@24.25.0/node_modules/puppeteer-core/lib/esm/puppeteer/api/Page.js:568:43)
    at goto (/Users/grins/git/warcraft/wow-bis/node_modules/.pnpm/puppeteer-core@24.25.0/node_modules/puppeteer-core/lib/esm/puppeteer/api/Page.js:567:20)
    at <anonymous> (/Users/grins/git/warcraft/wow-bis/scripts/process-quest-levels.ts:191:24)
    at fetchQuestRequiredLevel (/Users/grins/git/warcraft/wow-bis/scripts/process-quest-levels.ts:182:33)
    at <anonymous> (/Users/grins/git/warcraft/wow-bis/scripts/process-quest-levels.ts:386:42)
    at processTicksAndRejections (native:7:39)
Full Error: {}
---
[2025-11-03T08:56:07.057Z] ERROR: Error fetching quest 41262 (attempt 2)
Message: Attempted to use detached Frame '03DAD367655A18147D7AE5A08EAEAA20'.
Stack: Error: Attempted to use detached Frame '03DAD367655A18147D7AE5A08EAEAA20'.
    at <anonymous> (/Users/grins/git/warcraft/wow-bis/node_modules/.pnpm/puppeteer-core@24.25.0/node_modules/puppeteer-core/lib/esm/puppeteer/util/decorators.js:99:27)
    at <anonymous> (/Users/grins/git/warcraft/wow-bis/node_modules/.pnpm/puppeteer-core@24.25.0/node_modules/puppeteer-core/lib/esm/puppeteer/api/Page.js:568:43)
    at goto (/Users/grins/git/warcraft/wow-bis/node_modules/.pnpm/puppeteer-core@24.25.0/node_modules/puppeteer-core/lib/esm/puppeteer/api/Page.js:567:20)
    at <anonymous> (/Users/grins/git/warcraft/wow-bis/scripts/process-quest-levels.ts:191:24)
    at fetchQuestRequiredLevel (/Users/grins/git/warcraft/wow-bis/scripts/process-quest-levels.ts:182:33)
    at processTicksAndRejections (native:7:39)
Full Error: {}
---
[2025-11-03T08:56:14.059Z] ERROR: Error fetching quest 41262 (attempt 3)
Message: Attempted to use detached Frame '03DAD367655A18147D7AE5A08EAEAA20'.
Stack: Error: Attempted to use detached Frame '03DAD367655A18147D7AE5A08EAEAA20'.
    at <anonymous> (/Users/grins/git/warcraft/wow-bis/node_modules/.pnpm/puppeteer-core@24.25.0/node_modules/puppeteer-core/lib/esm/puppeteer/util/decorators.js:99:27)
    at <anonymous> (/Users/grins/git/warcraft/wow-bis/node_modules/.pnpm/puppeteer-core@24.25.0/node_modules/puppeteer-core/lib/esm/puppeteer/api/Page.js:568:43)
    at goto (/Users/grins/git/warcraft/wow-bis/node_modules/.pnpm/puppeteer-core@24.25.0/node_modules/puppeteer-core/lib/esm/puppeteer/api/Page.js:567:20)
    at <anonymous> (/Users/grins/git/warcraft/wow-bis/scripts/process-quest-levels.ts:191:24)
    at fetchQuestRequiredLevel (/Users/grins/git/warcraft/wow-bis/scripts/process-quest-levels.ts:182:33)
    at processTicksAndRejections (native:7:39)
Full Error: {}
---
[2025-11-03T08:56:23.063Z] ERROR: Error fetching quest 41262 (attempt 4)
Message: Attempted to use detached Frame '03DAD367655A18147D7AE5A08EAEAA20'.
Stack: Error: Attempted to use detached Frame '03DAD367655A18147D7AE5A08EAEAA20'.
    at <anonymous> (/Users/grins/git/warcraft/wow-bis/node_modules/.pnpm/puppeteer-core@24.25.0/node_modules/puppeteer-core/lib/esm/puppeteer/util/decorators.js:99:27)
    at <anonymous> (/Users/grins/git/warcraft/wow-bis/node_modules/.pnpm/puppeteer-core@24.25.0/node_modules/puppeteer-core/lib/esm/puppeteer/api/Page.js:568:43)
    at goto (/Users/grins/git/warcraft/wow-bis/node_modules/.pnpm/puppeteer-core@24.25.0/node_modules/puppeteer-core/lib/esm/puppeteer/api/Page.js:567:20)
    at <anonymous> (/Users/grins/git/warcraft/wow-bis/scripts/process-quest-levels.ts:191:24)
    at fetchQuestRequiredLevel (/Users/grins/git/warcraft/wow-bis/scripts/process-quest-levels.ts:182:33)
    at processTicksAndRejections (native:7:39)
Full Error: {}
---
[2025-11-03T08:56:25.067Z] ERROR: Error fetching quest 2239 (attempt 1)
Message: Attempted to use detached Frame '03DAD367655A18147D7AE5A08EAEAA20'.
Stack: Error: Attempted to use detached Frame '03DAD367655A18147D7AE5A08EAEAA20'.
    at <anonymous> (/Users/grins/git/warcraft/wow-bis/node_modules/.pnpm/puppeteer-core@24.25.0/node_modules/puppeteer-core/lib/esm/puppeteer/util/decorators.js:99:27)
    at <anonymous> (/Users/grins/git/warcraft/wow-bis/node_modules/.pnpm/puppeteer-core@24.25.0/node_modules/puppeteer-core/lib/esm/puppeteer/api/Page.js:568:43)
    at goto (/Users/grins/git/warcraft/wow-bis/node_modules/.pnpm/puppeteer-core@24.25.0/node_modules/puppeteer-core/lib/esm/puppeteer/api/Page.js:567:20)
    at <anonymous> (/Users/grins/git/warcraft/wow-bis/scripts/process-quest-levels.ts:191:24)
    at fetchQuestRequiredLevel (/Users/grins/git/warcraft/wow-bis/scripts/process-quest-levels.ts:182:33)
    at <anonymous> (/Users/grins/git/warcraft/wow-bis/scripts/process-quest-levels.ts:386:42)
    at processTicksAndRejections (native:7:39)
Full Error: {}
---
[2025-11-03T08:56:30.071Z] ERROR: Error fetching quest 2239 (attempt 2)
Message: Attempted to use detached Frame '03DAD367655A18147D7AE5A08EAEAA20'.
Stack: Error: Attempted to use detached Frame '03DAD367655A18147D7AE5A08EAEAA20'.
    at <anonymous> (/Users/grins/git/warcraft/wow-bis/node_modules/.pnpm/puppeteer-core@24.25.0/node_modules/puppeteer-core/lib/esm/puppeteer/util/decorators.js:99:27)
    at <anonymous> (/Users/grins/git/warcraft/wow-bis/node_modules/.pnpm/puppeteer-core@24.25.0/node_modules/puppeteer-core/lib/esm/puppeteer/api/Page.js:568:43)
    at goto (/Users/grins/git/warcraft/wow-bis/node_modules/.pnpm/puppeteer-core@24.25.0/node_modules/puppeteer-core/lib/esm/puppeteer/api/Page.js:567:20)
    at <anonymous> (/Users/grins/git/warcraft/wow-bis/scripts/process-quest-levels.ts:191:24)
    at fetchQuestRequiredLevel (/Users/grins/git/warcraft/wow-bis/scripts/process-quest-levels.ts:182:33)
    at processTicksAndRejections (native:7:39)
Full Error: {}
---
[2025-11-03T08:56:37.074Z] ERROR: Error fetching quest 2239 (attempt 3)
Message: Attempted to use detached Frame '03DAD367655A18147D7AE5A08EAEAA20'.
Stack: Error: Attempted to use detached Frame '03DAD367655A18147D7AE5A08EAEAA20'.
    at <anonymous> (/Users/grins/git/warcraft/wow-bis/node_modules/.pnpm/puppeteer-core@24.25.0/node_modules/puppeteer-core/lib/esm/puppeteer/util/decorators.js:99:27)
    at <anonymous> (/Users/grins/git/warcraft/wow-bis/node_modules/.pnpm/puppeteer-core@24.25.0/node_modules/puppeteer-core/lib/esm/puppeteer/api/Page.js:568:43)
    at goto (/Users/grins/git/warcraft/wow-bis/node_modules/.pnpm/puppeteer-core@24.25.0/node_modules/puppeteer-core/lib/esm/puppeteer/api/Page.js:567:20)
    at <anonymous> (/Users/grins/git/warcraft/wow-bis/scripts/process-quest-levels.ts:191:24)
    at fetchQuestRequiredLevel (/Users/grins/git/warcraft/wow-bis/scripts/process-quest-levels.ts:182:33)
    at processTicksAndRejections (native:7:39)
Full Error: {}
---
[2025-11-03T08:56:46.077Z] ERROR: Error fetching quest 2239 (attempt 4)
Message: Attempted to use detached Frame '03DAD367655A18147D7AE5A08EAEAA20'.
Stack: Error: Attempted to use detached Frame '03DAD367655A18147D7AE5A08EAEAA20'.
    at <anonymous> (/Users/grins/git/warcraft/wow-bis/node_modules/.pnpm/puppeteer-core@24.25.0/node_modules/puppeteer-core/lib/esm/puppeteer/util/decorators.js:99:27)
    at <anonymous> (/Users/grins/git/warcraft/wow-bis/node_modules/.pnpm/puppeteer-core@24.25.0/node_modules/puppeteer-core/lib/esm/puppeteer/api/Page.js:568:43)
    at goto (/Users/grins/git/warcraft/wow-bis/node_modules/.pnpm/puppeteer-core@24.25.0/node_modules/puppeteer-core/lib/esm/puppeteer/api/Page.js:567:20)
    at <anonymous> (/Users/grins/git/warcraft/wow-bis/scripts/process-quest-levels.ts:191:24)
    at fetchQuestRequiredLevel (/Users/grins/git/warcraft/wow-bis/scripts/process-quest-levels.ts:182:33)
    at processTicksAndRejections (native:7:39)
Full Error: {}
---
[2025-11-03T08:56:48.081Z] ERROR: Error fetching quest 2206 (attempt 1)
Message: Attempted to use detached Frame '03DAD367655A18147D7AE5A08EAEAA20'.
Stack: Error: Attempted to use detached Frame '03DAD367655A18147D7AE5A08EAEAA20'.
    at <anonymous> (/Users/grins/git/warcraft/wow-bis/node_modules/.pnpm/puppeteer-core@24.25.0/node_modules/puppeteer-core/lib/esm/puppeteer/util/decorators.js:99:27)
    at <anonymous> (/Users/grins/git/warcraft/wow-bis/node_modules/.pnpm/puppeteer-core@24.25.0/node_modules/puppeteer-core/lib/esm/puppeteer/api/Page.js:568:43)
    at goto (/Users/grins/git/warcraft/wow-bis/node_modules/.pnpm/puppeteer-core@24.25.0/node_modules/puppeteer-core/lib/esm/puppeteer/api/Page.js:567:20)
    at <anonymous> (/Users/grins/git/warcraft/wow-bis/scripts/process-quest-levels.ts:191:24)
    at fetchQuestRequiredLevel (/Users/grins/git/warcraft/wow-bis/scripts/process-quest-levels.ts:182:33)
    at <anonymous> (/Users/grins/git/warcraft/wow-bis/scripts/process-quest-levels.ts:386:42)
    at processTicksAndRejections (native:7:39)
Full Error: {}
---
[2025-11-03T08:56:53.082Z] ERROR: Error fetching quest 2206 (attempt 2)
Message: Attempted to use detached Frame '03DAD367655A18147D7AE5A08EAEAA20'.
Stack: Error: Attempted to use detached Frame '03DAD367655A18147D7AE5A08EAEAA20'.
    at <anonymous> (/Users/grins/git/warcraft/wow-bis/node_modules/.pnpm/puppeteer-core@24.25.0/node_modules/puppeteer-core/lib/esm/puppeteer/util/decorators.js:99:27)
    at <anonymous> (/Users/grins/git/warcraft/wow-bis/node_modules/.pnpm/puppeteer-core@24.25.0/node_modules/puppeteer-core/lib/esm/puppeteer/api/Page.js:568:43)
    at goto (/Users/grins/git/warcraft/wow-bis/node_modules/.pnpm/puppeteer-core@24.25.0/node_modules/puppeteer-core/lib/esm/puppeteer/api/Page.js:567:20)
    at <anonymous> (/Users/grins/git/warcraft/wow-bis/scripts/process-quest-levels.ts:191:24)
    at fetchQuestRequiredLevel (/Users/grins/git/warcraft/wow-bis/scripts/process-quest-levels.ts:182:33)
    at processTicksAndRejections (native:7:39)
Full Error: {}
---
[2025-11-03T08:57:00.085Z] ERROR: Error fetching quest 2206 (attempt 3)
Message: Attempted to use detached Frame '03DAD367655A18147D7AE5A08EAEAA20'.
Stack: Error: Attempted to use detached Frame '03DAD367655A18147D7AE5A08EAEAA20'.
    at <anonymous> (/Users/grins/git/warcraft/wow-bis/node_modules/.pnpm/puppeteer-core@24.25.0/node_modules/puppeteer-core/lib/esm/puppeteer/util/decorators.js:99:27)
    at <anonymous> (/Users/grins/git/warcraft/wow-bis/node_modules/.pnpm/puppeteer-core@24.25.0/node_modules/puppeteer-core/lib/esm/puppeteer/api/Page.js:568:43)
    at goto (/Users/grins/git/warcraft/wow-bis/node_modules/.pnpm/puppeteer-core@24.25.0/node_modules/puppeteer-core/lib/esm/puppeteer/api/Page.js:567:20)
    at <anonymous> (/Users/grins/git/warcraft/wow-bis/scripts/process-quest-levels.ts:191:24)
    at fetchQuestRequiredLevel (/Users/grins/git/warcraft/wow-bis/scripts/process-quest-levels.ts:182:33)
    at processTicksAndRejections (native:7:39)
Full Error: {}
---
[2025-11-03T08:57:09.088Z] ERROR: Error fetching quest 2206 (attempt 4)
Message: Attempted to use detached Frame '03DAD367655A18147D7AE5A08EAEAA20'.
Stack: Error: Attempted to use detached Frame '03DAD367655A18147D7AE5A08EAEAA20'.
    at <anonymous> (/Users/grins/git/warcraft/wow-bis/node_modules/.pnpm/puppeteer-core@24.25.0/node_modules/puppeteer-core/lib/esm/puppeteer/util/decorators.js:99:27)
    at <anonymous> (/Users/grins/git/warcraft/wow-bis/node_modules/.pnpm/puppeteer-core@24.25.0/node_modules/puppeteer-core/lib/esm/puppeteer/api/Page.js:568:43)
    at goto (/Users/grins/git/warcraft/wow-bis/node_modules/.pnpm/puppeteer-core@24.25.0/node_modules/puppeteer-core/lib/esm/puppeteer/api/Page.js:567:20)
    at <anonymous> (/Users/grins/git/warcraft/wow-bis/scripts/process-quest-levels.ts:191:24)
    at fetchQuestRequiredLevel (/Users/grins/git/warcraft/wow-bis/scripts/process-quest-levels.ts:182:33)
    at processTicksAndRejections (native:7:39)
Full Error: {}
---
[2025-11-03T08:57:11.093Z] ERROR: Error fetching quest 1978 (attempt 1)
Message: Attempted to use detached Frame '03DAD367655A18147D7AE5A08EAEAA20'.
Stack: Error: Attempted to use detached Frame '03DAD367655A18147D7AE5A08EAEAA20'.
    at <anonymous> (/Users/grins/git/warcraft/wow-bis/node_modules/.pnpm/puppeteer-core@24.25.0/node_modules/puppeteer-core/lib/esm/puppeteer/util/decorators.js:99:27)
    at <anonymous> (/Users/grins/git/warcraft/wow-bis/node_modules/.pnpm/puppeteer-core@24.25.0/node_modules/puppeteer-core/lib/esm/puppeteer/api/Page.js:568:43)
    at goto (/Users/grins/git/warcraft/wow-bis/node_modules/.pnpm/puppeteer-core@24.25.0/node_modules/puppeteer-core/lib/esm/puppeteer/api/Page.js:567:20)
    at <anonymous> (/Users/grins/git/warcraft/wow-bis/scripts/process-quest-levels.ts:191:24)
    at fetchQuestRequiredLevel (/Users/grins/git/warcraft/wow-bis/scripts/process-quest-levels.ts:182:33)
    at <anonymous> (/Users/grins/git/warcraft/wow-bis/scripts/process-quest-levels.ts:386:42)
    at processTicksAndRejections (native:7:39)
Full Error: {}
---
[2025-11-03T08:57:16.096Z] ERROR: Error fetching quest 1978 (attempt 2)
Message: Attempted to use detached Frame '03DAD367655A18147D7AE5A08EAEAA20'.
Stack: Error: Attempted to use detached Frame '03DAD367655A18147D7AE5A08EAEAA20'.
    at <anonymous> (/Users/grins/git/warcraft/wow-bis/node_modules/.pnpm/puppeteer-core@24.25.0/node_modules/puppeteer-core/lib/esm/puppeteer/util/decorators.js:99:27)
    at <anonymous> (/Users/grins/git/warcraft/wow-bis/node_modules/.pnpm/puppeteer-core@24.25.0/node_modules/puppeteer-core/lib/esm/puppeteer/api/Page.js:568:43)
    at goto (/Users/grins/git/warcraft/wow-bis/node_modules/.pnpm/puppeteer-core@24.25.0/node_modules/puppeteer-core/lib/esm/puppeteer/api/Page.js:567:20)
    at <anonymous> (/Users/grins/git/warcraft/wow-bis/scripts/process-quest-levels.ts:191:24)
    at fetchQuestRequiredLevel (/Users/grins/git/warcraft/wow-bis/scripts/process-quest-levels.ts:182:33)
    at processTicksAndRejections (native:7:39)
Full Error: {}
---
[2025-11-03T09:04:03.810Z] ERROR: Error fetching quest 1978 (attempt 3)
Message: Attempted to use detached Frame '03DAD367655A18147D7AE5A08EAEAA20'.
Stack: Error: Attempted to use detached Frame '03DAD367655A18147D7AE5A08EAEAA20'.
    at <anonymous> (/Users/grins/git/warcraft/wow-bis/node_modules/.pnpm/puppeteer-core@24.25.0/node_modules/puppeteer-core/lib/esm/puppeteer/util/decorators.js:99:27)
    at <anonymous> (/Users/grins/git/warcraft/wow-bis/node_modules/.pnpm/puppeteer-core@24.25.0/node_modules/puppeteer-core/lib/esm/puppeteer/api/Page.js:568:43)
    at goto (/Users/grins/git/warcraft/wow-bis/node_modules/.pnpm/puppeteer-core@24.25.0/node_modules/puppeteer-core/lib/esm/puppeteer/api/Page.js:567:20)
    at <anonymous> (/Users/grins/git/warcraft/wow-bis/scripts/process-quest-levels.ts:191:24)
    at fetchQuestRequiredLevel (/Users/grins/git/warcraft/wow-bis/scripts/process-quest-levels.ts:182:33)
    at processTicksAndRejections (native:7:39)
Full Error: {}
---
[2025-11-03T09:04:12.934Z] ERROR: Error fetching quest 1978 (attempt 4)
Message: Attempted to use detached Frame '03DAD367655A18147D7AE5A08EAEAA20'.
Stack: Error: Attempted to use detached Frame '03DAD367655A18147D7AE5A08EAEAA20'.
    at <anonymous> (/Users/grins/git/warcraft/wow-bis/node_modules/.pnpm/puppeteer-core@24.25.0/node_modules/puppeteer-core/lib/esm/puppeteer/util/decorators.js:99:27)
    at <anonymous> (/Users/grins/git/warcraft/wow-bis/node_modules/.pnpm/puppeteer-core@24.25.0/node_modules/puppeteer-core/lib/esm/puppeteer/api/Page.js:568:43)
    at goto (/Users/grins/git/warcraft/wow-bis/node_modules/.pnpm/puppeteer-core@24.25.0/node_modules/puppeteer-core/lib/esm/puppeteer/api/Page.js:567:20)
    at <anonymous> (/Users/grins/git/warcraft/wow-bis/scripts/process-quest-levels.ts:191:24)
    at fetchQuestRequiredLevel (/Users/grins/git/warcraft/wow-bis/scripts/process-quest-levels.ts:182:33)
    at processTicksAndRejections (native:7:39)
Full Error: {}
---
[2025-11-03T09:04:14.938Z] ERROR: Error fetching quest 1858 (attempt 1)
Message: Attempted to use detached Frame '03DAD367655A18147D7AE5A08EAEAA20'.
Stack: Error: Attempted to use detached Frame '03DAD367655A18147D7AE5A08EAEAA20'.
    at <anonymous> (/Users/grins/git/warcraft/wow-bis/node_modules/.pnpm/puppeteer-core@24.25.0/node_modules/puppeteer-core/lib/esm/puppeteer/util/decorators.js:99:27)
    at <anonymous> (/Users/grins/git/warcraft/wow-bis/node_modules/.pnpm/puppeteer-core@24.25.0/node_modules/puppeteer-core/lib/esm/puppeteer/api/Page.js:568:43)
    at goto (/Users/grins/git/warcraft/wow-bis/node_modules/.pnpm/puppeteer-core@24.25.0/node_modules/puppeteer-core/lib/esm/puppeteer/api/Page.js:567:20)
    at <anonymous> (/Users/grins/git/warcraft/wow-bis/scripts/process-quest-levels.ts:191:24)
    at fetchQuestRequiredLevel (/Users/grins/git/warcraft/wow-bis/scripts/process-quest-levels.ts:182:33)
    at <anonymous> (/Users/grins/git/warcraft/wow-bis/scripts/process-quest-levels.ts:386:42)
    at processTicksAndRejections (native:7:39)
Full Error: {}
---
[2025-11-03T09:04:19.942Z] ERROR: Error fetching quest 1858 (attempt 2)
Message: Attempted to use detached Frame '03DAD367655A18147D7AE5A08EAEAA20'.
Stack: Error: Attempted to use detached Frame '03DAD367655A18147D7AE5A08EAEAA20'.
    at <anonymous> (/Users/grins/git/warcraft/wow-bis/node_modules/.pnpm/puppeteer-core@24.25.0/node_modules/puppeteer-core/lib/esm/puppeteer/util/decorators.js:99:27)
    at <anonymous> (/Users/grins/git/warcraft/wow-bis/node_modules/.pnpm/puppeteer-core@24.25.0/node_modules/puppeteer-core/lib/esm/puppeteer/api/Page.js:568:43)
    at goto (/Users/grins/git/warcraft/wow-bis/node_modules/.pnpm/puppeteer-core@24.25.0/node_modules/puppeteer-core/lib/esm/puppeteer/api/Page.js:567:20)
    at <anonymous> (/Users/grins/git/warcraft/wow-bis/scripts/process-quest-levels.ts:191:24)
    at fetchQuestRequiredLevel (/Users/grins/git/warcraft/wow-bis/scripts/process-quest-levels.ts:182:33)
    at processTicksAndRejections (native:7:39)
Full Error: {}
---
[2025-11-03T09:04:26.946Z] ERROR: Error fetching quest 1858 (attempt 3)
Message: Attempted to use detached Frame '03DAD367655A18147D7AE5A08EAEAA20'.
Stack: Error: Attempted to use detached Frame '03DAD367655A18147D7AE5A08EAEAA20'.
    at <anonymous> (/Users/grins/git/warcraft/wow-bis/node_modules/.pnpm/puppeteer-core@24.25.0/node_modules/puppeteer-core/lib/esm/puppeteer/util/decorators.js:99:27)
    at <anonymous> (/Users/grins/git/warcraft/wow-bis/node_modules/.pnpm/puppeteer-core@24.25.0/node_modules/puppeteer-core/lib/esm/puppeteer/api/Page.js:568:43)
    at goto (/Users/grins/git/warcraft/wow-bis/node_modules/.pnpm/puppeteer-core@24.25.0/node_modules/puppeteer-core/lib/esm/puppeteer/api/Page.js:567:20)
    at <anonymous> (/Users/grins/git/warcraft/wow-bis/scripts/process-quest-levels.ts:191:24)
    at fetchQuestRequiredLevel (/Users/grins/git/warcraft/wow-bis/scripts/process-quest-levels.ts:182:33)
    at processTicksAndRejections (native:7:39)
Full Error: {}
---
[2025-11-03T09:04:35.948Z] ERROR: Error fetching quest 1858 (attempt 4)
Message: Attempted to use detached Frame '03DAD367655A18147D7AE5A08EAEAA20'.
Stack: Error: Attempted to use detached Frame '03DAD367655A18147D7AE5A08EAEAA20'.
    at <anonymous> (/Users/grins/git/warcraft/wow-bis/node_modules/.pnpm/puppeteer-core@24.25.0/node_modules/puppeteer-core/lib/esm/puppeteer/util/decorators.js:99:27)
    at <anonymous> (/Users/grins/git/warcraft/wow-bis/node_modules/.pnpm/puppeteer-core@24.25.0/node_modules/puppeteer-core/lib/esm/puppeteer/api/Page.js:568:43)
    at goto (/Users/grins/git/warcraft/wow-bis/node_modules/.pnpm/puppeteer-core@24.25.0/node_modules/puppeteer-core/lib/esm/puppeteer/api/Page.js:567:20)
    at <anonymous> (/Users/grins/git/warcraft/wow-bis/scripts/process-quest-levels.ts:191:24)
    at fetchQuestRequiredLevel (/Users/grins/git/warcraft/wow-bis/scripts/process-quest-levels.ts:182:33)
    at processTicksAndRejections (native:7:39)
Full Error: {}
---
[2025-11-03T09:04:37.952Z] ERROR: Error fetching quest 283 (attempt 1)
Message: Attempted to use detached Frame '03DAD367655A18147D7AE5A08EAEAA20'.
Stack: Error: Attempted to use detached Frame '03DAD367655A18147D7AE5A08EAEAA20'.
    at <anonymous> (/Users/grins/git/warcraft/wow-bis/node_modules/.pnpm/puppeteer-core@24.25.0/node_modules/puppeteer-core/lib/esm/puppeteer/util/decorators.js:99:27)
    at <anonymous> (/Users/grins/git/warcraft/wow-bis/node_modules/.pnpm/puppeteer-core@24.25.0/node_modules/puppeteer-core/lib/esm/puppeteer/api/Page.js:568:43)
    at goto (/Users/grins/git/warcraft/wow-bis/node_modules/.pnpm/puppeteer-core@24.25.0/node_modules/puppeteer-core/lib/esm/puppeteer/api/Page.js:567:20)
    at <anonymous> (/Users/grins/git/warcraft/wow-bis/scripts/process-quest-levels.ts:191:24)
    at fetchQuestRequiredLevel (/Users/grins/git/warcraft/wow-bis/scripts/process-quest-levels.ts:182:33)
    at <anonymous> (/Users/grins/git/warcraft/wow-bis/scripts/process-quest-levels.ts:386:42)
    at processTicksAndRejections (native:7:39)
Full Error: {}
---
[2025-11-03T09:04:42.955Z] ERROR: Error fetching quest 283 (attempt 2)
Message: Attempted to use detached Frame '03DAD367655A18147D7AE5A08EAEAA20'.
Stack: Error: Attempted to use detached Frame '03DAD367655A18147D7AE5A08EAEAA20'.
    at <anonymous> (/Users/grins/git/warcraft/wow-bis/node_modules/.pnpm/puppeteer-core@24.25.0/node_modules/puppeteer-core/lib/esm/puppeteer/util/decorators.js:99:27)
    at <anonymous> (/Users/grins/git/warcraft/wow-bis/node_modules/.pnpm/puppeteer-core@24.25.0/node_modules/puppeteer-core/lib/esm/puppeteer/api/Page.js:568:43)
    at goto (/Users/grins/git/warcraft/wow-bis/node_modules/.pnpm/puppeteer-core@24.25.0/node_modules/puppeteer-core/lib/esm/puppeteer/api/Page.js:567:20)
    at <anonymous> (/Users/grins/git/warcraft/wow-bis/scripts/process-quest-levels.ts:191:24)
    at fetchQuestRequiredLevel (/Users/grins/git/warcraft/wow-bis/scripts/process-quest-levels.ts:182:33)
    at processTicksAndRejections (native:7:39)
Full Error: {}
---
[2025-11-03T09:04:49.957Z] ERROR: Error fetching quest 283 (attempt 3)
Message: Attempted to use detached Frame '03DAD367655A18147D7AE5A08EAEAA20'.
Stack: Error: Attempted to use detached Frame '03DAD367655A18147D7AE5A08EAEAA20'.
    at <anonymous> (/Users/grins/git/warcraft/wow-bis/node_modules/.pnpm/puppeteer-core@24.25.0/node_modules/puppeteer-core/lib/esm/puppeteer/util/decorators.js:99:27)
    at <anonymous> (/Users/grins/git/warcraft/wow-bis/node_modules/.pnpm/puppeteer-core@24.25.0/node_modules/puppeteer-core/lib/esm/puppeteer/api/Page.js:568:43)
    at goto (/Users/grins/git/warcraft/wow-bis/node_modules/.pnpm/puppeteer-core@24.25.0/node_modules/puppeteer-core/lib/esm/puppeteer/api/Page.js:567:20)
    at <anonymous> (/Users/grins/git/warcraft/wow-bis/scripts/process-quest-levels.ts:191:24)
    at fetchQuestRequiredLevel (/Users/grins/git/warcraft/wow-bis/scripts/process-quest-levels.ts:182:33)
    at processTicksAndRejections (native:7:39)
Full Error: {}
---
[2025-11-03T09:04:58.961Z] ERROR: Error fetching quest 283 (attempt 4)
Message: Attempted to use detached Frame '03DAD367655A18147D7AE5A08EAEAA20'.
Stack: Error: Attempted to use detached Frame '03DAD367655A18147D7AE5A08EAEAA20'.
    at <anonymous> (/Users/grins/git/warcraft/wow-bis/node_modules/.pnpm/puppeteer-core@24.25.0/node_modules/puppeteer-core/lib/esm/puppeteer/util/decorators.js:99:27)
    at <anonymous> (/Users/grins/git/warcraft/wow-bis/node_modules/.pnpm/puppeteer-core@24.25.0/node_modules/puppeteer-core/lib/esm/puppeteer/api/Page.js:568:43)
    at goto (/Users/grins/git/warcraft/wow-bis/node_modules/.pnpm/puppeteer-core@24.25.0/node_modules/puppeteer-core/lib/esm/puppeteer/api/Page.js:567:20)
    at <anonymous> (/Users/grins/git/warcraft/wow-bis/scripts/process-quest-levels.ts:191:24)
    at fetchQuestRequiredLevel (/Users/grins/git/warcraft/wow-bis/scripts/process-quest-levels.ts:182:33)
    at processTicksAndRejections (native:7:39)
Full Error: {}
---
[2025-11-03T09:05:02.971Z] ERROR: Error fetching quest 679 (attempt 1)
Message: Attempted to use detached Frame '03DAD367655A18147D7AE5A08EAEAA20'.
Stack: Error: Attempted to use detached Frame '03DAD367655A18147D7AE5A08EAEAA20'.
    at <anonymous> (/Users/grins/git/warcraft/wow-bis/node_modules/.pnpm/puppeteer-core@24.25.0/node_modules/puppeteer-core/lib/esm/puppeteer/util/decorators.js:99:27)
    at <anonymous> (/Users/grins/git/warcraft/wow-bis/node_modules/.pnpm/puppeteer-core@24.25.0/node_modules/puppeteer-core/lib/esm/puppeteer/api/Page.js:568:43)
    at goto (/Users/grins/git/warcraft/wow-bis/node_modules/.pnpm/puppeteer-core@24.25.0/node_modules/puppeteer-core/lib/esm/puppeteer/api/Page.js:567:20)
    at <anonymous> (/Users/grins/git/warcraft/wow-bis/scripts/process-quest-levels.ts:191:24)
    at fetchQuestRequiredLevel (/Users/grins/git/warcraft/wow-bis/scripts/process-quest-levels.ts:182:33)
    at <anonymous> (/Users/grins/git/warcraft/wow-bis/scripts/process-quest-levels.ts:386:42)
    at processTicksAndRejections (native:7:39)
Full Error: {}
---
[2025-11-03T09:05:07.974Z] ERROR: Error fetching quest 679 (attempt 2)
Message: Attempted to use detached Frame '03DAD367655A18147D7AE5A08EAEAA20'.
Stack: Error: Attempted to use detached Frame '03DAD367655A18147D7AE5A08EAEAA20'.
    at <anonymous> (/Users/grins/git/warcraft/wow-bis/node_modules/.pnpm/puppeteer-core@24.25.0/node_modules/puppeteer-core/lib/esm/puppeteer/util/decorators.js:99:27)
    at <anonymous> (/Users/grins/git/warcraft/wow-bis/node_modules/.pnpm/puppeteer-core@24.25.0/node_modules/puppeteer-core/lib/esm/puppeteer/api/Page.js:568:43)
    at goto (/Users/grins/git/warcraft/wow-bis/node_modules/.pnpm/puppeteer-core@24.25.0/node_modules/puppeteer-core/lib/esm/puppeteer/api/Page.js:567:20)
    at <anonymous> (/Users/grins/git/warcraft/wow-bis/scripts/process-quest-levels.ts:191:24)
    at fetchQuestRequiredLevel (/Users/grins/git/warcraft/wow-bis/scripts/process-quest-levels.ts:182:33)
    at processTicksAndRejections (native:7:39)
Full Error: {}
---
[2025-11-03T09:05:14.979Z] ERROR: Error fetching quest 679 (attempt 3)
Message: Attempted to use detached Frame '03DAD367655A18147D7AE5A08EAEAA20'.
Stack: Error: Attempted to use detached Frame '03DAD367655A18147D7AE5A08EAEAA20'.
    at <anonymous> (/Users/grins/git/warcraft/wow-bis/node_modules/.pnpm/puppeteer-core@24.25.0/node_modules/puppeteer-core/lib/esm/puppeteer/util/decorators.js:99:27)
    at <anonymous> (/Users/grins/git/warcraft/wow-bis/node_modules/.pnpm/puppeteer-core@24.25.0/node_modules/puppeteer-core/lib/esm/puppeteer/api/Page.js:568:43)
    at goto (/Users/grins/git/warcraft/wow-bis/node_modules/.pnpm/puppeteer-core@24.25.0/node_modules/puppeteer-core/lib/esm/puppeteer/api/Page.js:567:20)
    at <anonymous> (/Users/grins/git/warcraft/wow-bis/scripts/process-quest-levels.ts:191:24)
    at fetchQuestRequiredLevel (/Users/grins/git/warcraft/wow-bis/scripts/process-quest-levels.ts:182:33)
    at processTicksAndRejections (native:7:39)
Full Error: {}
---
[2025-11-03T09:05:23.983Z] ERROR: Error fetching quest 679 (attempt 4)
Message: Attempted to use detached Frame '03DAD367655A18147D7AE5A08EAEAA20'.
Stack: Error: Attempted to use detached Frame '03DAD367655A18147D7AE5A08EAEAA20'.
    at <anonymous> (/Users/grins/git/warcraft/wow-bis/node_modules/.pnpm/puppeteer-core@24.25.0/node_modules/puppeteer-core/lib/esm/puppeteer/util/decorators.js:99:27)
    at <anonymous> (/Users/grins/git/warcraft/wow-bis/node_modules/.pnpm/puppeteer-core@24.25.0/node_modules/puppeteer-core/lib/esm/puppeteer/api/Page.js:568:43)
    at goto (/Users/grins/git/warcraft/wow-bis/node_modules/.pnpm/puppeteer-core@24.25.0/node_modules/puppeteer-core/lib/esm/puppeteer/api/Page.js:567:20)
    at <anonymous> (/Users/grins/git/warcraft/wow-bis/scripts/process-quest-levels.ts:191:24)
    at fetchQuestRequiredLevel (/Users/grins/git/warcraft/wow-bis/scripts/process-quest-levels.ts:182:33)
    at processTicksAndRejections (native:7:39)
Full Error: {}
---
[2025-11-03T09:05:25.988Z] ERROR: Error fetching quest 41870 (attempt 1)
Message: Attempted to use detached Frame '03DAD367655A18147D7AE5A08EAEAA20'.
Stack: Error: Attempted to use detached Frame '03DAD367655A18147D7AE5A08EAEAA20'.
    at <anonymous> (/Users/grins/git/warcraft/wow-bis/node_modules/.pnpm/puppeteer-core@24.25.0/node_modules/puppeteer-core/lib/esm/puppeteer/util/decorators.js:99:27)
    at <anonymous> (/Users/grins/git/warcraft/wow-bis/node_modules/.pnpm/puppeteer-core@24.25.0/node_modules/puppeteer-core/lib/esm/puppeteer/api/Page.js:568:43)
    at goto (/Users/grins/git/warcraft/wow-bis/node_modules/.pnpm/puppeteer-core@24.25.0/node_modules/puppeteer-core/lib/esm/puppeteer/api/Page.js:567:20)
    at <anonymous> (/Users/grins/git/warcraft/wow-bis/scripts/process-quest-levels.ts:191:24)
    at fetchQuestRequiredLevel (/Users/grins/git/warcraft/wow-bis/scripts/process-quest-levels.ts:182:33)
    at <anonymous> (/Users/grins/git/warcraft/wow-bis/scripts/process-quest-levels.ts:386:42)
    at processTicksAndRejections (native:7:39)
Full Error: {}
---
[2025-11-03T09:05:30.992Z] ERROR: Error fetching quest 41870 (attempt 2)
Message: Attempted to use detached Frame '03DAD367655A18147D7AE5A08EAEAA20'.
Stack: Error: Attempted to use detached Frame '03DAD367655A18147D7AE5A08EAEAA20'.
    at <anonymous> (/Users/grins/git/warcraft/wow-bis/node_modules/.pnpm/puppeteer-core@24.25.0/node_modules/puppeteer-core/lib/esm/puppeteer/util/decorators.js:99:27)
    at <anonymous> (/Users/grins/git/warcraft/wow-bis/node_modules/.pnpm/puppeteer-core@24.25.0/node_modules/puppeteer-core/lib/esm/puppeteer/api/Page.js:568:43)
    at goto (/Users/grins/git/warcraft/wow-bis/node_modules/.pnpm/puppeteer-core@24.25.0/node_modules/puppeteer-core/lib/esm/puppeteer/api/Page.js:567:20)
    at <anonymous> (/Users/grins/git/warcraft/wow-bis/scripts/process-quest-levels.ts:191:24)
    at fetchQuestRequiredLevel (/Users/grins/git/warcraft/wow-bis/scripts/process-quest-levels.ts:182:33)
    at processTicksAndRejections (native:7:39)
Full Error: {}
---
[2025-11-03T09:05:37.994Z] ERROR: Error fetching quest 41870 (attempt 3)
Message: Attempted to use detached Frame '03DAD367655A18147D7AE5A08EAEAA20'.
Stack: Error: Attempted to use detached Frame '03DAD367655A18147D7AE5A08EAEAA20'.
    at <anonymous> (/Users/grins/git/warcraft/wow-bis/node_modules/.pnpm/puppeteer-core@24.25.0/node_modules/puppeteer-core/lib/esm/puppeteer/util/decorators.js:99:27)
    at <anonymous> (/Users/grins/git/warcraft/wow-bis/node_modules/.pnpm/puppeteer-core@24.25.0/node_modules/puppeteer-core/lib/esm/puppeteer/api/Page.js:568:43)
    at goto (/Users/grins/git/warcraft/wow-bis/node_modules/.pnpm/puppeteer-core@24.25.0/node_modules/puppeteer-core/lib/esm/puppeteer/api/Page.js:567:20)
    at <anonymous> (/Users/grins/git/warcraft/wow-bis/scripts/process-quest-levels.ts:191:24)
    at fetchQuestRequiredLevel (/Users/grins/git/warcraft/wow-bis/scripts/process-quest-levels.ts:182:33)
    at processTicksAndRejections (native:7:39)
Full Error: {}
---
[2025-11-03T09:05:46.998Z] ERROR: Error fetching quest 41870 (attempt 4)
Message: Attempted to use detached Frame '03DAD367655A18147D7AE5A08EAEAA20'.
Stack: Error: Attempted to use detached Frame '03DAD367655A18147D7AE5A08EAEAA20'.
    at <anonymous> (/Users/grins/git/warcraft/wow-bis/node_modules/.pnpm/puppeteer-core@24.25.0/node_modules/puppeteer-core/lib/esm/puppeteer/util/decorators.js:99:27)
    at <anonymous> (/Users/grins/git/warcraft/wow-bis/node_modules/.pnpm/puppeteer-core@24.25.0/node_modules/puppeteer-core/lib/esm/puppeteer/api/Page.js:568:43)
    at goto (/Users/grins/git/warcraft/wow-bis/node_modules/.pnpm/puppeteer-core@24.25.0/node_modules/puppeteer-core/lib/esm/puppeteer/api/Page.js:567:20)
    at <anonymous> (/Users/grins/git/warcraft/wow-bis/scripts/process-quest-levels.ts:191:24)
    at fetchQuestRequiredLevel (/Users/grins/git/warcraft/wow-bis/scripts/process-quest-levels.ts:182:33)
    at processTicksAndRejections (native:7:39)
Full Error: {}
---
[2025-11-03T09:05:49.003Z] ERROR: Error fetching quest 41687 (attempt 1)
Message: Attempted to use detached Frame '03DAD367655A18147D7AE5A08EAEAA20'.
Stack: Error: Attempted to use detached Frame '03DAD367655A18147D7AE5A08EAEAA20'.
    at <anonymous> (/Users/grins/git/warcraft/wow-bis/node_modules/.pnpm/puppeteer-core@24.25.0/node_modules/puppeteer-core/lib/esm/puppeteer/util/decorators.js:99:27)
    at <anonymous> (/Users/grins/git/warcraft/wow-bis/node_modules/.pnpm/puppeteer-core@24.25.0/node_modules/puppeteer-core/lib/esm/puppeteer/api/Page.js:568:43)
    at goto (/Users/grins/git/warcraft/wow-bis/node_modules/.pnpm/puppeteer-core@24.25.0/node_modules/puppeteer-core/lib/esm/puppeteer/api/Page.js:567:20)
    at <anonymous> (/Users/grins/git/warcraft/wow-bis/scripts/process-quest-levels.ts:191:24)
    at fetchQuestRequiredLevel (/Users/grins/git/warcraft/wow-bis/scripts/process-quest-levels.ts:182:33)
    at <anonymous> (/Users/grins/git/warcraft/wow-bis/scripts/process-quest-levels.ts:386:42)
    at processTicksAndRejections (native:7:39)
Full Error: {}
---
[2025-11-03T09:05:54.006Z] ERROR: Error fetching quest 41687 (attempt 2)
Message: Attempted to use detached Frame '03DAD367655A18147D7AE5A08EAEAA20'.
Stack: Error: Attempted to use detached Frame '03DAD367655A18147D7AE5A08EAEAA20'.
    at <anonymous> (/Users/grins/git/warcraft/wow-bis/node_modules/.pnpm/puppeteer-core@24.25.0/node_modules/puppeteer-core/lib/esm/puppeteer/util/decorators.js:99:27)
    at <anonymous> (/Users/grins/git/warcraft/wow-bis/node_modules/.pnpm/puppeteer-core@24.25.0/node_modules/puppeteer-core/lib/esm/puppeteer/api/Page.js:568:43)
    at goto (/Users/grins/git/warcraft/wow-bis/node_modules/.pnpm/puppeteer-core@24.25.0/node_modules/puppeteer-core/lib/esm/puppeteer/api/Page.js:567:20)
    at <anonymous> (/Users/grins/git/warcraft/wow-bis/scripts/process-quest-levels.ts:191:24)
    at fetchQuestRequiredLevel (/Users/grins/git/warcraft/wow-bis/scripts/process-quest-levels.ts:182:33)
    at processTicksAndRejections (native:7:39)
Full Error: {}
---
[2025-11-03T09:06:01.008Z] ERROR: Error fetching quest 41687 (attempt 3)
Message: Attempted to use detached Frame '03DAD367655A18147D7AE5A08EAEAA20'.
Stack: Error: Attempted to use detached Frame '03DAD367655A18147D7AE5A08EAEAA20'.
    at <anonymous> (/Users/grins/git/warcraft/wow-bis/node_modules/.pnpm/puppeteer-core@24.25.0/node_modules/puppeteer-core/lib/esm/puppeteer/util/decorators.js:99:27)
    at <anonymous> (/Users/grins/git/warcraft/wow-bis/node_modules/.pnpm/puppeteer-core@24.25.0/node_modules/puppeteer-core/lib/esm/puppeteer/api/Page.js:568:43)
    at goto (/Users/grins/git/warcraft/wow-bis/node_modules/.pnpm/puppeteer-core@24.25.0/node_modules/puppeteer-core/lib/esm/puppeteer/api/Page.js:567:20)
    at <anonymous> (/Users/grins/git/warcraft/wow-bis/scripts/process-quest-levels.ts:191:24)
    at fetchQuestRequiredLevel (/Users/grins/git/warcraft/wow-bis/scripts/process-quest-levels.ts:182:33)
    at processTicksAndRejections (native:7:39)
Full Error: {}
---
[2025-11-03T09:06:10.012Z] ERROR: Error fetching quest 41687 (attempt 4)
Message: Attempted to use detached Frame '03DAD367655A18147D7AE5A08EAEAA20'.
Stack: Error: Attempted to use detached Frame '03DAD367655A18147D7AE5A08EAEAA20'.
    at <anonymous> (/Users/grins/git/warcraft/wow-bis/node_modules/.pnpm/puppeteer-core@24.25.0/node_modules/puppeteer-core/lib/esm/puppeteer/util/decorators.js:99:27)
    at <anonymous> (/Users/grins/git/warcraft/wow-bis/node_modules/.pnpm/puppeteer-core@24.25.0/node_modules/puppeteer-core/lib/esm/puppeteer/api/Page.js:568:43)
    at goto (/Users/grins/git/warcraft/wow-bis/node_modules/.pnpm/puppeteer-core@24.25.0/node_modules/puppeteer-core/lib/esm/puppeteer/api/Page.js:567:20)
    at <anonymous> (/Users/grins/git/warcraft/wow-bis/scripts/process-quest-levels.ts:191:24)
    at fetchQuestRequiredLevel (/Users/grins/git/warcraft/wow-bis/scripts/process-quest-levels.ts:182:33)
    at processTicksAndRejections (native:7:39)
Full Error: {}
---
[2025-11-03T09:06:14.020Z] ERROR: Error fetching quest 41828 (attempt 1)
Message: Attempted to use detached Frame '03DAD367655A18147D7AE5A08EAEAA20'.
Stack: Error: Attempted to use detached Frame '03DAD367655A18147D7AE5A08EAEAA20'.
    at <anonymous> (/Users/grins/git/warcraft/wow-bis/node_modules/.pnpm/puppeteer-core@24.25.0/node_modules/puppeteer-core/lib/esm/puppeteer/util/decorators.js:99:27)
    at <anonymous> (/Users/grins/git/warcraft/wow-bis/node_modules/.pnpm/puppeteer-core@24.25.0/node_modules/puppeteer-core/lib/esm/puppeteer/api/Page.js:568:43)
    at goto (/Users/grins/git/warcraft/wow-bis/node_modules/.pnpm/puppeteer-core@24.25.0/node_modules/puppeteer-core/lib/esm/puppeteer/api/Page.js:567:20)
    at <anonymous> (/Users/grins/git/warcraft/wow-bis/scripts/process-quest-levels.ts:191:24)
    at fetchQuestRequiredLevel (/Users/grins/git/warcraft/wow-bis/scripts/process-quest-levels.ts:182:33)
    at <anonymous> (/Users/grins/git/warcraft/wow-bis/scripts/process-quest-levels.ts:386:42)
    at processTicksAndRejections (native:7:39)
Full Error: {}
---
[2025-11-03T09:06:19.024Z] ERROR: Error fetching quest 41828 (attempt 2)
Message: Attempted to use detached Frame '03DAD367655A18147D7AE5A08EAEAA20'.
Stack: Error: Attempted to use detached Frame '03DAD367655A18147D7AE5A08EAEAA20'.
    at <anonymous> (/Users/grins/git/warcraft/wow-bis/node_modules/.pnpm/puppeteer-core@24.25.0/node_modules/puppeteer-core/lib/esm/puppeteer/util/decorators.js:99:27)
    at <anonymous> (/Users/grins/git/warcraft/wow-bis/node_modules/.pnpm/puppeteer-core@24.25.0/node_modules/puppeteer-core/lib/esm/puppeteer/api/Page.js:568:43)
    at goto (/Users/grins/git/warcraft/wow-bis/node_modules/.pnpm/puppeteer-core@24.25.0/node_modules/puppeteer-core/lib/esm/puppeteer/api/Page.js:567:20)
    at <anonymous> (/Users/grins/git/warcraft/wow-bis/scripts/process-quest-levels.ts:191:24)
    at fetchQuestRequiredLevel (/Users/grins/git/warcraft/wow-bis/scripts/process-quest-levels.ts:182:33)
    at processTicksAndRejections (native:7:39)
Full Error: {}
---
[2025-11-03T09:21:20.237Z] ERROR: Error fetching quest 41828 (attempt 3)
Message: Attempted to use detached Frame '03DAD367655A18147D7AE5A08EAEAA20'.
Stack: Error: Attempted to use detached Frame '03DAD367655A18147D7AE5A08EAEAA20'.
    at <anonymous> (/Users/grins/git/warcraft/wow-bis/node_modules/.pnpm/puppeteer-core@24.25.0/node_modules/puppeteer-core/lib/esm/puppeteer/util/decorators.js:99:27)
    at <anonymous> (/Users/grins/git/warcraft/wow-bis/node_modules/.pnpm/puppeteer-core@24.25.0/node_modules/puppeteer-core/lib/esm/puppeteer/api/Page.js:568:43)
    at goto (/Users/grins/git/warcraft/wow-bis/node_modules/.pnpm/puppeteer-core@24.25.0/node_modules/puppeteer-core/lib/esm/puppeteer/api/Page.js:567:20)
    at <anonymous> (/Users/grins/git/warcraft/wow-bis/scripts/process-quest-levels.ts:191:24)
    at fetchQuestRequiredLevel (/Users/grins/git/warcraft/wow-bis/scripts/process-quest-levels.ts:182:33)
    at processTicksAndRejections (native:7:39)
Full Error: {}
---
[2025-11-03T09:21:29.246Z] ERROR: Error fetching quest 41828 (attempt 4)
Message: Attempted to use detached Frame '03DAD367655A18147D7AE5A08EAEAA20'.
Stack: Error: Attempted to use detached Frame '03DAD367655A18147D7AE5A08EAEAA20'.
    at <anonymous> (/Users/grins/git/warcraft/wow-bis/node_modules/.pnpm/puppeteer-core@24.25.0/node_modules/puppeteer-core/lib/esm/puppeteer/util/decorators.js:99:27)
    at <anonymous> (/Users/grins/git/warcraft/wow-bis/node_modules/.pnpm/puppeteer-core@24.25.0/node_modules/puppeteer-core/lib/esm/puppeteer/api/Page.js:568:43)
    at goto (/Users/grins/git/warcraft/wow-bis/node_modules/.pnpm/puppeteer-core@24.25.0/node_modules/puppeteer-core/lib/esm/puppeteer/api/Page.js:567:20)
    at <anonymous> (/Users/grins/git/warcraft/wow-bis/scripts/process-quest-levels.ts:191:24)
    at fetchQuestRequiredLevel (/Users/grins/git/warcraft/wow-bis/scripts/process-quest-levels.ts:182:33)
    at processTicksAndRejections (native:7:39)
Full Error: {}
---
[2025-11-03T09:21:33.253Z] ERROR: Error fetching quest 38 (attempt 1)
Message: Attempted to use detached Frame '03DAD367655A18147D7AE5A08EAEAA20'.
Stack: Error: Attempted to use detached Frame '03DAD367655A18147D7AE5A08EAEAA20'.
    at <anonymous> (/Users/grins/git/warcraft/wow-bis/node_modules/.pnpm/puppeteer-core@24.25.0/node_modules/puppeteer-core/lib/esm/puppeteer/util/decorators.js:99:27)
    at <anonymous> (/Users/grins/git/warcraft/wow-bis/node_modules/.pnpm/puppeteer-core@24.25.0/node_modules/puppeteer-core/lib/esm/puppeteer/api/Page.js:568:43)
    at goto (/Users/grins/git/warcraft/wow-bis/node_modules/.pnpm/puppeteer-core@24.25.0/node_modules/puppeteer-core/lib/esm/puppeteer/api/Page.js:567:20)
    at <anonymous> (/Users/grins/git/warcraft/wow-bis/scripts/process-quest-levels.ts:191:24)
    at fetchQuestRequiredLevel (/Users/grins/git/warcraft/wow-bis/scripts/process-quest-levels.ts:182:33)
    at <anonymous> (/Users/grins/git/warcraft/wow-bis/scripts/process-quest-levels.ts:386:42)
    at processTicksAndRejections (native:7:39)
Full Error: {}
---
[2025-11-03T09:21:38.256Z] ERROR: Error fetching quest 38 (attempt 2)
Message: Attempted to use detached Frame '03DAD367655A18147D7AE5A08EAEAA20'.
Stack: Error: Attempted to use detached Frame '03DAD367655A18147D7AE5A08EAEAA20'.
    at <anonymous> (/Users/grins/git/warcraft/wow-bis/node_modules/.pnpm/puppeteer-core@24.25.0/node_modules/puppeteer-core/lib/esm/puppeteer/util/decorators.js:99:27)
    at <anonymous> (/Users/grins/git/warcraft/wow-bis/node_modules/.pnpm/puppeteer-core@24.25.0/node_modules/puppeteer-core/lib/esm/puppeteer/api/Page.js:568:43)
    at goto (/Users/grins/git/warcraft/wow-bis/node_modules/.pnpm/puppeteer-core@24.25.0/node_modules/puppeteer-core/lib/esm/puppeteer/api/Page.js:567:20)
    at <anonymous> (/Users/grins/git/warcraft/wow-bis/scripts/process-quest-levels.ts:191:24)
    at fetchQuestRequiredLevel (/Users/grins/git/warcraft/wow-bis/scripts/process-quest-levels.ts:182:33)
    at processTicksAndRejections (native:7:39)
Full Error: {}
---
[2025-11-03T09:21:45.262Z] ERROR: Error fetching quest 38 (attempt 3)
Message: Attempted to use detached Frame '03DAD367655A18147D7AE5A08EAEAA20'.
Stack: Error: Attempted to use detached Frame '03DAD367655A18147D7AE5A08EAEAA20'.
    at <anonymous> (/Users/grins/git/warcraft/wow-bis/node_modules/.pnpm/puppeteer-core@24.25.0/node_modules/puppeteer-core/lib/esm/puppeteer/util/decorators.js:99:27)
    at <anonymous> (/Users/grins/git/warcraft/wow-bis/node_modules/.pnpm/puppeteer-core@24.25.0/node_modules/puppeteer-core/lib/esm/puppeteer/api/Page.js:568:43)
    at goto (/Users/grins/git/warcraft/wow-bis/node_modules/.pnpm/puppeteer-core@24.25.0/node_modules/puppeteer-core/lib/esm/puppeteer/api/Page.js:567:20)
    at <anonymous> (/Users/grins/git/warcraft/wow-bis/scripts/process-quest-levels.ts:191:24)
    at fetchQuestRequiredLevel (/Users/grins/git/warcraft/wow-bis/scripts/process-quest-levels.ts:182:33)
    at processTicksAndRejections (native:7:39)
Full Error: {}
---
[2025-11-03T09:21:54.266Z] ERROR: Error fetching quest 38 (attempt 4)
Message: Attempted to use detached Frame '03DAD367655A18147D7AE5A08EAEAA20'.
Stack: Error: Attempted to use detached Frame '03DAD367655A18147D7AE5A08EAEAA20'.
    at <anonymous> (/Users/grins/git/warcraft/wow-bis/node_modules/.pnpm/puppeteer-core@24.25.0/node_modules/puppeteer-core/lib/esm/puppeteer/util/decorators.js:99:27)
    at <anonymous> (/Users/grins/git/warcraft/wow-bis/node_modules/.pnpm/puppeteer-core@24.25.0/node_modules/puppeteer-core/lib/esm/puppeteer/api/Page.js:568:43)
    at goto (/Users/grins/git/warcraft/wow-bis/node_modules/.pnpm/puppeteer-core@24.25.0/node_modules/puppeteer-core/lib/esm/puppeteer/api/Page.js:567:20)
    at <anonymous> (/Users/grins/git/warcraft/wow-bis/scripts/process-quest-levels.ts:191:24)
    at fetchQuestRequiredLevel (/Users/grins/git/warcraft/wow-bis/scripts/process-quest-levels.ts:182:33)
    at processTicksAndRejections (native:7:39)
Full Error: {}
---
[2025-11-03T09:21:56.269Z] ERROR: Error fetching quest 372 (attempt 1)
Message: Attempted to use detached Frame '03DAD367655A18147D7AE5A08EAEAA20'.
Stack: Error: Attempted to use detached Frame '03DAD367655A18147D7AE5A08EAEAA20'.
    at <anonymous> (/Users/grins/git/warcraft/wow-bis/node_modules/.pnpm/puppeteer-core@24.25.0/node_modules/puppeteer-core/lib/esm/puppeteer/util/decorators.js:99:27)
    at <anonymous> (/Users/grins/git/warcraft/wow-bis/node_modules/.pnpm/puppeteer-core@24.25.0/node_modules/puppeteer-core/lib/esm/puppeteer/api/Page.js:568:43)
    at goto (/Users/grins/git/warcraft/wow-bis/node_modules/.pnpm/puppeteer-core@24.25.0/node_modules/puppeteer-core/lib/esm/puppeteer/api/Page.js:567:20)
    at <anonymous> (/Users/grins/git/warcraft/wow-bis/scripts/process-quest-levels.ts:191:24)
    at fetchQuestRequiredLevel (/Users/grins/git/warcraft/wow-bis/scripts/process-quest-levels.ts:182:33)
    at <anonymous> (/Users/grins/git/warcraft/wow-bis/scripts/process-quest-levels.ts:386:42)
    at processTicksAndRejections (native:7:39)
Full Error: {}
---
[2025-11-03T09:22:01.272Z] ERROR: Error fetching quest 372 (attempt 2)
Message: Attempted to use detached Frame '03DAD367655A18147D7AE5A08EAEAA20'.
Stack: Error: Attempted to use detached Frame '03DAD367655A18147D7AE5A08EAEAA20'.
    at <anonymous> (/Users/grins/git/warcraft/wow-bis/node_modules/.pnpm/puppeteer-core@24.25.0/node_modules/puppeteer-core/lib/esm/puppeteer/util/decorators.js:99:27)
    at <anonymous> (/Users/grins/git/warcraft/wow-bis/node_modules/.pnpm/puppeteer-core@24.25.0/node_modules/puppeteer-core/lib/esm/puppeteer/api/Page.js:568:43)
    at goto (/Users/grins/git/warcraft/wow-bis/node_modules/.pnpm/puppeteer-core@24.25.0/node_modules/puppeteer-core/lib/esm/puppeteer/api/Page.js:567:20)
    at <anonymous> (/Users/grins/git/warcraft/wow-bis/scripts/process-quest-levels.ts:191:24)
    at fetchQuestRequiredLevel (/Users/grins/git/warcraft/wow-bis/scripts/process-quest-levels.ts:182:33)
    at processTicksAndRejections (native:7:39)
Full Error: {}
---
[2025-11-03T09:22:08.275Z] ERROR: Error fetching quest 372 (attempt 3)
Message: Attempted to use detached Frame '03DAD367655A18147D7AE5A08EAEAA20'.
Stack: Error: Attempted to use detached Frame '03DAD367655A18147D7AE5A08EAEAA20'.
    at <anonymous> (/Users/grins/git/warcraft/wow-bis/node_modules/.pnpm/puppeteer-core@24.25.0/node_modules/puppeteer-core/lib/esm/puppeteer/util/decorators.js:99:27)
    at <anonymous> (/Users/grins/git/warcraft/wow-bis/node_modules/.pnpm/puppeteer-core@24.25.0/node_modules/puppeteer-core/lib/esm/puppeteer/api/Page.js:568:43)
    at goto (/Users/grins/git/warcraft/wow-bis/node_modules/.pnpm/puppeteer-core@24.25.0/node_modules/puppeteer-core/lib/esm/puppeteer/api/Page.js:567:20)
    at <anonymous> (/Users/grins/git/warcraft/wow-bis/scripts/process-quest-levels.ts:191:24)
    at fetchQuestRequiredLevel (/Users/grins/git/warcraft/wow-bis/scripts/process-quest-levels.ts:182:33)
    at processTicksAndRejections (native:7:39)
Full Error: {}
---
[2025-11-03T09:22:17.277Z] ERROR: Error fetching quest 372 (attempt 4)
Message: Attempted to use detached Frame '03DAD367655A18147D7AE5A08EAEAA20'.
Stack: Error: Attempted to use detached Frame '03DAD367655A18147D7AE5A08EAEAA20'.
    at <anonymous> (/Users/grins/git/warcraft/wow-bis/node_modules/.pnpm/puppeteer-core@24.25.0/node_modules/puppeteer-core/lib/esm/puppeteer/util/decorators.js:99:27)
    at <anonymous> (/Users/grins/git/warcraft/wow-bis/node_modules/.pnpm/puppeteer-core@24.25.0/node_modules/puppeteer-core/lib/esm/puppeteer/api/Page.js:568:43)
    at goto (/Users/grins/git/warcraft/wow-bis/node_modules/.pnpm/puppeteer-core@24.25.0/node_modules/puppeteer-core/lib/esm/puppeteer/api/Page.js:567:20)
    at <anonymous> (/Users/grins/git/warcraft/wow-bis/scripts/process-quest-levels.ts:191:24)
    at fetchQuestRequiredLevel (/Users/grins/git/warcraft/wow-bis/scripts/process-quest-levels.ts:182:33)
    at processTicksAndRejections (native:7:39)
Full Error: {}
---
[2025-11-03T09:22:19.281Z] ERROR: Error fetching quest 1173 (attempt 1)
Message: Attempted to use detached Frame '03DAD367655A18147D7AE5A08EAEAA20'.
Stack: Error: Attempted to use detached Frame '03DAD367655A18147D7AE5A08EAEAA20'.
    at <anonymous> (/Users/grins/git/warcraft/wow-bis/node_modules/.pnpm/puppeteer-core@24.25.0/node_modules/puppeteer-core/lib/esm/puppeteer/util/decorators.js:99:27)
    at <anonymous> (/Users/grins/git/warcraft/wow-bis/node_modules/.pnpm/puppeteer-core@24.25.0/node_modules/puppeteer-core/lib/esm/puppeteer/api/Page.js:568:43)
    at goto (/Users/grins/git/warcraft/wow-bis/node_modules/.pnpm/puppeteer-core@24.25.0/node_modules/puppeteer-core/lib/esm/puppeteer/api/Page.js:567:20)
    at <anonymous> (/Users/grins/git/warcraft/wow-bis/scripts/process-quest-levels.ts:191:24)
    at fetchQuestRequiredLevel (/Users/grins/git/warcraft/wow-bis/scripts/process-quest-levels.ts:182:33)
    at <anonymous> (/Users/grins/git/warcraft/wow-bis/scripts/process-quest-levels.ts:386:42)
    at processTicksAndRejections (native:7:39)
Full Error: {}
---
[2025-11-03T09:22:24.284Z] ERROR: Error fetching quest 1173 (attempt 2)
Message: Attempted to use detached Frame '03DAD367655A18147D7AE5A08EAEAA20'.
Stack: Error: Attempted to use detached Frame '03DAD367655A18147D7AE5A08EAEAA20'.
    at <anonymous> (/Users/grins/git/warcraft/wow-bis/node_modules/.pnpm/puppeteer-core@24.25.0/node_modules/puppeteer-core/lib/esm/puppeteer/util/decorators.js:99:27)
    at <anonymous> (/Users/grins/git/warcraft/wow-bis/node_modules/.pnpm/puppeteer-core@24.25.0/node_modules/puppeteer-core/lib/esm/puppeteer/api/Page.js:568:43)
    at goto (/Users/grins/git/warcraft/wow-bis/node_modules/.pnpm/puppeteer-core@24.25.0/node_modules/puppeteer-core/lib/esm/puppeteer/api/Page.js:567:20)
    at <anonymous> (/Users/grins/git/warcraft/wow-bis/scripts/process-quest-levels.ts:191:24)
    at fetchQuestRequiredLevel (/Users/grins/git/warcraft/wow-bis/scripts/process-quest-levels.ts:182:33)
    at processTicksAndRejections (native:7:39)
Full Error: {}
---
[2025-11-03T09:22:31.288Z] ERROR: Error fetching quest 1173 (attempt 3)
Message: Attempted to use detached Frame '03DAD367655A18147D7AE5A08EAEAA20'.
Stack: Error: Attempted to use detached Frame '03DAD367655A18147D7AE5A08EAEAA20'.
    at <anonymous> (/Users/grins/git/warcraft/wow-bis/node_modules/.pnpm/puppeteer-core@24.25.0/node_modules/puppeteer-core/lib/esm/puppeteer/util/decorators.js:99:27)
    at <anonymous> (/Users/grins/git/warcraft/wow-bis/node_modules/.pnpm/puppeteer-core@24.25.0/node_modules/puppeteer-core/lib/esm/puppeteer/api/Page.js:568:43)
    at goto (/Users/grins/git/warcraft/wow-bis/node_modules/.pnpm/puppeteer-core@24.25.0/node_modules/puppeteer-core/lib/esm/puppeteer/api/Page.js:567:20)
    at <anonymous> (/Users/grins/git/warcraft/wow-bis/scripts/process-quest-levels.ts:191:24)
    at fetchQuestRequiredLevel (/Users/grins/git/warcraft/wow-bis/scripts/process-quest-levels.ts:182:33)
    at processTicksAndRejections (native:7:39)
Full Error: {}
---
[2025-11-03T09:22:40.292Z] ERROR: Error fetching quest 1173 (attempt 4)
Message: Attempted to use detached Frame '03DAD367655A18147D7AE5A08EAEAA20'.
Stack: Error: Attempted to use detached Frame '03DAD367655A18147D7AE5A08EAEAA20'.
    at <anonymous> (/Users/grins/git/warcraft/wow-bis/node_modules/.pnpm/puppeteer-core@24.25.0/node_modules/puppeteer-core/lib/esm/puppeteer/util/decorators.js:99:27)
    at <anonymous> (/Users/grins/git/warcraft/wow-bis/node_modules/.pnpm/puppeteer-core@24.25.0/node_modules/puppeteer-core/lib/esm/puppeteer/api/Page.js:568:43)
    at goto (/Users/grins/git/warcraft/wow-bis/node_modules/.pnpm/puppeteer-core@24.25.0/node_modules/puppeteer-core/lib/esm/puppeteer/api/Page.js:567:20)
    at <anonymous> (/Users/grins/git/warcraft/wow-bis/scripts/process-quest-levels.ts:191:24)
    at fetchQuestRequiredLevel (/Users/grins/git/warcraft/wow-bis/scripts/process-quest-levels.ts:182:33)
    at processTicksAndRejections (native:7:39)
Full Error: {}
---
[2025-11-03T09:22:50.314Z] ERROR: Error fetching quest 923 (attempt 1)
Message: Attempted to use detached Frame '03DAD367655A18147D7AE5A08EAEAA20'.
Stack: Error: Attempted to use detached Frame '03DAD367655A18147D7AE5A08EAEAA20'.
    at <anonymous> (/Users/grins/git/warcraft/wow-bis/node_modules/.pnpm/puppeteer-core@24.25.0/node_modules/puppeteer-core/lib/esm/puppeteer/util/decorators.js:99:27)
    at <anonymous> (/Users/grins/git/warcraft/wow-bis/node_modules/.pnpm/puppeteer-core@24.25.0/node_modules/puppeteer-core/lib/esm/puppeteer/api/Page.js:568:43)
    at goto (/Users/grins/git/warcraft/wow-bis/node_modules/.pnpm/puppeteer-core@24.25.0/node_modules/puppeteer-core/lib/esm/puppeteer/api/Page.js:567:20)
    at <anonymous> (/Users/grins/git/warcraft/wow-bis/scripts/process-quest-levels.ts:191:24)
    at fetchQuestRequiredLevel (/Users/grins/git/warcraft/wow-bis/scripts/process-quest-levels.ts:182:33)
    at <anonymous> (/Users/grins/git/warcraft/wow-bis/scripts/process-quest-levels.ts:386:42)
    at processTicksAndRejections (native:7:39)
Full Error: {}
---
[2025-11-03T09:22:55.319Z] ERROR: Error fetching quest 923 (attempt 2)
Message: Attempted to use detached Frame '03DAD367655A18147D7AE5A08EAEAA20'.
Stack: Error: Attempted to use detached Frame '03DAD367655A18147D7AE5A08EAEAA20'.
    at <anonymous> (/Users/grins/git/warcraft/wow-bis/node_modules/.pnpm/puppeteer-core@24.25.0/node_modules/puppeteer-core/lib/esm/puppeteer/util/decorators.js:99:27)
    at <anonymous> (/Users/grins/git/warcraft/wow-bis/node_modules/.pnpm/puppeteer-core@24.25.0/node_modules/puppeteer-core/lib/esm/puppeteer/api/Page.js:568:43)
    at goto (/Users/grins/git/warcraft/wow-bis/node_modules/.pnpm/puppeteer-core@24.25.0/node_modules/puppeteer-core/lib/esm/puppeteer/api/Page.js:567:20)
    at <anonymous> (/Users/grins/git/warcraft/wow-bis/scripts/process-quest-levels.ts:191:24)
    at fetchQuestRequiredLevel (/Users/grins/git/warcraft/wow-bis/scripts/process-quest-levels.ts:182:33)
    at processTicksAndRejections (native:7:39)
Full Error: {}
---
[2025-11-03T09:23:02.322Z] ERROR: Error fetching quest 923 (attempt 3)
Message: Attempted to use detached Frame '03DAD367655A18147D7AE5A08EAEAA20'.
Stack: Error: Attempted to use detached Frame '03DAD367655A18147D7AE5A08EAEAA20'.
    at <anonymous> (/Users/grins/git/warcraft/wow-bis/node_modules/.pnpm/puppeteer-core@24.25.0/node_modules/puppeteer-core/lib/esm/puppeteer/util/decorators.js:99:27)
    at <anonymous> (/Users/grins/git/warcraft/wow-bis/node_modules/.pnpm/puppeteer-core@24.25.0/node_modules/puppeteer-core/lib/esm/puppeteer/api/Page.js:568:43)
    at goto (/Users/grins/git/warcraft/wow-bis/node_modules/.pnpm/puppeteer-core@24.25.0/node_modules/puppeteer-core/lib/esm/puppeteer/api/Page.js:567:20)
    at <anonymous> (/Users/grins/git/warcraft/wow-bis/scripts/process-quest-levels.ts:191:24)
    at fetchQuestRequiredLevel (/Users/grins/git/warcraft/wow-bis/scripts/process-quest-levels.ts:182:33)
    at processTicksAndRejections (native:7:39)
Full Error: {}
---
[2025-11-03T09:23:11.325Z] ERROR: Error fetching quest 923 (attempt 4)
Message: Attempted to use detached Frame '03DAD367655A18147D7AE5A08EAEAA20'.
Stack: Error: Attempted to use detached Frame '03DAD367655A18147D7AE5A08EAEAA20'.
    at <anonymous> (/Users/grins/git/warcraft/wow-bis/node_modules/.pnpm/puppeteer-core@24.25.0/node_modules/puppeteer-core/lib/esm/puppeteer/util/decorators.js:99:27)
    at <anonymous> (/Users/grins/git/warcraft/wow-bis/node_modules/.pnpm/puppeteer-core@24.25.0/node_modules/puppeteer-core/lib/esm/puppeteer/api/Page.js:568:43)
    at goto (/Users/grins/git/warcraft/wow-bis/node_modules/.pnpm/puppeteer-core@24.25.0/node_modules/puppeteer-core/lib/esm/puppeteer/api/Page.js:567:20)
    at <anonymous> (/Users/grins/git/warcraft/wow-bis/scripts/process-quest-levels.ts:191:24)
    at fetchQuestRequiredLevel (/Users/grins/git/warcraft/wow-bis/scripts/process-quest-levels.ts:182:33)
    at processTicksAndRejections (native:7:39)
Full Error: {}
---
[2025-11-03T09:23:13.329Z] ERROR: Error fetching quest 41172 (attempt 1)
Message: Attempted to use detached Frame '03DAD367655A18147D7AE5A08EAEAA20'.
Stack: Error: Attempted to use detached Frame '03DAD367655A18147D7AE5A08EAEAA20'.
    at <anonymous> (/Users/grins/git/warcraft/wow-bis/node_modules/.pnpm/puppeteer-core@24.25.0/node_modules/puppeteer-core/lib/esm/puppeteer/util/decorators.js:99:27)
    at <anonymous> (/Users/grins/git/warcraft/wow-bis/node_modules/.pnpm/puppeteer-core@24.25.0/node_modules/puppeteer-core/lib/esm/puppeteer/api/Page.js:568:43)
    at goto (/Users/grins/git/warcraft/wow-bis/node_modules/.pnpm/puppeteer-core@24.25.0/node_modules/puppeteer-core/lib/esm/puppeteer/api/Page.js:567:20)
    at <anonymous> (/Users/grins/git/warcraft/wow-bis/scripts/process-quest-levels.ts:191:24)
    at fetchQuestRequiredLevel (/Users/grins/git/warcraft/wow-bis/scripts/process-quest-levels.ts:182:33)
    at <anonymous> (/Users/grins/git/warcraft/wow-bis/scripts/process-quest-levels.ts:386:42)
    at processTicksAndRejections (native:7:39)
Full Error: {}
---
[2025-11-03T09:23:18.332Z] ERROR: Error fetching quest 41172 (attempt 2)
Message: Attempted to use detached Frame '03DAD367655A18147D7AE5A08EAEAA20'.
Stack: Error: Attempted to use detached Frame '03DAD367655A18147D7AE5A08EAEAA20'.
    at <anonymous> (/Users/grins/git/warcraft/wow-bis/node_modules/.pnpm/puppeteer-core@24.25.0/node_modules/puppeteer-core/lib/esm/puppeteer/util/decorators.js:99:27)
    at <anonymous> (/Users/grins/git/warcraft/wow-bis/node_modules/.pnpm/puppeteer-core@24.25.0/node_modules/puppeteer-core/lib/esm/puppeteer/api/Page.js:568:43)
    at goto (/Users/grins/git/warcraft/wow-bis/node_modules/.pnpm/puppeteer-core@24.25.0/node_modules/puppeteer-core/lib/esm/puppeteer/api/Page.js:567:20)
    at <anonymous> (/Users/grins/git/warcraft/wow-bis/scripts/process-quest-levels.ts:191:24)
    at fetchQuestRequiredLevel (/Users/grins/git/warcraft/wow-bis/scripts/process-quest-levels.ts:182:33)
    at processTicksAndRejections (native:7:39)
Full Error: {}
---
[2025-11-03T09:23:25.335Z] ERROR: Error fetching quest 41172 (attempt 3)
Message: Attempted to use detached Frame '03DAD367655A18147D7AE5A08EAEAA20'.
Stack: Error: Attempted to use detached Frame '03DAD367655A18147D7AE5A08EAEAA20'.
    at <anonymous> (/Users/grins/git/warcraft/wow-bis/node_modules/.pnpm/puppeteer-core@24.25.0/node_modules/puppeteer-core/lib/esm/puppeteer/util/decorators.js:99:27)
    at <anonymous> (/Users/grins/git/warcraft/wow-bis/node_modules/.pnpm/puppeteer-core@24.25.0/node_modules/puppeteer-core/lib/esm/puppeteer/api/Page.js:568:43)
    at goto (/Users/grins/git/warcraft/wow-bis/node_modules/.pnpm/puppeteer-core@24.25.0/node_modules/puppeteer-core/lib/esm/puppeteer/api/Page.js:567:20)
    at <anonymous> (/Users/grins/git/warcraft/wow-bis/scripts/process-quest-levels.ts:191:24)
    at fetchQuestRequiredLevel (/Users/grins/git/warcraft/wow-bis/scripts/process-quest-levels.ts:182:33)
    at processTicksAndRejections (native:7:39)
Full Error: {}
---
[2025-11-03T09:23:34.339Z] ERROR: Error fetching quest 41172 (attempt 4)
Message: Attempted to use detached Frame '03DAD367655A18147D7AE5A08EAEAA20'.
Stack: Error: Attempted to use detached Frame '03DAD367655A18147D7AE5A08EAEAA20'.
    at <anonymous> (/Users/grins/git/warcraft/wow-bis/node_modules/.pnpm/puppeteer-core@24.25.0/node_modules/puppeteer-core/lib/esm/puppeteer/util/decorators.js:99:27)
    at <anonymous> (/Users/grins/git/warcraft/wow-bis/node_modules/.pnpm/puppeteer-core@24.25.0/node_modules/puppeteer-core/lib/esm/puppeteer/api/Page.js:568:43)
    at goto (/Users/grins/git/warcraft/wow-bis/node_modules/.pnpm/puppeteer-core@24.25.0/node_modules/puppeteer-core/lib/esm/puppeteer/api/Page.js:567:20)
    at <anonymous> (/Users/grins/git/warcraft/wow-bis/scripts/process-quest-levels.ts:191:24)
    at fetchQuestRequiredLevel (/Users/grins/git/warcraft/wow-bis/scripts/process-quest-levels.ts:182:33)
    at processTicksAndRejections (native:7:39)
Full Error: {}
---
[2025-11-03T09:23:36.349Z] ERROR: Error fetching quest 39999 (attempt 1)
Message: Attempted to use detached Frame '03DAD367655A18147D7AE5A08EAEAA20'.
Stack: Error: Attempted to use detached Frame '03DAD367655A18147D7AE5A08EAEAA20'.
    at <anonymous> (/Users/grins/git/warcraft/wow-bis/node_modules/.pnpm/puppeteer-core@24.25.0/node_modules/puppeteer-core/lib/esm/puppeteer/util/decorators.js:99:27)
    at <anonymous> (/Users/grins/git/warcraft/wow-bis/node_modules/.pnpm/puppeteer-core@24.25.0/node_modules/puppeteer-core/lib/esm/puppeteer/api/Page.js:568:43)
    at goto (/Users/grins/git/warcraft/wow-bis/node_modules/.pnpm/puppeteer-core@24.25.0/node_modules/puppeteer-core/lib/esm/puppeteer/api/Page.js:567:20)
    at <anonymous> (/Users/grins/git/warcraft/wow-bis/scripts/process-quest-levels.ts:191:24)
    at fetchQuestRequiredLevel (/Users/grins/git/warcraft/wow-bis/scripts/process-quest-levels.ts:182:33)
    at <anonymous> (/Users/grins/git/warcraft/wow-bis/scripts/process-quest-levels.ts:386:42)
    at processTicksAndRejections (native:7:39)
Full Error: {}
---
[2025-11-03T09:23:41.352Z] ERROR: Error fetching quest 39999 (attempt 2)
Message: Attempted to use detached Frame '03DAD367655A18147D7AE5A08EAEAA20'.
Stack: Error: Attempted to use detached Frame '03DAD367655A18147D7AE5A08EAEAA20'.
    at <anonymous> (/Users/grins/git/warcraft/wow-bis/node_modules/.pnpm/puppeteer-core@24.25.0/node_modules/puppeteer-core/lib/esm/puppeteer/util/decorators.js:99:27)
    at <anonymous> (/Users/grins/git/warcraft/wow-bis/node_modules/.pnpm/puppeteer-core@24.25.0/node_modules/puppeteer-core/lib/esm/puppeteer/api/Page.js:568:43)
    at goto (/Users/grins/git/warcraft/wow-bis/node_modules/.pnpm/puppeteer-core@24.25.0/node_modules/puppeteer-core/lib/esm/puppeteer/api/Page.js:567:20)
    at <anonymous> (/Users/grins/git/warcraft/wow-bis/scripts/process-quest-levels.ts:191:24)
    at fetchQuestRequiredLevel (/Users/grins/git/warcraft/wow-bis/scripts/process-quest-levels.ts:182:33)
    at processTicksAndRejections (native:7:39)
Full Error: {}
---
[2025-11-03T09:23:48.355Z] ERROR: Error fetching quest 39999 (attempt 3)
Message: Attempted to use detached Frame '03DAD367655A18147D7AE5A08EAEAA20'.
Stack: Error: Attempted to use detached Frame '03DAD367655A18147D7AE5A08EAEAA20'.
    at <anonymous> (/Users/grins/git/warcraft/wow-bis/node_modules/.pnpm/puppeteer-core@24.25.0/node_modules/puppeteer-core/lib/esm/puppeteer/util/decorators.js:99:27)
    at <anonymous> (/Users/grins/git/warcraft/wow-bis/node_modules/.pnpm/puppeteer-core@24.25.0/node_modules/puppeteer-core/lib/esm/puppeteer/api/Page.js:568:43)
    at goto (/Users/grins/git/warcraft/wow-bis/node_modules/.pnpm/puppeteer-core@24.25.0/node_modules/puppeteer-core/lib/esm/puppeteer/api/Page.js:567:20)
    at <anonymous> (/Users/grins/git/warcraft/wow-bis/scripts/process-quest-levels.ts:191:24)
    at fetchQuestRequiredLevel (/Users/grins/git/warcraft/wow-bis/scripts/process-quest-levels.ts:182:33)
    at processTicksAndRejections (native:7:39)
Full Error: {}
---
[2025-11-03T09:23:57.358Z] ERROR: Error fetching quest 39999 (attempt 4)
Message: Attempted to use detached Frame '03DAD367655A18147D7AE5A08EAEAA20'.
Stack: Error: Attempted to use detached Frame '03DAD367655A18147D7AE5A08EAEAA20'.
    at <anonymous> (/Users/grins/git/warcraft/wow-bis/node_modules/.pnpm/puppeteer-core@24.25.0/node_modules/puppeteer-core/lib/esm/puppeteer/util/decorators.js:99:27)
    at <anonymous> (/Users/grins/git/warcraft/wow-bis/node_modules/.pnpm/puppeteer-core@24.25.0/node_modules/puppeteer-core/lib/esm/puppeteer/api/Page.js:568:43)
    at goto (/Users/grins/git/warcraft/wow-bis/node_modules/.pnpm/puppeteer-core@24.25.0/node_modules/puppeteer-core/lib/esm/puppeteer/api/Page.js:567:20)
    at <anonymous> (/Users/grins/git/warcraft/wow-bis/scripts/process-quest-levels.ts:191:24)
    at fetchQuestRequiredLevel (/Users/grins/git/warcraft/wow-bis/scripts/process-quest-levels.ts:182:33)
    at processTicksAndRejections (native:7:39)
Full Error: {}
---
[2025-11-03T09:23:59.362Z] ERROR: Error fetching quest 99 (attempt 1)
Message: Attempted to use detached Frame '03DAD367655A18147D7AE5A08EAEAA20'.
Stack: Error: Attempted to use detached Frame '03DAD367655A18147D7AE5A08EAEAA20'.
    at <anonymous> (/Users/grins/git/warcraft/wow-bis/node_modules/.pnpm/puppeteer-core@24.25.0/node_modules/puppeteer-core/lib/esm/puppeteer/util/decorators.js:99:27)
    at <anonymous> (/Users/grins/git/warcraft/wow-bis/node_modules/.pnpm/puppeteer-core@24.25.0/node_modules/puppeteer-core/lib/esm/puppeteer/api/Page.js:568:43)
    at goto (/Users/grins/git/warcraft/wow-bis/node_modules/.pnpm/puppeteer-core@24.25.0/node_modules/puppeteer-core/lib/esm/puppeteer/api/Page.js:567:20)
    at <anonymous> (/Users/grins/git/warcraft/wow-bis/scripts/process-quest-levels.ts:191:24)
    at fetchQuestRequiredLevel (/Users/grins/git/warcraft/wow-bis/scripts/process-quest-levels.ts:182:33)
    at <anonymous> (/Users/grins/git/warcraft/wow-bis/scripts/process-quest-levels.ts:386:42)
    at processTicksAndRejections (native:7:39)
Full Error: {}
---
[2025-11-03T09:24:04.363Z] ERROR: Error fetching quest 99 (attempt 2)
Message: Attempted to use detached Frame '03DAD367655A18147D7AE5A08EAEAA20'.
Stack: Error: Attempted to use detached Frame '03DAD367655A18147D7AE5A08EAEAA20'.
    at <anonymous> (/Users/grins/git/warcraft/wow-bis/node_modules/.pnpm/puppeteer-core@24.25.0/node_modules/puppeteer-core/lib/esm/puppeteer/util/decorators.js:99:27)
    at <anonymous> (/Users/grins/git/warcraft/wow-bis/node_modules/.pnpm/puppeteer-core@24.25.0/node_modules/puppeteer-core/lib/esm/puppeteer/api/Page.js:568:43)
    at goto (/Users/grins/git/warcraft/wow-bis/node_modules/.pnpm/puppeteer-core@24.25.0/node_modules/puppeteer-core/lib/esm/puppeteer/api/Page.js:567:20)
    at <anonymous> (/Users/grins/git/warcraft/wow-bis/scripts/process-quest-levels.ts:191:24)
    at fetchQuestRequiredLevel (/Users/grins/git/warcraft/wow-bis/scripts/process-quest-levels.ts:182:33)
    at processTicksAndRejections (native:7:39)
Full Error: {}
---
[2025-11-03T09:24:11.367Z] ERROR: Error fetching quest 99 (attempt 3)
Message: Attempted to use detached Frame '03DAD367655A18147D7AE5A08EAEAA20'.
Stack: Error: Attempted to use detached Frame '03DAD367655A18147D7AE5A08EAEAA20'.
    at <anonymous> (/Users/grins/git/warcraft/wow-bis/node_modules/.pnpm/puppeteer-core@24.25.0/node_modules/puppeteer-core/lib/esm/puppeteer/util/decorators.js:99:27)
    at <anonymous> (/Users/grins/git/warcraft/wow-bis/node_modules/.pnpm/puppeteer-core@24.25.0/node_modules/puppeteer-core/lib/esm/puppeteer/api/Page.js:568:43)
    at goto (/Users/grins/git/warcraft/wow-bis/node_modules/.pnpm/puppeteer-core@24.25.0/node_modules/puppeteer-core/lib/esm/puppeteer/api/Page.js:567:20)
    at <anonymous> (/Users/grins/git/warcraft/wow-bis/scripts/process-quest-levels.ts:191:24)
    at fetchQuestRequiredLevel (/Users/grins/git/warcraft/wow-bis/scripts/process-quest-levels.ts:182:33)
    at processTicksAndRejections (native:7:39)
Full Error: {}
---
[2025-11-03T09:24:20.370Z] ERROR: Error fetching quest 99 (attempt 4)
Message: Attempted to use detached Frame '03DAD367655A18147D7AE5A08EAEAA20'.
Stack: Error: Attempted to use detached Frame '03DAD367655A18147D7AE5A08EAEAA20'.
    at <anonymous> (/Users/grins/git/warcraft/wow-bis/node_modules/.pnpm/puppeteer-core@24.25.0/node_modules/puppeteer-core/lib/esm/puppeteer/util/decorators.js:99:27)
    at <anonymous> (/Users/grins/git/warcraft/wow-bis/node_modules/.pnpm/puppeteer-core@24.25.0/node_modules/puppeteer-core/lib/esm/puppeteer/api/Page.js:568:43)
    at goto (/Users/grins/git/warcraft/wow-bis/node_modules/.pnpm/puppeteer-core@24.25.0/node_modules/puppeteer-core/lib/esm/puppeteer/api/Page.js:567:20)
    at <anonymous> (/Users/grins/git/warcraft/wow-bis/scripts/process-quest-levels.ts:191:24)
    at fetchQuestRequiredLevel (/Users/grins/git/warcraft/wow-bis/scripts/process-quest-levels.ts:182:33)
    at processTicksAndRejections (native:7:39)
Full Error: {}
---
[2025-11-03T09:24:22.375Z] ERROR: Error fetching quest 8786 (attempt 1)
Message: Attempted to use detached Frame '03DAD367655A18147D7AE5A08EAEAA20'.
Stack: Error: Attempted to use detached Frame '03DAD367655A18147D7AE5A08EAEAA20'.
    at <anonymous> (/Users/grins/git/warcraft/wow-bis/node_modules/.pnpm/puppeteer-core@24.25.0/node_modules/puppeteer-core/lib/esm/puppeteer/util/decorators.js:99:27)
    at <anonymous> (/Users/grins/git/warcraft/wow-bis/node_modules/.pnpm/puppeteer-core@24.25.0/node_modules/puppeteer-core/lib/esm/puppeteer/api/Page.js:568:43)
    at goto (/Users/grins/git/warcraft/wow-bis/node_modules/.pnpm/puppeteer-core@24.25.0/node_modules/puppeteer-core/lib/esm/puppeteer/api/Page.js:567:20)
    at <anonymous> (/Users/grins/git/warcraft/wow-bis/scripts/process-quest-levels.ts:191:24)
    at fetchQuestRequiredLevel (/Users/grins/git/warcraft/wow-bis/scripts/process-quest-levels.ts:182:33)
    at <anonymous> (/Users/grins/git/warcraft/wow-bis/scripts/process-quest-levels.ts:386:42)
    at processTicksAndRejections (native:7:39)
Full Error: {}
---
[2025-11-03T09:24:27.378Z] ERROR: Error fetching quest 8786 (attempt 2)
Message: Attempted to use detached Frame '03DAD367655A18147D7AE5A08EAEAA20'.
Stack: Error: Attempted to use detached Frame '03DAD367655A18147D7AE5A08EAEAA20'.
    at <anonymous> (/Users/grins/git/warcraft/wow-bis/node_modules/.pnpm/puppeteer-core@24.25.0/node_modules/puppeteer-core/lib/esm/puppeteer/util/decorators.js:99:27)
    at <anonymous> (/Users/grins/git/warcraft/wow-bis/node_modules/.pnpm/puppeteer-core@24.25.0/node_modules/puppeteer-core/lib/esm/puppeteer/api/Page.js:568:43)
    at goto (/Users/grins/git/warcraft/wow-bis/node_modules/.pnpm/puppeteer-core@24.25.0/node_modules/puppeteer-core/lib/esm/puppeteer/api/Page.js:567:20)
    at <anonymous> (/Users/grins/git/warcraft/wow-bis/scripts/process-quest-levels.ts:191:24)
    at fetchQuestRequiredLevel (/Users/grins/git/warcraft/wow-bis/scripts/process-quest-levels.ts:182:33)
    at processTicksAndRejections (native:7:39)
Full Error: {}
---
[2025-11-03T09:24:34.381Z] ERROR: Error fetching quest 8786 (attempt 3)
Message: Attempted to use detached Frame '03DAD367655A18147D7AE5A08EAEAA20'.
Stack: Error: Attempted to use detached Frame '03DAD367655A18147D7AE5A08EAEAA20'.
    at <anonymous> (/Users/grins/git/warcraft/wow-bis/node_modules/.pnpm/puppeteer-core@24.25.0/node_modules/puppeteer-core/lib/esm/puppeteer/util/decorators.js:99:27)
    at <anonymous> (/Users/grins/git/warcraft/wow-bis/node_modules/.pnpm/puppeteer-core@24.25.0/node_modules/puppeteer-core/lib/esm/puppeteer/api/Page.js:568:43)
    at goto (/Users/grins/git/warcraft/wow-bis/node_modules/.pnpm/puppeteer-core@24.25.0/node_modules/puppeteer-core/lib/esm/puppeteer/api/Page.js:567:20)
    at <anonymous> (/Users/grins/git/warcraft/wow-bis/scripts/process-quest-levels.ts:191:24)
    at fetchQuestRequiredLevel (/Users/grins/git/warcraft/wow-bis/scripts/process-quest-levels.ts:182:33)
    at processTicksAndRejections (native:7:39)
Full Error: {}
---
[2025-11-03T09:24:43.385Z] ERROR: Error fetching quest 8786 (attempt 4)
Message: Attempted to use detached Frame '03DAD367655A18147D7AE5A08EAEAA20'.
Stack: Error: Attempted to use detached Frame '03DAD367655A18147D7AE5A08EAEAA20'.
    at <anonymous> (/Users/grins/git/warcraft/wow-bis/node_modules/.pnpm/puppeteer-core@24.25.0/node_modules/puppeteer-core/lib/esm/puppeteer/util/decorators.js:99:27)
    at <anonymous> (/Users/grins/git/warcraft/wow-bis/node_modules/.pnpm/puppeteer-core@24.25.0/node_modules/puppeteer-core/lib/esm/puppeteer/api/Page.js:568:43)
    at goto (/Users/grins/git/warcraft/wow-bis/node_modules/.pnpm/puppeteer-core@24.25.0/node_modules/puppeteer-core/lib/esm/puppeteer/api/Page.js:567:20)
    at <anonymous> (/Users/grins/git/warcraft/wow-bis/scripts/process-quest-levels.ts:191:24)
    at fetchQuestRequiredLevel (/Users/grins/git/warcraft/wow-bis/scripts/process-quest-levels.ts:182:33)
    at processTicksAndRejections (native:7:39)
Full Error: {}
---
[2025-11-03T09:24:45.389Z] ERROR: Error fetching quest 2240 (attempt 1)
Message: Attempted to use detached Frame '03DAD367655A18147D7AE5A08EAEAA20'.
Stack: Error: Attempted to use detached Frame '03DAD367655A18147D7AE5A08EAEAA20'.
    at <anonymous> (/Users/grins/git/warcraft/wow-bis/node_modules/.pnpm/puppeteer-core@24.25.0/node_modules/puppeteer-core/lib/esm/puppeteer/util/decorators.js:99:27)
    at <anonymous> (/Users/grins/git/warcraft/wow-bis/node_modules/.pnpm/puppeteer-core@24.25.0/node_modules/puppeteer-core/lib/esm/puppeteer/api/Page.js:568:43)
    at goto (/Users/grins/git/warcraft/wow-bis/node_modules/.pnpm/puppeteer-core@24.25.0/node_modules/puppeteer-core/lib/esm/puppeteer/api/Page.js:567:20)
    at <anonymous> (/Users/grins/git/warcraft/wow-bis/scripts/process-quest-levels.ts:191:24)
    at fetchQuestRequiredLevel (/Users/grins/git/warcraft/wow-bis/scripts/process-quest-levels.ts:182:33)
    at <anonymous> (/Users/grins/git/warcraft/wow-bis/scripts/process-quest-levels.ts:386:42)
    at processTicksAndRejections (native:7:39)
Full Error: {}
---
[2025-11-03T09:24:50.393Z] ERROR: Error fetching quest 2240 (attempt 2)
Message: Attempted to use detached Frame '03DAD367655A18147D7AE5A08EAEAA20'.
Stack: Error: Attempted to use detached Frame '03DAD367655A18147D7AE5A08EAEAA20'.
    at <anonymous> (/Users/grins/git/warcraft/wow-bis/node_modules/.pnpm/puppeteer-core@24.25.0/node_modules/puppeteer-core/lib/esm/puppeteer/util/decorators.js:99:27)
    at <anonymous> (/Users/grins/git/warcraft/wow-bis/node_modules/.pnpm/puppeteer-core@24.25.0/node_modules/puppeteer-core/lib/esm/puppeteer/api/Page.js:568:43)
    at goto (/Users/grins/git/warcraft/wow-bis/node_modules/.pnpm/puppeteer-core@24.25.0/node_modules/puppeteer-core/lib/esm/puppeteer/api/Page.js:567:20)
    at <anonymous> (/Users/grins/git/warcraft/wow-bis/scripts/process-quest-levels.ts:191:24)
    at fetchQuestRequiredLevel (/Users/grins/git/warcraft/wow-bis/scripts/process-quest-levels.ts:182:33)
    at processTicksAndRejections (native:7:39)
Full Error: {}
---
[2025-11-03T09:24:57.396Z] ERROR: Error fetching quest 2240 (attempt 3)
Message: Attempted to use detached Frame '03DAD367655A18147D7AE5A08EAEAA20'.
Stack: Error: Attempted to use detached Frame '03DAD367655A18147D7AE5A08EAEAA20'.
    at <anonymous> (/Users/grins/git/warcraft/wow-bis/node_modules/.pnpm/puppeteer-core@24.25.0/node_modules/puppeteer-core/lib/esm/puppeteer/util/decorators.js:99:27)
    at <anonymous> (/Users/grins/git/warcraft/wow-bis/node_modules/.pnpm/puppeteer-core@24.25.0/node_modules/puppeteer-core/lib/esm/puppeteer/api/Page.js:568:43)
    at goto (/Users/grins/git/warcraft/wow-bis/node_modules/.pnpm/puppeteer-core@24.25.0/node_modules/puppeteer-core/lib/esm/puppeteer/api/Page.js:567:20)
    at <anonymous> (/Users/grins/git/warcraft/wow-bis/scripts/process-quest-levels.ts:191:24)
    at fetchQuestRequiredLevel (/Users/grins/git/warcraft/wow-bis/scripts/process-quest-levels.ts:182:33)
    at processTicksAndRejections (native:7:39)
Full Error: {}
---
[2025-11-03T09:25:06.399Z] ERROR: Error fetching quest 2240 (attempt 4)
Message: Attempted to use detached Frame '03DAD367655A18147D7AE5A08EAEAA20'.
Stack: Error: Attempted to use detached Frame '03DAD367655A18147D7AE5A08EAEAA20'.
    at <anonymous> (/Users/grins/git/warcraft/wow-bis/node_modules/.pnpm/puppeteer-core@24.25.0/node_modules/puppeteer-core/lib/esm/puppeteer/util/decorators.js:99:27)
    at <anonymous> (/Users/grins/git/warcraft/wow-bis/node_modules/.pnpm/puppeteer-core@24.25.0/node_modules/puppeteer-core/lib/esm/puppeteer/api/Page.js:568:43)
    at goto (/Users/grins/git/warcraft/wow-bis/node_modules/.pnpm/puppeteer-core@24.25.0/node_modules/puppeteer-core/lib/esm/puppeteer/api/Page.js:567:20)
    at <anonymous> (/Users/grins/git/warcraft/wow-bis/scripts/process-quest-levels.ts:191:24)
    at fetchQuestRequiredLevel (/Users/grins/git/warcraft/wow-bis/scripts/process-quest-levels.ts:182:33)
    at processTicksAndRejections (native:7:39)
Full Error: {}
---
[2025-11-03T09:25:08.403Z] ERROR: Error fetching quest 4301 (attempt 1)
Message: Attempted to use detached Frame '03DAD367655A18147D7AE5A08EAEAA20'.
Stack: Error: Attempted to use detached Frame '03DAD367655A18147D7AE5A08EAEAA20'.
    at <anonymous> (/Users/grins/git/warcraft/wow-bis/node_modules/.pnpm/puppeteer-core@24.25.0/node_modules/puppeteer-core/lib/esm/puppeteer/util/decorators.js:99:27)
    at <anonymous> (/Users/grins/git/warcraft/wow-bis/node_modules/.pnpm/puppeteer-core@24.25.0/node_modules/puppeteer-core/lib/esm/puppeteer/api/Page.js:568:43)
    at goto (/Users/grins/git/warcraft/wow-bis/node_modules/.pnpm/puppeteer-core@24.25.0/node_modules/puppeteer-core/lib/esm/puppeteer/api/Page.js:567:20)
    at <anonymous> (/Users/grins/git/warcraft/wow-bis/scripts/process-quest-levels.ts:191:24)
    at fetchQuestRequiredLevel (/Users/grins/git/warcraft/wow-bis/scripts/process-quest-levels.ts:182:33)
    at <anonymous> (/Users/grins/git/warcraft/wow-bis/scripts/process-quest-levels.ts:386:42)
    at processTicksAndRejections (native:7:39)
Full Error: {}
---
[2025-11-03T09:25:13.407Z] ERROR: Error fetching quest 4301 (attempt 2)
Message: Attempted to use detached Frame '03DAD367655A18147D7AE5A08EAEAA20'.
Stack: Error: Attempted to use detached Frame '03DAD367655A18147D7AE5A08EAEAA20'.
    at <anonymous> (/Users/grins/git/warcraft/wow-bis/node_modules/.pnpm/puppeteer-core@24.25.0/node_modules/puppeteer-core/lib/esm/puppeteer/util/decorators.js:99:27)
    at <anonymous> (/Users/grins/git/warcraft/wow-bis/node_modules/.pnpm/puppeteer-core@24.25.0/node_modules/puppeteer-core/lib/esm/puppeteer/api/Page.js:568:43)
    at goto (/Users/grins/git/warcraft/wow-bis/node_modules/.pnpm/puppeteer-core@24.25.0/node_modules/puppeteer-core/lib/esm/puppeteer/api/Page.js:567:20)
    at <anonymous> (/Users/grins/git/warcraft/wow-bis/scripts/process-quest-levels.ts:191:24)
    at fetchQuestRequiredLevel (/Users/grins/git/warcraft/wow-bis/scripts/process-quest-levels.ts:182:33)
    at processTicksAndRejections (native:7:39)
Full Error: {}
---
[2025-11-03T09:25:20.410Z] ERROR: Error fetching quest 4301 (attempt 3)
Message: Attempted to use detached Frame '03DAD367655A18147D7AE5A08EAEAA20'.
Stack: Error: Attempted to use detached Frame '03DAD367655A18147D7AE5A08EAEAA20'.
    at <anonymous> (/Users/grins/git/warcraft/wow-bis/node_modules/.pnpm/puppeteer-core@24.25.0/node_modules/puppeteer-core/lib/esm/puppeteer/util/decorators.js:99:27)
    at <anonymous> (/Users/grins/git/warcraft/wow-bis/node_modules/.pnpm/puppeteer-core@24.25.0/node_modules/puppeteer-core/lib/esm/puppeteer/api/Page.js:568:43)
    at goto (/Users/grins/git/warcraft/wow-bis/node_modules/.pnpm/puppeteer-core@24.25.0/node_modules/puppeteer-core/lib/esm/puppeteer/api/Page.js:567:20)
    at <anonymous> (/Users/grins/git/warcraft/wow-bis/scripts/process-quest-levels.ts:191:24)
    at fetchQuestRequiredLevel (/Users/grins/git/warcraft/wow-bis/scripts/process-quest-levels.ts:182:33)
    at processTicksAndRejections (native:7:39)
Full Error: {}
---
[2025-11-03T09:25:29.413Z] ERROR: Error fetching quest 4301 (attempt 4)
Message: Attempted to use detached Frame '03DAD367655A18147D7AE5A08EAEAA20'.
Stack: Error: Attempted to use detached Frame '03DAD367655A18147D7AE5A08EAEAA20'.
    at <anonymous> (/Users/grins/git/warcraft/wow-bis/node_modules/.pnpm/puppeteer-core@24.25.0/node_modules/puppeteer-core/lib/esm/puppeteer/util/decorators.js:99:27)
    at <anonymous> (/Users/grins/git/warcraft/wow-bis/node_modules/.pnpm/puppeteer-core@24.25.0/node_modules/puppeteer-core/lib/esm/puppeteer/api/Page.js:568:43)
    at goto (/Users/grins/git/warcraft/wow-bis/node_modules/.pnpm/puppeteer-core@24.25.0/node_modules/puppeteer-core/lib/esm/puppeteer/api/Page.js:567:20)
    at <anonymous> (/Users/grins/git/warcraft/wow-bis/scripts/process-quest-levels.ts:191:24)
    at fetchQuestRequiredLevel (/Users/grins/git/warcraft/wow-bis/scripts/process-quest-levels.ts:182:33)
    at processTicksAndRejections (native:7:39)
Full Error: {}
---
[2025-11-03T09:25:31.416Z] ERROR: Error fetching quest 4126 (attempt 1)
Message: Attempted to use detached Frame '03DAD367655A18147D7AE5A08EAEAA20'.
Stack: Error: Attempted to use detached Frame '03DAD367655A18147D7AE5A08EAEAA20'.
    at <anonymous> (/Users/grins/git/warcraft/wow-bis/node_modules/.pnpm/puppeteer-core@24.25.0/node_modules/puppeteer-core/lib/esm/puppeteer/util/decorators.js:99:27)
    at <anonymous> (/Users/grins/git/warcraft/wow-bis/node_modules/.pnpm/puppeteer-core@24.25.0/node_modules/puppeteer-core/lib/esm/puppeteer/api/Page.js:568:43)
    at goto (/Users/grins/git/warcraft/wow-bis/node_modules/.pnpm/puppeteer-core@24.25.0/node_modules/puppeteer-core/lib/esm/puppeteer/api/Page.js:567:20)
    at <anonymous> (/Users/grins/git/warcraft/wow-bis/scripts/process-quest-levels.ts:191:24)
    at fetchQuestRequiredLevel (/Users/grins/git/warcraft/wow-bis/scripts/process-quest-levels.ts:182:33)
    at <anonymous> (/Users/grins/git/warcraft/wow-bis/scripts/process-quest-levels.ts:386:42)
    at processTicksAndRejections (native:7:39)
Full Error: {}
---
[2025-11-03T09:25:36.418Z] ERROR: Error fetching quest 4126 (attempt 2)
Message: Attempted to use detached Frame '03DAD367655A18147D7AE5A08EAEAA20'.
Stack: Error: Attempted to use detached Frame '03DAD367655A18147D7AE5A08EAEAA20'.
    at <anonymous> (/Users/grins/git/warcraft/wow-bis/node_modules/.pnpm/puppeteer-core@24.25.0/node_modules/puppeteer-core/lib/esm/puppeteer/util/decorators.js:99:27)
    at <anonymous> (/Users/grins/git/warcraft/wow-bis/node_modules/.pnpm/puppeteer-core@24.25.0/node_modules/puppeteer-core/lib/esm/puppeteer/api/Page.js:568:43)
    at goto (/Users/grins/git/warcraft/wow-bis/node_modules/.pnpm/puppeteer-core@24.25.0/node_modules/puppeteer-core/lib/esm/puppeteer/api/Page.js:567:20)
    at <anonymous> (/Users/grins/git/warcraft/wow-bis/scripts/process-quest-levels.ts:191:24)
    at fetchQuestRequiredLevel (/Users/grins/git/warcraft/wow-bis/scripts/process-quest-levels.ts:182:33)
    at processTicksAndRejections (native:7:39)
Full Error: {}
---
[2025-11-03T09:25:43.421Z] ERROR: Error fetching quest 4126 (attempt 3)
Message: Attempted to use detached Frame '03DAD367655A18147D7AE5A08EAEAA20'.
Stack: Error: Attempted to use detached Frame '03DAD367655A18147D7AE5A08EAEAA20'.
    at <anonymous> (/Users/grins/git/warcraft/wow-bis/node_modules/.pnpm/puppeteer-core@24.25.0/node_modules/puppeteer-core/lib/esm/puppeteer/util/decorators.js:99:27)
    at <anonymous> (/Users/grins/git/warcraft/wow-bis/node_modules/.pnpm/puppeteer-core@24.25.0/node_modules/puppeteer-core/lib/esm/puppeteer/api/Page.js:568:43)
    at goto (/Users/grins/git/warcraft/wow-bis/node_modules/.pnpm/puppeteer-core@24.25.0/node_modules/puppeteer-core/lib/esm/puppeteer/api/Page.js:567:20)
    at <anonymous> (/Users/grins/git/warcraft/wow-bis/scripts/process-quest-levels.ts:191:24)
    at fetchQuestRequiredLevel (/Users/grins/git/warcraft/wow-bis/scripts/process-quest-levels.ts:182:33)
    at processTicksAndRejections (native:7:39)
Full Error: {}
---
[2025-11-03T09:25:52.424Z] ERROR: Error fetching quest 4126 (attempt 4)
Message: Attempted to use detached Frame '03DAD367655A18147D7AE5A08EAEAA20'.
Stack: Error: Attempted to use detached Frame '03DAD367655A18147D7AE5A08EAEAA20'.
    at <anonymous> (/Users/grins/git/warcraft/wow-bis/node_modules/.pnpm/puppeteer-core@24.25.0/node_modules/puppeteer-core/lib/esm/puppeteer/util/decorators.js:99:27)
    at <anonymous> (/Users/grins/git/warcraft/wow-bis/node_modules/.pnpm/puppeteer-core@24.25.0/node_modules/puppeteer-core/lib/esm/puppeteer/api/Page.js:568:43)
    at goto (/Users/grins/git/warcraft/wow-bis/node_modules/.pnpm/puppeteer-core@24.25.0/node_modules/puppeteer-core/lib/esm/puppeteer/api/Page.js:567:20)
    at <anonymous> (/Users/grins/git/warcraft/wow-bis/scripts/process-quest-levels.ts:191:24)
    at fetchQuestRequiredLevel (/Users/grins/git/warcraft/wow-bis/scripts/process-quest-levels.ts:182:33)
    at processTicksAndRejections (native:7:39)
Full Error: {}
---
[2025-11-03T09:25:54.427Z] ERROR: Error fetching quest 4134 (attempt 1)
Message: Attempted to use detached Frame '03DAD367655A18147D7AE5A08EAEAA20'.
Stack: Error: Attempted to use detached Frame '03DAD367655A18147D7AE5A08EAEAA20'.
    at <anonymous> (/Users/grins/git/warcraft/wow-bis/node_modules/.pnpm/puppeteer-core@24.25.0/node_modules/puppeteer-core/lib/esm/puppeteer/util/decorators.js:99:27)
    at <anonymous> (/Users/grins/git/warcraft/wow-bis/node_modules/.pnpm/puppeteer-core@24.25.0/node_modules/puppeteer-core/lib/esm/puppeteer/api/Page.js:568:43)
    at goto (/Users/grins/git/warcraft/wow-bis/node_modules/.pnpm/puppeteer-core@24.25.0/node_modules/puppeteer-core/lib/esm/puppeteer/api/Page.js:567:20)
    at <anonymous> (/Users/grins/git/warcraft/wow-bis/scripts/process-quest-levels.ts:191:24)
    at fetchQuestRequiredLevel (/Users/grins/git/warcraft/wow-bis/scripts/process-quest-levels.ts:182:33)
    at <anonymous> (/Users/grins/git/warcraft/wow-bis/scripts/process-quest-levels.ts:386:42)
    at processTicksAndRejections (native:7:39)
Full Error: {}
---
[2025-11-03T09:25:59.430Z] ERROR: Error fetching quest 4134 (attempt 2)
Message: Attempted to use detached Frame '03DAD367655A18147D7AE5A08EAEAA20'.
Stack: Error: Attempted to use detached Frame '03DAD367655A18147D7AE5A08EAEAA20'.
    at <anonymous> (/Users/grins/git/warcraft/wow-bis/node_modules/.pnpm/puppeteer-core@24.25.0/node_modules/puppeteer-core/lib/esm/puppeteer/util/decorators.js:99:27)
    at <anonymous> (/Users/grins/git/warcraft/wow-bis/node_modules/.pnpm/puppeteer-core@24.25.0/node_modules/puppeteer-core/lib/esm/puppeteer/api/Page.js:568:43)
    at goto (/Users/grins/git/warcraft/wow-bis/node_modules/.pnpm/puppeteer-core@24.25.0/node_modules/puppeteer-core/lib/esm/puppeteer/api/Page.js:567:20)
    at <anonymous> (/Users/grins/git/warcraft/wow-bis/scripts/process-quest-levels.ts:191:24)
    at fetchQuestRequiredLevel (/Users/grins/git/warcraft/wow-bis/scripts/process-quest-levels.ts:182:33)
    at processTicksAndRejections (native:7:39)
Full Error: {}
---
[2025-11-03T09:26:06.433Z] ERROR: Error fetching quest 4134 (attempt 3)
Message: Attempted to use detached Frame '03DAD367655A18147D7AE5A08EAEAA20'.
Stack: Error: Attempted to use detached Frame '03DAD367655A18147D7AE5A08EAEAA20'.
    at <anonymous> (/Users/grins/git/warcraft/wow-bis/node_modules/.pnpm/puppeteer-core@24.25.0/node_modules/puppeteer-core/lib/esm/puppeteer/util/decorators.js:99:27)
    at <anonymous> (/Users/grins/git/warcraft/wow-bis/node_modules/.pnpm/puppeteer-core@24.25.0/node_modules/puppeteer-core/lib/esm/puppeteer/api/Page.js:568:43)
    at goto (/Users/grins/git/warcraft/wow-bis/node_modules/.pnpm/puppeteer-core@24.25.0/node_modules/puppeteer-core/lib/esm/puppeteer/api/Page.js:567:20)
    at <anonymous> (/Users/grins/git/warcraft/wow-bis/scripts/process-quest-levels.ts:191:24)
    at fetchQuestRequiredLevel (/Users/grins/git/warcraft/wow-bis/scripts/process-quest-levels.ts:182:33)
    at processTicksAndRejections (native:7:39)
Full Error: {}
---
[2025-11-03T09:26:15.437Z] ERROR: Error fetching quest 4134 (attempt 4)
Message: Attempted to use detached Frame '03DAD367655A18147D7AE5A08EAEAA20'.
Stack: Error: Attempted to use detached Frame '03DAD367655A18147D7AE5A08EAEAA20'.
    at <anonymous> (/Users/grins/git/warcraft/wow-bis/node_modules/.pnpm/puppeteer-core@24.25.0/node_modules/puppeteer-core/lib/esm/puppeteer/util/decorators.js:99:27)
    at <anonymous> (/Users/grins/git/warcraft/wow-bis/node_modules/.pnpm/puppeteer-core@24.25.0/node_modules/puppeteer-core/lib/esm/puppeteer/api/Page.js:568:43)
    at goto (/Users/grins/git/warcraft/wow-bis/node_modules/.pnpm/puppeteer-core@24.25.0/node_modules/puppeteer-core/lib/esm/puppeteer/api/Page.js:567:20)
    at <anonymous> (/Users/grins/git/warcraft/wow-bis/scripts/process-quest-levels.ts:191:24)
    at fetchQuestRequiredLevel (/Users/grins/git/warcraft/wow-bis/scripts/process-quest-levels.ts:182:33)
    at processTicksAndRejections (native:7:39)
Full Error: {}
---
[2025-11-03T09:26:17.442Z] ERROR: Error fetching quest 9182 (attempt 1)
Message: Attempted to use detached Frame '03DAD367655A18147D7AE5A08EAEAA20'.
Stack: Error: Attempted to use detached Frame '03DAD367655A18147D7AE5A08EAEAA20'.
    at <anonymous> (/Users/grins/git/warcraft/wow-bis/node_modules/.pnpm/puppeteer-core@24.25.0/node_modules/puppeteer-core/lib/esm/puppeteer/util/decorators.js:99:27)
    at <anonymous> (/Users/grins/git/warcraft/wow-bis/node_modules/.pnpm/puppeteer-core@24.25.0/node_modules/puppeteer-core/lib/esm/puppeteer/api/Page.js:568:43)
    at goto (/Users/grins/git/warcraft/wow-bis/node_modules/.pnpm/puppeteer-core@24.25.0/node_modules/puppeteer-core/lib/esm/puppeteer/api/Page.js:567:20)
    at <anonymous> (/Users/grins/git/warcraft/wow-bis/scripts/process-quest-levels.ts:191:24)
    at fetchQuestRequiredLevel (/Users/grins/git/warcraft/wow-bis/scripts/process-quest-levels.ts:182:33)
    at <anonymous> (/Users/grins/git/warcraft/wow-bis/scripts/process-quest-levels.ts:386:42)
    at processTicksAndRejections (native:7:39)
Full Error: {}
---
[2025-11-03T09:26:22.445Z] ERROR: Error fetching quest 9182 (attempt 2)
Message: Attempted to use detached Frame '03DAD367655A18147D7AE5A08EAEAA20'.
Stack: Error: Attempted to use detached Frame '03DAD367655A18147D7AE5A08EAEAA20'.
    at <anonymous> (/Users/grins/git/warcraft/wow-bis/node_modules/.pnpm/puppeteer-core@24.25.0/node_modules/puppeteer-core/lib/esm/puppeteer/util/decorators.js:99:27)
    at <anonymous> (/Users/grins/git/warcraft/wow-bis/node_modules/.pnpm/puppeteer-core@24.25.0/node_modules/puppeteer-core/lib/esm/puppeteer/api/Page.js:568:43)
    at goto (/Users/grins/git/warcraft/wow-bis/node_modules/.pnpm/puppeteer-core@24.25.0/node_modules/puppeteer-core/lib/esm/puppeteer/api/Page.js:567:20)
    at <anonymous> (/Users/grins/git/warcraft/wow-bis/scripts/process-quest-levels.ts:191:24)
    at fetchQuestRequiredLevel (/Users/grins/git/warcraft/wow-bis/scripts/process-quest-levels.ts:182:33)
    at processTicksAndRejections (native:7:39)
Full Error: {}
---
[2025-11-03T09:26:29.448Z] ERROR: Error fetching quest 9182 (attempt 3)
Message: Attempted to use detached Frame '03DAD367655A18147D7AE5A08EAEAA20'.
Stack: Error: Attempted to use detached Frame '03DAD367655A18147D7AE5A08EAEAA20'.
    at <anonymous> (/Users/grins/git/warcraft/wow-bis/node_modules/.pnpm/puppeteer-core@24.25.0/node_modules/puppeteer-core/lib/esm/puppeteer/util/decorators.js:99:27)
    at <anonymous> (/Users/grins/git/warcraft/wow-bis/node_modules/.pnpm/puppeteer-core@24.25.0/node_modules/puppeteer-core/lib/esm/puppeteer/api/Page.js:568:43)
    at goto (/Users/grins/git/warcraft/wow-bis/node_modules/.pnpm/puppeteer-core@24.25.0/node_modules/puppeteer-core/lib/esm/puppeteer/api/Page.js:567:20)
    at <anonymous> (/Users/grins/git/warcraft/wow-bis/scripts/process-quest-levels.ts:191:24)
    at fetchQuestRequiredLevel (/Users/grins/git/warcraft/wow-bis/scripts/process-quest-levels.ts:182:33)
    at processTicksAndRejections (native:7:39)
Full Error: {}
---
[2025-11-03T09:26:38.450Z] ERROR: Error fetching quest 9182 (attempt 4)
Message: Attempted to use detached Frame '03DAD367655A18147D7AE5A08EAEAA20'.
Stack: Error: Attempted to use detached Frame '03DAD367655A18147D7AE5A08EAEAA20'.
    at <anonymous> (/Users/grins/git/warcraft/wow-bis/node_modules/.pnpm/puppeteer-core@24.25.0/node_modules/puppeteer-core/lib/esm/puppeteer/util/decorators.js:99:27)
    at <anonymous> (/Users/grins/git/warcraft/wow-bis/node_modules/.pnpm/puppeteer-core@24.25.0/node_modules/puppeteer-core/lib/esm/puppeteer/api/Page.js:568:43)
    at goto (/Users/grins/git/warcraft/wow-bis/node_modules/.pnpm/puppeteer-core@24.25.0/node_modules/puppeteer-core/lib/esm/puppeteer/api/Page.js:567:20)
    at <anonymous> (/Users/grins/git/warcraft/wow-bis/scripts/process-quest-levels.ts:191:24)
    at fetchQuestRequiredLevel (/Users/grins/git/warcraft/wow-bis/scripts/process-quest-levels.ts:182:33)
    at processTicksAndRejections (native:7:39)
Full Error: {}
---
[2025-11-03T09:26:40.456Z] ERROR: Error fetching quest 41665 (attempt 1)
Message: Attempted to use detached Frame '03DAD367655A18147D7AE5A08EAEAA20'.
Stack: Error: Attempted to use detached Frame '03DAD367655A18147D7AE5A08EAEAA20'.
    at <anonymous> (/Users/grins/git/warcraft/wow-bis/node_modules/.pnpm/puppeteer-core@24.25.0/node_modules/puppeteer-core/lib/esm/puppeteer/util/decorators.js:99:27)
    at <anonymous> (/Users/grins/git/warcraft/wow-bis/node_modules/.pnpm/puppeteer-core@24.25.0/node_modules/puppeteer-core/lib/esm/puppeteer/api/Page.js:568:43)
    at goto (/Users/grins/git/warcraft/wow-bis/node_modules/.pnpm/puppeteer-core@24.25.0/node_modules/puppeteer-core/lib/esm/puppeteer/api/Page.js:567:20)
    at <anonymous> (/Users/grins/git/warcraft/wow-bis/scripts/process-quest-levels.ts:191:24)
    at fetchQuestRequiredLevel (/Users/grins/git/warcraft/wow-bis/scripts/process-quest-levels.ts:182:33)
    at <anonymous> (/Users/grins/git/warcraft/wow-bis/scripts/process-quest-levels.ts:386:42)
    at processTicksAndRejections (native:7:39)
Full Error: {}
---
[2025-11-03T09:26:45.460Z] ERROR: Error fetching quest 41665 (attempt 2)
Message: Attempted to use detached Frame '03DAD367655A18147D7AE5A08EAEAA20'.
Stack: Error: Attempted to use detached Frame '03DAD367655A18147D7AE5A08EAEAA20'.
    at <anonymous> (/Users/grins/git/warcraft/wow-bis/node_modules/.pnpm/puppeteer-core@24.25.0/node_modules/puppeteer-core/lib/esm/puppeteer/util/decorators.js:99:27)
    at <anonymous> (/Users/grins/git/warcraft/wow-bis/node_modules/.pnpm/puppeteer-core@24.25.0/node_modules/puppeteer-core/lib/esm/puppeteer/api/Page.js:568:43)
    at goto (/Users/grins/git/warcraft/wow-bis/node_modules/.pnpm/puppeteer-core@24.25.0/node_modules/puppeteer-core/lib/esm/puppeteer/api/Page.js:567:20)
    at <anonymous> (/Users/grins/git/warcraft/wow-bis/scripts/process-quest-levels.ts:191:24)
    at fetchQuestRequiredLevel (/Users/grins/git/warcraft/wow-bis/scripts/process-quest-levels.ts:182:33)
    at processTicksAndRejections (native:7:39)
Full Error: {}
---
[2025-11-03T09:37:24.583Z] ERROR: Error fetching quest 41665 (attempt 3)
Message: Attempted to use detached Frame '03DAD367655A18147D7AE5A08EAEAA20'.
Stack: Error: Attempted to use detached Frame '03DAD367655A18147D7AE5A08EAEAA20'.
    at <anonymous> (/Users/grins/git/warcraft/wow-bis/node_modules/.pnpm/puppeteer-core@24.25.0/node_modules/puppeteer-core/lib/esm/puppeteer/util/decorators.js:99:27)
    at <anonymous> (/Users/grins/git/warcraft/wow-bis/node_modules/.pnpm/puppeteer-core@24.25.0/node_modules/puppeteer-core/lib/esm/puppeteer/api/Page.js:568:43)
    at goto (/Users/grins/git/warcraft/wow-bis/node_modules/.pnpm/puppeteer-core@24.25.0/node_modules/puppeteer-core/lib/esm/puppeteer/api/Page.js:567:20)
    at <anonymous> (/Users/grins/git/warcraft/wow-bis/scripts/process-quest-levels.ts:191:24)
    at fetchQuestRequiredLevel (/Users/grins/git/warcraft/wow-bis/scripts/process-quest-levels.ts:182:33)
    at processTicksAndRejections (native:7:39)
Full Error: {}
---
[2025-11-03T09:37:33.703Z] ERROR: Error fetching quest 41665 (attempt 4)
Message: Attempted to use detached Frame '03DAD367655A18147D7AE5A08EAEAA20'.
Stack: Error: Attempted to use detached Frame '03DAD367655A18147D7AE5A08EAEAA20'.
    at <anonymous> (/Users/grins/git/warcraft/wow-bis/node_modules/.pnpm/puppeteer-core@24.25.0/node_modules/puppeteer-core/lib/esm/puppeteer/util/decorators.js:99:27)
    at <anonymous> (/Users/grins/git/warcraft/wow-bis/node_modules/.pnpm/puppeteer-core@24.25.0/node_modules/puppeteer-core/lib/esm/puppeteer/api/Page.js:568:43)
    at goto (/Users/grins/git/warcraft/wow-bis/node_modules/.pnpm/puppeteer-core@24.25.0/node_modules/puppeteer-core/lib/esm/puppeteer/api/Page.js:567:20)
    at <anonymous> (/Users/grins/git/warcraft/wow-bis/scripts/process-quest-levels.ts:191:24)
    at fetchQuestRequiredLevel (/Users/grins/git/warcraft/wow-bis/scripts/process-quest-levels.ts:182:33)
    at processTicksAndRejections (native:7:39)
Full Error: {}
---
[2025-11-03T09:37:35.704Z] ERROR: Error fetching quest 41641 (attempt 1)
Message: Attempted to use detached Frame '03DAD367655A18147D7AE5A08EAEAA20'.
Stack: Error: Attempted to use detached Frame '03DAD367655A18147D7AE5A08EAEAA20'.
    at <anonymous> (/Users/grins/git/warcraft/wow-bis/node_modules/.pnpm/puppeteer-core@24.25.0/node_modules/puppeteer-core/lib/esm/puppeteer/util/decorators.js:99:27)
    at <anonymous> (/Users/grins/git/warcraft/wow-bis/node_modules/.pnpm/puppeteer-core@24.25.0/node_modules/puppeteer-core/lib/esm/puppeteer/api/Page.js:568:43)
    at goto (/Users/grins/git/warcraft/wow-bis/node_modules/.pnpm/puppeteer-core@24.25.0/node_modules/puppeteer-core/lib/esm/puppeteer/api/Page.js:567:20)
    at <anonymous> (/Users/grins/git/warcraft/wow-bis/scripts/process-quest-levels.ts:191:24)
    at fetchQuestRequiredLevel (/Users/grins/git/warcraft/wow-bis/scripts/process-quest-levels.ts:182:33)
    at <anonymous> (/Users/grins/git/warcraft/wow-bis/scripts/process-quest-levels.ts:386:42)
    at processTicksAndRejections (native:7:39)
Full Error: {}
---
[2025-11-03T09:37:40.704Z] ERROR: Error fetching quest 41641 (attempt 2)
Message: Attempted to use detached Frame '03DAD367655A18147D7AE5A08EAEAA20'.
Stack: Error: Attempted to use detached Frame '03DAD367655A18147D7AE5A08EAEAA20'.
    at <anonymous> (/Users/grins/git/warcraft/wow-bis/node_modules/.pnpm/puppeteer-core@24.25.0/node_modules/puppeteer-core/lib/esm/puppeteer/util/decorators.js:99:27)
    at <anonymous> (/Users/grins/git/warcraft/wow-bis/node_modules/.pnpm/puppeteer-core@24.25.0/node_modules/puppeteer-core/lib/esm/puppeteer/api/Page.js:568:43)
    at goto (/Users/grins/git/warcraft/wow-bis/node_modules/.pnpm/puppeteer-core@24.25.0/node_modules/puppeteer-core/lib/esm/puppeteer/api/Page.js:567:20)
    at <anonymous> (/Users/grins/git/warcraft/wow-bis/scripts/process-quest-levels.ts:191:24)
    at fetchQuestRequiredLevel (/Users/grins/git/warcraft/wow-bis/scripts/process-quest-levels.ts:182:33)
    at processTicksAndRejections (native:7:39)
Full Error: {}
---
[2025-11-03T09:37:47.704Z] ERROR: Error fetching quest 41641 (attempt 3)
Message: Attempted to use detached Frame '03DAD367655A18147D7AE5A08EAEAA20'.
Stack: Error: Attempted to use detached Frame '03DAD367655A18147D7AE5A08EAEAA20'.
    at <anonymous> (/Users/grins/git/warcraft/wow-bis/node_modules/.pnpm/puppeteer-core@24.25.0/node_modules/puppeteer-core/lib/esm/puppeteer/util/decorators.js:99:27)
    at <anonymous> (/Users/grins/git/warcraft/wow-bis/node_modules/.pnpm/puppeteer-core@24.25.0/node_modules/puppeteer-core/lib/esm/puppeteer/api/Page.js:568:43)
    at goto (/Users/grins/git/warcraft/wow-bis/node_modules/.pnpm/puppeteer-core@24.25.0/node_modules/puppeteer-core/lib/esm/puppeteer/api/Page.js:567:20)
    at <anonymous> (/Users/grins/git/warcraft/wow-bis/scripts/process-quest-levels.ts:191:24)
    at fetchQuestRequiredLevel (/Users/grins/git/warcraft/wow-bis/scripts/process-quest-levels.ts:182:33)
    at processTicksAndRejections (native:7:39)
Full Error: {}
---
[2025-11-03T09:37:56.706Z] ERROR: Error fetching quest 41641 (attempt 4)
Message: Attempted to use detached Frame '03DAD367655A18147D7AE5A08EAEAA20'.
Stack: Error: Attempted to use detached Frame '03DAD367655A18147D7AE5A08EAEAA20'.
    at <anonymous> (/Users/grins/git/warcraft/wow-bis/node_modules/.pnpm/puppeteer-core@24.25.0/node_modules/puppeteer-core/lib/esm/puppeteer/util/decorators.js:99:27)
    at <anonymous> (/Users/grins/git/warcraft/wow-bis/node_modules/.pnpm/puppeteer-core@24.25.0/node_modules/puppeteer-core/lib/esm/puppeteer/api/Page.js:568:43)
    at goto (/Users/grins/git/warcraft/wow-bis/node_modules/.pnpm/puppeteer-core@24.25.0/node_modules/puppeteer-core/lib/esm/puppeteer/api/Page.js:567:20)
    at <anonymous> (/Users/grins/git/warcraft/wow-bis/scripts/process-quest-levels.ts:191:24)
    at fetchQuestRequiredLevel (/Users/grins/git/warcraft/wow-bis/scripts/process-quest-levels.ts:182:33)
    at processTicksAndRejections (native:7:39)
Full Error: {}
---
[2025-11-03T09:37:58.711Z] ERROR: Error fetching quest 55005 (attempt 1)
Message: Attempted to use detached Frame '03DAD367655A18147D7AE5A08EAEAA20'.
Stack: Error: Attempted to use detached Frame '03DAD367655A18147D7AE5A08EAEAA20'.
    at <anonymous> (/Users/grins/git/warcraft/wow-bis/node_modules/.pnpm/puppeteer-core@24.25.0/node_modules/puppeteer-core/lib/esm/puppeteer/util/decorators.js:99:27)
    at <anonymous> (/Users/grins/git/warcraft/wow-bis/node_modules/.pnpm/puppeteer-core@24.25.0/node_modules/puppeteer-core/lib/esm/puppeteer/api/Page.js:568:43)
    at goto (/Users/grins/git/warcraft/wow-bis/node_modules/.pnpm/puppeteer-core@24.25.0/node_modules/puppeteer-core/lib/esm/puppeteer/api/Page.js:567:20)
    at <anonymous> (/Users/grins/git/warcraft/wow-bis/scripts/process-quest-levels.ts:191:24)
    at fetchQuestRequiredLevel (/Users/grins/git/warcraft/wow-bis/scripts/process-quest-levels.ts:182:33)
    at <anonymous> (/Users/grins/git/warcraft/wow-bis/scripts/process-quest-levels.ts:386:42)
    at processTicksAndRejections (native:7:39)
Full Error: {}
---
[2025-11-03T09:38:03.714Z] ERROR: Error fetching quest 55005 (attempt 2)
Message: Attempted to use detached Frame '03DAD367655A18147D7AE5A08EAEAA20'.
Stack: Error: Attempted to use detached Frame '03DAD367655A18147D7AE5A08EAEAA20'.
    at <anonymous> (/Users/grins/git/warcraft/wow-bis/node_modules/.pnpm/puppeteer-core@24.25.0/node_modules/puppeteer-core/lib/esm/puppeteer/util/decorators.js:99:27)
    at <anonymous> (/Users/grins/git/warcraft/wow-bis/node_modules/.pnpm/puppeteer-core@24.25.0/node_modules/puppeteer-core/lib/esm/puppeteer/api/Page.js:568:43)
    at goto (/Users/grins/git/warcraft/wow-bis/node_modules/.pnpm/puppeteer-core@24.25.0/node_modules/puppeteer-core/lib/esm/puppeteer/api/Page.js:567:20)
    at <anonymous> (/Users/grins/git/warcraft/wow-bis/scripts/process-quest-levels.ts:191:24)
    at fetchQuestRequiredLevel (/Users/grins/git/warcraft/wow-bis/scripts/process-quest-levels.ts:182:33)
    at processTicksAndRejections (native:7:39)
Full Error: {}
---
[2025-11-03T09:38:10.717Z] ERROR: Error fetching quest 55005 (attempt 3)
Message: Attempted to use detached Frame '03DAD367655A18147D7AE5A08EAEAA20'.
Stack: Error: Attempted to use detached Frame '03DAD367655A18147D7AE5A08EAEAA20'.
    at <anonymous> (/Users/grins/git/warcraft/wow-bis/node_modules/.pnpm/puppeteer-core@24.25.0/node_modules/puppeteer-core/lib/esm/puppeteer/util/decorators.js:99:27)
    at <anonymous> (/Users/grins/git/warcraft/wow-bis/node_modules/.pnpm/puppeteer-core@24.25.0/node_modules/puppeteer-core/lib/esm/puppeteer/api/Page.js:568:43)
    at goto (/Users/grins/git/warcraft/wow-bis/node_modules/.pnpm/puppeteer-core@24.25.0/node_modules/puppeteer-core/lib/esm/puppeteer/api/Page.js:567:20)
    at <anonymous> (/Users/grins/git/warcraft/wow-bis/scripts/process-quest-levels.ts:191:24)
    at fetchQuestRequiredLevel (/Users/grins/git/warcraft/wow-bis/scripts/process-quest-levels.ts:182:33)
    at processTicksAndRejections (native:7:39)
Full Error: {}
---
[2025-11-03T09:38:19.719Z] ERROR: Error fetching quest 55005 (attempt 4)
Message: Attempted to use detached Frame '03DAD367655A18147D7AE5A08EAEAA20'.
Stack: Error: Attempted to use detached Frame '03DAD367655A18147D7AE5A08EAEAA20'.
    at <anonymous> (/Users/grins/git/warcraft/wow-bis/node_modules/.pnpm/puppeteer-core@24.25.0/node_modules/puppeteer-core/lib/esm/puppeteer/util/decorators.js:99:27)
    at <anonymous> (/Users/grins/git/warcraft/wow-bis/node_modules/.pnpm/puppeteer-core@24.25.0/node_modules/puppeteer-core/lib/esm/puppeteer/api/Page.js:568:43)
    at goto (/Users/grins/git/warcraft/wow-bis/node_modules/.pnpm/puppeteer-core@24.25.0/node_modules/puppeteer-core/lib/esm/puppeteer/api/Page.js:567:20)
    at <anonymous> (/Users/grins/git/warcraft/wow-bis/scripts/process-quest-levels.ts:191:24)
    at fetchQuestRequiredLevel (/Users/grins/git/warcraft/wow-bis/scripts/process-quest-levels.ts:182:33)
    at processTicksAndRejections (native:7:39)
Full Error: {}
---
[2025-11-03T09:38:21.724Z] ERROR: Error fetching quest 167 (attempt 1)
Message: Attempted to use detached Frame '03DAD367655A18147D7AE5A08EAEAA20'.
Stack: Error: Attempted to use detached Frame '03DAD367655A18147D7AE5A08EAEAA20'.
    at <anonymous> (/Users/grins/git/warcraft/wow-bis/node_modules/.pnpm/puppeteer-core@24.25.0/node_modules/puppeteer-core/lib/esm/puppeteer/util/decorators.js:99:27)
    at <anonymous> (/Users/grins/git/warcraft/wow-bis/node_modules/.pnpm/puppeteer-core@24.25.0/node_modules/puppeteer-core/lib/esm/puppeteer/api/Page.js:568:43)
    at goto (/Users/grins/git/warcraft/wow-bis/node_modules/.pnpm/puppeteer-core@24.25.0/node_modules/puppeteer-core/lib/esm/puppeteer/api/Page.js:567:20)
    at <anonymous> (/Users/grins/git/warcraft/wow-bis/scripts/process-quest-levels.ts:191:24)
    at fetchQuestRequiredLevel (/Users/grins/git/warcraft/wow-bis/scripts/process-quest-levels.ts:182:33)
    at <anonymous> (/Users/grins/git/warcraft/wow-bis/scripts/process-quest-levels.ts:386:42)
    at processTicksAndRejections (native:7:39)
Full Error: {}
---
[2025-11-03T09:38:26.728Z] ERROR: Error fetching quest 167 (attempt 2)
Message: Attempted to use detached Frame '03DAD367655A18147D7AE5A08EAEAA20'.
Stack: Error: Attempted to use detached Frame '03DAD367655A18147D7AE5A08EAEAA20'.
    at <anonymous> (/Users/grins/git/warcraft/wow-bis/node_modules/.pnpm/puppeteer-core@24.25.0/node_modules/puppeteer-core/lib/esm/puppeteer/util/decorators.js:99:27)
    at <anonymous> (/Users/grins/git/warcraft/wow-bis/node_modules/.pnpm/puppeteer-core@24.25.0/node_modules/puppeteer-core/lib/esm/puppeteer/api/Page.js:568:43)
    at goto (/Users/grins/git/warcraft/wow-bis/node_modules/.pnpm/puppeteer-core@24.25.0/node_modules/puppeteer-core/lib/esm/puppeteer/api/Page.js:567:20)
    at <anonymous> (/Users/grins/git/warcraft/wow-bis/scripts/process-quest-levels.ts:191:24)
    at fetchQuestRequiredLevel (/Users/grins/git/warcraft/wow-bis/scripts/process-quest-levels.ts:182:33)
    at processTicksAndRejections (native:7:39)
Full Error: {}
---
[2025-11-03T09:38:33.731Z] ERROR: Error fetching quest 167 (attempt 3)
Message: Attempted to use detached Frame '03DAD367655A18147D7AE5A08EAEAA20'.
Stack: Error: Attempted to use detached Frame '03DAD367655A18147D7AE5A08EAEAA20'.
    at <anonymous> (/Users/grins/git/warcraft/wow-bis/node_modules/.pnpm/puppeteer-core@24.25.0/node_modules/puppeteer-core/lib/esm/puppeteer/util/decorators.js:99:27)
    at <anonymous> (/Users/grins/git/warcraft/wow-bis/node_modules/.pnpm/puppeteer-core@24.25.0/node_modules/puppeteer-core/lib/esm/puppeteer/api/Page.js:568:43)
    at goto (/Users/grins/git/warcraft/wow-bis/node_modules/.pnpm/puppeteer-core@24.25.0/node_modules/puppeteer-core/lib/esm/puppeteer/api/Page.js:567:20)
    at <anonymous> (/Users/grins/git/warcraft/wow-bis/scripts/process-quest-levels.ts:191:24)
    at fetchQuestRequiredLevel (/Users/grins/git/warcraft/wow-bis/scripts/process-quest-levels.ts:182:33)
    at processTicksAndRejections (native:7:39)
Full Error: {}
---
[2025-11-03T09:38:42.736Z] ERROR: Error fetching quest 167 (attempt 4)
Message: Attempted to use detached Frame '03DAD367655A18147D7AE5A08EAEAA20'.
Stack: Error: Attempted to use detached Frame '03DAD367655A18147D7AE5A08EAEAA20'.
    at <anonymous> (/Users/grins/git/warcraft/wow-bis/node_modules/.pnpm/puppeteer-core@24.25.0/node_modules/puppeteer-core/lib/esm/puppeteer/util/decorators.js:99:27)
    at <anonymous> (/Users/grins/git/warcraft/wow-bis/node_modules/.pnpm/puppeteer-core@24.25.0/node_modules/puppeteer-core/lib/esm/puppeteer/api/Page.js:568:43)
    at goto (/Users/grins/git/warcraft/wow-bis/node_modules/.pnpm/puppeteer-core@24.25.0/node_modules/puppeteer-core/lib/esm/puppeteer/api/Page.js:567:20)
    at <anonymous> (/Users/grins/git/warcraft/wow-bis/scripts/process-quest-levels.ts:191:24)
    at fetchQuestRequiredLevel (/Users/grins/git/warcraft/wow-bis/scripts/process-quest-levels.ts:182:33)
    at processTicksAndRejections (native:7:39)
Full Error: {}
---
[2025-11-03T09:38:44.741Z] ERROR: Error fetching quest 943 (attempt 1)
Message: Attempted to use detached Frame '03DAD367655A18147D7AE5A08EAEAA20'.
Stack: Error: Attempted to use detached Frame '03DAD367655A18147D7AE5A08EAEAA20'.
    at <anonymous> (/Users/grins/git/warcraft/wow-bis/node_modules/.pnpm/puppeteer-core@24.25.0/node_modules/puppeteer-core/lib/esm/puppeteer/util/decorators.js:99:27)
    at <anonymous> (/Users/grins/git/warcraft/wow-bis/node_modules/.pnpm/puppeteer-core@24.25.0/node_modules/puppeteer-core/lib/esm/puppeteer/api/Page.js:568:43)
    at goto (/Users/grins/git/warcraft/wow-bis/node_modules/.pnpm/puppeteer-core@24.25.0/node_modules/puppeteer-core/lib/esm/puppeteer/api/Page.js:567:20)
    at <anonymous> (/Users/grins/git/warcraft/wow-bis/scripts/process-quest-levels.ts:191:24)
    at fetchQuestRequiredLevel (/Users/grins/git/warcraft/wow-bis/scripts/process-quest-levels.ts:182:33)
    at <anonymous> (/Users/grins/git/warcraft/wow-bis/scripts/process-quest-levels.ts:386:42)
    at processTicksAndRejections (native:7:39)
Full Error: {}
---
[2025-11-03T09:38:49.745Z] ERROR: Error fetching quest 943 (attempt 2)
Message: Attempted to use detached Frame '03DAD367655A18147D7AE5A08EAEAA20'.
Stack: Error: Attempted to use detached Frame '03DAD367655A18147D7AE5A08EAEAA20'.
    at <anonymous> (/Users/grins/git/warcraft/wow-bis/node_modules/.pnpm/puppeteer-core@24.25.0/node_modules/puppeteer-core/lib/esm/puppeteer/util/decorators.js:99:27)
    at <anonymous> (/Users/grins/git/warcraft/wow-bis/node_modules/.pnpm/puppeteer-core@24.25.0/node_modules/puppeteer-core/lib/esm/puppeteer/api/Page.js:568:43)
    at goto (/Users/grins/git/warcraft/wow-bis/node_modules/.pnpm/puppeteer-core@24.25.0/node_modules/puppeteer-core/lib/esm/puppeteer/api/Page.js:567:20)
    at <anonymous> (/Users/grins/git/warcraft/wow-bis/scripts/process-quest-levels.ts:191:24)
    at fetchQuestRequiredLevel (/Users/grins/git/warcraft/wow-bis/scripts/process-quest-levels.ts:182:33)
    at processTicksAndRejections (native:7:39)
Full Error: {}
---
[2025-11-03T09:38:56.748Z] ERROR: Error fetching quest 943 (attempt 3)
Message: Attempted to use detached Frame '03DAD367655A18147D7AE5A08EAEAA20'.
Stack: Error: Attempted to use detached Frame '03DAD367655A18147D7AE5A08EAEAA20'.
    at <anonymous> (/Users/grins/git/warcraft/wow-bis/node_modules/.pnpm/puppeteer-core@24.25.0/node_modules/puppeteer-core/lib/esm/puppeteer/util/decorators.js:99:27)
    at <anonymous> (/Users/grins/git/warcraft/wow-bis/node_modules/.pnpm/puppeteer-core@24.25.0/node_modules/puppeteer-core/lib/esm/puppeteer/api/Page.js:568:43)
    at goto (/Users/grins/git/warcraft/wow-bis/node_modules/.pnpm/puppeteer-core@24.25.0/node_modules/puppeteer-core/lib/esm/puppeteer/api/Page.js:567:20)
    at <anonymous> (/Users/grins/git/warcraft/wow-bis/scripts/process-quest-levels.ts:191:24)
    at fetchQuestRequiredLevel (/Users/grins/git/warcraft/wow-bis/scripts/process-quest-levels.ts:182:33)
    at processTicksAndRejections (native:7:39)
Full Error: {}
---
[2025-11-03T09:39:05.752Z] ERROR: Error fetching quest 943 (attempt 4)
Message: Attempted to use detached Frame '03DAD367655A18147D7AE5A08EAEAA20'.
Stack: Error: Attempted to use detached Frame '03DAD367655A18147D7AE5A08EAEAA20'.
    at <anonymous> (/Users/grins/git/warcraft/wow-bis/node_modules/.pnpm/puppeteer-core@24.25.0/node_modules/puppeteer-core/lib/esm/puppeteer/util/decorators.js:99:27)
    at <anonymous> (/Users/grins/git/warcraft/wow-bis/node_modules/.pnpm/puppeteer-core@24.25.0/node_modules/puppeteer-core/lib/esm/puppeteer/api/Page.js:568:43)
    at goto (/Users/grins/git/warcraft/wow-bis/node_modules/.pnpm/puppeteer-core@24.25.0/node_modules/puppeteer-core/lib/esm/puppeteer/api/Page.js:567:20)
    at <anonymous> (/Users/grins/git/warcraft/wow-bis/scripts/process-quest-levels.ts:191:24)
    at fetchQuestRequiredLevel (/Users/grins/git/warcraft/wow-bis/scripts/process-quest-levels.ts:182:33)
    at processTicksAndRejections (native:7:39)
Full Error: {}
---
[2025-11-03T09:39:07.757Z] ERROR: Error fetching quest 40196 (attempt 1)
Message: Attempted to use detached Frame '03DAD367655A18147D7AE5A08EAEAA20'.
Stack: Error: Attempted to use detached Frame '03DAD367655A18147D7AE5A08EAEAA20'.
    at <anonymous> (/Users/grins/git/warcraft/wow-bis/node_modules/.pnpm/puppeteer-core@24.25.0/node_modules/puppeteer-core/lib/esm/puppeteer/util/decorators.js:99:27)
    at <anonymous> (/Users/grins/git/warcraft/wow-bis/node_modules/.pnpm/puppeteer-core@24.25.0/node_modules/puppeteer-core/lib/esm/puppeteer/api/Page.js:568:43)
    at goto (/Users/grins/git/warcraft/wow-bis/node_modules/.pnpm/puppeteer-core@24.25.0/node_modules/puppeteer-core/lib/esm/puppeteer/api/Page.js:567:20)
    at <anonymous> (/Users/grins/git/warcraft/wow-bis/scripts/process-quest-levels.ts:191:24)
    at fetchQuestRequiredLevel (/Users/grins/git/warcraft/wow-bis/scripts/process-quest-levels.ts:182:33)
    at <anonymous> (/Users/grins/git/warcraft/wow-bis/scripts/process-quest-levels.ts:386:42)
    at processTicksAndRejections (native:7:39)
Full Error: {}
---
[2025-11-03T09:39:12.760Z] ERROR: Error fetching quest 40196 (attempt 2)
Message: Attempted to use detached Frame '03DAD367655A18147D7AE5A08EAEAA20'.
Stack: Error: Attempted to use detached Frame '03DAD367655A18147D7AE5A08EAEAA20'.
    at <anonymous> (/Users/grins/git/warcraft/wow-bis/node_modules/.pnpm/puppeteer-core@24.25.0/node_modules/puppeteer-core/lib/esm/puppeteer/util/decorators.js:99:27)
    at <anonymous> (/Users/grins/git/warcraft/wow-bis/node_modules/.pnpm/puppeteer-core@24.25.0/node_modules/puppeteer-core/lib/esm/puppeteer/api/Page.js:568:43)
    at goto (/Users/grins/git/warcraft/wow-bis/node_modules/.pnpm/puppeteer-core@24.25.0/node_modules/puppeteer-core/lib/esm/puppeteer/api/Page.js:567:20)
    at <anonymous> (/Users/grins/git/warcraft/wow-bis/scripts/process-quest-levels.ts:191:24)
    at fetchQuestRequiredLevel (/Users/grins/git/warcraft/wow-bis/scripts/process-quest-levels.ts:182:33)
    at processTicksAndRejections (native:7:39)
Full Error: {}
---
[2025-11-03T09:39:19.763Z] ERROR: Error fetching quest 40196 (attempt 3)
Message: Attempted to use detached Frame '03DAD367655A18147D7AE5A08EAEAA20'.
Stack: Error: Attempted to use detached Frame '03DAD367655A18147D7AE5A08EAEAA20'.
    at <anonymous> (/Users/grins/git/warcraft/wow-bis/node_modules/.pnpm/puppeteer-core@24.25.0/node_modules/puppeteer-core/lib/esm/puppeteer/util/decorators.js:99:27)
    at <anonymous> (/Users/grins/git/warcraft/wow-bis/node_modules/.pnpm/puppeteer-core@24.25.0/node_modules/puppeteer-core/lib/esm/puppeteer/api/Page.js:568:43)
    at goto (/Users/grins/git/warcraft/wow-bis/node_modules/.pnpm/puppeteer-core@24.25.0/node_modules/puppeteer-core/lib/esm/puppeteer/api/Page.js:567:20)
    at <anonymous> (/Users/grins/git/warcraft/wow-bis/scripts/process-quest-levels.ts:191:24)
    at fetchQuestRequiredLevel (/Users/grins/git/warcraft/wow-bis/scripts/process-quest-levels.ts:182:33)
    at processTicksAndRejections (native:7:39)
Full Error: {}
---
[2025-11-03T09:39:28.765Z] ERROR: Error fetching quest 40196 (attempt 4)
Message: Attempted to use detached Frame '03DAD367655A18147D7AE5A08EAEAA20'.
Stack: Error: Attempted to use detached Frame '03DAD367655A18147D7AE5A08EAEAA20'.
    at <anonymous> (/Users/grins/git/warcraft/wow-bis/node_modules/.pnpm/puppeteer-core@24.25.0/node_modules/puppeteer-core/lib/esm/puppeteer/util/decorators.js:99:27)
    at <anonymous> (/Users/grins/git/warcraft/wow-bis/node_modules/.pnpm/puppeteer-core@24.25.0/node_modules/puppeteer-core/lib/esm/puppeteer/api/Page.js:568:43)
    at goto (/Users/grins/git/warcraft/wow-bis/node_modules/.pnpm/puppeteer-core@24.25.0/node_modules/puppeteer-core/lib/esm/puppeteer/api/Page.js:567:20)
    at <anonymous> (/Users/grins/git/warcraft/wow-bis/scripts/process-quest-levels.ts:191:24)
    at fetchQuestRequiredLevel (/Users/grins/git/warcraft/wow-bis/scripts/process-quest-levels.ts:182:33)
    at processTicksAndRejections (native:7:39)
Full Error: {}
---
[2025-11-03T09:39:32.776Z] ERROR: Error fetching quest 1273 (attempt 1)
Message: Attempted to use detached Frame '03DAD367655A18147D7AE5A08EAEAA20'.
Stack: Error: Attempted to use detached Frame '03DAD367655A18147D7AE5A08EAEAA20'.
    at <anonymous> (/Users/grins/git/warcraft/wow-bis/node_modules/.pnpm/puppeteer-core@24.25.0/node_modules/puppeteer-core/lib/esm/puppeteer/util/decorators.js:99:27)
    at <anonymous> (/Users/grins/git/warcraft/wow-bis/node_modules/.pnpm/puppeteer-core@24.25.0/node_modules/puppeteer-core/lib/esm/puppeteer/api/Page.js:568:43)
    at goto (/Users/grins/git/warcraft/wow-bis/node_modules/.pnpm/puppeteer-core@24.25.0/node_modules/puppeteer-core/lib/esm/puppeteer/api/Page.js:567:20)
    at <anonymous> (/Users/grins/git/warcraft/wow-bis/scripts/process-quest-levels.ts:191:24)
    at fetchQuestRequiredLevel (/Users/grins/git/warcraft/wow-bis/scripts/process-quest-levels.ts:182:33)
    at <anonymous> (/Users/grins/git/warcraft/wow-bis/scripts/process-quest-levels.ts:386:42)
    at processTicksAndRejections (native:7:39)
Full Error: {}
---
[2025-11-03T09:39:56.042Z] ERROR: Error fetching quest 1273 (attempt 2)
Message: Attempted to use detached Frame '03DAD367655A18147D7AE5A08EAEAA20'.
Stack: Error: Attempted to use detached Frame '03DAD367655A18147D7AE5A08EAEAA20'.
    at <anonymous> (/Users/grins/git/warcraft/wow-bis/node_modules/.pnpm/puppeteer-core@24.25.0/node_modules/puppeteer-core/lib/esm/puppeteer/util/decorators.js:99:27)
    at <anonymous> (/Users/grins/git/warcraft/wow-bis/node_modules/.pnpm/puppeteer-core@24.25.0/node_modules/puppeteer-core/lib/esm/puppeteer/api/Page.js:568:43)
    at goto (/Users/grins/git/warcraft/wow-bis/node_modules/.pnpm/puppeteer-core@24.25.0/node_modules/puppeteer-core/lib/esm/puppeteer/api/Page.js:567:20)
    at <anonymous> (/Users/grins/git/warcraft/wow-bis/scripts/process-quest-levels.ts:191:24)
    at fetchQuestRequiredLevel (/Users/grins/git/warcraft/wow-bis/scripts/process-quest-levels.ts:182:33)
    at processTicksAndRejections (native:7:39)
Full Error: {}
---
[2025-11-03T09:40:03.111Z] ERROR: Error fetching quest 1273 (attempt 3)
Message: Attempted to use detached Frame '03DAD367655A18147D7AE5A08EAEAA20'.
Stack: Error: Attempted to use detached Frame '03DAD367655A18147D7AE5A08EAEAA20'.
    at <anonymous> (/Users/grins/git/warcraft/wow-bis/node_modules/.pnpm/puppeteer-core@24.25.0/node_modules/puppeteer-core/lib/esm/puppeteer/util/decorators.js:99:27)
    at <anonymous> (/Users/grins/git/warcraft/wow-bis/node_modules/.pnpm/puppeteer-core@24.25.0/node_modules/puppeteer-core/lib/esm/puppeteer/api/Page.js:568:43)
    at goto (/Users/grins/git/warcraft/wow-bis/node_modules/.pnpm/puppeteer-core@24.25.0/node_modules/puppeteer-core/lib/esm/puppeteer/api/Page.js:567:20)
    at <anonymous> (/Users/grins/git/warcraft/wow-bis/scripts/process-quest-levels.ts:191:24)
    at fetchQuestRequiredLevel (/Users/grins/git/warcraft/wow-bis/scripts/process-quest-levels.ts:182:33)
    at processTicksAndRejections (native:7:39)
Full Error: {}
---
[2025-11-03T09:40:12.113Z] ERROR: Error fetching quest 1273 (attempt 4)
Message: Attempted to use detached Frame '03DAD367655A18147D7AE5A08EAEAA20'.
Stack: Error: Attempted to use detached Frame '03DAD367655A18147D7AE5A08EAEAA20'.
    at <anonymous> (/Users/grins/git/warcraft/wow-bis/node_modules/.pnpm/puppeteer-core@24.25.0/node_modules/puppeteer-core/lib/esm/puppeteer/util/decorators.js:99:27)
    at <anonymous> (/Users/grins/git/warcraft/wow-bis/node_modules/.pnpm/puppeteer-core@24.25.0/node_modules/puppeteer-core/lib/esm/puppeteer/api/Page.js:568:43)
    at goto (/Users/grins/git/warcraft/wow-bis/node_modules/.pnpm/puppeteer-core@24.25.0/node_modules/puppeteer-core/lib/esm/puppeteer/api/Page.js:567:20)
    at <anonymous> (/Users/grins/git/warcraft/wow-bis/scripts/process-quest-levels.ts:191:24)
    at fetchQuestRequiredLevel (/Users/grins/git/warcraft/wow-bis/scripts/process-quest-levels.ts:182:33)
    at processTicksAndRejections (native:7:39)
Full Error: {}
---
[2025-11-03T09:40:14.114Z] ERROR: Error fetching quest 40762 (attempt 1)
Message: Attempted to use detached Frame '03DAD367655A18147D7AE5A08EAEAA20'.
Stack: Error: Attempted to use detached Frame '03DAD367655A18147D7AE5A08EAEAA20'.
    at <anonymous> (/Users/grins/git/warcraft/wow-bis/node_modules/.pnpm/puppeteer-core@24.25.0/node_modules/puppeteer-core/lib/esm/puppeteer/util/decorators.js:99:27)
    at <anonymous> (/Users/grins/git/warcraft/wow-bis/node_modules/.pnpm/puppeteer-core@24.25.0/node_modules/puppeteer-core/lib/esm/puppeteer/api/Page.js:568:43)
    at goto (/Users/grins/git/warcraft/wow-bis/node_modules/.pnpm/puppeteer-core@24.25.0/node_modules/puppeteer-core/lib/esm/puppeteer/api/Page.js:567:20)
    at <anonymous> (/Users/grins/git/warcraft/wow-bis/scripts/process-quest-levels.ts:191:24)
    at fetchQuestRequiredLevel (/Users/grins/git/warcraft/wow-bis/scripts/process-quest-levels.ts:182:33)
    at <anonymous> (/Users/grins/git/warcraft/wow-bis/scripts/process-quest-levels.ts:386:42)
    at processTicksAndRejections (native:7:39)
Full Error: {}
---
[2025-11-03T09:40:19.115Z] ERROR: Error fetching quest 40762 (attempt 2)
Message: Attempted to use detached Frame '03DAD367655A18147D7AE5A08EAEAA20'.
Stack: Error: Attempted to use detached Frame '03DAD367655A18147D7AE5A08EAEAA20'.
    at <anonymous> (/Users/grins/git/warcraft/wow-bis/node_modules/.pnpm/puppeteer-core@24.25.0/node_modules/puppeteer-core/lib/esm/puppeteer/util/decorators.js:99:27)
    at <anonymous> (/Users/grins/git/warcraft/wow-bis/node_modules/.pnpm/puppeteer-core@24.25.0/node_modules/puppeteer-core/lib/esm/puppeteer/api/Page.js:568:43)
    at goto (/Users/grins/git/warcraft/wow-bis/node_modules/.pnpm/puppeteer-core@24.25.0/node_modules/puppeteer-core/lib/esm/puppeteer/api/Page.js:567:20)
    at <anonymous> (/Users/grins/git/warcraft/wow-bis/scripts/process-quest-levels.ts:191:24)
    at fetchQuestRequiredLevel (/Users/grins/git/warcraft/wow-bis/scripts/process-quest-levels.ts:182:33)
    at processTicksAndRejections (native:7:39)
Full Error: {}
---
[2025-11-03T09:40:26.116Z] ERROR: Error fetching quest 40762 (attempt 3)
Message: Attempted to use detached Frame '03DAD367655A18147D7AE5A08EAEAA20'.
Stack: Error: Attempted to use detached Frame '03DAD367655A18147D7AE5A08EAEAA20'.
    at <anonymous> (/Users/grins/git/warcraft/wow-bis/node_modules/.pnpm/puppeteer-core@24.25.0/node_modules/puppeteer-core/lib/esm/puppeteer/util/decorators.js:99:27)
    at <anonymous> (/Users/grins/git/warcraft/wow-bis/node_modules/.pnpm/puppeteer-core@24.25.0/node_modules/puppeteer-core/lib/esm/puppeteer/api/Page.js:568:43)
    at goto (/Users/grins/git/warcraft/wow-bis/node_modules/.pnpm/puppeteer-core@24.25.0/node_modules/puppeteer-core/lib/esm/puppeteer/api/Page.js:567:20)
    at <anonymous> (/Users/grins/git/warcraft/wow-bis/scripts/process-quest-levels.ts:191:24)
    at fetchQuestRequiredLevel (/Users/grins/git/warcraft/wow-bis/scripts/process-quest-levels.ts:182:33)
    at processTicksAndRejections (native:7:39)
Full Error: {}
---
[2025-11-03T09:40:35.118Z] ERROR: Error fetching quest 40762 (attempt 4)
Message: Attempted to use detached Frame '03DAD367655A18147D7AE5A08EAEAA20'.
Stack: Error: Attempted to use detached Frame '03DAD367655A18147D7AE5A08EAEAA20'.
    at <anonymous> (/Users/grins/git/warcraft/wow-bis/node_modules/.pnpm/puppeteer-core@24.25.0/node_modules/puppeteer-core/lib/esm/puppeteer/util/decorators.js:99:27)
    at <anonymous> (/Users/grins/git/warcraft/wow-bis/node_modules/.pnpm/puppeteer-core@24.25.0/node_modules/puppeteer-core/lib/esm/puppeteer/api/Page.js:568:43)
    at goto (/Users/grins/git/warcraft/wow-bis/node_modules/.pnpm/puppeteer-core@24.25.0/node_modules/puppeteer-core/lib/esm/puppeteer/api/Page.js:567:20)
    at <anonymous> (/Users/grins/git/warcraft/wow-bis/scripts/process-quest-levels.ts:191:24)
    at fetchQuestRequiredLevel (/Users/grins/git/warcraft/wow-bis/scripts/process-quest-levels.ts:182:33)
    at processTicksAndRejections (native:7:39)
Full Error: {}
---
[2025-11-03T09:40:45.133Z] ERROR: Error fetching quest 40856 (attempt 1)
Message: Attempted to use detached Frame '03DAD367655A18147D7AE5A08EAEAA20'.
Stack: Error: Attempted to use detached Frame '03DAD367655A18147D7AE5A08EAEAA20'.
    at <anonymous> (/Users/grins/git/warcraft/wow-bis/node_modules/.pnpm/puppeteer-core@24.25.0/node_modules/puppeteer-core/lib/esm/puppeteer/util/decorators.js:99:27)
    at <anonymous> (/Users/grins/git/warcraft/wow-bis/node_modules/.pnpm/puppeteer-core@24.25.0/node_modules/puppeteer-core/lib/esm/puppeteer/api/Page.js:568:43)
    at goto (/Users/grins/git/warcraft/wow-bis/node_modules/.pnpm/puppeteer-core@24.25.0/node_modules/puppeteer-core/lib/esm/puppeteer/api/Page.js:567:20)
    at <anonymous> (/Users/grins/git/warcraft/wow-bis/scripts/process-quest-levels.ts:191:24)
    at fetchQuestRequiredLevel (/Users/grins/git/warcraft/wow-bis/scripts/process-quest-levels.ts:182:33)
    at <anonymous> (/Users/grins/git/warcraft/wow-bis/scripts/process-quest-levels.ts:386:42)
    at processTicksAndRejections (native:7:39)
Full Error: {}
---
[2025-11-03T09:40:50.135Z] ERROR: Error fetching quest 40856 (attempt 2)
Message: Attempted to use detached Frame '03DAD367655A18147D7AE5A08EAEAA20'.
Stack: Error: Attempted to use detached Frame '03DAD367655A18147D7AE5A08EAEAA20'.
    at <anonymous> (/Users/grins/git/warcraft/wow-bis/node_modules/.pnpm/puppeteer-core@24.25.0/node_modules/puppeteer-core/lib/esm/puppeteer/util/decorators.js:99:27)
    at <anonymous> (/Users/grins/git/warcraft/wow-bis/node_modules/.pnpm/puppeteer-core@24.25.0/node_modules/puppeteer-core/lib/esm/puppeteer/api/Page.js:568:43)
    at goto (/Users/grins/git/warcraft/wow-bis/node_modules/.pnpm/puppeteer-core@24.25.0/node_modules/puppeteer-core/lib/esm/puppeteer/api/Page.js:567:20)
    at <anonymous> (/Users/grins/git/warcraft/wow-bis/scripts/process-quest-levels.ts:191:24)
    at fetchQuestRequiredLevel (/Users/grins/git/warcraft/wow-bis/scripts/process-quest-levels.ts:182:33)
    at processTicksAndRejections (native:7:39)
Full Error: {}
---
[2025-11-03T09:40:57.138Z] ERROR: Error fetching quest 40856 (attempt 3)
Message: Attempted to use detached Frame '03DAD367655A18147D7AE5A08EAEAA20'.
Stack: Error: Attempted to use detached Frame '03DAD367655A18147D7AE5A08EAEAA20'.
    at <anonymous> (/Users/grins/git/warcraft/wow-bis/node_modules/.pnpm/puppeteer-core@24.25.0/node_modules/puppeteer-core/lib/esm/puppeteer/util/decorators.js:99:27)
    at <anonymous> (/Users/grins/git/warcraft/wow-bis/node_modules/.pnpm/puppeteer-core@24.25.0/node_modules/puppeteer-core/lib/esm/puppeteer/api/Page.js:568:43)
    at goto (/Users/grins/git/warcraft/wow-bis/node_modules/.pnpm/puppeteer-core@24.25.0/node_modules/puppeteer-core/lib/esm/puppeteer/api/Page.js:567:20)
    at <anonymous> (/Users/grins/git/warcraft/wow-bis/scripts/process-quest-levels.ts:191:24)
    at fetchQuestRequiredLevel (/Users/grins/git/warcraft/wow-bis/scripts/process-quest-levels.ts:182:33)
    at processTicksAndRejections (native:7:39)
Full Error: {}
---
[2025-11-03T09:41:06.141Z] ERROR: Error fetching quest 40856 (attempt 4)
Message: Attempted to use detached Frame '03DAD367655A18147D7AE5A08EAEAA20'.
Stack: Error: Attempted to use detached Frame '03DAD367655A18147D7AE5A08EAEAA20'.
    at <anonymous> (/Users/grins/git/warcraft/wow-bis/node_modules/.pnpm/puppeteer-core@24.25.0/node_modules/puppeteer-core/lib/esm/puppeteer/util/decorators.js:99:27)
    at <anonymous> (/Users/grins/git/warcraft/wow-bis/node_modules/.pnpm/puppeteer-core@24.25.0/node_modules/puppeteer-core/lib/esm/puppeteer/api/Page.js:568:43)
    at goto (/Users/grins/git/warcraft/wow-bis/node_modules/.pnpm/puppeteer-core@24.25.0/node_modules/puppeteer-core/lib/esm/puppeteer/api/Page.js:567:20)
    at <anonymous> (/Users/grins/git/warcraft/wow-bis/scripts/process-quest-levels.ts:191:24)
    at fetchQuestRequiredLevel (/Users/grins/git/warcraft/wow-bis/scripts/process-quest-levels.ts:182:33)
    at processTicksAndRejections (native:7:39)
Full Error: {}
---
[2025-11-03T09:41:08.145Z] ERROR: Error fetching quest 770 (attempt 1)
Message: Attempted to use detached Frame '03DAD367655A18147D7AE5A08EAEAA20'.
Stack: Error: Attempted to use detached Frame '03DAD367655A18147D7AE5A08EAEAA20'.
    at <anonymous> (/Users/grins/git/warcraft/wow-bis/node_modules/.pnpm/puppeteer-core@24.25.0/node_modules/puppeteer-core/lib/esm/puppeteer/util/decorators.js:99:27)
    at <anonymous> (/Users/grins/git/warcraft/wow-bis/node_modules/.pnpm/puppeteer-core@24.25.0/node_modules/puppeteer-core/lib/esm/puppeteer/api/Page.js:568:43)
    at goto (/Users/grins/git/warcraft/wow-bis/node_modules/.pnpm/puppeteer-core@24.25.0/node_modules/puppeteer-core/lib/esm/puppeteer/api/Page.js:567:20)
    at <anonymous> (/Users/grins/git/warcraft/wow-bis/scripts/process-quest-levels.ts:191:24)
    at fetchQuestRequiredLevel (/Users/grins/git/warcraft/wow-bis/scripts/process-quest-levels.ts:182:33)
    at <anonymous> (/Users/grins/git/warcraft/wow-bis/scripts/process-quest-levels.ts:386:42)
    at processTicksAndRejections (native:7:39)
Full Error: {}
---
[2025-11-03T09:41:13.148Z] ERROR: Error fetching quest 770 (attempt 2)
Message: Attempted to use detached Frame '03DAD367655A18147D7AE5A08EAEAA20'.
Stack: Error: Attempted to use detached Frame '03DAD367655A18147D7AE5A08EAEAA20'.
    at <anonymous> (/Users/grins/git/warcraft/wow-bis/node_modules/.pnpm/puppeteer-core@24.25.0/node_modules/puppeteer-core/lib/esm/puppeteer/util/decorators.js:99:27)
    at <anonymous> (/Users/grins/git/warcraft/wow-bis/node_modules/.pnpm/puppeteer-core@24.25.0/node_modules/puppeteer-core/lib/esm/puppeteer/api/Page.js:568:43)
    at goto (/Users/grins/git/warcraft/wow-bis/node_modules/.pnpm/puppeteer-core@24.25.0/node_modules/puppeteer-core/lib/esm/puppeteer/api/Page.js:567:20)
    at <anonymous> (/Users/grins/git/warcraft/wow-bis/scripts/process-quest-levels.ts:191:24)
    at fetchQuestRequiredLevel (/Users/grins/git/warcraft/wow-bis/scripts/process-quest-levels.ts:182:33)
    at processTicksAndRejections (native:7:39)
Full Error: {}
---
[2025-11-03T09:41:20.151Z] ERROR: Error fetching quest 770 (attempt 3)
Message: Attempted to use detached Frame '03DAD367655A18147D7AE5A08EAEAA20'.
Stack: Error: Attempted to use detached Frame '03DAD367655A18147D7AE5A08EAEAA20'.
    at <anonymous> (/Users/grins/git/warcraft/wow-bis/node_modules/.pnpm/puppeteer-core@24.25.0/node_modules/puppeteer-core/lib/esm/puppeteer/util/decorators.js:99:27)
    at <anonymous> (/Users/grins/git/warcraft/wow-bis/node_modules/.pnpm/puppeteer-core@24.25.0/node_modules/puppeteer-core/lib/esm/puppeteer/api/Page.js:568:43)
    at goto (/Users/grins/git/warcraft/wow-bis/node_modules/.pnpm/puppeteer-core@24.25.0/node_modules/puppeteer-core/lib/esm/puppeteer/api/Page.js:567:20)
    at <anonymous> (/Users/grins/git/warcraft/wow-bis/scripts/process-quest-levels.ts:191:24)
    at fetchQuestRequiredLevel (/Users/grins/git/warcraft/wow-bis/scripts/process-quest-levels.ts:182:33)
    at processTicksAndRejections (native:7:39)
Full Error: {}
---
[2025-11-03T09:41:29.152Z] ERROR: Error fetching quest 770 (attempt 4)
Message: Attempted to use detached Frame '03DAD367655A18147D7AE5A08EAEAA20'.
Stack: Error: Attempted to use detached Frame '03DAD367655A18147D7AE5A08EAEAA20'.
    at <anonymous> (/Users/grins/git/warcraft/wow-bis/node_modules/.pnpm/puppeteer-core@24.25.0/node_modules/puppeteer-core/lib/esm/puppeteer/util/decorators.js:99:27)
    at <anonymous> (/Users/grins/git/warcraft/wow-bis/node_modules/.pnpm/puppeteer-core@24.25.0/node_modules/puppeteer-core/lib/esm/puppeteer/api/Page.js:568:43)
    at goto (/Users/grins/git/warcraft/wow-bis/node_modules/.pnpm/puppeteer-core@24.25.0/node_modules/puppeteer-core/lib/esm/puppeteer/api/Page.js:567:20)
    at <anonymous> (/Users/grins/git/warcraft/wow-bis/scripts/process-quest-levels.ts:191:24)
    at fetchQuestRequiredLevel (/Users/grins/git/warcraft/wow-bis/scripts/process-quest-levels.ts:182:33)
    at processTicksAndRejections (native:7:39)
Full Error: {}
---
[2025-11-03T09:41:31.156Z] ERROR: Error fetching quest 150 (attempt 1)
Message: Attempted to use detached Frame '03DAD367655A18147D7AE5A08EAEAA20'.
Stack: Error: Attempted to use detached Frame '03DAD367655A18147D7AE5A08EAEAA20'.
    at <anonymous> (/Users/grins/git/warcraft/wow-bis/node_modules/.pnpm/puppeteer-core@24.25.0/node_modules/puppeteer-core/lib/esm/puppeteer/util/decorators.js:99:27)
    at <anonymous> (/Users/grins/git/warcraft/wow-bis/node_modules/.pnpm/puppeteer-core@24.25.0/node_modules/puppeteer-core/lib/esm/puppeteer/api/Page.js:568:43)
    at goto (/Users/grins/git/warcraft/wow-bis/node_modules/.pnpm/puppeteer-core@24.25.0/node_modules/puppeteer-core/lib/esm/puppeteer/api/Page.js:567:20)
    at <anonymous> (/Users/grins/git/warcraft/wow-bis/scripts/process-quest-levels.ts:191:24)
    at fetchQuestRequiredLevel (/Users/grins/git/warcraft/wow-bis/scripts/process-quest-levels.ts:182:33)
    at <anonymous> (/Users/grins/git/warcraft/wow-bis/scripts/process-quest-levels.ts:386:42)
    at processTicksAndRejections (native:7:39)
Full Error: {}
---
[2025-11-03T09:41:36.159Z] ERROR: Error fetching quest 150 (attempt 2)
Message: Attempted to use detached Frame '03DAD367655A18147D7AE5A08EAEAA20'.
Stack: Error: Attempted to use detached Frame '03DAD367655A18147D7AE5A08EAEAA20'.
    at <anonymous> (/Users/grins/git/warcraft/wow-bis/node_modules/.pnpm/puppeteer-core@24.25.0/node_modules/puppeteer-core/lib/esm/puppeteer/util/decorators.js:99:27)
    at <anonymous> (/Users/grins/git/warcraft/wow-bis/node_modules/.pnpm/puppeteer-core@24.25.0/node_modules/puppeteer-core/lib/esm/puppeteer/api/Page.js:568:43)
    at goto (/Users/grins/git/warcraft/wow-bis/node_modules/.pnpm/puppeteer-core@24.25.0/node_modules/puppeteer-core/lib/esm/puppeteer/api/Page.js:567:20)
    at <anonymous> (/Users/grins/git/warcraft/wow-bis/scripts/process-quest-levels.ts:191:24)
    at fetchQuestRequiredLevel (/Users/grins/git/warcraft/wow-bis/scripts/process-quest-levels.ts:182:33)
    at processTicksAndRejections (native:7:39)
Full Error: {}
---
[2025-11-03T09:41:43.161Z] ERROR: Error fetching quest 150 (attempt 3)
Message: Attempted to use detached Frame '03DAD367655A18147D7AE5A08EAEAA20'.
Stack: Error: Attempted to use detached Frame '03DAD367655A18147D7AE5A08EAEAA20'.
    at <anonymous> (/Users/grins/git/warcraft/wow-bis/node_modules/.pnpm/puppeteer-core@24.25.0/node_modules/puppeteer-core/lib/esm/puppeteer/util/decorators.js:99:27)
    at <anonymous> (/Users/grins/git/warcraft/wow-bis/node_modules/.pnpm/puppeteer-core@24.25.0/node_modules/puppeteer-core/lib/esm/puppeteer/api/Page.js:568:43)
    at goto (/Users/grins/git/warcraft/wow-bis/node_modules/.pnpm/puppeteer-core@24.25.0/node_modules/puppeteer-core/lib/esm/puppeteer/api/Page.js:567:20)
    at <anonymous> (/Users/grins/git/warcraft/wow-bis/scripts/process-quest-levels.ts:191:24)
    at fetchQuestRequiredLevel (/Users/grins/git/warcraft/wow-bis/scripts/process-quest-levels.ts:182:33)
    at processTicksAndRejections (native:7:39)
Full Error: {}
---
[2025-11-03T09:41:52.164Z] ERROR: Error fetching quest 150 (attempt 4)
Message: Attempted to use detached Frame '03DAD367655A18147D7AE5A08EAEAA20'.
Stack: Error: Attempted to use detached Frame '03DAD367655A18147D7AE5A08EAEAA20'.
    at <anonymous> (/Users/grins/git/warcraft/wow-bis/node_modules/.pnpm/puppeteer-core@24.25.0/node_modules/puppeteer-core/lib/esm/puppeteer/util/decorators.js:99:27)
    at <anonymous> (/Users/grins/git/warcraft/wow-bis/node_modules/.pnpm/puppeteer-core@24.25.0/node_modules/puppeteer-core/lib/esm/puppeteer/api/Page.js:568:43)
    at goto (/Users/grins/git/warcraft/wow-bis/node_modules/.pnpm/puppeteer-core@24.25.0/node_modules/puppeteer-core/lib/esm/puppeteer/api/Page.js:567:20)
    at <anonymous> (/Users/grins/git/warcraft/wow-bis/scripts/process-quest-levels.ts:191:24)
    at fetchQuestRequiredLevel (/Users/grins/git/warcraft/wow-bis/scripts/process-quest-levels.ts:182:33)
    at processTicksAndRejections (native:7:39)
Full Error: {}
---
[2025-11-03T09:41:54.167Z] ERROR: Error fetching quest 705 (attempt 1)
Message: Attempted to use detached Frame '03DAD367655A18147D7AE5A08EAEAA20'.
Stack: Error: Attempted to use detached Frame '03DAD367655A18147D7AE5A08EAEAA20'.
    at <anonymous> (/Users/grins/git/warcraft/wow-bis/node_modules/.pnpm/puppeteer-core@24.25.0/node_modules/puppeteer-core/lib/esm/puppeteer/util/decorators.js:99:27)
    at <anonymous> (/Users/grins/git/warcraft/wow-bis/node_modules/.pnpm/puppeteer-core@24.25.0/node_modules/puppeteer-core/lib/esm/puppeteer/api/Page.js:568:43)
    at goto (/Users/grins/git/warcraft/wow-bis/node_modules/.pnpm/puppeteer-core@24.25.0/node_modules/puppeteer-core/lib/esm/puppeteer/api/Page.js:567:20)
    at <anonymous> (/Users/grins/git/warcraft/wow-bis/scripts/process-quest-levels.ts:191:24)
    at fetchQuestRequiredLevel (/Users/grins/git/warcraft/wow-bis/scripts/process-quest-levels.ts:182:33)
    at <anonymous> (/Users/grins/git/warcraft/wow-bis/scripts/process-quest-levels.ts:386:42)
    at processTicksAndRejections (native:7:39)
Full Error: {}
---
[2025-11-03T09:41:59.170Z] ERROR: Error fetching quest 705 (attempt 2)
Message: Attempted to use detached Frame '03DAD367655A18147D7AE5A08EAEAA20'.
Stack: Error: Attempted to use detached Frame '03DAD367655A18147D7AE5A08EAEAA20'.
    at <anonymous> (/Users/grins/git/warcraft/wow-bis/node_modules/.pnpm/puppeteer-core@24.25.0/node_modules/puppeteer-core/lib/esm/puppeteer/util/decorators.js:99:27)
    at <anonymous> (/Users/grins/git/warcraft/wow-bis/node_modules/.pnpm/puppeteer-core@24.25.0/node_modules/puppeteer-core/lib/esm/puppeteer/api/Page.js:568:43)
    at goto (/Users/grins/git/warcraft/wow-bis/node_modules/.pnpm/puppeteer-core@24.25.0/node_modules/puppeteer-core/lib/esm/puppeteer/api/Page.js:567:20)
    at <anonymous> (/Users/grins/git/warcraft/wow-bis/scripts/process-quest-levels.ts:191:24)
    at fetchQuestRequiredLevel (/Users/grins/git/warcraft/wow-bis/scripts/process-quest-levels.ts:182:33)
    at processTicksAndRejections (native:7:39)
Full Error: {}
---
[2025-11-03T09:42:06.173Z] ERROR: Error fetching quest 705 (attempt 3)
Message: Attempted to use detached Frame '03DAD367655A18147D7AE5A08EAEAA20'.
Stack: Error: Attempted to use detached Frame '03DAD367655A18147D7AE5A08EAEAA20'.
    at <anonymous> (/Users/grins/git/warcraft/wow-bis/node_modules/.pnpm/puppeteer-core@24.25.0/node_modules/puppeteer-core/lib/esm/puppeteer/util/decorators.js:99:27)
    at <anonymous> (/Users/grins/git/warcraft/wow-bis/node_modules/.pnpm/puppeteer-core@24.25.0/node_modules/puppeteer-core/lib/esm/puppeteer/api/Page.js:568:43)
    at goto (/Users/grins/git/warcraft/wow-bis/node_modules/.pnpm/puppeteer-core@24.25.0/node_modules/puppeteer-core/lib/esm/puppeteer/api/Page.js:567:20)
    at <anonymous> (/Users/grins/git/warcraft/wow-bis/scripts/process-quest-levels.ts:191:24)
    at fetchQuestRequiredLevel (/Users/grins/git/warcraft/wow-bis/scripts/process-quest-levels.ts:182:33)
    at processTicksAndRejections (native:7:39)
Full Error: {}
---
[2025-11-03T09:42:15.176Z] ERROR: Error fetching quest 705 (attempt 4)
Message: Attempted to use detached Frame '03DAD367655A18147D7AE5A08EAEAA20'.
Stack: Error: Attempted to use detached Frame '03DAD367655A18147D7AE5A08EAEAA20'.
    at <anonymous> (/Users/grins/git/warcraft/wow-bis/node_modules/.pnpm/puppeteer-core@24.25.0/node_modules/puppeteer-core/lib/esm/puppeteer/util/decorators.js:99:27)
    at <anonymous> (/Users/grins/git/warcraft/wow-bis/node_modules/.pnpm/puppeteer-core@24.25.0/node_modules/puppeteer-core/lib/esm/puppeteer/api/Page.js:568:43)
    at goto (/Users/grins/git/warcraft/wow-bis/node_modules/.pnpm/puppeteer-core@24.25.0/node_modules/puppeteer-core/lib/esm/puppeteer/api/Page.js:567:20)
    at <anonymous> (/Users/grins/git/warcraft/wow-bis/scripts/process-quest-levels.ts:191:24)
    at fetchQuestRequiredLevel (/Users/grins/git/warcraft/wow-bis/scripts/process-quest-levels.ts:182:33)
    at processTicksAndRejections (native:7:39)
Full Error: {}
---
[2025-11-03T09:42:17.180Z] ERROR: Error fetching quest 202 (attempt 1)
Message: Attempted to use detached Frame '03DAD367655A18147D7AE5A08EAEAA20'.
Stack: Error: Attempted to use detached Frame '03DAD367655A18147D7AE5A08EAEAA20'.
    at <anonymous> (/Users/grins/git/warcraft/wow-bis/node_modules/.pnpm/puppeteer-core@24.25.0/node_modules/puppeteer-core/lib/esm/puppeteer/util/decorators.js:99:27)
    at <anonymous> (/Users/grins/git/warcraft/wow-bis/node_modules/.pnpm/puppeteer-core@24.25.0/node_modules/puppeteer-core/lib/esm/puppeteer/api/Page.js:568:43)
    at goto (/Users/grins/git/warcraft/wow-bis/node_modules/.pnpm/puppeteer-core@24.25.0/node_modules/puppeteer-core/lib/esm/puppeteer/api/Page.js:567:20)
    at <anonymous> (/Users/grins/git/warcraft/wow-bis/scripts/process-quest-levels.ts:191:24)
    at fetchQuestRequiredLevel (/Users/grins/git/warcraft/wow-bis/scripts/process-quest-levels.ts:182:33)
    at <anonymous> (/Users/grins/git/warcraft/wow-bis/scripts/process-quest-levels.ts:386:42)
    at processTicksAndRejections (native:7:39)
Full Error: {}
---
[2025-11-03T09:42:22.183Z] ERROR: Error fetching quest 202 (attempt 2)
Message: Attempted to use detached Frame '03DAD367655A18147D7AE5A08EAEAA20'.
Stack: Error: Attempted to use detached Frame '03DAD367655A18147D7AE5A08EAEAA20'.
    at <anonymous> (/Users/grins/git/warcraft/wow-bis/node_modules/.pnpm/puppeteer-core@24.25.0/node_modules/puppeteer-core/lib/esm/puppeteer/util/decorators.js:99:27)
    at <anonymous> (/Users/grins/git/warcraft/wow-bis/node_modules/.pnpm/puppeteer-core@24.25.0/node_modules/puppeteer-core/lib/esm/puppeteer/api/Page.js:568:43)
    at goto (/Users/grins/git/warcraft/wow-bis/node_modules/.pnpm/puppeteer-core@24.25.0/node_modules/puppeteer-core/lib/esm/puppeteer/api/Page.js:567:20)
    at <anonymous> (/Users/grins/git/warcraft/wow-bis/scripts/process-quest-levels.ts:191:24)
    at fetchQuestRequiredLevel (/Users/grins/git/warcraft/wow-bis/scripts/process-quest-levels.ts:182:33)
    at processTicksAndRejections (native:7:39)
Full Error: {}
---
[2025-11-03T09:42:29.185Z] ERROR: Error fetching quest 202 (attempt 3)
Message: Attempted to use detached Frame '03DAD367655A18147D7AE5A08EAEAA20'.
Stack: Error: Attempted to use detached Frame '03DAD367655A18147D7AE5A08EAEAA20'.
    at <anonymous> (/Users/grins/git/warcraft/wow-bis/node_modules/.pnpm/puppeteer-core@24.25.0/node_modules/puppeteer-core/lib/esm/puppeteer/util/decorators.js:99:27)
    at <anonymous> (/Users/grins/git/warcraft/wow-bis/node_modules/.pnpm/puppeteer-core@24.25.0/node_modules/puppeteer-core/lib/esm/puppeteer/api/Page.js:568:43)
    at goto (/Users/grins/git/warcraft/wow-bis/node_modules/.pnpm/puppeteer-core@24.25.0/node_modules/puppeteer-core/lib/esm/puppeteer/api/Page.js:567:20)
    at <anonymous> (/Users/grins/git/warcraft/wow-bis/scripts/process-quest-levels.ts:191:24)
    at fetchQuestRequiredLevel (/Users/grins/git/warcraft/wow-bis/scripts/process-quest-levels.ts:182:33)
    at processTicksAndRejections (native:7:39)
Full Error: {}
---
[2025-11-03T09:42:38.186Z] ERROR: Error fetching quest 202 (attempt 4)
Message: Attempted to use detached Frame '03DAD367655A18147D7AE5A08EAEAA20'.
Stack: Error: Attempted to use detached Frame '03DAD367655A18147D7AE5A08EAEAA20'.
    at <anonymous> (/Users/grins/git/warcraft/wow-bis/node_modules/.pnpm/puppeteer-core@24.25.0/node_modules/puppeteer-core/lib/esm/puppeteer/util/decorators.js:99:27)
    at <anonymous> (/Users/grins/git/warcraft/wow-bis/node_modules/.pnpm/puppeteer-core@24.25.0/node_modules/puppeteer-core/lib/esm/puppeteer/api/Page.js:568:43)
    at goto (/Users/grins/git/warcraft/wow-bis/node_modules/.pnpm/puppeteer-core@24.25.0/node_modules/puppeteer-core/lib/esm/puppeteer/api/Page.js:567:20)
    at <anonymous> (/Users/grins/git/warcraft/wow-bis/scripts/process-quest-levels.ts:191:24)
    at fetchQuestRequiredLevel (/Users/grins/git/warcraft/wow-bis/scripts/process-quest-levels.ts:182:33)
    at processTicksAndRejections (native:7:39)
Full Error: {}
---
[2025-11-03T09:42:40.189Z] ERROR: Error fetching quest 6581 (attempt 1)
Message: Attempted to use detached Frame '03DAD367655A18147D7AE5A08EAEAA20'.
Stack: Error: Attempted to use detached Frame '03DAD367655A18147D7AE5A08EAEAA20'.
    at <anonymous> (/Users/grins/git/warcraft/wow-bis/node_modules/.pnpm/puppeteer-core@24.25.0/node_modules/puppeteer-core/lib/esm/puppeteer/util/decorators.js:99:27)
    at <anonymous> (/Users/grins/git/warcraft/wow-bis/node_modules/.pnpm/puppeteer-core@24.25.0/node_modules/puppeteer-core/lib/esm/puppeteer/api/Page.js:568:43)
    at goto (/Users/grins/git/warcraft/wow-bis/node_modules/.pnpm/puppeteer-core@24.25.0/node_modules/puppeteer-core/lib/esm/puppeteer/api/Page.js:567:20)
    at <anonymous> (/Users/grins/git/warcraft/wow-bis/scripts/process-quest-levels.ts:191:24)
    at fetchQuestRequiredLevel (/Users/grins/git/warcraft/wow-bis/scripts/process-quest-levels.ts:182:33)
    at <anonymous> (/Users/grins/git/warcraft/wow-bis/scripts/process-quest-levels.ts:386:42)
    at processTicksAndRejections (native:7:39)
Full Error: {}
---
[2025-11-03T09:42:45.191Z] ERROR: Error fetching quest 6581 (attempt 2)
Message: Attempted to use detached Frame '03DAD367655A18147D7AE5A08EAEAA20'.
Stack: Error: Attempted to use detached Frame '03DAD367655A18147D7AE5A08EAEAA20'.
    at <anonymous> (/Users/grins/git/warcraft/wow-bis/node_modules/.pnpm/puppeteer-core@24.25.0/node_modules/puppeteer-core/lib/esm/puppeteer/util/decorators.js:99:27)
    at <anonymous> (/Users/grins/git/warcraft/wow-bis/node_modules/.pnpm/puppeteer-core@24.25.0/node_modules/puppeteer-core/lib/esm/puppeteer/api/Page.js:568:43)
    at goto (/Users/grins/git/warcraft/wow-bis/node_modules/.pnpm/puppeteer-core@24.25.0/node_modules/puppeteer-core/lib/esm/puppeteer/api/Page.js:567:20)
    at <anonymous> (/Users/grins/git/warcraft/wow-bis/scripts/process-quest-levels.ts:191:24)
    at fetchQuestRequiredLevel (/Users/grins/git/warcraft/wow-bis/scripts/process-quest-levels.ts:182:33)
    at processTicksAndRejections (native:7:39)
Full Error: {}
---
[2025-11-03T09:42:52.194Z] ERROR: Error fetching quest 6581 (attempt 3)
Message: Attempted to use detached Frame '03DAD367655A18147D7AE5A08EAEAA20'.
Stack: Error: Attempted to use detached Frame '03DAD367655A18147D7AE5A08EAEAA20'.
    at <anonymous> (/Users/grins/git/warcraft/wow-bis/node_modules/.pnpm/puppeteer-core@24.25.0/node_modules/puppeteer-core/lib/esm/puppeteer/util/decorators.js:99:27)
    at <anonymous> (/Users/grins/git/warcraft/wow-bis/node_modules/.pnpm/puppeteer-core@24.25.0/node_modules/puppeteer-core/lib/esm/puppeteer/api/Page.js:568:43)
    at goto (/Users/grins/git/warcraft/wow-bis/node_modules/.pnpm/puppeteer-core@24.25.0/node_modules/puppeteer-core/lib/esm/puppeteer/api/Page.js:567:20)
    at <anonymous> (/Users/grins/git/warcraft/wow-bis/scripts/process-quest-levels.ts:191:24)
    at fetchQuestRequiredLevel (/Users/grins/git/warcraft/wow-bis/scripts/process-quest-levels.ts:182:33)
    at processTicksAndRejections (native:7:39)
Full Error: {}
---
[2025-11-03T09:43:01.196Z] ERROR: Error fetching quest 6581 (attempt 4)
Message: Attempted to use detached Frame '03DAD367655A18147D7AE5A08EAEAA20'.
Stack: Error: Attempted to use detached Frame '03DAD367655A18147D7AE5A08EAEAA20'.
    at <anonymous> (/Users/grins/git/warcraft/wow-bis/node_modules/.pnpm/puppeteer-core@24.25.0/node_modules/puppeteer-core/lib/esm/puppeteer/util/decorators.js:99:27)
    at <anonymous> (/Users/grins/git/warcraft/wow-bis/node_modules/.pnpm/puppeteer-core@24.25.0/node_modules/puppeteer-core/lib/esm/puppeteer/api/Page.js:568:43)
    at goto (/Users/grins/git/warcraft/wow-bis/node_modules/.pnpm/puppeteer-core@24.25.0/node_modules/puppeteer-core/lib/esm/puppeteer/api/Page.js:567:20)
    at <anonymous> (/Users/grins/git/warcraft/wow-bis/scripts/process-quest-levels.ts:191:24)
    at fetchQuestRequiredLevel (/Users/grins/git/warcraft/wow-bis/scripts/process-quest-levels.ts:182:33)
    at processTicksAndRejections (native:7:39)
Full Error: {}
---
[2025-11-03T09:43:05.200Z] ERROR: Error fetching quest 5060 (attempt 1)
Message: Attempted to use detached Frame '03DAD367655A18147D7AE5A08EAEAA20'.
Stack: Error: Attempted to use detached Frame '03DAD367655A18147D7AE5A08EAEAA20'.
    at <anonymous> (/Users/grins/git/warcraft/wow-bis/node_modules/.pnpm/puppeteer-core@24.25.0/node_modules/puppeteer-core/lib/esm/puppeteer/util/decorators.js:99:27)
    at <anonymous> (/Users/grins/git/warcraft/wow-bis/node_modules/.pnpm/puppeteer-core@24.25.0/node_modules/puppeteer-core/lib/esm/puppeteer/api/Page.js:568:43)
    at goto (/Users/grins/git/warcraft/wow-bis/node_modules/.pnpm/puppeteer-core@24.25.0/node_modules/puppeteer-core/lib/esm/puppeteer/api/Page.js:567:20)
    at <anonymous> (/Users/grins/git/warcraft/wow-bis/scripts/process-quest-levels.ts:191:24)
    at fetchQuestRequiredLevel (/Users/grins/git/warcraft/wow-bis/scripts/process-quest-levels.ts:182:33)
    at <anonymous> (/Users/grins/git/warcraft/wow-bis/scripts/process-quest-levels.ts:386:42)
    at processTicksAndRejections (native:7:39)
Full Error: {}
---
[2025-11-03T09:43:10.202Z] ERROR: Error fetching quest 5060 (attempt 2)
Message: Attempted to use detached Frame '03DAD367655A18147D7AE5A08EAEAA20'.
Stack: Error: Attempted to use detached Frame '03DAD367655A18147D7AE5A08EAEAA20'.
    at <anonymous> (/Users/grins/git/warcraft/wow-bis/node_modules/.pnpm/puppeteer-core@24.25.0/node_modules/puppeteer-core/lib/esm/puppeteer/util/decorators.js:99:27)
    at <anonymous> (/Users/grins/git/warcraft/wow-bis/node_modules/.pnpm/puppeteer-core@24.25.0/node_modules/puppeteer-core/lib/esm/puppeteer/api/Page.js:568:43)
    at goto (/Users/grins/git/warcraft/wow-bis/node_modules/.pnpm/puppeteer-core@24.25.0/node_modules/puppeteer-core/lib/esm/puppeteer/api/Page.js:567:20)
    at <anonymous> (/Users/grins/git/warcraft/wow-bis/scripts/process-quest-levels.ts:191:24)
    at fetchQuestRequiredLevel (/Users/grins/git/warcraft/wow-bis/scripts/process-quest-levels.ts:182:33)
    at processTicksAndRejections (native:7:39)
Full Error: {}
---
[2025-11-03T09:43:17.204Z] ERROR: Error fetching quest 5060 (attempt 3)
Message: Attempted to use detached Frame '03DAD367655A18147D7AE5A08EAEAA20'.
Stack: Error: Attempted to use detached Frame '03DAD367655A18147D7AE5A08EAEAA20'.
    at <anonymous> (/Users/grins/git/warcraft/wow-bis/node_modules/.pnpm/puppeteer-core@24.25.0/node_modules/puppeteer-core/lib/esm/puppeteer/util/decorators.js:99:27)
    at <anonymous> (/Users/grins/git/warcraft/wow-bis/node_modules/.pnpm/puppeteer-core@24.25.0/node_modules/puppeteer-core/lib/esm/puppeteer/api/Page.js:568:43)
    at goto (/Users/grins/git/warcraft/wow-bis/node_modules/.pnpm/puppeteer-core@24.25.0/node_modules/puppeteer-core/lib/esm/puppeteer/api/Page.js:567:20)
    at <anonymous> (/Users/grins/git/warcraft/wow-bis/scripts/process-quest-levels.ts:191:24)
    at fetchQuestRequiredLevel (/Users/grins/git/warcraft/wow-bis/scripts/process-quest-levels.ts:182:33)
    at processTicksAndRejections (native:7:39)
Full Error: {}
---
[2025-11-03T09:43:26.206Z] ERROR: Error fetching quest 5060 (attempt 4)
Message: Attempted to use detached Frame '03DAD367655A18147D7AE5A08EAEAA20'.
Stack: Error: Attempted to use detached Frame '03DAD367655A18147D7AE5A08EAEAA20'.
    at <anonymous> (/Users/grins/git/warcraft/wow-bis/node_modules/.pnpm/puppeteer-core@24.25.0/node_modules/puppeteer-core/lib/esm/puppeteer/util/decorators.js:99:27)
    at <anonymous> (/Users/grins/git/warcraft/wow-bis/node_modules/.pnpm/puppeteer-core@24.25.0/node_modules/puppeteer-core/lib/esm/puppeteer/api/Page.js:568:43)
    at goto (/Users/grins/git/warcraft/wow-bis/node_modules/.pnpm/puppeteer-core@24.25.0/node_modules/puppeteer-core/lib/esm/puppeteer/api/Page.js:567:20)
    at <anonymous> (/Users/grins/git/warcraft/wow-bis/scripts/process-quest-levels.ts:191:24)
    at fetchQuestRequiredLevel (/Users/grins/git/warcraft/wow-bis/scripts/process-quest-levels.ts:182:33)
    at processTicksAndRejections (native:7:39)
Full Error: {}
---
[2025-11-03T09:43:28.210Z] ERROR: Error fetching quest 5321 (attempt 1)
Message: Attempted to use detached Frame '03DAD367655A18147D7AE5A08EAEAA20'.
Stack: Error: Attempted to use detached Frame '03DAD367655A18147D7AE5A08EAEAA20'.
    at <anonymous> (/Users/grins/git/warcraft/wow-bis/node_modules/.pnpm/puppeteer-core@24.25.0/node_modules/puppeteer-core/lib/esm/puppeteer/util/decorators.js:99:27)
    at <anonymous> (/Users/grins/git/warcraft/wow-bis/node_modules/.pnpm/puppeteer-core@24.25.0/node_modules/puppeteer-core/lib/esm/puppeteer/api/Page.js:568:43)
    at goto (/Users/grins/git/warcraft/wow-bis/node_modules/.pnpm/puppeteer-core@24.25.0/node_modules/puppeteer-core/lib/esm/puppeteer/api/Page.js:567:20)
    at <anonymous> (/Users/grins/git/warcraft/wow-bis/scripts/process-quest-levels.ts:191:24)
    at fetchQuestRequiredLevel (/Users/grins/git/warcraft/wow-bis/scripts/process-quest-levels.ts:182:33)
    at <anonymous> (/Users/grins/git/warcraft/wow-bis/scripts/process-quest-levels.ts:386:42)
    at processTicksAndRejections (native:7:39)
Full Error: {}
---
[2025-11-03T09:43:33.211Z] ERROR: Error fetching quest 5321 (attempt 2)
Message: Attempted to use detached Frame '03DAD367655A18147D7AE5A08EAEAA20'.
Stack: Error: Attempted to use detached Frame '03DAD367655A18147D7AE5A08EAEAA20'.
    at <anonymous> (/Users/grins/git/warcraft/wow-bis/node_modules/.pnpm/puppeteer-core@24.25.0/node_modules/puppeteer-core/lib/esm/puppeteer/util/decorators.js:99:27)
    at <anonymous> (/Users/grins/git/warcraft/wow-bis/node_modules/.pnpm/puppeteer-core@24.25.0/node_modules/puppeteer-core/lib/esm/puppeteer/api/Page.js:568:43)
    at goto (/Users/grins/git/warcraft/wow-bis/node_modules/.pnpm/puppeteer-core@24.25.0/node_modules/puppeteer-core/lib/esm/puppeteer/api/Page.js:567:20)
    at <anonymous> (/Users/grins/git/warcraft/wow-bis/scripts/process-quest-levels.ts:191:24)
    at fetchQuestRequiredLevel (/Users/grins/git/warcraft/wow-bis/scripts/process-quest-levels.ts:182:33)
    at processTicksAndRejections (native:7:39)
Full Error: {}
---
[2025-11-03T09:43:40.213Z] ERROR: Error fetching quest 5321 (attempt 3)
Message: Attempted to use detached Frame '03DAD367655A18147D7AE5A08EAEAA20'.
Stack: Error: Attempted to use detached Frame '03DAD367655A18147D7AE5A08EAEAA20'.
    at <anonymous> (/Users/grins/git/warcraft/wow-bis/node_modules/.pnpm/puppeteer-core@24.25.0/node_modules/puppeteer-core/lib/esm/puppeteer/util/decorators.js:99:27)
    at <anonymous> (/Users/grins/git/warcraft/wow-bis/node_modules/.pnpm/puppeteer-core@24.25.0/node_modules/puppeteer-core/lib/esm/puppeteer/api/Page.js:568:43)
    at goto (/Users/grins/git/warcraft/wow-bis/node_modules/.pnpm/puppeteer-core@24.25.0/node_modules/puppeteer-core/lib/esm/puppeteer/api/Page.js:567:20)
    at <anonymous> (/Users/grins/git/warcraft/wow-bis/scripts/process-quest-levels.ts:191:24)
    at fetchQuestRequiredLevel (/Users/grins/git/warcraft/wow-bis/scripts/process-quest-levels.ts:182:33)
    at processTicksAndRejections (native:7:39)
Full Error: {}
---
[2025-11-03T09:43:49.217Z] ERROR: Error fetching quest 5321 (attempt 4)
Message: Attempted to use detached Frame '03DAD367655A18147D7AE5A08EAEAA20'.
Stack: Error: Attempted to use detached Frame '03DAD367655A18147D7AE5A08EAEAA20'.
    at <anonymous> (/Users/grins/git/warcraft/wow-bis/node_modules/.pnpm/puppeteer-core@24.25.0/node_modules/puppeteer-core/lib/esm/puppeteer/util/decorators.js:99:27)
    at <anonymous> (/Users/grins/git/warcraft/wow-bis/node_modules/.pnpm/puppeteer-core@24.25.0/node_modules/puppeteer-core/lib/esm/puppeteer/api/Page.js:568:43)
    at goto (/Users/grins/git/warcraft/wow-bis/node_modules/.pnpm/puppeteer-core@24.25.0/node_modules/puppeteer-core/lib/esm/puppeteer/api/Page.js:567:20)
    at <anonymous> (/Users/grins/git/warcraft/wow-bis/scripts/process-quest-levels.ts:191:24)
    at fetchQuestRequiredLevel (/Users/grins/git/warcraft/wow-bis/scripts/process-quest-levels.ts:182:33)
    at processTicksAndRejections (native:7:39)
Full Error: {}
---
[2025-11-03T09:43:51.220Z] ERROR: Error fetching quest 5943 (attempt 1)
Message: Attempted to use detached Frame '03DAD367655A18147D7AE5A08EAEAA20'.
Stack: Error: Attempted to use detached Frame '03DAD367655A18147D7AE5A08EAEAA20'.
    at <anonymous> (/Users/grins/git/warcraft/wow-bis/node_modules/.pnpm/puppeteer-core@24.25.0/node_modules/puppeteer-core/lib/esm/puppeteer/util/decorators.js:99:27)
    at <anonymous> (/Users/grins/git/warcraft/wow-bis/node_modules/.pnpm/puppeteer-core@24.25.0/node_modules/puppeteer-core/lib/esm/puppeteer/api/Page.js:568:43)
    at goto (/Users/grins/git/warcraft/wow-bis/node_modules/.pnpm/puppeteer-core@24.25.0/node_modules/puppeteer-core/lib/esm/puppeteer/api/Page.js:567:20)
    at <anonymous> (/Users/grins/git/warcraft/wow-bis/scripts/process-quest-levels.ts:191:24)
    at fetchQuestRequiredLevel (/Users/grins/git/warcraft/wow-bis/scripts/process-quest-levels.ts:182:33)
    at <anonymous> (/Users/grins/git/warcraft/wow-bis/scripts/process-quest-levels.ts:386:42)
    at processTicksAndRejections (native:7:39)
Full Error: {}
---
[2025-11-03T09:43:56.223Z] ERROR: Error fetching quest 5943 (attempt 2)
Message: Attempted to use detached Frame '03DAD367655A18147D7AE5A08EAEAA20'.
Stack: Error: Attempted to use detached Frame '03DAD367655A18147D7AE5A08EAEAA20'.
    at <anonymous> (/Users/grins/git/warcraft/wow-bis/node_modules/.pnpm/puppeteer-core@24.25.0/node_modules/puppeteer-core/lib/esm/puppeteer/util/decorators.js:99:27)
    at <anonymous> (/Users/grins/git/warcraft/wow-bis/node_modules/.pnpm/puppeteer-core@24.25.0/node_modules/puppeteer-core/lib/esm/puppeteer/api/Page.js:568:43)
    at goto (/Users/grins/git/warcraft/wow-bis/node_modules/.pnpm/puppeteer-core@24.25.0/node_modules/puppeteer-core/lib/esm/puppeteer/api/Page.js:567:20)
    at <anonymous> (/Users/grins/git/warcraft/wow-bis/scripts/process-quest-levels.ts:191:24)
    at fetchQuestRequiredLevel (/Users/grins/git/warcraft/wow-bis/scripts/process-quest-levels.ts:182:33)
    at processTicksAndRejections (native:7:39)
Full Error: {}
---
[2025-11-03T09:44:03.225Z] ERROR: Error fetching quest 5943 (attempt 3)
Message: Attempted to use detached Frame '03DAD367655A18147D7AE5A08EAEAA20'.
Stack: Error: Attempted to use detached Frame '03DAD367655A18147D7AE5A08EAEAA20'.
    at <anonymous> (/Users/grins/git/warcraft/wow-bis/node_modules/.pnpm/puppeteer-core@24.25.0/node_modules/puppeteer-core/lib/esm/puppeteer/util/decorators.js:99:27)
    at <anonymous> (/Users/grins/git/warcraft/wow-bis/node_modules/.pnpm/puppeteer-core@24.25.0/node_modules/puppeteer-core/lib/esm/puppeteer/api/Page.js:568:43)
    at goto (/Users/grins/git/warcraft/wow-bis/node_modules/.pnpm/puppeteer-core@24.25.0/node_modules/puppeteer-core/lib/esm/puppeteer/api/Page.js:567:20)
    at <anonymous> (/Users/grins/git/warcraft/wow-bis/scripts/process-quest-levels.ts:191:24)
    at fetchQuestRequiredLevel (/Users/grins/git/warcraft/wow-bis/scripts/process-quest-levels.ts:182:33)
    at processTicksAndRejections (native:7:39)
Full Error: {}
---
[2025-11-03T09:44:12.227Z] ERROR: Error fetching quest 5943 (attempt 4)
Message: Attempted to use detached Frame '03DAD367655A18147D7AE5A08EAEAA20'.
Stack: Error: Attempted to use detached Frame '03DAD367655A18147D7AE5A08EAEAA20'.
    at <anonymous> (/Users/grins/git/warcraft/wow-bis/node_modules/.pnpm/puppeteer-core@24.25.0/node_modules/puppeteer-core/lib/esm/puppeteer/util/decorators.js:99:27)
    at <anonymous> (/Users/grins/git/warcraft/wow-bis/node_modules/.pnpm/puppeteer-core@24.25.0/node_modules/puppeteer-core/lib/esm/puppeteer/api/Page.js:568:43)
    at goto (/Users/grins/git/warcraft/wow-bis/node_modules/.pnpm/puppeteer-core@24.25.0/node_modules/puppeteer-core/lib/esm/puppeteer/api/Page.js:567:20)
    at <anonymous> (/Users/grins/git/warcraft/wow-bis/scripts/process-quest-levels.ts:191:24)
    at fetchQuestRequiredLevel (/Users/grins/git/warcraft/wow-bis/scripts/process-quest-levels.ts:182:33)
    at processTicksAndRejections (native:7:39)
Full Error: {}
---
[2025-11-03T09:44:14.229Z] ERROR: Error fetching quest 6041 (attempt 1)
Message: Attempted to use detached Frame '03DAD367655A18147D7AE5A08EAEAA20'.
Stack: Error: Attempted to use detached Frame '03DAD367655A18147D7AE5A08EAEAA20'.
    at <anonymous> (/Users/grins/git/warcraft/wow-bis/node_modules/.pnpm/puppeteer-core@24.25.0/node_modules/puppeteer-core/lib/esm/puppeteer/util/decorators.js:99:27)
    at <anonymous> (/Users/grins/git/warcraft/wow-bis/node_modules/.pnpm/puppeteer-core@24.25.0/node_modules/puppeteer-core/lib/esm/puppeteer/api/Page.js:568:43)
    at goto (/Users/grins/git/warcraft/wow-bis/node_modules/.pnpm/puppeteer-core@24.25.0/node_modules/puppeteer-core/lib/esm/puppeteer/api/Page.js:567:20)
    at <anonymous> (/Users/grins/git/warcraft/wow-bis/scripts/process-quest-levels.ts:191:24)
    at fetchQuestRequiredLevel (/Users/grins/git/warcraft/wow-bis/scripts/process-quest-levels.ts:182:33)
    at <anonymous> (/Users/grins/git/warcraft/wow-bis/scripts/process-quest-levels.ts:386:42)
    at processTicksAndRejections (native:7:39)
Full Error: {}
---
[2025-11-03T09:44:19.231Z] ERROR: Error fetching quest 6041 (attempt 2)
Message: Attempted to use detached Frame '03DAD367655A18147D7AE5A08EAEAA20'.
Stack: Error: Attempted to use detached Frame '03DAD367655A18147D7AE5A08EAEAA20'.
    at <anonymous> (/Users/grins/git/warcraft/wow-bis/node_modules/.pnpm/puppeteer-core@24.25.0/node_modules/puppeteer-core/lib/esm/puppeteer/util/decorators.js:99:27)
    at <anonymous> (/Users/grins/git/warcraft/wow-bis/node_modules/.pnpm/puppeteer-core@24.25.0/node_modules/puppeteer-core/lib/esm/puppeteer/api/Page.js:568:43)
    at goto (/Users/grins/git/warcraft/wow-bis/node_modules/.pnpm/puppeteer-core@24.25.0/node_modules/puppeteer-core/lib/esm/puppeteer/api/Page.js:567:20)
    at <anonymous> (/Users/grins/git/warcraft/wow-bis/scripts/process-quest-levels.ts:191:24)
    at fetchQuestRequiredLevel (/Users/grins/git/warcraft/wow-bis/scripts/process-quest-levels.ts:182:33)
    at processTicksAndRejections (native:7:39)
Full Error: {}
---
[2025-11-03T09:44:26.233Z] ERROR: Error fetching quest 6041 (attempt 3)
Message: Attempted to use detached Frame '03DAD367655A18147D7AE5A08EAEAA20'.
Stack: Error: Attempted to use detached Frame '03DAD367655A18147D7AE5A08EAEAA20'.
    at <anonymous> (/Users/grins/git/warcraft/wow-bis/node_modules/.pnpm/puppeteer-core@24.25.0/node_modules/puppeteer-core/lib/esm/puppeteer/util/decorators.js:99:27)
    at <anonymous> (/Users/grins/git/warcraft/wow-bis/node_modules/.pnpm/puppeteer-core@24.25.0/node_modules/puppeteer-core/lib/esm/puppeteer/api/Page.js:568:43)
    at goto (/Users/grins/git/warcraft/wow-bis/node_modules/.pnpm/puppeteer-core@24.25.0/node_modules/puppeteer-core/lib/esm/puppeteer/api/Page.js:567:20)
    at <anonymous> (/Users/grins/git/warcraft/wow-bis/scripts/process-quest-levels.ts:191:24)
    at fetchQuestRequiredLevel (/Users/grins/git/warcraft/wow-bis/scripts/process-quest-levels.ts:182:33)
    at processTicksAndRejections (native:7:39)
Full Error: {}
---
[2025-11-03T09:44:35.236Z] ERROR: Error fetching quest 6041 (attempt 4)
Message: Attempted to use detached Frame '03DAD367655A18147D7AE5A08EAEAA20'.
Stack: Error: Attempted to use detached Frame '03DAD367655A18147D7AE5A08EAEAA20'.
    at <anonymous> (/Users/grins/git/warcraft/wow-bis/node_modules/.pnpm/puppeteer-core@24.25.0/node_modules/puppeteer-core/lib/esm/puppeteer/util/decorators.js:99:27)
    at <anonymous> (/Users/grins/git/warcraft/wow-bis/node_modules/.pnpm/puppeteer-core@24.25.0/node_modules/puppeteer-core/lib/esm/puppeteer/api/Page.js:568:43)
    at goto (/Users/grins/git/warcraft/wow-bis/node_modules/.pnpm/puppeteer-core@24.25.0/node_modules/puppeteer-core/lib/esm/puppeteer/api/Page.js:567:20)
    at <anonymous> (/Users/grins/git/warcraft/wow-bis/scripts/process-quest-levels.ts:191:24)
    at fetchQuestRequiredLevel (/Users/grins/git/warcraft/wow-bis/scripts/process-quest-levels.ts:182:33)
    at processTicksAndRejections (native:7:39)
Full Error: {}
---
[2025-11-03T09:44:37.239Z] ERROR: Error fetching quest 6521 (attempt 1)
Message: Attempted to use detached Frame '03DAD367655A18147D7AE5A08EAEAA20'.
Stack: Error: Attempted to use detached Frame '03DAD367655A18147D7AE5A08EAEAA20'.
    at <anonymous> (/Users/grins/git/warcraft/wow-bis/node_modules/.pnpm/puppeteer-core@24.25.0/node_modules/puppeteer-core/lib/esm/puppeteer/util/decorators.js:99:27)
    at <anonymous> (/Users/grins/git/warcraft/wow-bis/node_modules/.pnpm/puppeteer-core@24.25.0/node_modules/puppeteer-core/lib/esm/puppeteer/api/Page.js:568:43)
    at goto (/Users/grins/git/warcraft/wow-bis/node_modules/.pnpm/puppeteer-core@24.25.0/node_modules/puppeteer-core/lib/esm/puppeteer/api/Page.js:567:20)
    at <anonymous> (/Users/grins/git/warcraft/wow-bis/scripts/process-quest-levels.ts:191:24)
    at fetchQuestRequiredLevel (/Users/grins/git/warcraft/wow-bis/scripts/process-quest-levels.ts:182:33)
    at <anonymous> (/Users/grins/git/warcraft/wow-bis/scripts/process-quest-levels.ts:386:42)
    at processTicksAndRejections (native:7:39)
Full Error: {}
---
[2025-11-03T09:44:42.241Z] ERROR: Error fetching quest 6521 (attempt 2)
Message: Attempted to use detached Frame '03DAD367655A18147D7AE5A08EAEAA20'.
Stack: Error: Attempted to use detached Frame '03DAD367655A18147D7AE5A08EAEAA20'.
    at <anonymous> (/Users/grins/git/warcraft/wow-bis/node_modules/.pnpm/puppeteer-core@24.25.0/node_modules/puppeteer-core/lib/esm/puppeteer/util/decorators.js:99:27)
    at <anonymous> (/Users/grins/git/warcraft/wow-bis/node_modules/.pnpm/puppeteer-core@24.25.0/node_modules/puppeteer-core/lib/esm/puppeteer/api/Page.js:568:43)
    at goto (/Users/grins/git/warcraft/wow-bis/node_modules/.pnpm/puppeteer-core@24.25.0/node_modules/puppeteer-core/lib/esm/puppeteer/api/Page.js:567:20)
    at <anonymous> (/Users/grins/git/warcraft/wow-bis/scripts/process-quest-levels.ts:191:24)
    at fetchQuestRequiredLevel (/Users/grins/git/warcraft/wow-bis/scripts/process-quest-levels.ts:182:33)
    at processTicksAndRejections (native:7:39)
Full Error: {}
---
[2025-11-03T09:44:49.244Z] ERROR: Error fetching quest 6521 (attempt 3)
Message: Attempted to use detached Frame '03DAD367655A18147D7AE5A08EAEAA20'.
Stack: Error: Attempted to use detached Frame '03DAD367655A18147D7AE5A08EAEAA20'.
    at <anonymous> (/Users/grins/git/warcraft/wow-bis/node_modules/.pnpm/puppeteer-core@24.25.0/node_modules/puppeteer-core/lib/esm/puppeteer/util/decorators.js:99:27)
    at <anonymous> (/Users/grins/git/warcraft/wow-bis/node_modules/.pnpm/puppeteer-core@24.25.0/node_modules/puppeteer-core/lib/esm/puppeteer/api/Page.js:568:43)
    at goto (/Users/grins/git/warcraft/wow-bis/node_modules/.pnpm/puppeteer-core@24.25.0/node_modules/puppeteer-core/lib/esm/puppeteer/api/Page.js:567:20)
    at <anonymous> (/Users/grins/git/warcraft/wow-bis/scripts/process-quest-levels.ts:191:24)
    at fetchQuestRequiredLevel (/Users/grins/git/warcraft/wow-bis/scripts/process-quest-levels.ts:182:33)
    at processTicksAndRejections (native:7:39)
Full Error: {}
---
[2025-11-03T09:44:58.245Z] ERROR: Error fetching quest 6521 (attempt 4)
Message: Attempted to use detached Frame '03DAD367655A18147D7AE5A08EAEAA20'.
Stack: Error: Attempted to use detached Frame '03DAD367655A18147D7AE5A08EAEAA20'.
    at <anonymous> (/Users/grins/git/warcraft/wow-bis/node_modules/.pnpm/puppeteer-core@24.25.0/node_modules/puppeteer-core/lib/esm/puppeteer/util/decorators.js:99:27)
    at <anonymous> (/Users/grins/git/warcraft/wow-bis/node_modules/.pnpm/puppeteer-core@24.25.0/node_modules/puppeteer-core/lib/esm/puppeteer/api/Page.js:568:43)
    at goto (/Users/grins/git/warcraft/wow-bis/node_modules/.pnpm/puppeteer-core@24.25.0/node_modules/puppeteer-core/lib/esm/puppeteer/api/Page.js:567:20)
    at <anonymous> (/Users/grins/git/warcraft/wow-bis/scripts/process-quest-levels.ts:191:24)
    at fetchQuestRequiredLevel (/Users/grins/git/warcraft/wow-bis/scripts/process-quest-levels.ts:182:33)
    at processTicksAndRejections (native:7:39)
Full Error: {}
---
[2025-11-03T09:45:02.251Z] ERROR: Error fetching quest 40068 (attempt 1)
Message: Attempted to use detached Frame '03DAD367655A18147D7AE5A08EAEAA20'.
Stack: Error: Attempted to use detached Frame '03DAD367655A18147D7AE5A08EAEAA20'.
    at <anonymous> (/Users/grins/git/warcraft/wow-bis/node_modules/.pnpm/puppeteer-core@24.25.0/node_modules/puppeteer-core/lib/esm/puppeteer/util/decorators.js:99:27)
    at <anonymous> (/Users/grins/git/warcraft/wow-bis/node_modules/.pnpm/puppeteer-core@24.25.0/node_modules/puppeteer-core/lib/esm/puppeteer/api/Page.js:568:43)
    at goto (/Users/grins/git/warcraft/wow-bis/node_modules/.pnpm/puppeteer-core@24.25.0/node_modules/puppeteer-core/lib/esm/puppeteer/api/Page.js:567:20)
    at <anonymous> (/Users/grins/git/warcraft/wow-bis/scripts/process-quest-levels.ts:191:24)
    at fetchQuestRequiredLevel (/Users/grins/git/warcraft/wow-bis/scripts/process-quest-levels.ts:182:33)
    at <anonymous> (/Users/grins/git/warcraft/wow-bis/scripts/process-quest-levels.ts:386:42)
    at processTicksAndRejections (native:7:39)
Full Error: {}
---
[2025-11-03T09:45:07.254Z] ERROR: Error fetching quest 40068 (attempt 2)
Message: Attempted to use detached Frame '03DAD367655A18147D7AE5A08EAEAA20'.
Stack: Error: Attempted to use detached Frame '03DAD367655A18147D7AE5A08EAEAA20'.
    at <anonymous> (/Users/grins/git/warcraft/wow-bis/node_modules/.pnpm/puppeteer-core@24.25.0/node_modules/puppeteer-core/lib/esm/puppeteer/util/decorators.js:99:27)
    at <anonymous> (/Users/grins/git/warcraft/wow-bis/node_modules/.pnpm/puppeteer-core@24.25.0/node_modules/puppeteer-core/lib/esm/puppeteer/api/Page.js:568:43)
    at goto (/Users/grins/git/warcraft/wow-bis/node_modules/.pnpm/puppeteer-core@24.25.0/node_modules/puppeteer-core/lib/esm/puppeteer/api/Page.js:567:20)
    at <anonymous> (/Users/grins/git/warcraft/wow-bis/scripts/process-quest-levels.ts:191:24)
    at fetchQuestRequiredLevel (/Users/grins/git/warcraft/wow-bis/scripts/process-quest-levels.ts:182:33)
    at processTicksAndRejections (native:7:39)
Full Error: {}
---
[2025-11-03T09:45:14.255Z] ERROR: Error fetching quest 40068 (attempt 3)
Message: Attempted to use detached Frame '03DAD367655A18147D7AE5A08EAEAA20'.
Stack: Error: Attempted to use detached Frame '03DAD367655A18147D7AE5A08EAEAA20'.
    at <anonymous> (/Users/grins/git/warcraft/wow-bis/node_modules/.pnpm/puppeteer-core@24.25.0/node_modules/puppeteer-core/lib/esm/puppeteer/util/decorators.js:99:27)
    at <anonymous> (/Users/grins/git/warcraft/wow-bis/node_modules/.pnpm/puppeteer-core@24.25.0/node_modules/puppeteer-core/lib/esm/puppeteer/api/Page.js:568:43)
    at goto (/Users/grins/git/warcraft/wow-bis/node_modules/.pnpm/puppeteer-core@24.25.0/node_modules/puppeteer-core/lib/esm/puppeteer/api/Page.js:567:20)
    at <anonymous> (/Users/grins/git/warcraft/wow-bis/scripts/process-quest-levels.ts:191:24)
    at fetchQuestRequiredLevel (/Users/grins/git/warcraft/wow-bis/scripts/process-quest-levels.ts:182:33)
    at processTicksAndRejections (native:7:39)
Full Error: {}
---
[2025-11-03T09:45:23.258Z] ERROR: Error fetching quest 40068 (attempt 4)
Message: Attempted to use detached Frame '03DAD367655A18147D7AE5A08EAEAA20'.
Stack: Error: Attempted to use detached Frame '03DAD367655A18147D7AE5A08EAEAA20'.
    at <anonymous> (/Users/grins/git/warcraft/wow-bis/node_modules/.pnpm/puppeteer-core@24.25.0/node_modules/puppeteer-core/lib/esm/puppeteer/util/decorators.js:99:27)
    at <anonymous> (/Users/grins/git/warcraft/wow-bis/node_modules/.pnpm/puppeteer-core@24.25.0/node_modules/puppeteer-core/lib/esm/puppeteer/api/Page.js:568:43)
    at goto (/Users/grins/git/warcraft/wow-bis/node_modules/.pnpm/puppeteer-core@24.25.0/node_modules/puppeteer-core/lib/esm/puppeteer/api/Page.js:567:20)
    at <anonymous> (/Users/grins/git/warcraft/wow-bis/scripts/process-quest-levels.ts:191:24)
    at fetchQuestRequiredLevel (/Users/grins/git/warcraft/wow-bis/scripts/process-quest-levels.ts:182:33)
    at processTicksAndRejections (native:7:39)
Full Error: {}
---
[2025-11-03T09:45:29.269Z] ERROR: Error fetching quest 60134 (attempt 1)
Message: Attempted to use detached Frame '03DAD367655A18147D7AE5A08EAEAA20'.
Stack: Error: Attempted to use detached Frame '03DAD367655A18147D7AE5A08EAEAA20'.
    at <anonymous> (/Users/grins/git/warcraft/wow-bis/node_modules/.pnpm/puppeteer-core@24.25.0/node_modules/puppeteer-core/lib/esm/puppeteer/util/decorators.js:99:27)
    at <anonymous> (/Users/grins/git/warcraft/wow-bis/node_modules/.pnpm/puppeteer-core@24.25.0/node_modules/puppeteer-core/lib/esm/puppeteer/api/Page.js:568:43)
    at goto (/Users/grins/git/warcraft/wow-bis/node_modules/.pnpm/puppeteer-core@24.25.0/node_modules/puppeteer-core/lib/esm/puppeteer/api/Page.js:567:20)
    at <anonymous> (/Users/grins/git/warcraft/wow-bis/scripts/process-quest-levels.ts:191:24)
    at fetchQuestRequiredLevel (/Users/grins/git/warcraft/wow-bis/scripts/process-quest-levels.ts:182:33)
    at <anonymous> (/Users/grins/git/warcraft/wow-bis/scripts/process-quest-levels.ts:386:42)
    at processTicksAndRejections (native:7:39)
Full Error: {}
---
[2025-11-03T09:45:34.272Z] ERROR: Error fetching quest 60134 (attempt 2)
Message: Attempted to use detached Frame '03DAD367655A18147D7AE5A08EAEAA20'.
Stack: Error: Attempted to use detached Frame '03DAD367655A18147D7AE5A08EAEAA20'.
    at <anonymous> (/Users/grins/git/warcraft/wow-bis/node_modules/.pnpm/puppeteer-core@24.25.0/node_modules/puppeteer-core/lib/esm/puppeteer/util/decorators.js:99:27)
    at <anonymous> (/Users/grins/git/warcraft/wow-bis/node_modules/.pnpm/puppeteer-core@24.25.0/node_modules/puppeteer-core/lib/esm/puppeteer/api/Page.js:568:43)
    at goto (/Users/grins/git/warcraft/wow-bis/node_modules/.pnpm/puppeteer-core@24.25.0/node_modules/puppeteer-core/lib/esm/puppeteer/api/Page.js:567:20)
    at <anonymous> (/Users/grins/git/warcraft/wow-bis/scripts/process-quest-levels.ts:191:24)
    at fetchQuestRequiredLevel (/Users/grins/git/warcraft/wow-bis/scripts/process-quest-levels.ts:182:33)
    at processTicksAndRejections (native:7:39)
Full Error: {}
---
[2025-11-03T09:45:41.276Z] ERROR: Error fetching quest 60134 (attempt 3)
Message: Attempted to use detached Frame '03DAD367655A18147D7AE5A08EAEAA20'.
Stack: Error: Attempted to use detached Frame '03DAD367655A18147D7AE5A08EAEAA20'.
    at <anonymous> (/Users/grins/git/warcraft/wow-bis/node_modules/.pnpm/puppeteer-core@24.25.0/node_modules/puppeteer-core/lib/esm/puppeteer/util/decorators.js:99:27)
    at <anonymous> (/Users/grins/git/warcraft/wow-bis/node_modules/.pnpm/puppeteer-core@24.25.0/node_modules/puppeteer-core/lib/esm/puppeteer/api/Page.js:568:43)
    at goto (/Users/grins/git/warcraft/wow-bis/node_modules/.pnpm/puppeteer-core@24.25.0/node_modules/puppeteer-core/lib/esm/puppeteer/api/Page.js:567:20)
    at <anonymous> (/Users/grins/git/warcraft/wow-bis/scripts/process-quest-levels.ts:191:24)
    at fetchQuestRequiredLevel (/Users/grins/git/warcraft/wow-bis/scripts/process-quest-levels.ts:182:33)
    at processTicksAndRejections (native:7:39)
Full Error: {}
---
[2025-11-03T09:45:50.278Z] ERROR: Error fetching quest 60134 (attempt 4)
Message: Attempted to use detached Frame '03DAD367655A18147D7AE5A08EAEAA20'.
Stack: Error: Attempted to use detached Frame '03DAD367655A18147D7AE5A08EAEAA20'.
    at <anonymous> (/Users/grins/git/warcraft/wow-bis/node_modules/.pnpm/puppeteer-core@24.25.0/node_modules/puppeteer-core/lib/esm/puppeteer/util/decorators.js:99:27)
    at <anonymous> (/Users/grins/git/warcraft/wow-bis/node_modules/.pnpm/puppeteer-core@24.25.0/node_modules/puppeteer-core/lib/esm/puppeteer/api/Page.js:568:43)
    at goto (/Users/grins/git/warcraft/wow-bis/node_modules/.pnpm/puppeteer-core@24.25.0/node_modules/puppeteer-core/lib/esm/puppeteer/api/Page.js:567:20)
    at <anonymous> (/Users/grins/git/warcraft/wow-bis/scripts/process-quest-levels.ts:191:24)
    at fetchQuestRequiredLevel (/Users/grins/git/warcraft/wow-bis/scripts/process-quest-levels.ts:182:33)
    at processTicksAndRejections (native:7:39)
Full Error: {}
---
