[2025-11-02T12:19:41.713Z] 🚀 Initializing browser with anti-detection...
[2025-11-02T12:19:42.620Z] ✅ Browser initialized with stealth mode
[2025-11-02T12:19:42.621Z] 
🚀 Starting Quest Level Processing

[2025-11-02T12:19:42.621Z] 📁 Found 56 item files to process
[2025-11-02T12:19:42.621Z] 
📂 Processing file: 1h-axes.json
[2025-11-02T12:19:42.621Z]   No quest items found in 1h-axes.json
[2025-11-02T12:19:42.622Z] 
📂 Processing file: 1h-maces.json
[2025-11-02T12:19:42.622Z]   📊 Found 1 quest items in 1h-maces.json
[2025-11-02T12:19:42.622Z]   🎯 Processing 1 unique quests
[2025-11-02T12:19:46.775Z] ✅ Quest 60073: Required level 42
[2025-11-02T12:19:48.779Z] 💾 Saved 2 items to turtle_db/items/armor/1h-maces.json
[2025-11-02T12:19:48.779Z]   ✅ Updated 1 items in 1h-maces.json
[2025-11-02T12:19:48.779Z] 
📂 Processing file: amulets.json
[2025-11-02T12:19:48.782Z]   📊 Found 142 quest items in amulets.json
[2025-11-02T12:19:48.782Z]   🎯 Processing 129 unique quests
[2025-11-02T12:19:52.869Z] ✅ Quest 7981: Required level 55
[2025-11-02T12:19:58.964Z] ✅ Quest 8048: Required level 58
[2025-11-02T12:20:05.217Z] ✅ Quest 8104: Required level 60
[2025-11-02T12:20:11.316Z] ✅ Quest 8109: Required level 60
[2025-11-02T12:20:17.456Z] ✅ Quest 8736: Required level 60
[2025-11-02T12:20:23.594Z] ✅ Quest 8802: Required level 60
[2025-11-02T12:20:29.796Z] ✅ Quest 9228: Required level 55
[2025-11-02T12:20:35.939Z] ✅ Quest 9222: Required level 55
[2025-11-02T12:20:42.041Z] ✅ Quest 9224: Required level 55
[2025-11-02T12:20:48.189Z] ✅ Quest 9225: Required level 55
[2025-11-02T12:20:54.280Z] ✅ Quest 41631: Required level 58
[2025-11-02T12:21:00.369Z] ✅ Quest 41625: Required level 58
[2025-11-02T12:21:06.465Z] ✅ Quest 7496: Required level 60
[2025-11-02T12:21:12.556Z] ✅ Quest 7491: Required level 60
[2025-11-02T12:21:18.654Z] ✅ Quest 7782: Required level 60
[2025-11-02T12:21:24.752Z] ✅ Quest 7784: Required level 60
[2025-11-02T12:21:30.848Z] ✅ Quest 7940: Required level 55
[2025-11-02T12:21:36.946Z] ✅ Quest 8044: Required level 60
[2025-11-02T13:46:05.706Z] 🚀 Initializing browser with anti-detection...
[2025-11-02T13:46:06.420Z] ✅ Browser initialized with stealth mode
[2025-11-02T13:46:06.420Z] 
🚀 Starting Quest Level Processing

[2025-11-02T13:46:06.421Z] 📁 Found 56 item files to process
[2025-11-02T13:46:06.421Z] ✅ Skipping already completed file: 1h-axes.json
[2025-11-02T13:46:06.421Z] ✅ Skipping already completed file: 1h-maces.json
[2025-11-02T13:46:06.421Z] 
📂 Processing file: amulets.json
[2025-11-02T13:46:06.422Z]   📊 Found 142 quest items in amulets.json
[2025-11-02T13:46:06.423Z]   🎯 Processing 129 unique quests
[2025-11-02T13:46:10.424Z] ✅ Quest 7981: Required level 55
[2025-11-02T13:46:16.506Z] ✅ Quest 8048: Required level 58
[2025-11-02T13:46:22.604Z] ✅ Quest 8104: Required level 60
[2025-11-02T13:46:28.695Z] ✅ Quest 8109: Required level 60
[2025-11-02T13:46:34.829Z] ✅ Quest 8736: Required level 60
[2025-11-02T13:46:40.975Z] ✅ Quest 8802: Required level 60
[2025-11-02T13:46:47.059Z] ✅ Quest 9228: Required level 55
[2025-11-02T13:46:53.230Z] ✅ Quest 9222: Required level 55
[2025-11-02T13:46:59.343Z] ✅ Quest 9224: Required level 55
[2025-11-02T13:47:05.431Z] ✅ Quest 9225: Required level 55
[2025-11-02T13:47:11.319Z] ✅ Quest 41631: Required level 58
[2025-11-02T13:47:17.421Z] ✅ Quest 41625: Required level 58
[2025-11-02T13:47:23.329Z] ✅ Quest 7496: Required level 60
[2025-11-02T13:47:29.426Z] ✅ Quest 7491: Required level 60
[2025-11-02T13:47:35.518Z] ✅ Quest 7782: Required level 60
[2025-11-02T13:47:41.642Z] ✅ Quest 7784: Required level 60
[2025-11-02T13:47:47.741Z] ✅ Quest 7940: Required level 55
[2025-11-02T13:47:53.830Z] ✅ Quest 8044: Required level 60
[2025-11-02T13:47:59.927Z] ✅ Quest 8052: Required level 60
[2025-11-02T13:48:06.087Z] ✅ Quest 8119: Required level 60
[2025-11-02T13:48:12.185Z] ✅ Quest 8113: Required level 60
[2025-11-02T13:48:18.277Z] ✅ Quest 8144: Required level 60
[2025-11-02T13:48:24.370Z] ✅ Quest 8148: Required level 60
[2025-11-02T13:48:30.510Z] ✅ Quest 8791: Required level 60
[2025-11-02T13:48:36.605Z] ✅ Quest 41619: Required level 58
[2025-11-02T13:48:42.696Z] ✅ Quest 41601: Required level 58
[2025-11-02T13:48:48.790Z] ✅ Quest 41589: Required level 58
[2025-11-02T13:48:54.888Z] ✅ Quest 41613: Required level 58
[2025-11-02T13:49:00.978Z] ✅ Quest 41607: Required level 58
[2025-11-02T13:49:07.062Z] ✅ Quest 41583: Required level 58
[2025-11-02T13:49:13.151Z] ✅ Quest 41785: Required level 24
[2025-11-02T13:49:19.242Z] ✅ Quest 40963: Required level 58
[2025-11-02T13:49:25.332Z] ✅ Quest 1048: Required level 33
[2025-11-02T13:49:31.398Z] ✅ Quest 3341: Required level 37
[2025-11-02T13:49:37.401Z] ✅ Quest 3636: Required level 39
[2025-11-02T13:49:43.404Z] ✅ Quest 4132: Required level 52
[2025-11-02T13:49:49.405Z] ✅ Quest 6602: Required level 55
[2025-11-02T13:49:55.153Z] ✅ Quest 6502: Required level 50
[2025-11-02T13:50:01.270Z] ✅ Quest 8112: Required level 60
[2025-11-02T13:50:07.357Z] ✅ Quest 8253: Required level 50
[2025-11-02T13:50:13.421Z] ✅ Quest 8949: Required level 58
[2025-11-02T13:50:19.422Z] ✅ Quest 41753: Required level 24
[2025-11-02T13:50:25.426Z] ✅ Quest 41326: Required level 30
[2025-11-02T13:50:31.430Z] ✅ Quest 40272: Required level 45
[2025-11-02T13:50:37.432Z] ✅ Quest 40317: Required level 58
[2025-11-02T13:50:43.434Z] ✅ Quest 40132: Required level 53
[2025-11-02T13:50:49.438Z] ✅ Quest 40133: Required level 53
[2025-11-02T13:50:55.441Z] ✅ Quest 40760: Required level 50
[2025-11-02T13:51:01.446Z] ✅ Quest 55225: Required level 18
[2025-11-02T13:51:07.239Z] ✅ Quest 592: Required level 30
[2025-11-02T13:51:14.168Z] ✅ Quest 1139: Required level 35
[2025-11-02T13:51:20.267Z] ✅ Quest 2341: Required level 37
[2025-11-02T13:51:26.368Z] ✅ Quest 5944: Required level 52
[2025-11-02T13:51:32.509Z] ✅ Quest 8047: Required level 60
[2025-11-02T13:51:39.231Z] ✅ Quest 8103: Required level 60
[2025-11-02T13:51:45.328Z] ✅ Quest 8108: Required level 60
[2025-11-02T13:51:51.428Z] ✅ Quest 8147: Required level 60
[2025-11-02T13:51:57.474Z] ✅ Quest 40962: Required level 58
[2025-11-02T13:52:03.478Z] ✅ Quest 60074: Required level 42
[2025-11-02T13:52:09.286Z] ✅ Quest 40342: Required level 58
[2025-11-02T13:52:15.039Z] ✅ Quest 40504: Required level 45
[2025-11-02T13:52:21.131Z] ✅ Quest 40882: Required level 35
[2025-11-02T13:52:27.220Z] ✅ Quest 2361: Required level 37
[2025-11-02T13:52:33.369Z] ✅ Quest 8043: Required level 60
[2025-11-02T13:52:39.492Z] ✅ Quest 8051: Required level 60
[2025-11-02T13:52:45.498Z] ✅ Quest 41731: Required level 30
[2025-11-02T13:52:51.500Z] ✅ Quest 41095: Required level 60
[2025-11-02T13:52:57.504Z] ✅ Quest 40997: Required level 38
[2025-11-02T13:53:03.504Z] ✅ Quest 41016: Required level 55
[2025-11-02T13:53:09.510Z] ✅ Quest 573: Required level 33
[2025-11-02T13:53:15.514Z] ✅ Quest 521: Required level 34
[2025-11-02T13:53:21.517Z] ✅ Quest 1050: Required level 28
[2025-11-02T13:53:27.352Z] ✅ Quest 5051: Required level 50
[2025-11-02T13:53:33.468Z] ✅ Quest 5125: Required level 55
[2025-11-02T13:53:39.528Z] ✅ Quest 7861: Required level 46
[2025-11-02T13:53:45.530Z] ✅ Quest 8118: Required level 60
[2025-11-02T13:53:52.060Z] ✅ Quest 8111: Required level 60
[2025-11-02T13:53:58.155Z] ✅ Quest 8143: Required level 60
[2025-11-02T13:54:04.165Z] ✅ Quest 60137: Required level 37
[2025-11-02T13:54:10.306Z] ✅ Quest 60135: Required level 37
[2025-11-02T13:54:16.402Z] ✅ Quest 41295: Required level 34
[2025-11-02T13:54:22.499Z] ✅ Quest 41711: Required level 23
[2025-11-02T13:54:28.597Z] ✅ Quest 41767: Required level 45
[2025-11-02T13:54:34.700Z] ✅ Quest 40310: Required level 58
[2025-11-02T13:54:40.790Z] ✅ Quest 40015: Required level 28
[2025-11-02T13:54:46.931Z] ✅ Quest 40772: Required level 50
[2025-11-02T13:54:53.022Z] ✅ Quest 40870: Required level 55
[2025-11-02T13:54:59.168Z] ✅ Quest 3628: Required level 45
[2025-11-02T13:55:05.255Z] ✅ Quest 793: Required level 40
[2025-11-02T13:55:11.356Z] ✅ Quest 717: Required level 40
[2025-11-02T13:55:17.451Z] ✅ Quest 5501: Required level 33
[2025-11-02T13:55:23.539Z] ✅ Quest 5057: Required level 53
[2025-11-02T13:55:29.582Z] ✅ Quest 5238: Required level 50
[2025-11-02T13:55:35.584Z] ✅ Quest 5237: Required level 50
[2025-11-02T13:55:41.588Z] ✅ Quest 4902: Required level 52
[2025-11-02T13:55:47.271Z] ✅ Quest 8046: Required level 60
[2025-11-02T13:55:53.369Z] ✅ Quest 8102: Required level 60
[2025-11-02T13:55:59.511Z] ✅ Quest 8107: Required level 60
[2025-11-02T13:56:16.155Z] 🚀 Initializing browser with anti-detection...
[2025-11-02T13:56:16.563Z] ✅ Browser initialized with stealth mode
[2025-11-02T13:56:16.564Z] 
🚀 Starting Quest Level Processing

[2025-11-02T13:56:16.564Z] 📁 Found 56 item files to process
[2025-11-02T13:56:16.564Z] ✅ Skipping already completed file: 1h-axes.json
[2025-11-02T13:56:16.564Z] ✅ Skipping already completed file: 1h-maces.json
[2025-11-02T13:56:16.564Z] 
📂 Processing file: amulets.json
[2025-11-02T13:56:16.566Z]   📊 Found 142 quest items in amulets.json
[2025-11-02T13:56:16.566Z]   🎯 Processing 129 unique quests
[2025-11-02T13:56:20.554Z] ✅ Quest 7981: Required level 55
[2025-11-02T13:56:26.658Z] ✅ Quest 8048: Required level 58
[2025-11-02T13:56:32.753Z] ✅ Quest 8104: Required level 60
[2025-11-02T13:56:38.841Z] ✅ Quest 8109: Required level 60
[2025-11-02T13:56:44.980Z] ✅ Quest 8736: Required level 60
[2025-11-02T13:56:51.122Z] ✅ Quest 8802: Required level 60
[2025-11-02T13:56:57.214Z] ✅ Quest 9228: Required level 55
[2025-11-02T13:57:03.343Z] ✅ Quest 9222: Required level 55
[2025-11-02T13:57:09.437Z] ✅ Quest 9224: Required level 55
[2025-11-02T13:57:15.521Z] ✅ Quest 9225: Required level 55
[2025-11-02T13:57:21.543Z] ✅ Quest 41631: Required level 58
[2025-11-02T13:57:27.549Z] ✅ Quest 41625: Required level 58
[2025-11-02T13:57:33.638Z] ✅ Quest 7496: Required level 60
[2025-11-02T13:57:39.737Z] ✅ Quest 7491: Required level 60
[2025-11-02T13:57:45.833Z] ✅ Quest 7782: Required level 60
[2025-11-02T13:57:51.940Z] ✅ Quest 7784: Required level 60
[2025-11-02T13:57:58.045Z] ✅ Quest 7940: Required level 55
[2025-11-02T13:58:04.142Z] ✅ Quest 8044: Required level 60
[2025-11-02T13:58:10.244Z] ✅ Quest 8052: Required level 60
[2025-11-02T13:58:16.344Z] ✅ Quest 8119: Required level 60
[2025-11-02T13:58:22.445Z] ✅ Quest 8113: Required level 60
[2025-11-02T13:58:28.551Z] ✅ Quest 8144: Required level 60
[2025-11-02T13:58:34.580Z] ✅ Quest 8148: Required level 60
[2025-11-02T13:58:40.587Z] ✅ Quest 8791: Required level 60
[2025-11-02T13:58:46.588Z] ✅ Quest 41619: Required level 58
[2025-11-02T13:58:52.593Z] ✅ Quest 41601: Required level 58
[2025-11-02T13:58:58.598Z] ✅ Quest 41589: Required level 58
[2025-11-02T13:59:04.603Z] ✅ Quest 41613: Required level 58
[2025-11-02T13:59:10.603Z] ✅ Quest 41607: Required level 58
[2025-11-02T13:59:16.609Z] ✅ Quest 41583: Required level 58
[2025-11-02T13:59:22.613Z] ✅ Quest 41785: Required level 24
[2025-11-02T13:59:28.613Z] ✅ Quest 40963: Required level 58
[2025-11-02T13:59:34.712Z] ✅ Quest 1048: Required level 33
[2025-11-02T13:59:40.803Z] ✅ Quest 3341: Required level 37
[2025-11-02T13:59:46.897Z] ✅ Quest 3636: Required level 39
[2025-11-02T13:59:53.040Z] ✅ Quest 4132: Required level 52
[2025-11-02T13:59:59.145Z] ✅ Quest 6602: Required level 55
[2025-11-02T14:00:05.244Z] ✅ Quest 6502: Required level 50
[2025-11-02T14:00:11.332Z] ✅ Quest 8112: Required level 60
[2025-11-02T14:00:17.417Z] ✅ Quest 8253: Required level 50
[2025-11-02T14:00:23.519Z] ✅ Quest 8949: Required level 58
[2025-11-02T14:00:29.607Z] ✅ Quest 41753: Required level 24
[2025-11-02T14:00:35.647Z] ✅ Quest 41326: Required level 30
[2025-11-02T14:00:41.651Z] ✅ Quest 40272: Required level 45
[2025-11-02T14:00:47.652Z] ✅ Quest 40317: Required level 58
[2025-11-02T14:00:53.654Z] ✅ Quest 40132: Required level 53
[2025-11-02T14:00:59.657Z] ✅ Quest 40133: Required level 53
[2025-11-02T14:01:05.664Z] ✅ Quest 40760: Required level 50
[2025-11-02T14:01:11.668Z] ✅ Quest 55225: Required level 18
[2025-11-02T14:01:17.445Z] ✅ Quest 592: Required level 30
[2025-11-02T14:01:23.533Z] ✅ Quest 1139: Required level 35
[2025-11-02T14:01:29.629Z] ✅ Quest 2341: Required level 37
[2025-11-02T14:01:35.679Z] ✅ Quest 5944: Required level 52
[2025-11-02T14:01:41.681Z] ✅ Quest 8047: Required level 60
[2025-11-02T14:01:47.684Z] ✅ Quest 8103: Required level 60
[2025-11-02T14:01:53.358Z] ✅ Quest 8108: Required level 60
[2025-11-02T14:01:59.457Z] ✅ Quest 8147: Required level 60
[2025-11-02T14:02:05.554Z] ✅ Quest 40962: Required level 58
[2025-11-02T14:02:11.649Z] ✅ Quest 60074: Required level 42
[2025-11-02T14:02:17.699Z] ✅ Quest 40342: Required level 58
[2025-11-02T14:02:23.702Z] ✅ Quest 40504: Required level 45
[2025-11-02T14:02:29.706Z] ✅ Quest 40882: Required level 35
[2025-11-02T14:02:35.711Z] ✅ Quest 2361: Required level 37
[2025-11-02T14:02:41.712Z] ✅ Quest 8043: Required level 60
[2025-11-02T14:02:47.717Z] ✅ Quest 8051: Required level 60
[2025-11-02T14:02:53.718Z] ✅ Quest 41731: Required level 30
[2025-11-02T14:02:59.723Z] ✅ Quest 41095: Required level 60
[2025-11-02T14:03:05.519Z] ✅ Quest 40997: Required level 38
[2025-11-02T14:03:11.617Z] ✅ Quest 41016: Required level 55
[2025-11-02T14:03:17.709Z] ✅ Quest 573: Required level 33
[2025-11-02T14:03:23.736Z] ✅ Quest 521: Required level 34
[2025-11-02T14:03:29.742Z] ✅ Quest 1050: Required level 28
[2025-11-02T14:03:35.746Z] ✅ Quest 5051: Required level 50
[2025-11-02T14:03:41.443Z] ✅ Quest 5125: Required level 55
[2025-11-02T14:03:47.616Z] ✅ Quest 7861: Required level 46
[2025-11-02T14:03:53.715Z] ✅ Quest 8118: Required level 60
[2025-11-02T14:03:59.758Z] ✅ Quest 8111: Required level 60
[2025-11-02T14:04:05.761Z] ✅ Quest 8143: Required level 60
[2025-11-02T14:04:11.766Z] ✅ Quest 60137: Required level 37
[2025-11-02T14:04:17.444Z] ✅ Quest 60135: Required level 37
[2025-11-02T14:04:23.539Z] ✅ Quest 41295: Required level 34
[2025-11-02T14:04:29.633Z] ✅ Quest 41711: Required level 23
[2025-11-02T14:04:35.742Z] ✅ Quest 41767: Required level 45
[2025-11-02T14:04:41.780Z] ✅ Quest 40310: Required level 58
[2025-11-02T14:04:47.785Z] ✅ Quest 40015: Required level 28
[2025-11-02T14:04:53.790Z] ✅ Quest 40772: Required level 50
[2025-11-02T14:04:59.793Z] ✅ Quest 40870: Required level 55
[2025-11-02T14:05:05.795Z] ✅ Quest 3628: Required level 45
[2025-11-02T14:05:11.800Z] ✅ Quest 793: Required level 40
[2025-11-02T14:05:17.803Z] ✅ Quest 717: Required level 40
[2025-11-02T14:05:23.806Z] ✅ Quest 5501: Required level 33
[2025-11-02T14:05:29.811Z] ✅ Quest 5057: Required level 53
[2025-11-02T14:05:35.814Z] ✅ Quest 5238: Required level 50
[2025-11-02T14:05:41.821Z] ✅ Quest 5237: Required level 50
[2025-11-02T14:05:47.920Z] ✅ Quest 4902: Required level 52
[2025-11-02T14:05:54.021Z] ✅ Quest 8046: Required level 60
[2025-11-02T14:06:00.122Z] ✅ Quest 8102: Required level 60
[2025-11-02T14:06:24.014Z] 🚀 Initializing browser with anti-detection...
[2025-11-02T14:06:24.412Z] ✅ Browser initialized with stealth mode
[2025-11-02T14:06:24.413Z] 
🚀 Starting Quest Level Processing

[2025-11-02T14:06:24.413Z] 📁 Found 56 item files to process
[2025-11-02T14:06:24.413Z] 
📂 Processing file: leather-waist.json
[2025-11-02T14:06:24.414Z]   📊 Found 58 quest items in leather-waist.json
[2025-11-02T14:06:24.414Z]   🎯 Processing 59 unique quests
[2025-11-02T14:06:28.583Z] ✅ Quest 8064: Required level 58
[2025-11-02T14:06:34.689Z] ✅ Quest 8935: Required level 58
[2025-11-02T14:06:40.790Z] ✅ Quest 8941: Required level 58
[2025-11-02T14:06:46.953Z] ✅ Quest 8926: Required level 58
[2025-11-02T14:06:53.048Z] ✅ Quest 8927: Required level 58
[2025-11-02T14:06:59.137Z] ✅ Quest 9083: Required level 60
[2025-11-02T14:07:05.226Z] ✅ Quest 9092: Required level 60
[2025-11-02T14:07:11.323Z] ✅ Quest 41413: Required level 60
[2025-11-02T14:07:17.417Z] ✅ Quest 41405: Required level 60
[2025-11-02T14:07:23.520Z] ✅ Quest 4201: Required level 50
[2025-11-02T14:07:29.385Z] ✅ Quest 5081: Required level 55
[2025-11-02T14:07:35.483Z] ✅ Quest 4903: Required level 55
[2025-11-02T14:07:41.157Z] ✅ Quest 40233: Required level 30
[2025-11-02T14:07:47.256Z] ✅ Quest 40779: Required level 55
[2025-11-02T14:07:53.352Z] ✅ Quest 378: Required level 22
[2025-11-02T14:07:59.448Z] ✅ Quest 621: Required level 35
[2025-11-02T14:08:05.546Z] ✅ Quest 872: Required level 9
[2025-11-02T14:08:11.645Z] ✅ Quest 873: Required level 10
[2025-11-02T14:08:17.743Z] ✅ Quest 1197: Required level 20
[2025-11-02T14:08:23.881Z] ✅ Quest 1440: Required level 30
[2025-11-02T14:08:29.973Z] ✅ Quest 3882: Required level 49
[2025-11-02T14:08:36.074Z] ✅ Quest 4681: Required level 11
[2025-11-02T14:08:42.172Z] ✅ Quest 5061: Required level 16
[2025-11-02T14:08:48.269Z] ✅ Quest 31: Required level 16
[2025-11-02T14:08:54.365Z] ✅ Quest 824: Required level 23
[2025-11-02T14:09:00.463Z] ✅ Quest 41200: Required level 50
[2025-11-02T14:09:06.559Z] ✅ Quest 41755: Required level 22
[2025-11-02T14:09:12.749Z] ✅ Quest 41783: Required level 24
[2025-11-02T14:09:18.848Z] ✅ Quest 40592: Required level 40
[2025-11-02T14:09:24.944Z] ✅ Quest 40865: Required level 8
[2025-11-02T14:09:31.043Z] ✅ Quest 515: Required level 24
[2025-11-02T14:09:37.142Z] ✅ Quest 1381: Required level 30
[2025-11-02T14:09:43.240Z] ✅ Quest 1199: Required level 20
[2025-11-02T14:09:49.338Z] ✅ Quest 1430: Required level 35
[2025-11-02T14:09:55.432Z] ✅ Quest 6142: Required level 31
[2025-11-02T14:10:01.463Z] ✅ Quest 7029: Required level 41
[2025-11-02T14:10:07.465Z] ✅ Quest 7041: Required level 41
[2025-11-02T14:10:13.469Z] ✅ Quest 41233: Required level 5
[2025-11-02T14:10:19.475Z] ✅ Quest 41749: Required level 22
[2025-11-02T14:10:25.478Z] ✅ Quest 376: Required level 2
[2025-11-02T14:10:31.481Z] ✅ Quest 21: Required level 1
[2025-11-02T14:10:37.484Z] ✅ Quest 564: Required level 30
[2025-11-02T14:10:43.274Z] ✅ Quest 747: Required level 1
[2025-11-02T14:10:49.356Z] ✅ Quest 994: Required level 10
[2025-11-02T14:10:55.448Z] ✅ Quest 768: Required level 4
[2025-11-02T14:11:01.494Z] ✅ Quest 457: Required level 1
[2025-11-02T14:11:07.499Z] ✅ Quest 1135: Required level 25
[2025-11-02T14:11:13.504Z] ✅ Quest 2845: Required level 44
[2025-11-02T14:11:19.188Z] ✅ Quest 1168: Required level 38
[2025-11-02T14:11:25.302Z] ✅ Quest 9186: Required level 55
[2025-11-02T14:11:31.439Z] ✅ Quest 4904: Required level 25
[2025-11-02T14:11:37.516Z] ✅ Quest 6283: Required level 18
[2025-11-02T14:11:43.519Z] ✅ Quest 40198: Required level 30
[2025-11-02T14:11:49.523Z] ✅ Quest 40478: Required level 15
[2025-11-02T14:11:55.528Z] ✅ Quest 40498: Required level 50
[2025-11-02T14:12:01.532Z] ✅ Quest 425: Required level 10
[2025-11-02T14:12:07.534Z] ✅ Quest 738: Required level 30
[2025-11-02T14:12:13.536Z] ✅ Quest 41196: Required level 3
[2025-11-02T14:12:19.539Z] ✅ Quest 80107: Required level 4
[2025-11-02T14:12:21.547Z] 💾 Saved 266 items to turtle_db/items/armor/leather-waist.json
[2025-11-02T14:12:21.550Z]   ✅ Updated 58 items in leather-waist.json
[2025-11-02T14:12:21.550Z] ✅ Skipping already completed file: 1h-maces.json
[2025-11-02T14:12:21.550Z] 
📂 Processing file: cloaks.json
[2025-11-02T14:12:21.554Z]   📊 Found 90 quest items in cloaks.json
[2025-11-02T14:12:21.555Z]   🎯 Processing 89 unique quests
[2025-11-02T14:12:25.545Z] ✅ Quest 8557: Required level 60
[2025-11-02T14:12:31.548Z] ✅ Quest 8695: Required level 60
[2025-11-02T14:12:37.552Z] ✅ Quest 8690: Required level 60
[2025-11-02T14:12:43.641Z] ✅ Quest 8696: Required level 60
[2025-11-02T14:12:49.740Z] ✅ Quest 8693: Required level 60
[2025-11-02T14:12:55.841Z] ✅ Quest 8692: Required level 60
[2025-11-02T14:13:01.937Z] ✅ Quest 8691: Required level 60
[2025-11-02T14:13:08.081Z] ✅ Quest 8802: Required level 60
[2025-11-02T14:13:14.182Z] ✅ Quest 41577: Required level 60
[2025-11-02T14:13:20.289Z] ✅ Quest 41056: Required level 55
[2025-11-02T14:13:26.387Z] ✅ Quest 8689: Required level 60
[2025-11-02T14:13:32.533Z] ✅ Quest 8694: Required level 60
[2025-11-02T14:13:38.603Z] ✅ Quest 7861: Required level 46
[2025-11-02T14:13:44.609Z] ✅ Quest 8236: Required level 50
[2025-11-02T14:13:50.614Z] ✅ Quest 8181: Required level 40
[2025-11-02T14:13:56.621Z] ✅ Quest 8548: Required level 60
[2025-11-02T14:14:02.627Z] ✅ Quest 40091: Required level 32
[2025-11-02T14:14:08.631Z] ✅ Quest 40444: Required level 45
[2025-11-02T14:14:14.636Z] ✅ Quest 41367: Required level 17
[2025-11-02T14:14:20.641Z] ✅ Quest 5944: Required level 52
[2025-11-02T14:14:26.645Z] ✅ Quest 60074: Required level 42
[2025-11-02T14:14:32.480Z] ✅ Quest 40147: Required level 26
[2025-11-02T14:14:38.587Z] ✅ Quest 41020: Required level 55
[2025-11-02T14:14:44.657Z] ✅ Quest 451: Required level 9
[2025-11-02T14:14:50.662Z] ✅ Quest 899: Required level 14
[2025-11-02T14:14:56.670Z] ✅ Quest 865: Required level 13
[2025-11-02T14:15:04.755Z] ✅ Quest 2976: Required level 37
[2025-11-02T14:15:10.676Z] ✅ Quest 4986: Required level 51
[2025-11-02T14:15:16.774Z] ✅ Quest 4987: Required level 51
[2025-11-02T14:15:22.684Z] ✅ Quest 41678: Required level 28
[2025-11-02T14:15:28.780Z] ✅ Quest 41818: Required level 25
[2025-11-02T14:15:34.688Z] ✅ Quest 40469: Required level 45
[2025-11-02T14:15:40.567Z] ✅ Quest 70026: Required level 28
[2025-11-02T14:15:46.666Z] ✅ Quest 223: Required level 23
[2025-11-02T14:15:52.765Z] ✅ Quest 153: Required level 10
[2025-11-02T14:15:58.695Z] ✅ Quest 576: Required level 37
[2025-11-02T14:16:04.795Z] ✅ Quest 633: Required level 28
[2025-11-02T14:16:10.700Z] ✅ Quest 993: Required level 10
[2025-11-02T14:16:16.376Z] ✅ Quest 1096: Required level 16
[2025-11-02T14:16:22.478Z] ✅ Quest 1383: Required level 37
[2025-11-02T14:16:28.578Z] ✅ Quest 2767: Required level 40
[2025-11-02T14:16:34.679Z] ✅ Quest 4261: Required level 49
[2025-11-02T14:16:40.779Z] ✅ Quest 4642: Required level 48
[2025-11-02T14:16:46.713Z] ✅ Quest 4842: Required level 51
[2025-11-02T14:16:52.814Z] ✅ Quest 41254: Required level 5
[2025-11-02T14:16:58.717Z] ✅ Quest 40602: Required level 15
[2025-11-02T14:17:04.814Z] ✅ Quest 40699: Required level 17
[2025-11-02T14:17:10.726Z] ✅ Quest 116: Required level 12
[2025-11-02T14:17:18.819Z] ✅ Quest 1051: Required level 25
[2025-11-02T14:17:24.921Z] ✅ Quest 947: Required level 12
[2025-11-02T14:17:32.747Z] ✅ Quest 6024: Required level 54
[2025-11-02T14:17:38.847Z] ✅ Quest 41853: Required level 30
[2025-11-02T14:17:44.949Z] ✅ Quest 40445: Required level 5
[2025-11-02T14:17:51.047Z] ✅ Quest 40539: Required level 48
[2025-11-02T14:17:57.141Z] ✅ Quest 6041: Required level 54
[2025-11-02T14:18:02.865Z] ✅ Quest 41396: Required level 60
[2025-11-02T14:18:08.964Z] ✅ Quest 40690: Required level 34
[2025-11-02T14:18:15.060Z] ✅ Quest 55: Required level 20
[2025-11-02T14:18:21.168Z] ✅ Quest 1436: Required level 30
[2025-11-02T14:18:27.227Z] ✅ Quest 2139: Required level 10
[2025-11-02T14:18:33.329Z] ✅ Quest 2987: Required level 38
[2025-11-02T14:18:39.429Z] ✅ Quest 3301: Required level 10
[2025-11-02T14:18:45.572Z] ✅ Quest 3907: Required level 48
[2025-11-02T14:18:51.734Z] ✅ Quest 4263: Required level 48
[2025-11-02T14:18:57.834Z] ✅ Quest 247: Required level 20
[2025-11-02T14:19:07.939Z] ✅ Quest 41213: Required level 20
[2025-11-02T14:19:14.035Z] ✅ Quest 4740: Required level 15
[2025-11-02T14:19:20.151Z] ✅ Quest 7462: Required level 57
[2025-11-02T14:19:26.255Z] ✅ Quest 7877: Required level 57
[2025-11-02T14:19:32.354Z] ✅ Quest 9237: Required level 60
[2025-11-02T14:19:38.454Z] ✅ Quest 40947: Required level 35
[2025-11-02T14:19:44.553Z] ✅ Quest 40975: Required level 35
[2025-11-02T14:19:50.654Z] ✅ Quest 452: Required level 12
[2025-11-02T14:19:56.750Z] ✅ Quest 348: Required level 40
[2025-11-02T14:20:02.873Z] ✅ Quest 1142: Required level 25
[2025-11-02T14:20:08.969Z] ✅ Quest 864: Required level 38
[2025-11-02T14:20:15.230Z] ✅ Quest 1358: Required level 10
[2025-11-02T14:20:21.331Z] ✅ Quest 41685: Required level 22
[2025-11-02T14:20:27.226Z] ✅ Quest 41392: Required level 14
[2025-11-02T14:20:33.325Z] ✅ Quest 471: Required level 18
[2025-11-02T14:20:39.423Z] ✅ Quest 1275: Required level 18
[2025-11-02T14:20:45.531Z] ✅ Quest 2930: Required level 25
[2025-11-02T14:20:51.677Z] ✅ Quest 4024: Required level 52
[2025-11-02T14:20:57.777Z] ✅ Quest 4063: Required level 52
[2025-11-02T14:20:59.790Z] 💾 Saved 498 items to turtle_db/items/armor/cloaks.json
[2025-11-02T14:20:59.792Z]   ✅ Updated 90 items in cloaks.json
[2025-11-02T14:20:59.792Z] 
📂 Processing file: trinkets.json
[2025-11-02T14:20:59.794Z]   📊 Found 111 quest items in trinkets.json
[2025-11-02T14:20:59.795Z]   🎯 Processing 109 unique quests
[2025-11-02T14:21:03.974Z] ✅ Quest 7167: Required level 51
[2025-11-02T14:21:09.856Z] ✅ Quest 7928: Required level 1
[2025-11-02T14:21:15.955Z] ✅ Quest 7907: Required level 1
[2025-11-02T14:21:21.862Z] ✅ Quest 7929: Required level 1
[2025-11-02T14:21:27.997Z] ✅ Quest 7927: Required level 1
[2025-11-02T14:21:33.799Z] ✅ Quest 8573: Required level 60
[2025-11-02T14:21:39.937Z] ✅ Quest 8481: Required level 45
[2025-11-02T14:21:45.873Z] ✅ Quest 9120: Required level 60
[2025-11-02T14:21:52.014Z] ✅ Quest 41745: Required level 60
[2025-11-02T14:21:57.877Z] ✅ Quest 41057: Required level 55
[2025-11-02T14:22:04.037Z] ✅ Quest 7172: Required level 51
[2025-11-02T14:22:09.771Z] ✅ Quest 7496: Required level 60
[2025-11-02T14:22:15.873Z] ✅ Quest 7491: Required level 60
[2025-11-02T14:22:21.886Z] ✅ Quest 8183: Required level 58
[2025-11-02T14:22:27.983Z] ✅ Quest 9228: Required level 55
[2025-11-02T14:22:33.892Z] ✅ Quest 9222: Required level 55
[2025-11-02T14:22:40.062Z] ✅ Quest 9224: Required level 55
[2025-11-02T14:22:45.896Z] ✅ Quest 9225: Required level 55
[2025-11-02T14:22:51.993Z] ✅ Quest 41360: Required level 60
[2025-11-02T14:22:57.899Z] ✅ Quest 40963: Required level 58
[2025-11-02T14:23:03.994Z] ✅ Quest 4974: Required level 55
[2025-11-02T14:23:09.907Z] ✅ Quest 5102: Required level 55
[2025-11-02T14:23:16.002Z] ✅ Quest 5342: Required level 52
[2025-11-02T14:23:21.820Z] ✅ Quest 5344: Required level 52
[2025-11-02T14:23:27.969Z] ✅ Quest 7838: Required level 55
[2025-11-02T14:23:33.914Z] ✅ Quest 8257: Required level 50
[2025-11-02T14:23:40.074Z] ✅ Quest 8232: Required level 50
[2025-11-02T14:23:45.917Z] ✅ Quest 8253: Required level 50
[2025-11-02T14:23:52.019Z] ✅ Quest 8425: Required level 50
[2025-11-02T14:23:57.752Z] ✅ Quest 8413: Required level 50
[2025-11-02T14:24:03.849Z] ✅ Quest 8422: Required level 50
[2025-11-02T14:24:09.927Z] ✅ Quest 41814: Required level 28
[2025-11-02T14:24:16.075Z] ✅ Quest 40310: Required level 58
[2025-11-02T14:24:21.931Z] ✅ Quest 40616: Required level 30
[2025-11-02T14:24:28.028Z] ✅ Quest 40629: Required level 30
[2025-11-02T14:24:33.938Z] ✅ Quest 41052: Required level 38
[2025-11-02T14:24:40.076Z] ✅ Quest 4866: Required level 55
[2025-11-02T14:24:45.943Z] ✅ Quest 7166: Required level 51
[2025-11-02T14:24:52.077Z] ✅ Quest 8193: Required level 1
[2025-11-02T14:24:57.949Z] ✅ Quest 8572: Required level 60
[2025-11-02T14:25:04.047Z] ✅ Quest 40317: Required level 58
[2025-11-02T14:25:09.901Z] ✅ Quest 5213: Required level 55
[2025-11-02T14:25:16.003Z] ✅ Quest 7171: Required level 51
[2025-11-02T14:25:21.959Z] ✅ Quest 7498: Required level 54
[2025-11-02T14:25:28.102Z] ✅ Quest 7499: Required level 54
[2025-11-02T14:25:33.962Z] ✅ Quest 7502: Required level 54
[2025-11-02T14:25:40.057Z] ✅ Quest 7500: Required level 54
[2025-11-02T14:25:45.828Z] ✅ Quest 7504: Required level 54
[2025-11-02T14:25:51.924Z] ✅ Quest 7506: Required level 54
[2025-11-02T14:25:57.970Z] ✅ Quest 7505: Required level 54
[2025-11-02T14:26:04.064Z] ✅ Quest 7501: Required level 54
[2025-11-02T14:26:09.976Z] ✅ Quest 7503: Required level 54
[2025-11-02T14:26:16.076Z] ✅ Quest 8418: Required level 50
[2025-11-02T14:26:21.983Z] ✅ Quest 1475: Required level 38
[2025-11-02T14:26:28.086Z] ✅ Quest 1445: Required level 38
[2025-11-02T14:26:33.986Z] ✅ Quest 778: Required level 35
[2025-11-02T14:26:40.082Z] ✅ Quest 941: Required level 9
[2025-11-02T14:26:45.992Z] ✅ Quest 3374: Required level 48
[2025-11-02T14:26:52.139Z] ✅ Quest 3628: Required level 45
[2025-11-02T14:26:57.804Z] ✅ Quest 2770: Required level 40
[2025-11-02T14:27:03.910Z] ✅ Quest 3962: Required level 47
[2025-11-02T14:27:09.923Z] ✅ Quest 5163: Required level 52
[2025-11-02T14:27:16.026Z] ✅ Quest 4867: Required level 55
[2025-11-02T14:27:22.005Z] ✅ Quest 7163: Required level 51
[2025-11-02T14:27:28.107Z] ✅ Quest 105: Required level 50
[2025-11-02T14:27:34.007Z] ✅ Quest 211: Required level 50
[2025-11-02T14:27:40.143Z] ✅ Quest 7067: Required level 39
[2025-11-02T14:27:46.014Z] ✅ Quest 7164: Required level 51
[2025-11-02T14:27:52.113Z] ✅ Quest 7165: Required level 51
[2025-11-02T14:27:58.018Z] ✅ Quest 7727: Required level 45
[2025-11-02T14:28:04.160Z] ✅ Quest 9322: Required level 1
[2025-11-02T14:28:09.855Z] ✅ Quest 41235: Required level 5
[2025-11-02T14:28:15.959Z] ✅ Quest 41873: Required level 28
[2025-11-02T14:28:22.029Z] ✅ Quest 41293: Required level 34
[2025-11-02T14:28:28.127Z] ✅ Quest 41661: Required level 25
[2025-11-02T14:28:34.033Z] ✅ Quest 41760: Required level 28
[2025-11-02T14:28:40.136Z] ✅ Quest 41711: Required level 23
[2025-11-02T14:28:46.036Z] ✅ Quest 40324: Required level 40
[2025-11-02T14:28:52.198Z] ✅ Quest 40464: Required level 45
[2025-11-02T14:28:58.043Z] ✅ Quest 40467: Required level 45
[2025-11-02T14:29:04.151Z] ✅ Quest 40744: Required level 5
[2025-11-02T14:29:10.049Z] ✅ Quest 40771: Required level 50
[2025-11-02T14:29:16.199Z] ✅ Quest 40787: Required level 53
[2025-11-02T14:29:21.909Z] ✅ Quest 40791: Required level 10
[2025-11-02T14:29:28.010Z] ✅ Quest 40861: Required level 25
[2025-11-02T14:29:34.060Z] ✅ Quest 53: Required level 40
[2025-11-02T14:29:40.153Z] ✅ Quest 618: Required level 35
[2025-11-02T14:29:46.066Z] ✅ Quest 8554: Required level 35
[2025-11-02T14:29:52.225Z] ✅ Quest 2701: Required level 45
[2025-11-02T14:29:58.070Z] ✅ Quest 4322: Required level 50
[2025-11-02T14:30:04.171Z] ✅ Quest 5503: Required level 50
[2025-11-02T14:30:10.077Z] ✅ Quest 5405: Required level 50
[2025-11-02T14:30:16.185Z] ✅ Quest 5401: Required level 50
[2025-11-02T14:30:22.082Z] ✅ Quest 5214: Required level 55
[2025-11-02T14:30:28.265Z] ✅ Quest 5384: Required level 55
[2025-11-02T14:30:34.091Z] ✅ Quest 7168: Required level 51
[2025-11-02T14:30:40.195Z] ✅ Quest 7169: Required level 51
[2025-11-02T14:30:46.093Z] ✅ Quest 7170: Required level 51
[2025-11-02T14:30:52.187Z] ✅ Quest 7862: Required level 46
[2025-11-02T14:30:58.102Z] ✅ Quest 40061: Required level 45
[2025-11-02T14:31:00.107Z] 🔄 Restarting browser for fresh session...
[2025-11-02T14:31:00.228Z] 🔒 Browser closed
[2025-11-02T14:31:00.228Z] 🚀 Initializing browser with anti-detection...
[2025-11-02T14:31:00.631Z] ✅ Browser initialized with stealth mode
[2025-11-02T14:31:04.629Z] ✅ Quest 41149: Required level 38
[2025-11-02T14:31:10.787Z] ✅ Quest 60020: Required level 40
[2025-11-02T14:31:16.883Z] ✅ Quest 41767: Required level 45
[2025-11-02T14:31:22.980Z] ✅ Quest 40404: Required level 30
[2025-11-02T14:31:29.077Z] ✅ Quest 40447: Required level 7
[2025-11-02T14:31:35.179Z] ✅ Quest 40495: Required level 48
[2025-11-02T14:31:41.277Z] ✅ Quest 70052: Required level 12
[2025-11-02T14:31:47.377Z] ✅ Quest 70053: Required level 18
[2025-11-02T14:31:53.516Z] ✅ Quest 80606: Required level 1
[2025-11-02T14:31:55.524Z] 💾 Saved 335 items to turtle_db/items/armor/trinkets.json
[2025-11-02T14:31:55.525Z]   ✅ Updated 111 items in trinkets.json
[2025-11-02T14:31:55.525Z] 
📂 Processing file: mail-shoulder.json
[2025-11-02T14:31:55.526Z]   📊 Found 35 quest items in mail-shoulder.json
[2025-11-02T14:31:55.526Z]   🎯 Processing 28 unique quests
[2025-11-02T14:31:59.599Z] ✅ Quest 8067: Required level 58
[2025-11-02T14:32:05.623Z] ✅ Quest 8659: Required level 60
[2025-11-02T14:32:11.768Z] ✅ Quest 8602: Required level 60
[2025-11-02T14:32:17.904Z] ✅ Quest 8952: Required level 58
[2025-11-02T14:32:24.008Z] ✅ Quest 9017: Required level 58
[2025-11-02T14:32:30.107Z] ✅ Quest 8957: Required level 58
[2025-11-02T14:32:36.255Z] ✅ Quest 9057: Required level 60
[2025-11-02T14:32:42.355Z] ✅ Quest 9071: Required level 60
[2025-11-02T14:32:48.585Z] ✅ Quest 41510: Required level 60
[2025-11-02T14:32:54.716Z] ✅ Quest 41502: Required level 60
[2025-11-02T14:33:00.812Z] ✅ Quest 41615: Required level 58
[2025-11-02T14:33:06.914Z] ✅ Quest 41609: Required level 58
[2025-11-02T14:33:13.016Z] ✅ Quest 508: Required level 29
[2025-11-02T14:33:19.183Z] ✅ Quest 6027: Required level 30
[2025-11-02T14:33:25.295Z] ✅ Quest 5561: Required level 30
[2025-11-02T14:33:31.393Z] ✅ Quest 40742: Required level 48
[2025-11-02T14:33:37.498Z] ✅ Quest 40200: Required level 45
[2025-11-02T14:33:43.689Z] ✅ Quest 40485: Required level 15
[2025-11-02T14:33:49.694Z] ✅ Quest 70055: Required level 24
[2025-11-02T14:33:55.702Z] ✅ Quest 331: Required level 30
[2025-11-02T14:34:01.706Z] ✅ Quest 1164: Required level 27
[2025-11-02T14:34:07.709Z] ✅ Quest 1488: Required level 25
[2025-11-02T14:34:13.715Z] ✅ Quest 1457: Required level 30
[2025-11-02T14:34:19.718Z] ✅ Quest 41721: Required level 30
[2025-11-02T14:34:29.732Z] ✅ Quest 70025: Required level 28
[2025-11-02T14:34:35.735Z] ✅ Quest 256: Required level 17
[2025-11-02T14:34:37.742Z] 💾 Saved 181 items to turtle_db/items/armor/mail-shoulder.json
[2025-11-02T14:34:37.744Z]   ✅ Updated 35 items in mail-shoulder.json
[2025-11-02T14:34:37.744Z] 
📂 Processing file: leather-chest.json
[2025-11-02T14:34:37.747Z]   📊 Found 67 quest items in leather-chest.json
[2025-11-02T14:34:37.748Z]   🎯 Processing 62 unique quests
[2025-11-02T14:34:41.739Z] ✅ Quest 8073: Required level 58
[2025-11-02T14:34:47.746Z] ✅ Quest 8065: Required level 58
[2025-11-02T14:34:53.747Z] ✅ Quest 8666: Required level 60
[2025-11-02T14:34:59.537Z] ✅ Quest 8638: Required level 60
[2025-11-02T14:35:05.650Z] ✅ Quest 9004: Required level 58
[2025-11-02T14:35:11.758Z] ✅ Quest 9010: Required level 58
[2025-11-02T14:35:17.766Z] ✅ Quest 8999: Required level 58
[2025-11-02T14:35:23.771Z] ✅ Quest 9007: Required level 58
[2025-11-02T14:35:29.775Z] ✅ Quest 9086: Required level 60
[2025-11-02T14:35:35.487Z] ✅ Quest 9243: Required level 60
[2025-11-02T14:35:41.603Z] ✅ Quest 41410: Required level 60
[2025-11-02T14:35:47.703Z] ✅ Quest 41402: Required level 60
[2025-11-02T14:35:53.790Z] ✅ Quest 41580: Required level 58
[2025-11-02T14:35:59.796Z] ✅ Quest 166: Required level 14
[2025-11-02T14:36:05.800Z] ✅ Quest 9053: Required level 50
[2025-11-02T14:36:11.802Z] ✅ Quest 41834: Required level 32
[2025-11-02T14:36:17.806Z] ✅ Quest 40057: Required level 40
[2025-11-02T14:36:23.814Z] ✅ Quest 219: Required level 19
[2025-11-02T14:36:29.820Z] ✅ Quest 480: Required level 10
[2025-11-02T14:36:35.825Z] ✅ Quest 906: Required level 17
[2025-11-02T14:36:41.828Z] ✅ Quest 7883: Required level 20
[2025-11-02T14:36:47.832Z] ✅ Quest 176: Required level 5
[2025-11-02T14:36:53.838Z] ✅ Quest 5147: Required level 25
[2025-11-02T14:36:59.840Z] ✅ Quest 5121: Required level 52
[2025-11-02T14:37:05.947Z] ✅ Quest 6621: Required level 21
[2025-11-02T14:37:12.044Z] ✅ Quest 7701: Required level 45
[2025-11-02T14:37:18.150Z] ✅ Quest 41849: Required level 28
[2025-11-02T14:37:24.250Z] ✅ Quest 1089: Required level 20
[2025-11-02T14:37:30.351Z] ✅ Quest 1081: Required level 17
[2025-11-02T14:37:36.483Z] ✅ Quest 2850: Required level 30
[2025-11-02T14:37:42.583Z] ✅ Quest 2857: Required level 30
[2025-11-02T14:37:48.677Z] ✅ Quest 4292: Required level 48
[2025-11-02T14:37:54.820Z] ✅ Quest 7733: Required level 40
[2025-11-02T14:38:00.925Z] ✅ Quest 7734: Required level 40
[2025-11-02T14:38:06.868Z] ✅ Quest 41173: Required level 3
[2025-11-02T14:38:12.968Z] ✅ Quest 41635: Required level 25
[2025-11-02T14:38:18.873Z] ✅ Quest 7882: Required level 10
[2025-11-02T14:38:25.008Z] ✅ Quest 314: Required level 6
[2025-11-02T14:38:30.880Z] ✅ Quest 296: Required level 22
[2025-11-02T14:38:36.978Z] ✅ Quest 197: Required level 28
[2025-11-02T14:38:42.885Z] ✅ Quest 866: Required level 9
[2025-11-02T14:38:48.901Z] ✅ Quest 1035: Required level 20
[2025-11-02T14:38:54.888Z] ✅ Quest 5143: Required level 40
[2025-11-02T14:39:00.988Z] ✅ Quest 5148: Required level 40
[2025-11-02T14:39:06.895Z] ✅ Quest 3161: Required level 43
[2025-11-02T14:39:13.084Z] ✅ Quest 4701: Required level 55
[2025-11-02T14:39:18.898Z] ✅ Quest 4724: Required level 55
[2025-11-02T14:39:27.006Z] ✅ Quest 40424: Required level 45
[2025-11-02T14:39:33.111Z] ✅ Quest 40909: Required level 55
[2025-11-02T14:39:39.213Z] ✅ Quest 80110: Required level 4
[2025-11-02T14:39:45.314Z] ✅ Quest 6: Required level 2
[2025-11-02T14:39:51.406Z] ✅ Quest 398: Required level 6
[2025-11-02T14:39:57.508Z] ✅ Quest 917: Required level 1
[2025-11-02T14:40:03.464Z] ✅ Quest 812: Required level 7
[2025-11-02T14:40:09.565Z] ✅ Quest 744: Required level 7
[2025-11-02T14:40:15.667Z] ✅ Quest 780: Required level 1
[2025-11-02T14:40:21.786Z] ✅ Quest 3901: Required level 1
[2025-11-02T14:40:27.889Z] ✅ Quest 41193: Required level 3
[2025-11-02T14:40:33.986Z] ✅ Quest 41219: Required level 5
[2025-11-02T14:40:40.089Z] ✅ Quest 80103: Required level 3
[2025-11-02T14:40:46.193Z] ✅ Quest 80205: Required level 2
[2025-11-02T14:40:48.201Z] 💾 Saved 262 items to turtle_db/items/armor/leather-chest.json
[2025-11-02T14:40:48.203Z]   ✅ Updated 67 items in leather-chest.json
[2025-11-02T14:40:48.203Z] 
📂 Processing file: plate-wrist.json
[2025-11-02T14:40:48.205Z]   📊 Found 24 quest items in plate-wrist.json
[2025-11-02T14:40:48.205Z]   🎯 Processing 21 unique quests
[2025-11-02T14:40:52.294Z] ✅ Quest 8058: Required level 58
[2025-11-02T14:40:58.395Z] ✅ Quest 8053: Required level 58
[2025-11-02T14:41:04.493Z] ✅ Quest 8574: Required level 60
[2025-11-02T14:41:10.638Z] ✅ Quest 8912: Required level 58
[2025-11-02T14:41:16.777Z] ✅ Quest 8920: Required level 58
[2025-11-02T14:41:22.881Z] ✅ Quest 8908: Required level 58
[2025-11-02T14:41:28.896Z] ✅ Quest 9042: Required level 60
[2025-11-02T14:41:34.989Z] ✅ Quest 9050: Required level 60
[2025-11-02T14:41:40.994Z] ✅ Quest 9235: Required level 60
[2025-11-02T14:41:46.997Z] ✅ Quest 41496: Required level 60
[2025-11-02T14:41:52.999Z] ✅ Quest 41488: Required level 60
[2025-11-02T14:41:59.005Z] ✅ Quest 41445: Required level 60
[2025-11-02T14:42:05.010Z] ✅ Quest 41437: Required level 60
[2025-11-02T14:42:11.016Z] ✅ Quest 4765: Required level 57
[2025-11-02T14:42:17.021Z] ✅ Quest 4768: Required level 57
[2025-11-02T14:42:22.813Z] ✅ Quest 40283: Required level 40
[2025-11-02T14:42:28.912Z] ✅ Quest 40468: Required level 45
[2025-11-02T14:42:37.021Z] ✅ Quest 40979: Required level 35
[2025-11-02T14:42:43.035Z] ✅ Quest 3378: Required level 40
[2025-11-02T14:42:49.134Z] ✅ Quest 4883: Required level 52
[2025-11-02T14:42:51.141Z] 💾 Saved 119 items to turtle_db/items/armor/plate-wrist.json
[2025-11-02T14:42:51.143Z]   ✅ Updated 24 items in plate-wrist.json
[2025-11-02T14:42:51.143Z] ✅ Skipping already completed file: 1h-axes.json
[2025-11-02T14:42:51.143Z] 
📂 Processing file: leather-hands.json
[2025-11-02T14:42:51.145Z]   📊 Found 71 quest items in leather-hands.json
[2025-11-02T14:42:51.146Z]   🎯 Processing 71 unique quests
[2025-11-02T14:43:03.273Z] ✅ Quest 9082: Required level 60
[2025-11-02T14:43:09.374Z] ✅ Quest 9091: Required level 60
[2025-11-02T14:43:15.474Z] ✅ Quest 9242: Required level 60
[2025-11-02T14:43:21.580Z] ✅ Quest 41412: Required level 60
[2025-11-02T14:43:27.678Z] ✅ Quest 41404: Required level 60
[2025-11-02T14:43:33.776Z] ✅ Quest 40849: Required level 40
[2025-11-02T14:43:39.875Z] ✅ Quest 1318: Required level 60
[2025-11-02T14:43:45.976Z] ✅ Quest 7703: Required level 60
[2025-11-02T14:43:54.072Z] ✅ Quest 9094: Required level 50
[2025-11-02T14:44:00.177Z] ✅ Quest 9333: Required level 50
[2025-11-02T14:44:06.316Z] ✅ Quest 41809: Required level 30
[2025-11-02T14:44:14.097Z] ✅ Quest 40956: Required level 35
[2025-11-02T14:44:20.198Z] ✅ Quest 122: Required level 14
[2025-11-02T14:44:26.292Z] ✅ Quest 168: Required level 14
[2025-11-02T14:44:32.391Z] ✅ Quest 1366: Required level 30
[2025-11-02T14:44:38.478Z] ✅ Quest 2038: Required level 12
[2025-11-02T14:44:44.132Z] ✅ Quest 5242: Required level 48
[2025-11-02T14:44:50.278Z] ✅ Quest 5581: Required level 32
[2025-11-02T14:44:56.418Z] ✅ Quest 6135: Required level 56
[2025-11-02T14:45:02.519Z] ✅ Quest 40517: Required level 6
[2025-11-02T14:45:08.618Z] ✅ Quest 40724: Required level 48
[2025-11-02T14:45:14.721Z] ✅ Quest 913: Required level 10
[2025-11-02T14:45:20.820Z] ✅ Quest 741: Required level 15
[2025-11-02T14:45:26.921Z] ✅ Quest 1137: Required level 28
[2025-11-02T14:45:33.053Z] ✅ Quest 1177: Required level 32
[2025-11-02T14:45:39.157Z] ✅ Quest 2822: Required level 40
[2025-11-02T14:45:51.312Z] ✅ Quest 6504: Required level 23
[2025-11-02T14:45:57.169Z] ✅ Quest 7843: Required level 44
[2025-11-02T14:46:03.173Z] ✅ Quest 8464: Required level 45
[2025-11-02T14:46:09.178Z] ✅ Quest 41858: Required level 28
[2025-11-02T14:46:15.187Z] ✅ Quest 41764: Required level 45
[2025-11-02T14:46:21.192Z] ✅ Quest 40226: Required level 25
[2025-11-02T14:46:29.339Z] ✅ Quest 188: Required level 28
[2025-11-02T14:46:35.196Z] ✅ Quest 664: Required level 35
[2025-11-02T14:46:41.298Z] ✅ Quest 788: Required level 1
[2025-11-02T14:46:47.203Z] ✅ Quest 704: Required level 30
[2025-11-02T14:46:53.309Z] ✅ Quest 456: Required level 1
[2025-11-02T14:46:59.207Z] ✅ Quest 1189: Required level 29
[2025-11-02T14:47:05.217Z] ✅ Quest 1467: Required level 30
[2025-11-02T14:47:11.210Z] ✅ Quest 2821: Required level 40
[2025-11-02T14:47:17.310Z] ✅ Quest 1169: Required level 38
[2025-11-02T14:47:23.215Z] ✅ Quest 1138: Required level 15
[2025-11-02T14:47:29.318Z] ✅ Quest 40334: Required level 30
[2025-11-02T14:47:35.225Z] ✅ Quest 40431: Required level 45
[2025-11-02T14:47:41.075Z] ✅ Quest 40490: Required level 45
[2025-11-02T14:47:47.183Z] ✅ Quest 87: Required level 5
[2025-11-02T14:47:53.283Z] ✅ Quest 412: Required level 7
[2025-11-02T14:47:59.231Z] ✅ Quest 1582: Required level 8
[2025-11-02T14:48:05.336Z] ✅ Quest 826: Required level 4
[2025-11-02T14:48:13.439Z] ✅ Quest 375: Required level 7
[2025-11-02T14:48:19.239Z] ✅ Quest 179: Required level 1
[2025-11-02T14:48:25.483Z] ✅ Quest 3376: Required level 3
[2025-11-02T14:48:31.245Z] ✅ Quest 41153: Required level 1
[2025-11-02T14:48:37.342Z] ✅ Quest 41188: Required level 1
[2025-11-02T14:48:43.248Z] ✅ Quest 41222: Required level 5
[2025-11-02T14:48:49.306Z] ✅ Quest 80100: Required level 1
[2025-11-02T14:48:55.254Z] ✅ Quest 80105: Required level 4
[2025-11-02T14:49:01.355Z] ✅ Quest 80201: Required level 1
[2025-11-02T14:49:07.260Z] ✅ Quest 80207: Required level 4
[2025-11-02T14:49:13.362Z] ✅ Quest 55003: Required level 7
[2025-11-02T14:49:15.373Z] 💾 Saved 291 items to turtle_db/items/armor/leather-hands.json
[2025-11-02T14:49:15.374Z]   ✅ Updated 71 items in leather-hands.json
[2025-11-02T14:49:15.375Z] 
📂 Processing file: mail-wrist.json
[2025-11-02T14:49:15.376Z]   📊 Found 47 quest items in mail-wrist.json
[2025-11-02T14:49:15.377Z]   🎯 Processing 48 unique quests
[2025-11-02T14:49:19.269Z] ✅ Quest 8056: Required level 58
[2025-11-02T14:49:25.379Z] ✅ Quest 8062: Required level 58
[2025-11-02T14:49:31.282Z] ✅ Quest 8906: Required level 58
[2025-11-02T14:49:37.384Z] ✅ Quest 8914: Required level 58
[2025-11-02T14:49:43.532Z] ✅ Quest 8918: Required level 58
[2025-11-02T14:49:49.645Z] ✅ Quest 9061: Required level 60
[2025-11-02T14:49:55.785Z] ✅ Quest 9075: Required level 60
[2025-11-02T14:50:01.885Z] ✅ Quest 9244: Required level 60
[2025-11-02T14:50:07.988Z] ✅ Quest 41751: Required level 24
[2025-11-02T14:50:14.190Z] ✅ Quest 41512: Required level 60
[2025-11-02T14:50:20.292Z] ✅ Quest 41504: Required level 60
[2025-11-02T14:50:32.401Z] ✅ Quest 1560: Required level 40
[2025-11-02T14:50:38.500Z] ✅ Quest 2418: Required level 30
[2025-11-02T14:50:50.613Z] ✅ Quest 41761: Required level 21
[2025-11-02T14:50:56.717Z] ✅ Quest 41034: Required level 38
[2025-11-02T14:51:02.857Z] ✅ Quest 2751: Required level 32
[2025-11-02T14:51:08.960Z] ✅ Quest 716: Required level 35
[2025-11-02T14:51:15.062Z] ✅ Quest 7891: Required level 20
[2025-11-02T14:51:21.167Z] ✅ Quest 2753: Required level 32
[2025-11-02T14:51:27.268Z] ✅ Quest 630: Required level 45
[2025-11-02T14:51:33.365Z] ✅ Quest 2758: Required level 40
[2025-11-02T14:51:39.375Z] ✅ Quest 1058: Required level 20
[2025-11-02T14:51:45.379Z] ✅ Quest 2904: Required level 20
[2025-11-02T14:51:51.386Z] ✅ Quest 5064: Required level 24
[2025-11-02T14:52:01.494Z] ✅ Quest 40407: Required level 32
[2025-11-02T14:52:07.599Z] ✅ Quest 88: Required level 6
[2025-11-02T14:52:13.702Z] ✅ Quest 1013: Required level 16
[2025-11-02T14:52:19.804Z] ✅ Quest 685: Required level 30
[2025-11-02T14:52:25.926Z] ✅ Quest 746: Required level 6
[2025-11-02T14:52:32.027Z] ✅ Quest 919: Required level 4
[2025-11-02T14:52:38.167Z] ✅ Quest 312: Required level 7
[2025-11-02T14:52:44.270Z] ✅ Quest 1059: Required level 20
[2025-11-02T14:52:50.382Z] ✅ Quest 2852: Required level 30
[2025-11-02T14:52:56.481Z] ✅ Quest 2859: Required level 30
[2025-11-02T14:53:02.585Z] ✅ Quest 3902: Required level 2
[2025-11-02T14:53:12.690Z] ✅ Quest 41150: Required level 1
[2025-11-02T14:53:20.803Z] ✅ Quest 41243: Required level 5
[2025-11-02T14:53:22.813Z] 💾 Saved 208 items to turtle_db/items/armor/mail-wrist.json
[2025-11-02T14:53:22.815Z]   ✅ Updated 47 items in mail-wrist.json
[2025-11-02T14:53:22.816Z] 
📂 Processing file: cloth-shoulder.json
[2025-11-02T14:53:22.818Z]   📊 Found 52 quest items in cloth-shoulder.json
[2025-11-02T14:53:22.819Z]   🎯 Processing 48 unique quests
[2025-11-02T14:53:27.008Z] ✅ Quest 8664: Required level 60
[2025-11-02T14:53:33.440Z] ✅ Quest 8625: Required level 60
[2025-11-02T14:53:39.450Z] ✅ Quest 8594: Required level 60
[2025-11-02T14:53:45.456Z] ✅ Quest 8953: Required level 58
[2025-11-02T14:53:51.459Z] ✅ Quest 9018: Required level 58
[2025-11-02T14:53:57.467Z] ✅ Quest 8958: Required level 58
[2025-11-02T14:54:03.473Z] ✅ Quest 9021: Required level 58
[2025-11-02T14:54:09.477Z] ✅ Quest 9098: Required level 60
[2025-11-02T14:54:15.484Z] ✅ Quest 9106: Required level 60
[2025-11-02T14:54:21.490Z] ✅ Quest 9114: Required level 60
[2025-11-02T14:54:27.499Z] ✅ Quest 41477: Required level 60
[2025-11-02T14:54:33.606Z] ✅ Quest 41468: Required level 60
[2025-11-02T14:54:39.733Z] ✅ Quest 41621: Required level 58
[2025-11-02T14:54:45.878Z] ✅ Quest 41460: Required level 60
[2025-11-02T14:54:51.981Z] ✅ Quest 41452: Required level 60
[2025-11-02T14:54:58.081Z] ✅ Quest 41597: Required level 58
[2025-11-02T14:55:04.177Z] ✅ Quest 41426: Required level 60
[2025-11-02T14:55:10.278Z] ✅ Quest 41418: Required level 60
[2025-11-02T14:55:16.380Z] ✅ Quest 41585: Required level 58
[2025-11-02T14:55:22.504Z] ✅ Quest 1102: Required level 29
[2025-11-02T14:55:28.605Z] ✅ Quest 1101: Required level 29
[2025-11-02T14:55:34.755Z] ✅ Quest 8071: Required level 58
[2025-11-02T14:55:40.857Z] ✅ Quest 8068: Required level 58
[2025-11-02T14:55:46.954Z] ✅ Quest 8076: Required level 58
[2025-11-02T14:55:53.052Z] ✅ Quest 8955: Required level 58
[2025-11-02T14:55:59.155Z] ✅ Quest 9019: Required level 58
[2025-11-02T14:56:07.263Z] ✅ Quest 1031: Required level 26
[2025-11-02T14:56:19.461Z] ✅ Quest 55040: Required level 25
[2025-11-02T14:56:25.565Z] ✅ Quest 299: Required level 25
[2025-11-02T14:56:31.670Z] ✅ Quest 1098: Required level 18
[2025-11-02T14:56:37.775Z] ✅ Quest 253: Required level 20
[2025-11-02T14:56:43.935Z] ✅ Quest 204: Required level 30
[2025-11-02T14:56:50.037Z] ✅ Quest 249: Required level 20
[2025-11-02T14:57:00.191Z] ✅ Quest 3369: Required level 10
[2025-11-02T14:57:06.294Z] ✅ Quest 3370: Required level 10
[2025-11-02T14:57:14.393Z] ✅ Quest 4971: Required level 53
[2025-11-02T14:57:24.501Z] ✅ Quest 41822: Required level 25
[2025-11-02T14:57:32.646Z] ✅ Quest 9323: Required level 1
[2025-11-02T14:57:34.655Z] 💾 Saved 256 items to turtle_db/items/armor/cloth-shoulder.json
[2025-11-02T14:57:34.656Z]   ✅ Updated 52 items in cloth-shoulder.json
[2025-11-02T14:57:34.656Z] 
📂 Processing file: shields.json
[2025-11-02T14:57:34.658Z]   📊 Found 73 quest items in shields.json
[2025-11-02T14:57:34.659Z]   🎯 Processing 75 unique quests
[2025-11-02T14:57:38.770Z] ✅ Quest 8730: Required level 60
[2025-11-02T14:57:44.871Z] ✅ Quest 1200: Required level 18
[2025-11-02T14:57:50.969Z] ✅ Quest 6561: Required level 18
[2025-11-02T14:57:57.065Z] ✅ Quest 2938: Required level 40
[2025-11-02T14:58:03.169Z] ✅ Quest 5265: Required level 55
[2025-11-02T14:58:09.261Z] ✅ Quest 8789: Required level 60
[2025-11-02T14:58:15.363Z] ✅ Quest 646: Required level 32
[2025-11-02T14:58:25.497Z] ✅ Quest 5466: Required level 57
[2025-11-02T14:58:31.600Z] ✅ Quest 6187: Required level 56
[2025-11-02T14:58:37.663Z] ✅ Quest 6148: Required level 56
[2025-11-02T14:58:43.767Z] ✅ Quest 5526: Required level 56
[2025-11-02T14:58:49.669Z] ✅ Quest 40282: Required level 15
[2025-11-02T14:58:55.677Z] ✅ Quest 40565: Required level 30
[2025-11-02T14:59:03.491Z] ✅ Quest 55006: Required level 29
[2025-11-02T14:59:09.587Z] ✅ Quest 104: Required level 15
[2025-11-02T14:59:15.686Z] ✅ Quest 550: Required level 19
[2025-11-02T14:59:29.708Z] ✅ Quest 1652: Required level 20
[2025-11-02T14:59:35.840Z] ✅ Quest 5088: Required level 24
[2025-11-02T14:59:41.949Z] ✅ Quest 6134: Required level 34
[2025-11-02T14:59:48.093Z] ✅ Quest 6161: Required level 30
[2025-11-02T14:59:56.181Z] ✅ Quest 40722: Required level 30
[2025-11-02T15:00:02.280Z] ✅ Quest 19: Required level 18
[2025-11-02T15:00:08.374Z] ✅ Quest 304: Required level 26
[2025-11-02T15:00:16.479Z] ✅ Quest 569: Required level 33
[2025-11-02T15:00:22.577Z] ✅ Quest 217: Required level 10
[2025-11-02T15:00:28.664Z] ✅ Quest 1702: Required level 20
[2025-11-02T15:00:36.721Z] ✅ Quest 2903: Required level 39
[2025-11-02T15:00:44.821Z] ✅ Quest 1049: Required level 28
[2025-11-02T15:00:50.726Z] ✅ Quest 40159: Required level 45
[2025-11-02T15:00:56.827Z] ✅ Quest 40857: Required level 6
[2025-11-02T15:01:02.730Z] ✅ Quest 504: Required level 30
[2025-11-02T15:01:08.735Z] ✅ Quest 648: Required level 43
[2025-11-02T15:01:14.737Z] ✅ Quest 41202: Required level 10
[2025-11-02T15:01:20.737Z] ✅ Quest 41665: Required level 25
[2025-11-02T15:01:26.740Z] ✅ Quest 40945: Required level 35
[2025-11-02T15:01:32.744Z] ✅ Quest 55211: Required level 20
[2025-11-02T15:01:40.820Z] ✅ Quest 567: Required level 19
[2025-11-02T15:01:46.892Z] ✅ Quest 733: Required level 35
[2025-11-02T15:01:52.965Z] ✅ Quest 697: Required level 30
[2025-11-02T15:01:59.046Z] ✅ Quest 902: Required level 10
[2025-11-02T15:02:06.767Z] ✅ Quest 1393: Required level 30
[2025-11-02T15:02:12.771Z] ✅ Quest 1824: Required level 20
[2025-11-02T15:02:20.916Z] ✅ Quest 4503: Required level 49
[2025-11-02T15:02:26.778Z] ✅ Quest 5321: Required level 17
[2025-11-02T15:02:32.873Z] ✅ Quest 5943: Required level 32
[2025-11-02T15:02:38.780Z] ✅ Quest 41864: Required level 28
[2025-11-02T15:02:44.784Z] ✅ Quest 40390: Required level 5
[2025-11-02T15:02:52.892Z] ✅ Quest 40677: Required level 30
[2025-11-02T15:02:58.990Z] ✅ Quest 11: Required level 6
[2025-11-02T15:03:05.093Z] ✅ Quest 287: Required level 7
[2025-11-02T15:03:11.191Z] ✅ Quest 382: Required level 2
[2025-11-02T15:03:19.298Z] ✅ Quest 938: Required level 7
[2025-11-02T15:03:25.398Z] ✅ Quest 411: Required level 5
[2025-11-02T15:03:31.498Z] ✅ Quest 54: Required level 1
[2025-11-02T15:03:37.598Z] ✅ Quest 218: Required level 1
[2025-11-02T15:03:43.696Z] ✅ Quest 41167: Required level 3
[2025-11-02T15:03:49.809Z] ✅ Quest 4242: Required level 48
[2025-11-02T15:03:55.824Z] 💾 Saved 406 items to turtle_db/items/armor/shields.json
[2025-11-02T15:03:55.824Z]   ✅ Updated 73 items in shields.json
[2025-11-02T15:03:55.825Z] 
📂 Processing file: cloth-wrist.json
[2025-11-02T15:03:55.826Z]   📊 Found 54 quest items in cloth-wrist.json
[2025-11-02T15:03:55.827Z]   🎯 Processing 59 unique quests
[2025-11-02T15:03:59.917Z] ✅ Quest 8061: Required level 58
[2025-11-02T15:04:08.036Z] ✅ Quest 8907: Required level 58
[2025-11-02T15:04:14.183Z] ✅ Quest 8915: Required level 58
[2025-11-02T15:04:20.322Z] ✅ Quest 8911: Required level 58
[2025-11-02T15:04:26.419Z] ✅ Quest 8919: Required level 58
[2025-11-02T15:04:32.505Z] ✅ Quest 8909: Required level 58
[2025-11-02T15:04:38.636Z] ✅ Quest 8916: Required level 58
[2025-11-02T15:04:44.794Z] ✅ Quest 9102: Required level 60
[2025-11-02T15:04:50.892Z] ✅ Quest 9110: Required level 60
[2025-11-02T15:04:56.987Z] ✅ Quest 9118: Required level 60
[2025-11-02T15:05:03.086Z] ✅ Quest 9238: Required level 60
[2025-11-02T15:05:17.197Z] ✅ Quest 41479: Required level 60
[2025-11-02T15:05:23.335Z] ✅ Quest 41470: Required level 60
[2025-11-02T15:05:29.572Z] ✅ Quest 41462: Required level 60
[2025-11-02T15:05:35.656Z] ✅ Quest 41454: Required level 60
[2025-11-02T15:05:41.667Z] ✅ Quest 41428: Required level 60
[2025-11-02T15:05:47.764Z] ✅ Quest 41420: Required level 60
[2025-11-02T15:05:59.908Z] ✅ Quest 8060: Required level 58
[2025-11-02T15:06:05.846Z] ✅ Quest 8059: Required level 58
[2025-11-02T15:06:11.949Z] ✅ Quest 40891: Required level 55
[2025-11-02T15:06:20.049Z] ✅ Quest 684: Required level 30
[2025-11-02T15:06:28.190Z] ✅ Quest 2972: Required level 38
[2025-11-02T15:06:36.343Z] ✅ Quest 3379: Required level 40
[2025-11-02T15:06:46.453Z] ✅ Quest 6481: Required level 14
[2025-11-02T15:06:52.572Z] ✅ Quest 41252: Required level 5
[2025-11-02T15:07:00.671Z] ✅ Quest 102: Required level 8
[2025-11-02T15:07:06.770Z] ✅ Quest 147: Required level 7
[2025-11-02T15:07:12.870Z] ✅ Quest 315: Required level 5
[2025-11-02T15:07:24.974Z] ✅ Quest 786: Required level 5
[2025-11-02T15:07:33.070Z] ✅ Quest 41186: Required level 3
[2025-11-02T15:07:41.170Z] ✅ Quest 614: Required level 35
[2025-11-02T15:07:47.263Z] ✅ Quest 8551: Required level 35
[2025-11-02T15:07:53.359Z] ✅ Quest 4906: Required level 49
[2025-11-02T15:07:59.471Z] ✅ Quest 5724: Required level 9
[2025-11-02T15:08:07.570Z] ✅ Quest 41292: Required level 34
[2025-11-02T15:08:13.659Z] ✅ Quest 40830: Required level 36
[2025-11-02T15:08:23.759Z] ✅ Quest 673: Required level 35
[2025-11-02T15:08:25.766Z] 💾 Saved 260 items to turtle_db/items/armor/cloth-wrist.json
[2025-11-02T15:08:25.766Z]   ✅ Updated 54 items in cloth-wrist.json
[2025-11-02T15:08:25.767Z] 
📂 Processing file: plate-shoulder.json
[2025-11-02T15:08:25.768Z]   📊 Found 32 quest items in plate-shoulder.json
[2025-11-02T15:08:25.768Z]   🎯 Processing 24 unique quests
[2025-11-02T15:08:29.857Z] ✅ Quest 8544: Required level 60
[2025-11-02T15:08:35.898Z] ✅ Quest 8630: Required level 60
[2025-11-02T15:08:41.899Z] ✅ Quest 8959: Required level 58
[2025-11-02T15:08:47.905Z] ✅ Quest 9022: Required level 58
[2025-11-02T15:08:53.588Z] ✅ Quest 8954: Required level 58
[2025-11-02T15:08:59.687Z] ✅ Quest 9038: Required level 60
[2025-11-02T15:09:05.793Z] ✅ Quest 9046: Required level 60
[2025-11-02T15:09:11.892Z] ✅ Quest 41494: Required level 60
[2025-11-02T15:09:17.919Z] ✅ Quest 41486: Required level 60
[2025-11-02T15:09:23.923Z] ✅ Quest 41627: Required level 58
[2025-11-02T15:09:29.927Z] ✅ Quest 41443: Required level 60
[2025-11-02T15:09:35.928Z] ✅ Quest 41435: Required level 60
[2025-11-02T15:09:41.932Z] ✅ Quest 41591: Required level 58
[2025-11-02T15:09:47.934Z] ✅ Quest 40299: Required level 57
[2025-11-02T15:09:53.939Z] ✅ Quest 3791: Required level 47
[2025-11-02T15:10:02.039Z] ✅ Quest 41326: Required level 30
[2025-11-02T15:10:10.185Z] ✅ Quest 40297: Required level 46
[2025-11-02T15:10:16.193Z] ✅ Quest 2771: Required level 40
[2025-11-02T15:10:22.288Z] ✅ Quest 2846: Required level 40
[2025-11-02T15:10:28.384Z] ✅ Quest 7028: Required level 41
[2025-11-02T15:10:34.483Z] ✅ Quest 7732: Required level 39
[2025-11-02T15:10:40.580Z] ✅ Quest 40144: Required level 44
[2025-11-02T15:10:42.586Z] 💾 Saved 144 items to turtle_db/items/armor/plate-shoulder.json
[2025-11-02T15:10:42.587Z]   ✅ Updated 32 items in plate-shoulder.json
[2025-11-02T15:10:42.587Z] 
📂 Processing file: rings.json
[2025-11-02T15:10:42.589Z]   📊 Found 138 quest items in rings.json
[2025-11-02T15:10:42.590Z]   🎯 Processing 124 unique quests
[2025-11-02T15:10:46.682Z] ✅ Quest 8447: Required level 60
[2025-11-02T15:10:54.780Z] ✅ Quest 8748: Required level 60
[2025-11-02T15:11:00.870Z] ✅ Quest 8749: Required level 60
[2025-11-02T15:11:06.970Z] ✅ Quest 40214: Required level 40
[2025-11-02T15:11:13.071Z] ✅ Quest 1267: Required level 28
[2025-11-02T15:11:19.176Z] ✅ Quest 3525: Required level 32
[2025-11-02T15:11:25.352Z] ✅ Quest 4004: Required level 48
[2025-11-02T15:11:33.451Z] ✅ Quest 7541: Required level 30
[2025-11-02T15:11:39.546Z] ✅ Quest 40090: Required level 32
[2025-11-02T15:11:45.647Z] ✅ Quest 40463: Required level 45
[2025-11-02T15:11:53.755Z] ✅ Quest 70033: Required level 27
[2025-11-02T15:11:59.858Z] ✅ Quest 98: Required level 22
[2025-11-02T15:12:05.964Z] ✅ Quest 2768: Required level 40
[2025-11-02T15:12:12.064Z] ✅ Quest 2950: Required level 28
[2025-11-02T15:12:18.163Z] ✅ Quest 4363: Required level 50
[2025-11-02T15:12:24.268Z] ✅ Quest 40856: Required level 25
[2025-11-02T15:12:30.369Z] ✅ Quest 396: Required level 16
[2025-11-02T15:12:36.465Z] ✅ Quest 1014: Required level 18
[2025-11-02T15:12:42.559Z] ✅ Quest 2948: Required level 28
[2025-11-02T15:12:48.657Z] ✅ Quest 4743: Required level 57
[2025-11-02T15:12:54.748Z] ✅ Quest 40205: Required level 5
[2025-11-02T15:13:00.842Z] ✅ Quest 40289: Required level 45
[2025-11-02T15:13:06.936Z] ✅ Quest 667: Required level 35
[2025-11-02T15:13:13.032Z] ✅ Quest 973: Required level 13
[2025-11-02T15:13:19.181Z] ✅ Quest 3825: Required level 48
[2025-11-02T15:13:25.281Z] ✅ Quest 5060: Required level 52
[2025-11-02T15:13:33.374Z] ✅ Quest 6163: Required level 56
[2025-11-02T15:13:39.458Z] ✅ Quest 6845: Required level 54
[2025-11-02T15:13:45.550Z] ✅ Quest 41742: Required level 30
[2025-11-02T15:13:51.687Z] ✅ Quest 41294: Required level 34
[2025-11-02T15:13:57.776Z] ✅ Quest 40028: Required level 30
[2025-11-02T15:14:03.505Z] ✅ Quest 40571: Required level 18
[2025-11-02T15:14:09.283Z] ✅ Quest 40591: Required level 40
[2025-11-02T15:14:15.388Z] ✅ Quest 40869: Required level 6
[2025-11-02T15:14:21.486Z] ✅ Quest 40976: Required level 38
[2025-11-02T15:14:31.582Z] ✅ Quest 8699: Required level 60
[2025-11-02T15:14:37.676Z] ✅ Quest 8729: Required level 60
[2025-11-02T15:14:43.773Z] ✅ Quest 41633: Required level 60
[2025-11-02T15:14:49.862Z] ✅ Quest 41467: Required level 60
[2025-11-02T15:14:55.958Z] ✅ Quest 41484: Required level 60
[2025-11-02T15:15:02.062Z] ✅ Quest 41517: Required level 60
[2025-11-02T15:15:08.155Z] ✅ Quest 41399: Required level 60
[2025-11-02T15:15:16.064Z] ✅ Quest 7782: Required level 60
[2025-11-02T15:15:22.068Z] ✅ Quest 7784: Required level 60
[2025-11-02T15:15:30.164Z] ✅ Quest 8703: Required level 60
[2025-11-02T15:15:36.074Z] ✅ Quest 8698: Required level 60
[2025-11-02T15:15:42.271Z] ✅ Quest 8697: Required level 60
[2025-11-02T15:15:48.078Z] ✅ Quest 8702: Required level 60
[2025-11-02T15:15:56.237Z] ✅ Quest 9230: Required level 60
[2025-11-02T15:16:02.335Z] ✅ Quest 41433: Required level 60
[2025-11-02T15:16:08.494Z] ✅ Quest 41450: Required level 60
[2025-11-02T15:16:14.593Z] ✅ Quest 41416: Required level 60
[2025-11-02T15:16:20.693Z] ✅ Quest 41632: Required level 60
[2025-11-02T15:16:28.794Z] ✅ Quest 8750: Required level 60
[2025-11-02T15:16:34.892Z] ✅ Quest 8751: Required level 60
[2025-11-02T15:16:40.991Z] ✅ Quest 8764: Required level 60
[2025-11-02T15:16:47.111Z] ✅ Quest 8753: Required level 60
[2025-11-02T15:16:53.211Z] ✅ Quest 8754: Required level 60
[2025-11-02T15:16:59.355Z] ✅ Quest 8755: Required level 60
[2025-11-02T15:17:05.456Z] ✅ Quest 8756: Required level 60
[2025-11-02T15:17:11.545Z] ✅ Quest 8766: Required level 60
[2025-11-02T15:17:17.636Z] ✅ Quest 8758: Required level 60
[2025-11-02T15:17:23.727Z] ✅ Quest 8759: Required level 60
[2025-11-02T15:17:29.810Z] ✅ Quest 8760: Required level 60
[2025-11-02T15:17:35.895Z] ✅ Quest 8761: Required level 60
[2025-11-02T15:17:42.001Z] ✅ Quest 8765: Required level 60
[2025-11-02T15:17:48.102Z] ✅ Quest 8556: Required level 60
[2025-11-02T15:17:54.204Z] ✅ Quest 8704: Required level 60
[2025-11-02T15:18:00.287Z] ✅ Quest 5125: Required level 55
[2025-11-02T15:18:14.406Z] ✅ Quest 9227: Required level 55
[2025-11-02T15:18:20.958Z] ✅ Quest 9221: Required level 55
[2025-11-02T15:18:27.055Z] ✅ Quest 9223: Required level 55
[2025-11-02T15:18:33.189Z] ✅ Quest 9226: Required level 55
[2025-11-02T15:18:39.149Z] ✅ Quest 9248: Required level 58
[2025-11-02T15:18:49.239Z] ✅ Quest 40675: Required level 10
[2025-11-02T15:18:57.328Z] ✅ Quest 5942: Required level 50
[2025-11-02T15:19:03.155Z] ✅ Quest 7486: Required level 55
[2025-11-02T15:19:11.256Z] ✅ Quest 40254: Required level 45
[2025-11-02T15:19:17.352Z] ✅ Quest 60108: Required level 22
[2025-11-02T15:19:23.450Z] ✅ Quest 40342: Required level 58
[2025-11-02T15:19:29.548Z] ✅ Quest 40425: Required level 58
[2025-11-02T15:19:35.641Z] ✅ Quest 40489: Required level 45
[2025-11-02T15:19:37.643Z] 🔄 Restarting browser for fresh session...
[2025-11-02T15:19:37.773Z] 🔒 Browser closed
[2025-11-02T15:19:37.773Z] 🚀 Initializing browser with anti-detection...
[2025-11-02T15:19:38.160Z] ✅ Browser initialized with stealth mode
[2025-11-02T15:19:42.149Z] ✅ Quest 40509: Required level 50
[2025-11-02T15:19:52.255Z] ✅ Quest 596: Required level 30
[2025-11-02T15:19:58.350Z] ✅ Quest 852: Required level 11
[2025-11-02T15:20:06.443Z] ✅ Quest 2947: Required level 28
[2025-11-02T15:20:12.139Z] ✅ Quest 2949: Required level 28
[2025-11-02T15:20:20.324Z] ✅ Quest 5243: Required level 55
[2025-11-02T15:20:26.432Z] ✅ Quest 6565: Required level 17
[2025-11-02T15:20:32.573Z] ✅ Quest 80399: Required level 6
[2025-11-02T15:20:38.665Z] ✅ Quest 41017: Required level 55
[2025-11-02T15:20:46.801Z] ✅ Quest 700: Required level 25
[2025-11-02T15:20:52.880Z] ✅ Quest 1144: Required level 22
[2025-11-02T15:20:59.007Z] ✅ Quest 7201: Required level 48
[2025-11-02T15:21:05.139Z] ✅ Quest 5151: Required level 24
[2025-11-02T15:21:11.238Z] ✅ Quest 6641: Required level 20
[2025-11-02T15:21:17.335Z] ✅ Quest 41301: Required level 32
[2025-11-02T15:21:23.502Z] ✅ Quest 60130: Required level 6
[2025-11-02T15:21:29.597Z] ✅ Quest 41694: Required level 21
[2025-11-02T15:21:35.692Z] ✅ Quest 41700: Required level 24
[2025-11-02T15:21:41.787Z] ✅ Quest 40094: Required level 45
[2025-11-02T15:21:43.793Z] 💾 Saved 505 items to turtle_db/items/armor/rings.json
[2025-11-02T15:21:43.794Z]   ✅ Updated 138 items in rings.json
[2025-11-02T15:21:43.794Z] 
📂 Processing file: plate-waist.json
[2025-11-02T15:21:43.795Z]   📊 Found 20 quest items in plate-waist.json
[2025-11-02T15:21:43.796Z]   🎯 Processing 19 unique quests
[2025-11-02T15:21:47.890Z] ✅ Quest 8078: Required level 58
[2025-11-02T15:21:53.989Z] ✅ Quest 8054: Required level 58
[2025-11-02T15:22:00.080Z] ✅ Quest 8937: Required level 58
[2025-11-02T15:22:06.186Z] ✅ Quest 8944: Required level 58
[2025-11-02T15:22:12.191Z] ✅ Quest 8933: Required level 58
[2025-11-02T15:22:18.194Z] ✅ Quest 9041: Required level 60
[2025-11-02T15:22:24.197Z] ✅ Quest 9049: Required level 60
[2025-11-02T15:22:30.202Z] ✅ Quest 41498: Required level 60
[2025-11-02T15:22:36.203Z] ✅ Quest 41490: Required level 60
[2025-11-02T15:22:42.209Z] ✅ Quest 41447: Required level 60
[2025-11-02T15:22:47.995Z] ✅ Quest 41439: Required level 60
[2025-11-02T15:23:04.104Z] ✅ Quest 40276: Required level 45
[2025-11-02T15:23:10.197Z] ✅ Quest 40150: Required level 44
[2025-11-02T15:23:16.290Z] ✅ Quest 40209: Required level 34
[2025-11-02T15:23:18.296Z] 💾 Saved 130 items to turtle_db/items/armor/plate-waist.json
[2025-11-02T15:23:18.297Z]   ✅ Updated 20 items in plate-waist.json
[2025-11-02T15:23:18.297Z] 
📂 Processing file: leather-shoulder.json
[2025-11-02T15:23:18.298Z]   📊 Found 41 quest items in leather-shoulder.json
[2025-11-02T15:23:18.299Z]   🎯 Processing 37 unique quests
[2025-11-02T15:23:22.400Z] ✅ Quest 8072: Required level 58
[2025-11-02T15:23:28.526Z] ✅ Quest 8669: Required level 60
[2025-11-02T15:23:34.220Z] ✅ Quest 8641: Required level 60
[2025-11-02T15:23:40.308Z] ✅ Quest 8956: Required level 58
[2025-11-02T15:23:46.223Z] ✅ Quest 9020: Required level 58
[2025-11-02T15:23:52.329Z] ✅ Quest 8951: Required level 58
[2025-11-02T15:23:58.227Z] ✅ Quest 9016: Required level 58
[2025-11-02T15:24:04.325Z] ✅ Quest 9080: Required level 60
[2025-11-02T15:24:10.025Z] ✅ Quest 9089: Required level 60
[2025-11-02T15:24:16.116Z] ✅ Quest 41603: Required level 58
[2025-11-02T15:24:22.211Z] ✅ Quest 41409: Required level 60
[2025-11-02T15:24:28.380Z] ✅ Quest 41401: Required level 60
[2025-11-02T15:24:34.241Z] ✅ Quest 41579: Required level 58
[2025-11-02T15:24:40.334Z] ✅ Quest 41059: Required level 55
[2025-11-02T15:24:52.438Z] ✅ Quest 40272: Required level 45
[2025-11-02T15:25:12.547Z] ✅ Quest 40156: Required level 46
[2025-11-02T15:25:18.639Z] ✅ Quest 40966: Required level 38
[2025-11-02T15:25:24.730Z] ✅ Quest 4510: Required level 50
[2025-11-02T15:25:30.829Z] ✅ Quest 4511: Required level 50
[2025-11-02T15:25:38.920Z] ✅ Quest 4136: Required level 48
[2025-11-02T15:25:47.022Z] ✅ Quest 5253: Required level 53
[2025-11-02T15:25:53.118Z] ✅ Quest 6031: Required level 50
[2025-11-02T15:25:59.213Z] ✅ Quest 5863: Required level 44
[2025-11-02T15:26:05.311Z] ✅ Quest 41882: Required level 28
[2025-11-02T15:26:11.409Z] ✅ Quest 41703: Required level 24
[2025-11-02T15:26:13.416Z] 💾 Saved 201 items to turtle_db/items/armor/leather-shoulder.json
[2025-11-02T15:26:13.416Z]   ✅ Updated 41 items in leather-shoulder.json
[2025-11-02T15:26:13.416Z] 
📂 Processing file: leather-wrist.json
[2025-11-02T15:26:13.418Z]   📊 Found 39 quest items in leather-wrist.json
[2025-11-02T15:26:13.418Z]   🎯 Processing 41 unique quests
[2025-11-02T15:26:17.550Z] ✅ Quest 8063: Required level 58
[2025-11-02T15:26:23.684Z] ✅ Quest 8057: Required level 58
[2025-11-02T15:26:29.815Z] ✅ Quest 8910: Required level 58
[2025-11-02T15:26:35.960Z] ✅ Quest 8917: Required level 58
[2025-11-02T15:26:42.090Z] ✅ Quest 8905: Required level 58
[2025-11-02T15:26:48.184Z] ✅ Quest 8913: Required level 58
[2025-11-02T15:26:54.294Z] ✅ Quest 9084: Required level 60
[2025-11-02T15:27:00.297Z] ✅ Quest 9093: Required level 60
[2025-11-02T15:27:06.301Z] ✅ Quest 9241: Required level 60
[2025-11-02T15:27:20.306Z] ✅ Quest 41411: Required level 60
[2025-11-02T15:27:26.406Z] ✅ Quest 41403: Required level 60
[2025-11-02T15:27:32.310Z] ✅ Quest 41658: Required level 30
[2025-11-02T15:27:38.400Z] ✅ Quest 41884: Required level 30
[2025-11-02T15:27:44.314Z] ✅ Quest 41757: Required level 23
[2025-11-02T15:27:50.148Z] ✅ Quest 41677: Required level 29
[2025-11-02T15:27:56.244Z] ✅ Quest 40990: Required level 55
[2025-11-02T15:28:02.325Z] ✅ Quest 60033: Required level 40
[2025-11-02T15:28:08.323Z] ✅ Quest 4966: Required level 23
[2025-11-02T15:28:14.422Z] ✅ Quest 40648: Required level 37
[2025-11-02T15:28:24.328Z] ✅ Quest 416: Required level 10
[2025-11-02T15:28:30.332Z] ✅ Quest 932: Required level 4
[2025-11-02T15:28:36.518Z] ✅ Quest 958: Required level 9
[2025-11-02T15:28:48.665Z] ✅ Quest 40084: Required level 11
[2025-11-02T15:28:56.344Z] ✅ Quest 374: Required level 5
[2025-11-02T15:29:02.347Z] ✅ Quest 750: Required level 1
[2025-11-02T15:29:08.350Z] ✅ Quest 825: Required level 3
[2025-11-02T15:29:14.353Z] ✅ Quest 766: Required level 5
[2025-11-02T15:29:20.359Z] ✅ Quest 33: Required level 1
[2025-11-02T15:29:26.364Z] ✅ Quest 41216: Required level 4
[2025-11-02T15:29:32.153Z] ✅ Quest 80104: Required level 1
[2025-11-02T15:29:38.246Z] ✅ Quest 80203: Required level 1
[2025-11-02T15:29:40.250Z] 💾 Saved 226 items to turtle_db/items/armor/leather-wrist.json
[2025-11-02T15:29:40.250Z]   ✅ Updated 39 items in leather-wrist.json
[2025-11-02T15:29:40.251Z] 
📂 Processing file: plate-chest.json
[2025-11-02T15:29:40.252Z]   📊 Found 55 quest items in plate-chest.json
[2025-11-02T15:29:40.252Z]   🎯 Processing 50 unique quests
[2025-11-02T15:29:44.349Z] ✅ Quest 5068: Required level 57
[2025-11-02T15:29:50.373Z] ✅ Quest 9077: Required level 60
[2025-11-02T15:29:56.377Z] ✅ Quest 41604: Required level 58
[2025-11-02T15:30:02.380Z] ✅ Quest 793: Required level 40
[2025-11-02T15:30:08.075Z] ✅ Quest 717: Required level 40
[2025-11-02T15:30:14.215Z] ✅ Quest 547: Required level 26
[2025-11-02T15:30:21.779Z] ✅ Quest 9246: Required level 60
[2025-11-02T15:30:28.946Z] ✅ Quest 41511: Required level 60
[2025-11-02T15:30:35.046Z] ✅ Quest 41503: Required level 60
[2025-11-02T15:30:41.005Z] ✅ Quest 8622: Required level 60
[2025-11-02T15:30:47.098Z] ✅ Quest 9068: Required level 60
[2025-11-02T15:30:53.194Z] ✅ Quest 41616: Required level 58
[2025-11-02T15:30:59.290Z] ✅ Quest 5166: Required level 57
[2025-11-02T15:31:05.390Z] ✅ Quest 976: Required level 19
[2025-11-02T15:31:11.485Z] ✅ Quest 41249: Required level 5
[2025-11-02T15:31:17.581Z] ✅ Quest 40971: Required level 35
[2025-11-02T15:31:29.725Z] ✅ Quest 2756: Required level 40
[2025-11-02T15:31:35.820Z] ✅ Quest 2849: Required level 30
[2025-11-02T15:31:41.898Z] ✅ Quest 2856: Required level 30
[2025-11-02T15:31:47.993Z] ✅ Quest 5141: Required level 40
[2025-11-02T15:31:54.091Z] ✅ Quest 5145: Required level 40
[2025-11-02T15:32:00.183Z] ✅ Quest 8079: Required level 58
[2025-11-02T15:32:06.282Z] ✅ Quest 8055: Required level 58
[2025-11-02T15:32:12.380Z] ✅ Quest 8562: Required level 60
[2025-11-02T15:32:18.445Z] ✅ Quest 8627: Required level 60
[2025-11-02T15:32:24.449Z] ✅ Quest 9006: Required level 58
[2025-11-02T15:32:30.453Z] ✅ Quest 9013: Required level 58
[2025-11-02T15:32:36.455Z] ✅ Quest 9002: Required level 58
[2025-11-02T15:32:42.459Z] ✅ Quest 9034: Required level 60
[2025-11-02T15:32:48.463Z] ✅ Quest 9043: Required level 60
[2025-11-02T15:32:54.465Z] ✅ Quest 9236: Required level 60
[2025-11-02T15:33:00.467Z] ✅ Quest 41495: Required level 60
[2025-11-02T15:33:06.471Z] ✅ Quest 41487: Required level 60
[2025-11-02T15:33:12.476Z] ✅ Quest 41628: Required level 58
[2025-11-02T15:33:18.480Z] ✅ Quest 41444: Required level 60
[2025-11-02T15:33:24.486Z] ✅ Quest 41436: Required level 60
[2025-11-02T15:33:30.581Z] ✅ Quest 41592: Required level 58
[2025-11-02T15:33:36.677Z] ✅ Quest 40127: Required level 40
[2025-11-02T15:33:44.496Z] ✅ Quest 40769: Required level 48
[2025-11-02T15:33:52.590Z] ✅ Quest 55018: Required level 46
[2025-11-02T15:33:58.500Z] ✅ Quest 2773: Required level 40
[2025-11-02T15:34:04.596Z] ✅ Quest 5283: Required level 40
[2025-11-02T15:34:10.505Z] ✅ Quest 5301: Required level 40
[2025-11-02T15:34:16.653Z] ✅ Quest 9179: Required level 55
[2025-11-02T15:34:20.660Z] 💾 Saved 239 items to turtle_db/items/armor/plate-chest.json
[2025-11-02T15:34:20.661Z]   ✅ Updated 55 items in plate-chest.json
[2025-11-02T15:34:20.661Z] 
📂 Processing file: mail-hands.json
[2025-11-02T15:34:20.662Z]   📊 Found 51 quest items in mail-hands.json
[2025-11-02T15:34:20.662Z]   🎯 Processing 54 unique quests
[2025-11-02T15:34:26.509Z] ✅ Quest 8377: Required level 58
[2025-11-02T15:34:32.519Z] ✅ Quest 8931: Required level 58
[2025-11-02T15:34:38.604Z] ✅ Quest 8938: Required level 58
[2025-11-02T15:34:44.741Z] ✅ Quest 8942: Required level 58
[2025-11-02T15:34:50.840Z] ✅ Quest 9059: Required level 60
[2025-11-02T15:34:56.938Z] ✅ Quest 9073: Required level 60
[2025-11-02T15:35:03.077Z] ✅ Quest 9245: Required level 60
[2025-11-02T15:35:09.208Z] ✅ Quest 41513: Required level 60
[2025-11-02T15:35:15.342Z] ✅ Quest 41505: Required level 60
[2025-11-02T15:35:25.440Z] ✅ Quest 6571: Required level 22
[2025-11-02T15:35:35.541Z] ✅ Quest 8380: Required level 58
[2025-11-02T15:35:49.647Z] ✅ Quest 40943: Required level 35
[2025-11-02T15:35:57.728Z] ✅ Quest 89: Required level 15
[2025-11-02T15:36:03.852Z] ✅ Quest 501: Required level 21
[2025-11-02T15:36:09.936Z] ✅ Quest 1487: Required level 15
[2025-11-02T15:36:16.032Z] ✅ Quest 1709: Required level 20
[2025-11-02T15:36:22.127Z] ✅ Quest 1843: Required level 20
[2025-11-02T15:36:28.226Z] ✅ Quest 4501: Required level 49
[2025-11-02T15:36:34.310Z] ✅ Quest 4513: Required level 48
[2025-11-02T15:36:44.413Z] ✅ Quest 41682: Required level 29
[2025-11-02T15:36:50.503Z] ✅ Quest 41708: Required level 26
[2025-11-02T15:36:56.629Z] ✅ Quest 491: Required level 12
[2025-11-02T15:37:02.752Z] ✅ Quest 2754: Required level 32
[2025-11-02T15:37:08.871Z] ✅ Quest 245: Required level 17
[2025-11-02T15:37:14.967Z] ✅ Quest 898: Required level 13
[2025-11-02T15:37:21.059Z] ✅ Quest 2040: Required level 15
[2025-11-02T15:37:39.223Z] ✅ Quest 6381: Required level 17
[2025-11-02T15:37:45.311Z] ✅ Quest 41656: Required level 30
[2025-11-02T15:37:59.402Z] ✅ Quest 2499: Required level 4
[2025-11-02T15:38:05.496Z] ✅ Quest 358: Required level 4
[2025-11-02T15:38:11.596Z] ✅ Quest 982: Required level 13
[2025-11-02T15:38:17.691Z] ✅ Quest 41195: Required level 3
[2025-11-02T15:38:19.699Z] 💾 Saved 234 items to turtle_db/items/armor/mail-hands.json
[2025-11-02T15:38:19.699Z]   ✅ Updated 51 items in mail-hands.json
[2025-11-02T15:38:19.700Z] 
📂 Processing file: unknown.json
[2025-11-02T15:38:19.700Z]   📊 Found 17 quest items in unknown.json
[2025-11-02T15:38:19.700Z]   🎯 Processing 14 unique quests
[2025-11-02T15:38:23.619Z] ✅ Quest 41048: Required level 38
[2025-11-02T15:38:29.719Z] ✅ Quest 70022: Required level 28
[2025-11-02T15:38:35.622Z] ✅ Quest 8701: Required level 60
[2025-11-02T15:38:41.304Z] ✅ Quest 41733: Required level 30
[2025-11-02T15:38:47.625Z] ✅ Quest 613: Required level 30
[2025-11-02T15:38:53.725Z] ✅ Quest 307: Required level 9
[2025-11-02T15:38:59.630Z] ✅ Quest 80383: Required level 35
[2025-11-02T15:39:07.740Z] ✅ Quest 598: Required level 30
[2025-11-02T15:39:13.870Z] ✅ Quest 346: Required level 20
[2025-11-02T15:39:20.011Z] ✅ Quest 582: Required level 30
[2025-11-02T15:39:26.117Z] ✅ Quest 70034: Required level 24
[2025-11-02T15:39:32.210Z] ✅ Quest 1364: Required level 37
[2025-11-02T15:39:38.306Z] ✅ Quest 41811: Required level 40
[2025-11-02T15:39:40.311Z] 💾 Saved 58 items to turtle_db/items/armor/unknown.json
[2025-11-02T15:39:40.312Z]   ✅ Updated 17 items in unknown.json
[2025-11-02T15:39:40.313Z] 
📂 Processing file: cloth-hands.json
[2025-11-02T15:39:40.319Z]   📊 Found 64 quest items in cloth-hands.json
[2025-11-02T15:39:40.320Z]   🎯 Processing 68 unique quests
[2025-11-02T15:39:44.454Z] ✅ Quest 8932: Required level 58
[2025-11-02T15:39:50.551Z] ✅ Quest 8939: Required level 58
[2025-11-02T15:39:56.647Z] ✅ Quest 8936: Required level 58
[2025-11-02T15:40:02.788Z] ✅ Quest 8943: Required level 58
[2025-11-02T15:40:08.880Z] ✅ Quest 8934: Required level 58
[2025-11-02T15:40:14.966Z] ✅ Quest 8940: Required level 58
[2025-11-02T15:40:21.060Z] ✅ Quest 9100: Required level 60
[2025-11-02T15:40:27.155Z] ✅ Quest 9108: Required level 60
[2025-11-02T15:40:33.293Z] ✅ Quest 9116: Required level 60
[2025-11-02T15:40:39.377Z] ✅ Quest 9239: Required level 60
[2025-11-02T15:40:45.467Z] ✅ Quest 41480: Required level 60
[2025-11-02T15:40:51.596Z] ✅ Quest 41471: Required level 60
[2025-11-02T15:40:57.688Z] ✅ Quest 41463: Required level 60
[2025-11-02T15:41:03.693Z] ✅ Quest 41455: Required level 60
[2025-11-02T15:41:09.696Z] ✅ Quest 41429: Required level 60
[2025-11-02T15:41:15.701Z] ✅ Quest 41421: Required level 60
[2025-11-02T15:41:25.797Z] ✅ Quest 8381: Required level 58
[2025-11-02T15:41:31.893Z] ✅ Quest 8379: Required level 58
[2025-11-02T15:41:43.992Z] ✅ Quest 466: Required level 20
[2025-11-02T15:41:54.092Z] ✅ Quest 862: Required level 15
[2025-11-02T15:42:00.186Z] ✅ Quest 962: Required level 14
[2025-11-02T15:42:06.327Z] ✅ Quest 4983: Required level 55
[2025-11-02T15:42:12.892Z] ✅ Quest 7728: Required level 45
[2025-11-02T15:42:22.993Z] ✅ Quest 41758: Required level 25
[2025-11-02T15:42:29.094Z] ✅ Quest 41759: Required level 25
[2025-11-02T15:42:35.230Z] ✅ Quest 60040: Required level 6
[2025-11-02T15:42:41.013Z] ✅ Quest 40203: Required level 5
[2025-11-02T15:42:47.112Z] ✅ Quest 40643: Required level 20
[2025-11-02T15:42:55.213Z] ✅ Quest 505: Required level 26
[2025-11-02T15:43:01.354Z] ✅ Quest 213: Required level 31
[2025-11-02T15:43:09.453Z] ✅ Quest 3514: Required level 15
[2025-11-02T15:43:19.553Z] ✅ Quest 7849: Required level 46
[2025-11-02T15:43:29.655Z] ✅ Quest 41070: Required level 46
[2025-11-02T15:43:35.755Z] ✅ Quest 364: Required level 1
[2025-11-02T15:43:41.851Z] ✅ Quest 888: Required level 9
[2025-11-02T15:43:47.946Z] ✅ Quest 181: Required level 20
[2025-11-02T15:43:54.084Z] ✅ Quest 2928: Required level 20
[2025-11-02T15:44:01.750Z] ✅ Quest 3062: Required level 45
[2025-11-02T15:44:11.844Z] ✅ Quest 70058: Required level 26
[2025-11-02T15:44:19.757Z] ✅ Quest 38: Required level 9
[2025-11-02T15:44:37.862Z] ✅ Quest 459: Required level 1
[2025-11-02T15:44:43.873Z] 💾 Saved 315 items to turtle_db/items/armor/cloth-hands.json
[2025-11-02T15:44:43.874Z]   ✅ Updated 64 items in cloth-hands.json
[2025-11-02T15:44:43.874Z] 
📂 Processing file: plate-feet.json
[2025-11-02T15:44:43.876Z]   📊 Found 33 quest items in plate-feet.json
[2025-11-02T15:44:43.876Z]   🎯 Processing 29 unique quests
[2025-11-02T15:44:47.964Z] ✅ Quest 8559: Required level 60
[2025-11-02T15:44:53.767Z] ✅ Quest 8655: Required level 60
[2025-11-02T15:45:05.917Z] ✅ Quest 9039: Required level 60
[2025-11-02T15:45:11.774Z] ✅ Quest 9047: Required level 60
[2025-11-02T15:45:17.777Z] ✅ Quest 41500: Required level 60
[2025-11-02T15:45:23.782Z] ✅ Quest 41492: Required level 60
[2025-11-02T15:45:29.787Z] ✅ Quest 41630: Required level 58
[2025-11-02T15:45:35.789Z] ✅ Quest 41449: Required level 60
[2025-11-02T15:45:41.725Z] ✅ Quest 41441: Required level 60
[2025-11-02T15:45:47.796Z] ✅ Quest 41594: Required level 58
[2025-11-02T15:45:53.800Z] ✅ Quest 8316: Required level 58
[2025-11-02T15:45:59.802Z] ✅ Quest 8376: Required level 58
[2025-11-02T15:46:05.807Z] ✅ Quest 2772: Required level 40
[2025-11-02T15:46:11.811Z] ✅ Quest 8540: Required level 60
[2025-11-02T15:46:17.552Z] ✅ Quest 8805: Required level 60
[2025-11-02T15:46:27.651Z] ✅ Quest 2874: Required level 40
[2025-11-02T15:46:33.745Z] ✅ Quest 836: Required level 43
[2025-11-02T15:46:41.843Z] ✅ Quest 3461: Required level 45
[2025-11-02T15:46:53.949Z] ✅ Quest 338: Required level 30
[2025-11-02T15:46:59.823Z] ✅ Quest 40841: Required level 36
[2025-11-02T15:47:01.827Z] 💾 Saved 156 items to turtle_db/items/armor/plate-feet.json
[2025-11-02T15:47:01.828Z]   ✅ Updated 33 items in plate-feet.json
[2025-11-02T15:47:01.829Z] 
📂 Processing file: mail-waist.json
[2025-11-02T15:47:01.830Z]   📊 Found 45 quest items in mail-waist.json
[2025-11-02T15:47:01.830Z]   🎯 Processing 45 unique quests
[2025-11-02T15:47:05.828Z] ✅ Quest 8074: Required level 58
[2025-11-02T15:47:11.831Z] ✅ Quest 8066: Required level 58
[2025-11-02T15:47:24.049Z] ✅ Quest 9060: Required level 60
[2025-11-02T15:47:29.755Z] ✅ Quest 9074: Required level 60
[2025-11-02T15:47:35.840Z] ✅ Quest 41514: Required level 60
[2025-11-02T15:47:41.844Z] ✅ Quest 41506: Required level 60
[2025-11-02T15:47:49.927Z] ✅ Quest 41061: Required level 55
[2025-11-02T15:48:02.036Z] ✅ Quest 6131: Required level 45
[2025-11-02T15:48:07.852Z] ✅ Quest 8460: Required level 45
[2025-11-02T15:48:13.857Z] ✅ Quest 41687: Required level 28
[2025-11-02T15:48:29.964Z] ✅ Quest 4450: Required level 43
[2025-11-02T15:48:43.865Z] ✅ Quest 40688: Required level 34
[2025-11-02T15:48:51.868Z] ✅ Quest 3905: Required level 2
[2025-11-02T15:48:57.980Z] ✅ Quest 1578: Required level 1
[2025-11-02T15:49:03.870Z] ✅ Quest 1618: Required level 1
[2025-11-02T15:49:09.965Z] ✅ Quest 70040: Required level 14
[2025-11-02T15:49:23.875Z] ✅ Quest 7724: Required level 45
[2025-11-02T15:49:29.881Z] ✅ Quest 41036: Required level 37
[2025-11-02T15:49:37.983Z] ✅ Quest 170: Required level 1
[2025-11-02T15:49:46.082Z] ✅ Quest 937: Required level 6
[2025-11-02T15:49:52.092Z] 💾 Saved 223 items to turtle_db/items/armor/mail-waist.json
[2025-11-02T15:49:52.092Z]   ✅ Updated 45 items in mail-waist.json
[2025-11-02T15:49:52.092Z] 
📂 Processing file: mail-feet.json
[2025-11-02T15:49:52.093Z]   📊 Found 45 quest items in mail-feet.json
[2025-11-02T15:49:52.094Z]   🎯 Processing 40 unique quests
[2025-11-02T15:49:58.194Z] ✅ Quest 126: Required level 15
[2025-11-02T15:50:08.295Z] ✅ Quest 1092: Required level 17
[2025-11-02T15:50:14.388Z] ✅ Quest 1172: Required level 38
[2025-11-02T15:50:28.497Z] ✅ Quest 309: Required level 10
[2025-11-02T15:50:40.597Z] ✅ Quest 60125: Required level 16
[2025-11-02T15:50:50.689Z] ✅ Quest 40693: Required level 12
[2025-11-02T15:50:58.841Z] ✅ Quest 426: Required level 6
[2025-11-02T15:51:10.937Z] ✅ Quest 41190: Required level 2
[2025-11-02T15:51:17.042Z] ✅ Quest 60147: Required level 4
[2025-11-02T15:51:23.134Z] ✅ Quest 60148: Required level 4
[2025-11-02T15:51:29.299Z] ✅ Quest 60150: Required level 3
[2025-11-02T15:51:39.396Z] ✅ Quest 8626: Required level 60
[2025-11-02T15:51:45.490Z] ✅ Quest 8621: Required level 60
[2025-11-02T15:51:57.595Z] ✅ Quest 9058: Required level 60
[2025-11-02T15:52:03.693Z] ✅ Quest 9072: Required level 60
[2025-11-02T15:52:09.829Z] ✅ Quest 41516: Required level 60
[2025-11-02T15:52:15.912Z] ✅ Quest 41508: Required level 60
[2025-11-02T15:52:21.931Z] ✅ Quest 41618: Required level 58
[2025-11-02T15:52:28.022Z] ✅ Quest 41612: Required level 58
[2025-11-02T15:52:30.028Z] 💾 Saved 237 items to turtle_db/items/armor/mail-feet.json
[2025-11-02T15:52:30.029Z]   ✅ Updated 45 items in mail-feet.json
[2025-11-02T15:52:30.029Z] 
📂 Processing file: amulets.json
[2025-11-02T15:52:30.032Z]   📊 Found 142 quest items in amulets.json
[2025-11-02T15:52:30.033Z]   🎯 Processing 129 unique quests
[2025-11-02T15:52:33.938Z] ✅ Quest 7981: Required level 55
[2025-11-02T15:52:40.034Z] ✅ Quest 8048: Required level 58
[2025-11-02T15:52:45.938Z] ✅ Quest 8104: Required level 60
[2025-11-02T15:52:52.063Z] ✅ Quest 8109: Required level 60
[2025-11-02T15:52:57.944Z] ✅ Quest 8736: Required level 60
[2025-11-02T15:53:14.137Z] ✅ Quest 41631: Required level 58
[2025-11-02T15:53:20.228Z] ✅ Quest 41625: Required level 58
[2025-11-02T15:53:34.362Z] ✅ Quest 7940: Required level 55
[2025-11-02T15:53:40.464Z] ✅ Quest 8044: Required level 60
[2025-11-02T15:53:46.589Z] ✅ Quest 8052: Required level 60
[2025-11-02T15:53:52.678Z] ✅ Quest 8119: Required level 60
[2025-11-02T15:53:58.776Z] ✅ Quest 8113: Required level 60
[2025-11-02T15:54:04.875Z] ✅ Quest 8144: Required level 60
[2025-11-02T15:54:10.967Z] ✅ Quest 8148: Required level 60
[2025-11-02T15:54:17.106Z] ✅ Quest 8791: Required level 60
[2025-11-02T15:54:23.193Z] ✅ Quest 41619: Required level 58
[2025-11-02T15:54:29.291Z] ✅ Quest 41601: Required level 58
[2025-11-02T15:54:35.388Z] ✅ Quest 41589: Required level 58
[2025-11-02T15:54:41.487Z] ✅ Quest 41613: Required level 58
[2025-11-02T15:54:47.601Z] ✅ Quest 41607: Required level 58
[2025-11-02T15:54:53.705Z] ✅ Quest 41583: Required level 58
[2025-11-02T15:54:59.793Z] ✅ Quest 41785: Required level 24
[2025-11-02T15:55:07.900Z] ✅ Quest 1048: Required level 33
[2025-11-02T15:55:13.972Z] ✅ Quest 3341: Required level 37
[2025-11-02T15:55:20.072Z] ✅ Quest 3636: Required level 39
[2025-11-02T15:55:25.975Z] ✅ Quest 4132: Required level 52
[2025-11-02T15:55:31.979Z] ✅ Quest 6602: Required level 55
[2025-11-02T15:55:38.075Z] ✅ Quest 6502: Required level 50
[2025-11-02T15:55:44.172Z] ✅ Quest 8112: Required level 60
[2025-11-02T15:55:52.307Z] ✅ Quest 8949: Required level 58
[2025-11-02T15:55:58.404Z] ✅ Quest 41753: Required level 24
[2025-11-02T15:56:10.526Z] ✅ Quest 40132: Required level 53
[2025-11-02T15:56:16.619Z] ✅ Quest 40133: Required level 53
[2025-11-02T15:56:22.716Z] ✅ Quest 40760: Required level 50
[2025-11-02T15:56:28.819Z] ✅ Quest 55225: Required level 18
[2025-11-02T15:56:34.916Z] ✅ Quest 592: Required level 30
[2025-11-02T15:56:41.001Z] ✅ Quest 1139: Required level 35
[2025-11-02T15:56:47.096Z] ✅ Quest 2341: Required level 37
[2025-11-02T15:56:55.198Z] ✅ Quest 8047: Required level 60
[2025-11-02T15:57:01.007Z] ✅ Quest 8103: Required level 60
[2025-11-02T15:57:07.094Z] ✅ Quest 8108: Required level 60
[2025-11-02T15:57:13.011Z] ✅ Quest 8147: Required level 60
[2025-11-02T15:57:19.015Z] ✅ Quest 40962: Required level 58
[2025-11-02T15:57:29.121Z] ✅ Quest 40504: Required level 45
[2025-11-02T15:57:35.217Z] ✅ Quest 40882: Required level 35
[2025-11-02T15:57:40.984Z] ✅ Quest 2361: Required level 37
[2025-11-02T15:57:47.077Z] ✅ Quest 8043: Required level 60
[2025-11-02T15:57:53.172Z] ✅ Quest 8051: Required level 60
[2025-11-02T15:57:59.268Z] ✅ Quest 41731: Required level 30
[2025-11-02T15:58:05.386Z] ✅ Quest 41095: Required level 60
[2025-11-02T15:58:11.476Z] ✅ Quest 40997: Required level 38
[2025-11-02T15:58:17.569Z] ✅ Quest 41016: Required level 55
[2025-11-02T15:58:23.669Z] ✅ Quest 573: Required level 33
[2025-11-02T15:58:29.756Z] ✅ Quest 521: Required level 34
[2025-11-02T15:58:35.849Z] ✅ Quest 1050: Required level 28
[2025-11-02T15:58:41.961Z] ✅ Quest 5051: Required level 50
[2025-11-02T15:58:52.061Z] ✅ Quest 8118: Required level 60
[2025-11-02T15:58:58.163Z] ✅ Quest 8111: Required level 60
[2025-11-02T15:59:04.058Z] ✅ Quest 8143: Required level 60
[2025-11-02T15:59:10.219Z] ✅ Quest 60137: Required level 37
[2025-11-02T15:59:16.062Z] ✅ Quest 60135: Required level 37
[2025-11-02T15:59:22.152Z] ✅ Quest 41295: Required level 34
[2025-11-02T15:59:33.963Z] ✅ Quest 40015: Required level 28
[2025-11-02T15:59:40.057Z] ✅ Quest 40772: Required level 50
[2025-11-02T15:59:46.143Z] ✅ Quest 40870: Required level 55
[2025-11-02T15:59:58.235Z] ✅ Quest 5501: Required level 33
[2025-11-02T16:00:04.073Z] ✅ Quest 5057: Required level 53
[2025-11-02T16:00:09.769Z] ✅ Quest 5238: Required level 50
[2025-11-02T16:00:15.862Z] ✅ Quest 5237: Required level 50
[2025-11-02T16:00:21.957Z] ✅ Quest 4902: Required level 52
[2025-11-02T16:00:28.051Z] ✅ Quest 8046: Required level 60
[2025-11-02T16:00:34.145Z] ✅ Quest 8102: Required level 60
[2025-11-02T16:00:40.083Z] ✅ Quest 8107: Required level 60
[2025-11-02T16:00:46.176Z] ✅ Quest 8146: Required level 60
[2025-11-02T16:00:52.087Z] ✅ Quest 60153: Required level 41
[2025-11-02T16:00:54.089Z] 🔄 Restarting browser for fresh session...
[2025-11-02T16:00:54.172Z] 🔒 Browser closed
[2025-11-02T16:00:54.172Z] 🚀 Initializing browser with anti-detection...
[2025-11-02T16:00:54.516Z] ✅ Browser initialized with stealth mode
[2025-11-02T16:00:58.512Z] ✅ Quest 41697: Required level 21
[2025-11-02T16:01:04.606Z] ✅ Quest 40162: Required level 45
[2025-11-02T16:01:10.697Z] ✅ Quest 40219: Required level 45
[2025-11-02T16:01:16.798Z] ✅ Quest 40437: Required level 45
[2025-11-02T16:01:22.883Z] ✅ Quest 40924: Required level 38
[2025-11-02T16:01:28.974Z] ✅ Quest 41366: Required level 16
[2025-11-02T16:01:35.048Z] ✅ Quest 55010: Required level 45
[2025-11-02T16:01:41.138Z] ✅ Quest 41595: Required level 58
[2025-11-02T16:01:47.233Z] ✅ Quest 635: Required level 30
[2025-11-02T16:01:53.328Z] ✅ Quest 656: Required level 30
[2025-11-02T16:01:59.480Z] ✅ Quest 7068: Required level 39
[2025-11-02T16:02:05.578Z] ✅ Quest 7070: Required level 39
[2025-11-02T16:02:11.692Z] ✅ Quest 8042: Required level 60
[2025-11-02T16:02:17.781Z] ✅ Quest 8050: Required level 60
[2025-11-02T16:02:23.918Z] ✅ Quest 8117: Required level 60
[2025-11-02T16:02:30.014Z] ✅ Quest 8142: Required level 60
[2025-11-03T00:14:31.767Z] 🚀 Initializing browser with anti-detection...
[2025-11-03T00:14:32.191Z] ✅ Browser initialized with stealth mode
[2025-11-03T00:14:32.192Z] 
🚀 Starting Quest Level Processing

[2025-11-03T00:14:32.192Z] 📁 Found 56 item files to process
[2025-11-03T00:14:32.192Z] ✅ Skipping already completed file: leather-waist.json
[2025-11-03T00:14:32.192Z] ✅ Skipping already completed file: 1h-maces.json
[2025-11-03T00:14:32.192Z] ✅ Skipping already completed file: cloaks.json
[2025-11-03T00:14:32.192Z] ✅ Skipping already completed file: trinkets.json
[2025-11-03T00:14:32.192Z] ✅ Skipping already completed file: mail-shoulder.json
[2025-11-03T00:14:32.192Z] ✅ Skipping already completed file: leather-chest.json
[2025-11-03T00:14:32.192Z] ✅ Skipping already completed file: plate-wrist.json
[2025-11-03T00:14:32.192Z] ✅ Skipping already completed file: 1h-axes.json
[2025-11-03T00:14:32.192Z] ✅ Skipping already completed file: leather-hands.json
[2025-11-03T00:14:32.192Z] ✅ Skipping already completed file: mail-wrist.json
[2025-11-03T00:14:32.192Z] ✅ Skipping already completed file: cloth-shoulder.json
[2025-11-03T00:14:32.192Z] ✅ Skipping already completed file: shields.json
[2025-11-03T00:14:32.192Z] ✅ Skipping already completed file: cloth-wrist.json
[2025-11-03T00:14:32.192Z] ✅ Skipping already completed file: plate-shoulder.json
[2025-11-03T00:14:32.192Z] ✅ Skipping already completed file: rings.json
[2025-11-03T00:14:32.192Z] ✅ Skipping already completed file: plate-waist.json
[2025-11-03T00:14:32.192Z] ✅ Skipping already completed file: leather-shoulder.json
[2025-11-03T00:14:32.192Z] ✅ Skipping already completed file: leather-wrist.json
[2025-11-03T00:14:32.192Z] ✅ Skipping already completed file: plate-chest.json
[2025-11-03T00:14:32.192Z] ✅ Skipping already completed file: mail-hands.json
[2025-11-03T00:14:32.193Z] ✅ Skipping already completed file: unknown.json
[2025-11-03T00:14:32.193Z] ✅ Skipping already completed file: cloth-hands.json
[2025-11-03T00:14:32.193Z] ✅ Skipping already completed file: plate-feet.json
[2025-11-03T00:14:32.193Z] ✅ Skipping already completed file: mail-waist.json
[2025-11-03T00:14:32.193Z] ✅ Skipping already completed file: mail-feet.json
[2025-11-03T00:14:32.193Z] 
📂 Processing file: amulets.json
[2025-11-03T00:14:32.194Z]   📊 Found 142 quest items in amulets.json
[2025-11-03T00:14:32.194Z]   🎯 Processing 129 unique quests
[2025-11-03T00:14:36.190Z] ✅ Quest 7981: Required level 55
[2025-11-03T00:14:42.282Z] ✅ Quest 8048: Required level 58
[2025-11-03T00:14:48.380Z] ✅ Quest 8104: Required level 60
[2025-11-03T00:14:54.475Z] ✅ Quest 8109: Required level 60
[2025-11-03T00:15:00.611Z] ✅ Quest 8736: Required level 60
[2025-11-03T00:15:06.743Z] ✅ Quest 8802: Required level 60
[2025-11-03T00:15:12.837Z] ✅ Quest 9228: Required level 55
[2025-11-03T00:15:18.976Z] ✅ Quest 9222: Required level 55
[2025-11-03T00:15:25.064Z] ✅ Quest 9224: Required level 55
[2025-11-03T00:15:31.157Z] ✅ Quest 9225: Required level 55
[2025-11-03T00:15:37.179Z] ✅ Quest 41631: Required level 58
[2025-11-03T00:15:43.278Z] ✅ Quest 41625: Required level 58
[2025-11-03T00:15:49.189Z] ✅ Quest 7496: Required level 60
[2025-11-03T00:15:55.285Z] ✅ Quest 7491: Required level 60
[2025-11-03T00:16:01.378Z] ✅ Quest 7782: Required level 60
[2025-11-03T00:16:07.480Z] ✅ Quest 7784: Required level 60
[2025-11-03T00:16:13.574Z] ✅ Quest 7940: Required level 55
[2025-11-03T00:16:19.661Z] ✅ Quest 8044: Required level 60
[2025-11-03T00:16:25.845Z] ✅ Quest 8052: Required level 60
[2025-11-03T00:16:31.938Z] ✅ Quest 8119: Required level 60
[2025-11-03T00:16:38.039Z] ✅ Quest 8113: Required level 60
[2025-11-03T00:16:44.131Z] ✅ Quest 8144: Required level 60
[2025-11-03T00:16:50.226Z] ✅ Quest 8148: Required level 60
[2025-11-03T00:16:56.209Z] ✅ Quest 8791: Required level 60
[2025-11-03T00:17:02.305Z] ✅ Quest 41619: Required level 58
[2025-11-03T00:17:08.215Z] ✅ Quest 41601: Required level 58
[2025-11-03T00:17:14.309Z] ✅ Quest 41589: Required level 58
[2025-11-03T00:17:20.218Z] ✅ Quest 41613: Required level 58
[2025-11-03T00:17:26.313Z] ✅ Quest 41607: Required level 58
[2025-11-03T00:17:32.218Z] ✅ Quest 41583: Required level 58
[2025-11-03T00:17:38.171Z] ✅ Quest 41785: Required level 24
[2025-11-03T00:17:44.226Z] ✅ Quest 40963: Required level 58
[2025-11-03T00:17:50.321Z] ✅ Quest 1048: Required level 33
[2025-11-03T00:17:56.230Z] ✅ Quest 3341: Required level 37
[2025-11-03T00:18:02.327Z] ✅ Quest 3636: Required level 39
[2025-11-03T00:18:08.233Z] ✅ Quest 4132: Required level 52
[2025-11-03T00:18:13.974Z] ✅ Quest 6602: Required level 55
[2025-11-03T00:18:20.059Z] ✅ Quest 6502: Required level 50
[2025-11-03T00:18:26.240Z] ✅ Quest 8112: Required level 60
[2025-11-03T00:18:32.242Z] ✅ Quest 8253: Required level 50
[2025-11-03T00:18:38.331Z] ✅ Quest 8949: Required level 58
[2025-11-03T00:18:44.245Z] ✅ Quest 41753: Required level 24
[2025-11-03T00:18:50.341Z] ✅ Quest 41326: Required level 30
[2025-11-03T00:18:56.250Z] ✅ Quest 40272: Required level 45
[2025-11-03T00:19:02.345Z] ✅ Quest 40317: Required level 58
[2025-11-03T00:19:08.252Z] ✅ Quest 40132: Required level 53
[2025-11-03T00:19:14.334Z] ✅ Quest 40133: Required level 53
[2025-11-03T00:19:20.254Z] ✅ Quest 40760: Required level 50
[2025-11-03T00:19:26.146Z] ✅ Quest 55225: Required level 18
[2025-11-03T00:19:32.248Z] ✅ Quest 592: Required level 30
[2025-11-03T00:19:38.343Z] ✅ Quest 1139: Required level 35
[2025-11-03T00:19:44.264Z] ✅ Quest 2341: Required level 37
[2025-11-03T00:19:50.362Z] ✅ Quest 5944: Required level 52
[2025-11-03T00:19:56.266Z] ✅ Quest 8047: Required level 60
[2025-11-03T00:20:01.965Z] ✅ Quest 8103: Required level 60
[2025-11-03T00:20:08.054Z] ✅ Quest 8108: Required level 60
[2025-11-03T00:20:14.143Z] ✅ Quest 8147: Required level 60
[2025-11-03T00:20:20.244Z] ✅ Quest 40962: Required level 58
[2025-11-03T00:20:26.338Z] ✅ Quest 60074: Required level 42
[2025-11-03T00:20:32.277Z] ✅ Quest 40342: Required level 58
[2025-11-03T00:20:38.379Z] ✅ Quest 40504: Required level 45
[2025-11-03T00:20:44.281Z] ✅ Quest 40882: Required level 35
[2025-11-03T00:20:50.383Z] ✅ Quest 2361: Required level 37
[2025-11-03T00:20:56.285Z] ✅ Quest 8043: Required level 60
[2025-11-03T00:21:02.376Z] ✅ Quest 8051: Required level 60
[2025-11-03T00:21:08.290Z] ✅ Quest 41731: Required level 30
[2025-11-03T00:21:14.186Z] ✅ Quest 41095: Required level 60
[2025-11-03T00:21:20.294Z] ✅ Quest 40997: Required level 38
[2025-11-03T00:21:26.391Z] ✅ Quest 41016: Required level 55
[2025-11-03T00:21:32.298Z] ✅ Quest 573: Required level 33
[2025-11-03T00:21:38.399Z] ✅ Quest 521: Required level 34
[2025-11-03T00:21:44.302Z] ✅ Quest 1050: Required level 28
[2025-11-03T00:21:50.083Z] ✅ Quest 5051: Required level 50
[2025-11-03T00:21:56.178Z] ✅ Quest 5125: Required level 55
[2025-11-03T00:22:02.264Z] ✅ Quest 7861: Required level 46
[2025-11-03T00:22:08.309Z] ✅ Quest 8118: Required level 60
[2025-11-03T00:22:14.397Z] ✅ Quest 8111: Required level 60
[2025-11-03T00:22:20.313Z] ✅ Quest 8143: Required level 60
[2025-11-03T00:22:26.010Z] ✅ Quest 60137: Required level 37
[2025-11-03T00:22:32.103Z] ✅ Quest 60135: Required level 37
[2025-11-03T00:22:38.197Z] ✅ Quest 41295: Required level 34
[2025-11-03T00:22:44.292Z] ✅ Quest 41711: Required level 23
[2025-11-03T00:22:50.386Z] ✅ Quest 41767: Required level 45
[2025-11-03T00:22:56.325Z] ✅ Quest 40310: Required level 58
[2025-11-03T00:23:02.422Z] ✅ Quest 40015: Required level 28
[2025-11-03T00:23:08.328Z] ✅ Quest 40772: Required level 50
[2025-11-03T00:23:14.423Z] ✅ Quest 40870: Required level 55
[2025-11-03T00:23:20.334Z] ✅ Quest 3628: Required level 45
[2025-11-03T00:23:26.421Z] ✅ Quest 793: Required level 40
[2025-11-03T00:23:32.335Z] ✅ Quest 717: Required level 40
[2025-11-03T00:23:38.432Z] ✅ Quest 5501: Required level 33
[2025-11-03T00:23:44.342Z] ✅ Quest 5057: Required level 53
[2025-11-03T00:23:50.441Z] ✅ Quest 5238: Required level 50
[2025-11-03T00:23:56.346Z] ✅ Quest 5237: Required level 50
[2025-11-03T00:24:02.350Z] ✅ Quest 4902: Required level 52
[2025-11-03T00:24:08.354Z] ✅ Quest 8046: Required level 60
[2025-11-03T00:24:14.361Z] ✅ Quest 8102: Required level 60
[2025-11-03T00:24:20.150Z] ✅ Quest 8107: Required level 60
[2025-11-03T00:24:26.243Z] ✅ Quest 8146: Required level 60
[2025-11-03T00:24:32.371Z] ✅ Quest 60153: Required level 41
[2025-11-03T00:24:34.374Z] 🔄 Restarting browser for fresh session...
[2025-11-03T00:24:34.458Z] 🔒 Browser closed
[2025-11-03T00:24:34.458Z] 🚀 Initializing browser with anti-detection...
[2025-11-03T00:24:34.833Z] ✅ Browser initialized with stealth mode
[2025-11-03T00:24:38.859Z] ✅ Quest 41697: Required level 21
[2025-11-03T00:24:44.955Z] ✅ Quest 40162: Required level 45
[2025-11-03T00:24:51.050Z] ✅ Quest 40219: Required level 45
[2025-11-03T00:24:57.148Z] ✅ Quest 40437: Required level 45
[2025-11-03T00:25:03.238Z] ✅ Quest 40924: Required level 38
[2025-11-03T00:25:09.345Z] ✅ Quest 41366: Required level 16
[2025-11-03T00:25:15.452Z] ✅ Quest 55010: Required level 45
[2025-11-03T00:25:21.548Z] ✅ Quest 41595: Required level 58
[2025-11-03T00:25:27.641Z] ✅ Quest 635: Required level 30
[2025-11-03T00:25:33.737Z] ✅ Quest 656: Required level 30
[2025-11-03T00:25:39.830Z] ✅ Quest 7068: Required level 39
[2025-11-03T00:25:45.946Z] ✅ Quest 7070: Required level 39
[2025-11-03T00:25:52.047Z] ✅ Quest 8042: Required level 60
[2025-11-03T00:25:58.133Z] ✅ Quest 8050: Required level 60
[2025-11-03T00:26:04.227Z] ✅ Quest 8117: Required level 60
[2025-11-03T00:26:10.321Z] ✅ Quest 8142: Required level 60
[2025-11-03T00:26:16.415Z] ✅ Quest 8321: Required level 60
[2025-11-03T00:26:22.537Z] ✅ Quest 41293: Required level 34
[2025-11-03T00:26:28.653Z] ✅ Quest 41305: Required level 32
[2025-11-03T00:26:34.753Z] ✅ Quest 41301: Required level 32
[2025-11-03T00:26:40.851Z] ✅ Quest 41389: Required level 55
[2025-11-03T00:26:46.856Z] ✅ Quest 41879: Required level 34
[2025-11-03T00:26:52.861Z] ✅ Quest 41685: Required level 22
[2025-11-03T00:26:58.862Z] ✅ Quest 41676: Required level 30
[2025-11-03T00:27:04.582Z] ✅ Quest 41683: Required level 29
[2025-11-03T00:27:10.685Z] ✅ Quest 40030: Required level 30
[2025-11-03T00:27:16.769Z] ✅ Quest 40519: Required level 40
[2025-11-03T00:27:22.870Z] ✅ Quest 40785: Required level 53
[2025-11-03T00:27:28.877Z] ✅ Quest 40797: Required level 20
[2025-11-03T00:27:30.888Z] 💾 Saved 396 items to turtle_db/items/armor/amulets.json
[2025-11-03T00:27:30.890Z]   ✅ Updated 142 items in amulets.json
[2025-11-03T00:27:30.890Z] 
📂 Processing file: cloth-legs.json
[2025-11-03T00:27:30.892Z]   📊 Found 69 quest items in cloth-legs.json
[2025-11-03T00:27:30.892Z]   🎯 Processing 63 unique quests
[2025-11-03T00:27:34.881Z] ✅ Quest 8663: Required level 60
[2025-11-03T00:27:40.885Z] ✅ Quest 8631: Required level 60
[2025-11-03T00:27:46.889Z] ✅ Quest 8958: Required level 58
[2025-11-03T00:27:52.894Z] ✅ Quest 9021: Required level 58
[2025-11-03T00:27:58.898Z] ✅ Quest 9096: Required level 60
[2025-11-03T00:28:04.903Z] ✅ Quest 9112: Required level 60
[2025-11-03T00:28:10.906Z] ✅ Quest 9232: Required level 60
[2025-11-03T00:28:16.910Z] ✅ Quest 41482: Required level 60
[2025-11-03T00:28:22.911Z] ✅ Quest 41473: Required level 60
[2025-11-03T00:28:28.921Z] ✅ Quest 41623: Required level 58
[2025-11-03T00:28:35.009Z] ✅ Quest 41465: Required level 60
[2025-11-03T00:28:40.930Z] ✅ Quest 41599: Required level 58
[2025-11-03T00:28:46.933Z] ✅ Quest 41431: Required level 60
[2025-11-03T00:28:52.935Z] ✅ Quest 41423: Required level 60
[2025-11-03T00:28:58.718Z] ✅ Quest 41587: Required level 58
[2025-11-03T00:29:04.811Z] ✅ Quest 8381: Required level 58
[2025-11-03T00:29:10.910Z] ✅ Quest 8379: Required level 58
[2025-11-03T00:29:16.952Z] ✅ Quest 8593: Required level 60
[2025-11-03T00:29:22.953Z] ✅ Quest 8953: Required level 58
[2025-11-03T00:29:28.960Z] ✅ Quest 9018: Required level 58
[2025-11-03T00:29:34.639Z] ✅ Quest 8955: Required level 58
[2025-11-03T00:29:40.738Z] ✅ Quest 9019: Required level 58
[2025-11-03T00:29:46.834Z] ✅ Quest 9104: Required level 60
[2025-11-03T00:29:52.972Z] ✅ Quest 41457: Required level 60
[2025-11-03T00:29:58.978Z] ✅ Quest 40463: Required level 45
[2025-11-03T00:30:04.981Z] ✅ Quest 1203: Required level 30
[2025-11-03T00:30:10.984Z] ✅ Quest 1446: Required level 38
[2025-11-03T00:30:16.988Z] ✅ Quest 9188: Required level 55
[2025-11-03T00:30:22.989Z] ✅ Quest 41200: Required level 50
[2025-11-03T00:30:28.995Z] ✅ Quest 41811: Required level 40
[2025-11-03T00:30:34.999Z] ✅ Quest 40151: Required level 44
[2025-11-03T00:30:41.002Z] ✅ Quest 217: Required level 10
[2025-11-03T00:30:46.778Z] ✅ Quest 55: Required level 20
[2025-11-03T00:30:52.872Z] ✅ Quest 1184: Required level 28
[2025-11-03T00:30:59.013Z] ✅ Quest 3463: Required level 40
[2025-11-03T00:31:05.018Z] ✅ Quest 153: Required level 10
[2025-11-03T00:31:11.021Z] ✅ Quest 5725: Required level 9
[2025-11-03T00:31:17.023Z] ✅ Quest 41213: Required level 20
[2025-11-03T00:31:22.705Z] ✅ Quest 40768: Required level 50
[2025-11-03T00:31:28.799Z] ✅ Quest 40974: Required level 39
[2025-11-03T00:31:34.894Z] ✅ Quest 40945: Required level 35
[2025-11-03T00:31:40.989Z] ✅ Quest 491: Required level 12
[2025-11-03T00:31:47.040Z] ✅ Quest 633: Required level 28
[2025-11-03T00:31:53.042Z] ✅ Quest 891: Required level 13
[2025-11-03T00:31:59.047Z] ✅ Quest 550: Required level 19
[2025-11-03T00:32:05.051Z] ✅ Quest 995: Required level 10
[2025-11-03T00:32:11.054Z] ✅ Quest 981: Required level 13
[2025-11-03T00:32:17.058Z] ✅ Quest 314: Required level 6
[2025-11-03T00:32:23.062Z] ✅ Quest 4491: Required level 50
[2025-11-03T00:32:29.065Z] ✅ Quest 41721: Required level 30
[2025-11-03T00:32:34.860Z] ✅ Quest 40209: Required level 34
[2025-11-03T00:32:40.968Z] ✅ Quest 40677: Required level 30
[2025-11-03T00:32:47.064Z] ✅ Quest 183: Required level 1
[2025-11-03T00:32:53.078Z] ✅ Quest 2520: Required level 5
[2025-11-03T00:32:59.083Z] ✅ Quest 41167: Required level 3
[2025-11-03T00:33:05.084Z] ✅ Quest 80381: Required level 1
[2025-11-03T00:33:11.091Z] ✅ Quest 11: Required level 6
[2025-11-03T00:33:17.092Z] ✅ Quest 426: Required level 6
[2025-11-03T00:33:23.189Z] ✅ Quest 6: Required level 2
[2025-11-03T00:33:29.293Z] ✅ Quest 794: Required level 1
[2025-11-03T00:33:35.393Z] ✅ Quest 3522: Required level 2
[2025-11-03T00:33:41.489Z] ✅ Quest 80100: Required level 1
[2025-11-03T00:33:47.584Z] ✅ Quest 80201: Required level 1
[2025-11-03T00:33:49.592Z] 💾 Saved 375 items to turtle_db/items/armor/cloth-legs.json
[2025-11-03T00:33:49.594Z]   ✅ Updated 69 items in cloth-legs.json
[2025-11-03T00:33:49.594Z] 
📂 Processing file: mail-head.json
[2025-11-03T00:33:49.596Z]   📊 Found 42 quest items in mail-head.json
[2025-11-03T00:33:49.596Z]   🎯 Processing 36 unique quests
[2025-11-03T00:33:53.683Z] ✅ Quest 8258: Required level 58
[2025-11-03T00:33:59.819Z] ✅ Quest 8657: Required level 60
[2025-11-03T00:34:05.914Z] ✅ Quest 8623: Required level 60
[2025-11-03T00:34:12.012Z] ✅ Quest 9000: Required level 58
[2025-11-03T00:34:18.109Z] ✅ Quest 9008: Required level 58
[2025-11-03T00:34:24.134Z] ✅ Quest 9011: Required level 58
[2025-11-03T00:34:30.139Z] ✅ Quest 9056: Required level 60
[2025-11-03T00:34:36.142Z] ✅ Quest 9070: Required level 60
[2025-11-03T00:34:42.145Z] ✅ Quest 41509: Required level 60
[2025-11-03T00:34:48.147Z] ✅ Quest 41501: Required level 60
[2025-11-03T00:34:54.153Z] ✅ Quest 41614: Required level 58
[2025-11-03T00:35:00.158Z] ✅ Quest 41608: Required level 58
[2025-11-03T00:35:05.941Z] ✅ Quest 40717: Required level 34
[2025-11-03T00:35:12.036Z] ✅ Quest 1706: Required level 20
[2025-11-03T00:35:18.117Z] ✅ Quest 1845: Required level 20
[2025-11-03T00:35:30.222Z] ✅ Quest 4242: Required level 48
[2025-11-03T00:35:36.178Z] ✅ Quest 7668: Required level 58
[2025-11-03T00:35:41.865Z] ✅ Quest 41834: Required level 32
[2025-11-03T00:35:47.955Z] ✅ Quest 40489: Required level 45
[2025-11-03T00:35:54.043Z] ✅ Quest 80605: Required level 60
[2025-11-03T00:36:02.131Z] ✅ Quest 2753: Required level 32
[2025-11-03T00:36:08.191Z] ✅ Quest 2771: Required level 40
[2025-11-03T00:36:14.438Z] ✅ Quest 2852: Required level 30
[2025-11-03T00:36:20.195Z] ✅ Quest 2859: Required level 30
[2025-11-03T00:36:26.333Z] ✅ Quest 9183: Required level 55
[2025-11-03T00:36:32.198Z] ✅ Quest 41856: Required level 30
[2025-11-03T00:36:38.350Z] ✅ Quest 40434: Required level 45
[2025-11-03T00:36:44.201Z] ✅ Quest 40648: Required level 37
[2025-11-03T00:36:50.245Z] ✅ Quest 40938: Required level 35
[2025-11-03T00:36:56.205Z] ✅ Quest 55201: Required level 20
[2025-11-03T00:37:02.301Z] ✅ Quest 40880: Required level 35
[2025-11-03T00:37:08.211Z] ✅ Quest 8201: Required level 58
[2025-11-03T00:37:10.220Z] 💾 Saved 159 items to turtle_db/items/armor/mail-head.json
[2025-11-03T00:37:10.221Z]   ✅ Updated 42 items in mail-head.json
[2025-11-03T00:37:10.221Z] 
📂 Processing file: cloth-waist.json
[2025-11-03T00:37:10.223Z]   📊 Found 59 quest items in cloth-waist.json
[2025-11-03T00:37:10.224Z]   🎯 Processing 61 unique quests
[2025-11-03T00:37:14.352Z] ✅ Quest 8070: Required level 58
[2025-11-03T00:37:20.215Z] ✅ Quest 8932: Required level 58
[2025-11-03T00:37:26.055Z] ✅ Quest 8939: Required level 58
[2025-11-03T00:37:32.137Z] ✅ Quest 8936: Required level 58
[2025-11-03T00:37:38.274Z] ✅ Quest 8943: Required level 58
[2025-11-03T00:37:44.221Z] ✅ Quest 8934: Required level 58
[2025-11-03T00:37:50.314Z] ✅ Quest 8940: Required level 58
[2025-11-03T00:37:56.225Z] ✅ Quest 9101: Required level 60
[2025-11-03T00:38:01.966Z] ✅ Quest 9109: Required level 60
[2025-11-03T00:38:08.059Z] ✅ Quest 9117: Required level 60
[2025-11-03T00:38:14.157Z] ✅ Quest 41481: Required level 60
[2025-11-03T00:38:20.232Z] ✅ Quest 41472: Required level 60
[2025-11-03T00:38:26.327Z] ✅ Quest 41464: Required level 60
[2025-11-03T00:38:32.235Z] ✅ Quest 41456: Required level 60
[2025-11-03T00:38:38.329Z] ✅ Quest 41430: Required level 60
[2025-11-03T00:38:44.241Z] ✅ Quest 41422: Required level 60
[2025-11-03T00:38:50.337Z] ✅ Quest 41658: Required level 30
[2025-11-03T00:38:56.243Z] ✅ Quest 41884: Required level 30
[2025-11-03T00:39:02.337Z] ✅ Quest 41751: Required level 24
[2025-11-03T00:39:08.248Z] ✅ Quest 40427: Required level 58
[2025-11-03T00:39:14.345Z] ✅ Quest 41139: Required level 58
[2025-11-03T00:39:20.254Z] ✅ Quest 40943: Required level 35
[2025-11-03T00:39:26.343Z] ✅ Quest 309: Required level 10
[2025-11-03T00:39:32.259Z] ✅ Quest 140: Required level 10
[2025-11-03T00:39:38.263Z] ✅ Quest 899: Required level 14
[2025-11-03T00:39:44.266Z] ✅ Quest 5242: Required level 48
[2025-11-03T00:39:50.268Z] ✅ Quest 6571: Required level 22
[2025-11-03T00:39:56.060Z] ✅ Quest 60040: Required level 6
[2025-11-03T00:40:02.175Z] ✅ Quest 60111: Required level 7
[2025-11-03T00:40:08.254Z] ✅ Quest 60125: Required level 16
[2025-11-03T00:40:14.278Z] ✅ Quest 40064: Required level 40
[2025-11-03T00:40:20.280Z] ✅ Quest 40979: Required level 35
[2025-11-03T00:40:26.284Z] ✅ Quest 8552: Required level 35
[2025-11-03T00:40:31.961Z] ✅ Quest 617: Required level 38
[2025-11-03T00:40:37.656Z] ✅ Quest 1189: Required level 29
[2025-11-03T00:40:43.735Z] ✅ Quest 1366: Required level 30
[2025-11-03T00:40:49.920Z] ✅ Quest 3385: Required level 40
[2025-11-03T00:40:56.012Z] ✅ Quest 3301: Required level 10
[2025-11-03T00:41:04.096Z] ✅ Quest 40144: Required level 44
[2025-11-03T00:41:10.179Z] ✅ Quest 40084: Required level 11
[2025-11-03T00:41:16.258Z] ✅ Quest 40407: Required level 32
[2025-11-03T00:41:22.312Z] ✅ Quest 40641: Required level 20
[2025-11-03T00:41:34.314Z] ✅ Quest 369: Required level 6
[2025-11-03T00:41:40.003Z] ✅ Quest 2499: Required level 4
[2025-11-03T00:41:46.091Z] ✅ Quest 2874: Required level 40
[2025-11-03T00:41:52.178Z] ✅ Quest 1364: Required level 37
[2025-11-03T00:41:58.258Z] ✅ Quest 3902: Required level 2
[2025-11-03T00:42:04.386Z] ✅ Quest 4024: Required level 52
[2025-11-03T00:42:10.324Z] ✅ Quest 5253: Required level 53
[2025-11-03T00:42:16.415Z] ✅ Quest 41153: Required level 1
[2025-11-03T00:42:22.326Z] ✅ Quest 60147: Required level 4
[2025-11-03T00:42:28.423Z] ✅ Quest 80104: Required level 1
[2025-11-03T00:42:34.329Z] ✅ Quest 80203: Required level 1
[2025-11-03T00:42:40.410Z] ✅ Quest 789: Required level 1
[2025-11-03T00:42:46.334Z] ✅ Quest 41189: Required level 1
[2025-11-03T00:42:52.216Z] ✅ Quest 41222: Required level 5
[2025-11-03T00:42:58.295Z] ✅ Quest 60145: Required level 1
[2025-11-03T00:43:00.302Z] 💾 Saved 316 items to turtle_db/items/armor/cloth-waist.json
[2025-11-03T00:43:00.303Z]   ✅ Updated 59 items in cloth-waist.json
[2025-11-03T00:43:00.303Z] 
📂 Processing file: leather-legs.json
[2025-11-03T00:43:00.305Z]   📊 Found 57 quest items in leather-legs.json
[2025-11-03T00:43:00.305Z]   🎯 Processing 54 unique quests
[2025-11-03T00:43:04.379Z] ✅ Quest 5067: Required level 57
[2025-11-03T00:43:10.342Z] ✅ Quest 8668: Required level 60
[2025-11-03T00:43:16.440Z] ✅ Quest 8640: Required level 60
[2025-11-03T00:43:22.344Z] ✅ Quest 8956: Required level 58
[2025-11-03T00:43:28.013Z] ✅ Quest 9020: Required level 58
[2025-11-03T00:43:34.094Z] ✅ Quest 8951: Required level 58
[2025-11-03T00:43:40.235Z] ✅ Quest 9016: Required level 58
[2025-11-03T00:43:46.326Z] ✅ Quest 9087: Required level 60
[2025-11-03T00:43:54.421Z] ✅ Quest 41605: Required level 58
[2025-11-03T00:44:00.513Z] ✅ Quest 41414: Required level 60
[2025-11-03T00:44:06.355Z] ✅ Quest 41406: Required level 60
[2025-11-03T00:44:12.447Z] ✅ Quest 41581: Required level 58
[2025-11-03T00:44:18.358Z] ✅ Quest 2841: Required level 25
[2025-11-03T00:44:24.464Z] ✅ Quest 2929: Required level 25
[2025-11-03T00:44:30.364Z] ✅ Quest 2994: Required level 40
[2025-11-03T00:44:36.322Z] ✅ Quest 8378: Required level 58
[2025-11-03T00:44:42.365Z] ✅ Quest 8382: Required level 58
[2025-11-03T00:44:50.448Z] ✅ Quest 863: Required level 13
[2025-11-03T00:45:00.532Z] ✅ Quest 9: Required level 8
[2025-11-03T00:45:06.369Z] ✅ Quest 193: Required level 28
[2025-11-03T00:45:12.158Z] ✅ Quest 776: Required level 3
[2025-11-03T00:45:18.240Z] ✅ Quest 680: Required level 30
[2025-11-03T00:45:24.329Z] ✅ Quest 2851: Required level 30
[2025-11-03T00:45:30.378Z] ✅ Quest 2858: Required level 30
[2025-11-03T00:45:36.382Z] ✅ Quest 661: Required level 30
[2025-11-03T00:45:42.387Z] ✅ Quest 41249: Required level 5
[2025-11-03T00:45:48.066Z] ✅ Quest 41694: Required level 21
[2025-11-03T00:45:54.155Z] ✅ Quest 40195: Required level 45
[2025-11-03T00:46:00.239Z] ✅ Quest 40693: Required level 12
[2025-11-03T00:46:08.340Z] ✅ Quest 89: Required level 15
[2025-11-03T00:46:14.402Z] ✅ Quest 59: Required level 7
[2025-11-03T00:46:20.493Z] ✅ Quest 452: Required level 12
[2025-11-03T00:46:28.587Z] ✅ Quest 459: Required level 1
[2025-11-03T00:46:34.677Z] ✅ Quest 957: Required level 7
[2025-11-03T00:46:40.760Z] ✅ Quest 1486: Required level 13
[2025-11-03T00:46:48.903Z] ✅ Quest 9187: Required level 55
[2025-11-03T00:46:54.997Z] ✅ Quest 4763: Required level 15
[2025-11-03T00:47:01.078Z] ✅ Quest 41152: Required level 2
[2025-11-03T00:47:07.158Z] ✅ Quest 41758: Required level 25
[2025-11-03T00:47:13.237Z] ✅ Quest 41759: Required level 25
[2025-11-03T00:47:19.316Z] ✅ Quest 41790: Required level 8
[2025-11-03T00:47:25.406Z] ✅ Quest 60150: Required level 3
[2025-11-03T00:47:31.488Z] ✅ Quest 40742: Required level 48
[2025-11-03T00:47:37.630Z] ✅ Quest 380: Required level 2
[2025-11-03T00:47:43.725Z] ✅ Quest 746: Required level 6
[2025-11-03T00:47:49.807Z] ✅ Quest 41190: Required level 2
[2025-11-03T00:47:55.896Z] ✅ Quest 41215: Required level 5
[2025-11-03T00:47:57.902Z] 💾 Saved 265 items to turtle_db/items/armor/leather-legs.json
[2025-11-03T00:47:57.902Z]   ✅ Updated 57 items in leather-legs.json
[2025-11-03T00:47:57.902Z] 
📂 Processing file: plate-head.json
[2025-11-03T00:47:57.904Z]   📊 Found 36 quest items in plate-head.json
[2025-11-03T00:47:57.904Z]   🎯 Processing 29 unique quests
[2025-11-03T00:48:01.981Z] ✅ Quest 3528: Required level 40
[2025-11-03T00:48:08.061Z] ✅ Quest 8561: Required level 60
[2025-11-03T00:48:14.142Z] ✅ Quest 8628: Required level 60
[2025-11-03T00:48:20.242Z] ✅ Quest 9006: Required level 58
[2025-11-03T00:48:26.322Z] ✅ Quest 9013: Required level 58
[2025-11-03T00:48:32.416Z] ✅ Quest 9002: Required level 58
[2025-11-03T00:48:38.463Z] ✅ Quest 9037: Required level 60
[2025-11-03T00:48:44.468Z] ✅ Quest 9045: Required level 60
[2025-11-03T00:48:50.470Z] ✅ Quest 41493: Required level 60
[2025-11-03T00:48:56.549Z] ✅ Quest 41485: Required level 60
[2025-11-03T00:49:02.628Z] ✅ Quest 41626: Required level 58
[2025-11-03T00:49:08.710Z] ✅ Quest 41442: Required level 60
[2025-11-03T00:49:14.790Z] ✅ Quest 41434: Required level 60
[2025-11-03T00:49:20.871Z] ✅ Quest 41590: Required level 58
[2025-11-03T00:49:28.954Z] ✅ Quest 8425: Required level 50
[2025-11-03T00:49:35.041Z] ✅ Quest 40303: Required level 45
[2025-11-03T00:49:43.176Z] ✅ Quest 2756: Required level 40
[2025-11-03T00:49:49.258Z] ✅ Quest 5283: Required level 40
[2025-11-03T00:49:55.338Z] ✅ Quest 5301: Required level 40
[2025-11-03T00:50:01.417Z] ✅ Quest 2871: Required level 40
[2025-11-03T00:50:07.497Z] ✅ Quest 8366: Required level 40
[2025-11-03T00:50:13.592Z] ✅ Quest 40491: Required level 47
[2025-11-03T00:50:21.670Z] ✅ Quest 41043: Required level 38
[2025-11-03T00:50:27.758Z] ✅ Quest 40966: Required level 38
[2025-11-03T00:50:33.836Z] ✅ Quest 40424: Required level 45
[2025-11-03T00:50:37.843Z] 💾 Saved 142 items to turtle_db/items/armor/plate-head.json
[2025-11-03T00:50:37.843Z]   ✅ Updated 36 items in plate-head.json
[2025-11-03T00:50:37.843Z] 
📂 Processing file: cloth-head.json
[2025-11-03T00:50:37.845Z]   📊 Found 58 quest items in cloth-head.json
[2025-11-03T00:50:37.846Z]   🎯 Processing 55 unique quests
[2025-11-03T00:50:41.533Z] ✅ Quest 9005: Required level 58
[2025-11-03T00:50:47.532Z] ✅ Quest 9012: Required level 58
[2025-11-03T00:50:53.534Z] ✅ Quest 9097: Required level 60
[2025-11-03T00:50:59.539Z] ✅ Quest 9113: Required level 60
[2025-11-03T00:51:05.545Z] ✅ Quest 41476: Required level 60
[2025-11-03T00:51:11.545Z] ✅ Quest 8632: Required level 60
[2025-11-03T00:51:17.549Z] ✅ Quest 41620: Required level 58
[2025-11-03T00:51:23.552Z] ✅ Quest 41459: Required level 60
[2025-11-03T00:51:29.555Z] ✅ Quest 41451: Required level 60
[2025-11-03T00:51:35.559Z] ✅ Quest 41596: Required level 58
[2025-11-03T00:51:41.566Z] ✅ Quest 41425: Required level 60
[2025-11-03T00:51:47.569Z] ✅ Quest 8662: Required level 60
[2025-11-03T00:51:53.663Z] ✅ Quest 41584: Required level 58
[2025-11-03T00:51:59.741Z] ✅ Quest 41060: Required level 55
[2025-11-03T00:52:05.923Z] ✅ Quest 5466: Required level 57
[2025-11-03T00:52:12.045Z] ✅ Quest 8592: Required level 60
[2025-11-03T00:52:18.123Z] ✅ Quest 9001: Required level 58
[2025-11-03T00:52:24.204Z] ✅ Quest 9014: Required level 58
[2025-11-03T00:52:30.296Z] ✅ Quest 9003: Required level 58
[2025-11-03T00:52:36.380Z] ✅ Quest 9009: Required level 58
[2025-11-03T00:52:42.476Z] ✅ Quest 9105: Required level 60
[2025-11-03T00:52:48.570Z] ✅ Quest 41475: Required level 60
[2025-11-03T00:52:54.590Z] ✅ Quest 41417: Required level 60
[2025-11-03T00:53:02.688Z] ✅ Quest 40127: Required level 40
[2025-11-03T00:53:08.786Z] ✅ Quest 40147: Required level 26
[2025-11-03T00:53:16.879Z] ✅ Quest 40779: Required level 55
[2025-11-03T00:53:22.597Z] ✅ Quest 55018: Required level 46
[2025-11-03T00:53:28.692Z] ✅ Quest 397: Required level 25
[2025-11-03T00:53:34.601Z] ✅ Quest 4621: Required level 55
[2025-11-03T00:53:40.753Z] ✅ Quest 5243: Required level 55
[2025-11-03T00:53:48.894Z] ✅ Quest 41036: Required level 37
[2025-11-03T00:53:56.610Z] ✅ Quest 8221: Required level 1
[2025-11-03T00:54:02.614Z] ✅ Quest 41882: Required level 28
[2025-11-03T00:54:08.621Z] ✅ Quest 41681: Required level 29
[2025-11-03T00:54:14.713Z] ✅ Quest 41674: Required level 26
[2025-11-03T00:54:20.807Z] ✅ Quest 41703: Required level 24
[2025-11-03T00:54:28.903Z] ✅ Quest 40396: Required level 15
[2025-11-03T00:54:34.997Z] ✅ Quest 9339: Required level 50
[2025-11-03T00:54:41.089Z] ✅ Quest 9365: Required level 50
[2025-11-03T00:54:47.177Z] ✅ Quest 41726: Required level 30
[2025-11-03T00:54:53.321Z] ✅ Quest 40571: Required level 18
[2025-11-03T00:54:59.414Z] ✅ Quest 70055: Required level 24
[2025-11-03T00:55:05.507Z] ✅ Quest 567: Required level 19
[2025-11-03T00:55:11.600Z] ✅ Quest 70051: Required level 7
[2025-11-03T00:55:17.694Z] ✅ Quest 41191: Required level 2
[2025-11-03T00:55:23.702Z] ✅ Quest 80208: Required level 4
[2025-11-03T00:55:29.796Z] ✅ Quest 60008: Required level 6
[2025-11-03T00:55:37.673Z] ✅ Quest 5063: Required level 57
[2025-11-03T00:55:43.768Z] ✅ Quest 8620: Required level 60
[2025-11-03T00:55:45.777Z] 💾 Saved 367 items to turtle_db/items/armor/cloth-head.json
[2025-11-03T00:55:45.778Z]   ✅ Updated 58 items in cloth-head.json
[2025-11-03T00:55:45.778Z] 
📂 Processing file: cloth-chest.json
[2025-11-03T00:55:45.780Z]   📊 Found 48 quest items in cloth-chest.json
[2025-11-03T00:55:45.780Z]   🎯 Processing 45 unique quests
[2025-11-03T00:55:49.861Z] ✅ Quest 6565: Required level 17
[2025-11-03T00:55:55.955Z] ✅ Quest 8633: Required level 60
[2025-11-03T00:56:02.078Z] ✅ Quest 9095: Required level 60
[2025-11-03T00:56:08.263Z] ✅ Quest 41622: Required level 58
[2025-11-03T00:56:14.436Z] ✅ Quest 41461: Required level 60
[2025-11-03T00:56:20.530Z] ✅ Quest 41453: Required level 60
[2025-11-03T00:56:26.670Z] ✅ Quest 8603: Required level 60
[2025-11-03T00:56:32.762Z] ✅ Quest 9111: Required level 60
[2025-11-03T00:56:38.855Z] ✅ Quest 41598: Required level 58
[2025-11-03T00:56:44.948Z] ✅ Quest 41419: Required level 60
[2025-11-03T00:56:51.040Z] ✅ Quest 8661: Required level 60
[2025-11-03T00:56:57.141Z] ✅ Quest 9103: Required level 60
[2025-11-03T00:57:03.232Z] ✅ Quest 41586: Required level 58
[2025-11-03T00:57:09.347Z] ✅ Quest 60124: Required level 16
[2025-11-03T00:57:15.441Z] ✅ Quest 60155: Required level 39
[2025-11-03T00:57:21.533Z] ✅ Quest 498: Required level 17
[2025-11-03T00:57:27.631Z] ✅ Quest 1946: Required level 26
[2025-11-03T00:57:33.719Z] ✅ Quest 6131: Required level 45
[2025-11-03T00:57:39.721Z] ✅ Quest 8460: Required level 45
[2025-11-03T00:57:45.725Z] ✅ Quest 80396: Required level 13
[2025-11-03T00:57:51.727Z] ✅ Quest 40493: Required level 45
[2025-11-03T00:57:57.732Z] ✅ Quest 41173: Required level 3
[2025-11-03T00:58:03.736Z] ✅ Quest 41671: Required level 26
[2025-11-03T00:58:09.534Z] ✅ Quest 40161: Required level 45
[2025-11-03T00:58:17.633Z] ✅ Quest 40863: Required level 7
[2025-11-03T00:58:29.738Z] ✅ Quest 80205: Required level 2
[2025-11-03T00:58:35.749Z] ✅ Quest 80103: Required level 3
[2025-11-03T00:58:41.751Z] ✅ Quest 804: Required level 1
[2025-11-03T00:58:47.462Z] ✅ Quest 8572: Required level 60
[2025-11-03T00:58:53.543Z] ✅ Quest 9240: Required level 60
[2025-11-03T00:58:59.631Z] ✅ Quest 41478: Required level 60
[2025-11-03T00:59:05.710Z] ✅ Quest 41469: Required level 60
[2025-11-03T00:59:13.804Z] ✅ Quest 924: Required level 9
[2025-11-03T00:59:19.747Z] ✅ Quest 1942: Required level 26
[2025-11-03T00:59:25.751Z] ✅ Quest 8273: Required level 42
[2025-11-03T00:59:31.852Z] ✅ Quest 41809: Required level 30
[2025-11-03T00:59:37.643Z] ✅ Quest 60042: Required level 6
[2025-11-03T00:59:43.737Z] ✅ Quest 41042: Required level 38
[2025-11-03T00:59:49.913Z] ✅ Quest 70025: Required level 28
[2025-11-03T00:59:55.667Z] ✅ Quest 80110: Required level 4
[2025-11-03T00:59:57.673Z] 💾 Saved 368 items to turtle_db/items/armor/cloth-chest.json
[2025-11-03T00:59:57.674Z]   ✅ Updated 48 items in cloth-chest.json
[2025-11-03T00:59:57.674Z] 
📂 Processing file: leather-feet.json
[2025-11-03T00:59:57.676Z]   📊 Found 66 quest items in leather-feet.json
[2025-11-03T00:59:57.676Z]   🎯 Processing 64 unique quests
[2025-11-03T01:00:01.835Z] ✅ Quest 8665: Required level 60
[2025-11-03T01:00:07.930Z] ✅ Quest 8637: Required level 60
[2025-11-03T01:00:24.042Z] ✅ Quest 9081: Required level 60
[2025-11-03T01:00:30.137Z] ✅ Quest 9090: Required level 60
[2025-11-03T01:00:36.231Z] ✅ Quest 41606: Required level 58
[2025-11-03T01:00:42.322Z] ✅ Quest 41415: Required level 60
[2025-11-03T01:00:48.413Z] ✅ Quest 41407: Required level 60
[2025-11-03T01:00:54.534Z] ✅ Quest 41582: Required level 58
[2025-11-03T01:01:02.635Z] ✅ Quest 377: Required level 22
[2025-11-03T01:01:08.730Z] ✅ Quest 898: Required level 13
[2025-11-03T01:01:14.801Z] ✅ Quest 122: Required level 14
[2025-11-03T01:01:22.903Z] ✅ Quest 7462: Required level 57
[2025-11-03T01:01:28.808Z] ✅ Quest 7877: Required level 57
[2025-11-03T01:01:34.905Z] ✅ Quest 8236: Required level 50
[2025-11-03T01:01:43.006Z] ✅ Quest 41640: Required level 6
[2025-11-03T01:01:50.818Z] ✅ Quest 7881: Required level 1
[2025-11-03T01:01:56.822Z] ✅ Quest 1582: Required level 8
[2025-11-03T01:02:02.826Z] ✅ Quest 286: Required level 20
[2025-11-03T01:02:08.830Z] ✅ Quest 628: Required level 31
[2025-11-03T01:02:14.835Z] ✅ Quest 1013: Required level 16
[2025-11-03T01:02:20.840Z] ✅ Quest 1096: Required level 16
[2025-11-03T01:02:26.847Z] ✅ Quest 1142: Required level 25
[2025-11-03T01:02:36.956Z] ✅ Quest 2822: Required level 40
[2025-11-03T01:02:43.052Z] ✅ Quest 1166: Required level 38
[2025-11-03T01:02:49.167Z] ✅ Quest 41708: Required level 26
[2025-11-03T01:02:55.263Z] ✅ Quest 40390: Required level 5
[2025-11-03T01:03:01.407Z] ✅ Quest 40410: Required level 33
[2025-11-03T01:03:07.490Z] ✅ Quest 40931: Required level 35
[2025-11-03T01:03:13.581Z] ✅ Quest 41077: Required level 46
[2025-11-03T01:03:19.661Z] ✅ Quest 501: Required level 21
[2025-11-03T01:03:25.743Z] ✅ Quest 1051: Required level 25
[2025-11-03T01:03:31.822Z] ✅ Quest 2821: Required level 40
[2025-11-03T01:03:37.639Z] ✅ Quest 3514: Required level 15
[2025-11-03T01:03:43.767Z] ✅ Quest 3281: Required level 9
[2025-11-03T01:03:49.908Z] ✅ Quest 5064: Required level 24
[2025-11-03T01:03:55.565Z] ✅ Quest 4765: Required level 57
[2025-11-03T01:04:01.711Z] ✅ Quest 4768: Required level 57
[2025-11-03T01:04:07.791Z] ✅ Quest 7441: Required level 54
[2025-11-03T01:04:13.869Z] ✅ Quest 41724: Required level 30
[2025-11-03T01:04:19.950Z] ✅ Quest 60114: Required level 7
[2025-11-03T01:04:26.026Z] ✅ Quest 40859: Required level 6
[2025-11-03T01:04:32.106Z] ✅ Quest 88: Required level 6
[2025-11-03T01:04:38.252Z] ✅ Quest 358: Required level 4
[2025-11-03T01:04:44.342Z] ✅ Quest 772: Required level 3
[2025-11-03T01:04:50.422Z] ✅ Quest 806: Required level 4
[2025-11-03T01:05:00.545Z] ✅ Quest 60110: Required level 3
[2025-11-03T01:05:12.636Z] ✅ Quest 80106: Required level 4
[2025-11-03T01:05:18.718Z] ✅ Quest 80207: Required level 4
[2025-11-03T01:05:20.722Z] 💾 Saved 292 items to turtle_db/items/armor/leather-feet.json
[2025-11-03T01:05:20.723Z]   ✅ Updated 66 items in leather-feet.json
[2025-11-03T01:05:20.723Z] 
📂 Processing file: plate-legs.json
[2025-11-03T01:05:20.724Z]   📊 Found 39 quest items in plate-legs.json
[2025-11-03T01:05:20.724Z]   🎯 Processing 31 unique quests
[2025-11-03T01:05:24.797Z] ✅ Quest 9078: Required level 60
[2025-11-03T01:05:30.876Z] ✅ Quest 5167: Required level 57
[2025-11-03T01:05:36.955Z] ✅ Quest 8624: Required level 60
[2025-11-03T01:05:43.054Z] ✅ Quest 41515: Required level 60
[2025-11-03T01:05:49.148Z] ✅ Quest 9069: Required level 60
[2025-11-03T01:05:55.269Z] ✅ Quest 41617: Required level 58
[2025-11-03T01:06:01.345Z] ✅ Quest 40297: Required level 46
[2025-11-03T01:06:07.423Z] ✅ Quest 8560: Required level 60
[2025-11-03T01:06:13.501Z] ✅ Quest 8629: Required level 60
[2025-11-03T01:06:19.584Z] ✅ Quest 8959: Required level 58
[2025-11-03T01:06:25.660Z] ✅ Quest 9022: Required level 58
[2025-11-03T01:06:31.748Z] ✅ Quest 8954: Required level 58
[2025-11-03T01:06:37.625Z] ✅ Quest 9036: Required level 60
[2025-11-03T01:06:43.705Z] ✅ Quest 9044: Required level 60
[2025-11-03T01:06:51.799Z] ✅ Quest 41499: Required level 60
[2025-11-03T01:06:57.879Z] ✅ Quest 41491: Required level 60
[2025-11-03T01:07:03.955Z] ✅ Quest 41629: Required level 58
[2025-11-03T01:07:10.033Z] ✅ Quest 41448: Required level 60
[2025-11-03T01:07:16.111Z] ✅ Quest 41440: Required level 60
[2025-11-03T01:07:22.189Z] ✅ Quest 41593: Required level 58
[2025-11-03T01:07:30.267Z] ✅ Quest 8316: Required level 58
[2025-11-03T01:07:36.344Z] ✅ Quest 8376: Required level 58
[2025-11-03T01:07:42.462Z] ✅ Quest 2772: Required level 40
[2025-11-03T01:07:48.538Z] ✅ Quest 3566: Required level 40
[2025-11-03T01:07:54.612Z] ✅ Quest 7849: Required level 46
[2025-11-03T01:08:00.691Z] ✅ Quest 7728: Required level 45
[2025-11-03T01:08:06.770Z] ✅ Quest 8461: Required level 45
[2025-11-03T01:08:12.848Z] ✅ Quest 40200: Required level 45
[2025-11-03T01:08:18.928Z] ✅ Quest 40927: Required level 35
[2025-11-03T01:08:20.933Z] 💾 Saved 163 items to turtle_db/items/armor/plate-legs.json
[2025-11-03T01:08:20.934Z]   ✅ Updated 39 items in plate-legs.json
[2025-11-03T01:08:20.934Z] 
📂 Processing file: leather-head.json
[2025-11-03T01:08:20.935Z]   📊 Found 44 quest items in leather-head.json
[2025-11-03T01:08:20.935Z]   🎯 Processing 43 unique quests
[2025-11-03T01:08:25.010Z] ✅ Quest 8667: Required level 60
[2025-11-03T01:08:31.012Z] ✅ Quest 8639: Required level 60
[2025-11-03T01:08:37.015Z] ✅ Quest 9004: Required level 58
[2025-11-03T01:08:43.020Z] ✅ Quest 9010: Required level 58
[2025-11-03T01:08:49.023Z] ✅ Quest 8999: Required level 58
[2025-11-03T01:08:55.025Z] ✅ Quest 9007: Required level 58
[2025-11-03T01:09:01.028Z] ✅ Quest 9079: Required level 60
[2025-11-03T01:09:07.031Z] ✅ Quest 9088: Required level 60
[2025-11-03T01:09:12.802Z] ✅ Quest 41602: Required level 58
[2025-11-03T01:09:18.882Z] ✅ Quest 41408: Required level 60
[2025-11-03T01:09:25.618Z] ✅ Quest 41400: Required level 60
[2025-11-03T01:09:31.700Z] ✅ Quest 41578: Required level 58
[2025-11-03T01:09:37.640Z] ✅ Quest 40091: Required level 32
[2025-11-03T01:09:43.721Z] ✅ Quest 2768: Required level 40
[2025-11-03T01:09:51.802Z] ✅ Quest 9227: Required level 55
[2025-11-03T01:09:57.927Z] ✅ Quest 9221: Required level 55
[2025-11-03T01:10:04.006Z] ✅ Quest 9223: Required level 55
[2025-11-03T01:10:10.065Z] ✅ Quest 9226: Required level 55
[2025-11-03T01:10:18.161Z] ✅ Quest 622: Required level 32
[2025-11-03T01:10:24.071Z] ✅ Quest 2850: Required level 30
[2025-11-03T01:10:30.150Z] ✅ Quest 2857: Required level 30
[2025-11-03T01:10:40.076Z] ✅ Quest 41742: Required level 30
[2025-11-03T01:10:48.163Z] ✅ Quest 41818: Required level 25
[2025-11-03T01:10:53.951Z] ✅ Quest 40159: Required level 45
[2025-11-03T01:11:00.101Z] ✅ Quest 40283: Required level 40
[2025-11-03T01:11:12.266Z] ✅ Quest 673: Required level 35
[2025-11-03T01:11:18.086Z] ✅ Quest 1136: Required level 26
[2025-11-03T01:11:24.167Z] ✅ Quest 5143: Required level 40
[2025-11-03T01:11:29.817Z] ✅ Quest 5148: Required level 40
[2025-11-03T01:11:35.942Z] ✅ Quest 9184: Required level 55
[2025-11-03T01:11:42.019Z] ✅ Quest 7028: Required level 41
[2025-11-03T01:11:48.140Z] ✅ Quest 7721: Required level 45
[2025-11-03T01:11:56.155Z] 💾 Saved 202 items to turtle_db/items/armor/leather-head.json
[2025-11-03T01:11:56.155Z]   ✅ Updated 44 items in leather-head.json
[2025-11-03T01:11:56.155Z] 
📂 Processing file: mail-chest.json
[2025-11-03T01:11:56.156Z]   📊 Found 61 quest items in mail-chest.json
[2025-11-03T01:11:56.157Z]   🎯 Processing 60 unique quests
[2025-11-03T01:12:00.317Z] ✅ Quest 646: Required level 32
[2025-11-03T01:12:06.098Z] ✅ Quest 8075: Required level 58
[2025-11-03T01:12:12.100Z] ✅ Quest 8656: Required level 60
[2025-11-03T01:12:18.104Z] ✅ Quest 8622: Required level 60
[2025-11-03T01:12:30.189Z] ✅ Quest 9054: Required level 60
[2025-11-03T01:12:36.110Z] ✅ Quest 9068: Required level 60
[2025-11-03T01:12:41.887Z] ✅ Quest 41511: Required level 60
[2025-11-03T01:12:47.970Z] ✅ Quest 41503: Required level 60
[2025-11-03T01:12:54.055Z] ✅ Quest 41616: Required level 58
[2025-11-03T01:13:00.122Z] ✅ Quest 41610: Required level 58
[2025-11-03T01:13:06.125Z] ✅ Quest 1782: Required level 20
[2025-11-03T01:13:12.130Z] ✅ Quest 1848: Required level 20
[2025-11-03T01:13:17.800Z] ✅ Quest 2938: Required level 40
[2025-11-03T01:13:27.908Z] ✅ Quest 275: Required level 20
[2025-11-03T01:13:34.002Z] ✅ Quest 219: Required level 19
[2025-11-03T01:13:40.097Z] ✅ Quest 608: Required level 37
[2025-11-03T01:13:46.189Z] ✅ Quest 1380: Required level 30
[2025-11-03T01:13:56.278Z] ✅ Quest 4063: Required level 52
[2025-11-03T01:14:10.387Z] ✅ Quest 41842: Required level 29
[2025-11-03T01:14:18.488Z] ✅ Quest 307: Required level 9
[2025-11-03T01:14:26.577Z] ✅ Quest 60033: Required level 40
[2025-11-03T01:14:36.659Z] ✅ Quest 40637: Required level 20
[2025-11-03T01:14:42.754Z] ✅ Quest 40692: Required level 14
[2025-11-03T01:14:48.850Z] ✅ Quest 41074: Required level 46
[2025-11-03T01:14:54.981Z] ✅ Quest 55035: Required level 15
[2025-11-03T01:15:03.092Z] ✅ Quest 868: Required level 17
[2025-11-03T01:15:09.183Z] ✅ Quest 1081: Required level 17
[2025-11-03T01:15:17.281Z] ✅ Quest 4136: Required level 48
[2025-11-03T01:15:23.373Z] ✅ Quest 5121: Required level 52
[2025-11-03T01:15:31.481Z] ✅ Quest 7701: Required level 45
[2025-11-03T01:15:37.644Z] ✅ Quest 8464: Required level 45
[2025-11-03T01:15:45.741Z] ✅ Quest 41702: Required level 25
[2025-11-03T01:15:53.841Z] ✅ Quest 40453: Required level 27
[2025-11-03T01:15:59.938Z] ✅ Quest 40471: Required level 10
[2025-11-03T01:16:08.026Z] ✅ Quest 419: Required level 8
[2025-11-03T01:16:16.130Z] ✅ Quest 41193: Required level 3
[2025-11-03T01:16:22.194Z] ✅ Quest 60115: Required level 3
[2025-11-03T01:16:26.203Z] 💾 Saved 194 items to turtle_db/items/armor/mail-chest.json
[2025-11-03T01:16:26.205Z]   ✅ Updated 61 items in mail-chest.json
[2025-11-03T01:16:26.205Z] 
📂 Processing file: mail-legs.json
[2025-11-03T01:16:26.206Z]   📊 Found 54 quest items in mail-legs.json
[2025-11-03T01:16:26.207Z]   🎯 Processing 56 unique quests
[2025-11-03T01:16:32.320Z] ✅ Quest 8658: Required level 60
[2025-11-03T01:16:38.196Z] ✅ Quest 8730: Required level 60
[2025-11-03T01:16:44.276Z] ✅ Quest 8952: Required level 58
[2025-11-03T01:16:50.200Z] ✅ Quest 9017: Required level 58
[2025-11-03T01:16:56.281Z] ✅ Quest 8957: Required level 58
[2025-11-03T01:17:02.028Z] ✅ Quest 9055: Required level 60
[2025-11-03T01:17:14.126Z] ✅ Quest 41507: Required level 60
[2025-11-03T01:17:24.225Z] ✅ Quest 41611: Required level 58
[2025-11-03T01:17:30.211Z] ✅ Quest 166: Required level 14
[2025-11-03T01:17:40.310Z] ✅ Quest 8380: Required level 58
[2025-11-03T01:17:46.388Z] ✅ Quest 8377: Required level 58
[2025-11-03T01:18:08.486Z] ✅ Quest 1089: Required level 20
[2025-11-03T01:18:14.568Z] ✅ Quest 1711: Required level 20
[2025-11-03T01:18:20.645Z] ✅ Quest 1847: Required level 20
[2025-11-03T01:18:26.737Z] ✅ Quest 483: Required level 4
[2025-11-03T01:18:36.819Z] ✅ Quest 6621: Required level 21
[2025-11-03T01:18:42.828Z] ✅ Quest 41849: Required level 28
[2025-11-03T01:18:48.910Z] ✅ Quest 40203: Required level 5
[2025-11-03T01:18:54.992Z] ✅ Quest 40334: Required level 30
[2025-11-03T01:19:01.083Z] ✅ Quest 40971: Required level 35
[2025-11-03T01:19:07.163Z] ✅ Quest 471: Required level 18
[2025-11-03T01:19:15.248Z] ✅ Quest 547: Required level 26
[2025-11-03T01:19:21.329Z] ✅ Quest 682: Required level 30
[2025-11-03T01:19:27.403Z] ✅ Quest 176: Required level 5
[2025-11-03T01:19:33.519Z] ✅ Quest 4292: Required level 48
[2025-11-03T01:19:39.610Z] ✅ Quest 5147: Required level 25
[2025-11-03T01:19:45.704Z] ✅ Quest 41252: Required level 5
[2025-11-03T01:19:51.783Z] ✅ Quest 41858: Required level 28
[2025-11-03T01:20:01.868Z] ✅ Quest 40527: Required level 40
[2025-11-03T01:20:09.964Z] ✅ Quest 398: Required level 6
[2025-11-03T01:20:16.059Z] ✅ Quest 7884: Required level 30
[2025-11-03T01:20:22.152Z] ✅ Quest 3376: Required level 3
[2025-11-03T01:20:28.286Z] ✅ Quest 3901: Required level 1
[2025-11-03T01:20:32.294Z] 💾 Saved 221 items to turtle_db/items/armor/mail-legs.json
[2025-11-03T01:20:32.294Z]   ✅ Updated 54 items in mail-legs.json
[2025-11-03T01:20:32.295Z] 
📂 Processing file: plate-hands.json
[2025-11-03T01:20:32.295Z]   📊 Found 27 quest items in plate-hands.json
[2025-11-03T01:20:32.296Z]   🎯 Processing 27 unique quests
[2025-11-03T01:20:36.370Z] ✅ Quest 8937: Required level 58
[2025-11-03T01:20:42.493Z] ✅ Quest 8944: Required level 58
[2025-11-03T01:20:48.622Z] ✅ Quest 8933: Required level 58
[2025-11-03T01:20:54.705Z] ✅ Quest 9040: Required level 60
[2025-11-03T01:21:00.785Z] ✅ Quest 9048: Required level 60
[2025-11-03T01:21:06.867Z] ✅ Quest 9234: Required level 60
[2025-11-03T01:21:12.945Z] ✅ Quest 41497: Required level 60
[2025-11-03T01:21:19.023Z] ✅ Quest 41489: Required level 60
[2025-11-03T01:21:25.110Z] ✅ Quest 41446: Required level 60
[2025-11-03T01:21:31.237Z] ✅ Quest 41438: Required level 60
[2025-11-03T01:21:37.322Z] ✅ Quest 5124: Required level 55
[2025-11-03T01:21:45.327Z] ✅ Quest 7029: Required level 41
[2025-11-03T01:21:51.415Z] ✅ Quest 7041: Required level 41
[2025-11-03T01:21:57.487Z] ✅ Quest 1318: Required level 60
[2025-11-03T01:22:03.564Z] ✅ Quest 7703: Required level 60
[2025-11-03T01:22:11.645Z] ✅ Quest 9094: Required level 50
[2025-11-03T01:22:17.724Z] ✅ Quest 9333: Required level 50
[2025-11-03T01:22:27.827Z] ✅ Quest 2773: Required level 40
[2025-11-03T01:22:33.919Z] ✅ Quest 2845: Required level 44
[2025-11-03T01:22:41.999Z] ✅ Quest 7723: Required level 45
[2025-11-03T01:22:48.007Z] 💾 Saved 134 items to turtle_db/items/armor/plate-hands.json
[2025-11-03T01:22:48.007Z]   ✅ Updated 27 items in plate-hands.json
[2025-11-03T01:22:48.007Z] 
📂 Processing file: cloth-feet.json
[2025-11-03T01:22:48.009Z]   📊 Found 70 quest items in cloth-feet.json
[2025-11-03T01:22:48.009Z]   🎯 Processing 64 unique quests
[2025-11-03T01:22:52.084Z] ✅ Quest 8660: Required level 60
[2025-11-03T01:22:58.164Z] ✅ Quest 8634: Required level 60
[2025-11-03T01:23:04.243Z] ✅ Quest 8596: Required level 60
[2025-11-03T01:23:14.328Z] ✅ Quest 9099: Required level 60
[2025-11-03T01:23:20.419Z] ✅ Quest 9107: Required level 60
[2025-11-03T01:23:26.355Z] ✅ Quest 9115: Required level 60
[2025-11-03T01:23:32.539Z] ✅ Quest 41483: Required level 60
[2025-11-03T01:23:38.358Z] ✅ Quest 41474: Required level 60
[2025-11-03T01:23:44.437Z] ✅ Quest 41624: Required level 58
[2025-11-03T01:23:50.362Z] ✅ Quest 41600: Required level 58
[2025-11-03T01:23:56.251Z] ✅ Quest 41432: Required level 60
[2025-11-03T01:24:02.331Z] ✅ Quest 41424: Required level 60
[2025-11-03T01:24:08.421Z] ✅ Quest 41588: Required level 58
[2025-11-03T01:24:14.370Z] ✅ Quest 40747: Required level 1
[2025-11-03T01:24:28.458Z] ✅ Quest 41466: Required level 60
[2025-11-03T01:24:34.534Z] ✅ Quest 41458: Required level 60
[2025-11-03T01:24:40.616Z] ✅ Quest 3882: Required level 49
[2025-11-03T01:24:46.707Z] ✅ Quest 41634: Required level 24
[2025-11-03T01:24:52.784Z] ✅ Quest 40982: Required level 35
[2025-11-03T01:24:58.876Z] ✅ Quest 508: Required level 29
[2025-11-03T01:25:04.969Z] ✅ Quest 331: Required level 30
[2025-11-03T01:25:11.052Z] ✅ Quest 256: Required level 17
[2025-11-03T01:25:19.131Z] ✅ Quest 1457: Required level 30
[2025-11-03T01:25:25.219Z] ✅ Quest 1177: Required level 32
[2025-11-03T01:25:31.298Z] ✅ Quest 836: Required level 43
[2025-11-03T01:25:37.380Z] ✅ Quest 2987: Required level 38
[2025-11-03T01:25:43.480Z] ✅ Quest 2418: Required level 30
[2025-11-03T01:25:49.591Z] ✅ Quest 1172: Required level 38
[2025-11-03T01:25:55.673Z] ✅ Quest 4513: Required level 48
[2025-11-03T01:26:01.749Z] ✅ Quest 4966: Required level 23
[2025-11-03T01:26:07.842Z] ✅ Quest 5561: Required level 30
[2025-11-03T01:26:13.924Z] ✅ Quest 41251: Required level 5
[2025-11-03T01:26:19.929Z] ✅ Quest 41656: Required level 30
[2025-11-03T01:26:26.018Z] ✅ Quest 1199: Required level 20
[2025-11-03T01:26:34.130Z] ✅ Quest 9190: Required level 55
[2025-11-03T01:26:40.273Z] ✅ Quest 8225: Required level 1
[2025-11-03T01:26:52.379Z] ✅ Quest 40498: Required level 50
[2025-11-03T01:26:58.449Z] ✅ Quest 40636: Required level 20
[2025-11-03T01:27:04.531Z] ✅ Quest 416: Required level 10
[2025-11-03T01:27:12.628Z] ✅ Quest 825: Required level 3
[2025-11-03T01:27:16.644Z] 🔄 Retrying quest 697 in 5 seconds...
[2025-11-03T01:28:36.998Z] 🔄 Retrying quest 697 in 7 seconds...
[2025-11-03T01:28:44.010Z] 🔄 Retrying quest 697 in 9 seconds...
[2025-11-03T01:28:55.024Z] 🔄 Retrying quest 6381 in 5 seconds...
[2025-11-03T01:29:00.030Z] 🔄 Retrying quest 6381 in 7 seconds...
[2025-11-03T01:29:07.035Z] 🔄 Retrying quest 6381 in 9 seconds...
[2025-11-03T01:29:18.047Z] 🔄 Retrying quest 41150 in 5 seconds...
[2025-11-03T01:29:23.051Z] 🔄 Retrying quest 41150 in 7 seconds...
[2025-11-03T01:29:34.503Z] 🔄 Retrying quest 41150 in 9 seconds...
[2025-11-03T01:29:45.511Z] 🔄 Retrying quest 33 in 5 seconds...
[2025-11-03T01:29:50.514Z] 🔄 Retrying quest 33 in 7 seconds...
[2025-11-03T01:29:57.518Z] 🔄 Retrying quest 33 in 9 seconds...
[2025-11-03T01:30:08.527Z] 🔄 Retrying quest 932 in 5 seconds...
[2025-11-03T01:30:13.529Z] 🔄 Retrying quest 932 in 7 seconds...
[2025-11-03T01:30:20.530Z] 🔄 Retrying quest 932 in 9 seconds...
[2025-11-03T01:30:31.539Z] 🔄 Retrying quest 437 in 5 seconds...
[2025-11-03T01:30:36.542Z] 🔄 Retrying quest 437 in 7 seconds...
[2025-11-03T01:30:43.545Z] 🔄 Retrying quest 437 in 9 seconds...
[2025-11-03T01:30:54.551Z] 🔄 Retrying quest 788 in 5 seconds...
[2025-11-03T01:30:59.553Z] 🔄 Retrying quest 788 in 7 seconds...
[2025-11-03T01:31:06.555Z] 🔄 Retrying quest 788 in 9 seconds...
[2025-11-03T01:45:07.709Z] 🔄 Retrying quest 170 in 5 seconds...
[2025-11-03T01:45:12.709Z] 🔄 Retrying quest 170 in 7 seconds...
[2025-11-03T01:45:19.711Z] 🔄 Retrying quest 170 in 9 seconds...
[2025-11-03T01:45:30.720Z] 🔄 Retrying quest 4681 in 5 seconds...
[2025-11-03T01:45:35.722Z] 🔄 Retrying quest 4681 in 7 seconds...
[2025-11-03T01:45:42.724Z] 🔄 Retrying quest 4681 in 9 seconds...
[2025-11-03T02:01:06.339Z] 🔄 Retrying quest 60148 in 5 seconds...
[2025-11-03T02:01:11.342Z] 🔄 Retrying quest 60148 in 7 seconds...
[2025-11-03T02:01:18.344Z] 🔄 Retrying quest 60148 in 9 seconds...
[2025-11-03T02:01:31.355Z] 💾 Saved 357 items to turtle_db/items/armor/cloth-feet.json
[2025-11-03T02:01:31.355Z]   ✅ Updated 60 items in cloth-feet.json
[2025-11-03T02:01:31.355Z] ✅ Skipping already completed file: 1h-maces.json
[2025-11-03T02:01:31.355Z] 
📂 Processing file: bows.json
[2025-11-03T02:01:31.356Z]   📊 Found 22 quest items in bows.json
[2025-11-03T02:01:31.357Z]   🎯 Processing 25 unique quests
[2025-11-03T02:01:31.357Z] 🔄 Retrying quest 6187 in 5 seconds...
[2025-11-03T02:01:36.358Z] 🔄 Retrying quest 6187 in 7 seconds...
[2025-11-03T02:01:43.361Z] 🔄 Retrying quest 6187 in 9 seconds...
[2025-11-03T02:17:51.447Z] 🔄 Retrying quest 6148 in 5 seconds...
[2025-11-03T02:17:56.451Z] 🔄 Retrying quest 6148 in 7 seconds...
[2025-11-03T02:18:03.455Z] 🔄 Retrying quest 6148 in 9 seconds...
[2025-11-03T02:18:14.462Z] 🔄 Retrying quest 40722 in 5 seconds...
[2025-11-03T02:18:19.465Z] 🔄 Retrying quest 40722 in 7 seconds...
[2025-11-03T02:18:26.467Z] 🔄 Retrying quest 40722 in 9 seconds...
[2025-11-03T02:18:37.474Z] 🔄 Retrying quest 257 in 5 seconds...
[2025-11-03T02:18:42.475Z] 🔄 Retrying quest 257 in 7 seconds...
[2025-11-03T02:18:49.479Z] 🔄 Retrying quest 257 in 9 seconds...
[2025-11-03T02:19:00.487Z] 🔄 Retrying quest 296 in 5 seconds...
[2025-11-03T02:19:05.491Z] 🔄 Retrying quest 296 in 7 seconds...
[2025-11-03T02:19:12.494Z] 🔄 Retrying quest 296 in 9 seconds...
[2025-11-03T02:19:25.506Z] 🔄 Retrying quest 855 in 5 seconds...
[2025-11-03T02:19:30.508Z] 🔄 Retrying quest 855 in 7 seconds...
[2025-11-03T02:19:37.512Z] 🔄 Retrying quest 855 in 9 seconds...
[2025-11-03T02:19:48.517Z] 🔄 Retrying quest 1044 in 5 seconds...
[2025-11-03T02:19:53.521Z] 🔄 Retrying quest 1044 in 7 seconds...
[2025-11-03T02:20:00.525Z] 🔄 Retrying quest 1044 in 9 seconds...
[2025-11-03T02:20:11.533Z] 🔄 Retrying quest 1197 in 5 seconds...
[2025-11-03T02:20:16.537Z] 🔄 Retrying quest 1197 in 7 seconds...
[2025-11-03T02:20:23.540Z] 🔄 Retrying quest 1197 in 9 seconds...
[2025-11-03T02:20:34.547Z] 🔄 Retrying quest 208 in 5 seconds...
[2025-11-03T02:20:39.551Z] 🔄 Retrying quest 208 in 7 seconds...
[2025-11-03T02:20:46.553Z] 🔄 Retrying quest 208 in 9 seconds...
[2025-11-03T02:20:57.561Z] 🔄 Retrying quest 7064 in 5 seconds...
[2025-11-03T02:21:02.563Z] 🔄 Retrying quest 7064 in 7 seconds...
[2025-11-03T02:21:09.566Z] 🔄 Retrying quest 7064 in 9 seconds...
[2025-11-03T02:21:20.574Z] 🔄 Retrying quest 7065 in 5 seconds...
[2025-11-03T02:21:25.576Z] 🔄 Retrying quest 7065 in 7 seconds...
[2025-11-03T02:21:32.579Z] 🔄 Retrying quest 7065 in 9 seconds...
[2025-11-03T02:21:43.584Z] 🔄 Retrying quest 7847 in 5 seconds...
[2025-11-03T02:21:48.587Z] 🔄 Retrying quest 7847 in 7 seconds...
[2025-11-03T02:21:55.591Z] 🔄 Retrying quest 7847 in 9 seconds...
[2025-11-03T02:22:06.599Z] 🔄 Retrying quest 8283 in 5 seconds...
[2025-11-03T02:22:11.603Z] 🔄 Retrying quest 8283 in 7 seconds...
[2025-11-03T02:22:18.605Z] 🔄 Retrying quest 8283 in 9 seconds...
[2025-11-03T02:22:31.617Z] 🔄 Retrying quest 80393 in 5 seconds...
[2025-11-03T02:22:36.621Z] 🔄 Retrying quest 80393 in 7 seconds...
[2025-11-03T02:22:43.624Z] 🔄 Retrying quest 80393 in 9 seconds...
[2025-11-03T02:22:54.634Z] 🔄 Retrying quest 41646 in 5 seconds...
[2025-11-03T02:35:14.373Z] 🔄 Retrying quest 41646 in 7 seconds...
[2025-11-03T02:35:21.380Z] 🔄 Retrying quest 41646 in 9 seconds...
[2025-11-03T02:35:32.388Z] 🔄 Retrying quest 40226 in 5 seconds...
[2025-11-03T02:35:37.393Z] 🔄 Retrying quest 40226 in 7 seconds...
[2025-11-03T02:35:44.396Z] 🔄 Retrying quest 40226 in 9 seconds...
[2025-11-03T02:35:55.403Z] 🔄 Retrying quest 40263 in 5 seconds...
[2025-11-03T02:36:00.405Z] 🔄 Retrying quest 40263 in 7 seconds...
[2025-11-03T02:36:07.409Z] 🔄 Retrying quest 40263 in 9 seconds...
[2025-11-03T02:36:18.417Z] 🔄 Retrying quest 40806 in 5 seconds...
[2025-11-03T02:36:23.420Z] 🔄 Retrying quest 40806 in 7 seconds...
[2025-11-03T02:36:30.422Z] 🔄 Retrying quest 40806 in 9 seconds...
[2025-11-03T02:36:41.430Z] 🔄 Retrying quest 40812 in 5 seconds...
[2025-11-03T02:36:46.431Z] 🔄 Retrying quest 40812 in 7 seconds...
[2025-11-03T02:36:53.434Z] 🔄 Retrying quest 40812 in 9 seconds...
[2025-11-03T02:37:04.441Z] 🔄 Retrying quest 835 in 5 seconds...
[2025-11-03T02:37:09.445Z] 🔄 Retrying quest 835 in 7 seconds...
[2025-11-03T02:37:16.448Z] 🔄 Retrying quest 835 in 9 seconds...
[2025-11-03T02:37:27.456Z] 🔄 Retrying quest 935 in 5 seconds...
[2025-11-03T02:37:32.460Z] 🔄 Retrying quest 935 in 7 seconds...
[2025-11-03T02:37:39.464Z] 🔄 Retrying quest 935 in 9 seconds...
[2025-11-03T02:37:52.474Z] 🔄 Retrying quest 80204 in 5 seconds...
[2025-11-03T02:37:57.478Z] 🔄 Retrying quest 80204 in 7 seconds...
[2025-11-03T02:38:04.482Z] 🔄 Retrying quest 80204 in 9 seconds...
[2025-11-03T02:38:15.491Z] 💾 Saved 143 items to turtle_db/items/weapons/bows.json
[2025-11-03T02:38:15.493Z]   ✅ Updated 3 items in bows.json
[2025-11-03T02:38:15.493Z] 
📂 Processing file: polearms.json
[2025-11-03T02:38:15.494Z]   📊 Found 11 quest items in polearms.json
[2025-11-03T02:38:15.494Z]   🎯 Processing 12 unique quests
[2025-11-03T02:38:17.498Z] 🔄 Retrying quest 40565 in 5 seconds...
[2025-11-03T02:38:22.501Z] 🔄 Retrying quest 40565 in 7 seconds...
[2025-11-03T02:38:29.504Z] 🔄 Retrying quest 40565 in 9 seconds...
[2025-11-03T02:38:40.512Z] 🔄 Retrying quest 41038 in 5 seconds...
[2025-11-03T02:38:45.514Z] 🔄 Retrying quest 41038 in 7 seconds...
[2025-11-03T02:38:52.517Z] 🔄 Retrying quest 41038 in 9 seconds...
[2025-11-03T02:39:03.524Z] 🔄 Retrying quest 41143 in 5 seconds...
[2025-11-03T02:39:08.526Z] 🔄 Retrying quest 41143 in 7 seconds...
[2025-11-03T02:39:15.530Z] 🔄 Retrying quest 41143 in 9 seconds...
[2025-11-03T02:39:32.546Z] 🔄 Retrying quest 40036 in 5 seconds...
[2025-11-03T02:39:37.550Z] 🔄 Retrying quest 40036 in 7 seconds...
[2025-11-03T02:39:44.554Z] 🔄 Retrying quest 40036 in 9 seconds...
[2025-11-03T02:39:55.563Z] 🔄 Retrying quest 40328 in 5 seconds...
[2025-11-03T02:40:00.567Z] 🔄 Retrying quest 40328 in 7 seconds...
[2025-11-03T02:40:07.571Z] 🔄 Retrying quest 40328 in 9 seconds...
[2025-11-03T02:40:18.580Z] 🔄 Retrying quest 40449 in 5 seconds...
[2025-11-03T02:40:23.584Z] 🔄 Retrying quest 40449 in 7 seconds...
[2025-11-03T02:40:30.586Z] 🔄 Retrying quest 40449 in 9 seconds...
[2025-11-03T02:40:41.594Z] 🔄 Retrying quest 40975 in 5 seconds...
[2025-11-03T02:40:46.597Z] 🔄 Retrying quest 40975 in 7 seconds...
[2025-11-03T02:40:53.601Z] 🔄 Retrying quest 40975 in 9 seconds...
[2025-11-03T02:41:04.610Z] 💾 Saved 75 items to turtle_db/items/weapons/polearms.json
[2025-11-03T02:41:04.612Z]   ✅ Updated 3 items in polearms.json
[2025-11-03T02:41:04.612Z] ✅ Skipping already completed file: 1h-axes.json
[2025-11-03T02:41:04.612Z] 
📂 Processing file: 1h-swords.json
[2025-11-03T02:41:04.614Z]   📊 Found 63 quest items in 1h-swords.json
[2025-11-03T02:41:04.614Z]   🎯 Processing 68 unique quests
[2025-11-03T02:41:04.615Z] 🔄 Retrying quest 7509 in 5 seconds...
[2025-11-03T02:41:09.618Z] 🔄 Retrying quest 7509 in 7 seconds...
[2025-11-03T02:41:16.621Z] 🔄 Retrying quest 7509 in 9 seconds...
[2025-11-03T02:41:27.629Z] 🔄 Retrying quest 7787 in 5 seconds...
[2025-11-03T02:41:32.632Z] 🔄 Retrying quest 7787 in 7 seconds...
[2025-11-03T02:41:39.636Z] 🔄 Retrying quest 7787 in 9 seconds...
[2025-11-03T02:41:50.645Z] 🔄 Retrying quest 8711 in 5 seconds...
[2025-11-03T02:41:55.648Z] 🔄 Retrying quest 8711 in 7 seconds...
[2025-11-03T02:42:02.651Z] 🔄 Retrying quest 8711 in 9 seconds...
[2025-11-03T02:50:41.478Z] 🔄 Retrying quest 8707 in 5 seconds...
[2025-11-03T02:50:46.476Z] 🔄 Retrying quest 8707 in 7 seconds...
[2025-11-03T02:50:53.475Z] 🔄 Retrying quest 8707 in 9 seconds...
[2025-11-03T02:51:04.480Z] 🔄 Retrying quest 8745 in 5 seconds...
[2025-11-03T02:51:09.483Z] 🔄 Retrying quest 8745 in 7 seconds...
[2025-11-03T02:51:16.484Z] 🔄 Retrying quest 8745 in 9 seconds...
[2025-11-03T02:51:27.491Z] 🔄 Retrying quest 5265 in 5 seconds...
[2025-11-03T02:51:32.495Z] 🔄 Retrying quest 5265 in 7 seconds...
[2025-11-03T02:51:39.498Z] 🔄 Retrying quest 5265 in 9 seconds...
[2025-11-03T02:51:50.507Z] 🔄 Retrying quest 41814 in 5 seconds...
[2025-11-03T02:51:55.512Z] 🔄 Retrying quest 41814 in 7 seconds...
[2025-11-03T02:52:02.516Z] 🔄 Retrying quest 41814 in 9 seconds...
[2025-11-03T03:08:10.202Z] 🔄 Retrying quest 40401 in 5 seconds...
[2025-11-03T03:08:15.200Z] 🔄 Retrying quest 40401 in 7 seconds...
[2025-11-03T03:08:22.202Z] 🔄 Retrying quest 40401 in 9 seconds...
[2025-11-03T03:08:35.211Z] 🔄 Retrying quest 41026 in 5 seconds...
[2025-11-03T03:08:40.214Z] 🔄 Retrying quest 41026 in 7 seconds...
[2025-11-03T03:08:47.216Z] 🔄 Retrying quest 41026 in 9 seconds...
[2025-11-03T03:08:58.221Z] 🔄 Retrying quest 914 in 5 seconds...
[2025-11-03T03:09:03.225Z] 🔄 Retrying quest 914 in 7 seconds...
[2025-11-03T03:09:10.227Z] 🔄 Retrying quest 914 in 9 seconds...
[2025-11-03T03:09:23.241Z] 🔄 Retrying quest 1053 in 5 seconds...
[2025-11-03T03:09:28.245Z] 🔄 Retrying quest 1053 in 7 seconds...
[2025-11-03T03:09:35.248Z] 🔄 Retrying quest 1053 in 9 seconds...
[2025-11-03T03:09:50.266Z] 🔄 Retrying quest 5056 in 5 seconds...
[2025-11-03T03:09:55.270Z] 🔄 Retrying quest 5056 in 7 seconds...
[2025-11-03T03:10:02.273Z] 🔄 Retrying quest 5056 in 9 seconds...
[2025-11-03T03:10:13.282Z] 🔄 Retrying quest 5384 in 5 seconds...
[2025-11-03T03:10:18.286Z] 🔄 Retrying quest 5384 in 7 seconds...
[2025-11-03T03:10:25.289Z] 🔄 Retrying quest 5384 in 9 seconds...
[2025-11-03T03:10:36.297Z] 🔄 Retrying quest 909 in 5 seconds...
[2025-11-03T03:25:34.266Z] 🔄 Retrying quest 909 in 7 seconds...
[2025-11-03T03:25:41.274Z] 🔄 Retrying quest 909 in 9 seconds...
[2025-11-03T03:25:52.284Z] 🔄 Retrying quest 6922 in 5 seconds...
[2025-11-03T03:25:57.290Z] 🔄 Retrying quest 6922 in 7 seconds...
[2025-11-03T03:26:04.295Z] 🔄 Retrying quest 6922 in 9 seconds...
[2025-11-03T03:26:15.302Z] 🔄 Retrying quest 9023 in 5 seconds...
[2025-11-03T03:26:20.306Z] 🔄 Retrying quest 9023 in 7 seconds...
[2025-11-03T03:26:27.310Z] 🔄 Retrying quest 9023 in 9 seconds...
[2025-11-03T03:26:38.319Z] 🔄 Retrying quest 80411 in 5 seconds...
[2025-11-03T03:26:43.323Z] 🔄 Retrying quest 80411 in 7 seconds...
[2025-11-03T03:26:50.325Z] 🔄 Retrying quest 80411 in 9 seconds...
[2025-11-03T03:27:01.334Z] 🔄 Retrying quest 386 in 5 seconds...
[2025-11-03T03:27:06.338Z] 🔄 Retrying quest 386 in 7 seconds...
[2025-11-03T03:27:13.342Z] 🔄 Retrying quest 386 in 9 seconds...
[2025-11-03T03:27:24.351Z] 🔄 Retrying quest 258 in 5 seconds...
[2025-11-03T03:27:29.355Z] 🔄 Retrying quest 258 in 7 seconds...
[2025-11-03T03:27:36.359Z] 🔄 Retrying quest 258 in 9 seconds...
[2025-11-03T03:27:47.368Z] 🔄 Retrying quest 762 in 5 seconds...
[2025-11-03T03:27:52.371Z] 🔄 Retrying quest 762 in 7 seconds...
[2025-11-03T03:31:24.793Z] 🔄 Retrying quest 762 in 9 seconds...
[2025-11-03T03:31:35.800Z] 🔄 Retrying quest 876 in 5 seconds...
[2025-11-03T03:31:40.804Z] 🔄 Retrying quest 876 in 7 seconds...
[2025-11-03T03:31:47.806Z] 🔄 Retrying quest 876 in 9 seconds...
[2025-11-03T03:31:58.812Z] 🔄 Retrying quest 1693 in 5 seconds...
[2025-11-03T03:32:03.815Z] 🔄 Retrying quest 1693 in 7 seconds...
[2025-11-03T03:32:10.819Z] 🔄 Retrying quest 1693 in 9 seconds...
[2025-11-03T03:32:21.827Z] 🔄 Retrying quest 1667 in 5 seconds...
[2025-11-03T03:32:26.830Z] 🔄 Retrying quest 1667 in 7 seconds...
[2025-11-03T03:32:33.834Z] 🔄 Retrying quest 1667 in 9 seconds...
[2025-11-03T03:32:44.843Z] 🔄 Retrying quest 1822 in 5 seconds...
[2025-11-03T03:32:49.847Z] 🔄 Retrying quest 1822 in 7 seconds...
[2025-11-03T03:32:56.850Z] 🔄 Retrying quest 1822 in 9 seconds...
[2025-11-03T03:33:07.860Z] 🔄 Retrying quest 3625 in 5 seconds...
[2025-11-03T03:33:12.862Z] 🔄 Retrying quest 3625 in 7 seconds...
[2025-11-03T03:33:19.866Z] 🔄 Retrying quest 3625 in 9 seconds...
[2025-11-03T03:33:30.875Z] 🔄 Retrying quest 3962 in 5 seconds...
[2025-11-03T03:33:35.879Z] 🔄 Retrying quest 3962 in 7 seconds...
[2025-11-03T03:33:42.883Z] 🔄 Retrying quest 3962 in 9 seconds...
[2025-11-03T03:33:53.890Z] 🔄 Retrying quest 4322 in 5 seconds...
[2025-11-03T03:33:58.894Z] 🔄 Retrying quest 4322 in 7 seconds...
[2025-11-03T03:34:05.898Z] 🔄 Retrying quest 4322 in 9 seconds...
[2025-11-03T03:34:16.906Z] 🔄 Retrying quest 4813 in 5 seconds...
[2025-11-03T03:34:21.910Z] 🔄 Retrying quest 4813 in 7 seconds...
[2025-11-03T03:34:28.914Z] 🔄 Retrying quest 4813 in 9 seconds...
[2025-11-03T03:34:43.933Z] 🔄 Retrying quest 6024 in 5 seconds...
[2025-11-03T03:34:48.937Z] 🔄 Retrying quest 6024 in 7 seconds...
[2025-11-03T03:34:55.940Z] 🔄 Retrying quest 6024 in 9 seconds...
[2025-11-03T03:35:06.947Z] 🔄 Retrying quest 6284 in 5 seconds...
[2025-11-03T03:35:11.952Z] 🔄 Retrying quest 6284 in 7 seconds...
[2025-11-03T03:35:18.956Z] 🔄 Retrying quest 6284 in 9 seconds...
[2025-11-03T03:35:29.965Z] 🔄 Retrying quest 2561 in 5 seconds...
[2025-11-03T03:35:34.967Z] 🔄 Retrying quest 2561 in 7 seconds...
[2025-11-03T03:35:41.970Z] 🔄 Retrying quest 2561 in 9 seconds...
[2025-11-03T03:43:07.428Z] 🔄 Retrying quest 41768 in 5 seconds...
[2025-11-03T03:43:12.432Z] 🔄 Retrying quest 41768 in 7 seconds...
[2025-11-03T03:43:19.435Z] 🔄 Retrying quest 41768 in 9 seconds...
[2025-11-03T03:43:34.451Z] 🔄 Retrying quest 40602 in 5 seconds...
[2025-11-03T03:43:39.455Z] 🔄 Retrying quest 40602 in 7 seconds...
[2025-11-03T03:43:46.459Z] 🔄 Retrying quest 40602 in 9 seconds...
[2025-11-03T03:43:57.466Z] 🔄 Retrying quest 55051 in 5 seconds...
[2025-11-03T03:58:09.224Z] 🔄 Retrying quest 55051 in 7 seconds...
[2025-11-03T03:58:16.227Z] 🔄 Retrying quest 55051 in 9 seconds...
[2025-11-03T03:58:27.233Z] 🔄 Retrying quest 214 in 5 seconds...
[2025-11-03T03:58:32.235Z] 🔄 Retrying quest 214 in 7 seconds...
[2025-11-03T03:58:39.237Z] 🔄 Retrying quest 214 in 9 seconds...
[2025-11-03T03:58:52.249Z] 🔄 Retrying quest 381 in 5 seconds...
[2025-11-03T03:58:57.253Z] 🔄 Retrying quest 381 in 7 seconds...
[2025-11-03T03:59:04.257Z] 🔄 Retrying quest 381 in 9 seconds...
[2025-11-03T03:59:15.268Z] 🔄 Retrying quest 435 in 5 seconds...
[2025-11-03T03:59:20.271Z] 🔄 Retrying quest 435 in 7 seconds...
[2025-11-03T03:59:27.273Z] 🔄 Retrying quest 435 in 9 seconds...
[2025-11-03T03:59:38.282Z] 🔄 Retrying quest 442 in 5 seconds...
[2025-11-03T03:59:43.286Z] 🔄 Retrying quest 442 in 7 seconds...
[2025-11-03T03:59:50.289Z] 🔄 Retrying quest 442 in 9 seconds...
[2025-11-03T04:00:03.301Z] 🔄 Retrying quest 41260 in 5 seconds...
[2025-11-03T04:00:08.306Z] 🔄 Retrying quest 41260 in 7 seconds...
[2025-11-03T04:00:15.310Z] 🔄 Retrying quest 41260 in 9 seconds...
[2025-11-03T04:00:26.317Z] 🔄 Retrying quest 1682 in 5 seconds...
[2025-11-03T04:00:31.320Z] 🔄 Retrying quest 1682 in 7 seconds...
[2025-11-03T04:00:38.324Z] 🔄 Retrying quest 1682 in 9 seconds...
[2025-11-03T04:00:49.331Z] 🔄 Retrying quest 1503 in 5 seconds...
[2025-11-03T04:00:54.335Z] 🔄 Retrying quest 1503 in 7 seconds...
[2025-11-03T04:15:05.049Z] 🔄 Retrying quest 1503 in 9 seconds...
[2025-11-03T04:15:16.053Z] 🔄 Retrying quest 5385 in 5 seconds...
[2025-11-03T04:15:21.054Z] 🔄 Retrying quest 5385 in 7 seconds...
[2025-11-03T04:15:28.056Z] 🔄 Retrying quest 5385 in 9 seconds...
[2025-11-03T04:15:39.061Z] 🔄 Retrying quest 6544 in 5 seconds...
[2025-11-03T04:15:44.064Z] 🔄 Retrying quest 6544 in 7 seconds...
[2025-11-03T04:15:51.067Z] 🔄 Retrying quest 6544 in 9 seconds...
[2025-11-03T04:16:02.075Z] 🔄 Retrying quest 7003 in 5 seconds...
[2025-11-03T04:16:07.078Z] 🔄 Retrying quest 7003 in 7 seconds...
[2025-11-03T04:16:14.082Z] 🔄 Retrying quest 7003 in 9 seconds...
[2025-11-03T04:16:25.089Z] 🔄 Retrying quest 41158 in 5 seconds...
[2025-11-03T04:16:30.093Z] 🔄 Retrying quest 41158 in 7 seconds...
[2025-11-03T04:16:37.097Z] 🔄 Retrying quest 41158 in 9 seconds...
[2025-11-03T04:16:48.104Z] 🔄 Retrying quest 80409 in 5 seconds...
[2025-11-03T04:16:53.108Z] 🔄 Retrying quest 80409 in 7 seconds...
[2025-11-03T04:17:00.112Z] 🔄 Retrying quest 80409 in 9 seconds...
[2025-11-03T04:17:11.119Z] 🔄 Retrying quest 40075 in 5 seconds...
[2025-11-03T04:17:16.123Z] 🔄 Retrying quest 40075 in 7 seconds...
[2025-11-03T04:17:23.126Z] 🔄 Retrying quest 40075 in 9 seconds...
[2025-11-03T04:17:36.140Z] 🔄 Retrying quest 46 in 5 seconds...
[2025-11-03T04:17:41.144Z] 🔄 Retrying quest 46 in 7 seconds...
[2025-11-03T04:32:24.792Z] 🔄 Retrying quest 46 in 9 seconds...
[2025-11-03T04:32:35.793Z] 🔄 Retrying quest 18 in 5 seconds...
[2025-11-03T04:32:40.793Z] 🔄 Retrying quest 18 in 7 seconds...
[2025-11-03T04:32:47.795Z] 🔄 Retrying quest 18 in 9 seconds...
[2025-11-03T04:32:58.801Z] 🔄 Retrying quest 916 in 5 seconds...
[2025-11-03T04:33:03.803Z] 🔄 Retrying quest 916 in 7 seconds...
[2025-11-03T04:33:10.804Z] 🔄 Retrying quest 916 in 9 seconds...
[2025-11-03T04:33:21.813Z] 🔄 Retrying quest 41192 in 5 seconds...
[2025-11-03T04:33:26.817Z] 🔄 Retrying quest 41192 in 7 seconds...
[2025-11-03T04:33:33.821Z] 🔄 Retrying quest 41192 in 9 seconds...
[2025-11-03T04:33:44.829Z] 🔄 Retrying quest 41217 in 5 seconds...
[2025-11-03T04:33:49.831Z] 🔄 Retrying quest 41217 in 7 seconds...
[2025-11-03T04:33:56.834Z] 🔄 Retrying quest 41217 in 9 seconds...
[2025-11-03T04:34:07.848Z] 💾 Saved 348 items to turtle_db/items/weapons/1h-swords.json
[2025-11-03T04:34:07.850Z]   ✅ Updated 9 items in 1h-swords.json
[2025-11-03T04:34:07.850Z] 
📂 Processing file: staves.json
[2025-11-03T04:34:07.852Z]   📊 Found 73 quest items in staves.json
[2025-11-03T04:34:07.852Z]   🎯 Processing 79 unique quests
[2025-11-03T04:34:07.853Z] 🔄 Retrying quest 8790 in 5 seconds...
[2025-11-03T04:34:12.855Z] 🔄 Retrying quest 8790 in 7 seconds...
[2025-11-03T04:34:19.859Z] 🔄 Retrying quest 8790 in 9 seconds...
[2025-11-03T04:34:30.867Z] 🔄 Retrying quest 9270 in 5 seconds...
[2025-11-03T04:48:10.390Z] 🔄 Retrying quest 9270 in 7 seconds...
[2025-11-03T04:48:17.391Z] 🔄 Retrying quest 9270 in 9 seconds...
[2025-11-03T04:48:28.395Z] 🔄 Retrying quest 9271 in 5 seconds...
[2025-11-03T04:48:33.398Z] 🔄 Retrying quest 9271 in 7 seconds...
[2025-11-03T04:48:40.401Z] 🔄 Retrying quest 9271 in 9 seconds...
[2025-11-03T04:48:51.407Z] 🔄 Retrying quest 9257 in 5 seconds...
[2025-11-03T04:48:56.410Z] 🔄 Retrying quest 9257 in 7 seconds...
[2025-11-03T04:49:03.413Z] 🔄 Retrying quest 9257 in 9 seconds...
[2025-11-03T04:49:14.419Z] 🔄 Retrying quest 9269 in 5 seconds...
[2025-11-03T04:49:19.421Z] 🔄 Retrying quest 9269 in 7 seconds...
[2025-11-03T04:49:26.423Z] 🔄 Retrying quest 9269 in 9 seconds...
[2025-11-03T04:49:37.432Z] 🔄 Retrying quest 40254 in 5 seconds...
[2025-11-03T04:49:42.436Z] 🔄 Retrying quest 40254 in 7 seconds...
[2025-11-03T04:49:49.440Z] 🔄 Retrying quest 40254 in 9 seconds...
[2025-11-03T04:50:02.452Z] 🔄 Retrying quest 1958 in 5 seconds...
[2025-11-03T04:50:07.454Z] 🔄 Retrying quest 1958 in 7 seconds...
[2025-11-03T04:50:14.457Z] 🔄 Retrying quest 1958 in 9 seconds...
[2025-11-03T04:50:25.465Z] 🔄 Retrying quest 4771 in 5 seconds...
[2025-11-03T04:50:30.468Z] 🔄 Retrying quest 4771 in 7 seconds...
[2025-11-03T04:50:37.472Z] 🔄 Retrying quest 4771 in 9 seconds...
[2025-11-03T05:01:06.814Z] 🔄 Retrying quest 9053 in 5 seconds...
[2025-11-03T05:01:11.818Z] 🔄 Retrying quest 9053 in 7 seconds...
[2025-11-03T05:01:18.822Z] 🔄 Retrying quest 9053 in 9 seconds...
[2025-11-03T05:01:29.827Z] 🔄 Retrying quest 60116 in 5 seconds...
[2025-11-03T05:01:34.828Z] 🔄 Retrying quest 60116 in 7 seconds...
[2025-11-03T05:01:41.831Z] 🔄 Retrying quest 60116 in 9 seconds...
[2025-11-03T05:01:52.838Z] 🔄 Retrying quest 40214 in 5 seconds...
[2025-11-03T05:01:57.840Z] 🔄 Retrying quest 40214 in 7 seconds...
[2025-11-03T05:02:04.842Z] 🔄 Retrying quest 40214 in 9 seconds...
[2025-11-03T05:02:19.857Z] 🔄 Retrying quest 41257 in 5 seconds...
[2025-11-03T05:02:24.859Z] 🔄 Retrying quest 41257 in 7 seconds...
[2025-11-03T05:02:31.863Z] 🔄 Retrying quest 41257 in 9 seconds...
[2025-11-03T05:02:42.870Z] 🔄 Retrying quest 1880 in 5 seconds...
[2025-11-03T05:02:47.874Z] 🔄 Retrying quest 1880 in 7 seconds...
[2025-11-03T05:02:54.877Z] 🔄 Retrying quest 1880 in 9 seconds...
[2025-11-03T05:03:05.887Z] 🔄 Retrying quest 1882 in 5 seconds...
[2025-11-03T05:03:10.890Z] 🔄 Retrying quest 1882 in 7 seconds...
[2025-11-03T05:03:17.893Z] 🔄 Retrying quest 1882 in 9 seconds...
[2025-11-03T05:18:09.530Z] 🔄 Retrying quest 3129 in 5 seconds...
[2025-11-03T05:18:14.533Z] 🔄 Retrying quest 3129 in 7 seconds...
[2025-11-03T05:18:21.537Z] 🔄 Retrying quest 3129 in 9 seconds...
[2025-11-03T05:18:32.545Z] 🔄 Retrying quest 8422 in 5 seconds...
[2025-11-03T05:18:37.547Z] 🔄 Retrying quest 8422 in 7 seconds...
[2025-11-03T05:18:44.551Z] 🔄 Retrying quest 8422 in 9 seconds...
[2025-11-03T05:33:25.373Z] 🔄 Retrying quest 8413 in 5 seconds...
[2025-11-03T05:33:30.378Z] 🔄 Retrying quest 8413 in 7 seconds...
[2025-11-03T05:33:37.384Z] 🔄 Retrying quest 8413 in 9 seconds...
[2025-11-03T05:33:52.402Z] 🔄 Retrying quest 80312 in 5 seconds...
[2025-11-03T05:33:57.405Z] 🔄 Retrying quest 80312 in 7 seconds...
[2025-11-03T05:34:04.408Z] 🔄 Retrying quest 80312 in 9 seconds...
[2025-11-03T05:34:17.419Z] 🔄 Retrying quest 408 in 5 seconds...
[2025-11-03T05:34:22.422Z] 🔄 Retrying quest 408 in 7 seconds...
[2025-11-03T05:34:29.426Z] 🔄 Retrying quest 408 in 9 seconds...
[2025-11-03T05:34:40.434Z] 🔄 Retrying quest 480 in 5 seconds...
[2025-11-03T05:34:45.438Z] 🔄 Retrying quest 480 in 7 seconds...
[2025-11-03T05:34:52.441Z] 🔄 Retrying quest 480 in 9 seconds...
[2025-11-03T05:35:03.450Z] 🔄 Retrying quest 853 in 5 seconds...
[2025-11-03T05:35:08.454Z] 🔄 Retrying quest 853 in 7 seconds...
[2025-11-03T05:35:15.457Z] 🔄 Retrying quest 853 in 9 seconds...
[2025-11-03T05:35:26.464Z] 🔄 Retrying quest 41182 in 5 seconds...
[2025-11-03T05:35:31.467Z] 🔄 Retrying quest 41182 in 7 seconds...
[2025-11-03T05:35:48.377Z] 🔄 Retrying quest 41182 in 9 seconds...
[2025-11-03T05:35:59.384Z] 🔄 Retrying quest 1884 in 5 seconds...
[2025-11-03T05:36:04.387Z] 🔄 Retrying quest 1884 in 7 seconds...
[2025-11-03T05:36:11.391Z] 🔄 Retrying quest 1884 in 9 seconds...
[2025-11-03T05:36:22.398Z] 🔄 Retrying quest 1861 in 5 seconds...
[2025-11-03T05:36:27.402Z] 🔄 Retrying quest 1861 in 7 seconds...
[2025-11-03T05:36:34.405Z] 🔄 Retrying quest 1861 in 9 seconds...
[2025-11-03T05:36:47.420Z] 🔄 Retrying quest 8306 in 5 seconds...
[2025-11-03T05:36:52.424Z] 🔄 Retrying quest 8306 in 7 seconds...
[2025-11-03T05:36:59.428Z] 🔄 Retrying quest 8306 in 9 seconds...
[2025-11-03T05:37:12.441Z] 🔄 Retrying quest 40121 in 5 seconds...
[2025-11-03T05:37:17.445Z] 🔄 Retrying quest 40121 in 7 seconds...
[2025-11-03T05:37:24.448Z] 🔄 Retrying quest 40121 in 9 seconds...
[2025-11-03T05:37:35.457Z] 🔄 Retrying quest 40339 in 5 seconds...
[2025-11-03T05:37:40.461Z] 🔄 Retrying quest 40339 in 7 seconds...
[2025-11-03T05:37:47.463Z] 🔄 Retrying quest 40339 in 9 seconds...
[2025-11-03T05:38:00.475Z] 🔄 Retrying quest 40876 in 5 seconds...
[2025-11-03T05:52:40.317Z] 🔄 Retrying quest 40876 in 7 seconds...
[2025-11-03T05:52:47.319Z] 🔄 Retrying quest 40876 in 9 seconds...
[2025-11-03T05:52:58.327Z] 🔄 Retrying quest 40908 in 5 seconds...
[2025-11-03T05:53:03.330Z] 🔄 Retrying quest 40908 in 7 seconds...
[2025-11-03T05:53:10.337Z] 🔄 Retrying quest 40908 in 9 seconds...
[2025-11-03T05:53:21.346Z] 🔄 Retrying quest 70028 in 5 seconds...
[2025-11-03T05:53:26.349Z] 🔄 Retrying quest 70028 in 7 seconds...
[2025-11-03T05:53:33.352Z] 🔄 Retrying quest 70028 in 9 seconds...
[2025-11-03T05:53:44.361Z] 🔄 Retrying quest 80108 in 5 seconds...
[2025-11-03T05:53:49.366Z] 🔄 Retrying quest 80108 in 7 seconds...
[2025-11-03T05:53:56.369Z] 🔄 Retrying quest 80108 in 9 seconds...
[2025-11-03T05:54:07.377Z] 🔄 Retrying quest 760 in 5 seconds...
[2025-11-03T05:54:12.381Z] 🔄 Retrying quest 760 in 7 seconds...
[2025-11-03T05:54:19.383Z] 🔄 Retrying quest 760 in 9 seconds...
[2025-11-03T05:54:30.392Z] 🔄 Retrying quest 913 in 5 seconds...
[2025-11-03T05:54:35.396Z] 🔄 Retrying quest 913 in 7 seconds...
[2025-11-03T05:54:42.399Z] 🔄 Retrying quest 913 in 9 seconds...
[2025-11-03T06:08:10.271Z] 🔄 Retrying quest 973 in 5 seconds...
[2025-11-03T06:08:15.277Z] 🔄 Retrying quest 973 in 7 seconds...
[2025-11-03T06:08:22.282Z] 🔄 Retrying quest 973 in 9 seconds...
[2025-11-03T06:08:33.290Z] 🔄 Retrying quest 2846 in 5 seconds...
[2025-11-03T06:08:38.293Z] 🔄 Retrying quest 2846 in 7 seconds...
[2025-11-03T06:08:45.297Z] 🔄 Retrying quest 2846 in 9 seconds...
[2025-11-03T06:08:56.305Z] 🔄 Retrying quest 3161 in 5 seconds...
[2025-11-03T06:09:01.310Z] 🔄 Retrying quest 3161 in 7 seconds...
[2025-11-03T06:09:08.314Z] 🔄 Retrying quest 3161 in 9 seconds...
[2025-11-03T06:09:19.321Z] 🔄 Retrying quest 4266 in 5 seconds...
[2025-11-03T06:09:24.324Z] 🔄 Retrying quest 4266 in 7 seconds...
[2025-11-03T06:09:31.328Z] 🔄 Retrying quest 4266 in 9 seconds...
[2025-11-03T06:09:42.334Z] 🔄 Retrying quest 4975 in 5 seconds...
[2025-11-03T06:09:47.338Z] 🔄 Retrying quest 4975 in 7 seconds...
[2025-11-03T06:09:54.341Z] 🔄 Retrying quest 4975 in 9 seconds...
[2025-11-03T06:10:05.350Z] 🔄 Retrying quest 4964 in 5 seconds...
[2025-11-03T06:10:10.354Z] 🔄 Retrying quest 4964 in 7 seconds...
[2025-11-03T06:10:17.358Z] 🔄 Retrying quest 4964 in 9 seconds...
[2025-11-03T06:10:28.366Z] 🔄 Retrying quest 1740 in 5 seconds...
[2025-11-03T06:25:25.472Z] 🔄 Retrying quest 1740 in 7 seconds...
[2025-11-03T06:25:32.473Z] 🔄 Retrying quest 1740 in 9 seconds...
[2025-11-03T06:25:43.477Z] 🔄 Retrying quest 5730 in 5 seconds...
[2025-11-03T06:25:48.481Z] 🔄 Retrying quest 5730 in 7 seconds...
[2025-11-03T06:25:55.483Z] 🔄 Retrying quest 5730 in 9 seconds...
[2025-11-03T06:26:06.490Z] 🔄 Retrying quest 6136 in 5 seconds...
[2025-11-03T06:26:11.494Z] 🔄 Retrying quest 6136 in 7 seconds...
[2025-11-03T06:26:18.498Z] 🔄 Retrying quest 6136 in 9 seconds...
[2025-11-03T06:26:29.506Z] 🔄 Retrying quest 41292 in 5 seconds...
[2025-11-03T06:26:34.509Z] 🔄 Retrying quest 41292 in 7 seconds...
[2025-11-03T06:26:41.511Z] 🔄 Retrying quest 41292 in 9 seconds...
[2025-11-03T06:26:52.516Z] 🔄 Retrying quest 41637 in 5 seconds...
[2025-11-03T06:26:57.519Z] 🔄 Retrying quest 41637 in 7 seconds...
[2025-11-03T06:27:04.521Z] 🔄 Retrying quest 41637 in 9 seconds...
[2025-11-03T06:27:17.530Z] 🔄 Retrying quest 41037 in 5 seconds...
[2025-11-03T06:27:22.531Z] 🔄 Retrying quest 41037 in 7 seconds...
[2025-11-03T06:27:29.534Z] 🔄 Retrying quest 41037 in 9 seconds...
[2025-11-03T06:27:40.542Z] 🔄 Retrying quest 320 in 5 seconds...
[2025-11-03T06:27:45.545Z] 🔄 Retrying quest 320 in 7 seconds...
[2025-11-03T06:27:52.549Z] 🔄 Retrying quest 320 in 9 seconds...
[2025-11-03T06:28:03.556Z] 🔄 Retrying quest 382 in 5 seconds...
[2025-11-03T06:34:24.751Z] 🔄 Retrying quest 382 in 7 seconds...
[2025-11-03T06:34:31.754Z] 🔄 Retrying quest 382 in 9 seconds...
[2025-11-03T06:34:42.758Z] 🔄 Retrying quest 218 in 5 seconds...
[2025-11-03T06:34:47.761Z] 🔄 Retrying quest 218 in 7 seconds...
[2025-11-03T06:34:54.765Z] 🔄 Retrying quest 218 in 9 seconds...
[2025-11-03T06:35:05.771Z] 🔄 Retrying quest 757 in 5 seconds...
[2025-11-03T06:35:10.775Z] 🔄 Retrying quest 757 in 7 seconds...
[2025-11-03T06:35:17.778Z] 🔄 Retrying quest 757 in 9 seconds...
[2025-11-03T06:35:28.783Z] 🔄 Retrying quest 1499 in 5 seconds...
[2025-11-03T06:35:33.787Z] 🔄 Retrying quest 1499 in 7 seconds...
[2025-11-03T06:35:40.791Z] 🔄 Retrying quest 1499 in 9 seconds...
[2025-11-03T06:35:51.800Z] 🔄 Retrying quest 792 in 5 seconds...
[2025-11-03T06:35:56.804Z] 🔄 Retrying quest 792 in 7 seconds...
[2025-11-03T06:36:03.806Z] 🔄 Retrying quest 792 in 9 seconds...
[2025-11-03T06:36:14.815Z] 🔄 Retrying quest 41185 in 5 seconds...
[2025-11-03T06:36:19.819Z] 🔄 Retrying quest 41185 in 7 seconds...
[2025-11-03T06:36:26.823Z] 🔄 Retrying quest 41185 in 9 seconds...
[2025-11-03T06:36:37.832Z] 🔄 Retrying quest 80102 in 5 seconds...
[2025-11-03T06:41:38.085Z] 🔄 Retrying quest 80102 in 7 seconds...
[2025-11-03T06:41:45.084Z] 🔄 Retrying quest 80102 in 9 seconds...
[2025-11-03T06:41:56.089Z] 💾 Saved 338 items to turtle_db/items/weapons/staves.json
[2025-11-03T06:41:56.089Z]   ✅ Updated 10 items in staves.json
[2025-11-03T06:41:56.089Z] 
📂 Processing file: 2h-maces.json
[2025-11-03T06:41:56.090Z]   📊 Found 38 quest items in 2h-maces.json
[2025-11-03T06:41:56.090Z]   🎯 Processing 40 unique quests
[2025-11-03T06:42:00.097Z] 🔄 Retrying quest 8573 in 5 seconds...
[2025-11-03T06:42:05.099Z] 🔄 Retrying quest 8573 in 7 seconds...
[2025-11-03T06:42:12.101Z] 🔄 Retrying quest 8573 in 9 seconds...
[2025-11-03T06:42:25.112Z] 🔄 Retrying quest 893 in 5 seconds...
[2025-11-03T06:42:30.116Z] 🔄 Retrying quest 893 in 7 seconds...
[2025-11-03T06:42:37.119Z] 🔄 Retrying quest 893 in 9 seconds...
[2025-11-03T06:42:48.126Z] 🔄 Retrying quest 1806 in 5 seconds...
[2025-11-03T06:42:53.130Z] 🔄 Retrying quest 1806 in 7 seconds...
[2025-11-03T06:43:00.134Z] 🔄 Retrying quest 1806 in 9 seconds...
[2025-11-03T06:43:11.143Z] 🔄 Retrying quest 1792 in 5 seconds...
[2025-11-03T06:43:16.145Z] 🔄 Retrying quest 1792 in 7 seconds...
[2025-11-03T06:43:23.149Z] 🔄 Retrying quest 1792 in 9 seconds...
[2025-11-03T06:43:34.158Z] 🔄 Retrying quest 1383 in 5 seconds...
[2025-11-03T06:43:39.162Z] 🔄 Retrying quest 1383 in 7 seconds...
[2025-11-03T06:43:46.166Z] 🔄 Retrying quest 1383 in 9 seconds...
[2025-11-03T06:50:49.202Z] 🔄 Retrying quest 5088 in 5 seconds...
[2025-11-03T06:50:54.205Z] 🔄 Retrying quest 5088 in 7 seconds...
[2025-11-03T06:51:01.208Z] 🔄 Retrying quest 5088 in 9 seconds...
[2025-11-03T06:51:12.213Z] 🔄 Retrying quest 41202 in 5 seconds...
[2025-11-03T06:51:17.217Z] 🔄 Retrying quest 41202 in 7 seconds...
[2025-11-03T06:51:24.221Z] 🔄 Retrying quest 41202 in 9 seconds...
[2025-11-03T06:51:35.229Z] 🔄 Retrying quest 41825 in 5 seconds...
[2025-11-03T06:51:40.233Z] 🔄 Retrying quest 41825 in 7 seconds...
[2025-11-03T06:51:47.237Z] 🔄 Retrying quest 41825 in 9 seconds...
[2025-11-03T06:51:58.245Z] 🔄 Retrying quest 40767 in 5 seconds...
[2025-11-03T06:52:03.252Z] 🔄 Retrying quest 40767 in 7 seconds...
[2025-11-03T06:52:10.256Z] 🔄 Retrying quest 40767 in 9 seconds...
[2025-11-03T06:52:23.268Z] 🔄 Retrying quest 2754 in 5 seconds...
[2025-11-03T06:52:28.272Z] 🔄 Retrying quest 2754 in 7 seconds...
[2025-11-03T06:52:35.276Z] 🔄 Retrying quest 2754 in 9 seconds...
[2025-11-03T06:52:46.284Z] 🔄 Retrying quest 600 in 5 seconds...
[2025-11-03T06:52:51.288Z] 🔄 Retrying quest 600 in 7 seconds...
[2025-11-03T06:52:58.292Z] 🔄 Retrying quest 600 in 9 seconds...
[2025-11-03T06:53:09.297Z] 🔄 Retrying quest 666 in 5 seconds...
[2025-11-03T06:53:14.301Z] 🔄 Retrying quest 666 in 7 seconds...
[2025-11-03T07:02:04.461Z] 🔄 Retrying quest 666 in 9 seconds...
[2025-11-03T07:02:15.477Z] 🔄 Retrying quest 765 in 5 seconds...
[2025-11-03T07:02:20.482Z] 🔄 Retrying quest 765 in 7 seconds...
[2025-11-03T07:02:27.487Z] 🔄 Retrying quest 765 in 9 seconds...
[2025-11-03T07:02:38.497Z] 🔄 Retrying quest 739 in 5 seconds...
[2025-11-03T07:02:43.501Z] 🔄 Retrying quest 739 in 7 seconds...
[2025-11-03T07:02:50.504Z] 🔄 Retrying quest 739 in 9 seconds...
[2025-11-03T07:03:01.514Z] 🔄 Retrying quest 182 in 5 seconds...
[2025-11-03T07:03:06.518Z] 🔄 Retrying quest 182 in 7 seconds...
[2025-11-03T07:03:13.521Z] 🔄 Retrying quest 182 in 9 seconds...
[2025-11-03T07:03:24.530Z] 🔄 Retrying quest 1046 in 5 seconds...
[2025-11-03T07:03:29.533Z] 🔄 Retrying quest 1046 in 7 seconds...
[2025-11-03T07:03:36.536Z] 🔄 Retrying quest 1046 in 9 seconds...
[2025-11-03T07:03:47.540Z] 🔄 Retrying quest 19 in 5 seconds...
[2025-11-03T07:03:52.543Z] 🔄 Retrying quest 19 in 7 seconds...
[2025-11-03T07:03:59.547Z] 🔄 Retrying quest 19 in 9 seconds...
[2025-11-03T07:04:10.555Z] 🔄 Retrying quest 1618 in 5 seconds...
[2025-11-03T07:04:15.558Z] 🔄 Retrying quest 1618 in 7 seconds...
[2025-11-03T07:19:50.766Z] 🔄 Retrying quest 1618 in 9 seconds...
[2025-11-03T07:20:01.773Z] 🔄 Retrying quest 70040 in 5 seconds...
[2025-11-03T07:20:06.776Z] 🔄 Retrying quest 70040 in 7 seconds...
[2025-11-03T07:20:13.778Z] 🔄 Retrying quest 70040 in 9 seconds...
[2025-11-03T07:20:24.784Z] 🔄 Retrying quest 2752 in 5 seconds...
[2025-11-03T07:20:29.788Z] 🔄 Retrying quest 2752 in 7 seconds...
[2025-11-03T07:20:36.791Z] 🔄 Retrying quest 2752 in 9 seconds...
[2025-11-03T07:20:47.801Z] 🔄 Retrying quest 2930 in 5 seconds...
[2025-11-03T07:20:52.805Z] 🔄 Retrying quest 2930 in 7 seconds...
[2025-11-03T07:20:59.807Z] 🔄 Retrying quest 2930 in 9 seconds...
[2025-11-03T07:21:10.813Z] 🔄 Retrying quest 1427 in 5 seconds...
[2025-11-03T07:21:15.817Z] 🔄 Retrying quest 1427 in 7 seconds...
[2025-11-03T07:21:22.821Z] 🔄 Retrying quest 1427 in 9 seconds...
[2025-11-03T07:21:33.830Z] 🔄 Retrying quest 40430 in 5 seconds...
[2025-11-03T07:21:38.834Z] 🔄 Retrying quest 40430 in 7 seconds...
[2025-11-03T07:21:45.836Z] 🔄 Retrying quest 40430 in 9 seconds...
[2025-11-03T07:21:56.843Z] 🔄 Retrying quest 40478 in 5 seconds...
[2025-11-03T07:22:01.847Z] 🔄 Retrying quest 40478 in 7 seconds...
[2025-11-03T07:22:08.850Z] 🔄 Retrying quest 40478 in 9 seconds...
[2025-11-03T07:35:27.332Z] 🔄 Retrying quest 40860 in 5 seconds...
[2025-11-03T07:35:32.336Z] 🔄 Retrying quest 40860 in 7 seconds...
[2025-11-03T07:35:39.336Z] 🔄 Retrying quest 40860 in 9 seconds...
[2025-11-03T07:35:50.341Z] 💾 Saved 196 items to turtle_db/items/weapons/2h-maces.json
[2025-11-03T07:35:50.341Z]   ✅ Updated 4 items in 2h-maces.json
[2025-11-03T07:35:50.342Z] ✅ Skipping already completed file: shields.json
[2025-11-03T07:35:50.342Z] 
📂 Processing file: crossbows.json
[2025-11-03T07:35:50.342Z]   📊 Found 5 quest items in crossbows.json
[2025-11-03T07:35:50.342Z]   🎯 Processing 8 unique quests
[2025-11-03T07:35:50.343Z] 🔄 Retrying quest 8272 in 5 seconds...
[2025-11-03T07:35:55.345Z] 🔄 Retrying quest 8272 in 7 seconds...
[2025-11-03T07:36:02.347Z] 🔄 Retrying quest 8272 in 9 seconds...
[2025-11-03T07:36:13.354Z] 🔄 Retrying quest 8271 in 5 seconds...
[2025-11-03T07:36:18.357Z] 🔄 Retrying quest 8271 in 7 seconds...
[2025-11-03T07:36:25.359Z] 🔄 Retrying quest 8271 in 9 seconds...
[2025-11-03T07:36:36.364Z] 🔄 Retrying quest 7202 in 5 seconds...
[2025-11-03T07:36:41.368Z] 🔄 Retrying quest 7202 in 7 seconds...
[2025-11-03T07:36:48.372Z] 🔄 Retrying quest 7202 in 9 seconds...
[2025-11-03T07:36:59.381Z] 🔄 Retrying quest 7181 in 5 seconds...
[2025-11-03T07:37:04.385Z] 🔄 Retrying quest 7181 in 7 seconds...
[2025-11-03T07:37:11.389Z] 🔄 Retrying quest 7181 in 9 seconds...
[2025-11-03T07:37:22.398Z] 🔄 Retrying quest 60119 in 5 seconds...
[2025-11-03T07:37:27.401Z] 🔄 Retrying quest 60119 in 7 seconds...
[2025-11-03T07:37:34.405Z] 🔄 Retrying quest 60119 in 9 seconds...
[2025-11-03T07:52:35.697Z] 💾 Saved 30 items to turtle_db/items/weapons/crossbows.json
[2025-11-03T07:52:35.698Z]   ✅ Updated 0 items in crossbows.json
[2025-11-03T07:52:35.698Z] 
📂 Processing file: 2h-swords.json
[2025-11-03T07:52:35.699Z]   📊 Found 29 quest items in 2h-swords.json
[2025-11-03T07:52:35.699Z]   🎯 Processing 32 unique quests
[2025-11-03T07:52:37.704Z] 🔄 Retrying quest 40259 in 5 seconds...
[2025-11-03T07:52:42.708Z] 🔄 Retrying quest 40259 in 7 seconds...
[2025-11-03T07:52:49.714Z] 🔄 Retrying quest 40259 in 9 seconds...
[2025-11-03T07:53:00.724Z] 🔄 Retrying quest 14 in 5 seconds...
[2025-11-03T07:53:05.729Z] 🔄 Retrying quest 14 in 7 seconds...
[2025-11-03T07:53:12.731Z] 🔄 Retrying quest 14 in 9 seconds...
[2025-11-03T07:53:23.741Z] 🔄 Retrying quest 231 in 5 seconds...
[2025-11-03T07:53:28.745Z] 🔄 Retrying quest 231 in 7 seconds...
[2025-11-03T07:53:35.749Z] 🔄 Retrying quest 231 in 9 seconds...
[2025-11-03T07:53:46.756Z] 🔄 Retrying quest 474 in 5 seconds...
[2025-11-03T07:53:51.759Z] 🔄 Retrying quest 474 in 7 seconds...
[2025-11-03T07:53:58.763Z] 🔄 Retrying quest 474 in 9 seconds...
[2025-11-03T07:54:09.772Z] 🔄 Retrying quest 1012 in 5 seconds...
[2025-11-03T07:54:14.775Z] 🔄 Retrying quest 1012 in 7 seconds...
[2025-11-03T07:54:21.777Z] 🔄 Retrying quest 1012 in 9 seconds...
[2025-11-03T07:54:34.786Z] 🔄 Retrying quest 8418 in 5 seconds...
[2025-11-03T07:54:39.789Z] 🔄 Retrying quest 8418 in 7 seconds...
[2025-11-03T08:03:04.488Z] 🔄 Retrying quest 8418 in 9 seconds...
[2025-11-03T08:03:17.495Z] 🔄 Retrying quest 40234 in 5 seconds...
[2025-11-03T08:03:22.496Z] 🔄 Retrying quest 40234 in 7 seconds...
[2025-11-03T08:03:29.499Z] 🔄 Retrying quest 40234 in 9 seconds...
[2025-11-03T08:03:40.506Z] 🔄 Retrying quest 40282 in 5 seconds...
[2025-11-03T08:03:45.510Z] 🔄 Retrying quest 40282 in 7 seconds...
[2025-11-03T08:03:52.513Z] 🔄 Retrying quest 40282 in 9 seconds...
[2025-11-03T08:04:07.530Z] 🔄 Retrying quest 8781 in 5 seconds...
[2025-11-03T08:04:12.534Z] 🔄 Retrying quest 8781 in 7 seconds...
[2025-11-03T08:04:19.538Z] 🔄 Retrying quest 8781 in 9 seconds...
[2025-11-03T08:04:32.551Z] 🔄 Retrying quest 5284 in 5 seconds...
[2025-11-03T08:04:37.554Z] 🔄 Retrying quest 5284 in 7 seconds...
[2025-11-03T08:04:44.558Z] 🔄 Retrying quest 5284 in 9 seconds...
[2025-11-03T08:04:55.566Z] 🔄 Retrying quest 5302 in 5 seconds...
[2025-11-03T08:05:00.570Z] 🔄 Retrying quest 5302 in 7 seconds...
[2025-11-03T08:05:07.573Z] 🔄 Retrying quest 5302 in 9 seconds...
[2025-11-03T08:05:18.581Z] 🔄 Retrying quest 827 in 5 seconds...
[2025-11-03T08:05:23.582Z] 🔄 Retrying quest 827 in 7 seconds...
[2025-11-03T08:05:30.584Z] 🔄 Retrying quest 827 in 9 seconds...
[2025-11-03T08:20:31.468Z] 🔄 Retrying quest 951 in 5 seconds...
[2025-11-03T08:20:36.472Z] 🔄 Retrying quest 951 in 7 seconds...
[2025-11-03T08:20:43.476Z] 🔄 Retrying quest 951 in 9 seconds...
[2025-11-03T08:20:54.486Z] 🔄 Retrying quest 297 in 5 seconds...
[2025-11-03T08:20:59.488Z] 🔄 Retrying quest 297 in 7 seconds...
[2025-11-03T08:21:06.491Z] 🔄 Retrying quest 297 in 9 seconds...
[2025-11-03T08:21:17.498Z] 🔄 Retrying quest 2751 in 5 seconds...
[2025-11-03T08:21:22.502Z] 🔄 Retrying quest 2751 in 7 seconds...
[2025-11-03T08:21:29.506Z] 🔄 Retrying quest 2751 in 9 seconds...
[2025-11-03T08:21:40.513Z] 🔄 Retrying quest 3924 in 5 seconds...
[2025-11-03T08:21:45.516Z] 🔄 Retrying quest 3924 in 7 seconds...
[2025-11-03T08:21:52.517Z] 🔄 Retrying quest 3924 in 9 seconds...
[2025-11-03T08:22:05.529Z] 🔄 Retrying quest 41246 in 5 seconds...
[2025-11-03T08:22:10.532Z] 🔄 Retrying quest 41246 in 7 seconds...
[2025-11-03T08:22:17.535Z] 🔄 Retrying quest 41246 in 9 seconds...
[2025-11-03T08:22:30.543Z] 🔄 Retrying quest 1153 in 5 seconds...
[2025-11-03T08:22:35.546Z] 🔄 Retrying quest 1153 in 7 seconds...
[2025-11-03T08:36:24.762Z] 🔄 Retrying quest 1153 in 9 seconds...
[2025-11-03T08:36:35.772Z] 💾 Saved 189 items to turtle_db/items/weapons/2h-swords.json
[2025-11-03T08:36:35.772Z]   ✅ Updated 9 items in 2h-swords.json
[2025-11-03T08:36:35.772Z] 
📂 Processing file: thrown.json
[2025-11-03T08:36:35.773Z]   No quest items found in thrown.json
[2025-11-03T08:36:35.773Z] ✅ Skipping already completed file: unknown.json
[2025-11-03T08:36:35.773Z] 
📂 Processing file: daggers.json
[2025-11-03T08:36:35.775Z]   📊 Found 73 quest items in daggers.json
[2025-11-03T08:36:35.775Z]   🎯 Processing 82 unique quests
[2025-11-03T08:36:35.775Z] 🔄 Retrying quest 8789 in 5 seconds...
[2025-11-03T08:36:40.778Z] 🔄 Retrying quest 8789 in 7 seconds...
[2025-11-03T08:36:47.782Z] 🔄 Retrying quest 8789 in 9 seconds...
[2025-11-03T08:36:58.789Z] 🔄 Retrying quest 8709 in 5 seconds...
[2025-11-03T08:37:03.791Z] 🔄 Retrying quest 8709 in 7 seconds...
[2025-11-03T08:37:10.795Z] 🔄 Retrying quest 8709 in 9 seconds...
[2025-11-03T08:37:52.143Z] 🔄 Retrying quest 8710 in 5 seconds...
[2025-11-03T08:37:57.145Z] 🔄 Retrying quest 8710 in 7 seconds...
[2025-11-03T08:38:04.149Z] 🔄 Retrying quest 8710 in 9 seconds...
[2025-11-03T08:38:19.163Z] 🔄 Retrying quest 7488 in 5 seconds...
[2025-11-03T08:38:24.165Z] 🔄 Retrying quest 7488 in 7 seconds...
[2025-11-03T08:38:31.169Z] 🔄 Retrying quest 7488 in 9 seconds...
[2025-11-03T08:38:42.175Z] 🔄 Retrying quest 7489 in 5 seconds...
[2025-11-03T08:38:47.178Z] 🔄 Retrying quest 7489 in 7 seconds...
[2025-11-03T08:38:54.181Z] 🔄 Retrying quest 7489 in 9 seconds...
[2025-11-03T08:39:07.194Z] 🔄 Retrying quest 41787 in 5 seconds...
[2025-11-03T08:39:12.197Z] 🔄 Retrying quest 41787 in 7 seconds...
[2025-11-03T08:39:19.201Z] 🔄 Retrying quest 41787 in 9 seconds...
[2025-11-03T08:39:40.229Z] 🔄 Retrying quest 40659 in 5 seconds...
[2025-11-03T08:39:45.233Z] 🔄 Retrying quest 40659 in 7 seconds...
[2025-11-03T08:39:52.237Z] 🔄 Retrying quest 40659 in 9 seconds...
[2025-11-03T08:54:53.016Z] 🔄 Retrying quest 417 in 5 seconds...
[2025-11-03T08:54:58.017Z] 🔄 Retrying quest 417 in 7 seconds...
[2025-11-03T08:55:05.020Z] 🔄 Retrying quest 417 in 9 seconds...
[2025-11-03T08:55:16.025Z] 🔄 Retrying quest 60034 in 5 seconds...
[2025-11-03T08:55:21.028Z] 🔄 Retrying quest 60034 in 7 seconds...
[2025-11-03T08:55:28.032Z] 🔄 Retrying quest 60034 in 9 seconds...
[2025-11-03T08:55:39.041Z] 🔄 Retrying quest 2242 in 5 seconds...
[2025-11-03T08:55:44.045Z] 🔄 Retrying quest 2242 in 7 seconds...
[2025-11-03T08:55:51.049Z] 🔄 Retrying quest 2242 in 9 seconds...
[2025-11-03T08:56:02.055Z] 🔄 Retrying quest 41262 in 5 seconds...
[2025-11-03T08:56:07.058Z] 🔄 Retrying quest 41262 in 7 seconds...
[2025-11-03T08:56:14.060Z] 🔄 Retrying quest 41262 in 9 seconds...
[2025-11-03T08:56:25.068Z] 🔄 Retrying quest 2239 in 5 seconds...
[2025-11-03T08:56:30.072Z] 🔄 Retrying quest 2239 in 7 seconds...
[2025-11-03T08:56:37.075Z] 🔄 Retrying quest 2239 in 9 seconds...
[2025-11-03T08:56:48.082Z] 🔄 Retrying quest 2206 in 5 seconds...
[2025-11-03T08:56:53.083Z] 🔄 Retrying quest 2206 in 7 seconds...
[2025-11-03T08:57:00.086Z] 🔄 Retrying quest 2206 in 9 seconds...
[2025-11-03T08:57:11.094Z] 🔄 Retrying quest 1978 in 5 seconds...
[2025-11-03T08:57:16.097Z] 🔄 Retrying quest 1978 in 7 seconds...
[2025-11-03T09:04:03.932Z] 🔄 Retrying quest 1978 in 9 seconds...
[2025-11-03T09:04:14.940Z] 🔄 Retrying quest 1858 in 5 seconds...
[2025-11-03T09:04:19.943Z] 🔄 Retrying quest 1858 in 7 seconds...
[2025-11-03T09:04:26.946Z] 🔄 Retrying quest 1858 in 9 seconds...
[2025-11-03T09:04:37.953Z] 🔄 Retrying quest 283 in 5 seconds...
[2025-11-03T09:04:42.956Z] 🔄 Retrying quest 283 in 7 seconds...
[2025-11-03T09:04:49.958Z] 🔄 Retrying quest 283 in 9 seconds...
[2025-11-03T09:05:02.972Z] 🔄 Retrying quest 679 in 5 seconds...
[2025-11-03T09:05:07.976Z] 🔄 Retrying quest 679 in 7 seconds...
[2025-11-03T09:05:14.980Z] 🔄 Retrying quest 679 in 9 seconds...
[2025-11-03T09:05:25.989Z] 🔄 Retrying quest 41870 in 5 seconds...
[2025-11-03T09:05:30.993Z] 🔄 Retrying quest 41870 in 7 seconds...
[2025-11-03T09:05:37.995Z] 🔄 Retrying quest 41870 in 9 seconds...
[2025-11-03T09:05:49.004Z] 🔄 Retrying quest 41687 in 5 seconds...
[2025-11-03T09:05:54.007Z] 🔄 Retrying quest 41687 in 7 seconds...
[2025-11-03T09:06:01.009Z] 🔄 Retrying quest 41687 in 9 seconds...
[2025-11-03T09:06:14.022Z] 🔄 Retrying quest 41828 in 5 seconds...
[2025-11-03T09:06:19.025Z] 🔄 Retrying quest 41828 in 7 seconds...
[2025-11-03T09:21:20.238Z] 🔄 Retrying quest 41828 in 9 seconds...
[2025-11-03T09:21:33.254Z] 🔄 Retrying quest 38 in 5 seconds...
[2025-11-03T09:21:38.258Z] 🔄 Retrying quest 38 in 7 seconds...
[2025-11-03T09:21:45.264Z] 🔄 Retrying quest 38 in 9 seconds...
[2025-11-03T09:21:56.270Z] 🔄 Retrying quest 372 in 5 seconds...
[2025-11-03T09:22:01.273Z] 🔄 Retrying quest 372 in 7 seconds...
[2025-11-03T09:22:08.276Z] 🔄 Retrying quest 372 in 9 seconds...
[2025-11-03T09:22:19.282Z] 🔄 Retrying quest 1173 in 5 seconds...
[2025-11-03T09:22:24.285Z] 🔄 Retrying quest 1173 in 7 seconds...
[2025-11-03T09:22:31.289Z] 🔄 Retrying quest 1173 in 9 seconds...
[2025-11-03T09:22:50.316Z] 🔄 Retrying quest 923 in 5 seconds...
[2025-11-03T09:22:55.320Z] 🔄 Retrying quest 923 in 7 seconds...
[2025-11-03T09:23:02.322Z] 🔄 Retrying quest 923 in 9 seconds...
[2025-11-03T09:23:13.330Z] 🔄 Retrying quest 41172 in 5 seconds...
[2025-11-03T09:23:18.333Z] 🔄 Retrying quest 41172 in 7 seconds...
[2025-11-03T09:23:25.336Z] 🔄 Retrying quest 41172 in 9 seconds...
[2025-11-03T09:23:36.345Z] 💾 Saved 311 items to turtle_db/items/weapons/daggers.json
[2025-11-03T09:23:36.345Z]   ✅ Updated 12 items in daggers.json
[2025-11-03T09:23:36.345Z] 
📂 Processing file: 2h-axes.json
[2025-11-03T09:23:36.349Z]   📊 Found 26 quest items in 2h-axes.json
[2025-11-03T09:23:36.349Z]   🎯 Processing 29 unique quests
[2025-11-03T09:23:36.349Z] 🔄 Retrying quest 39999 in 5 seconds...
[2025-11-03T09:23:41.352Z] 🔄 Retrying quest 39999 in 7 seconds...
[2025-11-03T09:23:48.355Z] 🔄 Retrying quest 39999 in 9 seconds...
[2025-11-03T09:23:59.363Z] 🔄 Retrying quest 99 in 5 seconds...
[2025-11-03T09:24:04.364Z] 🔄 Retrying quest 99 in 7 seconds...
[2025-11-03T09:24:11.368Z] 🔄 Retrying quest 99 in 9 seconds...
[2025-11-03T09:24:22.376Z] 🔄 Retrying quest 8786 in 5 seconds...
[2025-11-03T09:24:27.379Z] 🔄 Retrying quest 8786 in 7 seconds...
[2025-11-03T09:24:34.382Z] 🔄 Retrying quest 8786 in 9 seconds...
[2025-11-03T09:24:45.390Z] 🔄 Retrying quest 2240 in 5 seconds...
[2025-11-03T09:24:50.394Z] 🔄 Retrying quest 2240 in 7 seconds...
[2025-11-03T09:24:57.396Z] 🔄 Retrying quest 2240 in 9 seconds...
[2025-11-03T09:25:08.405Z] 🔄 Retrying quest 4301 in 5 seconds...
[2025-11-03T09:25:13.409Z] 🔄 Retrying quest 4301 in 7 seconds...
[2025-11-03T09:25:20.411Z] 🔄 Retrying quest 4301 in 9 seconds...
[2025-11-03T09:25:31.417Z] 🔄 Retrying quest 4126 in 5 seconds...
[2025-11-03T09:25:36.419Z] 🔄 Retrying quest 4126 in 7 seconds...
[2025-11-03T09:25:43.422Z] 🔄 Retrying quest 4126 in 9 seconds...
[2025-11-03T09:25:54.428Z] 🔄 Retrying quest 4134 in 5 seconds...
[2025-11-03T09:25:59.431Z] 🔄 Retrying quest 4134 in 7 seconds...
[2025-11-03T09:26:06.434Z] 🔄 Retrying quest 4134 in 9 seconds...
[2025-11-03T09:26:17.443Z] 🔄 Retrying quest 9182 in 5 seconds...
[2025-11-03T09:26:22.446Z] 🔄 Retrying quest 9182 in 7 seconds...
[2025-11-03T09:26:29.449Z] 🔄 Retrying quest 9182 in 9 seconds...
[2025-11-03T09:26:40.457Z] 🔄 Retrying quest 41665 in 5 seconds...
[2025-11-03T09:26:45.461Z] 🔄 Retrying quest 41665 in 7 seconds...
[2025-11-03T09:37:24.709Z] 🔄 Retrying quest 41665 in 9 seconds...
[2025-11-03T09:37:35.704Z] 🔄 Retrying quest 41641 in 5 seconds...
[2025-11-03T09:37:40.704Z] 🔄 Retrying quest 41641 in 7 seconds...
[2025-11-03T09:37:47.705Z] 🔄 Retrying quest 41641 in 9 seconds...
[2025-11-03T09:37:58.712Z] 🔄 Retrying quest 55005 in 5 seconds...
[2025-11-03T09:38:03.715Z] 🔄 Retrying quest 55005 in 7 seconds...
[2025-11-03T09:38:10.718Z] 🔄 Retrying quest 55005 in 9 seconds...
[2025-11-03T09:38:21.725Z] 🔄 Retrying quest 167 in 5 seconds...
[2025-11-03T09:38:26.729Z] 🔄 Retrying quest 167 in 7 seconds...
[2025-11-03T09:38:33.733Z] 🔄 Retrying quest 167 in 9 seconds...
[2025-11-03T09:38:44.742Z] 🔄 Retrying quest 943 in 5 seconds...
[2025-11-03T09:38:49.746Z] 🔄 Retrying quest 943 in 7 seconds...
[2025-11-03T09:38:56.749Z] 🔄 Retrying quest 943 in 9 seconds...
[2025-11-03T09:39:07.758Z] 🔄 Retrying quest 40196 in 5 seconds...
[2025-11-03T09:39:12.761Z] 🔄 Retrying quest 40196 in 7 seconds...
[2025-11-03T09:39:19.764Z] 🔄 Retrying quest 40196 in 9 seconds...
[2025-11-03T09:39:32.774Z] 💾 Saved 169 items to turtle_db/items/weapons/2h-axes.json
[2025-11-03T09:39:32.775Z]   ✅ Updated 1 items in 2h-axes.json
[2025-11-03T09:39:32.775Z] 
📂 Processing file: guns.json
[2025-11-03T09:39:32.776Z]   📊 Found 30 quest items in guns.json
[2025-11-03T09:39:32.776Z]   🎯 Processing 32 unique quests
[2025-11-03T09:39:32.776Z] 🔄 Retrying quest 1273 in 5 seconds...
[2025-11-03T09:39:56.109Z] 🔄 Retrying quest 1273 in 7 seconds...
[2025-11-03T09:40:03.112Z] 🔄 Retrying quest 1273 in 9 seconds...
[2025-11-03T09:40:14.115Z] 🔄 Retrying quest 40762 in 5 seconds...
[2025-11-03T09:40:19.116Z] 🔄 Retrying quest 40762 in 7 seconds...
[2025-11-03T09:40:26.117Z] 🔄 Retrying quest 40762 in 9 seconds...
[2025-11-03T09:40:45.134Z] 🔄 Retrying quest 40856 in 5 seconds...
[2025-11-03T09:40:50.136Z] 🔄 Retrying quest 40856 in 7 seconds...
[2025-11-03T09:40:57.139Z] 🔄 Retrying quest 40856 in 9 seconds...
[2025-11-03T09:41:08.146Z] 🔄 Retrying quest 770 in 5 seconds...
[2025-11-03T09:41:13.149Z] 🔄 Retrying quest 770 in 7 seconds...
[2025-11-03T09:41:20.151Z] 🔄 Retrying quest 770 in 9 seconds...
[2025-11-03T09:41:31.157Z] 🔄 Retrying quest 150 in 5 seconds...
[2025-11-03T09:41:36.160Z] 🔄 Retrying quest 150 in 7 seconds...
[2025-11-03T09:41:43.162Z] 🔄 Retrying quest 150 in 9 seconds...
[2025-11-03T09:41:54.168Z] 🔄 Retrying quest 705 in 5 seconds...
[2025-11-03T09:41:59.171Z] 🔄 Retrying quest 705 in 7 seconds...
[2025-11-03T09:42:06.174Z] 🔄 Retrying quest 705 in 9 seconds...
[2025-11-03T09:42:17.181Z] 🔄 Retrying quest 202 in 5 seconds...
[2025-11-03T09:42:22.184Z] 🔄 Retrying quest 202 in 7 seconds...
[2025-11-03T09:42:29.186Z] 🔄 Retrying quest 202 in 9 seconds...
[2025-11-03T09:42:40.190Z] 🔄 Retrying quest 6581 in 5 seconds...
[2025-11-03T09:42:45.192Z] 🔄 Retrying quest 6581 in 7 seconds...
[2025-11-03T09:42:52.195Z] 🔄 Retrying quest 6581 in 9 seconds...
[2025-11-03T09:43:05.201Z] 🔄 Retrying quest 5060 in 5 seconds...
[2025-11-03T09:43:10.203Z] 🔄 Retrying quest 5060 in 7 seconds...
[2025-11-03T09:43:17.205Z] 🔄 Retrying quest 5060 in 9 seconds...
[2025-11-03T09:43:28.211Z] 🔄 Retrying quest 5321 in 5 seconds...
[2025-11-03T09:43:33.212Z] 🔄 Retrying quest 5321 in 7 seconds...
[2025-11-03T09:43:40.216Z] 🔄 Retrying quest 5321 in 9 seconds...
[2025-11-03T09:43:51.221Z] 🔄 Retrying quest 5943 in 5 seconds...
[2025-11-03T09:43:56.224Z] 🔄 Retrying quest 5943 in 7 seconds...
[2025-11-03T09:44:03.225Z] 🔄 Retrying quest 5943 in 9 seconds...
[2025-11-03T09:44:14.230Z] 🔄 Retrying quest 6041 in 5 seconds...
[2025-11-03T09:44:19.232Z] 🔄 Retrying quest 6041 in 7 seconds...
[2025-11-03T09:44:26.234Z] 🔄 Retrying quest 6041 in 9 seconds...
[2025-11-03T09:44:37.239Z] 🔄 Retrying quest 6521 in 5 seconds...
[2025-11-03T09:44:42.242Z] 🔄 Retrying quest 6521 in 7 seconds...
[2025-11-03T09:44:49.245Z] 🔄 Retrying quest 6521 in 9 seconds...
[2025-11-03T09:45:02.252Z] 🔄 Retrying quest 40068 in 5 seconds...
[2025-11-03T09:45:07.255Z] 🔄 Retrying quest 40068 in 7 seconds...
[2025-11-03T09:45:14.256Z] 🔄 Retrying quest 40068 in 9 seconds...
[2025-11-03T09:45:29.270Z] 🔄 Retrying quest 60134 in 5 seconds...
[2025-11-03T09:45:34.274Z] 🔄 Retrying quest 60134 in 7 seconds...
[2025-11-03T09:45:41.277Z] 🔄 Retrying quest 60134 in 9 seconds...
[2025-11-03T09:45:52.286Z] 💾 Saved 120 items to turtle_db/items/weapons/guns.json
[2025-11-03T09:45:52.287Z]   ✅ Updated 5 items in guns.json
[2025-11-03T09:45:52.287Z] 
📂 Processing file: fist.json
[2025-11-03T09:45:52.288Z]   📊 Found 3 quest items in fist.json
[2025-11-03T09:45:52.288Z]   🎯 Processing 3 unique quests
[2025-11-03T09:45:54.294Z] 💾 Saved 52 items to turtle_db/items/weapons/fist.json
[2025-11-03T09:45:54.296Z]   ✅ Updated 1 items in fist.json
[2025-11-03T09:45:54.296Z] 
🎉 Quest level processing complete!
[2025-11-03T09:45:54.296Z] 📊 Final Summary:
[2025-11-03T09:45:54.297Z]    Quests processed: 2418
[2025-11-03T09:45:54.297Z]    Quests failed: 246
[2025-11-03T09:45:54.297Z]    Files completed: 52/56
[2025-11-03T09:45:54.297Z] ❌ Failed quest IDs: 697, 6381, 41150, 33, 932, 437, 788, 170, 4681, 60148...
[2025-11-03T09:45:54.339Z] 🔒 Browser closed
[2025-11-03T09:52:35.590Z] 🚀 Initializing browser with anti-detection...
[2025-11-03T09:52:35.981Z] ✅ Browser initialized with stealth mode
[2025-11-03T09:52:35.981Z] 
🚀 Starting Quest Level Processing

[2025-11-03T09:52:35.981Z] 📁 Found 56 item files to process
[2025-11-03T09:52:35.981Z] ✅ Skipping already completed file: leather-waist.json
[2025-11-03T09:52:35.981Z] ✅ Skipping already completed file: 1h-maces.json
[2025-11-03T09:52:35.981Z] ✅ Skipping already completed file: cloaks.json
[2025-11-03T09:52:35.981Z] ✅ Skipping already completed file: trinkets.json
[2025-11-03T09:52:35.981Z] ✅ Skipping already completed file: mail-shoulder.json
[2025-11-03T09:52:35.981Z] ✅ Skipping already completed file: leather-chest.json
[2025-11-03T09:52:35.982Z] ✅ Skipping already completed file: plate-wrist.json
[2025-11-03T09:52:35.982Z] ✅ Skipping already completed file: 1h-axes.json
[2025-11-03T09:52:35.982Z] ✅ Skipping already completed file: leather-hands.json
[2025-11-03T09:52:35.982Z] ✅ Skipping already completed file: mail-wrist.json
[2025-11-03T09:52:35.982Z] ✅ Skipping already completed file: cloth-shoulder.json
[2025-11-03T09:52:35.982Z] ✅ Skipping already completed file: shields.json
[2025-11-03T09:52:35.982Z] ✅ Skipping already completed file: cloth-wrist.json
[2025-11-03T09:52:35.982Z] ✅ Skipping already completed file: plate-shoulder.json
[2025-11-03T09:52:35.982Z] ✅ Skipping already completed file: rings.json
[2025-11-03T09:52:35.982Z] ✅ Skipping already completed file: plate-waist.json
[2025-11-03T09:52:35.982Z] ✅ Skipping already completed file: leather-shoulder.json
[2025-11-03T09:52:35.982Z] ✅ Skipping already completed file: leather-wrist.json
[2025-11-03T09:52:35.982Z] ✅ Skipping already completed file: plate-chest.json
[2025-11-03T09:52:35.982Z] ✅ Skipping already completed file: mail-hands.json
[2025-11-03T09:52:35.982Z] ✅ Skipping already completed file: unknown.json
[2025-11-03T09:52:35.982Z] ✅ Skipping already completed file: cloth-hands.json
[2025-11-03T09:52:35.982Z] ✅ Skipping already completed file: plate-feet.json
[2025-11-03T09:52:35.982Z] ✅ Skipping already completed file: mail-waist.json
[2025-11-03T09:52:35.982Z] ✅ Skipping already completed file: mail-feet.json
[2025-11-03T09:52:35.982Z] ✅ Skipping already completed file: amulets.json
[2025-11-03T09:52:35.982Z] ✅ Skipping already completed file: cloth-legs.json
[2025-11-03T09:52:35.982Z] ✅ Skipping already completed file: mail-head.json
[2025-11-03T09:52:35.982Z] ✅ Skipping already completed file: cloth-waist.json
[2025-11-03T09:52:35.982Z] ✅ Skipping already completed file: leather-legs.json
[2025-11-03T09:52:35.982Z] ✅ Skipping already completed file: plate-head.json
[2025-11-03T09:52:35.982Z] ✅ Skipping already completed file: cloth-head.json
[2025-11-03T09:52:35.982Z] ✅ Skipping already completed file: cloth-chest.json
[2025-11-03T09:52:35.982Z] ✅ Skipping already completed file: leather-feet.json
[2025-11-03T09:52:35.982Z] ✅ Skipping already completed file: plate-legs.json
[2025-11-03T09:52:35.982Z] ✅ Skipping already completed file: leather-head.json
[2025-11-03T09:52:35.982Z] ✅ Skipping already completed file: mail-chest.json
[2025-11-03T09:52:35.982Z] ✅ Skipping already completed file: mail-legs.json
[2025-11-03T09:52:35.982Z] ✅ Skipping already completed file: plate-hands.json
[2025-11-03T09:52:35.982Z] ✅ Skipping already completed file: cloth-feet.json
[2025-11-03T09:52:35.982Z] ✅ Skipping already completed file: 1h-maces.json
[2025-11-03T09:52:35.982Z] ✅ Skipping already completed file: bows.json
[2025-11-03T09:52:35.982Z] ✅ Skipping already completed file: polearms.json
[2025-11-03T09:52:35.983Z] ✅ Skipping already completed file: 1h-axes.json
[2025-11-03T09:52:35.983Z] ✅ Skipping already completed file: 1h-swords.json
[2025-11-03T09:52:35.983Z] ✅ Skipping already completed file: staves.json
[2025-11-03T09:52:35.983Z] ✅ Skipping already completed file: 2h-maces.json
[2025-11-03T09:52:35.983Z] ✅ Skipping already completed file: shields.json
[2025-11-03T09:52:35.983Z] ✅ Skipping already completed file: crossbows.json
[2025-11-03T09:52:35.983Z] ✅ Skipping already completed file: 2h-swords.json
[2025-11-03T09:52:35.983Z] ✅ Skipping already completed file: thrown.json
[2025-11-03T09:52:35.983Z] ✅ Skipping already completed file: unknown.json
[2025-11-03T09:52:35.983Z] ✅ Skipping already completed file: daggers.json
[2025-11-03T09:52:35.983Z] ✅ Skipping already completed file: 2h-axes.json
[2025-11-03T09:52:35.983Z] ✅ Skipping already completed file: guns.json
[2025-11-03T09:52:35.983Z] ✅ Skipping already completed file: fist.json
[2025-11-03T09:52:35.983Z] 
🎉 Quest level processing complete!
[2025-11-03T09:52:35.983Z] 📊 Final Summary:
[2025-11-03T09:52:35.983Z]    Quests processed: 2418
[2025-11-03T09:52:35.983Z]    Quests failed: 246
[2025-11-03T09:52:35.983Z]    Files completed: 52/56
[2025-11-03T09:52:35.983Z] ❌ Failed quest IDs: 697, 6381, 41150, 33, 932, 437, 788, 170, 4681, 60148...
[2025-11-03T09:52:36.064Z] 🔒 Browser closed
[2025-11-03T09:59:07.268Z] 🚀 Initializing browser with anti-detection...
[2025-11-03T09:59:07.903Z] ✅ Browser initialized with stealth mode
[2025-11-03T09:59:07.903Z] 
🔄 Starting Failed Quest Retry Process

[2025-11-03T09:59:07.903Z] 📊 Found 246 failed quests to retry
[2025-11-03T09:59:07.903Z] 
🎯 Retrying quest 697 (1/246)
[2025-11-03T09:59:11.894Z] ✅ Quest 697: Required level 30
[2025-11-03T09:59:11.894Z] ✅ Successfully fetched quest 697: level 30
[2025-11-03T09:59:13.897Z] 
🎯 Retrying quest 6381 (2/246)
[2025-11-03T09:59:17.987Z] ✅ Quest 6381: Required level 17
[2025-11-03T09:59:17.987Z] ✅ Successfully fetched quest 6381: level 17
[2025-11-03T09:59:19.989Z] 
🎯 Retrying quest 41150 (3/246)
[2025-11-03T09:59:24.086Z] ✅ Quest 41150: Required level 1
[2025-11-03T09:59:24.086Z] ✅ Successfully fetched quest 41150: level 1
[2025-11-03T09:59:26.087Z] 
🎯 Retrying quest 33 (4/246)
[2025-11-03T09:59:30.182Z] ✅ Quest 33: Required level 1
[2025-11-03T09:59:30.182Z] ✅ Successfully fetched quest 33: level 1
[2025-11-03T09:59:32.184Z] 
🎯 Retrying quest 932 (5/246)
[2025-11-03T09:59:36.282Z] ✅ Quest 932: Required level 4
[2025-11-03T09:59:36.282Z] ✅ Successfully fetched quest 932: level 4
[2025-11-03T09:59:38.284Z] 
🎯 Retrying quest 437 (6/246)
[2025-11-03T09:59:42.438Z] ✅ Quest 437: Required level 10
[2025-11-03T09:59:42.439Z] ✅ Successfully fetched quest 437: level 10
[2025-11-03T09:59:44.441Z] 
🎯 Retrying quest 788 (7/246)
[2025-11-03T09:59:48.529Z] ✅ Quest 788: Required level 1
[2025-11-03T09:59:48.530Z] ✅ Successfully fetched quest 788: level 1
[2025-11-03T09:59:50.531Z] 
🎯 Retrying quest 170 (8/246)
[2025-11-03T09:59:54.628Z] ✅ Quest 170: Required level 1
[2025-11-03T09:59:54.629Z] ✅ Successfully fetched quest 170: level 1
[2025-11-03T09:59:56.631Z] 
🎯 Retrying quest 4681 (9/246)
[2025-11-03T10:00:00.720Z] ✅ Quest 4681: Required level 11
[2025-11-03T10:00:00.720Z] ✅ Successfully fetched quest 4681: level 11
[2025-11-03T10:00:02.722Z] 
🎯 Retrying quest 60148 (10/246)
[2025-11-03T10:00:06.801Z] ✅ Quest 60148: Required level 4
[2025-11-03T10:00:06.801Z] ✅ Successfully fetched quest 60148: level 4
[2025-11-03T10:00:08.803Z] 
🎯 Retrying quest 6187 (11/246)
[2025-11-03T10:00:12.861Z] ✅ Quest 6187: Required level 56
[2025-11-03T10:00:12.861Z] ✅ Successfully fetched quest 6187: level 56
[2025-11-03T10:00:14.865Z] 
🎯 Retrying quest 6148 (12/246)
[2025-11-03T10:00:19.008Z] ✅ Quest 6148: Required level 56
[2025-11-03T10:00:19.009Z] ✅ Successfully fetched quest 6148: level 56
[2025-11-03T10:00:21.010Z] 
🎯 Retrying quest 40722 (13/246)
[2025-11-03T10:00:25.099Z] ✅ Quest 40722: Required level 30
[2025-11-03T10:00:25.099Z] ✅ Successfully fetched quest 40722: level 30
[2025-11-03T10:00:27.100Z] 
🎯 Retrying quest 257 (14/246)
[2025-11-03T10:00:31.190Z] ✅ Quest 257: Required level 11
[2025-11-03T10:00:31.190Z] ✅ Successfully fetched quest 257: level 11
[2025-11-03T10:00:33.192Z] 
🎯 Retrying quest 296 (15/246)
[2025-11-03T10:00:37.284Z] ✅ Quest 296: Required level 22
[2025-11-03T10:00:37.285Z] ✅ Successfully fetched quest 296: level 22
[2025-11-03T10:00:39.286Z] 
🎯 Retrying quest 855 (16/246)
[2025-11-03T10:00:43.377Z] ✅ Quest 855: Required level 9
[2025-11-03T10:00:43.378Z] ✅ Successfully fetched quest 855: level 9
[2025-11-03T10:00:45.379Z] 
🎯 Retrying quest 1044 (17/246)
[2025-11-03T10:00:49.470Z] ✅ Quest 1044: Required level 25
[2025-11-03T10:00:49.471Z] ✅ Successfully fetched quest 1044: level 25
[2025-11-03T10:00:51.472Z] 
🎯 Retrying quest 1197 (18/246)
[2025-11-03T10:00:55.561Z] ✅ Quest 1197: Required level 20
[2025-11-03T10:00:55.561Z] ✅ Successfully fetched quest 1197: level 20
[2025-11-03T10:00:57.562Z] 
🎯 Retrying quest 208 (19/246)
[2025-11-03T10:01:01.658Z] ✅ Quest 208: Required level 28
[2025-11-03T10:01:01.658Z] ✅ Successfully fetched quest 208: level 28
[2025-11-03T10:01:03.660Z] 
🎯 Retrying quest 7064 (20/246)
[2025-11-03T10:01:07.747Z] ✅ Quest 7064: Required level 45
[2025-11-03T10:01:07.747Z] ✅ Successfully fetched quest 7064: level 45
[2025-11-03T10:01:09.748Z] 
🎯 Retrying quest 7065 (21/246)
[2025-11-03T10:01:13.834Z] ✅ Quest 7065: Required level 45
[2025-11-03T10:01:13.834Z] ✅ Successfully fetched quest 7065: level 45
[2025-11-03T10:01:15.838Z] 
🎯 Retrying quest 7847 (22/246)
[2025-11-03T10:01:19.897Z] ✅ Quest 7847: Required level 46
[2025-11-03T10:01:19.898Z] ✅ Successfully fetched quest 7847: level 46
[2025-11-03T10:01:21.899Z] 
🎯 Retrying quest 8283 (23/246)
[2025-11-03T10:01:25.900Z] ✅ Quest 8283: Required level 54
[2025-11-03T10:01:25.901Z] ✅ Successfully fetched quest 8283: level 54
[2025-11-03T10:01:27.902Z] 
🎯 Retrying quest 80393 (24/246)
[2025-11-03T10:01:31.903Z] ✅ Quest 80393: Required level 40
[2025-11-03T10:01:31.904Z] ✅ Successfully fetched quest 80393: level 40
[2025-11-03T10:01:33.905Z] 
🎯 Retrying quest 41646 (25/246)
[2025-11-03T10:01:37.579Z] ✅ Quest 41646: Required level 34
[2025-11-03T10:01:37.579Z] ✅ Successfully fetched quest 41646: level 34
[2025-11-03T10:01:39.581Z] 
🎯 Retrying quest 40226 (26/246)
[2025-11-03T10:01:43.681Z] ✅ Quest 40226: Required level 25
[2025-11-03T10:01:43.682Z] ✅ Successfully fetched quest 40226: level 25
[2025-11-03T10:01:45.682Z] 
🎯 Retrying quest 40263 (27/246)
[2025-11-03T10:01:49.777Z] ✅ Quest 40263: Required level 10
[2025-11-03T10:01:49.777Z] ✅ Successfully fetched quest 40263: level 10
[2025-11-03T10:01:51.778Z] 
🎯 Retrying quest 40806 (28/246)
[2025-11-03T10:01:55.870Z] ✅ Quest 40806: Required level 25
[2025-11-03T10:01:55.870Z] ✅ Successfully fetched quest 40806: level 25
[2025-11-03T10:01:57.872Z] 
🎯 Retrying quest 40812 (29/246)
[2025-11-03T10:02:01.919Z] ✅ Quest 40812: Required level 25
[2025-11-03T10:02:01.920Z] ✅ Successfully fetched quest 40812: level 25
[2025-11-03T10:02:03.921Z] 
🎯 Retrying quest 835 (30/246)
[2025-11-03T10:02:07.919Z] ✅ Quest 835: Required level 7
[2025-11-03T10:02:07.919Z] ✅ Successfully fetched quest 835: level 7
[2025-11-03T10:02:09.921Z] 
🎯 Retrying quest 935 (31/246)
[2025-11-03T10:02:13.924Z] ✅ Quest 935: Required level 1
[2025-11-03T10:02:13.925Z] ✅ Successfully fetched quest 935: level 1
[2025-11-03T10:02:15.928Z] 
🎯 Retrying quest 80204 (32/246)
[2025-11-03T10:02:19.929Z] ✅ Quest 80204: Required level 2
[2025-11-03T10:02:19.930Z] ✅ Successfully fetched quest 80204: level 2
[2025-11-03T10:02:21.932Z] 
🎯 Retrying quest 40565 (33/246)
[2025-11-03T10:02:25.933Z] ✅ Quest 40565: Required level 30
[2025-11-03T10:02:25.934Z] ✅ Successfully fetched quest 40565: level 30
[2025-11-03T10:02:27.935Z] 
🎯 Retrying quest 41038 (34/246)
[2025-11-03T10:02:31.937Z] ✅ Quest 41038: Required level 55
[2025-11-03T10:02:31.938Z] ✅ Successfully fetched quest 41038: level 55
[2025-11-03T10:02:33.939Z] 
🎯 Retrying quest 41143 (35/246)
[2025-11-03T10:02:37.944Z] ✅ Quest 41143: Required level 40
[2025-11-03T10:02:37.945Z] ✅ Successfully fetched quest 41143: level 40
[2025-11-03T10:02:39.946Z] 
🎯 Retrying quest 40036 (36/246)
[2025-11-03T10:02:43.945Z] ✅ Quest 40036: Required level 45
[2025-11-03T10:02:43.945Z] ✅ Successfully fetched quest 40036: level 45
[2025-11-03T10:02:45.947Z] 
🎯 Retrying quest 40328 (37/246)
[2025-11-03T10:02:49.733Z] ✅ Quest 40328: Required level 38
[2025-11-03T10:02:49.733Z] ✅ Successfully fetched quest 40328: level 38
[2025-11-03T10:02:51.734Z] 
🎯 Retrying quest 40449 (38/246)
[2025-11-03T10:02:55.823Z] ✅ Quest 40449: Required level 27
[2025-11-03T10:02:55.823Z] ✅ Successfully fetched quest 40449: level 27
[2025-11-03T10:02:57.824Z] 
🎯 Retrying quest 40975 (39/246)
[2025-11-03T10:03:01.911Z] ✅ Quest 40975: Required level 35
[2025-11-03T10:03:01.911Z] ✅ Successfully fetched quest 40975: level 35
[2025-11-03T10:03:03.912Z] 
🎯 Retrying quest 7509 (40/246)
[2025-11-03T10:03:07.958Z] ✅ Quest 7509: Required level 60
[2025-11-03T10:03:07.958Z] ✅ Successfully fetched quest 7509: level 60
[2025-11-03T10:03:09.959Z] 
🎯 Retrying quest 7787 (41/246)
[2025-11-03T10:03:13.959Z] ✅ Quest 7787: Required level 60
[2025-11-03T10:03:13.959Z] ✅ Successfully fetched quest 7787: level 60
[2025-11-03T10:03:15.963Z] 
🎯 Retrying quest 8711 (42/246)
[2025-11-03T10:03:19.964Z] ✅ Quest 8711: Required level 60
[2025-11-03T10:03:19.965Z] ✅ Successfully fetched quest 8711: level 60
[2025-11-03T10:03:21.966Z] 
🎯 Retrying quest 8707 (43/246)
[2025-11-03T10:03:25.968Z] ✅ Quest 8707: Required level 60
[2025-11-03T10:03:25.968Z] ✅ Successfully fetched quest 8707: level 60
[2025-11-03T10:03:27.969Z] 
🎯 Retrying quest 8745 (44/246)
[2025-11-03T10:03:31.971Z] ✅ Quest 8745: Required level 60
[2025-11-03T10:03:31.972Z] ✅ Successfully fetched quest 8745: level 60
[2025-11-03T10:03:33.973Z] 
🎯 Retrying quest 5265 (45/246)
[2025-11-03T10:03:37.975Z] ✅ Quest 5265: Required level 55
[2025-11-03T10:03:37.976Z] ✅ Successfully fetched quest 5265: level 55
[2025-11-03T10:03:39.976Z] 
🎯 Retrying quest 41814 (46/246)
[2025-11-03T10:03:43.979Z] ✅ Quest 41814: Required level 28
[2025-11-03T10:03:43.979Z] ✅ Successfully fetched quest 41814: level 28
[2025-11-03T10:03:45.980Z] 
🎯 Retrying quest 40401 (47/246)
[2025-11-03T10:03:49.983Z] ✅ Quest 40401: Required level 47
[2025-11-03T10:03:49.984Z] ✅ Successfully fetched quest 40401: level 47
[2025-11-03T10:03:51.986Z] 
🎯 Retrying quest 41026 (48/246)
[2025-11-03T10:03:55.987Z] ✅ Quest 41026: Required level 55
[2025-11-03T10:03:55.988Z] ✅ Successfully fetched quest 41026: level 55
[2025-11-03T10:03:57.989Z] 
🎯 Retrying quest 914 (49/246)
[2025-11-03T10:04:01.774Z] ✅ Quest 914: Required level 10
[2025-11-03T10:04:01.774Z] ✅ Successfully fetched quest 914: level 10
[2025-11-03T10:04:03.776Z] 
🎯 Retrying quest 1053 (50/246)
[2025-11-03T10:04:07.868Z] ✅ Quest 1053: Required level 34
[2025-11-03T10:04:07.868Z] ✅ Successfully fetched quest 1053: level 34
[2025-11-03T10:04:09.870Z] 
🎯 Retrying quest 5056 (51/246)
[2025-11-03T10:04:09.871Z] 🔄 Restarting browser for fresh session...
[2025-11-03T10:04:10.005Z] 🔒 Browser closed
[2025-11-03T10:04:10.006Z] 🚀 Initializing browser with anti-detection...
[2025-11-03T10:04:10.422Z] ✅ Browser initialized with stealth mode
[2025-11-03T10:04:14.415Z] ✅ Quest 5056: Required level 53
[2025-11-03T10:04:14.416Z] ✅ Successfully fetched quest 5056: level 53
[2025-11-03T10:04:16.420Z] 
🎯 Retrying quest 5384 (52/246)
[2025-11-03T10:04:20.560Z] ✅ Quest 5384: Required level 55
[2025-11-03T10:04:20.561Z] ✅ Successfully fetched quest 5384: level 55
[2025-11-03T10:04:22.561Z] 
🎯 Retrying quest 909 (53/246)
[2025-11-03T10:04:26.650Z] ✅ Quest 909: Required level 25
[2025-11-03T10:04:26.650Z] ✅ Successfully fetched quest 909: level 25
[2025-11-03T10:04:28.652Z] 
🎯 Retrying quest 6922 (54/246)
[2025-11-03T10:04:32.790Z] ✅ Quest 6922: Required level 21
[2025-11-03T10:04:32.790Z] ✅ Successfully fetched quest 6922: level 21
[2025-11-03T10:04:34.792Z] 
🎯 Retrying quest 9023 (55/246)
[2025-11-03T10:04:38.879Z] ✅ Quest 9023: Required level 60
[2025-11-03T10:04:38.879Z] ✅ Successfully fetched quest 9023: level 60
[2025-11-03T10:04:40.880Z] 
🎯 Retrying quest 80411 (56/246)
[2025-11-03T10:04:44.971Z] ✅ Quest 80411: Required level 60
[2025-11-03T10:04:44.972Z] ✅ Successfully fetched quest 80411: level 60
[2025-11-03T10:04:46.974Z] 
🎯 Retrying quest 386 (57/246)
[2025-11-03T10:04:51.061Z] ✅ Quest 386: Required level 22
[2025-11-03T10:04:51.061Z] ✅ Successfully fetched quest 386: level 22
[2025-11-03T10:04:53.062Z] 
🎯 Retrying quest 258 (58/246)
[2025-11-03T10:04:57.146Z] ✅ Quest 258: Required level 11
[2025-11-03T10:04:57.147Z] ✅ Successfully fetched quest 258: level 11
[2025-11-03T10:04:59.148Z] 
🎯 Retrying quest 762 (59/246)
[2025-11-03T10:05:03.232Z] ✅ Quest 762: Required level 35
[2025-11-03T10:05:03.233Z] ✅ Successfully fetched quest 762: level 35
[2025-11-03T10:05:05.234Z] 
🎯 Retrying quest 876 (60/246)
[2025-11-03T10:05:09.323Z] ✅ Quest 876: Required level 12
[2025-11-03T10:05:09.323Z] ✅ Successfully fetched quest 876: level 12
[2025-11-03T10:05:11.325Z] 
🎯 Retrying quest 1693 (61/246)
[2025-11-03T10:05:15.410Z] ✅ Quest 1693: Required level 10
[2025-11-03T10:05:15.410Z] ✅ Successfully fetched quest 1693: level 10
[2025-11-03T10:05:17.414Z] 
🎯 Retrying quest 1667 (62/246)
[2025-11-03T10:05:21.500Z] ✅ Quest 1667: Required level 10
[2025-11-03T10:05:21.500Z] ✅ Successfully fetched quest 1667: level 10
[2025-11-03T10:05:23.501Z] 
🎯 Retrying quest 1822 (63/246)
[2025-11-03T10:05:27.420Z] ✅ Quest 1822: Required level 10
[2025-11-03T10:05:27.421Z] ✅ Successfully fetched quest 1822: level 10
[2025-11-03T10:05:29.422Z] 
🎯 Retrying quest 3625 (64/246)
[2025-11-03T10:05:33.554Z] ✅ Quest 3625: Required level 45
[2025-11-03T10:05:33.555Z] ✅ Successfully fetched quest 3625: level 45
[2025-11-03T10:05:35.555Z] 
🎯 Retrying quest 3962 (65/246)
[2025-11-03T10:05:39.693Z] ✅ Quest 3962: Required level 47
[2025-11-03T10:05:39.694Z] ✅ Successfully fetched quest 3962: level 47
[2025-11-03T10:05:41.695Z] 
🎯 Retrying quest 4322 (66/246)
[2025-11-03T10:05:45.829Z] ✅ Quest 4322: Required level 50
[2025-11-03T10:05:45.829Z] ✅ Successfully fetched quest 4322: level 50
[2025-11-03T10:05:47.831Z] 
🎯 Retrying quest 4813 (67/246)
[2025-11-03T10:05:51.917Z] ✅ Quest 4813: Required level 12
[2025-11-03T10:05:51.918Z] ✅ Successfully fetched quest 4813: level 12
[2025-11-03T10:05:53.918Z] 
🎯 Retrying quest 6024 (68/246)
[2025-11-03T10:05:57.999Z] ✅ Quest 6024: Required level 54
[2025-11-03T10:05:58.000Z] ✅ Successfully fetched quest 6024: level 54
[2025-11-03T10:06:00.001Z] 
🎯 Retrying quest 6284 (69/246)
[2025-11-03T10:06:04.093Z] ✅ Quest 6284: Required level 15
[2025-11-03T10:06:04.094Z] ✅ Successfully fetched quest 6284: level 15
[2025-11-03T10:06:06.095Z] 
🎯 Retrying quest 2561 (70/246)
[2025-11-03T10:06:10.184Z] ✅ Quest 2561: Required level 3
[2025-11-03T10:06:10.185Z] ✅ Successfully fetched quest 2561: level 3
[2025-11-03T10:06:12.186Z] 
🎯 Retrying quest 41768 (71/246)
[2025-11-03T10:06:16.280Z] ✅ Quest 41768: Required level 26
[2025-11-03T10:06:16.281Z] ✅ Successfully fetched quest 41768: level 26
[2025-11-03T10:06:18.285Z] 
🎯 Retrying quest 40602 (72/246)
[2025-11-03T10:06:22.375Z] ✅ Quest 40602: Required level 15
[2025-11-03T10:06:22.376Z] ✅ Successfully fetched quest 40602: level 15
[2025-11-03T10:06:24.376Z] 
🎯 Retrying quest 55051 (73/246)
[2025-11-03T10:06:28.470Z] ✅ Quest 55051: Required level 30
[2025-11-03T10:06:28.470Z] ✅ Successfully fetched quest 55051: level 30
[2025-11-03T10:06:30.471Z] 
🎯 Retrying quest 214 (74/246)
[2025-11-03T10:06:34.437Z] ✅ Quest 214: Required level 14
[2025-11-03T10:06:34.438Z] ✅ Successfully fetched quest 214: level 14
[2025-11-03T10:06:36.439Z] 
🎯 Retrying quest 381 (75/246)
[2025-11-03T10:06:40.570Z] ✅ Quest 381: Required level 2
[2025-11-03T10:06:40.570Z] ✅ Successfully fetched quest 381: level 2
[2025-11-03T10:06:42.571Z] 
🎯 Retrying quest 435 (76/246)
[2025-11-03T10:06:46.439Z] ✅ Quest 435: Required level 10
[2025-11-03T10:06:46.440Z] ✅ Successfully fetched quest 435: level 10
[2025-11-03T10:06:48.440Z] 
🎯 Retrying quest 442 (77/246)
[2025-11-03T10:06:52.522Z] ✅ Quest 442: Required level 10
[2025-11-03T10:06:52.522Z] ✅ Successfully fetched quest 442: level 10
[2025-11-03T10:06:54.524Z] 
🎯 Retrying quest 41260 (78/246)
[2025-11-03T10:06:58.444Z] ✅ Quest 41260: Required level 10
[2025-11-03T10:06:58.444Z] ✅ Successfully fetched quest 41260: level 10
[2025-11-03T10:07:00.446Z] 
🎯 Retrying quest 1682 (79/246)
[2025-11-03T10:07:04.554Z] ✅ Quest 1682: Required level 10
[2025-11-03T10:07:04.555Z] ✅ Successfully fetched quest 1682: level 10
[2025-11-03T10:07:06.556Z] 
🎯 Retrying quest 1503 (80/246)
[2025-11-03T10:07:10.446Z] ✅ Quest 1503: Required level 10
[2025-11-03T10:07:10.447Z] ✅ Successfully fetched quest 1503: level 10
[2025-11-03T10:07:12.448Z] 
🎯 Retrying quest 5385 (81/246)
[2025-11-03T10:07:16.380Z] ✅ Quest 5385: Required level 49
[2025-11-03T10:07:16.381Z] ✅ Successfully fetched quest 5385: level 49
[2025-11-03T10:07:18.384Z] 
🎯 Retrying quest 6544 (82/246)
[2025-11-03T10:07:22.453Z] ✅ Quest 6544: Required level 20
[2025-11-03T10:07:22.453Z] ✅ Successfully fetched quest 6544: level 20
[2025-11-03T10:07:24.455Z] 
🎯 Retrying quest 7003 (83/246)
[2025-11-03T10:07:28.640Z] ✅ Quest 7003: Required level 45
[2025-11-03T10:07:28.641Z] ✅ Successfully fetched quest 7003: level 45
[2025-11-03T10:07:30.642Z] 
🎯 Retrying quest 41158 (84/246)
[2025-11-03T10:07:34.455Z] ✅ Quest 41158: Required level 1
[2025-11-03T10:07:34.455Z] ✅ Successfully fetched quest 41158: level 1
[2025-11-03T10:07:36.457Z] 
🎯 Retrying quest 80409 (85/246)
[2025-11-03T10:07:40.540Z] ✅ Quest 80409: Required level 40
[2025-11-03T10:07:40.541Z] ✅ Successfully fetched quest 80409: level 40
[2025-11-03T10:07:42.542Z] 
🎯 Retrying quest 40075 (86/246)
[2025-11-03T10:07:46.455Z] ✅ Quest 40075: Required level 30
[2025-11-03T10:07:46.456Z] ✅ Successfully fetched quest 40075: level 30
[2025-11-03T10:07:48.456Z] 
🎯 Retrying quest 46 (87/246)
[2025-11-03T10:07:52.186Z] ✅ Quest 46: Required level 7
[2025-11-03T10:07:52.186Z] ✅ Successfully fetched quest 46: level 7
[2025-11-03T10:07:54.187Z] 
🎯 Retrying quest 18 (88/246)
[2025-11-03T10:07:58.275Z] ✅ Quest 18: Required level 2
[2025-11-03T10:07:58.275Z] ✅ Successfully fetched quest 18: level 2
[2025-11-03T10:08:00.275Z] 
🎯 Retrying quest 916 (89/246)
[2025-11-03T10:08:04.361Z] ✅ Quest 916: Required level 3
[2025-11-03T10:08:04.362Z] ✅ Successfully fetched quest 916: level 3
[2025-11-03T10:08:06.363Z] 
🎯 Retrying quest 41192 (90/246)
[2025-11-03T10:08:10.448Z] ✅ Quest 41192: Required level 3
[2025-11-03T10:08:10.448Z] ✅ Successfully fetched quest 41192: level 3
[2025-11-03T10:08:12.450Z] 
🎯 Retrying quest 41217 (91/246)
[2025-11-03T10:08:16.456Z] ✅ Quest 41217: Required level 4
[2025-11-03T10:08:16.456Z] ✅ Successfully fetched quest 41217: level 4
[2025-11-03T10:08:18.459Z] 
🎯 Retrying quest 8790 (92/246)
[2025-11-03T10:08:22.463Z] ✅ Quest 8790: Required level 60
[2025-11-03T10:08:22.464Z] ✅ Successfully fetched quest 8790: level 60
[2025-11-03T10:08:24.465Z] 
🎯 Retrying quest 9270 (93/246)
[2025-11-03T10:08:28.554Z] ✅ Quest 9270: Required level 60
[2025-11-03T10:08:28.554Z] ✅ Successfully fetched quest 9270: level 60
[2025-11-03T10:08:30.555Z] 
🎯 Retrying quest 9271 (94/246)
[2025-11-03T10:08:34.466Z] ✅ Quest 9271: Required level 60
[2025-11-03T10:08:34.466Z] ✅ Successfully fetched quest 9271: level 60
[2025-11-03T10:08:36.467Z] 
🎯 Retrying quest 9257 (95/246)
[2025-11-03T10:08:40.551Z] ✅ Quest 9257: Required level 60
[2025-11-03T10:08:40.551Z] ✅ Successfully fetched quest 9257: level 60
[2025-11-03T10:08:42.552Z] 
🎯 Retrying quest 9269 (96/246)
[2025-11-03T10:08:46.469Z] ✅ Quest 9269: Required level 60
[2025-11-03T10:08:46.469Z] ✅ Successfully fetched quest 9269: level 60
[2025-11-03T10:08:48.470Z] 
🎯 Retrying quest 40254 (97/246)
[2025-11-03T10:08:52.565Z] ✅ Quest 40254: Required level 45
[2025-11-03T10:08:52.565Z] ✅ Successfully fetched quest 40254: level 45
[2025-11-03T10:08:54.566Z] 
🎯 Retrying quest 1958 (98/246)
[2025-11-03T10:08:58.474Z] ✅ Quest 1958: Required level 35
[2025-11-03T10:08:58.474Z] ✅ Successfully fetched quest 1958: level 35
[2025-11-03T10:09:00.474Z] 
🎯 Retrying quest 4771 (99/246)
[2025-11-03T10:09:04.352Z] ✅ Quest 4771: Required level 57
[2025-11-03T10:09:04.358Z] ✅ Successfully fetched quest 4771: level 57
[2025-11-03T10:09:06.359Z] 
🎯 Retrying quest 9053 (100/246)
[2025-11-03T10:09:10.445Z] ✅ Quest 9053: Required level 50
[2025-11-03T10:09:10.446Z] ✅ Successfully fetched quest 9053: level 50
[2025-11-03T10:09:12.447Z] 
🎯 Retrying quest 60116 (101/246)
[2025-11-03T10:09:12.447Z] 🔄 Restarting browser for fresh session...
[2025-11-03T10:09:12.571Z] 🔒 Browser closed
[2025-11-03T10:09:12.571Z] 🚀 Initializing browser with anti-detection...
[2025-11-03T10:09:12.980Z] ✅ Browser initialized with stealth mode
[2025-11-03T10:09:16.968Z] ✅ Quest 60116: Required level 27
[2025-11-03T10:09:16.969Z] ✅ Successfully fetched quest 60116: level 27
[2025-11-03T10:09:18.972Z] 
🎯 Retrying quest 40214 (102/246)
[2025-11-03T10:09:23.089Z] ✅ Quest 40214: Required level 40
[2025-11-03T10:09:23.089Z] ✅ Successfully fetched quest 40214: level 40
[2025-11-03T10:09:25.090Z] 
🎯 Retrying quest 41257 (103/246)
[2025-11-03T10:09:29.176Z] ✅ Quest 41257: Required level 10
[2025-11-03T10:09:29.176Z] ✅ Successfully fetched quest 41257: level 10
[2025-11-03T10:09:31.177Z] 
🎯 Retrying quest 1880 (104/246)
[2025-11-03T10:09:35.257Z] ✅ Quest 1880: Required level 10
[2025-11-03T10:09:35.258Z] ✅ Successfully fetched quest 1880: level 10
[2025-11-03T10:09:37.259Z] 
🎯 Retrying quest 1882 (105/246)
[2025-11-03T10:09:41.348Z] ✅ Quest 1882: Required level 10
[2025-11-03T10:09:41.349Z] ✅ Successfully fetched quest 1882: level 10
[2025-11-03T10:09:43.349Z] 
🎯 Retrying quest 3129 (106/246)
[2025-11-03T10:09:47.449Z] ✅ Quest 3129: Required level 40
[2025-11-03T10:09:47.450Z] ✅ Successfully fetched quest 3129: level 40
[2025-11-03T10:09:49.451Z] 
🎯 Retrying quest 8422 (107/246)
[2025-11-03T10:09:53.530Z] ✅ Quest 8422: Required level 50
[2025-11-03T10:09:53.531Z] ✅ Successfully fetched quest 8422: level 50
[2025-11-03T10:09:55.532Z] 
🎯 Retrying quest 8413 (108/246)
[2025-11-03T10:09:59.621Z] ✅ Quest 8413: Required level 50
[2025-11-03T10:09:59.621Z] ✅ Successfully fetched quest 8413: level 50
[2025-11-03T10:10:01.623Z] 
🎯 Retrying quest 80312 (109/246)
[2025-11-03T10:10:05.709Z] ✅ Quest 80312: Required level 14
[2025-11-03T10:10:05.709Z] ✅ Successfully fetched quest 80312: level 14
[2025-11-03T10:10:07.710Z] 
🎯 Retrying quest 408 (110/246)
[2025-11-03T10:10:11.805Z] ✅ Quest 408: Required level 7
[2025-11-03T10:10:11.805Z] ✅ Successfully fetched quest 408: level 7
[2025-11-03T10:10:13.807Z] 
🎯 Retrying quest 480 (111/246)
[2025-11-03T10:10:17.955Z] ✅ Quest 480: Required level 10
[2025-11-03T10:10:17.956Z] ✅ Successfully fetched quest 480: level 10
[2025-11-03T10:10:19.959Z] 
🎯 Retrying quest 853 (112/246)
[2025-11-03T10:10:24.141Z] ✅ Quest 853: Required level 10
[2025-11-03T10:10:24.141Z] ✅ Successfully fetched quest 853: level 10
[2025-11-03T10:10:26.142Z] 
🎯 Retrying quest 41182 (113/246)
[2025-11-03T10:10:30.229Z] ✅ Quest 41182: Required level 10
[2025-11-03T10:10:30.229Z] ✅ Successfully fetched quest 41182: level 10
[2025-11-03T10:10:32.231Z] 
🎯 Retrying quest 1884 (114/246)
[2025-11-03T10:10:36.316Z] ✅ Quest 1884: Required level 10
[2025-11-03T10:10:36.316Z] ✅ Successfully fetched quest 1884: level 10
[2025-11-03T10:10:38.318Z] 
🎯 Retrying quest 1861 (115/246)
[2025-11-03T10:10:42.406Z] ✅ Quest 1861: Required level 10
[2025-11-03T10:10:42.406Z] ✅ Successfully fetched quest 1861: level 10
[2025-11-03T10:10:44.408Z] 
🎯 Retrying quest 8306 (116/246)
[2025-11-03T10:10:48.542Z] ✅ Quest 8306: Required level 58
[2025-11-03T10:10:48.542Z] ✅ Successfully fetched quest 8306: level 58
[2025-11-03T10:10:50.544Z] 
🎯 Retrying quest 40121 (117/246)
[2025-11-03T10:10:54.631Z] ✅ Quest 40121: Required level 21
[2025-11-03T10:10:54.631Z] ✅ Successfully fetched quest 40121: level 21
[2025-11-03T10:10:56.632Z] 
🎯 Retrying quest 40339 (118/246)
[2025-11-03T10:11:00.776Z] ✅ Quest 40339: Required level 10
[2025-11-03T10:11:00.776Z] ✅ Successfully fetched quest 40339: level 10
[2025-11-03T10:11:02.779Z] 
🎯 Retrying quest 40876 (119/246)
[2025-11-03T10:11:06.894Z] ✅ Quest 40876: Required level 55
[2025-11-03T10:11:06.894Z] ✅ Successfully fetched quest 40876: level 55
[2025-11-03T10:11:08.897Z] 
🎯 Retrying quest 40908 (120/246)
[2025-11-03T10:11:12.988Z] ✅ Quest 40908: Required level 40
[2025-11-03T10:11:12.989Z] ✅ Successfully fetched quest 40908: level 40
[2025-11-03T10:11:14.990Z] 
🎯 Retrying quest 70028 (121/246)
[2025-11-03T10:11:19.002Z] ✅ Quest 70028: Required level 25
[2025-11-03T10:11:19.002Z] ✅ Successfully fetched quest 70028: level 25
[2025-11-03T10:11:21.006Z] 
🎯 Retrying quest 80108 (122/246)
[2025-11-03T10:11:25.008Z] ✅ Quest 80108: Required level 4
[2025-11-03T10:11:25.009Z] ✅ Successfully fetched quest 80108: level 4
[2025-11-03T10:11:27.011Z] 
🎯 Retrying quest 760 (123/246)
[2025-11-03T10:11:31.013Z] ✅ Quest 760: Required level 4
[2025-11-03T10:11:31.013Z] ✅ Successfully fetched quest 760: level 4
[2025-11-03T10:11:33.015Z] 
🎯 Retrying quest 913 (124/246)
[2025-11-03T10:11:37.017Z] ✅ Quest 913: Required level 10
[2025-11-03T10:11:37.018Z] ✅ Successfully fetched quest 913: level 10
[2025-11-03T10:11:39.020Z] 
🎯 Retrying quest 973 (125/246)
[2025-11-03T10:11:42.706Z] ✅ Quest 973: Required level 13
[2025-11-03T10:11:42.706Z] ✅ Successfully fetched quest 973: level 13
[2025-11-03T10:11:44.707Z] 
🎯 Retrying quest 2846 (126/246)
[2025-11-03T10:11:48.789Z] ✅ Quest 2846: Required level 40
[2025-11-03T10:11:48.790Z] ✅ Successfully fetched quest 2846: level 40
[2025-11-03T10:11:50.791Z] 
🎯 Retrying quest 3161 (127/246)
[2025-11-03T10:11:54.877Z] ✅ Quest 3161: Required level 43
[2025-11-03T10:11:54.878Z] ✅ Successfully fetched quest 3161: level 43
[2025-11-03T10:11:56.879Z] 
🎯 Retrying quest 4266 (128/246)
[2025-11-03T10:12:00.968Z] ✅ Quest 4266: Required level 40
[2025-11-03T10:12:00.968Z] ✅ Successfully fetched quest 4266: level 40
[2025-11-03T10:12:02.970Z] 
🎯 Retrying quest 4975 (129/246)
[2025-11-03T10:12:07.034Z] ✅ Quest 4975: Required level 35
[2025-11-03T10:12:07.035Z] ✅ Successfully fetched quest 4975: level 35
[2025-11-03T10:12:09.036Z] 
🎯 Retrying quest 4964 (130/246)
[2025-11-03T10:12:13.036Z] ✅ Quest 4964: Required level 35
[2025-11-03T10:12:13.037Z] ✅ Successfully fetched quest 4964: level 35
[2025-11-03T10:12:15.037Z] 
🎯 Retrying quest 1740 (131/246)
[2025-11-03T10:12:19.040Z] ✅ Quest 1740: Required level 20
[2025-11-03T10:12:19.041Z] ✅ Successfully fetched quest 1740: level 20
[2025-11-03T10:12:21.044Z] 
🎯 Retrying quest 5730 (132/246)
[2025-11-03T10:12:25.043Z] ✅ Quest 5730: Required level 9
[2025-11-03T10:12:25.044Z] ✅ Successfully fetched quest 5730: level 9
[2025-11-03T10:12:27.044Z] 
🎯 Retrying quest 6136 (133/246)
[2025-11-03T10:12:31.046Z] ✅ Quest 6136: Required level 56
[2025-11-03T10:12:31.046Z] ✅ Successfully fetched quest 6136: level 56
[2025-11-03T10:12:33.047Z] 
🎯 Retrying quest 41292 (134/246)
[2025-11-03T10:12:37.050Z] ✅ Quest 41292: Required level 34
[2025-11-03T10:12:37.051Z] ✅ Successfully fetched quest 41292: level 34
[2025-11-03T10:12:39.053Z] 
🎯 Retrying quest 41637 (135/246)
[2025-11-03T10:12:43.053Z] ✅ Quest 41637: Required level 24
[2025-11-03T10:12:43.053Z] ✅ Successfully fetched quest 41637: level 24
[2025-11-03T10:12:45.055Z] 
🎯 Retrying quest 41037 (136/246)
[2025-11-03T10:12:49.055Z] ✅ Quest 41037: Required level 38
[2025-11-03T10:12:49.055Z] ✅ Successfully fetched quest 41037: level 38
[2025-11-03T10:12:51.057Z] 
🎯 Retrying quest 320 (137/246)
[2025-11-03T10:12:54.846Z] ✅ Quest 320: Required level 2
[2025-11-03T10:12:54.846Z] ✅ Successfully fetched quest 320: level 2
[2025-11-03T10:12:56.848Z] 
🎯 Retrying quest 382 (138/246)
[2025-11-03T10:13:00.977Z] ✅ Quest 382: Required level 2
[2025-11-03T10:13:00.977Z] ✅ Successfully fetched quest 382: level 2
[2025-11-03T10:13:02.978Z] 
🎯 Retrying quest 218 (139/246)
[2025-11-03T10:13:07.061Z] ✅ Quest 218: Required level 1
[2025-11-03T10:13:07.061Z] ✅ Successfully fetched quest 218: level 1
[2025-11-03T10:13:09.062Z] 
🎯 Retrying quest 757 (140/246)
[2025-11-03T10:13:13.067Z] ✅ Quest 757: Required level 1
[2025-11-03T10:13:13.067Z] ✅ Successfully fetched quest 757: level 1
[2025-11-03T10:13:15.068Z] 
🎯 Retrying quest 1499 (141/246)
[2025-11-03T10:13:19.072Z] ✅ Quest 1499: Required level 1
[2025-11-03T10:13:19.073Z] ✅ Successfully fetched quest 1499: level 1
[2025-11-03T10:13:21.076Z] 
🎯 Retrying quest 792 (142/246)
[2025-11-03T10:13:25.072Z] ✅ Quest 792: Required level 2
[2025-11-03T10:13:25.072Z] ✅ Successfully fetched quest 792: level 2
[2025-11-03T10:13:27.074Z] 
🎯 Retrying quest 41185 (143/246)
[2025-11-03T10:13:30.758Z] ✅ Quest 41185: Required level 3
[2025-11-03T10:13:30.758Z] ✅ Successfully fetched quest 41185: level 3
[2025-11-03T10:13:32.760Z] 
🎯 Retrying quest 80102 (144/246)
[2025-11-03T10:13:36.850Z] ✅ Quest 80102: Required level 2
[2025-11-03T10:13:36.851Z] ✅ Successfully fetched quest 80102: level 2
[2025-11-03T10:13:38.852Z] 
🎯 Retrying quest 8573 (145/246)
[2025-11-03T10:13:43.028Z] ✅ Quest 8573: Required level 60
[2025-11-03T10:13:43.028Z] ✅ Successfully fetched quest 8573: level 60
[2025-11-03T10:13:45.029Z] 
🎯 Retrying quest 893 (146/246)
[2025-11-03T10:13:49.084Z] ✅ Quest 893: Required level 17
[2025-11-03T10:13:49.084Z] ✅ Successfully fetched quest 893: level 17
[2025-11-03T10:13:51.085Z] 
🎯 Retrying quest 1806 (147/246)
[2025-11-03T10:13:55.088Z] ✅ Quest 1806: Required level 20
[2025-11-03T10:13:55.088Z] ✅ Successfully fetched quest 1806: level 20
[2025-11-03T10:13:57.090Z] 
🎯 Retrying quest 1792 (148/246)
[2025-11-03T10:14:01.090Z] ✅ Quest 1792: Required level 30
[2025-11-03T10:14:01.091Z] ✅ Successfully fetched quest 1792: level 30
[2025-11-03T10:14:03.091Z] 
🎯 Retrying quest 1383 (149/246)
[2025-11-03T10:14:07.096Z] ✅ Quest 1383: Required level 37
[2025-11-03T10:14:07.096Z] ✅ Successfully fetched quest 1383: level 37
[2025-11-03T10:14:09.098Z] 
🎯 Retrying quest 5088 (150/246)
[2025-11-03T10:14:13.097Z] ✅ Quest 5088: Required level 24
[2025-11-03T10:14:13.098Z] ✅ Successfully fetched quest 5088: level 24
[2025-11-03T10:14:15.099Z] 
🎯 Retrying quest 41202 (151/246)
[2025-11-03T10:14:15.100Z] 🔄 Restarting browser for fresh session...
[2025-11-03T10:14:15.220Z] 🔒 Browser closed
[2025-11-03T10:14:15.220Z] 🚀 Initializing browser with anti-detection...
[2025-11-03T10:14:15.622Z] ✅ Browser initialized with stealth mode
[2025-11-03T10:14:19.616Z] ✅ Quest 41202: Required level 10
[2025-11-03T10:14:19.617Z] ✅ Successfully fetched quest 41202: level 10
[2025-11-03T10:14:21.619Z] 
🎯 Retrying quest 41825 (152/246)
[2025-11-03T10:14:25.716Z] ✅ Quest 41825: Required level 29
[2025-11-03T10:14:25.716Z] ✅ Successfully fetched quest 41825: level 29
[2025-11-03T10:14:27.718Z] 
🎯 Retrying quest 40767 (153/246)
[2025-11-03T10:14:31.811Z] ✅ Quest 40767: Required level 50
[2025-11-03T10:14:31.811Z] ✅ Successfully fetched quest 40767: level 50
[2025-11-03T10:14:33.813Z] 
🎯 Retrying quest 2754 (154/246)
[2025-11-03T10:14:37.938Z] ✅ Quest 2754: Required level 32
[2025-11-03T10:14:37.938Z] ✅ Successfully fetched quest 2754: level 32
[2025-11-03T10:14:39.939Z] 
🎯 Retrying quest 600 (155/246)
[2025-11-03T10:14:44.034Z] ✅ Quest 600: Required level 30
[2025-11-03T10:14:44.034Z] ✅ Successfully fetched quest 600: level 30
[2025-11-03T10:14:46.036Z] 
🎯 Retrying quest 666 (156/246)
[2025-11-03T10:14:50.128Z] ✅ Quest 666: Required level 35
[2025-11-03T10:14:50.128Z] ✅ Successfully fetched quest 666: level 35
[2025-11-03T10:14:52.129Z] 
🎯 Retrying quest 765 (157/246)
[2025-11-03T10:14:56.230Z] ✅ Quest 765: Required level 5
[2025-11-03T10:14:56.230Z] ✅ Successfully fetched quest 765: level 5
[2025-11-03T10:14:58.231Z] 
🎯 Retrying quest 739 (158/246)
[2025-11-03T10:15:02.320Z] ✅ Quest 739: Required level 30
[2025-11-03T10:15:02.321Z] ✅ Successfully fetched quest 739: level 30
[2025-11-03T10:15:04.321Z] 
🎯 Retrying quest 182 (159/246)
[2025-11-03T10:15:08.415Z] ✅ Quest 182: Required level 1
[2025-11-03T10:15:08.415Z] ✅ Successfully fetched quest 182: level 1
[2025-11-03T10:15:10.417Z] 
🎯 Retrying quest 1046 (160/246)
[2025-11-03T10:15:14.510Z] ✅ Quest 1046: Required level 18
[2025-11-03T10:15:14.511Z] ✅ Successfully fetched quest 1046: level 18
[2025-11-03T10:15:16.512Z] 
🎯 Retrying quest 19 (161/246)
[2025-11-03T10:15:20.607Z] ✅ Quest 19: Required level 18
[2025-11-03T10:15:20.608Z] ✅ Successfully fetched quest 19: level 18
[2025-11-03T10:15:22.612Z] 
🎯 Retrying quest 1618 (162/246)
[2025-11-03T10:15:26.707Z] ✅ Quest 1618: Required level 1
[2025-11-03T10:15:26.708Z] ✅ Successfully fetched quest 1618: level 1
[2025-11-03T10:15:28.709Z] 
🎯 Retrying quest 70040 (163/246)
[2025-11-03T10:15:32.617Z] ✅ Quest 70040: Required level 14
[2025-11-03T10:15:32.617Z] ✅ Successfully fetched quest 70040: level 14
[2025-11-03T10:15:34.618Z] 
🎯 Retrying quest 2752 (164/246)
[2025-11-03T10:15:38.759Z] ✅ Quest 2752: Required level 32
[2025-11-03T10:15:38.760Z] ✅ Successfully fetched quest 2752: level 32
[2025-11-03T10:15:40.761Z] 
🎯 Retrying quest 2930 (165/246)
[2025-11-03T10:15:44.847Z] ✅ Quest 2930: Required level 25
[2025-11-03T10:15:44.847Z] ✅ Successfully fetched quest 2930: level 25
[2025-11-03T10:15:46.848Z] 
🎯 Retrying quest 1427 (166/246)
[2025-11-03T10:15:50.959Z] ✅ Quest 1427: Required level 35
[2025-11-03T10:15:50.960Z] ✅ Successfully fetched quest 1427: level 35
[2025-11-03T10:15:52.961Z] 
🎯 Retrying quest 40430 (167/246)
[2025-11-03T10:15:57.126Z] ✅ Quest 40430: Required level 45
[2025-11-03T10:15:57.126Z] ✅ Successfully fetched quest 40430: level 45
[2025-11-03T10:15:59.127Z] 
🎯 Retrying quest 40478 (168/246)
[2025-11-03T10:16:03.220Z] ✅ Quest 40478: Required level 15
[2025-11-03T10:16:03.221Z] ✅ Successfully fetched quest 40478: level 15
[2025-11-03T10:16:05.222Z] 
🎯 Retrying quest 40860 (169/246)
[2025-11-03T10:16:09.312Z] ✅ Quest 40860: Required level 35
[2025-11-03T10:16:09.313Z] ✅ Successfully fetched quest 40860: level 35
[2025-11-03T10:16:11.314Z] 
🎯 Retrying quest 8272 (170/246)
[2025-11-03T10:16:15.407Z] ✅ Quest 8272: Required level 51
[2025-11-03T10:16:15.408Z] ✅ Successfully fetched quest 8272: level 51
[2025-11-03T10:16:17.408Z] 
🎯 Retrying quest 8271 (171/246)
[2025-11-03T10:16:21.509Z] ✅ Quest 8271: Required level 51
[2025-11-03T10:16:21.509Z] ✅ Successfully fetched quest 8271: level 51
[2025-11-03T10:16:23.512Z] 
🎯 Retrying quest 7202 (172/246)
[2025-11-03T10:16:27.598Z] ✅ Quest 7202: Required level 51
[2025-11-03T10:16:27.598Z] ✅ Successfully fetched quest 7202: level 51
[2025-11-03T10:16:29.600Z] 
🎯 Retrying quest 7181 (173/246)
[2025-11-03T10:16:33.696Z] ✅ Quest 7181: Required level 51
[2025-11-03T10:16:33.697Z] ✅ Successfully fetched quest 7181: level 51
[2025-11-03T10:16:35.698Z] 
🎯 Retrying quest 60119 (174/246)
[2025-11-03T10:16:39.637Z] ✅ Quest 60119: Required level 30
[2025-11-03T10:16:39.637Z] ✅ Successfully fetched quest 60119: level 30
[2025-11-03T10:16:41.638Z] 
🎯 Retrying quest 40259 (175/246)
[2025-11-03T10:16:45.733Z] ✅ Quest 40259: Required level 55
[2025-11-03T10:16:45.733Z] ✅ Successfully fetched quest 40259: level 55
[2025-11-03T10:16:47.735Z] 
🎯 Retrying quest 14 (176/246)
[2025-11-03T10:16:51.640Z] ✅ Quest 14: Required level 9
[2025-11-03T10:16:51.641Z] ✅ Successfully fetched quest 14: level 9
[2025-11-03T10:16:53.642Z] 
🎯 Retrying quest 231 (177/246)
[2025-11-03T10:16:57.741Z] ✅ Quest 231: Required level 28
[2025-11-03T10:16:57.741Z] ✅ Successfully fetched quest 231: level 28
[2025-11-03T10:16:59.742Z] 
🎯 Retrying quest 474 (178/246)
[2025-11-03T10:17:03.643Z] ✅ Quest 474: Required level 23
[2025-11-03T10:17:03.643Z] ✅ Successfully fetched quest 474: level 23
[2025-11-03T10:17:05.645Z] 
🎯 Retrying quest 1012 (179/246)
[2025-11-03T10:17:09.742Z] ✅ Quest 1012: Required level 24
[2025-11-03T10:17:09.742Z] ✅ Successfully fetched quest 1012: level 24
[2025-11-03T10:17:11.744Z] 
🎯 Retrying quest 8418 (180/246)
[2025-11-03T10:17:15.648Z] ✅ Quest 8418: Required level 50
[2025-11-03T10:17:15.648Z] ✅ Successfully fetched quest 8418: level 50
[2025-11-03T10:17:17.649Z] 
🎯 Retrying quest 40234 (181/246)
[2025-11-03T10:17:21.539Z] ✅ Quest 40234: Required level 55
[2025-11-03T10:17:21.539Z] ✅ Successfully fetched quest 40234: level 55
[2025-11-03T10:17:23.541Z] 
🎯 Retrying quest 40282 (182/246)
[2025-11-03T10:17:27.634Z] ✅ Quest 40282: Required level 15
[2025-11-03T10:17:27.634Z] ✅ Successfully fetched quest 40282: level 15
[2025-11-03T10:17:29.636Z] 
🎯 Retrying quest 8781 (183/246)
[2025-11-03T10:17:33.720Z] ✅ Quest 8781: Required level 60
[2025-11-03T10:17:33.721Z] ✅ Successfully fetched quest 8781: level 60
[2025-11-03T10:17:35.722Z] 
🎯 Retrying quest 5284 (184/246)
[2025-11-03T10:17:39.654Z] ✅ Quest 5284: Required level 40
[2025-11-03T10:17:39.654Z] ✅ Successfully fetched quest 5284: level 40
[2025-11-03T10:17:41.656Z] 
🎯 Retrying quest 5302 (185/246)
[2025-11-03T10:17:45.805Z] ✅ Quest 5302: Required level 40
[2025-11-03T10:17:45.805Z] ✅ Successfully fetched quest 5302: level 40
[2025-11-03T10:17:47.806Z] 
🎯 Retrying quest 827 (186/246)
[2025-11-03T10:17:51.656Z] ✅ Quest 827: Required level 4
[2025-11-03T10:17:51.657Z] ✅ Successfully fetched quest 827: level 4
[2025-11-03T10:17:53.658Z] 
🎯 Retrying quest 951 (187/246)
[2025-11-03T10:17:57.456Z] ✅ Quest 951: Required level 12
[2025-11-03T10:17:57.457Z] ✅ Successfully fetched quest 951: level 12
[2025-11-03T10:17:59.457Z] 
🎯 Retrying quest 297 (188/246)
[2025-11-03T10:18:03.552Z] ✅ Quest 297: Required level 13
[2025-11-03T10:18:03.552Z] ✅ Successfully fetched quest 297: level 13
[2025-11-03T10:18:05.553Z] 
🎯 Retrying quest 2751 (189/246)
[2025-11-03T10:18:09.696Z] ✅ Quest 2751: Required level 32
[2025-11-03T10:18:09.696Z] ✅ Successfully fetched quest 2751: level 32
[2025-11-03T10:18:11.698Z] 
🎯 Retrying quest 3924 (190/246)
[2025-11-03T10:18:15.664Z] ✅ Quest 3924: Required level 10
[2025-11-03T10:18:15.664Z] ✅ Successfully fetched quest 3924: level 10
[2025-11-03T10:18:17.666Z] 
🎯 Retrying quest 41246 (191/246)
[2025-11-03T10:18:21.764Z] ✅ Quest 41246: Required level 5
[2025-11-03T10:18:21.764Z] ✅ Successfully fetched quest 41246: level 5
[2025-11-03T10:18:23.767Z] 
🎯 Retrying quest 1153 (192/246)
[2025-11-03T10:18:27.669Z] ✅ Quest 1153: Required level 25
[2025-11-03T10:18:27.669Z] ✅ Successfully fetched quest 1153: level 25
[2025-11-03T10:18:29.671Z] 
🎯 Retrying quest 8789 (193/246)
[2025-11-03T10:18:33.378Z] ✅ Quest 8789: Required level 60
[2025-11-03T10:18:33.378Z] ✅ Successfully fetched quest 8789: level 60
[2025-11-03T10:18:35.379Z] 
🎯 Retrying quest 8709 (194/246)
[2025-11-03T10:18:39.479Z] ✅ Quest 8709: Required level 60
[2025-11-03T10:18:39.479Z] ✅ Successfully fetched quest 8709: level 60
[2025-11-03T10:18:41.481Z] 
🎯 Retrying quest 8710 (195/246)
[2025-11-03T10:18:45.605Z] ✅ Quest 8710: Required level 60
[2025-11-03T10:18:45.605Z] ✅ Successfully fetched quest 8710: level 60
[2025-11-03T10:18:47.606Z] 
🎯 Retrying quest 7488 (196/246)
[2025-11-03T10:18:51.675Z] ✅ Quest 7488: Required level 54
[2025-11-03T10:18:51.675Z] ✅ Successfully fetched quest 7488: level 54
[2025-11-03T10:18:53.677Z] 
🎯 Retrying quest 7489 (197/246)
[2025-11-03T10:18:57.766Z] ✅ Quest 7489: Required level 54
[2025-11-03T10:18:57.767Z] ✅ Successfully fetched quest 7489: level 54
[2025-11-03T10:18:59.768Z] 
🎯 Retrying quest 41787 (198/246)
[2025-11-03T10:19:03.678Z] ✅ Quest 41787: Required level 32
[2025-11-03T10:19:03.678Z] ✅ Successfully fetched quest 41787: level 32
[2025-11-03T10:19:05.679Z] 
🎯 Retrying quest 40659 (199/246)
[2025-11-03T10:19:09.777Z] ✅ Quest 40659: Required level 30
[2025-11-03T10:19:09.777Z] ✅ Successfully fetched quest 40659: level 30
[2025-11-03T10:19:11.779Z] 
🎯 Retrying quest 417 (200/246)
[2025-11-03T10:19:15.683Z] ✅ Quest 417: Required level 8
[2025-11-03T10:19:15.684Z] ✅ Successfully fetched quest 417: level 8
[2025-11-03T10:19:17.686Z] 
🎯 Retrying quest 60034 (201/246)
[2025-11-03T10:19:17.686Z] 🔄 Restarting browser for fresh session...
[2025-11-03T10:19:17.795Z] 🔒 Browser closed
[2025-11-03T10:19:17.795Z] 🚀 Initializing browser with anti-detection...
[2025-11-03T10:19:18.171Z] ✅ Browser initialized with stealth mode
[2025-11-03T10:19:22.194Z] ✅ Quest 60034: Required level 50
[2025-11-03T10:19:22.194Z] ✅ Successfully fetched quest 60034: level 50
[2025-11-03T10:19:24.197Z] 
🎯 Retrying quest 2242 (202/246)
[2025-11-03T10:19:28.328Z] ✅ Quest 2242: Required level 10
[2025-11-03T10:19:28.328Z] ✅ Successfully fetched quest 2242: level 10
[2025-11-03T10:19:30.329Z] 
🎯 Retrying quest 41262 (203/246)
[2025-11-03T10:19:34.415Z] ✅ Quest 41262: Required level 10
[2025-11-03T10:19:34.415Z] ✅ Successfully fetched quest 41262: level 10
[2025-11-03T10:19:36.417Z] 
🎯 Retrying quest 2239 (204/246)
[2025-11-03T10:19:40.608Z] ✅ Quest 2239: Required level 10
[2025-11-03T10:19:40.608Z] ✅ Successfully fetched quest 2239: level 10
[2025-11-03T10:19:42.609Z] 
🎯 Retrying quest 2206 (205/246)
[2025-11-03T10:19:46.742Z] ✅ Quest 2206: Required level 10
[2025-11-03T10:19:46.743Z] ✅ Successfully fetched quest 2206: level 10
[2025-11-03T10:19:48.744Z] 
🎯 Retrying quest 1978 (206/246)
[2025-11-03T10:19:52.835Z] ✅ Quest 1978: Required level 10
[2025-11-03T10:19:52.836Z] ✅ Successfully fetched quest 1978: level 10
[2025-11-03T10:19:54.837Z] 
🎯 Retrying quest 1858 (207/246)
[2025-11-03T10:19:58.921Z] ✅ Quest 1858: Required level 10
[2025-11-03T10:19:58.921Z] ✅ Successfully fetched quest 1858: level 10
[2025-11-03T10:20:00.922Z] 
🎯 Retrying quest 283 (208/246)
[2025-11-03T10:20:05.047Z] ✅ Quest 283: Required level 16
[2025-11-03T10:20:05.047Z] ✅ Successfully fetched quest 283: level 16
[2025-11-03T10:20:07.048Z] 
🎯 Retrying quest 679 (209/246)
[2025-11-03T10:20:11.128Z] ✅ Quest 679: Required level 30
[2025-11-03T10:20:11.129Z] ✅ Successfully fetched quest 679: level 30
[2025-11-03T10:20:13.129Z] 
🎯 Retrying quest 41870 (210/246)
[2025-11-03T10:20:17.220Z] ✅ Quest 41870: Required level 28
[2025-11-03T10:20:17.220Z] ✅ Successfully fetched quest 41870: level 28
[2025-11-03T10:20:19.221Z] 
🎯 Retrying quest 41687 (211/246)
[2025-11-03T10:20:23.159Z] ✅ Quest 41687: Required level 28
[2025-11-03T10:20:23.159Z] ✅ Successfully fetched quest 41687: level 28
[2025-11-03T10:20:25.161Z] 
🎯 Retrying quest 41828 (212/246)
[2025-11-03T10:20:29.240Z] ✅ Quest 41828: Required level 24
[2025-11-03T10:20:29.240Z] ✅ Successfully fetched quest 41828: level 24
[2025-11-03T10:20:31.241Z] 
🎯 Retrying quest 38 (213/246)
[2025-11-03T10:20:35.166Z] ✅ Quest 38: Required level 9
[2025-11-03T10:20:35.166Z] ✅ Successfully fetched quest 38: level 9
[2025-11-03T10:20:37.167Z] 
🎯 Retrying quest 372 (214/246)
[2025-11-03T10:20:41.249Z] ✅ Quest 372: Required level 5
[2025-11-03T10:20:41.249Z] ✅ Successfully fetched quest 372: level 5
[2025-11-03T10:20:43.250Z] 
🎯 Retrying quest 1173 (215/246)
[2025-11-03T10:20:47.176Z] ✅ Quest 1173: Required level 38
[2025-11-03T10:20:47.176Z] ✅ Successfully fetched quest 1173: level 38
[2025-11-03T10:20:49.177Z] 
🎯 Retrying quest 923 (216/246)
[2025-11-03T10:20:53.179Z] ✅ Quest 923: Required level 4
[2025-11-03T10:20:53.179Z] ✅ Successfully fetched quest 923: level 4
[2025-11-03T10:20:55.180Z] 
🎯 Retrying quest 41172 (217/246)
[2025-11-03T10:20:59.183Z] ✅ Quest 41172: Required level 3
[2025-11-03T10:20:59.183Z] ✅ Successfully fetched quest 41172: level 3
[2025-11-03T10:21:01.183Z] 
🎯 Retrying quest 39999 (218/246)
[2025-11-03T10:21:05.188Z] ✅ Quest 39999: Required level 15
[2025-11-03T10:21:05.188Z] ✅ Successfully fetched quest 39999: level 15
[2025-11-03T10:21:07.189Z] 
🎯 Retrying quest 99 (219/246)
[2025-11-03T10:21:11.189Z] ✅ Quest 99: Required level 9
[2025-11-03T10:21:11.189Z] ✅ Successfully fetched quest 99: level 9
[2025-11-03T10:21:13.190Z] 
🎯 Retrying quest 8786 (220/246)
[2025-11-03T10:21:17.195Z] ✅ Quest 8786: Required level 60
[2025-11-03T10:21:17.195Z] ✅ Successfully fetched quest 8786: level 60
[2025-11-03T10:21:19.197Z] 
🎯 Retrying quest 2240 (221/246)
[2025-11-03T10:21:23.201Z] ✅ Quest 2240: Required level 35
[2025-11-03T10:21:23.201Z] ✅ Successfully fetched quest 2240: level 35
[2025-11-03T10:21:25.204Z] 
🎯 Retrying quest 4301 (222/246)
[2025-11-03T10:21:29.283Z] ✅ Quest 4301: Required level 50
[2025-11-03T10:21:29.283Z] ✅ Successfully fetched quest 4301: level 50
[2025-11-03T10:21:31.284Z] 
🎯 Retrying quest 4126 (223/246)
[2025-11-03T10:21:35.364Z] ✅ Quest 4126: Required level 50
[2025-11-03T10:21:35.364Z] ✅ Successfully fetched quest 4126: level 50
[2025-11-03T10:21:37.366Z] 
🎯 Retrying quest 4134 (224/246)
[2025-11-03T10:21:41.447Z] ✅ Quest 4134: Required level 50
[2025-11-03T10:21:41.447Z] ✅ Successfully fetched quest 4134: level 50
[2025-11-03T10:21:43.448Z] 
🎯 Retrying quest 9182 (225/246)
[2025-11-03T10:21:47.536Z] ✅ Quest 9182: Required level 55
[2025-11-03T10:21:47.537Z] ✅ Successfully fetched quest 9182: level 55
[2025-11-03T10:21:49.537Z] 
🎯 Retrying quest 41665 (226/246)
[2025-11-03T10:21:53.636Z] ✅ Quest 41665: Required level 25
[2025-11-03T10:21:53.636Z] ✅ Successfully fetched quest 41665: level 25
[2025-11-03T10:21:55.638Z] 
🎯 Retrying quest 41641 (227/246)
[2025-11-03T10:21:59.727Z] ✅ Quest 41641: Required level 18
[2025-11-03T10:21:59.728Z] ✅ Successfully fetched quest 41641: level 18
[2025-11-03T10:22:01.729Z] 
🎯 Retrying quest 55005 (228/246)
[2025-11-03T10:22:05.806Z] ✅ Quest 55005: Required level 16
[2025-11-03T10:22:05.806Z] ✅ Successfully fetched quest 55005: level 16
[2025-11-03T10:22:07.807Z] 
🎯 Retrying quest 167 (229/246)
[2025-11-03T10:22:11.887Z] ✅ Quest 167: Required level 15
[2025-11-03T10:22:11.887Z] ✅ Successfully fetched quest 167: level 15
[2025-11-03T10:22:13.888Z] 
🎯 Retrying quest 943 (230/246)
[2025-11-03T10:22:17.971Z] ✅ Quest 943: Required level 15
[2025-11-03T10:22:17.971Z] ✅ Successfully fetched quest 943: level 15
[2025-11-03T10:22:19.973Z] 
🎯 Retrying quest 40196 (231/246)
[2025-11-03T10:22:24.061Z] ✅ Quest 40196: Required level 45
[2025-11-03T10:22:24.062Z] ✅ Successfully fetched quest 40196: level 45
[2025-11-03T10:22:26.064Z] 
🎯 Retrying quest 1273 (232/246)
[2025-11-03T10:22:30.143Z] ✅ Quest 1273: Required level 30
[2025-11-03T10:22:30.143Z] ✅ Successfully fetched quest 1273: level 30
[2025-11-03T10:22:32.144Z] 
🎯 Retrying quest 40762 (233/246)
[2025-11-03T10:22:36.231Z] ✅ Quest 40762: Required level 55
[2025-11-03T10:22:36.232Z] ✅ Successfully fetched quest 40762: level 55
[2025-11-03T10:22:38.233Z] 
🎯 Retrying quest 40856 (234/246)
[2025-11-03T10:22:42.235Z] ✅ Quest 40856: Required level 25
[2025-11-03T10:22:42.235Z] ✅ Successfully fetched quest 40856: level 25
[2025-11-03T10:22:44.237Z] 
🎯 Retrying quest 770 (235/246)
[2025-11-03T10:22:48.240Z] ✅ Quest 770: Required level 6
[2025-11-03T10:22:48.240Z] ✅ Successfully fetched quest 770: level 6
[2025-11-03T10:22:50.242Z] 
🎯 Retrying quest 150 (236/246)
[2025-11-03T10:22:54.242Z] ✅ Quest 150: Required level 20
[2025-11-03T10:22:54.243Z] ✅ Successfully fetched quest 150: level 20
[2025-11-03T10:22:56.244Z] 
🎯 Retrying quest 705 (237/246)
[2025-11-03T10:23:00.249Z] ✅ Quest 705: Required level 30
[2025-11-03T10:23:00.250Z] ✅ Successfully fetched quest 705: level 30
[2025-11-03T10:23:02.251Z] 
🎯 Retrying quest 202 (238/246)
[2025-11-03T10:23:05.940Z] ✅ Quest 202: Required level 30
[2025-11-03T10:23:05.941Z] ✅ Successfully fetched quest 202: level 30
[2025-11-03T10:23:07.942Z] 
🎯 Retrying quest 6581 (239/246)
[2025-11-03T10:23:12.026Z] ✅ Quest 6581: Required level 22
[2025-11-03T10:23:12.026Z] ✅ Successfully fetched quest 6581: level 22
[2025-11-03T10:23:14.028Z] 
🎯 Retrying quest 5060 (240/246)
[2025-11-03T10:23:18.120Z] ✅ Quest 5060: Required level 52
[2025-11-03T10:23:18.120Z] ✅ Successfully fetched quest 5060: level 52
[2025-11-03T10:23:20.121Z] 
🎯 Retrying quest 5321 (241/246)
[2025-11-03T10:23:24.212Z] ✅ Quest 5321: Required level 17
[2025-11-03T10:23:24.212Z] ✅ Successfully fetched quest 5321: level 17
[2025-11-03T10:23:26.215Z] 
🎯 Retrying quest 5943 (242/246)
[2025-11-03T10:23:30.264Z] ✅ Quest 5943: Required level 32
[2025-11-03T10:23:30.264Z] ✅ Successfully fetched quest 5943: level 32
[2025-11-03T10:23:32.264Z] 
🎯 Retrying quest 6041 (243/246)
[2025-11-03T10:23:36.267Z] ✅ Quest 6041: Required level 54
[2025-11-03T10:23:36.267Z] ✅ Successfully fetched quest 6041: level 54
[2025-11-03T10:23:38.268Z] 
🎯 Retrying quest 6521 (244/246)
[2025-11-03T10:23:42.272Z] ✅ Quest 6521: Required level 28
[2025-11-03T10:23:42.273Z] ✅ Successfully fetched quest 6521: level 28
[2025-11-03T10:23:44.274Z] 
🎯 Retrying quest 40068 (245/246)
[2025-11-03T10:23:48.275Z] ✅ Quest 40068: Required level 40
[2025-11-03T10:23:48.276Z] ✅ Successfully fetched quest 40068: level 40
[2025-11-03T10:23:50.276Z] 
🎯 Retrying quest 60134 (246/246)
[2025-11-03T10:23:54.278Z] ✅ Quest 60134: Required level 15
[2025-11-03T10:23:54.278Z] ✅ Successfully fetched quest 60134: level 15
[2025-11-03T10:23:56.281Z] 
🎉 Retry process complete!
[2025-11-03T10:23:56.281Z] 📊 Results:
[2025-11-03T10:23:56.281Z]    Successfully retried: 246
[2025-11-03T10:23:56.281Z]    Still failed: 0
[2025-11-03T10:23:56.281Z]    Total processed quests: 2664
[2025-11-03T10:23:56.281Z]    Total failed quests: 0
[2025-11-03T10:23:56.281Z] 💾 Saved 246 newly successful quest IDs
[2025-11-03T10:23:56.376Z] 🔒 Browser closed
