[2025-11-02T00:13:24.631Z] 🚀 Initializing browser for retry processing...
[2025-11-02T00:13:25.514Z] ✅ Browser initialized
[2025-11-02T00:13:25.514Z] 🎯 Found 1103 failed items to retry
[2025-11-02T00:13:25.564Z] 
🔍 Processing failed item 51862 (1/1103)
[2025-11-02T00:13:25.565Z] 🔄 Retry attempt 1/5 for item 51862
[2025-11-02T00:13:31.750Z] ✅ Successfully recovered item 51862: Brave's Rifle
[2025-11-02T00:13:31.750Z] ⚠️ Unknown category for item 51862, saving separately
[2025-11-02T00:13:34.752Z] 
🔍 Processing failed item 21268 (2/1103)
[2025-11-02T00:13:34.752Z] 🔄 Retry attempt 1/5 for item 21268
[2025-11-02T00:13:40.847Z] ✅ Successfully recovered item 21268: Blessed Qiraji War Hammer
[2025-11-02T00:13:40.847Z] ⚠️ Unknown category for item 21268, saving separately
[2025-11-02T00:13:43.848Z] 
🔍 Processing failed item 21398 (3/1103)
[2025-11-02T00:13:43.849Z] 🔄 Retry attempt 1/5 for item 21398
[2025-11-02T00:13:49.940Z] ✅ Successfully recovered item 21398: Hammer of the Gathering Storm
[2025-11-02T00:13:49.941Z] ⚠️ Unknown category for item 21398, saving separately
[2025-11-02T00:13:52.943Z] 
🔍 Processing failed item 21407 (4/1103)
[2025-11-02T00:13:52.943Z] 🔄 Retry attempt 1/5 for item 21407
[2025-11-02T00:13:59.036Z] ✅ Successfully recovered item 21407: Mace of Unending Life
[2025-11-02T00:13:59.037Z] ⚠️ Unknown category for item 21407, saving separately
[2025-11-02T00:24:19.137Z] 🚀 Initializing browser for retry processing...
[2025-11-02T00:24:19.981Z] ✅ Browser initialized
[2025-11-02T00:24:19.981Z] 🎯 Found 1103 failed items to retry
[2025-11-02T00:24:19.982Z] 
🔍 Processing failed item 51862 (1/1103)
[2025-11-02T00:24:19.982Z] 🔄 Retry attempt 1/5 for item 51862
[2025-11-02T00:24:25.959Z] ✅ Successfully recovered item 51862: Brave's Rifle
[2025-11-02T00:24:25.959Z] ⚠️ Unknown category for item 51862
[2025-11-02T00:24:28.958Z] 
🔍 Processing failed item 21268 (2/1103)
[2025-11-02T00:24:28.959Z] 🔄 Retry attempt 1/5 for item 21268
[2025-11-02T00:24:34.901Z] ✅ Successfully recovered item 21268: Blessed Qiraji War Hammer
[2025-11-02T00:24:34.901Z] ⚠️ Unknown category for item 21268
[2025-11-02T00:24:37.901Z] 
🔍 Processing failed item 21398 (3/1103)
[2025-11-02T00:24:37.901Z] 🔄 Retry attempt 1/5 for item 21398
[2025-11-02T00:24:43.977Z] ✅ Successfully recovered item 21398: Hammer of the Gathering Storm
[2025-11-02T00:24:43.978Z] ⚠️ Unknown category for item 21398
[2025-11-02T00:24:46.978Z] 
🔍 Processing failed item 21407 (4/1103)
[2025-11-02T00:24:46.979Z] 🔄 Retry attempt 1/5 for item 21407
[2025-11-02T00:24:53.066Z] ✅ Successfully recovered item 21407: Mace of Unending Life
[2025-11-02T00:24:53.066Z] ⚠️ Unknown category for item 21407
[2025-11-02T00:24:56.067Z] 
🔍 Processing failed item 21410 (5/1103)
[2025-11-02T00:24:56.068Z] 🔄 Retry attempt 1/5 for item 21410
[2025-11-02T00:25:02.161Z] ✅ Successfully recovered item 21410: Gavel of Infinite Wisdom
[2025-11-02T00:25:02.162Z] ⚠️ Unknown category for item 21410
[2025-11-02T00:25:05.163Z] 
🔍 Processing failed item 21466 (6/1103)
[2025-11-02T00:25:05.164Z] 🔄 Retry attempt 1/5 for item 21466
[2025-11-02T00:25:11.264Z] ✅ Successfully recovered item 21466: Stinger of Ayamiss
[2025-11-02T00:25:11.265Z] ⚠️ Unknown category for item 21466
[2025-11-02T00:25:14.266Z] 
🔍 Processing failed item 21715 (7/1103)
[2025-11-02T00:25:14.267Z] 🔄 Retry attempt 1/5 for item 21715
[2025-11-02T00:25:20.355Z] ✅ Successfully recovered item 21715: Sand Polished Hammer
[2025-11-02T00:25:20.356Z] ⚠️ Unknown category for item 21715
[2025-11-02T00:25:23.357Z] 
🔍 Processing failed item 21837 (8/1103)
[2025-11-02T00:25:23.358Z] 🔄 Retry attempt 1/5 for item 21837
[2025-11-02T00:25:29.518Z] ✅ Successfully recovered item 21837: Anubisath Warhammer
[2025-11-02T00:25:29.518Z] ⚠️ Unknown category for item 21837
[2025-11-02T00:25:32.519Z] 
🔍 Processing failed item 21839 (9/1103)
[2025-11-02T00:25:32.520Z] 🔄 Retry attempt 1/5 for item 21839
[2025-11-02T00:25:38.609Z] ✅ Successfully recovered item 21839: Scepter of the False Prophet
[2025-11-02T00:25:38.610Z] ⚠️ Unknown category for item 21839
[2025-11-02T00:25:41.611Z] 
🔍 Processing failed item 22384 (10/1103)
[2025-11-02T00:25:41.612Z] 🔄 Retry attempt 1/5 for item 22384
[2025-11-02T00:25:47.706Z] ✅ Successfully recovered item 22384: Persuader
[2025-11-02T00:25:47.706Z] ⚠️ Unknown category for item 22384
[2025-11-02T00:25:47.708Z] 💾 Saved 0 recovered weapons items to turtle_db/recovered-weapons.json
[2025-11-02T00:25:47.708Z] 💾 Saved 0 recovered armor items to turtle_db/recovered-armor.json
[2025-11-02T00:25:50.709Z] 
🔍 Processing failed item 22808 (11/1103)
[2025-11-02T00:25:50.709Z] 🔄 Retry attempt 1/5 for item 22808
[2025-11-02T00:25:56.795Z] ✅ Successfully recovered item 22808: The Castigator
[2025-11-02T00:25:56.796Z] ⚠️ Unknown category for item 22808
[2025-11-02T00:25:59.797Z] 
🔍 Processing failed item 22942 (12/1103)
[2025-11-02T00:25:59.798Z] 🔄 Retry attempt 1/5 for item 22942
[2025-11-02T00:26:05.894Z] ✅ Successfully recovered item 22942: The Widow's Embrace
[2025-11-02T00:26:05.894Z] ⚠️ Unknown category for item 22942
[2025-11-02T00:26:08.896Z] 
🔍 Processing failed item 22988 (13/1103)
[2025-11-02T00:26:08.896Z] 🔄 Retry attempt 1/5 for item 22988
[2025-11-02T00:26:14.992Z] ✅ Successfully recovered item 22988: The End of Dreams
[2025-11-02T00:26:14.993Z] ⚠️ Unknown category for item 22988
[2025-11-02T00:26:17.993Z] 
🔍 Processing failed item 23056 (14/1103)
[2025-11-02T00:26:17.994Z] 🔄 Retry attempt 1/5 for item 23056
[2025-11-02T00:26:24.086Z] ✅ Successfully recovered item 23056: Hammer of the Twisting Nether
[2025-11-02T00:26:24.086Z] ⚠️ Unknown category for item 23056
[2025-11-02T00:26:27.087Z] 
🔍 Processing failed item 23221 (15/1103)
[2025-11-02T00:26:27.088Z] 🔄 Retry attempt 1/5 for item 23221
[2025-11-02T00:26:33.087Z] ✅ Successfully recovered item 23221: Misplaced Servo Arm
[2025-11-02T00:26:33.088Z] ⚠️ Unknown category for item 23221
[2025-11-02T00:26:36.089Z] 
🔍 Processing failed item 23454 (16/1103)
[2025-11-02T00:26:36.090Z] 🔄 Retry attempt 1/5 for item 23454
[2025-11-02T00:26:42.189Z] ✅ Successfully recovered item 23454: Grand Marshal's Warhammer
[2025-11-02T00:26:42.190Z] ⚠️ Unknown category for item 23454
[2025-11-02T00:26:45.192Z] 
🔍 Processing failed item 23464 (17/1103)
[2025-11-02T00:26:45.192Z] 🔄 Retry attempt 1/5 for item 23464
[2025-11-02T00:26:51.185Z] ✅ Successfully recovered item 23464: High Warlord's Battle Mace
[2025-11-02T00:26:51.186Z] ⚠️ Unknown category for item 23464
[2025-11-02T00:26:54.187Z] 
🔍 Processing failed item 55041 (18/1103)
[2025-11-02T00:26:54.188Z] 🔄 Retry attempt 1/5 for item 55041
[2025-11-02T00:27:00.284Z] ✅ Successfully recovered item 55041: Wildhammer Stormcaller
[2025-11-02T00:27:00.286Z] ⚠️ Unknown category for item 55041
[2025-11-02T00:27:03.287Z] 
🔍 Processing failed item 55128 (19/1103)
[2025-11-02T00:27:03.287Z] 🔄 Retry attempt 1/5 for item 55128
[2025-11-02T00:27:09.281Z] ✅ Successfully recovered item 55128: Comet Signaller
[2025-11-02T00:27:09.282Z] ⚠️ Unknown category for item 55128
[2025-11-02T00:27:12.284Z] 
🔍 Processing failed item 55276 (20/1103)
[2025-11-02T00:27:12.285Z] 🔄 Retry attempt 1/5 for item 55276
[2025-11-02T00:27:18.381Z] ✅ Successfully recovered item 55276: Forgotten Raven's Mallet
[2025-11-02T00:27:18.382Z] ⚠️ Unknown category for item 55276
[2025-11-02T00:27:18.382Z] 💾 Saved 0 recovered weapons items to turtle_db/recovered-weapons.json
[2025-11-02T00:27:18.383Z] 💾 Saved 0 recovered armor items to turtle_db/recovered-armor.json
[2025-11-02T00:27:21.384Z] 
🔍 Processing failed item 55347 (21/1103)
[2025-11-02T00:27:21.385Z] 🔄 Retry attempt 1/5 for item 55347
[2025-11-02T00:27:27.377Z] ✅ Successfully recovered item 55347: Thunderfall, Stormhammer of the Chief Thane
[2025-11-02T00:27:27.377Z] ⚠️ Unknown category for item 55347
[2025-11-02T00:27:30.379Z] 
🔍 Processing failed item 55555 (22/1103)
[2025-11-02T00:27:30.380Z] 🔄 Retry attempt 1/5 for item 55555
[2025-11-02T00:27:36.488Z] ✅ Successfully recovered item 55555: Ivonor, Maiden's Mallet
[2025-11-02T00:27:36.489Z] ⚠️ Unknown category for item 55555
[2025-11-02T00:27:39.490Z] 
🔍 Processing failed item 58214 (23/1103)
[2025-11-02T00:27:39.490Z] 🔄 Retry attempt 1/5 for item 58214
[2025-11-02T00:27:45.589Z] ✅ Successfully recovered item 58214: Modrag'zan, Heart of the Mountain
[2025-11-02T00:27:45.590Z] ⚠️ Unknown category for item 58214
[2025-11-02T00:27:48.591Z] 
🔍 Processing failed item 61237 (24/1103)
[2025-11-02T00:27:48.592Z] 🔄 Retry attempt 1/5 for item 61237
[2025-11-02T00:27:54.684Z] ✅ Successfully recovered item 61237: Mallet of the Awakening
[2025-11-02T00:27:54.684Z] ⚠️ Unknown category for item 61237
[2025-11-02T00:27:57.685Z] 
🔍 Processing failed item 61295 (25/1103)
[2025-11-02T00:27:57.686Z] 🔄 Retry attempt 1/5 for item 61295
[2025-11-02T00:28:03.770Z] ✅ Successfully recovered item 61295: Dawnstone Bludgeon
[2025-11-02T00:28:03.771Z] ⚠️ Unknown category for item 61295
[2025-11-02T00:28:06.772Z] 
🔍 Processing failed item 61651 (26/1103)
[2025-11-02T00:28:06.772Z] 🔄 Retry attempt 1/5 for item 61651
[2025-11-02T00:28:12.857Z] ✅ Successfully recovered item 61651: Jadestone Mallet
[2025-11-02T00:28:12.858Z] ⚠️ Unknown category for item 61651
[2025-11-02T00:28:15.859Z] 
🔍 Processing failed item 80798 (27/1103)
[2025-11-02T00:28:15.860Z] 🔄 Retry attempt 1/5 for item 80798
[2025-11-02T00:28:21.944Z] ✅ Successfully recovered item 80798: Charged Servo Arm
[2025-11-02T00:28:21.944Z] ⚠️ Unknown category for item 80798
[2025-11-02T00:28:24.946Z] 
🔍 Processing failed item 84600 (28/1103)
[2025-11-02T00:28:24.946Z] 🔄 Retry attempt 1/5 for item 84600
[2025-11-02T00:28:31.029Z] ✅ Successfully recovered item 84600: Blackthorn's Blackjack
[2025-11-02T00:28:31.029Z] ⚠️ Unknown category for item 84600
[2025-11-02T00:28:34.030Z] 
🔍 Processing failed item 936 (29/1103)
[2025-11-02T00:28:34.031Z] 🔄 Retry attempt 1/5 for item 936
[2025-11-02T00:28:40.146Z] ✅ Successfully recovered item 936: Midnight Mace
[2025-11-02T00:28:40.146Z] ⚠️ Unknown category for item 936
[2025-11-02T00:28:43.147Z] 
🔍 Processing failed item 1483 (30/1103)
[2025-11-02T00:28:43.148Z] 🔄 Retry attempt 1/5 for item 1483
[2025-11-02T00:28:49.465Z] ✅ Successfully recovered item 1483: Face Smasher
[2025-11-02T00:28:49.466Z] ⚠️ Unknown category for item 1483
[2025-11-02T00:28:49.466Z] 💾 Saved 0 recovered weapons items to turtle_db/recovered-weapons.json
[2025-11-02T00:28:49.466Z] 💾 Saved 0 recovered armor items to turtle_db/recovered-armor.json
[2025-11-02T00:28:52.468Z] 
🔍 Processing failed item 2194 (31/1103)
[2025-11-02T00:28:52.469Z] 🔄 Retry attempt 1/5 for item 2194
[2025-11-02T00:28:58.568Z] ✅ Successfully recovered item 2194: Diamond Hammer
[2025-11-02T00:28:58.569Z] ⚠️ Unknown category for item 2194
[2025-11-02T00:29:01.571Z] 
🔍 Processing failed item 2816 (32/1103)
[2025-11-02T00:29:01.572Z] 🔄 Retry attempt 1/5 for item 2816
[2025-11-02T00:29:07.669Z] ✅ Successfully recovered item 2816: Death Speaker Scepter
[2025-11-02T00:29:07.670Z] ⚠️ Unknown category for item 2816
[2025-11-02T00:29:10.670Z] 
🔍 Processing failed item 4090 (33/1103)
[2025-11-02T00:29:10.671Z] 🔄 Retry attempt 1/5 for item 4090
[2025-11-02T00:29:16.791Z] ✅ Successfully recovered item 4090: Mug O' Hurt
[2025-11-02T00:29:16.792Z] ⚠️ Unknown category for item 4090
[2025-11-02T00:29:19.793Z] 
🔍 Processing failed item 7687 (34/1103)
[2025-11-02T00:29:19.794Z] 🔄 Retry attempt 1/5 for item 7687
[2025-11-02T00:29:25.786Z] ✅ Successfully recovered item 7687: Ironspine's Fist
[2025-11-02T00:29:25.787Z] ⚠️ Unknown category for item 7687
[2025-11-02T00:29:28.789Z] 
🔍 Processing failed item 7721 (35/1103)
[2025-11-02T00:29:28.790Z] 🔄 Retry attempt 1/5 for item 7721
[2025-11-02T00:29:34.878Z] ✅ Successfully recovered item 7721: Hand of Righteousness
[2025-11-02T00:29:34.879Z] ⚠️ Unknown category for item 7721
[2025-11-02T00:29:37.881Z] 
🔍 Processing failed item 7736 (36/1103)
[2025-11-02T00:29:37.881Z] 🔄 Retry attempt 1/5 for item 7736
[2025-11-02T00:29:43.982Z] ✅ Successfully recovered item 7736: Fight Club
[2025-11-02T00:29:43.983Z] ⚠️ Unknown category for item 7736
[2025-11-02T00:29:46.984Z] 
🔍 Processing failed item 7752 (37/1103)
[2025-11-02T00:29:46.984Z] 🔄 Retry attempt 1/5 for item 7752
[2025-11-02T00:29:53.083Z] ✅ Successfully recovered item 7752: Dreamslayer
[2025-11-02T00:29:53.084Z] ⚠️ Unknown category for item 7752
[2025-11-02T00:29:56.085Z] 
🔍 Processing failed item 7946 (38/1103)
[2025-11-02T00:29:56.086Z] 🔄 Retry attempt 1/5 for item 7946
[2025-11-02T00:30:01.988Z] ✅ Successfully recovered item 7946: Runed Mithril Hammer
[2025-11-02T00:30:01.989Z] ⚠️ Unknown category for item 7946
[2025-11-02T00:30:04.990Z] 
🔍 Processing failed item 9386 (39/1103)
[2025-11-02T00:30:04.991Z] 🔄 Retry attempt 1/5 for item 9386
[2025-11-02T00:30:11.086Z] ✅ Successfully recovered item 9386: Excavator's Brand
[2025-11-02T00:30:11.087Z] ⚠️ Unknown category for item 9386
[2025-11-02T00:30:14.088Z] 
🔍 Processing failed item 9419 (40/1103)
[2025-11-02T00:30:14.089Z] 🔄 Retry attempt 1/5 for item 9419
[2025-11-02T00:30:19.994Z] ✅ Successfully recovered item 9419: Galgann's Firehammer
[2025-11-02T00:30:19.994Z] ⚠️ Unknown category for item 9419
[2025-11-02T00:30:19.994Z] 💾 Saved 0 recovered weapons items to turtle_db/recovered-weapons.json
[2025-11-02T00:30:19.994Z] 💾 Saved 0 recovered armor items to turtle_db/recovered-armor.json
[2025-11-02T00:30:22.996Z] 
🔍 Processing failed item 9457 (41/1103)
[2025-11-02T00:30:22.996Z] 🔄 Retry attempt 1/5 for item 9457
[2025-11-02T00:30:29.077Z] ✅ Successfully recovered item 9457: Royal Diplomatic Scepter
[2025-11-02T00:30:29.077Z] ⚠️ Unknown category for item 9457
[2025-11-02T00:30:32.078Z] 
🔍 Processing failed item 9488 (42/1103)
[2025-11-02T00:30:32.079Z] 🔄 Retry attempt 1/5 for item 9488
[2025-11-02T00:30:38.159Z] ✅ Successfully recovered item 9488: Oscillating Power Hammer
[2025-11-02T00:30:38.160Z] ⚠️ Unknown category for item 9488
[2025-11-02T00:30:41.162Z] 
🔍 Processing failed item 9651 (43/1103)
[2025-11-02T00:30:41.162Z] 🔄 Retry attempt 1/5 for item 9651
[2025-11-02T00:30:47.158Z] ✅ Successfully recovered item 9651: Gryphon Rider's Stormhammer
[2025-11-02T00:30:47.158Z] ⚠️ Unknown category for item 9651
[2025-11-02T00:30:50.160Z] 
🔍 Processing failed item 10571 (44/1103)
[2025-11-02T00:30:50.161Z] 🔄 Retry attempt 1/5 for item 10571
[2025-11-02T00:30:56.841Z] ✅ Successfully recovered item 10571: Ebony Boneclub
[2025-11-02T00:30:56.842Z] ⚠️ Unknown category for item 10571
[2025-11-02T00:30:59.844Z] 
🔍 Processing failed item 10838 (45/1103)
[2025-11-02T00:30:59.844Z] 🔄 Retry attempt 1/5 for item 10838
[2025-11-02T00:31:05.926Z] ✅ Successfully recovered item 10838: Might of Hakkar
[2025-11-02T00:31:05.927Z] ⚠️ Unknown category for item 10838
[2025-11-02T00:31:08.928Z] 
🔍 Processing failed item 10697 (46/1103)
[2025-11-02T00:31:08.929Z] 🔄 Retry attempt 1/5 for item 10697
[2025-11-02T00:31:15.023Z] ✅ Successfully recovered item 10697: Enchanted Azsharite Felbane Dagger
[2025-11-02T00:31:15.024Z] ⚠️ Unknown category for item 10697
[2025-11-02T00:31:18.025Z] 
🔍 Processing failed item 10703 (47/1103)
[2025-11-02T00:31:18.026Z] 🔄 Retry attempt 1/5 for item 10703
[2025-11-02T00:31:24.109Z] ✅ Successfully recovered item 10703: Fiendish Skiv
[2025-11-02T00:31:24.110Z] ⚠️ Unknown category for item 10703
[2025-11-02T00:31:27.110Z] 
🔍 Processing failed item 11856 (48/1103)
[2025-11-02T00:31:27.111Z] 🔄 Retry attempt 1/5 for item 11856
[2025-11-02T00:31:33.207Z] ✅ Successfully recovered item 11856: Ceremonial Elven Blade
[2025-11-02T00:31:33.208Z] ⚠️ Unknown category for item 11856
[2025-11-02T00:31:36.209Z] 
🔍 Processing failed item 12247 (49/1103)
[2025-11-02T00:31:36.210Z] 🔄 Retry attempt 1/5 for item 12247
[2025-11-02T00:31:42.304Z] ✅ Successfully recovered item 12247: Broad Bladed Knife
[2025-11-02T00:31:42.305Z] ⚠️ Unknown category for item 12247
[2025-11-02T00:31:45.307Z] 
🔍 Processing failed item 12248 (50/1103)
[2025-11-02T00:31:45.428Z] 🔒 Browser closed
[2025-11-02T00:31:45.428Z] 🚀 Initializing browser for retry processing...
[2025-11-02T00:31:45.821Z] ✅ Browser initialized
[2025-11-02T00:31:45.821Z] 🔄 Retry attempt 1/5 for item 12248
[2025-11-02T00:31:51.823Z] ✅ Successfully recovered item 12248: Daring Dirk
[2025-11-02T00:31:51.824Z] ⚠️ Unknown category for item 12248
[2025-11-02T00:31:51.824Z] 💾 Saved 0 recovered weapons items to turtle_db/recovered-weapons.json
[2025-11-02T00:31:51.824Z] 💾 Saved 0 recovered armor items to turtle_db/recovered-armor.json
[2025-11-02T00:31:54.826Z] 
🔍 Processing failed item 12259 (51/1103)
[2025-11-02T00:31:54.827Z] 🔄 Retry attempt 1/5 for item 12259
[2025-11-02T00:32:00.810Z] ✅ Successfully recovered item 12259: Glinting Steel Dagger
[2025-11-02T00:32:00.810Z] ⚠️ Unknown category for item 12259
[2025-11-02T00:32:03.811Z] 
🔍 Processing failed item 14151 (52/1103)
[2025-11-02T00:32:03.811Z] 🔄 Retry attempt 1/5 for item 14151
[2025-11-02T00:32:09.890Z] ✅ Successfully recovered item 14151: Chanting Blade
[2025-11-02T00:32:09.891Z] ⚠️ Unknown category for item 14151
[2025-11-02T00:32:12.892Z] 
🔍 Processing failed item 15241 (53/1103)
[2025-11-02T00:32:12.893Z] 🔄 Retry attempt 1/5 for item 15241
[2025-11-02T00:32:19.012Z] ✅ Successfully recovered item 15241: Battle Knife
[2025-11-02T00:32:19.013Z] ⚠️ Unknown category for item 15241
[2025-11-02T00:32:22.014Z] 
🔍 Processing failed item 15242 (54/1103)
[2025-11-02T00:32:22.015Z] 🔄 Retry attempt 1/5 for item 15242
[2025-11-02T00:32:28.130Z] ✅ Successfully recovered item 15242: Honed Stiletto
[2025-11-02T00:32:28.130Z] ⚠️ Unknown category for item 15242
[2025-11-02T00:32:31.132Z] 
🔍 Processing failed item 15243 (55/1103)
[2025-11-02T00:32:31.132Z] 🔄 Retry attempt 1/5 for item 15243
[2025-11-02T00:32:37.227Z] ✅ Successfully recovered item 15243: Deadly Kris
[2025-11-02T00:32:37.227Z] ⚠️ Unknown category for item 15243
[2025-11-02T00:32:40.228Z] 
🔍 Processing failed item 15246 (56/1103)
[2025-11-02T00:32:40.229Z] 🔄 Retry attempt 1/5 for item 15246
[2025-11-02T00:32:46.341Z] ✅ Successfully recovered item 15246: Demon Blade
[2025-11-02T00:32:46.342Z] ⚠️ Unknown category for item 15246
[2025-11-02T00:32:49.343Z] 
🔍 Processing failed item 15247 (57/1103)
[2025-11-02T00:32:49.344Z] 🔄 Retry attempt 1/5 for item 15247
[2025-11-02T00:32:55.494Z] ✅ Successfully recovered item 15247: Bloodstrike Dagger
[2025-11-02T00:32:55.495Z] ⚠️ Unknown category for item 15247
[2025-11-02T00:32:58.496Z] 
🔍 Processing failed item 15396 (58/1103)
[2025-11-02T00:32:58.496Z] 🔄 Retry attempt 1/5 for item 15396
[2025-11-02T00:33:04.573Z] ✅ Successfully recovered item 15396: Curvewood Dagger
[2025-11-02T00:33:04.574Z] ⚠️ Unknown category for item 15396
[2025-11-02T00:33:07.576Z] 
🔍 Processing failed item 15783 (59/1103)
[2025-11-02T00:33:07.576Z] 🔄 Retry attempt 1/5 for item 15783
[2025-11-02T00:33:13.657Z] ✅ Successfully recovered item 15783: Beasthunter Dagger
[2025-11-02T00:33:13.658Z] ⚠️ Unknown category for item 15783
[2025-11-02T00:33:16.658Z] 
🔍 Processing failed item 19965 (60/1103)
[2025-11-02T00:33:16.659Z] 🔄 Retry attempt 1/5 for item 19965
[2025-11-02T00:33:22.850Z] ✅ Successfully recovered item 19965: Wushoolay's Poker
[2025-11-02T00:33:22.851Z] ⚠️ Unknown category for item 19965
[2025-11-02T00:33:22.852Z] 💾 Saved 0 recovered weapons items to turtle_db/recovered-weapons.json
[2025-11-02T00:33:22.852Z] 💾 Saved 0 recovered armor items to turtle_db/recovered-armor.json
[2025-11-02T00:33:25.855Z] 
🔍 Processing failed item 20303 (61/1103)
[2025-11-02T00:33:25.855Z] 🔄 Retry attempt 1/5 for item 20303
[2025-11-02T00:33:31.945Z] ✅ Successfully recovered item 20303: 90 Green Rogue Dagger
[2025-11-02T00:33:31.946Z] ⚠️ Unknown category for item 20303
[2025-11-02T00:33:34.947Z] 
🔍 Processing failed item 20317 (62/1103)
[2025-11-02T00:33:34.948Z] 🔄 Retry attempt 1/5 for item 20317
[2025-11-02T00:33:41.037Z] ✅ Successfully recovered item 20317: 63 Green Rogue Dagger
[2025-11-02T00:33:41.038Z] ⚠️ Unknown category for item 20317
[2025-11-02T00:33:44.039Z] 
🔍 Processing failed item 20647 (63/1103)
[2025-11-02T00:33:44.039Z] 🔄 Retry attempt 1/5 for item 20647
[2025-11-02T00:33:50.140Z] ✅ Successfully recovered item 20647: Black Crystal Dagger
[2025-11-02T00:33:50.141Z] ⚠️ Unknown category for item 20647
[2025-11-02T00:33:53.142Z] 
🔍 Processing failed item 51767 (64/1103)
[2025-11-02T00:33:53.143Z] 🔄 Retry attempt 1/5 for item 51767
[2025-11-02T00:33:59.269Z] ✅ Successfully recovered item 51767: Dagger of Quel'Danil
[2025-11-02T00:33:59.270Z] ⚠️ Unknown category for item 51767
[2025-11-02T00:34:02.272Z] 
🔍 Processing failed item 51818 (65/1103)
[2025-11-02T00:34:02.272Z] 🔄 Retry attempt 1/5 for item 51818
[2025-11-02T00:34:08.265Z] ✅ Successfully recovered item 51818: Agal's Ambusher
[2025-11-02T00:34:08.266Z] ⚠️ Unknown category for item 51818
[2025-11-02T00:34:11.267Z] 
🔍 Processing failed item 60743 (66/1103)
[2025-11-02T00:34:11.268Z] 🔄 Retry attempt 1/5 for item 60743
[2025-11-02T00:34:17.345Z] ✅ Successfully recovered item 60743: Demonblood Dirk
[2025-11-02T00:34:17.346Z] ⚠️ Unknown category for item 60743
[2025-11-02T00:34:20.347Z] 
🔍 Processing failed item 60864 (67/1103)
[2025-11-02T00:34:20.347Z] 🔄 Retry attempt 1/5 for item 60864
[2025-11-02T00:34:26.427Z] ✅ Successfully recovered item 60864: Half-O-Staff
[2025-11-02T00:34:26.427Z] ⚠️ Unknown category for item 60864
[2025-11-02T00:34:29.429Z] 
🔍 Processing failed item 61467 (68/1103)
[2025-11-02T00:34:29.429Z] 🔄 Retry attempt 1/5 for item 61467
[2025-11-02T00:34:35.507Z] ✅ Successfully recovered item 61467: Blade of Caliban
[2025-11-02T00:34:35.508Z] ⚠️ Unknown category for item 61467
[2025-11-02T00:34:38.509Z] 
🔍 Processing failed item 61633 (69/1103)
[2025-11-02T00:34:38.510Z] 🔄 Retry attempt 1/5 for item 61633
[2025-11-02T00:34:44.599Z] ✅ Successfully recovered item 61633: Bleaktalon
[2025-11-02T00:34:44.599Z] ⚠️ Unknown category for item 61633
[2025-11-02T00:34:47.601Z] 
🔍 Processing failed item 80129 (70/1103)
[2025-11-02T00:34:47.601Z] 🔄 Retry attempt 1/5 for item 80129
[2025-11-02T00:34:53.682Z] ✅ Successfully recovered item 80129: Balanced Hand Blade
[2025-11-02T00:34:53.682Z] ⚠️ Unknown category for item 80129
[2025-11-02T00:34:53.683Z] 💾 Saved 0 recovered weapons items to turtle_db/recovered-weapons.json
[2025-11-02T00:34:53.683Z] 💾 Saved 0 recovered armor items to turtle_db/recovered-armor.json
[2025-11-02T00:34:56.686Z] 
🔍 Processing failed item 80727 (71/1103)
[2025-11-02T00:34:56.686Z] 🔄 Retry attempt 1/5 for item 80727
[2025-11-02T00:35:02.777Z] ✅ Successfully recovered item 80727: Broken Bottle
[2025-11-02T00:35:02.778Z] ⚠️ Unknown category for item 80727
[2025-11-02T00:35:05.779Z] 
🔍 Processing failed item 80821 (72/1103)
[2025-11-02T00:35:05.780Z] 🔄 Retry attempt 1/5 for item 80821
[2025-11-02T00:35:11.989Z] ✅ Successfully recovered item 80821: Hatetalon
[2025-11-02T00:35:11.990Z] ⚠️ Unknown category for item 80821
[2025-11-02T00:35:14.991Z] 
🔍 Processing failed item 80823 (73/1103)
[2025-11-02T00:35:14.991Z] 🔄 Retry attempt 1/5 for item 80823
[2025-11-02T00:35:20.893Z] ✅ Successfully recovered item 80823: Gemstone Dagger
[2025-11-02T00:35:20.894Z] ⚠️ Unknown category for item 80823
[2025-11-02T00:35:23.895Z] 
🔍 Processing failed item 816 (74/1103)
[2025-11-02T00:35:23.895Z] 🔄 Retry attempt 1/5 for item 816
[2025-11-02T00:35:29.980Z] ✅ Successfully recovered item 816: Small Hand Blade
[2025-11-02T00:35:29.980Z] ⚠️ Unknown category for item 816
[2025-11-02T00:35:32.982Z] 
🔍 Processing failed item 820 (75/1103)
[2025-11-02T00:35:32.982Z] 🔄 Retry attempt 1/5 for item 820
[2025-11-02T00:35:39.060Z] ✅ Successfully recovered item 820: Slicer Blade
[2025-11-02T00:35:39.064Z] ⚠️ Unknown category for item 820
[2025-11-02T00:35:42.065Z] 
🔍 Processing failed item 899 (76/1103)
[2025-11-02T00:35:42.066Z] 🔄 Retry attempt 1/5 for item 899
[2025-11-02T00:35:48.060Z] ✅ Successfully recovered item 899: Venom Web Fang
[2025-11-02T00:35:48.061Z] ⚠️ Unknown category for item 899
[2025-11-02T00:35:51.062Z] 
🔍 Processing failed item 1465 (77/1103)
[2025-11-02T00:35:51.063Z] 🔄 Retry attempt 1/5 for item 1465
[2025-11-02T00:36:07.968Z] ✅ Successfully recovered item 1465: Tigerbane
[2025-11-02T00:36:07.968Z] ⚠️ Unknown category for item 1465
[2025-11-02T00:36:10.970Z] 
🔍 Processing failed item 1917 (78/1103)
[2025-11-02T00:36:10.971Z] 🔄 Retry attempt 1/5 for item 1917
[2025-11-02T00:36:17.062Z] ✅ Successfully recovered item 1917: Jeweled Dagger
[2025-11-02T00:36:17.063Z] ⚠️ Unknown category for item 1917
[2025-11-02T00:36:20.064Z] 
🔍 Processing failed item 2088 (79/1103)
[2025-11-02T00:36:20.064Z] 🔄 Retry attempt 1/5 for item 2088
[2025-11-02T00:36:26.142Z] ✅ Successfully recovered item 2088: Long Crawler Limb
[2025-11-02T00:36:26.143Z] ⚠️ Unknown category for item 2088
[2025-11-02T00:36:29.144Z] 
🔍 Processing failed item 2089 (80/1103)
[2025-11-02T00:36:29.144Z] 🔄 Retry attempt 1/5 for item 2089
[2025-11-02T00:36:35.245Z] ✅ Successfully recovered item 2089: Scrimshaw Dagger
[2025-11-02T00:36:35.246Z] ⚠️ Unknown category for item 2089
[2025-11-02T00:36:35.246Z] 💾 Saved 0 recovered weapons items to turtle_db/recovered-weapons.json
[2025-11-02T00:36:35.246Z] 💾 Saved 0 recovered armor items to turtle_db/recovered-armor.json
[2025-11-02T00:36:38.248Z] 
🔍 Processing failed item 2169 (81/1103)
[2025-11-02T00:36:38.249Z] 🔄 Retry attempt 1/5 for item 2169
[2025-11-02T00:36:44.244Z] ✅ Successfully recovered item 2169: Buzzer Blade
[2025-11-02T00:36:44.245Z] ⚠️ Unknown category for item 2169
[2025-11-02T00:36:47.246Z] 
🔍 Processing failed item 2195 (82/1103)
[2025-11-02T00:36:47.247Z] 🔄 Retry attempt 1/5 for item 2195
[2025-11-02T00:36:53.334Z] ✅ Successfully recovered item 2195: Anvilmar Knife
[2025-11-02T00:36:53.334Z] ⚠️ Unknown category for item 2195
[2025-11-02T00:36:56.335Z] 
🔍 Processing failed item 5278 (83/1103)
[2025-11-02T00:36:56.335Z] 🔄 Retry attempt 1/5 for item 5278
[2025-11-02T00:37:02.413Z] ✅ Successfully recovered item 5278: Monster - Dagger, Bowie Knife
[2025-11-02T00:37:02.413Z] ⚠️ Unknown category for item 5278
[2025-11-02T00:37:05.415Z] 
🔍 Processing failed item 5281 (84/1103)
[2025-11-02T00:37:05.416Z] 🔄 Retry attempt 1/5 for item 5281
[2025-11-02T00:37:11.507Z] ✅ Successfully recovered item 5281: Monster - Dagger, Broad/Flat Blade
[2025-11-02T00:37:11.508Z] ⚠️ Unknown category for item 5281
[2025-11-02T00:37:14.508Z] 
🔍 Processing failed item 5285 (85/1103)
[2025-11-02T00:37:14.509Z] 🔄 Retry attempt 1/5 for item 5285
[2025-11-02T00:37:20.597Z] ✅ Successfully recovered item 5285: Monster - Dagger, Curvey Blue Hilt
[2025-11-02T00:37:20.598Z] ⚠️ Unknown category for item 5285
[2025-11-02T00:37:23.598Z] 
🔍 Processing failed item 5392 (86/1103)
[2025-11-02T00:37:23.599Z] 🔄 Retry attempt 1/5 for item 5392
[2025-11-02T00:37:29.678Z] ✅ Successfully recovered item 5392: Thistlewood Dagger
[2025-11-02T00:37:29.679Z] ⚠️ Unknown category for item 5392
[2025-11-02T00:37:32.680Z] 
🔍 Processing failed item 5605 (87/1103)
[2025-11-02T00:37:32.681Z] 🔄 Retry attempt 1/5 for item 5605
[2025-11-02T00:37:38.774Z] ✅ Successfully recovered item 5605: Pruning Knife
[2025-11-02T00:37:38.775Z] ⚠️ Unknown category for item 5605
[2025-11-02T00:37:41.775Z] 
🔍 Processing failed item 6681 (88/1103)
[2025-11-02T00:37:41.776Z] 🔄 Retry attempt 1/5 for item 6681
[2025-11-02T00:37:47.862Z] ✅ Successfully recovered item 6681: Thornspike
[2025-11-02T00:37:47.862Z] ⚠️ Unknown category for item 6681
[2025-11-02T00:37:50.864Z] 
🔍 Processing failed item 7166 (89/1103)
[2025-11-02T00:37:50.865Z] 🔄 Retry attempt 1/5 for item 7166
[2025-11-02T00:37:56.935Z] ✅ Successfully recovered item 7166: Copper Dagger
[2025-11-02T00:37:56.936Z] ⚠️ Unknown category for item 7166
[2025-11-02T00:37:59.936Z] 
🔍 Processing failed item 10616 (90/1103)
[2025-11-02T00:37:59.937Z] 🔄 Retry attempt 1/5 for item 10616
[2025-11-02T00:38:06.032Z] ✅ Successfully recovered item 10616: Monster - Dagger, Curvey Silver
[2025-11-02T00:38:06.032Z] ⚠️ Unknown category for item 10616
[2025-11-02T00:38:06.033Z] 💾 Saved 0 recovered weapons items to turtle_db/recovered-weapons.json
[2025-11-02T00:38:06.033Z] 💾 Saved 0 recovered armor items to turtle_db/recovered-armor.json
[2025-11-02T00:38:09.034Z] 
🔍 Processing failed item 10617 (91/1103)
[2025-11-02T00:38:09.035Z] 🔄 Retry attempt 1/5 for item 10617
[2025-11-02T00:38:15.126Z] ✅ Successfully recovered item 10617: Monster - Dagger, Curved Bone Bloody
[2025-11-02T00:38:15.126Z] ⚠️ Unknown category for item 10617
[2025-11-02T00:38:18.128Z] 
🔍 Processing failed item 10619 (92/1103)
[2025-11-02T00:38:18.129Z] 🔄 Retry attempt 1/5 for item 10619
[2025-11-02T00:38:24.215Z] ✅ Successfully recovered item 10619: Monster - Dagger, Badass Red
[2025-11-02T00:38:24.215Z] ⚠️ Unknown category for item 10619
[2025-11-02T00:38:27.216Z] 
🔍 Processing failed item 12991 (93/1103)
[2025-11-02T00:38:27.217Z] 🔄 Retry attempt 1/5 for item 12991
[2025-11-02T00:38:33.295Z] ✅ Successfully recovered item 12991: Monster - Dagger, Curvey Green Blade
[2025-11-02T00:38:33.296Z] ⚠️ Unknown category for item 12991
[2025-11-02T00:38:36.297Z] 
🔍 Processing failed item 21551 (94/1103)
[2025-11-02T00:38:36.298Z] 🔄 Retry attempt 1/5 for item 21551
[2025-11-02T00:38:42.294Z] ✅ Successfully recovered item 21551: Monster - Dagger, Alliance PvP
[2025-11-02T00:38:42.294Z] ⚠️ Unknown category for item 21551
[2025-11-02T00:38:45.295Z] 
🔍 Processing failed item 22215 (95/1103)
[2025-11-02T00:38:45.296Z] 🔄 Retry attempt 1/5 for item 22215
[2025-11-02T00:38:51.380Z] ✅ Successfully recovered item 22215: Monster - Dagger, Bonescraper
[2025-11-02T00:38:51.380Z] ⚠️ Unknown category for item 22215
[2025-11-02T00:38:54.381Z] 
🔍 Processing failed item 23369 (96/1103)
[2025-11-02T00:38:54.381Z] 🔄 Retry attempt 1/5 for item 23369
[2025-11-02T00:39:00.459Z] ✅ Successfully recovered item 23369: Monster - Dagger, Claw of Chromaggus
[2025-11-02T00:39:00.459Z] ⚠️ Unknown category for item 23369
[2025-11-02T00:39:03.461Z] 
🔍 Processing failed item 24418 (97/1103)
[2025-11-02T00:39:03.462Z] 🔄 Retry attempt 1/5 for item 24418
[2025-11-02T00:39:09.631Z] ✅ Successfully recovered item 24418: Monster - Dagger Badass Naxx
[2025-11-02T00:39:09.632Z] ⚠️ Unknown category for item 24418
[2025-11-02T00:39:12.633Z] 
🔍 Processing failed item 41025 (98/1103)
[2025-11-02T00:39:12.634Z] 🔄 Retry attempt 1/5 for item 41025
[2025-11-02T00:39:18.628Z] ✅ Successfully recovered item 41025: Rusted Pirate Dagger
[2025-11-02T00:39:18.629Z] ⚠️ Unknown category for item 41025
[2025-11-02T00:39:21.631Z] 
🔍 Processing failed item 50342 (99/1103)
[2025-11-02T00:39:21.631Z] 🔄 Retry attempt 1/5 for item 50342
[2025-11-02T00:39:27.721Z] ✅ Successfully recovered item 50342: Darnassus Sentinel Glaive
[2025-11-02T00:39:27.721Z] ⚠️ Unknown category for item 50342
[2025-11-02T00:39:30.724Z] 
🔍 Processing failed item 58087 (100/1103)
[2025-11-02T00:39:30.821Z] 🔒 Browser closed
[2025-11-02T00:39:30.822Z] 🚀 Initializing browser for retry processing...
[2025-11-02T00:39:31.198Z] ✅ Browser initialized
[2025-11-02T00:39:31.198Z] 🔄 Retry attempt 1/5 for item 58087
[2025-11-02T00:39:37.191Z] ✅ Successfully recovered item 58087: Drifter's Knife
[2025-11-02T00:39:37.191Z] ⚠️ Unknown category for item 58087
[2025-11-02T00:39:37.192Z] 💾 Saved 0 recovered weapons items to turtle_db/recovered-weapons.json
[2025-11-02T00:39:37.192Z] 💾 Saved 0 recovered armor items to turtle_db/recovered-armor.json
[2025-11-02T00:39:40.194Z] 
🔍 Processing failed item 80113 (101/1103)
[2025-11-02T00:39:40.195Z] 🔄 Retry attempt 1/5 for item 80113
[2025-11-02T00:39:46.177Z] ✅ Successfully recovered item 80113: Pocket Knife
[2025-11-02T00:39:46.177Z] ⚠️ Unknown category for item 80113
[2025-11-02T00:39:49.179Z] 
🔍 Processing failed item 80211 (102/1103)
[2025-11-02T00:39:49.179Z] 🔄 Retry attempt 1/5 for item 80211
[2025-11-02T00:39:55.267Z] ✅ Successfully recovered item 80211: Camping Knife
[2025-11-02T00:39:55.268Z] ⚠️ Unknown category for item 80211
[2025-11-02T00:39:58.269Z] 
🔍 Processing failed item 2138 (103/1103)
[2025-11-02T00:39:58.270Z] 🔄 Retry attempt 1/5 for item 2138
[2025-11-02T00:40:08.224Z] ✅ Successfully recovered item 2138: Sharpened Letter Opener
[2025-11-02T00:40:08.224Z] ⚠️ Unknown category for item 2138
[2025-11-02T00:40:11.226Z] 
🔍 Processing failed item 2764 (104/1103)
[2025-11-02T00:40:11.227Z] 🔄 Retry attempt 1/5 for item 2764
[2025-11-02T00:40:22.955Z] ✅ Successfully recovered item 2764: Small Dagger
[2025-11-02T00:40:22.956Z] ⚠️ Unknown category for item 2764
[2025-11-02T00:40:25.958Z] 
🔍 Processing failed item 3786 (105/1103)
[2025-11-02T00:40:25.959Z] 🔄 Retry attempt 1/5 for item 3786
[2025-11-02T00:40:32.077Z] ✅ Successfully recovered item 3786: Shiny Dirk
[2025-11-02T00:40:32.077Z] ⚠️ Unknown category for item 3786
[2025-11-02T00:40:35.078Z] 
🔍 Processing failed item 5280 (106/1103)
[2025-11-02T00:40:35.079Z] 🔄 Retry attempt 1/5 for item 5280
[2025-11-02T00:40:41.177Z] ✅ Successfully recovered item 5280: Monster - Dagger, Gold Blade
[2025-11-02T00:40:41.179Z] ⚠️ Unknown category for item 5280
[2025-11-02T00:40:44.180Z] 
🔍 Processing failed item 5282 (107/1103)
[2025-11-02T00:40:44.180Z] 🔄 Retry attempt 1/5 for item 5282
[2025-11-02T00:40:50.270Z] ✅ Successfully recovered item 5282: Monster - Dagger, Fang Hook Curve
[2025-11-02T00:40:50.270Z] ⚠️ Unknown category for item 5282
[2025-11-02T00:40:53.272Z] 
🔍 Processing failed item 5283 (108/1103)
[2025-11-02T00:40:53.272Z] 🔄 Retry attempt 1/5 for item 5283
[2025-11-02T00:40:59.356Z] ✅ Successfully recovered item 5283: Monster - Dagger, Ornate Spikey Base
[2025-11-02T00:40:59.356Z] ⚠️ Unknown category for item 5283
[2025-11-02T00:41:02.356Z] 
🔍 Processing failed item 5284 (109/1103)
[2025-11-02T00:41:02.357Z] 🔄 Retry attempt 1/5 for item 5284
[2025-11-02T00:41:08.354Z] ✅ Successfully recovered item 5284: Monster - Dagger, Jeweled Hilt
[2025-11-02T00:41:08.355Z] ⚠️ Unknown category for item 5284
[2025-11-02T00:41:11.356Z] 
🔍 Processing failed item 5516 (110/1103)
[2025-11-02T00:41:11.356Z] 🔄 Retry attempt 1/5 for item 5516
[2025-11-02T00:41:17.442Z] ✅ Successfully recovered item 5516: Threshadon Fang
[2025-11-02T00:41:17.442Z] ⚠️ Unknown category for item 5516
[2025-11-02T00:41:17.442Z] 💾 Saved 0 recovered weapons items to turtle_db/recovered-weapons.json
[2025-11-02T00:41:17.442Z] 💾 Saved 0 recovered armor items to turtle_db/recovered-armor.json
[2025-11-02T00:41:20.444Z] 
🔍 Processing failed item 10618 (111/1103)
[2025-11-02T00:41:20.444Z] 🔄 Retry attempt 1/5 for item 10618
[2025-11-02T00:41:26.523Z] ✅ Successfully recovered item 10618: Monster - Dagger, Tanto Blade
[2025-11-02T00:41:26.524Z] ⚠️ Unknown category for item 10618
[2025-11-02T00:41:29.525Z] 
🔍 Processing failed item 20363 (112/1103)
[2025-11-02T00:41:29.526Z] 🔄 Retry attempt 1/5 for item 20363
[2025-11-02T00:41:35.524Z] ✅ Successfully recovered item 20363: 63 Green Frost Wand
[2025-11-02T00:41:35.525Z] ⚠️ Unknown category for item 20363
[2025-11-02T00:41:38.526Z] 
🔍 Processing failed item 20622 (113/1103)
[2025-11-02T00:41:38.527Z] 🔄 Retry attempt 1/5 for item 20622
[2025-11-02T00:41:44.610Z] ✅ Successfully recovered item 20622: Dragonheart Necklace
[2025-11-02T00:41:44.610Z] ⚠️ Unknown category for item 20622
[2025-11-02T00:41:47.611Z] 
🔍 Processing failed item 21504 (114/1103)
[2025-11-02T00:41:47.611Z] 🔄 Retry attempt 1/5 for item 21504
[2025-11-02T00:41:53.688Z] ✅ Successfully recovered item 21504: Charm of the Shifting Sands
[2025-11-02T00:41:53.689Z] ⚠️ Unknown category for item 21504
[2025-11-02T00:41:56.690Z] 
🔍 Processing failed item 21505 (115/1103)
[2025-11-02T00:41:56.690Z] 🔄 Retry attempt 1/5 for item 21505
[2025-11-02T00:42:02.798Z] ✅ Successfully recovered item 21505: Choker of the Shifting Sands
[2025-11-02T00:42:02.799Z] ⚠️ Unknown category for item 21505
[2025-11-02T00:42:05.800Z] 
🔍 Processing failed item 21507 (116/1103)
[2025-11-02T00:42:05.800Z] 🔄 Retry attempt 1/5 for item 21507
[2025-11-02T00:42:11.888Z] ✅ Successfully recovered item 21507: Amulet of the Shifting Sands
[2025-11-02T00:42:11.888Z] ⚠️ Unknown category for item 21507
[2025-11-02T00:42:14.890Z] 
🔍 Processing failed item 47185 (117/1103)
[2025-11-02T00:42:14.890Z] 🔄 Retry attempt 1/5 for item 47185
[2025-11-02T00:42:20.981Z] ✅ Successfully recovered item 47185: Choker of the Stormhowl
[2025-11-02T00:42:20.981Z] ⚠️ Unknown category for item 47185
[2025-11-02T00:42:23.982Z] 
🔍 Processing failed item 47197 (118/1103)
[2025-11-02T00:42:23.982Z] 🔄 Retry attempt 1/5 for item 47197
[2025-11-02T00:42:30.064Z] ✅ Successfully recovered item 47197: Amulet of the Stormhowl
[2025-11-02T00:42:30.064Z] ⚠️ Unknown category for item 47197
[2025-11-02T00:42:33.065Z] 
🔍 Processing failed item 47233 (119/1103)
[2025-11-02T00:42:33.066Z] 🔄 Retry attempt 1/5 for item 47233
[2025-11-02T00:42:39.145Z] ✅ Successfully recovered item 47233: Amulet of Pestilence
[2025-11-02T00:42:39.146Z] ⚠️ Unknown category for item 47233
[2025-11-02T00:42:42.147Z] 
🔍 Processing failed item 47275 (120/1103)
[2025-11-02T00:42:42.147Z] 🔄 Retry attempt 1/5 for item 47275
[2025-11-02T00:42:48.223Z] ✅ Successfully recovered item 47275: Choker of the Brotherhood
[2025-11-02T00:42:48.224Z] ⚠️ Unknown category for item 47275
[2025-11-02T00:42:48.224Z] 💾 Saved 0 recovered weapons items to turtle_db/recovered-weapons.json
[2025-11-02T00:42:48.224Z] 💾 Saved 0 recovered armor items to turtle_db/recovered-armor.json
[2025-11-02T00:42:51.226Z] 
🔍 Processing failed item 47395 (121/1103)
[2025-11-02T00:42:51.226Z] 🔄 Retry attempt 1/5 for item 47395
[2025-11-02T00:42:57.194Z] ✅ Successfully recovered item 47395: Amulet of the Talon
[2025-11-02T00:42:57.194Z] ⚠️ Unknown category for item 47395
[2025-11-02T00:43:00.195Z] 
🔍 Processing failed item 47407 (122/1103)
[2025-11-02T00:43:00.195Z] 🔄 Retry attempt 1/5 for item 47407
[2025-11-02T00:43:06.223Z] ✅ Successfully recovered item 47407: Choker of the Talon
[2025-11-02T00:43:06.224Z] ⚠️ Unknown category for item 47407
[2025-11-02T00:43:09.225Z] 
🔍 Processing failed item 55077 (123/1103)
[2025-11-02T00:43:09.226Z] 🔄 Retry attempt 1/5 for item 55077
[2025-11-02T00:43:15.291Z] ✅ Successfully recovered item 55077: Carnelia's Sunset
[2025-11-02T00:43:15.292Z] ⚠️ Unknown category for item 55077
[2025-11-02T00:43:18.293Z] 
🔍 Processing failed item 58096 (124/1103)
[2025-11-02T00:43:18.293Z] 🔄 Retry attempt 1/5 for item 58096
[2025-11-02T00:43:24.381Z] ✅ Successfully recovered item 58096: Soulgem of the Chained Wyrm
[2025-11-02T00:43:24.382Z] ⚠️ Unknown category for item 58096
[2025-11-02T00:43:27.383Z] 
🔍 Processing failed item 20358 (125/1103)
[2025-11-02T00:43:27.383Z] 🔄 Retry attempt 1/5 for item 20358
[2025-11-02T00:43:33.517Z] ✅ Successfully recovered item 20358: 63 Green Frost Neck
[2025-11-02T00:43:33.517Z] ⚠️ Unknown category for item 20358
[2025-11-02T00:43:36.517Z] 
🔍 Processing failed item 2543 (126/1103)
[2025-11-02T00:43:36.518Z] 🔄 Retry attempt 1/5 for item 2543
[2025-11-02T00:43:42.600Z] ✅ Successfully recovered item 2543: Gamemaster's Medallion
[2025-11-02T00:43:42.601Z] ⚠️ Unknown category for item 2543
[2025-11-02T00:43:45.602Z] 
🔍 Processing failed item 4614 (127/1103)
[2025-11-02T00:43:45.603Z] 🔄 Retry attempt 1/5 for item 4614
[2025-11-02T00:43:51.694Z] ✅ Successfully recovered item 4614: Pendant of Myzrael
[2025-11-02T00:43:51.694Z] ⚠️ Unknown category for item 4614
[2025-11-02T00:43:54.695Z] 
🔍 Processing failed item 4743 (128/1103)
[2025-11-02T00:43:54.695Z] 🔄 Retry attempt 1/5 for item 4743
[2025-11-02T00:44:00.777Z] ✅ Successfully recovered item 4743: Pulsating Crystalline Shard
[2025-11-02T00:44:00.777Z] ⚠️ Unknown category for item 4743
[2025-11-02T00:44:03.777Z] 
🔍 Processing failed item 5029 (129/1103)
[2025-11-02T00:44:03.778Z] 🔄 Retry attempt 1/5 for item 5029
[2025-11-02T00:44:09.874Z] ✅ Successfully recovered item 5029: Talisman of the Naga Lord
[2025-11-02T00:44:09.875Z] ⚠️ Unknown category for item 5029
[2025-11-02T00:44:12.875Z] 
🔍 Processing failed item 5754 (130/1103)
[2025-11-02T00:44:12.875Z] 🔄 Retry attempt 1/5 for item 5754
[2025-11-02T00:44:19.076Z] ✅ Successfully recovered item 5754: Wolfpack Medallion
[2025-11-02T00:44:19.077Z] ⚠️ Unknown category for item 5754
[2025-11-02T00:44:19.077Z] 💾 Saved 0 recovered weapons items to turtle_db/recovered-weapons.json
[2025-11-02T00:44:19.077Z] 💾 Saved 0 recovered armor items to turtle_db/recovered-armor.json
[2025-11-02T00:44:22.079Z] 
🔍 Processing failed item 7467 (131/1103)
[2025-11-02T00:44:22.081Z] 🔄 Retry attempt 1/5 for item 7467
[2025-11-02T00:44:28.178Z] ✅ Successfully recovered item 7467: Vermilion Necklace
[2025-11-02T00:44:28.179Z] ⚠️ Unknown category for item 7467
[2025-11-02T00:44:31.180Z] 
🔍 Processing failed item 7550 (132/1103)
[2025-11-02T00:44:31.181Z] 🔄 Retry attempt 1/5 for item 7550
[2025-11-02T00:44:37.175Z] ✅ Successfully recovered item 7550: Warrior's Honor
[2025-11-02T00:44:37.177Z] ⚠️ Unknown category for item 7550
[2025-11-02T00:44:40.178Z] 
🔍 Processing failed item 9243 (133/1103)
[2025-11-02T00:44:40.179Z] 🔄 Retry attempt 1/5 for item 9243
[2025-11-02T00:44:46.268Z] ✅ Successfully recovered item 9243: Shriveled Heart
[2025-11-02T00:44:46.269Z] ⚠️ Unknown category for item 9243
[2025-11-02T00:44:49.270Z] 
🔍 Processing failed item 9338 (134/1103)
[2025-11-02T00:44:49.271Z] 🔄 Retry attempt 1/5 for item 9338
[2025-11-02T00:44:55.364Z] ✅ Successfully recovered item 9338: Murloc Eye on a String
[2025-11-02T00:44:55.365Z] ⚠️ Unknown category for item 9338
[2025-11-02T00:44:58.366Z] 
🔍 Processing failed item 12020 (135/1103)
[2025-11-02T00:44:58.366Z] 🔄 Retry attempt 1/5 for item 12020
[2025-11-02T00:45:04.476Z] ✅ Successfully recovered item 12020: Thallium Choker
[2025-11-02T00:45:04.476Z] ⚠️ Unknown category for item 12020
[2025-11-02T00:45:07.477Z] 
🔍 Processing failed item 12023 (136/1103)
[2025-11-02T00:45:07.478Z] 🔄 Retry attempt 1/5 for item 12023
[2025-11-02T00:45:13.598Z] ✅ Successfully recovered item 12023: Tellurium Necklace
[2025-11-02T00:45:13.599Z] ⚠️ Unknown category for item 12023
[2025-11-02T00:45:16.599Z] 
🔍 Processing failed item 12024 (137/1103)
[2025-11-02T00:45:16.600Z] 🔄 Retry attempt 1/5 for item 12024
[2025-11-02T00:45:36.651Z] ✅ Successfully recovered item 12024: Vanadium Talisman
[2025-11-02T00:45:36.652Z] ⚠️ Unknown category for item 12024
[2025-11-02T00:45:39.653Z] 
🔍 Processing failed item 12025 (138/1103)
[2025-11-02T00:45:39.654Z] 🔄 Retry attempt 1/5 for item 12025
[2025-11-02T00:45:45.775Z] ✅ Successfully recovered item 12025: Selenium Chain
[2025-11-02T00:45:45.776Z] ⚠️ Unknown category for item 12025
[2025-11-02T00:45:48.777Z] 
🔍 Processing failed item 12026 (139/1103)
[2025-11-02T00:45:48.778Z] 🔄 Retry attempt 1/5 for item 12026
[2025-11-02T00:45:54.900Z] ✅ Successfully recovered item 12026: Quicksilver Pendant
[2025-11-02T00:45:54.901Z] ⚠️ Unknown category for item 12026
[2025-11-02T00:45:57.902Z] 
🔍 Processing failed item 12027 (140/1103)
[2025-11-02T00:45:57.903Z] 🔄 Retry attempt 1/5 for item 12027
[2025-11-02T00:46:04.015Z] ✅ Successfully recovered item 12027: Vermilion Necklace
[2025-11-02T00:46:04.015Z] ⚠️ Unknown category for item 12027
[2025-11-02T00:46:04.015Z] 💾 Saved 0 recovered weapons items to turtle_db/recovered-weapons.json
[2025-11-02T00:46:04.016Z] 💾 Saved 0 recovered armor items to turtle_db/recovered-armor.json
[2025-11-02T00:46:07.017Z] 
🔍 Processing failed item 12039 (141/1103)
[2025-11-02T00:46:07.018Z] 🔄 Retry attempt 1/5 for item 12039
[2025-11-02T00:46:23.307Z] ✅ Successfully recovered item 12039: Tundra Necklace
[2025-11-02T00:46:23.307Z] ⚠️ Unknown category for item 12039
[2025-11-02T00:46:26.308Z] 
🔍 Processing failed item 12045 (142/1103)
[2025-11-02T00:46:26.309Z] 🔄 Retry attempt 1/5 for item 12045
[2025-11-02T00:46:32.413Z] ✅ Successfully recovered item 12045: Swamp Pendant
[2025-11-02T00:46:32.413Z] ⚠️ Unknown category for item 12045
[2025-11-02T00:46:35.414Z] 
🔍 Processing failed item 12047 (143/1103)
[2025-11-02T00:46:35.414Z] 🔄 Retry attempt 1/5 for item 12047
[2025-11-02T00:46:41.517Z] ✅ Successfully recovered item 12047: Spectral Necklace
[2025-11-02T00:46:41.517Z] ⚠️ Unknown category for item 12047
[2025-11-02T00:46:44.519Z] 
🔍 Processing failed item 12048 (144/1103)
[2025-11-02T00:46:44.519Z] 🔄 Retry attempt 1/5 for item 12048
[2025-11-02T00:46:50.280Z] ✅ Successfully recovered item 12048: Prismatic Pendant
[2025-11-02T00:46:50.281Z] ⚠️ Unknown category for item 12048
[2025-11-02T00:46:53.282Z] 
🔍 Processing failed item 16009 (145/1103)
[2025-11-02T00:46:53.283Z] 🔄 Retry attempt 1/5 for item 16009
[2025-11-02T00:46:59.442Z] ✅ Successfully recovered item 16009: Voice Amplification Modulator
[2025-11-02T00:46:59.443Z] ⚠️ Unknown category for item 16009
[2025-11-02T00:47:02.444Z] 
🔍 Processing failed item 17772 (146/1103)
[2025-11-02T00:47:02.444Z] 🔄 Retry attempt 1/5 for item 17772
[2025-11-02T00:47:08.287Z] ✅ Successfully recovered item 17772: Zealous Shadowshard Pendant
[2025-11-02T00:47:08.287Z] ⚠️ Unknown category for item 17772
[2025-11-02T00:47:11.288Z] 
🔍 Processing failed item 17773 (147/1103)
[2025-11-02T00:47:11.289Z] 🔄 Retry attempt 1/5 for item 17773
[2025-11-02T00:47:17.383Z] ✅ Successfully recovered item 17773: Prodigious Shadowshard Pendant
[2025-11-02T00:47:17.383Z] ⚠️ Unknown category for item 17773
[2025-11-02T00:47:20.385Z] 
🔍 Processing failed item 19574 (148/1103)
[2025-11-02T00:47:20.385Z] 🔄 Retry attempt 1/5 for item 19574
[2025-11-02T00:47:26.484Z] ✅ Successfully recovered item 19574: Strength of Mugamba
[2025-11-02T00:47:26.485Z] ⚠️ Unknown category for item 19574
[2025-11-02T00:47:29.486Z] 
🔍 Processing failed item 19591 (149/1103)
[2025-11-02T00:47:29.487Z] 🔄 Retry attempt 1/5 for item 19591
[2025-11-02T00:47:35.479Z] ✅ Successfully recovered item 19591: The Eye of Zuldazar
[2025-11-02T00:47:35.480Z] ⚠️ Unknown category for item 19591
[2025-11-02T00:47:38.481Z] 
🔍 Processing failed item 19606 (150/1103)
[2025-11-02T00:47:38.573Z] 🔒 Browser closed
[2025-11-02T00:47:38.574Z] 🚀 Initializing browser for retry processing...
[2025-11-02T00:47:39.050Z] ✅ Browser initialized
[2025-11-02T00:47:39.050Z] 🔄 Retry attempt 1/5 for item 19606
[2025-11-02T00:47:45.029Z] ✅ Successfully recovered item 19606: Vision of Voodress
[2025-11-02T00:47:45.030Z] ⚠️ Unknown category for item 19606
[2025-11-02T00:47:45.031Z] 💾 Saved 0 recovered weapons items to turtle_db/recovered-weapons.json
[2025-11-02T00:47:45.031Z] 💾 Saved 0 recovered armor items to turtle_db/recovered-armor.json
[2025-11-02T00:47:48.034Z] 
🔍 Processing failed item 19614 (151/1103)
[2025-11-02T00:47:48.034Z] 🔄 Retry attempt 1/5 for item 19614
[2025-11-02T00:47:54.019Z] ✅ Successfully recovered item 19614: Zandalarian Shadow Talisman
[2025-11-02T00:47:54.019Z] ⚠️ Unknown category for item 19614
[2025-11-02T00:47:57.021Z] 
🔍 Processing failed item 20649 (152/1103)
[2025-11-02T00:47:57.022Z] 🔄 Retry attempt 1/5 for item 20649
[2025-11-02T00:48:03.099Z] ✅ Successfully recovered item 20649: Sunprism Pendant
[2025-11-02T00:48:03.099Z] ⚠️ Unknown category for item 20649
[2025-11-02T00:48:06.101Z] 
🔍 Processing failed item 41312 (153/1103)
[2025-11-02T00:48:06.102Z] 🔄 Retry attempt 1/5 for item 41312
[2025-11-02T00:48:12.276Z] ✅ Successfully recovered item 41312: Pendant of Midnight
[2025-11-02T00:48:12.278Z] ⚠️ Unknown category for item 41312
[2025-11-02T00:48:15.279Z] 
🔍 Processing failed item 41330 (154/1103)
[2025-11-02T00:48:15.280Z] 🔄 Retry attempt 1/5 for item 41330
[2025-11-02T00:48:21.366Z] ✅ Successfully recovered item 41330: Pendant of Arcane Radiance
[2025-11-02T00:48:21.366Z] ⚠️ Unknown category for item 41330
[2025-11-02T00:48:24.368Z] 
🔍 Processing failed item 41340 (155/1103)
[2025-11-02T00:48:24.368Z] 🔄 Retry attempt 1/5 for item 41340
[2025-11-02T00:48:30.454Z] ✅ Successfully recovered item 41340: Shimmering Gold Necklace
[2025-11-02T00:48:30.455Z] ⚠️ Unknown category for item 41340
[2025-11-02T00:48:33.456Z] 
🔍 Processing failed item 41427 (156/1103)
[2025-11-02T00:48:33.456Z] 🔄 Retry attempt 1/5 for item 41427
[2025-11-02T00:48:39.633Z] ✅ Successfully recovered item 41427: Testimony of Resolve
[2025-11-02T00:48:39.634Z] ⚠️ Unknown category for item 41427
[2025-11-02T00:48:42.634Z] 
🔍 Processing failed item 41980 (157/1103)
[2025-11-02T00:48:42.635Z] 🔄 Retry attempt 1/5 for item 41980
[2025-11-02T00:48:48.781Z] ✅ Successfully recovered item 41980: Slatebeard Amulet
[2025-11-02T00:48:48.781Z] ⚠️ Unknown category for item 41980
[2025-11-02T00:48:51.782Z] 
🔍 Processing failed item 50440 (158/1103)
[2025-11-02T00:48:51.782Z] 🔄 Retry attempt 1/5 for item 50440
[2025-11-02T00:48:57.861Z] ✅ Successfully recovered item 50440: Cracked Scarlet Crusade Insignia
[2025-11-02T00:48:57.862Z] ⚠️ Unknown category for item 50440
[2025-11-02T00:49:00.863Z] 
🔍 Processing failed item 55193 (159/1103)
[2025-11-02T00:49:00.864Z] 🔄 Retry attempt 1/5 for item 55193
[2025-11-02T00:49:07.030Z] ✅ Successfully recovered item 55193: Stormy Necklace
[2025-11-02T00:49:07.031Z] ⚠️ Unknown category for item 55193
[2025-11-02T00:49:10.032Z] 
🔍 Processing failed item 55197 (160/1103)
[2025-11-02T00:49:10.033Z] 🔄 Retry attempt 1/5 for item 55197
[2025-11-02T00:49:16.135Z] ✅ Successfully recovered item 55197: Starforge Amulet
[2025-11-02T00:49:16.135Z] ⚠️ Unknown category for item 55197
[2025-11-02T00:49:16.136Z] 💾 Saved 0 recovered weapons items to turtle_db/recovered-weapons.json
[2025-11-02T00:49:16.136Z] 💾 Saved 0 recovered armor items to turtle_db/recovered-armor.json
[2025-11-02T00:49:19.139Z] 
🔍 Processing failed item 55199 (161/1103)
[2025-11-02T00:49:19.140Z] 🔄 Retry attempt 1/5 for item 55199
[2025-11-02T00:49:25.295Z] ✅ Successfully recovered item 55199: Prism Amulet
[2025-11-02T00:49:25.295Z] ⚠️ Unknown category for item 55199
[2025-11-02T00:49:28.296Z] 
🔍 Processing failed item 55200 (162/1103)
[2025-11-02T00:49:28.297Z] 🔄 Retry attempt 1/5 for item 55200
[2025-11-02T00:49:34.386Z] ✅ Successfully recovered item 55200: Voidheart Charm
[2025-11-02T00:49:34.387Z] ⚠️ Unknown category for item 55200
[2025-11-02T00:49:37.388Z] 
🔍 Processing failed item 56038 (163/1103)
[2025-11-02T00:49:37.389Z] 🔄 Retry attempt 1/5 for item 56038
[2025-11-02T00:49:43.474Z] ✅ Successfully recovered item 56038: Talisman of Stone
[2025-11-02T00:49:43.474Z] ⚠️ Unknown category for item 56038
[2025-11-02T00:49:46.475Z] 
🔍 Processing failed item 56090 (164/1103)
[2025-11-02T00:49:46.476Z] 🔄 Retry attempt 1/5 for item 56090
[2025-11-02T00:49:52.563Z] ✅ Successfully recovered item 56090: Spellweaver Pendant
[2025-11-02T00:49:52.563Z] ⚠️ Unknown category for item 56090
[2025-11-02T00:49:55.565Z] 
🔍 Processing failed item 58022 (165/1103)
[2025-11-02T00:49:55.565Z] 🔄 Retry attempt 1/5 for item 58022
[2025-11-02T00:50:01.644Z] ✅ Successfully recovered item 58022: SI:7 Honorary Medal
[2025-11-02T00:50:01.645Z] ⚠️ Unknown category for item 58022
[2025-11-02T00:50:04.646Z] 
🔍 Processing failed item 58038 (166/1103)
[2025-11-02T00:50:04.646Z] 🔄 Retry attempt 1/5 for item 58038
[2025-11-02T00:50:10.728Z] ✅ Successfully recovered item 58038: Steeltooth
[2025-11-02T00:50:10.728Z] ⚠️ Unknown category for item 58038
[2025-11-02T00:50:13.730Z] 
🔍 Processing failed item 58055 (167/1103)
[2025-11-02T00:50:13.731Z] 🔄 Retry attempt 1/5 for item 58055
[2025-11-02T00:50:19.817Z] ✅ Successfully recovered item 58055: Translucent Pearls
[2025-11-02T00:50:19.818Z] ⚠️ Unknown category for item 58055
[2025-11-02T00:50:22.819Z] 
🔍 Processing failed item 60132 (168/1103)
[2025-11-02T00:50:22.820Z] 🔄 Retry attempt 1/5 for item 60132
[2025-11-02T00:50:28.915Z] ✅ Successfully recovered item 60132: Talisman of Kar'noom
[2025-11-02T00:50:28.915Z] ⚠️ Unknown category for item 60132
[2025-11-02T00:50:31.916Z] 
🔍 Processing failed item 60759 (169/1103)
[2025-11-02T00:50:31.917Z] 🔄 Retry attempt 1/5 for item 60759
[2025-11-02T00:50:37.995Z] ✅ Successfully recovered item 60759: Southmoon Pendant
[2025-11-02T00:50:37.995Z] ⚠️ Unknown category for item 60759
[2025-11-02T00:50:40.997Z] 
🔍 Processing failed item 61092 (170/1103)
[2025-11-02T00:50:40.997Z] 🔄 Retry attempt 1/5 for item 61092
[2025-11-02T00:50:47.075Z] ✅ Successfully recovered item 61092: The Golden Tel Co. Coin
[2025-11-02T00:50:47.075Z] ⚠️ Unknown category for item 61092
[2025-11-02T00:50:47.076Z] 💾 Saved 0 recovered weapons items to turtle_db/recovered-weapons.json
[2025-11-02T00:50:47.076Z] 💾 Saved 0 recovered armor items to turtle_db/recovered-armor.json
[2025-11-02T00:50:50.077Z] 
🔍 Processing failed item 61155 (171/1103)
[2025-11-02T00:50:50.078Z] 🔄 Retry attempt 1/5 for item 61155
[2025-11-02T00:50:56.160Z] ✅ Successfully recovered item 61155: Primitive Bead Necklace
[2025-11-02T00:50:56.160Z] ⚠️ Unknown category for item 61155
[2025-11-02T00:50:59.161Z] 
🔍 Processing failed item 61302 (172/1103)
[2025-11-02T00:50:59.161Z] 🔄 Retry attempt 1/5 for item 61302
[2025-11-02T00:51:05.158Z] ✅ Successfully recovered item 61302: Wolfheart Necklace
[2025-11-02T00:51:05.159Z] ⚠️ Unknown category for item 61302
[2025-11-02T00:51:08.160Z] 
🔍 Processing failed item 61507 (173/1103)
[2025-11-02T00:51:08.160Z] 🔄 Retry attempt 1/5 for item 61507
[2025-11-02T00:51:14.240Z] ✅ Successfully recovered item 61507: Pendant of Wilderness
[2025-11-02T00:51:14.240Z] ⚠️ Unknown category for item 61507
[2025-11-02T00:51:17.242Z] 
🔍 Processing failed item 61582 (174/1103)
[2025-11-02T00:51:17.242Z] 🔄 Retry attempt 1/5 for item 61582
[2025-11-02T00:51:23.240Z] ✅ Successfully recovered item 61582: Sharp Teeth Necklace
[2025-11-02T00:51:23.240Z] ⚠️ Unknown category for item 61582
[2025-11-02T00:51:26.241Z] 
🔍 Processing failed item 61687 (175/1103)
[2025-11-02T00:51:26.242Z] 🔄 Retry attempt 1/5 for item 61687
[2025-11-02T00:51:32.320Z] ✅ Successfully recovered item 61687: Noble's Pendant
[2025-11-02T00:51:32.321Z] ⚠️ Unknown category for item 61687
[2025-11-02T00:51:35.322Z] 
🔍 Processing failed item 9333 (176/1103)
[2025-11-02T00:51:35.323Z] 🔄 Retry attempt 1/5 for item 9333
[2025-11-02T00:51:41.429Z] ✅ Successfully recovered item 9333: Tarnished Silver Necklace
[2025-11-02T00:51:41.430Z] ⚠️ Unknown category for item 9333
[2025-11-02T00:51:44.431Z] 
🔍 Processing failed item 55004 (177/1103)
[2025-11-02T00:51:44.432Z] 🔄 Retry attempt 1/5 for item 55004
[2025-11-02T00:51:50.509Z] ✅ Successfully recovered item 55004: Shattered Burning Blade Medallion
[2025-11-02T00:51:50.510Z] ⚠️ Unknown category for item 55004
[2025-11-02T00:51:53.511Z] 
🔍 Processing failed item 942 (178/1103)
[2025-11-02T00:51:53.511Z] 🔄 Retry attempt 1/5 for item 942
[2025-11-02T00:51:59.509Z] ✅ Successfully recovered item 942: Freezing Band
[2025-11-02T00:51:59.509Z] ⚠️ Unknown category for item 942
[2025-11-02T00:52:02.511Z] 
🔍 Processing failed item 17063 (179/1103)
[2025-11-02T00:52:02.512Z] 🔄 Retry attempt 1/5 for item 17063
[2025-11-02T00:52:08.615Z] ✅ Successfully recovered item 17063: Band of Accuria
[2025-11-02T00:52:08.615Z] ⚠️ Unknown category for item 17063
[2025-11-02T00:52:11.617Z] 
🔍 Processing failed item 18403 (180/1103)
[2025-11-02T00:52:11.617Z] 🔄 Retry attempt 1/5 for item 18403
[2025-11-02T00:52:17.614Z] ✅ Successfully recovered item 18403: Dragonslayer's Signet
[2025-11-02T00:52:17.615Z] ⚠️ Unknown category for item 18403
[2025-11-02T00:52:17.615Z] 💾 Saved 0 recovered weapons items to turtle_db/recovered-weapons.json
[2025-11-02T00:52:17.615Z] 💾 Saved 0 recovered armor items to turtle_db/recovered-armor.json
[2025-11-02T00:52:20.618Z] 
🔍 Processing failed item 18879 (181/1103)
[2025-11-02T00:52:20.618Z] 🔄 Retry attempt 1/5 for item 18879
[2025-11-02T00:52:26.696Z] ✅ Successfully recovered item 18879: Heavy Dark Iron Ring
[2025-11-02T00:52:26.696Z] ⚠️ Unknown category for item 18879
[2025-11-02T00:52:29.696Z] 
🔍 Processing failed item 21408 (182/1103)
[2025-11-02T00:52:29.697Z] 🔄 Retry attempt 1/5 for item 21408
[2025-11-02T00:52:35.709Z] ✅ Successfully recovered item 21408: Band of Unending Life
[2025-11-02T00:52:35.710Z] ⚠️ Unknown category for item 21408
[2025-11-02T00:52:38.711Z] 
🔍 Processing failed item 21414 (183/1103)
[2025-11-02T00:52:38.712Z] 🔄 Retry attempt 1/5 for item 21414
[2025-11-02T00:52:44.774Z] ✅ Successfully recovered item 21414: Band of Vaulted Secrets
[2025-11-02T00:52:44.774Z] ⚠️ Unknown category for item 21414
[2025-11-02T00:52:47.776Z] 
🔍 Processing failed item 21526 (184/1103)
[2025-11-02T00:52:47.776Z] 🔄 Retry attempt 1/5 for item 21526
[2025-11-02T00:52:53.813Z] ✅ Successfully recovered item 21526: Band of Icy Depths
[2025-11-02T00:52:53.813Z] ⚠️ Unknown category for item 21526
[2025-11-02T00:52:56.815Z] 
🔍 Processing failed item 21563 (185/1103)
[2025-11-02T00:52:56.815Z] 🔄 Retry attempt 1/5 for item 21563
[2025-11-02T00:53:02.859Z] ✅ Successfully recovered item 21563: Don Rodrigo's Band
[2025-11-02T00:53:02.860Z] ⚠️ Unknown category for item 21563
[2025-11-02T00:53:05.862Z] 
🔍 Processing failed item 21695 (186/1103)
[2025-11-02T00:53:05.863Z] 🔄 Retry attempt 1/5 for item 21695
[2025-11-02T00:53:11.953Z] ✅ Successfully recovered item 21695: Angelista's Touch
[2025-11-02T00:53:11.953Z] ⚠️ Unknown category for item 21695
[2025-11-02T00:53:14.955Z] 
🔍 Processing failed item 22721 (187/1103)
[2025-11-02T00:53:14.955Z] 🔄 Retry attempt 1/5 for item 22721
[2025-11-02T00:53:21.046Z] ✅ Successfully recovered item 22721: Band of Servitude
[2025-11-02T00:53:21.046Z] ⚠️ Unknown category for item 22721
[2025-11-02T00:53:24.047Z] 
🔍 Processing failed item 22939 (188/1103)
[2025-11-02T00:53:24.047Z] 🔄 Retry attempt 1/5 for item 22939
[2025-11-02T00:53:30.139Z] ✅ Successfully recovered item 22939: Band of Unanswered Prayers
[2025-11-02T00:53:30.140Z] ⚠️ Unknown category for item 22939
[2025-11-02T00:53:33.141Z] 
🔍 Processing failed item 22961 (189/1103)
[2025-11-02T00:53:33.141Z] 🔄 Retry attempt 1/5 for item 22961
[2025-11-02T00:53:39.220Z] ✅ Successfully recovered item 22961: Band of Reanimation
[2025-11-02T00:53:39.220Z] ⚠️ Unknown category for item 22961
[2025-11-02T00:53:42.222Z] 
🔍 Processing failed item 23028 (190/1103)
[2025-11-02T00:53:42.222Z] 🔄 Retry attempt 1/5 for item 23028
[2025-11-02T00:53:48.317Z] ✅ Successfully recovered item 23028: Hailstone Band
[2025-11-02T00:53:48.318Z] ⚠️ Unknown category for item 23028
[2025-11-02T00:53:48.319Z] 💾 Saved 0 recovered weapons items to turtle_db/recovered-weapons.json
[2025-11-02T00:53:48.319Z] 💾 Saved 0 recovered armor items to turtle_db/recovered-armor.json
[2025-11-02T00:53:51.323Z] 
🔍 Processing failed item 23031 (191/1103)
[2025-11-02T00:53:51.323Z] 🔄 Retry attempt 1/5 for item 23031
[2025-11-02T00:53:57.401Z] ✅ Successfully recovered item 23031: Band of the Inevitable
[2025-11-02T00:53:57.401Z] ⚠️ Unknown category for item 23031
[2025-11-02T00:54:00.402Z] 
🔍 Processing failed item 23038 (192/1103)
[2025-11-02T00:54:00.402Z] 🔄 Retry attempt 1/5 for item 23038
[2025-11-02T00:54:06.483Z] ✅ Successfully recovered item 23038: Band of Unnatural Forces
[2025-11-02T00:54:06.484Z] ⚠️ Unknown category for item 23038
[2025-11-02T00:54:09.485Z] 
🔍 Processing failed item 23060 (193/1103)
[2025-11-02T00:54:09.486Z] 🔄 Retry attempt 1/5 for item 23060
[2025-11-02T00:54:15.584Z] ✅ Successfully recovered item 23060: Bonescythe Ring
[2025-11-02T00:54:15.585Z] ⚠️ Unknown category for item 23060
[2025-11-02T00:54:18.586Z] 
🔍 Processing failed item 23062 (194/1103)
[2025-11-02T00:54:18.587Z] 🔄 Retry attempt 1/5 for item 23062
[2025-11-02T00:54:24.682Z] ✅ Successfully recovered item 23062: Frostfire Ring
[2025-11-02T00:54:24.682Z] ⚠️ Unknown category for item 23062
[2025-11-02T00:54:27.684Z] 
🔍 Processing failed item 47059 (195/1103)
[2025-11-02T00:54:27.684Z] 🔄 Retry attempt 1/5 for item 47059
[2025-11-02T00:54:33.776Z] ✅ Successfully recovered item 47059: Band of Redemption
[2025-11-02T00:54:33.776Z] ⚠️ Unknown category for item 47059
[2025-11-02T00:54:36.777Z] 
🔍 Processing failed item 47107 (196/1103)
[2025-11-02T00:54:36.777Z] 🔄 Retry attempt 1/5 for item 47107
[2025-11-02T00:54:42.859Z] ✅ Successfully recovered item 47107: Frostfire Signet
[2025-11-02T00:54:42.860Z] ⚠️ Unknown category for item 47107
[2025-11-02T00:54:45.861Z] 
🔍 Processing failed item 47179 (197/1103)
[2025-11-02T00:54:45.861Z] 🔄 Retry attempt 1/5 for item 47179
[2025-11-02T00:54:51.940Z] ✅ Successfully recovered item 47179: Loop of the Earthshatterer
[2025-11-02T00:54:51.940Z] ⚠️ Unknown category for item 47179
[2025-11-02T00:54:54.941Z] 
🔍 Processing failed item 47389 (198/1103)
[2025-11-02T00:54:54.942Z] 🔄 Retry attempt 1/5 for item 47389
[2025-11-02T00:55:01.024Z] ✅ Successfully recovered item 47389: Band of the Dreamwalker
[2025-11-02T00:55:01.025Z] ⚠️ Unknown category for item 47389
[2025-11-02T00:55:04.026Z] 
🔍 Processing failed item 55091 (199/1103)
[2025-11-02T00:55:04.027Z] 🔄 Retry attempt 1/5 for item 55091
[2025-11-02T00:55:10.118Z] ✅ Successfully recovered item 55091: Loop of Infused Renewal
[2025-11-02T00:55:10.119Z] ⚠️ Unknown category for item 55091
[2025-11-02T00:55:13.120Z] 
🔍 Processing failed item 55123 (200/1103)
[2025-11-02T00:55:13.190Z] 🔒 Browser closed
[2025-11-02T00:55:13.190Z] 🚀 Initializing browser for retry processing...
[2025-11-02T00:55:13.556Z] ✅ Browser initialized
[2025-11-02T00:55:13.556Z] 🔄 Retry attempt 1/5 for item 55123
[2025-11-02T00:55:19.545Z] ✅ Successfully recovered item 55123: Loop of Hardened Slate
[2025-11-02T00:55:19.546Z] ⚠️ Unknown category for item 55123
[2025-11-02T00:55:19.546Z] 💾 Saved 0 recovered weapons items to turtle_db/recovered-weapons.json
[2025-11-02T00:55:19.546Z] 💾 Saved 0 recovered armor items to turtle_db/recovered-armor.json
[2025-11-02T00:55:22.548Z] 
🔍 Processing failed item 55227 (201/1103)
[2025-11-02T00:55:22.550Z] 🔄 Retry attempt 1/5 for item 55227
[2025-11-02T00:55:28.528Z] ✅ Successfully recovered item 55227: Inferno Emberstone Ring
[2025-11-02T00:55:28.529Z] ⚠️ Unknown category for item 55227
[2025-11-02T00:55:31.530Z] 
🔍 Processing failed item 55230 (202/1103)
[2025-11-02T00:55:31.531Z] 🔄 Retry attempt 1/5 for item 55230
[2025-11-02T00:55:37.635Z] ✅ Successfully recovered item 55230: Firestorm Lava Loop
[2025-11-02T00:55:37.636Z] ⚠️ Unknown category for item 55230
[2025-11-02T00:55:40.637Z] 
🔍 Processing failed item 55234 (203/1103)
[2025-11-02T00:55:40.638Z] 🔄 Retry attempt 1/5 for item 55234
[2025-11-02T00:55:46.720Z] ✅ Successfully recovered item 55234: Astral Moonstone Band
[2025-11-02T00:55:46.720Z] ⚠️ Unknown category for item 55234
[2025-11-02T00:55:49.722Z] 
🔍 Processing failed item 55237 (204/1103)
[2025-11-02T00:55:49.722Z] 🔄 Retry attempt 1/5 for item 55237
[2025-11-02T00:55:55.816Z] ✅ Successfully recovered item 55237: Crystal Clear Moon Loop
[2025-11-02T00:55:55.816Z] ⚠️ Unknown category for item 55237
[2025-11-02T00:55:58.818Z] 
🔍 Processing failed item 55359 (205/1103)
[2025-11-02T00:55:58.819Z] 🔄 Retry attempt 1/5 for item 55359
[2025-11-02T00:56:04.914Z] ✅ Successfully recovered item 55359: Blazefury Circlet
[2025-11-02T00:56:04.914Z] ⚠️ Unknown category for item 55359
[2025-11-02T00:56:07.915Z] 
🔍 Processing failed item 55503 (206/1103)
[2025-11-02T00:56:07.916Z] 🔄 Retry attempt 1/5 for item 55503
[2025-11-02T00:56:14.049Z] ✅ Successfully recovered item 55503: Loop of Unceasing Frost
[2025-11-02T00:56:14.049Z] ⚠️ Unknown category for item 55503
[2025-11-02T00:56:17.050Z] 
🔍 Processing failed item 55508 (207/1103)
[2025-11-02T00:56:17.051Z] 🔄 Retry attempt 1/5 for item 55508
[2025-11-02T00:56:23.199Z] ✅ Successfully recovered item 55508: Brand of Karazhan
[2025-11-02T00:56:23.200Z] ⚠️ Unknown category for item 55508
[2025-11-02T00:56:26.201Z] 
🔍 Processing failed item 55516 (208/1103)
[2025-11-02T00:56:26.201Z] 🔄 Retry attempt 1/5 for item 55516
[2025-11-02T00:56:32.209Z] ✅ Successfully recovered item 55516: Felforged Nathrezan Circlet
[2025-11-02T00:56:32.210Z] ⚠️ Unknown category for item 55516
[2025-11-02T00:56:35.211Z] 
🔍 Processing failed item 55517 (209/1103)
[2025-11-02T00:56:35.211Z] 🔄 Retry attempt 1/5 for item 55517
[2025-11-02T00:56:41.285Z] ✅ Successfully recovered item 55517: Felforged Nathrezan Aureole
[2025-11-02T00:56:41.286Z] ⚠️ Unknown category for item 55517
[2025-11-02T00:56:44.287Z] 
🔍 Processing failed item 56031 (210/1103)
[2025-11-02T00:56:44.287Z] 🔄 Retry attempt 1/5 for item 56031
[2025-11-02T00:56:50.366Z] ✅ Successfully recovered item 56031: Encrusted Gemstone Ring
[2025-11-02T00:56:50.367Z] ⚠️ Unknown category for item 56031
[2025-11-02T00:56:50.367Z] 💾 Saved 0 recovered weapons items to turtle_db/recovered-weapons.json
[2025-11-02T00:56:50.368Z] 💾 Saved 0 recovered armor items to turtle_db/recovered-armor.json
[2025-11-02T00:56:53.370Z] 
🔍 Processing failed item 56062 (211/1103)
[2025-11-02T00:56:53.371Z] 🔄 Retry attempt 1/5 for item 56062
[2025-11-02T00:56:59.464Z] ✅ Successfully recovered item 56062: Blackwing Signet of Command
[2025-11-02T00:56:59.465Z] ⚠️ Unknown category for item 56062
[2025-11-02T00:57:02.466Z] 
🔍 Processing failed item 56094 (212/1103)
[2025-11-02T00:57:02.467Z] 🔄 Retry attempt 1/5 for item 56094
[2025-11-02T00:57:08.557Z] ✅ Successfully recovered item 56094: Golden Runed Ring
[2025-11-02T00:57:08.557Z] ⚠️ Unknown category for item 56094
[2025-11-02T00:57:11.558Z] 
🔍 Processing failed item 56095 (213/1103)
[2025-11-02T00:57:11.558Z] 🔄 Retry attempt 1/5 for item 56095
[2025-11-02T00:57:17.636Z] ✅ Successfully recovered item 56095: Mana Binding Signet
[2025-11-02T00:57:17.636Z] ⚠️ Unknown category for item 56095
[2025-11-02T00:57:20.636Z] 
🔍 Processing failed item 60004 (214/1103)
[2025-11-02T00:57:20.637Z] 🔄 Retry attempt 1/5 for item 60004
[2025-11-02T00:57:26.729Z] ✅ Successfully recovered item 60004: Loop of Triage
[2025-11-02T00:57:26.729Z] ⚠️ Unknown category for item 60004
[2025-11-02T00:57:29.730Z] 
🔍 Processing failed item 70648 (215/1103)
[2025-11-02T00:57:29.731Z] 🔄 Retry attempt 1/5 for item 70648
[2025-11-02T00:57:35.898Z] ✅ Successfully recovered item 70648: Frostfire Ring
[2025-11-02T00:57:35.899Z] ⚠️ Unknown category for item 70648
[2025-11-02T00:57:38.899Z] 
🔍 Processing failed item 83237 (216/1103)
[2025-11-02T00:57:38.900Z] 🔄 Retry attempt 1/5 for item 83237
[2025-11-02T00:57:44.979Z] ✅ Successfully recovered item 83237: Band of Ancient Lethality
[2025-11-02T00:57:44.979Z] ⚠️ Unknown category for item 83237
[2025-11-02T00:57:47.980Z] 
🔍 Processing failed item 84036 (217/1103)
[2025-11-02T00:57:47.980Z] 🔄 Retry attempt 1/5 for item 84036
[2025-11-02T00:57:54.342Z] ✅ Successfully recovered item 84036: Loop of Acceleration
[2025-11-02T00:57:54.342Z] ⚠️ Unknown category for item 84036
[2025-11-02T00:57:57.343Z] 
🔍 Processing failed item 1447 (218/1103)
[2025-11-02T00:57:57.343Z] 🔄 Retry attempt 1/5 for item 1447
[2025-11-02T00:58:03.551Z] ✅ Successfully recovered item 1447: Ring of Saviors
[2025-11-02T00:58:03.552Z] ⚠️ Unknown category for item 1447
[2025-11-02T00:58:06.553Z] 
🔍 Processing failed item 2246 (219/1103)
[2025-11-02T00:58:06.554Z] 🔄 Retry attempt 1/5 for item 2246
[2025-11-02T00:58:12.570Z] ✅ Successfully recovered item 2246: Myrmidon's Signet
[2025-11-02T00:58:12.571Z] ⚠️ Unknown category for item 2246
[2025-11-02T00:58:15.572Z] 
🔍 Processing failed item 13143 (220/1103)
[2025-11-02T00:58:15.573Z] 🔄 Retry attempt 1/5 for item 13143
[2025-11-02T00:58:21.651Z] ✅ Successfully recovered item 13143: Mark of the Dragon Lord
[2025-11-02T00:58:21.652Z] ⚠️ Unknown category for item 13143
[2025-11-02T00:58:21.652Z] 💾 Saved 0 recovered weapons items to turtle_db/recovered-weapons.json
[2025-11-02T00:58:21.653Z] 💾 Saved 0 recovered armor items to turtle_db/recovered-armor.json
[2025-11-02T00:58:24.655Z] 
🔍 Processing failed item 17108 (221/1103)
[2025-11-02T00:58:24.655Z] 🔄 Retry attempt 1/5 for item 17108
[2025-11-02T00:58:30.541Z] ✅ Successfully recovered item 17108: Mark of Deflection
[2025-11-02T00:58:30.542Z] ⚠️ Unknown category for item 17108
[2025-11-02T00:58:33.543Z] 
🔍 Processing failed item 18543 (222/1103)
[2025-11-02T00:58:33.543Z] 🔄 Retry attempt 1/5 for item 18543
[2025-11-02T00:58:39.654Z] ✅ Successfully recovered item 18543: Ring of Entropy
[2025-11-02T00:58:39.654Z] ⚠️ Unknown category for item 18543
[2025-11-02T00:58:42.655Z] 
🔍 Processing failed item 18813 (223/1103)
[2025-11-02T00:58:42.656Z] 🔄 Retry attempt 1/5 for item 18813
[2025-11-02T00:58:48.748Z] ✅ Successfully recovered item 18813: Ring of Binding
[2025-11-02T00:58:48.749Z] ⚠️ Unknown category for item 18813
[2025-11-02T00:58:51.750Z] 
🔍 Processing failed item 18821 (224/1103)
[2025-11-02T00:58:51.751Z] 🔄 Retry attempt 1/5 for item 18821
[2025-11-02T00:58:57.745Z] ✅ Successfully recovered item 18821: Quick Strike Ring
[2025-11-02T00:58:57.745Z] ⚠️ Unknown category for item 18821
[2025-11-02T00:59:00.747Z] 
🔍 Processing failed item 19147 (225/1103)
[2025-11-02T00:59:00.748Z] 🔄 Retry attempt 1/5 for item 19147
[2025-11-02T00:59:06.840Z] ✅ Successfully recovered item 19147: Ring of Spell Power
[2025-11-02T00:59:06.841Z] ⚠️ Unknown category for item 19147
[2025-11-02T00:59:09.842Z] 
🔍 Processing failed item 19382 (226/1103)
[2025-11-02T00:59:09.843Z] 🔄 Retry attempt 1/5 for item 19382
[2025-11-02T00:59:15.839Z] ✅ Successfully recovered item 19382: Pure Elementium Band
[2025-11-02T00:59:15.839Z] ⚠️ Unknown category for item 19382
[2025-11-02T00:59:18.840Z] 
🔍 Processing failed item 19384 (227/1103)
[2025-11-02T00:59:18.841Z] 🔄 Retry attempt 1/5 for item 19384
[2025-11-02T00:59:24.933Z] ✅ Successfully recovered item 19384: Master Dragonslayer's Ring
[2025-11-02T00:59:24.934Z] ⚠️ Unknown category for item 19384
[2025-11-02T00:59:27.935Z] 
🔍 Processing failed item 19397 (228/1103)
[2025-11-02T00:59:27.935Z] 🔄 Retry attempt 1/5 for item 19397
[2025-11-02T00:59:33.932Z] ✅ Successfully recovered item 19397: Ring of Blackrock
[2025-11-02T00:59:33.932Z] ⚠️ Unknown category for item 19397
[2025-11-02T00:59:36.934Z] 
🔍 Processing failed item 20632 (229/1103)
[2025-11-02T00:59:36.934Z] 🔄 Retry attempt 1/5 for item 20632
[2025-11-02T00:59:43.035Z] ✅ Successfully recovered item 20632: Mindtear Band
[2025-11-02T00:59:43.036Z] ⚠️ Unknown category for item 20632
[2025-11-02T00:59:46.037Z] 
🔍 Processing failed item 21189 (230/1103)
[2025-11-02T00:59:46.039Z] 🔄 Retry attempt 1/5 for item 21189
[2025-11-02T00:59:52.116Z] ✅ Successfully recovered item 21189: Might of Cenarius
[2025-11-02T00:59:52.117Z] ⚠️ Unknown category for item 21189
[2025-11-02T00:59:52.117Z] 💾 Saved 0 recovered weapons items to turtle_db/recovered-weapons.json
[2025-11-02T00:59:52.117Z] 💾 Saved 0 recovered armor items to turtle_db/recovered-armor.json
[2025-11-02T00:59:55.119Z] 
🔍 Processing failed item 21396 (231/1103)
[2025-11-02T00:59:55.120Z] 🔄 Retry attempt 1/5 for item 21396
[2025-11-02T01:00:01.198Z] ✅ Successfully recovered item 21396: Ring of Eternal Justice
[2025-11-02T01:00:01.199Z] ⚠️ Unknown category for item 21396
[2025-11-02T01:00:04.200Z] 
🔍 Processing failed item 21399 (232/1103)
[2025-11-02T01:00:04.200Z] 🔄 Retry attempt 1/5 for item 21399
[2025-11-02T01:00:10.434Z] ✅ Successfully recovered item 21399: Ring of the Gathering Storm
[2025-11-02T01:00:10.435Z] ⚠️ Unknown category for item 21399
[2025-11-02T01:00:13.436Z] 
🔍 Processing failed item 21411 (233/1103)
[2025-11-02T01:00:13.437Z] 🔄 Retry attempt 1/5 for item 21411
[2025-11-02T01:00:19.430Z] ✅ Successfully recovered item 21411: Ring of Infinite Wisdom
[2025-11-02T01:00:19.430Z] ⚠️ Unknown category for item 21411
[2025-11-02T01:00:22.432Z] 
🔍 Processing failed item 21417 (234/1103)
[2025-11-02T01:00:22.433Z] 🔄 Retry attempt 1/5 for item 21417
[2025-11-02T01:00:28.525Z] ✅ Successfully recovered item 21417: Ring of Unspoken Names
[2025-11-02T01:00:28.525Z] ⚠️ Unknown category for item 21417
[2025-11-02T01:00:31.527Z] 
🔍 Processing failed item 21596 (235/1103)
[2025-11-02T01:00:31.527Z] 🔄 Retry attempt 1/5 for item 21596
[2025-11-02T01:00:37.606Z] ✅ Successfully recovered item 21596: Ring of the Godslayer
[2025-11-02T01:00:37.607Z] ⚠️ Unknown category for item 21596
[2025-11-02T01:00:40.608Z] 
🔍 Processing failed item 21601 (236/1103)
[2025-11-02T01:00:40.609Z] 🔄 Retry attempt 1/5 for item 21601
[2025-11-02T01:00:46.714Z] ✅ Successfully recovered item 21601: Ring of Emperor Vek'lor
[2025-11-02T01:00:46.715Z] ⚠️ Unknown category for item 21601
[2025-11-02T01:00:49.717Z] 
🔍 Processing failed item 21620 (237/1103)
[2025-11-02T01:00:49.717Z] 🔄 Retry attempt 1/5 for item 21620
[2025-11-02T01:00:55.831Z] ✅ Successfully recovered item 21620: Ring of the Martyr
[2025-11-02T01:00:55.832Z] ⚠️ Unknown category for item 21620
[2025-11-02T01:00:58.833Z] 
🔍 Processing failed item 21677 (238/1103)
[2025-11-02T01:00:58.834Z] 🔄 Retry attempt 1/5 for item 21677
[2025-11-02T01:01:04.915Z] ✅ Successfully recovered item 21677: Ring of the Qiraji Fury
[2025-11-02T01:01:04.915Z] ⚠️ Unknown category for item 21677
[2025-11-02T01:01:07.916Z] 
🔍 Processing failed item 21681 (239/1103)
[2025-11-02T01:01:07.916Z] 🔄 Retry attempt 1/5 for item 21681
[2025-11-02T01:01:13.912Z] ✅ Successfully recovered item 21681: Ring of the Devoured
[2025-11-02T01:01:13.912Z] ⚠️ Unknown category for item 21681
[2025-11-02T01:01:16.914Z] 
🔍 Processing failed item 21707 (240/1103)
[2025-11-02T01:01:16.914Z] 🔄 Retry attempt 1/5 for item 21707
[2025-11-02T01:01:22.990Z] ✅ Successfully recovered item 21707: Ring of Swarming Thought
[2025-11-02T01:01:22.991Z] ⚠️ Unknown category for item 21707
[2025-11-02T01:01:22.992Z] 💾 Saved 0 recovered weapons items to turtle_db/recovered-weapons.json
[2025-11-02T01:01:22.992Z] 💾 Saved 0 recovered armor items to turtle_db/recovered-armor.json
[2025-11-02T01:01:25.996Z] 
🔍 Processing failed item 21709 (241/1103)
[2025-11-02T01:01:25.997Z] 🔄 Retry attempt 1/5 for item 21709
[2025-11-02T01:01:31.986Z] ✅ Successfully recovered item 21709: Ring of the Fallen God
[2025-11-02T01:01:31.986Z] ⚠️ Unknown category for item 21709
[2025-11-02T01:01:34.987Z] 
🔍 Processing failed item 22707 (242/1103)
[2025-11-02T01:01:34.988Z] 🔄 Retry attempt 1/5 for item 22707
[2025-11-02T01:01:41.069Z] ✅ Successfully recovered item 22707: Ramaladni's Icy Grasp
[2025-11-02T01:01:41.069Z] ⚠️ Unknown category for item 22707
[2025-11-02T01:01:44.071Z] 
🔍 Processing failed item 23037 (243/1103)
[2025-11-02T01:01:44.072Z] 🔄 Retry attempt 1/5 for item 23037
[2025-11-02T01:01:50.166Z] ✅ Successfully recovered item 23037: Ring of Spiritual Fervor
[2025-11-02T01:01:50.166Z] ⚠️ Unknown category for item 23037
[2025-11-02T01:01:53.168Z] 
🔍 Processing failed item 23059 (244/1103)
[2025-11-02T01:01:53.168Z] 🔄 Retry attempt 1/5 for item 23059
[2025-11-02T01:01:59.159Z] ✅ Successfully recovered item 23059: Ring of the Dreadnaught
[2025-11-02T01:01:59.159Z] ⚠️ Unknown category for item 23059
[2025-11-02T01:02:02.160Z] 
🔍 Processing failed item 23061 (245/1103)
[2025-11-02T01:02:02.161Z] 🔄 Retry attempt 1/5 for item 23061
[2025-11-02T01:02:08.241Z] ✅ Successfully recovered item 23061: Ring of Faith
[2025-11-02T01:02:08.241Z] ⚠️ Unknown category for item 23061
[2025-11-02T01:02:11.242Z] 
🔍 Processing failed item 23063 (246/1103)
[2025-11-02T01:02:11.243Z] 🔄 Retry attempt 1/5 for item 23063
[2025-11-02T01:02:17.242Z] ✅ Successfully recovered item 23063: Plagueheart Ring
[2025-11-02T01:02:17.242Z] ⚠️ Unknown category for item 23063
[2025-11-02T01:02:20.243Z] 
🔍 Processing failed item 23064 (247/1103)
[2025-11-02T01:02:20.244Z] 🔄 Retry attempt 1/5 for item 23064
[2025-11-02T01:02:26.324Z] ✅ Successfully recovered item 23064: Ring of The Dreamwalker
[2025-11-02T01:02:26.324Z] ⚠️ Unknown category for item 23064
[2025-11-02T01:02:29.325Z] 
🔍 Processing failed item 23065 (248/1103)
[2025-11-02T01:02:29.326Z] 🔄 Retry attempt 1/5 for item 23065
[2025-11-02T01:02:35.321Z] ✅ Successfully recovered item 23065: Ring of the Earthshatterer
[2025-11-02T01:02:35.322Z] ⚠️ Unknown category for item 23065
[2025-11-02T01:02:38.323Z] 
🔍 Processing failed item 23066 (249/1103)
[2025-11-02T01:02:38.324Z] 🔄 Retry attempt 1/5 for item 23066
[2025-11-02T01:02:44.405Z] ✅ Successfully recovered item 23066: Ring of Redemption
[2025-11-02T01:02:44.405Z] ⚠️ Unknown category for item 23066
[2025-11-02T01:02:47.406Z] 
🔍 Processing failed item 23067 (250/1103)
[2025-11-02T01:02:47.483Z] 🔒 Browser closed
[2025-11-02T01:02:47.483Z] 🚀 Initializing browser for retry processing...
[2025-11-02T01:02:47.850Z] ✅ Browser initialized
[2025-11-02T01:02:47.850Z] 🔄 Retry attempt 1/5 for item 23067
[2025-11-02T01:02:53.853Z] ✅ Successfully recovered item 23067: Ring of the Cryptstalker
[2025-11-02T01:02:53.854Z] ⚠️ Unknown category for item 23067
[2025-11-02T01:02:53.855Z] 💾 Saved 0 recovered weapons items to turtle_db/recovered-weapons.json
[2025-11-02T01:02:53.855Z] 💾 Saved 0 recovered armor items to turtle_db/recovered-armor.json
[2025-11-02T01:02:56.858Z] 
🔍 Processing failed item 23237 (251/1103)
[2025-11-02T01:02:56.859Z] 🔄 Retry attempt 1/5 for item 23237
[2025-11-02T01:03:02.842Z] ✅ Successfully recovered item 23237: Ring of the Eternal Flame
[2025-11-02T01:03:02.842Z] ⚠️ Unknown category for item 23237
[2025-11-02T01:03:05.843Z] 
🔍 Processing failed item 47227 (252/1103)
[2025-11-02T01:03:05.843Z] 🔄 Retry attempt 1/5 for item 47227
[2025-11-02T01:03:11.927Z] ✅ Successfully recovered item 47227: Ring of Faith
[2025-11-02T01:03:11.928Z] ⚠️ Unknown category for item 47227
[2025-11-02T01:03:14.930Z] 
🔍 Processing failed item 47269 (253/1103)
[2025-11-02T01:03:14.931Z] 🔄 Retry attempt 1/5 for item 47269
[2025-11-02T01:03:20.935Z] ✅ Successfully recovered item 47269: Ring of the Dreadnaught
[2025-11-02T01:03:20.936Z] ⚠️ Unknown category for item 47269
[2025-11-02T01:03:23.937Z] 
🔍 Processing failed item 47305 (254/1103)
[2025-11-02T01:03:23.937Z] 🔄 Retry attempt 1/5 for item 47305
[2025-11-02T01:03:30.020Z] ✅ Successfully recovered item 47305: Plagueheart Signet
[2025-11-02T01:03:30.020Z] ⚠️ Unknown category for item 47305
[2025-11-02T01:03:33.021Z] 
🔍 Processing failed item 51782 (255/1103)
[2025-11-02T01:03:33.021Z] 🔄 Retry attempt 1/5 for item 51782
[2025-11-02T01:03:39.103Z] ✅ Successfully recovered item 51782: Mindpiercer Band
[2025-11-02T01:03:39.104Z] ⚠️ Unknown category for item 51782
[2025-11-02T01:03:42.105Z] 
🔍 Processing failed item 55094 (256/1103)
[2025-11-02T01:03:42.106Z] 🔄 Retry attempt 1/5 for item 55094
[2025-11-02T01:03:48.199Z] ✅ Successfully recovered item 55094: Medivh's Hindsight
[2025-11-02T01:03:48.199Z] ⚠️ Unknown category for item 55094
[2025-11-02T01:03:51.201Z] 
🔍 Processing failed item 55286 (257/1103)
[2025-11-02T01:03:51.202Z] 🔄 Retry attempt 1/5 for item 55286
[2025-11-02T01:03:57.365Z] ✅ Successfully recovered item 55286: Ring of Holy Light
[2025-11-02T01:03:57.366Z] ⚠️ Unknown category for item 55286
[2025-11-02T01:04:00.367Z] 
🔍 Processing failed item 55353 (258/1103)
[2025-11-02T01:04:00.367Z] 🔄 Retry attempt 1/5 for item 55353
[2025-11-02T01:04:06.448Z] ✅ Successfully recovered item 55353: Mephistroth's Cunning
[2025-11-02T01:04:06.449Z] ⚠️ Unknown category for item 55353
[2025-11-02T01:04:09.450Z] 
🔍 Processing failed item 55360 (259/1103)
[2025-11-02T01:04:09.450Z] 🔄 Retry attempt 1/5 for item 55360
[2025-11-02T01:04:15.542Z] ✅ Successfully recovered item 55360: Ring of Unleashed Potential
[2025-11-02T01:04:15.543Z] ⚠️ Unknown category for item 55360
[2025-11-02T01:04:18.545Z] 
🔍 Processing failed item 58222 (260/1103)
[2025-11-02T01:04:18.546Z] 🔄 Retry attempt 1/5 for item 58222
[2025-11-02T01:04:24.659Z] ✅ Successfully recovered item 58222: Ring of the Brotherhood
[2025-11-02T01:04:24.660Z] ⚠️ Unknown category for item 58222
[2025-11-02T01:04:24.660Z] 💾 Saved 0 recovered weapons items to turtle_db/recovered-weapons.json
[2025-11-02T01:04:24.660Z] 💾 Saved 0 recovered armor items to turtle_db/recovered-armor.json
[2025-11-02T01:04:27.663Z] 
🔍 Processing failed item 60006 (261/1103)
[2025-11-02T01:04:27.664Z] 🔄 Retry attempt 1/5 for item 60006
[2025-11-02T01:04:33.760Z] ✅ Successfully recovered item 60006: Ring of Blood
[2025-11-02T01:04:33.761Z] ⚠️ Unknown category for item 60006
[2025-11-02T01:04:36.762Z] 
🔍 Processing failed item 60725 (262/1103)
[2025-11-02T01:04:36.763Z] 🔄 Retry attempt 1/5 for item 60725
[2025-11-02T01:04:42.874Z] ✅ Successfully recovered item 60725: Ring of Flowing Leylines
[2025-11-02T01:04:42.875Z] ⚠️ Unknown category for item 60725
[2025-11-02T01:04:45.875Z] 
🔍 Processing failed item 61195 (263/1103)
[2025-11-02T01:04:45.876Z] 🔄 Retry attempt 1/5 for item 61195
[2025-11-02T01:04:51.954Z] ✅ Successfully recovered item 61195: Ring of Nordrassil
[2025-11-02T01:04:51.955Z] ⚠️ Unknown category for item 61195
[2025-11-02T01:04:54.956Z] 
🔍 Processing failed item 61205 (264/1103)
[2025-11-02T01:04:54.957Z] 🔄 Retry attempt 1/5 for item 61205
[2025-11-02T01:05:00.957Z] ✅ Successfully recovered item 61205: Ring of Nature's Duality
[2025-11-02T01:05:00.957Z] ⚠️ Unknown category for item 61205
[2025-11-02T01:05:03.959Z] 
🔍 Processing failed item 21198 (265/1103)
[2025-11-02T01:05:03.959Z] 🔄 Retry attempt 1/5 for item 21198
[2025-11-02T01:05:10.049Z] ✅ Successfully recovered item 21198: Signet Ring of the Bronze Dragonflight
[2025-11-02T01:05:10.050Z] ⚠️ Unknown category for item 21198
[2025-11-02T01:05:13.050Z] 
🔍 Processing failed item 21199 (266/1103)
[2025-11-02T01:05:13.051Z] 🔄 Retry attempt 1/5 for item 21199
[2025-11-02T01:05:19.132Z] ✅ Successfully recovered item 21199: Signet Ring of the Bronze Dragonflight
[2025-11-02T01:05:19.132Z] ⚠️ Unknown category for item 21199
[2025-11-02T01:05:22.133Z] 
🔍 Processing failed item 21200 (267/1103)
[2025-11-02T01:05:22.133Z] 🔄 Retry attempt 1/5 for item 21200
[2025-11-02T01:05:28.216Z] ✅ Successfully recovered item 21200: Signet Ring of the Bronze Dragonflight
[2025-11-02T01:05:28.217Z] ⚠️ Unknown category for item 21200
[2025-11-02T01:05:31.218Z] 
🔍 Processing failed item 21201 (268/1103)
[2025-11-02T01:05:31.218Z] 🔄 Retry attempt 1/5 for item 21201
[2025-11-02T01:05:37.214Z] ✅ Successfully recovered item 21201: Signet Ring of the Bronze Dragonflight
[2025-11-02T01:05:37.214Z] ⚠️ Unknown category for item 21201
[2025-11-02T01:05:40.215Z] 
🔍 Processing failed item 21202 (269/1103)
[2025-11-02T01:05:40.216Z] 🔄 Retry attempt 1/5 for item 21202
[2025-11-02T01:05:46.298Z] ✅ Successfully recovered item 21202: Signet Ring of the Bronze Dragonflight
[2025-11-02T01:05:46.298Z] ⚠️ Unknown category for item 21202
[2025-11-02T01:05:49.299Z] 
🔍 Processing failed item 21203 (270/1103)
[2025-11-02T01:05:49.300Z] 🔄 Retry attempt 1/5 for item 21203
[2025-11-02T01:05:55.309Z] ✅ Successfully recovered item 21203: Signet Ring of the Bronze Dragonflight
[2025-11-02T01:05:55.310Z] ⚠️ Unknown category for item 21203
[2025-11-02T01:05:55.310Z] 💾 Saved 0 recovered weapons items to turtle_db/recovered-weapons.json
[2025-11-02T01:05:55.310Z] 💾 Saved 0 recovered armor items to turtle_db/recovered-armor.json
[2025-11-02T01:05:58.313Z] 
🔍 Processing failed item 21204 (271/1103)
[2025-11-02T01:05:58.314Z] 🔄 Retry attempt 1/5 for item 21204
[2025-11-02T01:06:04.381Z] ✅ Successfully recovered item 21204: Signet Ring of the Bronze Dragonflight
[2025-11-02T01:06:04.382Z] ⚠️ Unknown category for item 21204
[2025-11-02T01:06:07.383Z] 
🔍 Processing failed item 21205 (272/1103)
[2025-11-02T01:06:07.383Z] 🔄 Retry attempt 1/5 for item 21205
[2025-11-02T01:06:13.465Z] ✅ Successfully recovered item 21205: Signet Ring of the Bronze Dragonflight
[2025-11-02T01:06:13.465Z] ⚠️ Unknown category for item 21205
[2025-11-02T01:06:16.467Z] 
🔍 Processing failed item 21206 (273/1103)
[2025-11-02T01:06:16.468Z] 🔄 Retry attempt 1/5 for item 21206
[2025-11-02T01:06:22.559Z] ✅ Successfully recovered item 21206: Signet Ring of the Bronze Dragonflight
[2025-11-02T01:06:22.560Z] ⚠️ Unknown category for item 21206
[2025-11-02T01:06:25.561Z] 
🔍 Processing failed item 21207 (274/1103)
[2025-11-02T01:06:25.561Z] 🔄 Retry attempt 1/5 for item 21207
[2025-11-02T01:06:31.551Z] ✅ Successfully recovered item 21207: Signet Ring of the Bronze Dragonflight
[2025-11-02T01:06:31.551Z] ⚠️ Unknown category for item 21207
[2025-11-02T01:06:34.553Z] 
🔍 Processing failed item 21208 (275/1103)
[2025-11-02T01:06:34.553Z] 🔄 Retry attempt 1/5 for item 21208
[2025-11-02T01:06:40.634Z] ✅ Successfully recovered item 21208: Signet Ring of the Bronze Dragonflight
[2025-11-02T01:06:40.635Z] ⚠️ Unknown category for item 21208
[2025-11-02T01:06:43.636Z] 
🔍 Processing failed item 21209 (276/1103)
[2025-11-02T01:06:43.636Z] 🔄 Retry attempt 1/5 for item 21209
[2025-11-02T01:06:49.739Z] ✅ Successfully recovered item 21209: Signet Ring of the Bronze Dragonflight
[2025-11-02T01:06:49.739Z] ⚠️ Unknown category for item 21209
[2025-11-02T01:06:52.740Z] 
🔍 Processing failed item 21210 (277/1103)
[2025-11-02T01:06:52.741Z] 🔄 Retry attempt 1/5 for item 21210
[2025-11-02T01:06:58.819Z] ✅ Successfully recovered item 21210: Signet Ring of the Bronze Dragonflight
[2025-11-02T01:06:58.819Z] ⚠️ Unknown category for item 21210
[2025-11-02T01:07:01.820Z] 
🔍 Processing failed item 21393 (278/1103)
[2025-11-02T01:07:01.821Z] 🔄 Retry attempt 1/5 for item 21393
[2025-11-02T01:07:07.917Z] ✅ Successfully recovered item 21393: Signet of Unyielding Strength
[2025-11-02T01:07:07.918Z] ⚠️ Unknown category for item 21393
[2025-11-02T01:07:10.919Z] 
🔍 Processing failed item 21402 (279/1103)
[2025-11-02T01:07:10.919Z] 🔄 Retry attempt 1/5 for item 21402
[2025-11-02T01:07:17.039Z] ✅ Successfully recovered item 21402: Signet of the Unseen Path
[2025-11-02T01:07:17.040Z] ⚠️ Unknown category for item 21402
[2025-11-02T01:07:20.042Z] 
🔍 Processing failed item 21687 (280/1103)
[2025-11-02T01:07:20.043Z] 🔄 Retry attempt 1/5 for item 21687
[2025-11-02T01:07:26.142Z] ✅ Successfully recovered item 21687: Ukko's Ring of Darkness
[2025-11-02T01:07:26.142Z] ⚠️ Unknown category for item 21687
[2025-11-02T01:07:26.143Z] 💾 Saved 0 recovered weapons items to turtle_db/recovered-weapons.json
[2025-11-02T01:07:26.143Z] 💾 Saved 0 recovered armor items to turtle_db/recovered-armor.json
[2025-11-02T01:07:29.146Z] 
🔍 Processing failed item 21836 (281/1103)
[2025-11-02T01:07:29.147Z] 🔄 Retry attempt 1/5 for item 21836
[2025-11-02T01:07:35.139Z] ✅ Successfully recovered item 21836: Ritssyn's Ring of Chaos
[2025-11-02T01:07:35.140Z] ⚠️ Unknown category for item 21836
[2025-11-02T01:07:38.141Z] 
🔍 Processing failed item 22326 (282/1103)
[2025-11-02T01:07:38.142Z] 🔄 Retry attempt 1/5 for item 22326
[2025-11-02T01:07:44.232Z] ✅ Successfully recovered item 22326: Amalgam's Band
[2025-11-02T01:07:44.232Z] ⚠️ Unknown category for item 22326
[2025-11-02T01:07:47.233Z] 
🔍 Processing failed item 22722 (283/1103)
[2025-11-02T01:07:47.234Z] 🔄 Retry attempt 1/5 for item 22722
[2025-11-02T01:07:53.074Z] ✅ Successfully recovered item 22722: Seal of the Gurubashi Berserker
[2025-11-02T01:07:53.075Z] ⚠️ Unknown category for item 22722
[2025-11-02T01:07:56.077Z] 
🔍 Processing failed item 23018 (284/1103)
[2025-11-02T01:07:56.079Z] 🔄 Retry attempt 1/5 for item 23018
[2025-11-02T01:08:02.203Z] ✅ Successfully recovered item 23018: Signet of the Fallen Defender
[2025-11-02T01:08:02.203Z] ⚠️ Unknown category for item 23018
[2025-11-02T01:08:05.205Z] 
🔍 Processing failed item 23025 (285/1103)
[2025-11-02T01:08:05.205Z] 🔄 Retry attempt 1/5 for item 23025
[2025-11-02T01:08:11.196Z] ✅ Successfully recovered item 23025: Seal of the Damned
[2025-11-02T01:08:11.197Z] ⚠️ Unknown category for item 23025
[2025-11-02T01:08:14.198Z] 
🔍 Processing failed item 47050 (286/1103)
[2025-11-02T01:08:14.199Z] 🔄 Retry attempt 1/5 for item 47050
[2025-11-02T01:08:20.282Z] ✅ Successfully recovered item 47050: Signet of Redemption
[2025-11-02T01:08:20.282Z] ⚠️ Unknown category for item 47050
[2025-11-02T01:08:23.284Z] 
🔍 Processing failed item 47170 (287/1103)
[2025-11-02T01:08:23.285Z] 🔄 Retry attempt 1/5 for item 47170
[2025-11-02T01:08:29.283Z] ✅ Successfully recovered item 47170: Signet of the Earthshatterer
[2025-11-02T01:08:29.284Z] ⚠️ Unknown category for item 47170
[2025-11-02T01:08:32.284Z] 
🔍 Processing failed item 47380 (288/1103)
[2025-11-02T01:08:32.285Z] 🔄 Retry attempt 1/5 for item 47380
[2025-11-02T01:08:38.364Z] ✅ Successfully recovered item 47380: Signet of the Dreamwalker
[2025-11-02T01:08:38.364Z] ⚠️ Unknown category for item 47380
[2025-11-02T01:08:41.366Z] 
🔍 Processing failed item 55103 (289/1103)
[2025-11-02T01:08:41.367Z] 🔄 Retry attempt 1/5 for item 55103
[2025-11-02T01:08:47.458Z] ✅ Successfully recovered item 55103: Royal Seal of Greymane
[2025-11-02T01:08:47.458Z] ⚠️ Unknown category for item 55103
[2025-11-02T01:08:50.460Z] 
🔍 Processing failed item 55223 (290/1103)
[2025-11-02T01:08:50.460Z] 🔄 Retry attempt 1/5 for item 55223
[2025-11-02T01:08:56.455Z] ✅ Successfully recovered item 55223: Aquabreeze Band
[2025-11-02T01:08:56.455Z] ⚠️ Unknown category for item 55223
[2025-11-02T01:08:56.455Z] 💾 Saved 0 recovered weapons items to turtle_db/recovered-weapons.json
[2025-11-02T01:08:56.455Z] 💾 Saved 0 recovered armor items to turtle_db/recovered-armor.json
[2025-11-02T01:08:59.458Z] 
🔍 Processing failed item 56032 (291/1103)
[2025-11-02T01:08:59.459Z] 🔄 Retry attempt 1/5 for item 56032
[2025-11-02T01:09:05.537Z] ✅ Successfully recovered item 56032: Ruby Ring of Ruin
[2025-11-02T01:09:05.538Z] ⚠️ Unknown category for item 56032
[2025-11-02T01:09:08.539Z] 
🔍 Processing failed item 56059 (292/1103)
[2025-11-02T01:09:08.540Z] 🔄 Retry attempt 1/5 for item 56059
[2025-11-02T01:09:14.629Z] ✅ Successfully recovered item 56059: Shimmering Diamond Band
[2025-11-02T01:09:14.630Z] ⚠️ Unknown category for item 56059
[2025-11-02T01:09:17.632Z] 
🔍 Processing failed item 58088 (293/1103)
[2025-11-02T01:09:17.632Z] 🔄 Retry attempt 1/5 for item 58088
[2025-11-02T01:09:23.725Z] ✅ Successfully recovered item 58088: True Band of Sulfuras
[2025-11-02T01:09:23.726Z] ⚠️ Unknown category for item 58088
[2025-11-02T01:09:26.727Z] 
🔍 Processing failed item 58209 (294/1103)
[2025-11-02T01:09:26.728Z] 🔄 Retry attempt 1/5 for item 58209
[2025-11-02T01:09:32.894Z] ✅ Successfully recovered item 58209: Sizzling Pyrestone Aureole
[2025-11-02T01:09:32.895Z] ⚠️ Unknown category for item 58209
[2025-11-02T01:09:35.897Z] 
🔍 Processing failed item 60005 (295/1103)
[2025-11-02T01:09:35.897Z] 🔄 Retry attempt 1/5 for item 60005
[2025-11-02T01:09:41.992Z] ✅ Successfully recovered item 60005: Signet of the Battlecaster
[2025-11-02T01:09:41.992Z] ⚠️ Unknown category for item 60005
[2025-11-02T01:09:44.993Z] 
🔍 Processing failed item 60389 (296/1103)
[2025-11-02T01:09:44.994Z] 🔄 Retry attempt 1/5 for item 60389
[2025-11-02T01:09:51.198Z] ✅ Successfully recovered item 60389: The Frigid Star Ring
[2025-11-02T01:09:51.198Z] ⚠️ Unknown category for item 60389
[2025-11-02T01:09:54.200Z] 
🔍 Processing failed item 61262 (297/1103)
[2025-11-02T01:09:54.201Z] 🔄 Retry attempt 1/5 for item 61262
[2025-11-02T01:10:00.190Z] ✅ Successfully recovered item 61262: Royal Signet of Blackwald II
[2025-11-02T01:10:00.191Z] ⚠️ Unknown category for item 61262
[2025-11-02T01:10:03.192Z] 
🔍 Processing failed item 81379 (298/1103)
[2025-11-02T01:10:03.192Z] 🔄 Retry attempt 1/5 for item 81379
[2025-11-02T01:10:09.276Z] ✅ Successfully recovered item 81379: Shard of the Moon
[2025-11-02T01:10:09.276Z] ⚠️ Unknown category for item 81379
[2025-11-02T01:10:12.277Z] 
🔍 Processing failed item 83239 (299/1103)
[2025-11-02T01:10:12.278Z] 🔄 Retry attempt 1/5 for item 83239
[2025-11-02T01:10:18.372Z] ✅ Successfully recovered item 83239: Signet of the Voidwalker
[2025-11-02T01:10:18.372Z] ⚠️ Unknown category for item 83239
[2025-11-02T01:10:21.373Z] 
🔍 Processing failed item 83240 (300/1103)
[2025-11-02T01:10:21.480Z] 🔒 Browser closed
[2025-11-02T01:10:21.480Z] 🚀 Initializing browser for retry processing...
[2025-11-02T01:10:21.875Z] ✅ Browser initialized
[2025-11-02T01:10:21.877Z] 🔄 Retry attempt 1/5 for item 83240
[2025-11-02T01:10:27.874Z] ✅ Successfully recovered item 83240: Ring of the Whispering Mist
[2025-11-02T01:10:27.875Z] ⚠️ Unknown category for item 83240
[2025-11-02T01:10:27.876Z] 💾 Saved 0 recovered weapons items to turtle_db/recovered-weapons.json
[2025-11-02T01:10:27.876Z] 💾 Saved 0 recovered armor items to turtle_db/recovered-armor.json
[2025-11-02T01:10:30.881Z] 
🔍 Processing failed item 84003 (301/1103)
[2025-11-02T01:10:30.881Z] 🔄 Retry attempt 1/5 for item 84003
[2025-11-02T01:10:36.864Z] ✅ Successfully recovered item 84003: Signet of the Broken Oath
[2025-11-02T01:10:36.865Z] ⚠️ Unknown category for item 84003
[2025-11-02T01:10:39.865Z] 
🔍 Processing failed item 84506 (302/1103)
[2025-11-02T01:10:39.866Z] 🔄 Retry attempt 1/5 for item 84506
[2025-11-02T01:10:45.946Z] ✅ Successfully recovered item 84506: Sleeper's Ring
[2025-11-02T01:10:45.946Z] ⚠️ Unknown category for item 84506
[2025-11-02T01:10:48.947Z] 
🔍 Processing failed item 6332 (303/1103)
[2025-11-02T01:10:48.948Z] 🔄 Retry attempt 1/5 for item 6332
[2025-11-02T01:10:55.027Z] ✅ Successfully recovered item 6332: Black Pearl Ring
[2025-11-02T01:10:55.027Z] ⚠️ Unknown category for item 6332
[2025-11-02T01:10:58.029Z] 
🔍 Processing failed item 6440 (304/1103)
[2025-11-02T01:10:58.029Z] 🔄 Retry attempt 1/5 for item 6440
[2025-11-02T01:11:04.115Z] ✅ Successfully recovered item 6440: Brainlash
[2025-11-02T01:11:04.115Z] ⚠️ Unknown category for item 6440
[2025-11-02T01:11:07.116Z] 
🔍 Processing failed item 9461 (305/1103)
[2025-11-02T01:11:07.117Z] 🔄 Retry attempt 1/5 for item 9461
[2025-11-02T01:11:13.197Z] ✅ Successfully recovered item 9461: Charged Gear
[2025-11-02T01:11:13.198Z] ⚠️ Unknown category for item 9461
[2025-11-02T01:11:16.199Z] 
🔍 Processing failed item 11118 (306/1103)
[2025-11-02T01:11:16.200Z] 🔄 Retry attempt 1/5 for item 11118
[2025-11-02T01:11:22.293Z] ✅ Successfully recovered item 11118: Archaedic Stone
[2025-11-02T01:11:22.293Z] ⚠️ Unknown category for item 11118
[2025-11-02T01:11:25.295Z] 
🔍 Processing failed item 11824 (307/1103)
[2025-11-02T01:11:25.295Z] 🔄 Retry attempt 1/5 for item 11824
[2025-11-02T01:11:31.433Z] ✅ Successfully recovered item 11824: Cyclopean Band
[2025-11-02T01:11:31.433Z] ⚠️ Unknown category for item 11824
[2025-11-02T01:11:34.434Z] 
🔍 Processing failed item 12996 (308/1103)
[2025-11-02T01:11:34.435Z] 🔄 Retry attempt 1/5 for item 12996
[2025-11-02T01:11:40.535Z] ✅ Successfully recovered item 12996: Band of Purification
[2025-11-02T01:11:40.536Z] ⚠️ Unknown category for item 12996
[2025-11-02T01:11:43.537Z] 
🔍 Processing failed item 13093 (309/1103)
[2025-11-02T01:11:43.537Z] 🔄 Retry attempt 1/5 for item 13093
[2025-11-02T01:11:57.215Z] ✅ Successfully recovered item 13093: Blush Ember Ring
[2025-11-02T01:11:57.216Z] ⚠️ Unknown category for item 13093
[2025-11-02T01:12:00.217Z] 
🔍 Processing failed item 13095 (310/1103)
[2025-11-02T01:12:00.218Z] 🔄 Retry attempt 1/5 for item 13095
[2025-11-02T01:12:06.325Z] ✅ Successfully recovered item 13095: Assault Band
[2025-11-02T01:12:06.326Z] ⚠️ Unknown category for item 13095
[2025-11-02T01:12:06.326Z] 💾 Saved 0 recovered weapons items to turtle_db/recovered-weapons.json
[2025-11-02T01:12:06.326Z] 💾 Saved 0 recovered armor items to turtle_db/recovered-armor.json
[2025-11-02T01:12:09.331Z] 
🔍 Processing failed item 13096 (311/1103)
[2025-11-02T01:12:09.331Z] 🔄 Retry attempt 1/5 for item 13096
[2025-11-02T01:12:25.815Z] ✅ Successfully recovered item 13096: Band of the Hierophant
[2025-11-02T01:12:25.815Z] ⚠️ Unknown category for item 13096
[2025-11-02T01:12:28.816Z] 
🔍 Processing failed item 13373 (312/1103)
[2025-11-02T01:12:28.817Z] 🔄 Retry attempt 1/5 for item 13373
[2025-11-02T01:12:34.909Z] ✅ Successfully recovered item 13373: Band of Flesh
[2025-11-02T01:12:34.910Z] ⚠️ Unknown category for item 13373
[2025-11-02T01:12:37.911Z] 
🔍 Processing failed item 17045 (313/1103)
[2025-11-02T01:12:37.912Z] 🔄 Retry attempt 1/5 for item 17045
[2025-11-02T01:12:44.003Z] ✅ Successfully recovered item 17045: Blood of the Martyr
[2025-11-02T01:12:44.004Z] ⚠️ Unknown category for item 17045
[2025-11-02T01:12:47.005Z] 
🔍 Processing failed item 17713 (314/1103)
[2025-11-02T01:12:47.006Z] 🔄 Retry attempt 1/5 for item 17713
[2025-11-02T01:12:53.097Z] ✅ Successfully recovered item 17713: Blackstone Ring
[2025-11-02T01:12:53.098Z] ⚠️ Unknown category for item 17713
[2025-11-02T01:12:56.099Z] 
🔍 Processing failed item 18103 (315/1103)
[2025-11-02T01:12:56.100Z] 🔄 Retry attempt 1/5 for item 18103
[2025-11-02T01:13:02.214Z] ✅ Successfully recovered item 18103: Band of Rumination
[2025-11-02T01:13:02.215Z] ⚠️ Unknown category for item 18103
[2025-11-02T01:13:05.218Z] 
🔍 Processing failed item 18522 (316/1103)
[2025-11-02T01:13:05.218Z] 🔄 Retry attempt 1/5 for item 18522
[2025-11-02T01:13:11.210Z] ✅ Successfully recovered item 18522: Band of the Ogre King
[2025-11-02T01:13:11.211Z] ⚠️ Unknown category for item 18522
[2025-11-02T01:13:14.212Z] 
🔍 Processing failed item 18585 (317/1103)
[2025-11-02T01:13:14.213Z] 🔄 Retry attempt 1/5 for item 18585
[2025-11-02T01:13:20.304Z] ✅ Successfully recovered item 18585: Band of Allegiance
[2025-11-02T01:13:20.304Z] ⚠️ Unknown category for item 18585
[2025-11-02T01:13:23.306Z] 
🔍 Processing failed item 19925 (318/1103)
[2025-11-02T01:13:23.306Z] 🔄 Retry attempt 1/5 for item 19925
[2025-11-02T01:13:29.301Z] ✅ Successfully recovered item 19925: Band of Jin
[2025-11-02T01:13:29.302Z] ⚠️ Unknown category for item 19925
[2025-11-02T01:13:32.304Z] 
🔍 Processing failed item 20006 (319/1103)
[2025-11-02T01:13:32.304Z] 🔄 Retry attempt 1/5 for item 20006
[2025-11-02T01:13:38.383Z] ✅ Successfully recovered item 20006: Circle of Hope
[2025-11-02T01:13:38.383Z] ⚠️ Unknown category for item 20006
[2025-11-02T01:13:41.385Z] 
🔍 Processing failed item 20505 (320/1103)
[2025-11-02T01:13:41.385Z] 🔄 Retry attempt 1/5 for item 20505
[2025-11-02T01:13:47.394Z] ✅ Successfully recovered item 20505: Chivalrous Signet
[2025-11-02T01:13:47.395Z] ⚠️ Unknown category for item 20505
[2025-11-02T01:13:47.396Z] 💾 Saved 0 recovered weapons items to turtle_db/recovered-weapons.json
[2025-11-02T01:13:47.396Z] 💾 Saved 0 recovered armor items to turtle_db/recovered-armor.json
[2025-11-02T01:13:50.400Z] 
🔍 Processing failed item 20721 (321/1103)
[2025-11-02T01:13:50.400Z] 🔄 Retry attempt 1/5 for item 20721
[2025-11-02T01:13:56.469Z] ✅ Successfully recovered item 20721: Band of the Cultist
[2025-11-02T01:13:56.469Z] ⚠️ Unknown category for item 20721
[2025-11-02T01:13:59.471Z] 
🔍 Processing failed item 21179 (322/1103)
[2025-11-02T01:13:59.471Z] 🔄 Retry attempt 1/5 for item 21179
[2025-11-02T01:14:05.492Z] ✅ Successfully recovered item 21179: Band of Earthen Wrath
[2025-11-02T01:14:05.493Z] ⚠️ Unknown category for item 21179
[2025-11-02T01:14:08.494Z] 
🔍 Processing failed item 21182 (323/1103)
[2025-11-02T01:14:08.495Z] 🔄 Retry attempt 1/5 for item 21182
[2025-11-02T01:14:14.591Z] ✅ Successfully recovered item 21182: Band of Earthen Might
[2025-11-02T01:14:14.592Z] ⚠️ Unknown category for item 21182
[2025-11-02T01:14:17.593Z] 
🔍 Processing failed item 22257 (324/1103)
[2025-11-02T01:14:17.594Z] 🔄 Retry attempt 1/5 for item 22257
[2025-11-02T01:14:23.585Z] ✅ Successfully recovered item 22257: Bloodclot Band
[2025-11-02T01:14:23.586Z] ⚠️ Unknown category for item 22257
[2025-11-02T01:14:26.587Z] 
🔍 Processing failed item 22331 (325/1103)
[2025-11-02T01:14:26.588Z] 🔄 Retry attempt 1/5 for item 22331
[2025-11-02T01:14:32.677Z] ✅ Successfully recovered item 22331: Band of the Steadfast Hero
[2025-11-02T01:14:32.677Z] ⚠️ Unknown category for item 22331
[2025-11-02T01:14:35.678Z] 
🔍 Processing failed item 22334 (326/1103)
[2025-11-02T01:14:35.679Z] 🔄 Retry attempt 1/5 for item 22334
[2025-11-02T01:14:41.761Z] ✅ Successfully recovered item 22334: Band of Mending
[2025-11-02T01:14:41.761Z] ⚠️ Unknown category for item 22334
[2025-11-02T01:14:44.762Z] 
🔍 Processing failed item 22680 (327/1103)
[2025-11-02T01:14:44.762Z] 🔄 Retry attempt 1/5 for item 22680
[2025-11-02T01:14:50.841Z] ✅ Successfully recovered item 22680: Band of Resolution
[2025-11-02T01:14:50.842Z] ⚠️ Unknown category for item 22680
[2025-11-02T01:14:53.843Z] 
🔍 Processing failed item 22681 (328/1103)
[2025-11-02T01:14:53.843Z] 🔄 Retry attempt 1/5 for item 22681
[2025-11-02T01:14:59.923Z] ✅ Successfully recovered item 22681: Band of Piety
[2025-11-02T01:14:59.924Z] ⚠️ Unknown category for item 22681
[2025-11-02T01:15:02.925Z] 
🔍 Processing failed item 22725 (329/1103)
[2025-11-02T01:15:02.926Z] 🔄 Retry attempt 1/5 for item 22725
[2025-11-02T01:15:09.015Z] ✅ Successfully recovered item 22725: Band of Cenarius
[2025-11-02T01:15:09.015Z] ⚠️ Unknown category for item 22725
[2025-11-02T01:15:12.016Z] 
🔍 Processing failed item 50192 (330/1103)
[2025-11-02T01:15:12.017Z] 🔄 Retry attempt 1/5 for item 50192
[2025-11-02T01:15:18.109Z] ✅ Successfully recovered item 50192: Band of Arcane Dampening
[2025-11-02T01:15:18.110Z] ⚠️ Unknown category for item 50192
[2025-11-02T01:15:18.110Z] 💾 Saved 0 recovered weapons items to turtle_db/recovered-weapons.json
[2025-11-02T01:15:18.110Z] 💾 Saved 0 recovered armor items to turtle_db/recovered-armor.json
[2025-11-02T01:15:21.114Z] 
🔍 Processing failed item 55372 (331/1103)
[2025-11-02T01:15:21.115Z] 🔄 Retry attempt 1/5 for item 55372
[2025-11-02T01:15:27.149Z] ✅ Successfully recovered item 55372: Band of the Claw
[2025-11-02T01:15:27.149Z] ⚠️ Unknown category for item 55372
[2025-11-02T01:15:30.151Z] 
🔍 Processing failed item 58149 (332/1103)
[2025-11-02T01:15:30.151Z] 🔄 Retry attempt 1/5 for item 58149
[2025-11-02T01:15:36.207Z] ✅ Successfully recovered item 58149: Band of Subservience
[2025-11-02T01:15:36.208Z] ⚠️ Unknown category for item 58149
[2025-11-02T01:15:39.210Z] 
🔍 Processing failed item 58227 (333/1103)
[2025-11-02T01:15:39.211Z] 🔄 Retry attempt 1/5 for item 58227
[2025-11-02T01:15:45.231Z] ✅ Successfully recovered item 58227: Band of Vitality
[2025-11-02T01:15:45.232Z] ⚠️ Unknown category for item 58227
[2025-11-02T01:15:48.233Z] 
🔍 Processing failed item 58256 (334/1103)
[2025-11-02T01:15:48.234Z] 🔄 Retry attempt 1/5 for item 58256
[2025-11-02T01:15:54.297Z] ✅ Successfully recovered item 58256: Band of Eldretharr
[2025-11-02T01:15:54.298Z] ⚠️ Unknown category for item 58256
[2025-11-02T01:15:57.299Z] 
🔍 Processing failed item 60367 (335/1103)
[2025-11-02T01:15:57.299Z] 🔄 Retry attempt 1/5 for item 60367
[2025-11-02T01:16:03.391Z] ✅ Successfully recovered item 60367: Auspicious Ring of the Seer
[2025-11-02T01:16:03.392Z] ⚠️ Unknown category for item 60367
[2025-11-02T01:16:06.393Z] 
🔍 Processing failed item 60459 (336/1103)
[2025-11-02T01:16:06.394Z] 🔄 Retry attempt 1/5 for item 60459
[2025-11-02T01:16:12.489Z] ✅ Successfully recovered item 60459: Charged Arcane Ring
[2025-11-02T01:16:12.490Z] ⚠️ Unknown category for item 60459
[2025-11-02T01:16:15.491Z] 
🔍 Processing failed item 60465 (337/1103)
[2025-11-02T01:16:15.492Z] 🔄 Retry attempt 1/5 for item 60465
[2025-11-02T01:16:21.485Z] ✅ Successfully recovered item 60465: Arcane Strengthened Band
[2025-11-02T01:16:21.486Z] ⚠️ Unknown category for item 60465
[2025-11-02T01:16:24.487Z] 
🔍 Processing failed item 60531 (338/1103)
[2025-11-02T01:16:24.487Z] 🔄 Retry attempt 1/5 for item 60531
[2025-11-02T01:16:30.578Z] ✅ Successfully recovered item 60531: Chillhide Leggings
[2025-11-02T01:16:30.579Z] ⚠️ Unknown category for item 60531
[2025-11-02T01:16:33.580Z] 
🔍 Processing failed item 60547 (339/1103)
[2025-11-02T01:16:33.580Z] 🔄 Retry attempt 1/5 for item 60547
[2025-11-02T01:16:39.576Z] ✅ Successfully recovered item 60547: Band of Calamity
[2025-11-02T01:16:39.576Z] ⚠️ Unknown category for item 60547
[2025-11-02T01:16:42.577Z] 
🔍 Processing failed item 60903 (340/1103)
[2025-11-02T01:16:42.578Z] 🔄 Retry attempt 1/5 for item 60903
[2025-11-02T01:16:48.669Z] ✅ Successfully recovered item 60903: Ceremonial Centaur Ring
[2025-11-02T01:16:48.669Z] ⚠️ Unknown category for item 60903
[2025-11-02T01:16:48.670Z] 💾 Saved 0 recovered weapons items to turtle_db/recovered-weapons.json
[2025-11-02T01:16:48.670Z] 💾 Saved 0 recovered armor items to turtle_db/recovered-armor.json
[2025-11-02T01:16:51.673Z] 
🔍 Processing failed item 60915 (341/1103)
[2025-11-02T01:16:51.674Z] 🔄 Retry attempt 1/5 for item 60915
[2025-11-02T01:16:57.767Z] ✅ Successfully recovered item 60915: Band of Durotar
[2025-11-02T01:16:57.767Z] ⚠️ Unknown category for item 60915
[2025-11-02T01:17:00.768Z] 
🔍 Processing failed item 61032 (342/1103)
[2025-11-02T01:17:00.769Z] 🔄 Retry attempt 1/5 for item 61032
[2025-11-02T01:17:06.859Z] ✅ Successfully recovered item 61032: Band of Infinite Possibilities
[2025-11-02T01:17:06.860Z] ⚠️ Unknown category for item 61032
[2025-11-02T01:17:09.861Z] 
🔍 Processing failed item 61034 (343/1103)
[2025-11-02T01:17:09.861Z] 🔄 Retry attempt 1/5 for item 61034
[2025-11-02T01:17:15.951Z] ✅ Successfully recovered item 61034: Band of the Marsh Bog
[2025-11-02T01:17:15.952Z] ⚠️ Unknown category for item 61034
[2025-11-02T01:17:18.953Z] 
🔍 Processing failed item 61051 (344/1103)
[2025-11-02T01:17:18.954Z] 🔄 Retry attempt 1/5 for item 61051
[2025-11-02T01:17:25.049Z] ✅ Successfully recovered item 61051: Blackthorn Band
[2025-11-02T01:17:25.050Z] ⚠️ Unknown category for item 61051
[2025-11-02T01:17:28.051Z] 
🔍 Processing failed item 61315 (345/1103)
[2025-11-02T01:17:28.052Z] 🔄 Retry attempt 1/5 for item 61315
[2025-11-02T01:17:34.144Z] ✅ Successfully recovered item 61315: Band of Piercing Shadows
[2025-11-02T01:17:34.144Z] ⚠️ Unknown category for item 61315
[2025-11-02T01:17:37.145Z] 
🔍 Processing failed item 61354 (346/1103)
[2025-11-02T01:17:37.146Z] 🔄 Retry attempt 1/5 for item 61354
[2025-11-02T01:17:43.238Z] ✅ Successfully recovered item 61354: Banshee's Tear
[2025-11-02T01:17:43.239Z] ⚠️ Unknown category for item 61354
[2025-11-02T01:17:46.240Z] 
🔍 Processing failed item 61554 (347/1103)
[2025-11-02T01:17:46.241Z] 🔄 Retry attempt 1/5 for item 61554
[2025-11-02T01:17:53.047Z] ✅ Successfully recovered item 61554: Crescent Band
[2025-11-02T01:17:53.047Z] ⚠️ Unknown category for item 61554
[2025-11-02T01:17:56.048Z] 
🔍 Processing failed item 61588 (348/1103)
[2025-11-02T01:17:56.049Z] 🔄 Retry attempt 1/5 for item 61588
[2025-11-02T01:18:02.127Z] ✅ Successfully recovered item 61588: Arugal Family Sigil
[2025-11-02T01:18:02.127Z] ⚠️ Unknown category for item 61588
[2025-11-02T01:18:05.129Z] 
🔍 Processing failed item 81367 (349/1103)
[2025-11-02T01:18:05.130Z] 🔄 Retry attempt 1/5 for item 81367
[2025-11-02T01:18:11.212Z] ✅ Successfully recovered item 81367: Band of the Old Horde
[2025-11-02T01:18:11.212Z] ⚠️ Unknown category for item 81367
[2025-11-02T01:18:14.214Z] 
🔍 Processing failed item 15855 (350/1103)
[2025-11-02T01:18:14.308Z] 🔒 Browser closed
[2025-11-02T01:18:14.308Z] 🚀 Initializing browser for retry processing...
[2025-11-02T01:18:14.817Z] ✅ Browser initialized
[2025-11-02T01:18:14.817Z] 🔄 Retry attempt 1/5 for item 15855
[2025-11-02T01:18:21.052Z] ✅ Successfully recovered item 15855: Ring of Protection
[2025-11-02T01:18:21.053Z] ⚠️ Unknown category for item 15855
[2025-11-02T01:18:21.053Z] 💾 Saved 0 recovered weapons items to turtle_db/recovered-weapons.json
[2025-11-02T01:18:21.053Z] 💾 Saved 0 recovered armor items to turtle_db/recovered-armor.json
[2025-11-02T01:18:24.057Z] 
🔍 Processing failed item 17982 (351/1103)
[2025-11-02T01:18:24.057Z] 🔄 Retry attempt 1/5 for item 17982
[2025-11-02T01:18:29.788Z] ✅ Successfully recovered item 17982: Ragnaros Core
[2025-11-02T01:18:29.788Z] ⚠️ Unknown category for item 17982
[2025-11-02T01:18:32.790Z] 
🔍 Processing failed item 18314 (352/1103)
[2025-11-02T01:18:32.790Z] 🔄 Retry attempt 1/5 for item 18314
[2025-11-02T01:18:39.147Z] ✅ Successfully recovered item 18314: Ring of Demonic Guile
[2025-11-02T01:18:39.149Z] ⚠️ Unknown category for item 18314
[2025-11-02T01:18:42.151Z] 
🔍 Processing failed item 18315 (353/1103)
[2025-11-02T01:18:42.151Z] 🔄 Retry attempt 1/5 for item 18315
[2025-11-02T01:18:48.184Z] ✅ Successfully recovered item 18315: Ring of Demonic Potency
[2025-11-02T01:18:48.184Z] ⚠️ Unknown category for item 18315
[2025-11-02T01:18:51.185Z] 
🔍 Processing failed item 18399 (354/1103)
[2025-11-02T01:18:51.185Z] 🔄 Retry attempt 1/5 for item 18399
[2025-11-02T01:18:57.246Z] ✅ Successfully recovered item 18399: Ocean's Breeze
[2025-11-02T01:18:57.246Z] ⚠️ Unknown category for item 18399
[2025-11-02T01:19:00.247Z] 
🔍 Processing failed item 18760 (355/1103)
[2025-11-02T01:19:00.248Z] 🔄 Retry attempt 1/5 for item 18760
[2025-11-02T01:19:06.357Z] ✅ Successfully recovered item 18760: Necromantic Band
[2025-11-02T01:19:06.358Z] ⚠️ Unknown category for item 18760
[2025-11-02T01:19:09.358Z] 
🔍 Processing failed item 19514 (356/1103)
[2025-11-02T01:19:09.360Z] 🔄 Retry attempt 1/5 for item 19514
[2025-11-02T01:19:15.425Z] ✅ Successfully recovered item 19514: Protector's Band
[2025-11-02T01:19:15.425Z] ⚠️ Unknown category for item 19514
[2025-11-02T01:19:18.426Z] 
🔍 Processing failed item 19515 (357/1103)
[2025-11-02T01:19:18.426Z] 🔄 Retry attempt 1/5 for item 19515
[2025-11-02T01:19:24.651Z] ✅ Successfully recovered item 19515: Protector's Band
[2025-11-02T01:19:24.652Z] ⚠️ Unknown category for item 19515
[2025-11-02T01:19:27.653Z] 
🔍 Processing failed item 19516 (358/1103)
[2025-11-02T01:19:27.653Z] 🔄 Retry attempt 1/5 for item 19516
[2025-11-02T01:19:33.745Z] ✅ Successfully recovered item 19516: Protector's Band
[2025-11-02T01:19:33.746Z] ⚠️ Unknown category for item 19516
[2025-11-02T01:19:36.747Z] 
🔍 Processing failed item 19517 (359/1103)
[2025-11-02T01:19:36.748Z] 🔄 Retry attempt 1/5 for item 19517
[2025-11-02T01:19:42.835Z] ✅ Successfully recovered item 19517: Protector's Band
[2025-11-02T01:19:42.835Z] ⚠️ Unknown category for item 19517
[2025-11-02T01:19:45.837Z] 
🔍 Processing failed item 19523 (360/1103)
[2025-11-02T01:19:45.838Z] 🔄 Retry attempt 1/5 for item 19523
[2025-11-02T01:19:52.028Z] ✅ Successfully recovered item 19523: Lorekeeper's Ring
[2025-11-02T01:19:52.029Z] ⚠️ Unknown category for item 19523
[2025-11-02T01:19:52.030Z] 💾 Saved 0 recovered weapons items to turtle_db/recovered-weapons.json
[2025-11-02T01:19:52.030Z] 💾 Saved 0 recovered armor items to turtle_db/recovered-armor.json
[2025-11-02T01:19:55.033Z] 
🔍 Processing failed item 19524 (361/1103)
[2025-11-02T01:19:55.034Z] 🔄 Retry attempt 1/5 for item 19524
[2025-11-02T01:20:01.111Z] ✅ Successfully recovered item 19524: Lorekeeper's Ring
[2025-11-02T01:20:01.111Z] ⚠️ Unknown category for item 19524
[2025-11-02T01:20:04.112Z] 
🔍 Processing failed item 19525 (362/1103)
[2025-11-02T01:20:04.112Z] 🔄 Retry attempt 1/5 for item 19525
[2025-11-02T01:20:10.190Z] ✅ Successfully recovered item 19525: Lorekeeper's Ring
[2025-11-02T01:20:10.191Z] ⚠️ Unknown category for item 19525
[2025-11-02T01:20:13.192Z] 
🔍 Processing failed item 19863 (363/1103)
[2025-11-02T01:20:13.193Z] 🔄 Retry attempt 1/5 for item 19863
[2025-11-02T01:20:19.282Z] ✅ Successfully recovered item 19863: Primalist's Seal
[2025-11-02T01:20:19.282Z] ⚠️ Unknown category for item 19863
[2025-11-02T01:20:22.283Z] 
🔍 Processing failed item 19873 (364/1103)
[2025-11-02T01:20:22.284Z] 🔄 Retry attempt 1/5 for item 19873
[2025-11-02T01:20:28.375Z] ✅ Successfully recovered item 19873: Overlord's Crimson Band
[2025-11-02T01:20:28.375Z] ⚠️ Unknown category for item 19873
[2025-11-02T01:20:31.377Z] 
🔍 Processing failed item 19912 (365/1103)
[2025-11-02T01:20:31.377Z] 🔄 Retry attempt 1/5 for item 19912
[2025-11-02T01:20:37.452Z] ✅ Successfully recovered item 19912: Overlord's Onyx Band
[2025-11-02T01:20:37.452Z] ⚠️ Unknown category for item 19912
[2025-11-02T01:20:40.453Z] 
🔍 Processing failed item 19920 (366/1103)
[2025-11-02T01:20:40.454Z] 🔄 Retry attempt 1/5 for item 19920
[2025-11-02T01:20:46.544Z] ✅ Successfully recovered item 19920: Primalist's Band
[2025-11-02T01:20:46.544Z] ⚠️ Unknown category for item 19920
[2025-11-02T01:20:49.546Z] 
🔍 Processing failed item 20431 (367/1103)
[2025-11-02T01:20:49.547Z] 🔄 Retry attempt 1/5 for item 20431
[2025-11-02T01:20:55.634Z] ✅ Successfully recovered item 20431: Lorekeeper's Ring
[2025-11-02T01:20:55.635Z] ⚠️ Unknown category for item 20431
[2025-11-02T01:20:58.636Z] 
🔍 Processing failed item 20439 (368/1103)
[2025-11-02T01:20:58.636Z] 🔄 Retry attempt 1/5 for item 20439
[2025-11-02T01:21:04.722Z] ✅ Successfully recovered item 20439: Protector's Band
[2025-11-02T01:21:04.722Z] ⚠️ Unknown category for item 20439
[2025-11-02T01:21:07.723Z] 
🔍 Processing failed item 21477 (369/1103)
[2025-11-02T01:21:07.723Z] 🔄 Retry attempt 1/5 for item 21477
[2025-11-02T01:21:13.804Z] ✅ Successfully recovered item 21477: Ring of Fury
[2025-11-02T01:21:13.805Z] ⚠️ Unknown category for item 21477
[2025-11-02T01:21:16.806Z] 
🔍 Processing failed item 22255 (370/1103)
[2025-11-02T01:21:16.807Z] 🔄 Retry attempt 1/5 for item 22255
[2025-11-02T01:21:22.898Z] ✅ Successfully recovered item 22255: Magma Forged Band
[2025-11-02T01:21:22.899Z] ⚠️ Unknown category for item 22255
[2025-11-02T01:21:22.899Z] 💾 Saved 0 recovered weapons items to turtle_db/recovered-weapons.json
[2025-11-02T01:21:22.899Z] 💾 Saved 0 recovered armor items to turtle_db/recovered-armor.json
[2025-11-02T01:21:25.903Z] 
🔍 Processing failed item 41062 (371/1103)
[2025-11-02T01:21:25.904Z] 🔄 Retry attempt 1/5 for item 41062
[2025-11-02T01:21:31.995Z] ✅ Successfully recovered item 41062: Peering Eyeball
[2025-11-02T01:21:31.995Z] ⚠️ Unknown category for item 41062
[2025-11-02T01:21:34.996Z] 
🔍 Processing failed item 50189 (372/1103)
[2025-11-02T01:21:34.997Z] 🔄 Retry attempt 1/5 for item 50189
[2025-11-02T01:21:41.091Z] ✅ Successfully recovered item 50189: Ring of Authority
[2025-11-02T01:21:41.092Z] ⚠️ Unknown category for item 50189
[2025-11-02T01:21:44.093Z] 
🔍 Processing failed item 51747 (373/1103)
[2025-11-02T01:21:44.094Z] 🔄 Retry attempt 1/5 for item 51747
[2025-11-02T01:21:50.086Z] ✅ Successfully recovered item 51747: Mindpiercer Band
[2025-11-02T01:21:50.086Z] ⚠️ Unknown category for item 51747
[2025-11-02T01:21:53.088Z] 
🔍 Processing failed item 55216 (374/1103)
[2025-11-02T01:21:53.089Z] 🔄 Retry attempt 1/5 for item 55216
[2025-11-02T01:21:59.174Z] ✅ Successfully recovered item 55216: Radiant Citrine Band
[2025-11-02T01:21:59.174Z] ⚠️ Unknown category for item 55216
[2025-11-02T01:22:02.175Z] 
🔍 Processing failed item 55226 (375/1103)
[2025-11-02T01:22:02.176Z] 🔄 Retry attempt 1/5 for item 55226
[2025-11-02T01:22:08.171Z] ✅ Successfully recovered item 55226: Molten Ember Loop
[2025-11-02T01:22:08.171Z] ⚠️ Unknown category for item 55226
[2025-11-02T01:22:11.173Z] 
🔍 Processing failed item 55233 (376/1103)
[2025-11-02T01:22:11.173Z] 🔄 Retry attempt 1/5 for item 55233
[2025-11-02T01:22:17.259Z] ✅ Successfully recovered item 55233: Moonlit Radiance Band
[2025-11-02T01:22:17.259Z] ⚠️ Unknown category for item 55233
[2025-11-02T01:22:20.261Z] 
🔍 Processing failed item 55236 (377/1103)
[2025-11-02T01:22:20.262Z] 🔄 Retry attempt 1/5 for item 55236
[2025-11-02T01:22:26.351Z] ✅ Successfully recovered item 55236: Lunar Loop
[2025-11-02T01:22:26.352Z] ⚠️ Unknown category for item 55236
[2025-11-02T01:22:29.353Z] 
🔍 Processing failed item 55323 (378/1103)
[2025-11-02T01:22:29.354Z] 🔄 Retry attempt 1/5 for item 55323
[2025-11-02T01:22:35.349Z] ✅ Successfully recovered item 55323: Ogre Bone Band
[2025-11-02T01:22:35.350Z] ⚠️ Unknown category for item 55323
[2025-11-02T01:22:38.351Z] 
🔍 Processing failed item 55479 (379/1103)
[2025-11-02T01:22:38.352Z] 🔄 Retry attempt 1/5 for item 55479
[2025-11-02T01:22:44.439Z] ✅ Successfully recovered item 55479: Nethershard Band
[2025-11-02T01:22:44.439Z] ⚠️ Unknown category for item 55479
[2025-11-02T01:22:47.440Z] 
🔍 Processing failed item 56065 (380/1103)
[2025-11-02T01:22:47.441Z] 🔄 Retry attempt 1/5 for item 56065
[2025-11-02T01:22:53.436Z] ✅ Successfully recovered item 56065: Opalstone Circle
[2025-11-02T01:22:53.437Z] ⚠️ Unknown category for item 56065
[2025-11-02T01:22:53.437Z] 💾 Saved 0 recovered weapons items to turtle_db/recovered-weapons.json
[2025-11-02T01:22:53.437Z] 💾 Saved 0 recovered armor items to turtle_db/recovered-armor.json
[2025-11-02T01:22:56.439Z] 
🔍 Processing failed item 58291 (381/1103)
[2025-11-02T01:22:56.439Z] 🔄 Retry attempt 1/5 for item 58291
[2025-11-02T01:23:02.516Z] ✅ Successfully recovered item 58291: Orcbone Loop
[2025-11-02T01:23:02.516Z] ⚠️ Unknown category for item 58291
[2025-11-02T01:23:05.518Z] 
🔍 Processing failed item 60334 (382/1103)
[2025-11-02T01:23:05.519Z] 🔄 Retry attempt 1/5 for item 60334
[2025-11-02T01:23:11.514Z] ✅ Successfully recovered item 60334: Ring of Eldara
[2025-11-02T01:23:11.515Z] ⚠️ Unknown category for item 60334
[2025-11-02T01:23:14.516Z] 
🔍 Processing failed item 60917 (383/1103)
[2025-11-02T01:23:14.517Z] 🔄 Retry attempt 1/5 for item 60917
[2025-11-02T01:23:20.607Z] ✅ Successfully recovered item 60917: Ring of Durotar
[2025-11-02T01:23:20.607Z] ⚠️ Unknown category for item 60917
[2025-11-02T01:23:23.609Z] 
🔍 Processing failed item 13345 (384/1103)
[2025-11-02T01:23:23.610Z] 🔄 Retry attempt 1/5 for item 13345
[2025-11-02T01:23:29.696Z] ✅ Successfully recovered item 13345: Seal of Rivendare
[2025-11-02T01:23:29.697Z] ⚠️ Unknown category for item 13345
[2025-11-02T01:23:32.699Z] 
🔍 Processing failed item 13392 (385/1103)
[2025-11-02T01:23:32.699Z] 🔄 Retry attempt 1/5 for item 13392
[2025-11-02T01:23:38.784Z] ✅ Successfully recovered item 13392: The Postmaster's Seal
[2025-11-02T01:23:38.784Z] ⚠️ Unknown category for item 13392
[2025-11-02T01:23:41.786Z] 
🔍 Processing failed item 16999 (386/1103)
[2025-11-02T01:23:41.786Z] 🔄 Retry attempt 1/5 for item 16999
[2025-11-02T01:23:47.865Z] ✅ Successfully recovered item 16999: Royal Seal of Alexis
[2025-11-02T01:23:47.865Z] ⚠️ Unknown category for item 16999
[2025-11-02T01:23:50.866Z] 
🔍 Processing failed item 18022 (387/1103)
[2025-11-02T01:23:50.866Z] 🔄 Retry attempt 1/5 for item 18022
[2025-11-02T01:23:56.940Z] ✅ Successfully recovered item 18022: Royal Seal of Alexis
[2025-11-02T01:23:56.941Z] ⚠️ Unknown category for item 18022
[2025-11-02T01:23:59.942Z] 
🔍 Processing failed item 18398 (388/1103)
[2025-11-02T01:23:59.942Z] 🔄 Retry attempt 1/5 for item 18398
[2025-11-02T01:24:06.118Z] ✅ Successfully recovered item 18398: Tidal Loop
[2025-11-02T01:24:06.118Z] ⚠️ Unknown category for item 18398
[2025-11-02T01:24:09.120Z] 
🔍 Processing failed item 18500 (389/1103)
[2025-11-02T01:24:09.121Z] 🔄 Retry attempt 1/5 for item 18500
[2025-11-02T01:24:15.216Z] ✅ Successfully recovered item 18500: Tarnished Elven Ring
[2025-11-02T01:24:15.216Z] ⚠️ Unknown category for item 18500
[2025-11-02T01:24:18.217Z] 
🔍 Processing failed item 19898 (390/1103)
[2025-11-02T01:24:18.218Z] 🔄 Retry attempt 1/5 for item 19898
[2025-11-02T01:24:24.306Z] ✅ Successfully recovered item 19898: Seal of Jin
[2025-11-02T01:24:24.306Z] ⚠️ Unknown category for item 19898
[2025-11-02T01:24:24.307Z] 💾 Saved 0 recovered weapons items to turtle_db/recovered-weapons.json
[2025-11-02T01:24:24.307Z] 💾 Saved 0 recovered armor items to turtle_db/recovered-armor.json
[2025-11-02T01:24:27.311Z] 
🔍 Processing failed item 21483 (391/1103)
[2025-11-02T01:24:27.311Z] 🔄 Retry attempt 1/5 for item 21483
[2025-11-02T01:24:33.493Z] ✅ Successfully recovered item 21483: Ring of the Desert Winds
[2025-11-02T01:24:33.494Z] ⚠️ Unknown category for item 21483
[2025-11-02T01:24:36.495Z] 
🔍 Processing failed item 22339 (392/1103)
[2025-11-02T01:24:36.495Z] 🔄 Retry attempt 1/5 for item 22339
[2025-11-02T01:24:42.569Z] ✅ Successfully recovered item 22339: Rune Band of Wizardry
[2025-11-02T01:24:42.569Z] ⚠️ Unknown category for item 22339
[2025-11-02T01:24:45.570Z] 
🔍 Processing failed item 41329 (393/1103)
[2025-11-02T01:24:45.571Z] 🔄 Retry attempt 1/5 for item 41329
[2025-11-02T01:24:51.569Z] ✅ Successfully recovered item 41329: Ring of Purified Silver
[2025-11-02T01:24:51.570Z] ⚠️ Unknown category for item 41329
[2025-11-02T01:24:54.572Z] 
🔍 Processing failed item 51805 (394/1103)
[2025-11-02T01:24:54.572Z] 🔄 Retry attempt 1/5 for item 51805
[2025-11-02T01:25:00.643Z] ✅ Successfully recovered item 51805: Signet of Arugal
[2025-11-02T01:25:00.644Z] ⚠️ Unknown category for item 51805
[2025-11-02T01:25:03.645Z] 
🔍 Processing failed item 55259 (395/1103)
[2025-11-02T01:25:03.645Z] 🔄 Retry attempt 1/5 for item 55259
[2025-11-02T01:25:09.727Z] ✅ Successfully recovered item 55259: Sapphire Luminescence
[2025-11-02T01:25:09.727Z] ⚠️ Unknown category for item 55259
[2025-11-02T01:25:12.728Z] 
🔍 Processing failed item 55263 (396/1103)
[2025-11-02T01:25:12.729Z] 🔄 Retry attempt 1/5 for item 55263
[2025-11-02T01:25:18.820Z] ✅ Successfully recovered item 55263: Twilight Opal Cascade
[2025-11-02T01:25:18.821Z] ⚠️ Unknown category for item 55263
[2025-11-02T01:25:21.821Z] 
🔍 Processing failed item 55385 (397/1103)
[2025-11-02T01:25:21.822Z] 🔄 Retry attempt 1/5 for item 55385
[2025-11-02T01:25:27.899Z] ✅ Successfully recovered item 55385: Signet of Faded Sermons
[2025-11-02T01:25:27.899Z] ⚠️ Unknown category for item 55385
[2025-11-02T01:25:30.899Z] 
🔍 Processing failed item 55388 (398/1103)
[2025-11-02T01:25:30.900Z] 🔄 Retry attempt 1/5 for item 55388
[2025-11-02T01:25:36.974Z] ✅ Successfully recovered item 55388: Slain Sentry's Ring
[2025-11-02T01:25:36.974Z] ⚠️ Unknown category for item 55388
[2025-11-02T01:25:39.975Z] 
🔍 Processing failed item 56093 (399/1103)
[2025-11-02T01:25:39.976Z] 🔄 Retry attempt 1/5 for item 56093
[2025-11-02T01:25:46.062Z] ✅ Successfully recovered item 56093: Stormcloud Signet
[2025-11-02T01:25:46.063Z] ⚠️ Unknown category for item 56093
[2025-11-02T01:25:49.064Z] 
🔍 Processing failed item 58153 (400/1103)
[2025-11-02T01:25:49.139Z] 🔒 Browser closed
[2025-11-02T01:25:49.139Z] 🚀 Initializing browser for retry processing...
[2025-11-02T01:25:49.497Z] ✅ Browser initialized
[2025-11-02T01:25:49.497Z] 🔄 Retry attempt 1/5 for item 58153
[2025-11-02T01:25:55.496Z] ✅ Successfully recovered item 58153: Shattered Soul Ring
[2025-11-02T01:25:55.496Z] ⚠️ Unknown category for item 58153
[2025-11-02T01:25:55.496Z] 💾 Saved 0 recovered weapons items to turtle_db/recovered-weapons.json
[2025-11-02T01:25:55.496Z] 💾 Saved 0 recovered armor items to turtle_db/recovered-armor.json
[2025-11-02T01:25:58.499Z] 
🔍 Processing failed item 58195 (401/1103)
[2025-11-02T01:25:58.499Z] 🔄 Retry attempt 1/5 for item 58195
[2025-11-02T01:26:04.489Z] ✅ Successfully recovered item 58195: Tiny Bracelet
[2025-11-02T01:26:04.490Z] ⚠️ Unknown category for item 58195
[2025-11-02T01:26:07.491Z] 
🔍 Processing failed item 58289 (402/1103)
[2025-11-02T01:26:07.492Z] 🔄 Retry attempt 1/5 for item 58289
[2025-11-02T01:26:13.582Z] ✅ Successfully recovered item 58289: Thunder-Bound Signet
[2025-11-02T01:26:13.582Z] ⚠️ Unknown category for item 58289
[2025-11-02T01:26:16.583Z] 
🔍 Processing failed item 60415 (403/1103)
[2025-11-02T01:26:16.584Z] 🔄 Retry attempt 1/5 for item 60415
[2025-11-02T01:26:22.783Z] ✅ Successfully recovered item 60415: Ring of Twin Regeneration
[2025-11-02T01:26:22.784Z] ⚠️ Unknown category for item 60415
[2025-11-02T01:26:25.786Z] 
🔍 Processing failed item 60441 (404/1103)
[2025-11-02T01:26:25.786Z] 🔄 Retry attempt 1/5 for item 60441
[2025-11-02T01:26:31.880Z] ✅ Successfully recovered item 60441: The Mojo Ring
[2025-11-02T01:26:31.880Z] ⚠️ Unknown category for item 60441
[2025-11-02T01:26:34.881Z] 
🔍 Processing failed item 60499 (405/1103)
[2025-11-02T01:26:34.882Z] 🔄 Retry attempt 1/5 for item 60499
[2025-11-02T01:26:40.974Z] ✅ Successfully recovered item 60499: Ring of Tyvadrius
[2025-11-02T01:26:40.974Z] ⚠️ Unknown category for item 60499
[2025-11-02T01:26:43.975Z] 
🔍 Processing failed item 60505 (406/1103)
[2025-11-02T01:26:43.977Z] 🔄 Retry attempt 1/5 for item 60505
[2025-11-02T01:26:50.068Z] ✅ Successfully recovered item 60505: Ring of the Elder Warden
[2025-11-02T01:26:50.068Z] ⚠️ Unknown category for item 60505
[2025-11-02T01:26:53.069Z] 
🔍 Processing failed item 60530 (407/1103)
[2025-11-02T01:26:53.070Z] 🔄 Retry attempt 1/5 for item 60530
[2025-11-02T01:26:59.303Z] ✅ Successfully recovered item 60530: Shattering Band
[2025-11-02T01:26:59.304Z] ⚠️ Unknown category for item 60530
[2025-11-02T01:27:02.305Z] 
🔍 Processing failed item 60618 (408/1103)
[2025-11-02T01:27:02.305Z] 🔄 Retry attempt 1/5 for item 60618
[2025-11-02T01:27:08.389Z] ✅ Successfully recovered item 60618: The Obsidian Oppressor
[2025-11-02T01:27:08.390Z] ⚠️ Unknown category for item 60618
[2025-11-02T01:27:11.391Z] 
🔍 Processing failed item 60622 (409/1103)
[2025-11-02T01:27:11.392Z] 🔄 Retry attempt 1/5 for item 60622
[2025-11-02T01:27:17.481Z] ✅ Successfully recovered item 60622: Ring of the Academy
[2025-11-02T01:27:17.482Z] ⚠️ Unknown category for item 60622
[2025-11-02T01:27:20.483Z] 
🔍 Processing failed item 60695 (410/1103)
[2025-11-02T01:27:20.483Z] 🔄 Retry attempt 1/5 for item 60695
[2025-11-02T01:27:26.504Z] ✅ Successfully recovered item 60695: Sigil of Heritage
[2025-11-02T01:27:26.505Z] ⚠️ Unknown category for item 60695
[2025-11-02T01:27:26.506Z] 💾 Saved 0 recovered weapons items to turtle_db/recovered-weapons.json
[2025-11-02T01:27:26.506Z] 💾 Saved 0 recovered armor items to turtle_db/recovered-armor.json
[2025-11-02T01:27:29.511Z] 
🔍 Processing failed item 60739 (411/1103)
[2025-11-02T01:27:29.512Z] 🔄 Retry attempt 1/5 for item 60739
[2025-11-02T01:27:35.561Z] ✅ Successfully recovered item 60739: Tarnished Lancelot Ring
[2025-11-02T01:27:35.561Z] ⚠️ Unknown category for item 60739
[2025-11-02T01:27:38.562Z] 
🔍 Processing failed item 60766 (412/1103)
[2025-11-02T01:27:38.563Z] 🔄 Retry attempt 1/5 for item 60766
[2025-11-02T01:27:44.658Z] ✅ Successfully recovered item 60766: Sandfury Garnet
[2025-11-02T01:27:44.658Z] ⚠️ Unknown category for item 60766
[2025-11-02T01:27:47.660Z] 
🔍 Processing failed item 60793 (413/1103)
[2025-11-02T01:27:47.661Z] 🔄 Retry attempt 1/5 for item 60793
[2025-11-02T01:27:53.750Z] ✅ Successfully recovered item 60793: Signet of Expertise
[2025-11-02T01:27:53.750Z] ⚠️ Unknown category for item 60793
[2025-11-02T01:27:56.751Z] 
🔍 Processing failed item 60916 (414/1103)
[2025-11-02T01:27:56.751Z] 🔄 Retry attempt 1/5 for item 60916
[2025-11-02T01:28:02.827Z] ✅ Successfully recovered item 60916: Signet of Durotar
[2025-11-02T01:28:02.828Z] ⚠️ Unknown category for item 60916
[2025-11-02T01:28:05.828Z] 
🔍 Processing failed item 61004 (415/1103)
[2025-11-02T01:28:05.828Z] 🔄 Retry attempt 1/5 for item 61004
[2025-11-02T01:28:11.827Z] ✅ Successfully recovered item 61004: Sandswept Ring of Arcanum
[2025-11-02T01:28:11.828Z] ⚠️ Unknown category for item 61004
[2025-11-02T01:28:14.828Z] 
🔍 Processing failed item 61498 (416/1103)
[2025-11-02T01:28:14.829Z] 🔄 Retry attempt 1/5 for item 61498
[2025-11-02T01:28:20.905Z] ✅ Successfully recovered item 61498: Signet of Gilneas
[2025-11-02T01:28:20.906Z] ⚠️ Unknown category for item 61498
[2025-11-02T01:28:23.907Z] 
🔍 Processing failed item 61545 (417/1103)
[2025-11-02T01:28:23.908Z] 🔄 Retry attempt 1/5 for item 61545
[2025-11-02T01:28:29.902Z] ✅ Successfully recovered item 61545: Shadeflayer's Sigil
[2025-11-02T01:28:29.903Z] ⚠️ Unknown category for item 61545
[2025-11-02T01:28:32.904Z] 
🔍 Processing failed item 80760 (418/1103)
[2025-11-02T01:28:32.904Z] 🔄 Retry attempt 1/5 for item 80760
[2025-11-02T01:28:38.983Z] ✅ Successfully recovered item 80760: Spireblade Band
[2025-11-02T01:28:38.984Z] ⚠️ Unknown category for item 80760
[2025-11-02T01:28:41.985Z] 
🔍 Processing failed item 80780 (419/1103)
[2025-11-02T01:28:41.987Z] 🔄 Retry attempt 1/5 for item 80780
[2025-11-02T01:28:48.079Z] ✅ Successfully recovered item 80780: Runed Ring of Protection
[2025-11-02T01:28:48.079Z] ⚠️ Unknown category for item 80780
[2025-11-02T01:28:51.081Z] 
🔍 Processing failed item 81309 (420/1103)
[2025-11-02T01:28:51.082Z] 🔄 Retry attempt 1/5 for item 81309
[2025-11-02T01:28:57.074Z] ✅ Successfully recovered item 81309: Tinkerer's Mechanical Fire Flinger
[2025-11-02T01:28:57.075Z] ⚠️ Unknown category for item 81309
[2025-11-02T01:28:57.076Z] 💾 Saved 0 recovered weapons items to turtle_db/recovered-weapons.json
[2025-11-02T01:28:57.076Z] 💾 Saved 0 recovered armor items to turtle_db/recovered-armor.json
[2025-11-02T01:29:00.080Z] 
🔍 Processing failed item 83264 (421/1103)
[2025-11-02T01:29:00.081Z] 🔄 Retry attempt 1/5 for item 83264
[2025-11-02T01:29:06.161Z] ✅ Successfully recovered item 83264: Ring of Sacrifice
[2025-11-02T01:29:06.161Z] ⚠️ Unknown category for item 83264
[2025-11-02T01:29:09.162Z] 
🔍 Processing failed item 3760 (422/1103)
[2025-11-02T01:29:09.163Z] 🔄 Retry attempt 1/5 for item 3760
[2025-11-02T01:29:15.250Z] ✅ Successfully recovered item 3760: Band of the Undercity
[2025-11-02T01:29:15.251Z] ⚠️ Unknown category for item 3760
[2025-11-02T01:29:18.250Z] 
🔍 Processing failed item 4135 (423/1103)
[2025-11-02T01:29:18.251Z] 🔄 Retry attempt 1/5 for item 4135
[2025-11-02T01:29:24.327Z] ✅ Successfully recovered item 4135: Bloodbone Band
[2025-11-02T01:29:24.328Z] ⚠️ Unknown category for item 4135
[2025-11-02T01:29:27.328Z] 
🔍 Processing failed item 4988 (424/1103)
[2025-11-02T01:29:27.328Z] 🔄 Retry attempt 1/5 for item 4988
[2025-11-02T01:29:33.405Z] ✅ Successfully recovered item 4988: Burning Obsidian Band
[2025-11-02T01:29:33.405Z] ⚠️ Unknown category for item 4988
[2025-11-02T01:29:36.406Z] 
🔍 Processing failed item 4998 (425/1103)
[2025-11-02T01:29:36.406Z] 🔄 Retry attempt 1/5 for item 4998
[2025-11-02T01:29:42.517Z] ✅ Successfully recovered item 4998: Blood Ring
[2025-11-02T01:29:42.518Z] ⚠️ Unknown category for item 4998
[2025-11-02T01:29:45.519Z] 
🔍 Processing failed item 4999 (426/1103)
[2025-11-02T01:29:45.520Z] 🔄 Retry attempt 1/5 for item 4999
[2025-11-02T01:29:51.617Z] ✅ Successfully recovered item 4999: Azora's Will
[2025-11-02T01:29:51.618Z] ⚠️ Unknown category for item 4999
[2025-11-02T01:29:54.619Z] 
🔍 Processing failed item 5007 (427/1103)
[2025-11-02T01:29:54.619Z] 🔄 Retry attempt 1/5 for item 5007
[2025-11-02T01:30:00.732Z] ✅ Successfully recovered item 5007: Band of Thorns
[2025-11-02T01:30:00.732Z] ⚠️ Unknown category for item 5007
[2025-11-02T01:30:03.733Z] 
🔍 Processing failed item 5351 (428/1103)
[2025-11-02T01:30:03.734Z] 🔄 Retry attempt 1/5 for item 5351
[2025-11-02T01:30:09.814Z] ✅ Successfully recovered item 5351: Bounty Hunter's Ring
[2025-11-02T01:30:09.815Z] ⚠️ Unknown category for item 5351
[2025-11-02T01:30:12.816Z] 
🔍 Processing failed item 6199 (429/1103)
[2025-11-02T01:30:12.817Z] 🔄 Retry attempt 1/5 for item 6199
[2025-11-02T01:30:18.895Z] ✅ Successfully recovered item 6199: Black Widow Band
[2025-11-02T01:30:18.895Z] ⚠️ Unknown category for item 6199
[2025-11-02T01:30:21.896Z] 
🔍 Processing failed item 6678 (430/1103)
[2025-11-02T01:30:21.897Z] 🔄 Retry attempt 1/5 for item 6678
[2025-11-02T01:30:27.973Z] ✅ Successfully recovered item 6678: Band of Elven Grace
[2025-11-02T01:30:27.974Z] ⚠️ Unknown category for item 6678
[2025-11-02T01:30:27.974Z] 💾 Saved 0 recovered weapons items to turtle_db/recovered-weapons.json
[2025-11-02T01:30:27.974Z] 💾 Saved 0 recovered armor items to turtle_db/recovered-armor.json
[2025-11-02T01:30:30.977Z] 
🔍 Processing failed item 7553 (431/1103)
[2025-11-02T01:30:30.978Z] 🔄 Retry attempt 1/5 for item 7553
[2025-11-02T01:30:36.971Z] ✅ Successfully recovered item 7553: Band of the Unicorn
[2025-11-02T01:30:36.972Z] ⚠️ Unknown category for item 7553
[2025-11-02T01:30:39.972Z] 
🔍 Processing failed item 9362 (432/1103)
[2025-11-02T01:30:39.973Z] 🔄 Retry attempt 1/5 for item 9362
[2025-11-02T01:30:46.060Z] ✅ Successfully recovered item 9362: Brilliant Gold Ring
[2025-11-02T01:30:46.060Z] ⚠️ Unknown category for item 9362
[2025-11-02T01:30:49.061Z] 
🔍 Processing failed item 9642 (433/1103)
[2025-11-02T01:30:49.062Z] 🔄 Retry attempt 1/5 for item 9642
[2025-11-02T01:30:55.239Z] ✅ Successfully recovered item 9642: Band of the Great Tortoise
[2025-11-02T01:30:55.240Z] ⚠️ Unknown category for item 9642
[2025-11-02T01:30:58.241Z] 
🔍 Processing failed item 11968 (434/1103)
[2025-11-02T01:30:58.242Z] 🔄 Retry attempt 1/5 for item 11968
[2025-11-02T01:31:04.353Z] ✅ Successfully recovered item 11968: Amber Hoop
[2025-11-02T01:31:04.353Z] ⚠️ Unknown category for item 11968
[2025-11-02T01:31:07.354Z] 
🔍 Processing failed item 11971 (435/1103)
[2025-11-02T01:31:07.355Z] 🔄 Retry attempt 1/5 for item 11971
[2025-11-02T01:31:13.468Z] ✅ Successfully recovered item 11971: Amethyst Band
[2025-11-02T01:31:13.468Z] ⚠️ Unknown category for item 11971
[2025-11-02T01:31:16.469Z] 
🔍 Processing failed item 11972 (436/1103)
[2025-11-02T01:31:16.470Z] 🔄 Retry attempt 1/5 for item 11972
[2025-11-02T01:31:22.573Z] ✅ Successfully recovered item 11972: Carnelian Loop
[2025-11-02T01:31:22.574Z] ⚠️ Unknown category for item 11972
[2025-11-02T01:31:25.574Z] 
🔍 Processing failed item 11974 (437/1103)
[2025-11-02T01:31:25.575Z] 🔄 Retry attempt 1/5 for item 11974
[2025-11-02T01:31:31.690Z] ✅ Successfully recovered item 11974: Aquamarine Ring
[2025-11-02T01:31:31.690Z] ⚠️ Unknown category for item 11974
[2025-11-02T01:31:34.692Z] 
🔍 Processing failed item 11985 (438/1103)
[2025-11-02T01:31:34.692Z] 🔄 Retry attempt 1/5 for item 11985
[2025-11-02T01:31:52.527Z] ✅ Successfully recovered item 11985: Cerulean Ring
[2025-11-02T01:31:52.528Z] ⚠️ Unknown category for item 11985
[2025-11-02T01:31:55.529Z] 
🔍 Processing failed item 11996 (439/1103)
[2025-11-02T01:31:55.530Z] 🔄 Retry attempt 1/5 for item 11996
[2025-11-02T01:32:13.211Z] ✅ Successfully recovered item 11996: Basalt Ring
[2025-11-02T01:32:13.212Z] ⚠️ Unknown category for item 11996
[2025-11-02T01:32:16.213Z] 
🔍 Processing failed item 12014 (440/1103)
[2025-11-02T01:32:16.213Z] 🔄 Retry attempt 1/5 for item 12014
[2025-11-02T01:32:22.250Z] ✅ Successfully recovered item 12014: Arctic Ring
[2025-11-02T01:32:22.255Z] ⚠️ Unknown category for item 12014
[2025-11-02T01:32:22.256Z] 💾 Saved 0 recovered weapons items to turtle_db/recovered-weapons.json
[2025-11-02T01:32:22.256Z] 💾 Saved 0 recovered armor items to turtle_db/recovered-armor.json
[2025-11-02T01:32:25.261Z] 
🔍 Processing failed item 13217 (441/1103)
[2025-11-02T01:32:25.262Z] 🔄 Retry attempt 1/5 for item 13217
[2025-11-02T01:32:31.321Z] ✅ Successfully recovered item 13217: Band of the Penitent
[2025-11-02T01:32:31.321Z] ⚠️ Unknown category for item 13217
[2025-11-02T01:32:34.322Z] 
🔍 Processing failed item 17000 (442/1103)
[2025-11-02T01:32:34.323Z] 🔄 Retry attempt 1/5 for item 17000
[2025-11-02T01:32:40.410Z] ✅ Successfully recovered item 17000: Band of the Wraith
[2025-11-02T01:32:40.410Z] ⚠️ Unknown category for item 17000
[2025-11-02T01:32:43.411Z] 
🔍 Processing failed item 17694 (443/1103)
[2025-11-02T01:32:43.411Z] 🔄 Retry attempt 1/5 for item 17694
[2025-11-02T01:32:49.505Z] ✅ Successfully recovered item 17694: Band of the Fist
[2025-11-02T01:32:49.506Z] ⚠️ Unknown category for item 17694
[2025-11-02T01:32:52.506Z] 
🔍 Processing failed item 18302 (444/1103)
[2025-11-02T01:32:52.507Z] 🔄 Retry attempt 1/5 for item 18302
[2025-11-02T01:32:58.604Z] ✅ Successfully recovered item 18302: Band of Vigor
[2025-11-02T01:32:58.605Z] ⚠️ Unknown category for item 18302
[2025-11-02T01:33:01.605Z] 
🔍 Processing failed item 19893 (445/1103)
[2025-11-02T01:33:01.606Z] 🔄 Retry attempt 1/5 for item 19893
[2025-11-02T01:33:07.698Z] ✅ Successfully recovered item 19893: Zanzil's Seal
[2025-11-02T01:33:07.699Z] ⚠️ Unknown category for item 19893
[2025-11-02T01:33:10.700Z] 
🔍 Processing failed item 19905 (446/1103)
[2025-11-02T01:33:10.701Z] 🔄 Retry attempt 1/5 for item 19905
[2025-11-02T01:33:16.894Z] ✅ Successfully recovered item 19905: Zanzil's Band
[2025-11-02T01:33:16.895Z] ⚠️ Unknown category for item 19905
[2025-11-02T01:33:19.896Z] 
🔍 Processing failed item 20250 (447/1103)
[2025-11-02T01:33:19.897Z] 🔄 Retry attempt 1/5 for item 20250
[2025-11-02T01:33:26.086Z] ✅ Successfully recovered item 20250: 90 Green Warrior Ring
[2025-11-02T01:33:26.086Z] ⚠️ Unknown category for item 20250
[2025-11-02T01:33:29.087Z] 
🔍 Processing failed item 20290 (448/1103)
[2025-11-02T01:33:29.088Z] 🔄 Retry attempt 1/5 for item 20290
[2025-11-02T01:33:35.168Z] ✅ Successfully recovered item 20290: 63 Green Warrior Ring
[2025-11-02T01:33:35.169Z] ⚠️ Unknown category for item 20290
[2025-11-02T01:33:38.169Z] 
🔍 Processing failed item 20307 (449/1103)
[2025-11-02T01:33:38.169Z] 🔄 Retry attempt 1/5 for item 20307
[2025-11-02T01:33:44.249Z] ✅ Successfully recovered item 20307: 90 Green Rogue Ring
[2025-11-02T01:33:44.250Z] ⚠️ Unknown category for item 20307
[2025-11-02T01:33:47.250Z] 
🔍 Processing failed item 20321 (450/1103)
[2025-11-02T01:33:47.379Z] 🔒 Browser closed
[2025-11-02T01:33:47.379Z] 🚀 Initializing browser for retry processing...
[2025-11-02T01:33:47.802Z] ✅ Browser initialized
[2025-11-02T01:33:47.803Z] 🔄 Retry attempt 1/5 for item 20321
[2025-11-02T01:33:53.800Z] ✅ Successfully recovered item 20321: 63 Green Rogue Ring
[2025-11-02T01:33:53.801Z] ⚠️ Unknown category for item 20321
[2025-11-02T01:33:53.801Z] 💾 Saved 0 recovered weapons items to turtle_db/recovered-weapons.json
[2025-11-02T01:33:53.802Z] 💾 Saved 0 recovered armor items to turtle_db/recovered-armor.json
[2025-11-02T01:33:56.805Z] 
🔍 Processing failed item 20346 (451/1103)
[2025-11-02T01:33:56.806Z] 🔄 Retry attempt 1/5 for item 20346
[2025-11-02T01:34:02.765Z] ✅ Successfully recovered item 20346: 90 Green Frost Ring
[2025-11-02T01:34:02.766Z] ⚠️ Unknown category for item 20346
[2025-11-02T01:34:05.766Z] 
🔍 Processing failed item 20359 (452/1103)
[2025-11-02T01:34:05.767Z] 🔄 Retry attempt 1/5 for item 20359
[2025-11-02T01:34:11.896Z] ✅ Successfully recovered item 20359: 63 Green Frost Ring
[2025-11-02T01:34:11.897Z] ⚠️ Unknown category for item 20359
[2025-11-02T01:34:14.897Z] 
🔍 Processing failed item 29980 (453/1103)
[2025-11-02T01:34:14.898Z] 🔄 Retry attempt 1/5 for item 29980
[2025-11-02T01:34:20.992Z] ✅ Successfully recovered item 29980: Broken Stonemason's Guild Signet
[2025-11-02T01:34:20.993Z] ⚠️ Unknown category for item 29980
[2025-11-02T01:34:23.994Z] 
🔍 Processing failed item 41316 (454/1103)
[2025-11-02T01:34:23.995Z] 🔄 Retry attempt 1/5 for item 41316
[2025-11-02T01:34:30.084Z] ✅ Successfully recovered item 41316: Binding Signet
[2025-11-02T01:34:30.085Z] ⚠️ Unknown category for item 41316
[2025-11-02T01:34:33.085Z] 
🔍 Processing failed item 41348 (455/1103)
[2025-11-02T01:34:33.086Z] 🔄 Retry attempt 1/5 for item 41348
[2025-11-02T01:34:39.165Z] ✅ Successfully recovered item 41348: Band of Searing Ember
[2025-11-02T01:34:39.166Z] ⚠️ Unknown category for item 41348
[2025-11-02T01:34:42.167Z] 
🔍 Processing failed item 41566 (456/1103)
[2025-11-02T01:34:42.167Z] 🔄 Retry attempt 1/5 for item 41566
[2025-11-02T01:34:48.247Z] ✅ Successfully recovered item 41566: Webmaster's Ring
[2025-11-02T01:34:48.248Z] ⚠️ Unknown category for item 41566
[2025-11-02T01:34:51.248Z] 
🔍 Processing failed item 55158 (457/1103)
[2025-11-02T01:34:51.249Z] 🔄 Retry attempt 1/5 for item 55158
[2025-11-02T01:34:57.363Z] ✅ Successfully recovered item 55158: Bright Copper Ring
[2025-11-02T01:34:57.363Z] ⚠️ Unknown category for item 55158
[2025-11-02T01:35:00.365Z] 
🔍 Processing failed item 55166 (458/1103)
[2025-11-02T01:35:00.365Z] 🔄 Retry attempt 1/5 for item 55166
[2025-11-02T01:35:06.360Z] ✅ Successfully recovered item 55166: Amber Ring
[2025-11-02T01:35:06.361Z] ⚠️ Unknown category for item 55166
[2025-11-02T01:35:09.362Z] 
🔍 Processing failed item 55167 (459/1103)
[2025-11-02T01:35:09.363Z] 🔄 Retry attempt 1/5 for item 55167
[2025-11-02T01:35:15.456Z] ✅ Successfully recovered item 55167: Azure Ring
[2025-11-02T01:35:15.457Z] ⚠️ Unknown category for item 55167
[2025-11-02T01:35:18.458Z] 
🔍 Processing failed item 55218 (460/1103)
[2025-11-02T01:35:18.459Z] 🔄 Retry attempt 1/5 for item 55218
[2025-11-02T01:35:24.635Z] ✅ Successfully recovered item 55218: Vitrol Riddled Ember Band
[2025-11-02T01:35:24.635Z] ⚠️ Unknown category for item 55218
[2025-11-02T01:35:24.636Z] 💾 Saved 0 recovered weapons items to turtle_db/recovered-weapons.json
[2025-11-02T01:35:24.636Z] 💾 Saved 0 recovered armor items to turtle_db/recovered-armor.json
[2025-11-02T01:35:27.640Z] 
🔍 Processing failed item 55221 (461/1103)
[2025-11-02T01:35:27.641Z] 🔄 Retry attempt 1/5 for item 55221
[2025-11-02T01:35:33.735Z] ✅ Successfully recovered item 55221: Whispering Tides Band
[2025-11-02T01:35:33.736Z] ⚠️ Unknown category for item 55221
[2025-11-02T01:35:36.738Z] 
🔍 Processing failed item 55258 (462/1103)
[2025-11-02T01:35:36.738Z] 🔄 Retry attempt 1/5 for item 55258
[2025-11-02T01:35:42.834Z] ✅ Successfully recovered item 55258: Blue Starfire
[2025-11-02T01:35:42.835Z] ⚠️ Unknown category for item 55258
[2025-11-02T01:35:45.836Z] 
🔍 Processing failed item 55322 (463/1103)
[2025-11-02T01:35:45.837Z] 🔄 Retry attempt 1/5 for item 55322
[2025-11-02T01:35:51.928Z] ✅ Successfully recovered item 55322: Centaur Hoof Circlet
[2025-11-02T01:35:51.929Z] ⚠️ Unknown category for item 55322
[2025-11-02T01:35:54.931Z] 
🔍 Processing failed item 58097 (464/1103)
[2025-11-02T01:35:54.931Z] 🔄 Retry attempt 1/5 for item 58097
[2025-11-02T01:36:00.927Z] ✅ Successfully recovered item 58097: Tyrant General's Ring
[2025-11-02T01:36:00.927Z] ⚠️ Unknown category for item 58097
[2025-11-02T01:36:03.929Z] 
🔍 Processing failed item 58250 (465/1103)
[2025-11-02T01:36:03.930Z] 🔄 Retry attempt 1/5 for item 58250
[2025-11-02T01:36:10.021Z] ✅ Successfully recovered item 58250: 'Borrowed' Kul Tiran Signet
[2025-11-02T01:36:10.022Z] ⚠️ Unknown category for item 58250
[2025-11-02T01:36:13.024Z] 
🔍 Processing failed item 58290 (466/1103)
[2025-11-02T01:36:13.025Z] 🔄 Retry attempt 1/5 for item 58290
[2025-11-02T01:36:19.119Z] ✅ Successfully recovered item 58290: Watchtower Signet
[2025-11-02T01:36:19.120Z] ⚠️ Unknown category for item 58290
[2025-11-02T01:36:22.121Z] 
🔍 Processing failed item 58300 (467/1103)
[2025-11-02T01:36:22.122Z] 🔄 Retry attempt 1/5 for item 58300
[2025-11-02T01:36:28.350Z] ✅ Successfully recovered item 58300: Whispershard Ring
[2025-11-02T01:36:28.350Z] ⚠️ Unknown category for item 58300
[2025-11-02T01:36:31.351Z] 
🔍 Processing failed item 59994 (468/1103)
[2025-11-02T01:36:31.352Z] 🔄 Retry attempt 1/5 for item 59994
[2025-11-02T01:36:37.345Z] ✅ Successfully recovered item 59994: Brawler's Ring
[2025-11-02T01:36:37.345Z] ⚠️ Unknown category for item 59994
[2025-11-02T01:36:40.346Z] 
🔍 Processing failed item 61705 (469/1103)
[2025-11-02T01:36:40.347Z] 🔄 Retry attempt 1/5 for item 61705
[2025-11-02T01:36:46.440Z] ✅ Successfully recovered item 61705: Dreamwind Sigil
[2025-11-02T01:36:46.440Z] ⚠️ Unknown category for item 61705
[2025-11-02T01:36:49.441Z] 
🔍 Processing failed item 80839 (470/1103)
[2025-11-02T01:36:49.442Z] 🔄 Retry attempt 1/5 for item 80839
[2025-11-02T01:36:55.432Z] ✅ Successfully recovered item 80839: Frozen Obsidian Ring
[2025-11-02T01:36:55.432Z] ⚠️ Unknown category for item 80839
[2025-11-02T01:36:55.433Z] 💾 Saved 0 recovered weapons items to turtle_db/recovered-weapons.json
[2025-11-02T01:36:55.433Z] 💾 Saved 0 recovered armor items to turtle_db/recovered-armor.json
[2025-11-02T01:36:58.436Z] 
🔍 Processing failed item 82954 (471/1103)
[2025-11-02T01:36:58.437Z] 🔄 Retry attempt 1/5 for item 82954
[2025-11-02T01:37:04.519Z] ✅ Successfully recovered item 82954: Explorer's League Signet Ring
[2025-11-02T01:37:04.519Z] ⚠️ Unknown category for item 82954
[2025-11-02T01:37:07.520Z] 
🔍 Processing failed item 83243 (472/1103)
[2025-11-02T01:37:07.520Z] 🔄 Retry attempt 1/5 for item 83243
[2025-11-02T01:37:13.603Z] ✅ Successfully recovered item 83243: Freebooter's Loop
[2025-11-02T01:37:13.604Z] ⚠️ Unknown category for item 83243
[2025-11-02T01:37:16.605Z] 
🔍 Processing failed item 1449 (473/1103)
[2025-11-02T01:37:16.606Z] 🔄 Retry attempt 1/5 for item 1449
[2025-11-02T01:37:22.689Z] ✅ Successfully recovered item 1449: Minor Channeling Ring
[2025-11-02T01:37:22.689Z] ⚠️ Unknown category for item 1449
[2025-11-02T01:37:25.690Z] 
🔍 Processing failed item 4535 (474/1103)
[2025-11-02T01:37:25.691Z] 🔄 Retry attempt 1/5 for item 4535
[2025-11-02T01:37:31.772Z] ✅ Successfully recovered item 4535: Ironforge Memorial Ring
[2025-11-02T01:37:31.773Z] ⚠️ Unknown category for item 4535
[2025-11-02T01:37:34.774Z] 
🔍 Processing failed item 5001 (475/1103)
[2025-11-02T01:37:34.775Z] 🔄 Retry attempt 1/5 for item 5001
[2025-11-02T01:37:40.888Z] ✅ Successfully recovered item 5001: Heart Ring
[2025-11-02T01:37:40.888Z] ⚠️ Unknown category for item 5001
[2025-11-02T01:37:43.890Z] 
🔍 Processing failed item 5009 (476/1103)
[2025-11-02T01:37:43.890Z] 🔄 Retry attempt 1/5 for item 5009
[2025-11-02T01:37:49.995Z] ✅ Successfully recovered item 5009: Mindbender Loop
[2025-11-02T01:37:49.996Z] ⚠️ Unknown category for item 5009
[2025-11-02T01:37:52.997Z] 
🔍 Processing failed item 5010 (477/1103)
[2025-11-02T01:37:52.997Z] 🔄 Retry attempt 1/5 for item 5010
[2025-11-02T01:37:59.091Z] ✅ Successfully recovered item 5010: Inscribed Gold Ring
[2025-11-02T01:37:59.091Z] ⚠️ Unknown category for item 5010
[2025-11-02T01:38:02.092Z] 
🔍 Processing failed item 6748 (478/1103)
[2025-11-02T01:38:02.093Z] 🔄 Retry attempt 1/5 for item 6748
[2025-11-02T01:38:08.269Z] ✅ Successfully recovered item 6748: Monkey Ring
[2025-11-02T01:38:08.270Z] ⚠️ Unknown category for item 6748
[2025-11-02T01:38:11.271Z] 
🔍 Processing failed item 7497 (479/1103)
[2025-11-02T01:38:11.271Z] 🔄 Retry attempt 1/5 for item 7497
[2025-11-02T01:38:17.350Z] ✅ Successfully recovered item 7497: Ivory Band
[2025-11-02T01:38:17.350Z] ⚠️ Unknown category for item 7497
[2025-11-02T01:38:20.352Z] 
🔍 Processing failed item 10298 (480/1103)
[2025-11-02T01:38:20.352Z] 🔄 Retry attempt 1/5 for item 10298
[2025-11-02T01:38:26.471Z] ✅ Successfully recovered item 10298: Gnomeregan Band
[2025-11-02T01:38:26.472Z] ⚠️ Unknown category for item 10298
[2025-11-02T01:38:26.473Z] 💾 Saved 0 recovered weapons items to turtle_db/recovered-weapons.json
[2025-11-02T01:38:26.473Z] 💾 Saved 0 recovered armor items to turtle_db/recovered-armor.json
[2025-11-02T01:38:29.478Z] 
🔍 Processing failed item 10780 (481/1103)
[2025-11-02T01:38:29.479Z] 🔄 Retry attempt 1/5 for item 10780
[2025-11-02T01:38:35.567Z] ✅ Successfully recovered item 10780: Mark of Hakkar
[2025-11-02T01:38:35.567Z] ⚠️ Unknown category for item 10780
[2025-11-02T01:38:38.568Z] 
🔍 Processing failed item 11969 (482/1103)
[2025-11-02T01:38:38.569Z] 🔄 Retry attempt 1/5 for item 11969
[2025-11-02T01:38:55.741Z] ✅ Successfully recovered item 11969: Jacinth Circle
[2025-11-02T01:38:55.741Z] ⚠️ Unknown category for item 11969
[2025-11-02T01:38:58.742Z] 
🔍 Processing failed item 11973 (483/1103)
[2025-11-02T01:38:58.742Z] 🔄 Retry attempt 1/5 for item 11973
[2025-11-02T01:39:04.677Z] ✅ Successfully recovered item 11973: Hematite Link
[2025-11-02T01:39:04.677Z] ⚠️ Unknown category for item 11973
[2025-11-02T01:39:07.678Z] 
🔍 Processing failed item 11978 (484/1103)
[2025-11-02T01:39:07.679Z] 🔄 Retry attempt 1/5 for item 11978
[2025-11-02T01:39:13.395Z] ✅ Successfully recovered item 11978: Jasper Link
[2025-11-02T01:39:13.395Z] ⚠️ Unknown category for item 11978
[2025-11-02T01:39:16.396Z] 
🔍 Processing failed item 11981 (485/1103)
[2025-11-02T01:39:16.397Z] 🔄 Retry attempt 1/5 for item 11981
[2025-11-02T01:39:22.557Z] ✅ Successfully recovered item 11981: Lead Band
[2025-11-02T01:39:22.558Z] ⚠️ Unknown category for item 11981
[2025-11-02T01:39:25.559Z] 
🔍 Processing failed item 11987 (486/1103)
[2025-11-02T01:39:25.560Z] 🔄 Retry attempt 1/5 for item 11987
[2025-11-02T01:39:31.677Z] ✅ Successfully recovered item 11987: Iridium Circle
[2025-11-02T01:39:31.678Z] ⚠️ Unknown category for item 11987
[2025-11-02T01:39:34.679Z] 
🔍 Processing failed item 11995 (487/1103)
[2025-11-02T01:39:34.680Z] 🔄 Retry attempt 1/5 for item 11995
[2025-11-02T01:39:40.793Z] ✅ Successfully recovered item 11995: Ivory Band
[2025-11-02T01:39:40.793Z] ⚠️ Unknown category for item 11995
[2025-11-02T01:39:43.794Z] 
🔍 Processing failed item 11997 (488/1103)
[2025-11-02T01:39:43.795Z] 🔄 Retry attempt 1/5 for item 11997
[2025-11-02T01:39:49.915Z] ✅ Successfully recovered item 11997: Greenstone Circle
[2025-11-02T01:39:49.916Z] ⚠️ Unknown category for item 11997
[2025-11-02T01:39:52.917Z] 
🔍 Processing failed item 11998 (489/1103)
[2025-11-02T01:39:52.917Z] 🔄 Retry attempt 1/5 for item 11998
[2025-11-02T01:39:59.049Z] ✅ Successfully recovered item 11998: Jet Loop
[2025-11-02T01:39:59.051Z] ⚠️ Unknown category for item 11998
[2025-11-02T01:40:02.052Z] 
🔍 Processing failed item 11999 (490/1103)
[2025-11-02T01:40:02.052Z] 🔄 Retry attempt 1/5 for item 11999
[2025-11-02T01:40:08.172Z] ✅ Successfully recovered item 11999: Lodestone Hoop
[2025-11-02T01:40:08.172Z] ⚠️ Unknown category for item 11999
[2025-11-02T01:40:08.172Z] 💾 Saved 0 recovered weapons items to turtle_db/recovered-weapons.json
[2025-11-02T01:40:08.172Z] 💾 Saved 0 recovered armor items to turtle_db/recovered-armor.json
[2025-11-02T01:40:11.176Z] 
🔍 Processing failed item 12002 (491/1103)
[2025-11-02T01:40:11.176Z] 🔄 Retry attempt 1/5 for item 12002
[2025-11-02T01:40:17.293Z] ✅ Successfully recovered item 12002: Marble Circle
[2025-11-02T01:40:17.293Z] ⚠️ Unknown category for item 12002
[2025-11-02T01:40:20.294Z] 
🔍 Processing failed item 12005 (492/1103)
[2025-11-02T01:40:20.295Z] 🔄 Retry attempt 1/5 for item 12005
[2025-11-02T01:40:26.396Z] ✅ Successfully recovered item 12005: Granite Ring
[2025-11-02T01:40:26.397Z] ⚠️ Unknown category for item 12005
[2025-11-02T01:40:29.399Z] 
🔍 Processing failed item 12006 (493/1103)
[2025-11-02T01:40:29.399Z] 🔄 Retry attempt 1/5 for item 12006
[2025-11-02T01:40:35.510Z] ✅ Successfully recovered item 12006: Meadow Ring
[2025-11-02T01:40:35.511Z] ⚠️ Unknown category for item 12006
[2025-11-02T01:40:38.511Z] 
🔍 Processing failed item 12012 (494/1103)
[2025-11-02T01:40:38.511Z] 🔄 Retry attempt 1/5 for item 12012
[2025-11-02T01:40:44.624Z] ✅ Successfully recovered item 12012: Marsh Ring
[2025-11-02T01:40:44.625Z] ⚠️ Unknown category for item 12012
[2025-11-02T01:40:47.626Z] 
🔍 Processing failed item 12016 (495/1103)
[2025-11-02T01:40:47.627Z] 🔄 Retry attempt 1/5 for item 12016
[2025-11-02T01:40:53.620Z] ✅ Successfully recovered item 12016: Jungle Ring
[2025-11-02T01:40:53.620Z] ⚠️ Unknown category for item 12016
[2025-11-02T01:40:56.621Z] 
🔍 Processing failed item 12038 (496/1103)
[2025-11-02T01:40:56.622Z] 🔄 Retry attempt 1/5 for item 12038
[2025-11-02T01:41:02.735Z] ✅ Successfully recovered item 12038: Lagrave's Seal
[2025-11-02T01:41:02.736Z] ⚠️ Unknown category for item 12038
[2025-11-02T01:41:05.737Z] 
🔍 Processing failed item 15467 (497/1103)
[2025-11-02T01:41:05.738Z] 🔄 Retry attempt 1/5 for item 15467
[2025-11-02T01:41:11.793Z] ✅ Successfully recovered item 15467: Inventor's League Ring
[2025-11-02T01:41:11.794Z] ⚠️ Unknown category for item 15467
[2025-11-02T01:41:14.795Z] 
🔍 Processing failed item 17692 (498/1103)
[2025-11-02T01:41:14.796Z] 🔄 Retry attempt 1/5 for item 17692
[2025-11-02T01:41:20.884Z] ✅ Successfully recovered item 17692: Horn Ring
[2025-11-02T01:41:20.884Z] ⚠️ Unknown category for item 17692
[2025-11-02T01:41:23.885Z] 
🔍 Processing failed item 18464 (499/1103)
[2025-11-02T01:41:23.886Z] 🔄 Retry attempt 1/5 for item 18464
[2025-11-02T01:41:29.887Z] ✅ Successfully recovered item 18464: Gordok Nose Ring
[2025-11-02T01:41:29.888Z] ⚠️ Unknown category for item 18464
[2025-11-02T01:41:32.889Z] 
🔍 Processing failed item 18674 (500/1103)
[2025-11-02T01:41:32.979Z] 🔒 Browser closed
[2025-11-02T01:41:32.979Z] 🚀 Initializing browser for retry processing...
[2025-11-02T01:41:33.389Z] ✅ Browser initialized
[2025-11-02T01:41:33.389Z] 🔄 Retry attempt 1/5 for item 18674
[2025-11-02T01:41:39.383Z] ✅ Successfully recovered item 18674: Hardened Stone Band
[2025-11-02T01:41:39.383Z] ⚠️ Unknown category for item 18674
[2025-11-02T01:41:39.384Z] 💾 Saved 0 recovered weapons items to turtle_db/recovered-weapons.json
[2025-11-02T01:41:39.384Z] 💾 Saved 0 recovered armor items to turtle_db/recovered-armor.json
[2025-11-02T01:41:42.389Z] 
🔍 Processing failed item 41342 (501/1103)
[2025-11-02T01:41:42.390Z] 🔄 Retry attempt 1/5 for item 41342
[2025-11-02T01:41:48.370Z] ✅ Successfully recovered item 41342: Ironbloom Ring
[2025-11-02T01:41:48.371Z] ⚠️ Unknown category for item 41342
[2025-11-02T01:41:51.371Z] 
🔍 Processing failed item 41346 (502/1103)
[2025-11-02T01:41:51.372Z] 🔄 Retry attempt 1/5 for item 41346
[2025-11-02T01:41:57.455Z] ✅ Successfully recovered item 41346: Greater Binding Signet
[2025-11-02T01:41:57.455Z] ⚠️ Unknown category for item 41346
[2025-11-02T01:42:00.457Z] 
🔍 Processing failed item 51760 (503/1103)
[2025-11-02T01:42:00.458Z] 🔄 Retry attempt 1/5 for item 51760
[2025-11-02T01:42:06.548Z] ✅ Successfully recovered item 51760: Marksman's Band
[2025-11-02T01:42:06.549Z] ⚠️ Unknown category for item 51760
[2025-11-02T01:42:09.550Z] 
🔍 Processing failed item 51856 (504/1103)
[2025-11-02T01:42:09.550Z] 🔄 Retry attempt 1/5 for item 51856
[2025-11-02T01:42:15.628Z] ✅ Successfully recovered item 51856: Gold Ring
[2025-11-02T01:42:15.628Z] ⚠️ Unknown category for item 51856
[2025-11-02T01:42:18.630Z] 
🔍 Processing failed item 55141 (505/1103)
[2025-11-02T01:42:18.630Z] 🔄 Retry attempt 1/5 for item 55141
[2025-11-02T01:42:24.722Z] ✅ Successfully recovered item 55141: Ironsun Citrine Ring
[2025-11-02T01:42:24.722Z] ⚠️ Unknown category for item 55141
[2025-11-02T01:42:27.724Z] 
🔍 Processing failed item 55143 (506/1103)
[2025-11-02T01:42:27.725Z] 🔄 Retry attempt 1/5 for item 55143
[2025-11-02T01:42:33.817Z] ✅ Successfully recovered item 55143: Jade Harmony Circlet
[2025-11-02T01:42:33.817Z] ⚠️ Unknown category for item 55143
[2025-11-02T01:42:36.818Z] 
🔍 Processing failed item 55160 (507/1103)
[2025-11-02T01:42:36.818Z] 🔄 Retry attempt 1/5 for item 55160
[2025-11-02T01:42:42.949Z] ✅ Successfully recovered item 55160: Inlaid Copper Ring
[2025-11-02T01:42:42.950Z] ⚠️ Unknown category for item 55160
[2025-11-02T01:42:45.951Z] 
🔍 Processing failed item 55162 (508/1103)
[2025-11-02T01:42:45.951Z] 🔄 Retry attempt 1/5 for item 55162
[2025-11-02T01:42:51.946Z] ✅ Successfully recovered item 55162: Lesser Fortification Ring
[2025-11-02T01:42:51.946Z] ⚠️ Unknown category for item 55162
[2025-11-02T01:42:54.947Z] 
🔍 Processing failed item 55164 (509/1103)
[2025-11-02T01:42:54.947Z] 🔄 Retry attempt 1/5 for item 55164
[2025-11-02T01:43:01.026Z] ✅ Successfully recovered item 55164: Minor Trollblood Ring
[2025-11-02T01:43:01.027Z] ⚠️ Unknown category for item 55164
[2025-11-02T01:43:04.028Z] 
🔍 Processing failed item 55220 (510/1103)
[2025-11-02T01:43:04.028Z] 🔄 Retry attempt 1/5 for item 55220
[2025-11-02T01:43:10.024Z] ✅ Successfully recovered item 55220: Mariner's Aquamarine Ring
[2025-11-02T01:43:10.024Z] ⚠️ Unknown category for item 55220
[2025-11-02T01:43:10.024Z] 💾 Saved 0 recovered weapons items to turtle_db/recovered-weapons.json
[2025-11-02T01:43:10.025Z] 💾 Saved 0 recovered armor items to turtle_db/recovered-armor.json
[2025-11-02T01:43:13.029Z] 
🔍 Processing failed item 55232 (511/1103)
[2025-11-02T01:43:13.030Z] 🔄 Retry attempt 1/5 for item 55232
[2025-11-02T01:43:19.106Z] ✅ Successfully recovered item 55232: Moonlit Band
[2025-11-02T01:43:19.107Z] ⚠️ Unknown category for item 55232
[2025-11-02T01:43:22.108Z] 
🔍 Processing failed item 55235 (512/1103)
[2025-11-02T01:43:22.109Z] 🔄 Retry attempt 1/5 for item 55235
[2025-11-02T01:43:28.192Z] ✅ Successfully recovered item 55235: Moon's Embrace Band
[2025-11-02T01:43:28.192Z] ⚠️ Unknown category for item 55235
[2025-11-02T01:43:31.194Z] 
🔍 Processing failed item 55264 (513/1103)
[2025-11-02T01:43:31.195Z] 🔄 Retry attempt 1/5 for item 55264
[2025-11-02T01:43:37.189Z] ✅ Successfully recovered item 55264: Massive Jewel Circlet
[2025-11-02T01:43:37.190Z] ⚠️ Unknown category for item 55264
[2025-11-02T01:43:40.191Z] 
🔍 Processing failed item 55321 (514/1103)
[2025-11-02T01:43:40.192Z] 🔄 Retry attempt 1/5 for item 55321
[2025-11-02T01:43:46.293Z] ✅ Successfully recovered item 55321: Harpy Talon Ring
[2025-11-02T01:43:46.294Z] ⚠️ Unknown category for item 55321
[2025-11-02T01:43:49.295Z] 
🔍 Processing failed item 55325 (515/1103)
[2025-11-02T01:43:49.295Z] 🔄 Retry attempt 1/5 for item 55325
[2025-11-02T01:43:55.374Z] ✅ Successfully recovered item 55325: Marine's Demise
[2025-11-02T01:43:55.374Z] ⚠️ Unknown category for item 55325
[2025-11-02T01:43:58.375Z] 
🔍 Processing failed item 58023 (516/1103)
[2025-11-02T01:43:58.375Z] 🔄 Retry attempt 1/5 for item 58023
[2025-11-02T01:44:04.506Z] ✅ Successfully recovered item 58023: Loop of the Assassin
[2025-11-02T01:44:04.507Z] ⚠️ Unknown category for item 58023
[2025-11-02T01:44:07.508Z] 
🔍 Processing failed item 58062 (517/1103)
[2025-11-02T01:44:07.509Z] 🔄 Retry attempt 1/5 for item 58062
[2025-11-02T01:44:13.603Z] ✅ Successfully recovered item 58062: Half-dissolved Wedding Ring
[2025-11-02T01:44:13.603Z] ⚠️ Unknown category for item 58062
[2025-11-02T01:44:16.603Z] 
🔍 Processing failed item 58068 (518/1103)
[2025-11-02T01:44:16.604Z] 🔄 Retry attempt 1/5 for item 58068
[2025-11-02T01:44:22.779Z] ✅ Successfully recovered item 58068: Goblin Nose Ring
[2025-11-02T01:44:22.780Z] ⚠️ Unknown category for item 58068
[2025-11-02T01:44:25.781Z] 
🔍 Processing failed item 60187 (519/1103)
[2025-11-02T01:44:25.782Z] 🔄 Retry attempt 1/5 for item 60187
[2025-11-02T01:44:31.882Z] ✅ Successfully recovered item 60187: Jorgy's Golden Ear-Ring
[2025-11-02T01:44:31.884Z] ⚠️ Unknown category for item 60187
[2025-11-02T01:44:34.885Z] 
🔍 Processing failed item 22658 (520/1103)
[2025-11-02T01:44:34.886Z] 🔄 Retry attempt 1/5 for item 22658
[2025-11-02T01:44:40.979Z] ✅ Successfully recovered item 22658: Glacial Cloak
[2025-11-02T01:44:40.980Z] ⚠️ Unknown category for item 22658
[2025-11-02T01:44:40.980Z] 💾 Saved 0 recovered weapons items to turtle_db/recovered-weapons.json
[2025-11-02T01:44:40.981Z] 💾 Saved 0 recovered armor items to turtle_db/recovered-armor.json
[2025-11-02T01:44:43.985Z] 
🔍 Processing failed item 22731 (521/1103)
[2025-11-02T01:44:43.986Z] 🔄 Retry attempt 1/5 for item 22731
[2025-11-02T01:44:50.082Z] ✅ Successfully recovered item 22731: Cloak of the Devoured
[2025-11-02T01:44:50.082Z] ⚠️ Unknown category for item 22731
[2025-11-02T01:44:53.083Z] 
🔍 Processing failed item 22938 (522/1103)
[2025-11-02T01:44:53.083Z] 🔄 Retry attempt 1/5 for item 22938
[2025-11-02T01:44:59.164Z] ✅ Successfully recovered item 22938: Cryptfiend Silk Cloak
[2025-11-02T01:44:59.165Z] ⚠️ Unknown category for item 22938
[2025-11-02T01:45:02.166Z] 
🔍 Processing failed item 22960 (523/1103)
[2025-11-02T01:45:02.167Z] 🔄 Retry attempt 1/5 for item 22960
[2025-11-02T01:45:08.247Z] ✅ Successfully recovered item 22960: Cloak of Suturing
[2025-11-02T01:45:08.248Z] ⚠️ Unknown category for item 22960
[2025-11-02T01:45:11.249Z] 
🔍 Processing failed item 23030 (524/1103)
[2025-11-02T01:45:11.250Z] 🔄 Retry attempt 1/5 for item 23030
[2025-11-02T01:45:17.330Z] ✅ Successfully recovered item 23030: Cloak of the Scourge
[2025-11-02T01:45:17.331Z] ⚠️ Unknown category for item 23030
[2025-11-02T01:45:20.332Z] 
🔍 Processing failed item 23050 (525/1103)
[2025-11-02T01:45:20.333Z] 🔄 Retry attempt 1/5 for item 23050
[2025-11-02T01:45:26.425Z] ✅ Successfully recovered item 23050: Cloak of the Necropolis
[2025-11-02T01:45:26.426Z] ⚠️ Unknown category for item 23050
[2025-11-02T01:45:29.427Z] 
🔍 Processing failed item 51730 (526/1103)
[2025-11-02T01:45:29.428Z] 🔄 Retry attempt 1/5 for item 51730
[2025-11-02T01:45:35.506Z] ✅ Successfully recovered item 51730: Shawl of Nerubian Silk
[2025-11-02T01:45:35.507Z] ⚠️ Unknown category for item 51730
[2025-11-02T01:45:38.508Z] 
🔍 Processing failed item 51733 (527/1103)
[2025-11-02T01:45:38.509Z] 🔄 Retry attempt 1/5 for item 51733
[2025-11-02T01:45:44.590Z] ✅ Successfully recovered item 51733: Shadow-Weaver's Cape
[2025-11-02T01:45:44.591Z] ⚠️ Unknown category for item 51733
[2025-11-02T01:45:47.591Z] 
🔍 Processing failed item 61492 (528/1103)
[2025-11-02T01:45:47.593Z] 🔄 Retry attempt 1/5 for item 61492
[2025-11-02T01:45:53.587Z] ✅ Successfully recovered item 61492: Fisherman's Shawl
[2025-11-02T01:45:53.588Z] ⚠️ Unknown category for item 61492
[2025-11-02T01:45:56.589Z] 
🔍 Processing failed item 61622 (529/1103)
[2025-11-02T01:45:56.590Z] 🔄 Retry attempt 1/5 for item 61622
[2025-11-02T01:46:02.684Z] ✅ Successfully recovered item 61622: Glaymore Shawl
[2025-11-02T01:46:02.684Z] ⚠️ Unknown category for item 61622
[2025-11-02T01:46:05.686Z] 
🔍 Processing failed item 61736 (530/1103)
[2025-11-02T01:46:05.687Z] 🔄 Retry attempt 1/5 for item 61736
[2025-11-02T01:46:11.679Z] ✅ Successfully recovered item 61736: Horse Rustler Drape
[2025-11-02T01:46:11.679Z] ⚠️ Unknown category for item 61736
[2025-11-02T01:46:11.679Z] 💾 Saved 0 recovered weapons items to turtle_db/recovered-weapons.json
[2025-11-02T01:46:11.680Z] 💾 Saved 0 recovered armor items to turtle_db/recovered-armor.json
[2025-11-02T01:46:14.683Z] 
🔍 Processing failed item 1190 (531/1103)
[2025-11-02T01:46:14.684Z] 🔄 Retry attempt 1/5 for item 1190
[2025-11-02T01:46:20.776Z] ✅ Successfully recovered item 1190: Overseer's Cloak
[2025-11-02T01:46:20.777Z] ⚠️ Unknown category for item 1190
[2025-11-02T01:46:23.778Z] 
🔍 Processing failed item 3449 (532/1103)
[2025-11-02T01:46:23.778Z] 🔄 Retry attempt 1/5 for item 3449
[2025-11-02T01:46:29.776Z] ✅ Successfully recovered item 3449: Mystic Shawl
[2025-11-02T01:46:29.777Z] ⚠️ Unknown category for item 3449
[2025-11-02T01:46:32.778Z] 
🔍 Processing failed item 4113 (533/1103)
[2025-11-02T01:46:32.779Z] 🔄 Retry attempt 1/5 for item 4113
[2025-11-02T01:46:38.603Z] ✅ Successfully recovered item 4113: Medicine Blanket
[2025-11-02T01:46:38.604Z] ⚠️ Unknown category for item 4113
[2025-11-02T01:46:41.605Z] 
🔍 Processing failed item 4326 (534/1103)
[2025-11-02T01:46:41.606Z] 🔄 Retry attempt 1/5 for item 4326
[2025-11-02T01:46:47.697Z] ✅ Successfully recovered item 4326: Long Silken Cloak
[2025-11-02T01:46:47.698Z] ⚠️ Unknown category for item 4326
[2025-11-02T01:46:50.699Z] 
🔍 Processing failed item 4701 (535/1103)
[2025-11-02T01:46:50.699Z] 🔄 Retry attempt 1/5 for item 4701
[2025-11-02T01:46:56.817Z] ✅ Successfully recovered item 4701: Inscribed Cloak
[2025-11-02T01:46:56.818Z] ⚠️ Unknown category for item 4701
[2025-11-02T01:46:59.819Z] 
🔍 Processing failed item 4706 (536/1103)
[2025-11-02T01:46:59.819Z] 🔄 Retry attempt 1/5 for item 4706
[2025-11-02T01:47:05.813Z] ✅ Successfully recovered item 4706: Lambent Scale Cloak
[2025-11-02T01:47:05.813Z] ⚠️ Unknown category for item 4706
[2025-11-02T01:47:08.815Z] 
🔍 Processing failed item 4719 (537/1103)
[2025-11-02T01:47:08.815Z] 🔄 Retry attempt 1/5 for item 4719
[2025-11-02T01:47:14.927Z] ✅ Successfully recovered item 4719: Nightsky Cloak
[2025-11-02T01:47:14.928Z] ⚠️ Unknown category for item 4719
[2025-11-02T01:47:17.929Z] 
🔍 Processing failed item 4722 (538/1103)
[2025-11-02T01:47:17.930Z] 🔄 Retry attempt 1/5 for item 4722
[2025-11-02T01:47:23.947Z] ✅ Successfully recovered item 4722: Insignia Cloak
[2025-11-02T01:47:23.948Z] ⚠️ Unknown category for item 4722
[2025-11-02T01:47:26.949Z] 
🔍 Processing failed item 4735 (539/1103)
[2025-11-02T01:47:26.950Z] 🔄 Retry attempt 1/5 for item 4735
[2025-11-02T01:47:33.039Z] ✅ Successfully recovered item 4735: Mistscape Cloak
[2025-11-02T01:47:33.040Z] ⚠️ Unknown category for item 4735
[2025-11-02T01:47:36.041Z] 
🔍 Processing failed item 4790 (540/1103)
[2025-11-02T01:47:36.041Z] 🔄 Retry attempt 1/5 for item 4790
[2025-11-02T01:47:42.068Z] ✅ Successfully recovered item 4790: Inferno Cloak
[2025-11-02T01:47:42.068Z] ⚠️ Unknown category for item 4790
[2025-11-02T01:47:42.069Z] 💾 Saved 0 recovered weapons items to turtle_db/recovered-weapons.json
[2025-11-02T01:47:42.069Z] 💾 Saved 0 recovered armor items to turtle_db/recovered-armor.json
[2025-11-02T01:47:45.074Z] 
🔍 Processing failed item 5444 (541/1103)
[2025-11-02T01:47:45.074Z] 🔄 Retry attempt 1/5 for item 5444
[2025-11-02T01:47:51.127Z] ✅ Successfully recovered item 5444: Miner's Cape
[2025-11-02T01:47:51.128Z] ⚠️ Unknown category for item 5444
[2025-11-02T01:47:54.129Z] 
🔍 Processing failed item 5542 (542/1103)
[2025-11-02T01:47:54.130Z] 🔄 Retry attempt 1/5 for item 5542
[2025-11-02T01:48:00.163Z] ✅ Successfully recovered item 5542: Pearl-clasped Cloak
[2025-11-02T01:48:00.164Z] ⚠️ Unknown category for item 5542
[2025-11-02T01:48:03.165Z] 
🔍 Processing failed item 6751 (543/1103)
[2025-11-02T01:48:03.166Z] 🔄 Retry attempt 1/5 for item 6751
[2025-11-02T01:48:09.223Z] ✅ Successfully recovered item 6751: Mourning Shawl
[2025-11-02T01:48:09.224Z] ⚠️ Unknown category for item 6751
[2025-11-02T01:48:12.228Z] 
🔍 Processing failed item 7411 (544/1103)
[2025-11-02T01:48:12.228Z] 🔄 Retry attempt 1/5 for item 7411
[2025-11-02T01:48:18.343Z] ✅ Successfully recovered item 7411: Infiltrator Cloak
[2025-11-02T01:48:18.344Z] ⚠️ Unknown category for item 7411
[2025-11-02T01:48:21.345Z] 
🔍 Processing failed item 7419 (545/1103)
[2025-11-02T01:48:21.345Z] 🔄 Retry attempt 1/5 for item 7419
[2025-11-02T01:48:27.459Z] ✅ Successfully recovered item 7419: Phalanx Cloak
[2025-11-02T01:48:27.460Z] ⚠️ Unknown category for item 7419
[2025-11-02T01:48:30.461Z] 
🔍 Processing failed item 7460 (546/1103)
[2025-11-02T01:48:30.461Z] 🔄 Retry attempt 1/5 for item 7460
[2025-11-02T01:48:36.559Z] ✅ Successfully recovered item 7460: Knight's Cloak
[2025-11-02T01:48:36.560Z] ⚠️ Unknown category for item 7460
[2025-11-02T01:48:39.561Z] 
🔍 Processing failed item 8127 (547/1103)
[2025-11-02T01:48:39.562Z] 🔄 Retry attempt 1/5 for item 8127
[2025-11-02T01:48:57.973Z] ✅ Successfully recovered item 8127: Myrmidon's Cape
[2025-11-02T01:48:57.974Z] ⚠️ Unknown category for item 8127
[2025-11-02T01:49:00.975Z] 
🔍 Processing failed item 8195 (548/1103)
[2025-11-02T01:49:00.976Z] 🔄 Retry attempt 1/5 for item 8195
[2025-11-02T01:49:07.117Z] ✅ Successfully recovered item 8195: Nightscape Cloak
[2025-11-02T01:49:07.117Z] ⚠️ Unknown category for item 8195
[2025-11-02T01:49:10.119Z] 
🔍 Processing failed item 9635 (549/1103)
[2025-11-02T01:49:10.120Z] 🔄 Retry attempt 1/5 for item 9635
[2025-11-02T01:49:16.218Z] ✅ Successfully recovered item 9635: Master Apothecary Cape
[2025-11-02T01:49:16.219Z] ⚠️ Unknown category for item 9635
[2025-11-02T01:49:19.220Z] 
🔍 Processing failed item 9794 (550/1103)
[2025-11-02T01:49:19.345Z] 🔒 Browser closed
[2025-11-02T01:49:19.345Z] 🚀 Initializing browser for retry processing...
[2025-11-02T01:49:19.829Z] ✅ Browser initialized
[2025-11-02T01:49:19.830Z] 🔄 Retry attempt 1/5 for item 9794
[2025-11-02T01:49:25.811Z] ✅ Successfully recovered item 9794: Ivycloth Cloak
[2025-11-02T01:49:25.811Z] ⚠️ Unknown category for item 9794
[2025-11-02T01:49:25.812Z] 💾 Saved 0 recovered weapons items to turtle_db/recovered-weapons.json
[2025-11-02T01:49:25.812Z] 💾 Saved 0 recovered armor items to turtle_db/recovered-armor.json
[2025-11-02T01:49:28.816Z] 
🔍 Processing failed item 9898 (551/1103)
[2025-11-02T01:49:28.817Z] 🔄 Retry attempt 1/5 for item 9898
[2025-11-02T01:49:34.800Z] ✅ Successfully recovered item 9898: Jazeraint Cloak
[2025-11-02T01:49:34.801Z] ⚠️ Unknown category for item 9898
[2025-11-02T01:49:37.802Z] 
🔍 Processing failed item 10079 (552/1103)
[2025-11-02T01:49:37.803Z] 🔄 Retry attempt 1/5 for item 10079
[2025-11-02T01:49:58.261Z] ✅ Successfully recovered item 10079: Lord's Cape
[2025-11-02T01:49:58.262Z] ⚠️ Unknown category for item 10079
[2025-11-02T01:50:01.263Z] 
🔍 Processing failed item 10120 (553/1103)
[2025-11-02T01:50:01.264Z] 🔄 Retry attempt 1/5 for item 10120
[2025-11-02T01:50:22.490Z] ✅ Successfully recovered item 10120: Ornate Cloak
[2025-11-02T01:50:22.491Z] ⚠️ Unknown category for item 10120
[2025-11-02T01:50:25.493Z] 
🔍 Processing failed item 10148 (554/1103)
[2025-11-02T01:50:25.493Z] 🔄 Retry attempt 1/5 for item 10148
[2025-11-02T01:50:31.670Z] ✅ Successfully recovered item 10148: Mighty Cloak
[2025-11-02T01:50:31.670Z] ⚠️ Unknown category for item 10148
[2025-11-02T01:50:34.672Z] 
🔍 Processing failed item 10159 (555/1103)
[2025-11-02T01:50:34.672Z] 🔄 Retry attempt 1/5 for item 10159
[2025-11-02T01:50:40.794Z] ✅ Successfully recovered item 10159: Mercurial Cloak
[2025-11-02T01:50:40.795Z] ⚠️ Unknown category for item 10159
[2025-11-02T01:50:43.796Z] 
🔍 Processing failed item 10174 (556/1103)
[2025-11-02T01:50:43.797Z] 🔄 Retry attempt 1/5 for item 10174
[2025-11-02T01:50:49.919Z] ✅ Successfully recovered item 10174: Mystical Cape
[2025-11-02T01:50:49.920Z] ⚠️ Unknown category for item 10174
[2025-11-02T01:50:52.922Z] 
🔍 Processing failed item 10224 (557/1103)
[2025-11-02T01:50:52.922Z] 🔄 Retry attempt 1/5 for item 10224
[2025-11-02T01:50:59.086Z] ✅ Successfully recovered item 10224: Nightshade Cloak
[2025-11-02T01:50:59.087Z] ⚠️ Unknown category for item 10224
[2025-11-02T01:51:02.088Z] 
🔍 Processing failed item 10249 (558/1103)
[2025-11-02T01:51:02.089Z] 🔄 Retry attempt 1/5 for item 10249
[2025-11-02T01:51:08.200Z] ✅ Successfully recovered item 10249: Master's Cloak
[2025-11-02T01:51:08.201Z] ⚠️ Unknown category for item 10249
[2025-11-02T01:51:11.201Z] 
🔍 Processing failed item 10267 (559/1103)
[2025-11-02T01:51:11.202Z] 🔄 Retry attempt 1/5 for item 10267
[2025-11-02T01:51:17.296Z] ✅ Successfully recovered item 10267: Masterwork Cape
[2025-11-02T01:51:17.296Z] ⚠️ Unknown category for item 10267
[2025-11-02T01:51:20.297Z] 
🔍 Processing failed item 10518 (560/1103)
[2025-11-02T01:51:20.297Z] 🔄 Retry attempt 1/5 for item 10518
[2025-11-02T01:51:26.376Z] ✅ Successfully recovered item 10518: Parachute Cloak
[2025-11-02T01:51:26.376Z] ⚠️ Unknown category for item 10518
[2025-11-02T01:51:26.377Z] 💾 Saved 0 recovered weapons items to turtle_db/recovered-weapons.json
[2025-11-02T01:51:26.377Z] 💾 Saved 0 recovered armor items to turtle_db/recovered-armor.json
[2025-11-02T01:51:29.380Z] 
🔍 Processing failed item 10638 (561/1103)
[2025-11-02T01:51:29.380Z] 🔄 Retry attempt 1/5 for item 10638
[2025-11-02T01:51:35.460Z] ✅ Successfully recovered item 10638: Long Draping Cape
[2025-11-02T01:51:35.460Z] ⚠️ Unknown category for item 10638
[2025-11-02T01:51:38.461Z] 
🔍 Processing failed item 14161 (562/1103)
[2025-11-02T01:51:38.461Z] 🔄 Retry attempt 1/5 for item 14161
[2025-11-02T01:51:44.458Z] ✅ Successfully recovered item 14161: Pagan Cape
[2025-11-02T01:51:44.458Z] ⚠️ Unknown category for item 14161
[2025-11-02T01:51:47.459Z] 
🔍 Processing failed item 14251 (563/1103)
[2025-11-02T01:51:47.459Z] 🔄 Retry attempt 1/5 for item 14251
[2025-11-02T01:51:53.556Z] ✅ Successfully recovered item 14251: Lunar Cloak
[2025-11-02T01:51:53.557Z] ⚠️ Unknown category for item 14251
[2025-11-02T01:51:56.558Z] 
🔍 Processing failed item 14280 (564/1103)
[2025-11-02T01:51:56.558Z] 🔄 Retry attempt 1/5 for item 14280
[2025-11-02T01:52:02.680Z] ✅ Successfully recovered item 14280: Opulent Cape
[2025-11-02T01:52:02.680Z] ⚠️ Unknown category for item 14280
[2025-11-02T01:52:05.681Z] 
🔍 Processing failed item 14365 (565/1103)
[2025-11-02T01:52:05.682Z] 🔄 Retry attempt 1/5 for item 14365
[2025-11-02T01:52:11.778Z] ✅ Successfully recovered item 14365: Mystic's Cape
[2025-11-02T01:52:11.778Z] ⚠️ Unknown category for item 14365
[2025-11-02T01:52:14.780Z] 
🔍 Processing failed item 14665 (566/1103)
[2025-11-02T01:52:14.781Z] 🔄 Retry attempt 1/5 for item 14665
[2025-11-02T01:52:20.891Z] ✅ Successfully recovered item 14665: Keeper's Cloak
[2025-11-02T01:52:20.892Z] ⚠️ Unknown category for item 14665
[2025-11-02T01:52:23.892Z] 
🔍 Processing failed item 14781 (567/1103)
[2025-11-02T01:52:23.893Z] 🔄 Retry attempt 1/5 for item 14781
[2025-11-02T01:52:29.993Z] ✅ Successfully recovered item 14781: Khan's Cloak
[2025-11-02T01:52:29.994Z] ⚠️ Unknown category for item 14781
[2025-11-02T01:52:32.995Z] 
🔍 Processing failed item 15153 (568/1103)
[2025-11-02T01:52:32.996Z] 🔄 Retry attempt 1/5 for item 15153
[2025-11-02T01:52:39.097Z] ✅ Successfully recovered item 15153: Nocturnal Cloak
[2025-11-02T01:52:39.098Z] ⚠️ Unknown category for item 15153
[2025-11-02T01:52:42.099Z] 
🔍 Processing failed item 15340 (569/1103)
[2025-11-02T01:52:42.100Z] 🔄 Retry attempt 1/5 for item 15340
[2025-11-02T01:52:48.209Z] ✅ Successfully recovered item 15340: Pathfinder Cloak
[2025-11-02T01:52:48.209Z] ⚠️ Unknown category for item 15340
[2025-11-02T01:52:51.211Z] 
🔍 Processing failed item 15392 (570/1103)
[2025-11-02T01:52:51.211Z] 🔄 Retry attempt 1/5 for item 15392
[2025-11-02T01:52:57.328Z] ✅ Successfully recovered item 15392: Jadefire Cloak
[2025-11-02T01:52:57.329Z] ⚠️ Unknown category for item 15392
[2025-11-02T01:52:57.329Z] 💾 Saved 0 recovered weapons items to turtle_db/recovered-weapons.json
[2025-11-02T01:52:57.329Z] 💾 Saved 0 recovered armor items to turtle_db/recovered-armor.json
[2025-11-02T01:53:00.334Z] 
🔍 Processing failed item 15427 (571/1103)
[2025-11-02T01:53:00.334Z] 🔄 Retry attempt 1/5 for item 15427
[2025-11-02T01:53:06.445Z] ✅ Successfully recovered item 15427: Peerless Cloak
[2025-11-02T01:53:06.445Z] ⚠️ Unknown category for item 15427
[2025-11-02T01:53:09.447Z] 
🔍 Processing failed item 15501 (572/1103)
[2025-11-02T01:53:09.448Z] 🔄 Retry attempt 1/5 for item 15501
[2025-11-02T01:53:15.614Z] ✅ Successfully recovered item 15501: Outrunner's Cloak
[2025-11-02T01:53:15.614Z] ⚠️ Unknown category for item 15501
[2025-11-02T01:53:18.616Z] 
🔍 Processing failed item 15568 (573/1103)
[2025-11-02T01:53:18.617Z] 🔄 Retry attempt 1/5 for item 15568
[2025-11-02T01:53:24.586Z] ✅ Successfully recovered item 15568: Marauder's Cloak
[2025-11-02T01:53:24.587Z] ⚠️ Unknown category for item 15568
[2025-11-02T01:53:27.588Z] 
🔍 Processing failed item 15643 (574/1103)
[2025-11-02T01:53:27.588Z] 🔄 Retry attempt 1/5 for item 15643
[2025-11-02T01:53:33.717Z] ✅ Successfully recovered item 15643: Ironhide Cloak
[2025-11-02T01:53:33.718Z] ⚠️ Unknown category for item 15643
[2025-11-02T01:53:36.719Z] 
🔍 Processing failed item 15652 (575/1103)
[2025-11-02T01:53:36.720Z] 🔄 Retry attempt 1/5 for item 15652
[2025-11-02T01:53:42.826Z] ✅ Successfully recovered item 15652: Merciless Cloak
[2025-11-02T01:53:42.826Z] ⚠️ Unknown category for item 15652
[2025-11-02T01:53:45.827Z] 
🔍 Processing failed item 15671 (576/1103)
[2025-11-02T01:53:45.827Z] 🔄 Retry attempt 1/5 for item 15671
[2025-11-02T01:53:51.921Z] ✅ Successfully recovered item 15671: Magnificent Cloak
[2025-11-02T01:53:51.922Z] ⚠️ Unknown category for item 15671
[2025-11-02T01:53:54.923Z] 
🔍 Processing failed item 41041 (577/1103)
[2025-11-02T01:53:54.923Z] 🔄 Retry attempt 1/5 for item 41041
[2025-11-02T01:54:00.873Z] ✅ Successfully recovered item 41041: Moonfeather Cloak
[2025-11-02T01:54:00.874Z] ⚠️ Unknown category for item 41041
[2025-11-02T01:54:03.876Z] 
🔍 Processing failed item 58024 (578/1103)
[2025-11-02T01:54:03.876Z] 🔄 Retry attempt 1/5 for item 58024
[2025-11-02T01:54:09.973Z] ✅ Successfully recovered item 58024: Operative Cape
[2025-11-02T01:54:09.974Z] ⚠️ Unknown category for item 58024
[2025-11-02T01:54:12.975Z] 
🔍 Processing failed item 70239 (579/1103)
[2025-11-02T01:54:12.975Z] 🔄 Retry attempt 1/5 for item 70239
[2025-11-02T01:54:19.063Z] ✅ Successfully recovered item 70239: Operative Cloak
[2025-11-02T01:54:19.064Z] ⚠️ Unknown category for item 70239
[2025-11-02T01:54:22.065Z] 
🔍 Processing failed item 80835 (580/1103)
[2025-11-02T01:54:22.065Z] 🔄 Retry attempt 1/5 for item 80835
[2025-11-02T01:54:28.060Z] ✅ Successfully recovered item 80835: Nagascale Cloak
[2025-11-02T01:54:28.061Z] ⚠️ Unknown category for item 80835
[2025-11-02T01:54:28.061Z] 💾 Saved 0 recovered weapons items to turtle_db/recovered-weapons.json
[2025-11-02T01:54:28.061Z] 💾 Saved 0 recovered armor items to turtle_db/recovered-armor.json
[2025-11-02T01:54:31.066Z] 
🔍 Processing failed item 2284 (581/1103)
[2025-11-02T01:54:31.066Z] 🔄 Retry attempt 1/5 for item 2284
[2025-11-02T01:54:37.139Z] ✅ Successfully recovered item 2284: Rat Cloth Cloak
[2025-11-02T01:54:37.139Z] ⚠️ Unknown category for item 2284
[2025-11-02T01:54:40.140Z] 
🔍 Processing failed item 3561 (582/1103)
[2025-11-02T01:54:40.141Z] 🔄 Retry attempt 1/5 for item 3561
[2025-11-02T01:54:46.140Z] ✅ Successfully recovered item 3561: Resilient Poncho
[2025-11-02T01:54:46.140Z] ⚠️ Unknown category for item 3561
[2025-11-02T01:54:49.141Z] 
🔍 Processing failed item 4713 (583/1103)
[2025-11-02T01:54:49.142Z] 🔄 Retry attempt 1/5 for item 4713
[2025-11-02T01:54:55.243Z] ✅ Successfully recovered item 4713: Silver-thread Cloak
[2025-11-02T01:54:55.244Z] ⚠️ Unknown category for item 4713
[2025-11-02T01:54:58.245Z] 
🔍 Processing failed item 5111 (584/1103)
[2025-11-02T01:54:58.245Z] 🔄 Retry attempt 1/5 for item 5111
[2025-11-02T01:55:04.242Z] ✅ Successfully recovered item 5111: Rathorian's Cape
[2025-11-02T01:55:04.242Z] ⚠️ Unknown category for item 5111
[2025-11-02T01:55:07.244Z] 
🔍 Processing failed item 5969 (585/1103)
[2025-11-02T01:55:07.244Z] 🔄 Retry attempt 1/5 for item 5969
[2025-11-02T01:55:13.331Z] ✅ Successfully recovered item 5969: Regent's Cloak
[2025-11-02T01:55:13.331Z] ⚠️ Unknown category for item 5969
[2025-11-02T01:55:16.333Z] 
🔍 Processing failed item 6179 (586/1103)
[2025-11-02T01:55:16.334Z] 🔄 Retry attempt 1/5 for item 6179
[2025-11-02T01:55:22.334Z] ✅ Successfully recovered item 6179: Privateer's Cape
[2025-11-02T01:55:22.334Z] ⚠️ Unknown category for item 6179
[2025-11-02T01:55:25.336Z] 
🔍 Processing failed item 6378 (587/1103)
[2025-11-02T01:55:25.337Z] 🔄 Retry attempt 1/5 for item 6378
[2025-11-02T01:55:31.424Z] ✅ Successfully recovered item 6378: Seer's Cape
[2025-11-02T01:55:31.424Z] ⚠️ Unknown category for item 6378
[2025-11-02T01:55:34.426Z] 
🔍 Processing failed item 6564 (588/1103)
[2025-11-02T01:55:34.427Z] 🔄 Retry attempt 1/5 for item 6564
[2025-11-02T01:55:40.440Z] ✅ Successfully recovered item 6564: Shimmering Cloak
[2025-11-02T01:55:40.441Z] ⚠️ Unknown category for item 6564
[2025-11-02T01:55:43.442Z] 
🔍 Processing failed item 6585 (589/1103)
[2025-11-02T01:55:43.442Z] 🔄 Retry attempt 1/5 for item 6585
[2025-11-02T01:55:49.534Z] ✅ Successfully recovered item 6585: Scouting Cloak
[2025-11-02T01:55:49.535Z] ⚠️ Unknown category for item 6585
[2025-11-02T01:55:52.536Z] 
🔍 Processing failed item 6614 (590/1103)
[2025-11-02T01:55:52.537Z] 🔄 Retry attempt 1/5 for item 6614
[2025-11-02T01:55:58.544Z] ✅ Successfully recovered item 6614: Sage's Cloak
[2025-11-02T01:55:58.545Z] ⚠️ Unknown category for item 6614
[2025-11-02T01:55:58.545Z] 💾 Saved 0 recovered weapons items to turtle_db/recovered-weapons.json
[2025-11-02T01:55:58.545Z] 💾 Saved 0 recovered armor items to turtle_db/recovered-armor.json
[2025-11-02T01:56:01.551Z] 
🔍 Processing failed item 7004 (591/1103)
[2025-11-02T01:56:01.551Z] 🔄 Retry attempt 1/5 for item 7004
[2025-11-02T01:56:07.640Z] ✅ Successfully recovered item 7004: Prelacy Cape
[2025-11-02T01:56:07.641Z] ⚠️ Unknown category for item 7004
[2025-11-02T01:56:10.642Z] 
🔍 Processing failed item 7446 (592/1103)
[2025-11-02T01:56:10.643Z] 🔄 Retry attempt 1/5 for item 7446
[2025-11-02T01:56:16.750Z] ✅ Successfully recovered item 7446: Sentinel Cloak
[2025-11-02T01:56:16.751Z] ⚠️ Unknown category for item 7446
[2025-11-02T01:56:19.753Z] 
🔍 Processing failed item 7474 (593/1103)
[2025-11-02T01:56:19.754Z] 🔄 Retry attempt 1/5 for item 7474
[2025-11-02T01:56:25.745Z] ✅ Successfully recovered item 7474: Regal Cloak
[2025-11-02T01:56:25.746Z] ⚠️ Unknown category for item 7474
[2025-11-02T01:56:28.748Z] 
🔍 Processing failed item 7483 (594/1103)
[2025-11-02T01:56:28.749Z] 🔄 Retry attempt 1/5 for item 7483
[2025-11-02T01:56:34.859Z] ✅ Successfully recovered item 7483: Ranger Cloak
[2025-11-02T01:56:34.860Z] ⚠️ Unknown category for item 7483
[2025-11-02T01:56:37.862Z] 
🔍 Processing failed item 8259 (595/1103)
[2025-11-02T01:56:37.862Z] 🔄 Retry attempt 1/5 for item 8259
[2025-11-02T01:56:43.970Z] ✅ Successfully recovered item 8259: Serpentskin Cloak
[2025-11-02T01:56:43.970Z] ⚠️ Unknown category for item 8259
[2025-11-02T01:56:46.972Z] 
🔍 Processing failed item 9605 (596/1103)
[2025-11-02T01:56:46.973Z] 🔄 Retry attempt 1/5 for item 9605
[2025-11-02T01:56:53.066Z] ✅ Successfully recovered item 9605: Repairman's Cape
[2025-11-02T01:56:53.067Z] ⚠️ Unknown category for item 9605
[2025-11-02T01:56:56.068Z] 
🔍 Processing failed item 9703 (597/1103)
[2025-11-02T01:56:56.069Z] 🔄 Retry attempt 1/5 for item 9703
[2025-11-02T01:56:56.335Z] 🔄 Retry attempt 2/5 for item 9703
[2025-11-02T01:56:56.335Z] ⏳ Waiting 15 seconds before retry...
[2025-11-02T01:58:47.255Z] 🔄 Retry attempt 3/5 for item 9703
[2025-11-02T01:58:47.255Z] ⏳ Waiting 20 seconds before retry...
[2025-11-02T01:59:07.276Z] 🔄 Retry attempt 4/5 for item 9703
[2025-11-02T01:59:07.277Z] ⏳ Waiting 25 seconds before retry...
[2025-11-02T01:59:32.286Z] 🔄 Retry attempt 5/5 for item 9703
[2025-11-02T01:59:32.286Z] ⏳ Waiting 30 seconds before retry...
[2025-11-02T02:15:49.683Z] 
🔍 Processing failed item 9786 (598/1103)
[2025-11-02T02:15:49.684Z] 🔄 Retry attempt 1/5 for item 9786
[2025-11-02T02:15:49.685Z] 🔄 Retry attempt 2/5 for item 9786
[2025-11-02T02:15:49.686Z] ⏳ Waiting 15 seconds before retry...
[2025-11-02T02:16:04.680Z] 🔄 Retry attempt 3/5 for item 9786
[2025-11-02T02:16:04.680Z] ⏳ Waiting 20 seconds before retry...
[2025-11-02T02:16:24.679Z] 🔄 Retry attempt 4/5 for item 9786
[2025-11-02T02:16:24.681Z] ⏳ Waiting 25 seconds before retry...
[2025-11-02T02:16:50.669Z] 🔄 Retry attempt 5/5 for item 9786
[2025-11-02T02:16:50.669Z] ⏳ Waiting 30 seconds before retry...
[2025-11-02T02:17:23.675Z] 
🔍 Processing failed item 9831 (599/1103)
[2025-11-02T02:17:23.676Z] 🔄 Retry attempt 1/5 for item 9831
[2025-11-02T02:17:23.678Z] 🔄 Retry attempt 2/5 for item 9831
[2025-11-02T02:17:23.678Z] ⏳ Waiting 15 seconds before retry...
[2025-11-02T02:33:22.265Z] 🔄 Retry attempt 3/5 for item 9831
[2025-11-02T02:33:22.265Z] ⏳ Waiting 20 seconds before retry...
[2025-11-02T02:33:42.270Z] 🔄 Retry attempt 4/5 for item 9831
[2025-11-02T02:33:42.271Z] ⏳ Waiting 25 seconds before retry...
[2025-11-02T02:34:07.274Z] 🔄 Retry attempt 5/5 for item 9831
[2025-11-02T02:34:07.274Z] ⏳ Waiting 30 seconds before retry...
[2025-11-02T02:34:40.280Z] 
🔍 Processing failed item 9867 (600/1103)
[2025-11-02T02:34:40.338Z] 🔒 Browser closed
[2025-11-02T02:34:40.338Z] 🚀 Initializing browser for retry processing...
[2025-11-02T02:34:40.700Z] ✅ Browser initialized
[2025-11-02T02:34:40.700Z] 🔄 Retry attempt 1/5 for item 9867
[2025-11-02T02:34:46.691Z] ✅ Successfully recovered item 9867: Renegade Cloak
[2025-11-02T02:34:46.692Z] ⚠️ Unknown category for item 9867
[2025-11-02T02:34:46.693Z] 💾 Saved 0 recovered weapons items to turtle_db/recovered-weapons.json
[2025-11-02T02:34:46.694Z] 💾 Saved 0 recovered armor items to turtle_db/recovered-armor.json
[2025-11-02T02:34:49.697Z] 
🔍 Processing failed item 9908 (601/1103)
[2025-11-02T02:34:49.698Z] 🔄 Retry attempt 1/5 for item 9908
[2025-11-02T02:34:55.673Z] ✅ Successfully recovered item 9908: Royal Cape
[2025-11-02T02:34:55.674Z] ⚠️ Unknown category for item 9908
[2025-11-02T02:34:58.676Z] 
🔍 Processing failed item 10071 (602/1103)
[2025-11-02T02:34:58.677Z] 🔄 Retry attempt 1/5 for item 10071
[2025-11-02T02:35:04.788Z] ✅ Successfully recovered item 10071: Righteous Cloak
[2025-11-02T02:35:04.789Z] ⚠️ Unknown category for item 10071
[2025-11-02T02:35:07.791Z] 
🔍 Processing failed item 12066 (603/1103)
[2025-11-02T02:35:07.798Z] 🔄 Retry attempt 1/5 for item 12066
[2025-11-02T02:35:13.977Z] ✅ Successfully recovered item 12066: Shaleskin Cape
[2025-11-02T02:35:13.977Z] ⚠️ Unknown category for item 12066
[2025-11-02T02:35:16.979Z] 
🔍 Processing failed item 12110 (604/1103)
[2025-11-02T02:35:16.980Z] 🔄 Retry attempt 1/5 for item 12110
[2025-11-02T02:35:23.073Z] ✅ Successfully recovered item 12110: Raincaster Drape
[2025-11-02T02:35:23.074Z] ⚠️ Unknown category for item 12110
[2025-11-02T02:35:26.076Z] 
🔍 Processing failed item 13860 (605/1103)
[2025-11-02T02:35:26.077Z] 🔄 Retry attempt 1/5 for item 13860
[2025-11-02T02:35:32.173Z] ✅ Successfully recovered item 13860: Runecloth Cloak
[2025-11-02T02:35:32.173Z] ⚠️ Unknown category for item 13860
[2025-11-02T02:35:35.174Z] 
🔍 Processing failed item 14123 (606/1103)
[2025-11-02T02:35:35.175Z] 🔄 Retry attempt 1/5 for item 14123
[2025-11-02T02:35:41.286Z] ✅ Successfully recovered item 14123: Ritual Cape
[2025-11-02T02:35:41.287Z] ⚠️ Unknown category for item 14123
[2025-11-02T02:35:44.288Z] 
🔍 Processing failed item 14188 (607/1103)
[2025-11-02T02:35:44.289Z] 🔄 Retry attempt 1/5 for item 14188
[2025-11-02T02:35:50.427Z] ✅ Successfully recovered item 14188: Raincaller Cloak
[2025-11-02T02:35:50.427Z] ⚠️ Unknown category for item 14188
[2025-11-02T02:35:53.429Z] 
🔍 Processing failed item 14321 (608/1103)
[2025-11-02T02:35:53.430Z] 🔄 Retry attempt 1/5 for item 14321
[2025-11-02T02:35:59.545Z] ✅ Successfully recovered item 14321: Resplendent Cloak
[2025-11-02T02:35:59.546Z] ⚠️ Unknown category for item 14321
[2025-11-02T02:36:02.548Z] 
🔍 Processing failed item 14376 (609/1103)
[2025-11-02T02:36:02.549Z] 🔄 Retry attempt 1/5 for item 14376
[2025-11-02T02:36:08.663Z] ✅ Successfully recovered item 14376: Sanguine Cape
[2025-11-02T02:36:08.664Z] ⚠️ Unknown category for item 14376
[2025-11-02T02:36:11.666Z] 
🔍 Processing failed item 14400 (610/1103)
[2025-11-02T02:36:11.667Z] 🔄 Retry attempt 1/5 for item 14400
[2025-11-02T02:36:17.732Z] ✅ Successfully recovered item 14400: Resilient Cape
[2025-11-02T02:36:17.733Z] ⚠️ Unknown category for item 14400
[2025-11-02T02:36:17.734Z] 💾 Saved 0 recovered weapons items to turtle_db/recovered-weapons.json
[2025-11-02T02:36:17.734Z] 💾 Saved 0 recovered armor items to turtle_db/recovered-armor.json
[2025-11-02T02:36:20.739Z] 
🔍 Processing failed item 14420 (611/1103)
[2025-11-02T02:36:20.740Z] 🔄 Retry attempt 1/5 for item 14420
[2025-11-02T02:36:26.854Z] ✅ Successfully recovered item 14420: Silksand Cape
[2025-11-02T02:36:26.855Z] ⚠️ Unknown category for item 14420
[2025-11-02T02:36:29.857Z] 
🔍 Processing failed item 14563 (612/1103)
[2025-11-02T02:36:29.858Z] 🔄 Retry attempt 1/5 for item 14563
[2025-11-02T02:52:10.023Z] ✅ Successfully recovered item 14563: Prospector's Cloak
[2025-11-02T02:52:10.023Z] ⚠️ Unknown category for item 14563
[2025-11-02T02:52:13.026Z] 
🔍 Processing failed item 14656 (613/1103)
[2025-11-02T02:52:13.026Z] 🔄 Retry attempt 1/5 for item 14656
[2025-11-02T02:52:25.669Z] ✅ Successfully recovered item 14656: Scorpashi Cape
[2025-11-02T02:52:25.669Z] ⚠️ Unknown category for item 14656
[2025-11-02T02:52:28.672Z] 
🔍 Processing failed item 14673 (614/1103)
[2025-11-02T02:52:28.673Z] 🔄 Retry attempt 1/5 for item 14673
[2025-11-02T02:52:34.667Z] ✅ Successfully recovered item 14673: Pridelord Cape
[2025-11-02T02:52:34.667Z] ⚠️ Unknown category for item 14673
[2025-11-02T02:52:37.670Z] 
🔍 Processing failed item 14752 (615/1103)
[2025-11-02T02:52:37.671Z] 🔄 Retry attempt 1/5 for item 14752
[2025-11-02T02:52:43.781Z] ✅ Successfully recovered item 14752: Slayer's Cape
[2025-11-02T02:52:43.782Z] ⚠️ Unknown category for item 14752
[2025-11-02T02:52:46.783Z] 
🔍 Processing failed item 14771 (616/1103)
[2025-11-02T02:52:46.784Z] 🔄 Retry attempt 1/5 for item 14771
[2025-11-02T02:52:52.799Z] ✅ Successfully recovered item 14771: Ravager's Cloak
[2025-11-02T02:52:52.799Z] ⚠️ Unknown category for item 14771
[2025-11-02T02:52:55.802Z] 
🔍 Processing failed item 14791 (617/1103)
[2025-11-02T02:52:55.803Z] 🔄 Retry attempt 1/5 for item 14791
[2025-11-02T02:53:01.899Z] ✅ Successfully recovered item 14791: Protector Cape
[2025-11-02T02:53:01.900Z] ⚠️ Unknown category for item 14791
[2025-11-02T02:53:04.903Z] 
🔍 Processing failed item 15114 (618/1103)
[2025-11-02T02:53:04.904Z] 🔄 Retry attempt 1/5 for item 15114
[2025-11-02T02:53:11.014Z] ✅ Successfully recovered item 15114: Rigid Cape
[2025-11-02T02:53:11.015Z] ⚠️ Unknown category for item 15114
[2025-11-02T02:53:14.017Z] 
🔍 Processing failed item 15124 (619/1103)
[2025-11-02T02:53:14.018Z] 🔄 Retry attempt 1/5 for item 15124
[2025-11-02T02:53:20.133Z] ✅ Successfully recovered item 15124: Robust Cloak
[2025-11-02T02:53:20.134Z] ⚠️ Unknown category for item 15124
[2025-11-02T02:53:23.137Z] 
🔍 Processing failed item 15173 (620/1103)
[2025-11-02T02:53:23.137Z] 🔄 Retry attempt 1/5 for item 15173
[2025-11-02T02:53:29.246Z] ✅ Successfully recovered item 15173: Potent Cape
[2025-11-02T02:53:29.247Z] ⚠️ Unknown category for item 15173
[2025-11-02T02:53:29.247Z] 💾 Saved 0 recovered weapons items to turtle_db/recovered-weapons.json
[2025-11-02T02:53:29.248Z] 💾 Saved 0 recovered armor items to turtle_db/recovered-armor.json
[2025-11-02T02:53:32.254Z] 
🔍 Processing failed item 1961 (621/1103)
[2025-11-02T02:53:32.255Z] 🔄 Retry attempt 1/5 for item 1961
[2025-11-02T02:53:38.348Z] ✅ Successfully recovered item 1961: Monster - Shield, Buckler Wooden
[2025-11-02T02:53:38.348Z] ⚠️ Unknown category for item 1961
[2025-11-02T02:53:41.350Z] 
🔍 Processing failed item 1984 (622/1103)
[2025-11-02T02:53:41.351Z] 🔄 Retry attempt 1/5 for item 1984
[2025-11-02T02:53:47.443Z] ✅ Successfully recovered item 1984: Monster - Shield, Kite Metal
[2025-11-02T02:53:47.444Z] ⚠️ Unknown category for item 1984
[2025-11-02T02:53:50.445Z] 
🔍 Processing failed item 1985 (623/1103)
[2025-11-02T02:53:50.446Z] 🔄 Retry attempt 1/5 for item 1985
[2025-11-02T02:53:56.557Z] ✅ Successfully recovered item 1985: Monster - Shield, Large Wooden
[2025-11-02T02:53:56.557Z] ⚠️ Unknown category for item 1985
[2025-11-02T02:53:59.560Z] 
🔍 Processing failed item 2053 (624/1103)
[2025-11-02T02:53:59.561Z] 🔄 Retry attempt 1/5 for item 2053
[2025-11-02T02:54:05.652Z] ✅ Successfully recovered item 2053: Monster - Shield, Buckler Metal Damaged
[2025-11-02T02:54:05.656Z] ⚠️ Unknown category for item 2053
[2025-11-02T02:54:08.657Z] 
🔍 Processing failed item 2210 (625/1103)
[2025-11-02T02:54:08.658Z] 🔄 Retry attempt 1/5 for item 2210
[2025-11-02T02:54:14.764Z] ✅ Successfully recovered item 2210: Battered Buckler
[2025-11-02T02:54:14.764Z] ⚠️ Unknown category for item 2210
[2025-11-02T02:54:17.766Z] 
🔍 Processing failed item 2211 (626/1103)
[2025-11-02T02:54:17.766Z] 🔄 Retry attempt 1/5 for item 2211
[2025-11-02T02:54:23.875Z] ✅ Successfully recovered item 2211: Bent Large Shield
[2025-11-02T02:54:23.876Z] ⚠️ Unknown category for item 2211
[2025-11-02T02:54:26.877Z] 
🔍 Processing failed item 2212 (627/1103)
[2025-11-02T02:54:26.878Z] 🔄 Retry attempt 1/5 for item 2212
[2025-11-02T02:54:36.965Z] ✅ Successfully recovered item 2212: Cracked Buckler
[2025-11-02T02:54:36.965Z] ⚠️ Unknown category for item 2212
[2025-11-02T02:54:39.967Z] 
🔍 Processing failed item 2220 (628/1103)
[2025-11-02T02:54:39.968Z] 🔄 Retry attempt 1/5 for item 2220
[2025-11-02T02:54:46.074Z] ✅ Successfully recovered item 2220: Box Shield
[2025-11-02T02:54:46.075Z] ⚠️ Unknown category for item 2220
[2025-11-02T02:54:49.078Z] 
🔍 Processing failed item 2376 (629/1103)
[2025-11-02T02:54:49.079Z] 🔄 Retry attempt 1/5 for item 2376
[2025-11-02T02:54:55.173Z] ✅ Successfully recovered item 2376: Worn Heater Shield
[2025-11-02T02:54:55.174Z] ⚠️ Unknown category for item 2376
[2025-11-02T02:54:58.176Z] 
🔍 Processing failed item 3648 (630/1103)
[2025-11-02T02:54:58.177Z] 🔄 Retry attempt 1/5 for item 3648
[2025-11-02T02:55:04.284Z] ✅ Successfully recovered item 3648: Warrior's Buckler
[2025-11-02T02:55:04.285Z] ⚠️ Unknown category for item 3648
[2025-11-02T02:55:04.285Z] 💾 Saved 0 recovered weapons items to turtle_db/recovered-weapons.json
[2025-11-02T02:55:04.286Z] 💾 Saved 0 recovered armor items to turtle_db/recovered-armor.json
[2025-11-02T02:55:07.294Z] 
🔍 Processing failed item 3649 (631/1103)
[2025-11-02T02:55:07.295Z] 🔄 Retry attempt 1/5 for item 3649
[2025-11-02T02:55:13.391Z] ✅ Successfully recovered item 3649: Tribal Buckler
[2025-11-02T02:55:13.392Z] ⚠️ Unknown category for item 3649
[2025-11-02T02:55:16.393Z] 
🔍 Processing failed item 3987 (632/1103)
[2025-11-02T02:55:16.394Z] 🔄 Retry attempt 1/5 for item 3987
[2025-11-02T02:55:22.390Z] ✅ Successfully recovered item 3987: Deflecting Tower
[2025-11-02T02:55:22.391Z] ⚠️ Unknown category for item 3987
[2025-11-02T02:55:25.392Z] 
🔍 Processing failed item 3989 (633/1103)
[2025-11-02T02:55:25.393Z] 🔄 Retry attempt 1/5 for item 3989
[2025-11-02T02:55:31.508Z] ✅ Successfully recovered item 3989: Blocking Targe
[2025-11-02T02:55:31.509Z] ⚠️ Unknown category for item 3989
[2025-11-02T02:55:34.510Z] 
🔍 Processing failed item 3990 (634/1103)
[2025-11-02T02:55:34.510Z] 🔄 Retry attempt 1/5 for item 3990
[2025-11-02T02:55:40.625Z] ✅ Successfully recovered item 3990: Crested Buckler
[2025-11-02T02:55:40.626Z] ⚠️ Unknown category for item 3990
[2025-11-02T02:55:43.627Z] 
🔍 Processing failed item 4911 (635/1103)
[2025-11-02T02:55:43.627Z] 🔄 Retry attempt 1/5 for item 4911
[2025-11-02T02:55:49.719Z] ✅ Successfully recovered item 4911: Thick Bark Buckler
[2025-11-02T02:55:49.720Z] ⚠️ Unknown category for item 4911
[2025-11-02T02:55:52.721Z] 
🔍 Processing failed item 4967 (636/1103)
[2025-11-02T02:55:52.722Z] 🔄 Retry attempt 1/5 for item 4967
[2025-11-02T02:55:58.817Z] ✅ Successfully recovered item 4967: Tribal Warrior's Shield
[2025-11-02T02:55:58.818Z] ⚠️ Unknown category for item 4967
[2025-11-02T02:56:01.821Z] 
🔍 Processing failed item 5395 (637/1103)
[2025-11-02T02:56:01.822Z] 🔄 Retry attempt 1/5 for item 5395
[2025-11-02T02:56:07.922Z] ✅ Successfully recovered item 5395: Woodland Shield
[2025-11-02T02:56:07.923Z] ⚠️ Unknown category for item 5395
[2025-11-02T02:56:10.925Z] 
🔍 Processing failed item 6203 (638/1103)
[2025-11-02T02:56:10.926Z] 🔄 Retry attempt 1/5 for item 6203
[2025-11-02T02:56:17.142Z] ✅ Successfully recovered item 6203: Thuggish Shield
[2025-11-02T02:56:17.143Z] ⚠️ Unknown category for item 6203
[2025-11-02T02:56:20.145Z] 
🔍 Processing failed item 6254 (639/1103)
[2025-11-02T02:56:20.145Z] 🔄 Retry attempt 1/5 for item 6254
[2025-11-02T02:56:26.240Z] ✅ Successfully recovered item 6254: Monster - Shield, Ironforge
[2025-11-02T02:56:26.241Z] ⚠️ Unknown category for item 6254
[2025-11-02T02:56:29.242Z] 
🔍 Processing failed item 6447 (640/1103)
[2025-11-02T02:56:29.243Z] 🔄 Retry attempt 1/5 for item 6447
[2025-11-02T02:56:35.338Z] ✅ Successfully recovered item 6447: Worn Turtle Shell Shield
[2025-11-02T02:56:35.339Z] ⚠️ Unknown category for item 6447
[2025-11-02T02:56:35.340Z] 💾 Saved 0 recovered weapons items to turtle_db/recovered-weapons.json
[2025-11-02T02:56:35.341Z] 💾 Saved 0 recovered armor items to turtle_db/recovered-armor.json
[2025-11-02T02:56:38.346Z] 
🔍 Processing failed item 9444 (641/1103)
[2025-11-02T02:56:38.346Z] 🔄 Retry attempt 1/5 for item 9444
[2025-11-02T02:56:44.458Z] ✅ Successfully recovered item 9444: Techbot CPU Shell
[2025-11-02T02:56:44.459Z] ⚠️ Unknown category for item 9444
[2025-11-02T03:07:23.696Z] 
🔍 Processing failed item 11041 (642/1103)
[2025-11-02T03:07:23.698Z] 🔄 Retry attempt 1/5 for item 11041
[2025-11-02T03:07:30.163Z] ✅ Successfully recovered item 11041: Monster - Shield, Kite Metal Gold
[2025-11-02T03:07:30.164Z] ⚠️ Unknown category for item 11041
[2025-11-02T03:07:33.165Z] 
🔍 Processing failed item 11585 (643/1103)
[2025-11-02T03:07:33.165Z] 🔄 Retry attempt 1/5 for item 11585
[2025-11-02T03:07:39.212Z] ✅ Successfully recovered item 11585: Monster - Shield, Engineer A01
[2025-11-02T03:07:39.213Z] ⚠️ Unknown category for item 11585
[2025-11-02T03:07:42.214Z] 
🔍 Processing failed item 11586 (644/1103)
[2025-11-02T03:07:42.215Z] 🔄 Retry attempt 1/5 for item 11586
[2025-11-02T03:07:48.312Z] ✅ Successfully recovered item 11586: Monster - Shield, Engineer B01
[2025-11-02T03:07:48.313Z] ⚠️ Unknown category for item 11586
[2025-11-02T03:07:51.315Z] 
🔍 Processing failed item 11587 (645/1103)
[2025-11-02T03:07:51.316Z] 🔄 Retry attempt 1/5 for item 11587
[2025-11-02T03:07:57.170Z] ✅ Successfully recovered item 11587: Monster - Shield, Engineer C01
[2025-11-02T03:07:57.171Z] ⚠️ Unknown category for item 11587
[2025-11-02T03:08:00.173Z] 
🔍 Processing failed item 11589 (646/1103)
[2025-11-02T03:08:00.174Z] 🔄 Retry attempt 1/5 for item 11589
[2025-11-02T03:08:06.267Z] ✅ Successfully recovered item 11589: Monster - Shield, Orange Skull
[2025-11-02T03:08:06.268Z] ⚠️ Unknown category for item 11589
[2025-11-02T03:08:09.269Z] 
🔍 Processing failed item 12452 (647/1103)
[2025-11-02T03:08:09.270Z] 🔄 Retry attempt 1/5 for item 12452
[2025-11-02T03:08:15.364Z] ✅ Successfully recovered item 12452: Monster - Shield, Horde A02 Silver
[2025-11-02T03:08:15.365Z] ⚠️ Unknown category for item 12452
[2025-11-02T03:08:18.367Z] 
🔍 Processing failed item 12453 (648/1103)
[2025-11-02T03:08:18.367Z] 🔄 Retry attempt 1/5 for item 12453
[2025-11-02T03:08:24.463Z] ✅ Successfully recovered item 12453: Monster - Shield, Horde A03 Triangle
[2025-11-02T03:08:24.464Z] ⚠️ Unknown category for item 12453
[2025-11-02T03:08:27.465Z] 
🔍 Processing failed item 12454 (649/1103)
[2025-11-02T03:08:27.466Z] 🔄 Retry attempt 1/5 for item 12454
[2025-11-02T03:08:33.565Z] ✅ Successfully recovered item 12454: Monster - Shield, Horde B01 Brown
[2025-11-02T03:08:33.566Z] ⚠️ Unknown category for item 12454
[2025-11-02T03:08:36.568Z] 
🔍 Processing failed item 12456 (650/1103)
[2025-11-02T03:08:36.658Z] 🔒 Browser closed
[2025-11-02T03:08:36.658Z] 🚀 Initializing browser for retry processing...
[2025-11-02T03:08:36.974Z] ✅ Browser initialized
[2025-11-02T03:08:36.974Z] 🔄 Retry attempt 1/5 for item 12456
[2025-11-02T03:08:42.982Z] ✅ Successfully recovered item 12456: Monster - Shield, Horde B02 Brown
[2025-11-02T03:08:42.982Z] ⚠️ Unknown category for item 12456
[2025-11-02T03:08:42.983Z] 💾 Saved 0 recovered weapons items to turtle_db/recovered-weapons.json
[2025-11-02T03:08:42.984Z] 💾 Saved 0 recovered armor items to turtle_db/recovered-armor.json
[2025-11-02T03:08:45.987Z] 
🔍 Processing failed item 12893 (651/1103)
[2025-11-02T03:08:45.988Z] 🔄 Retry attempt 1/5 for item 12893
[2025-11-02T03:08:51.971Z] ✅ Successfully recovered item 12893: Monster - Shield, Black Skull
[2025-11-02T03:08:51.972Z] ⚠️ Unknown category for item 12893
[2025-11-02T03:08:54.973Z] 
🔍 Processing failed item 12931 (652/1103)
[2025-11-02T03:08:54.974Z] 🔄 Retry attempt 1/5 for item 12931
[2025-11-02T03:09:01.064Z] ✅ Successfully recovered item 12931: Monster - Shield, Scarlet Crusade A01/A02 Model
[2025-11-02T03:09:01.065Z] ⚠️ Unknown category for item 12931
[2025-11-02T03:09:04.067Z] 
🔍 Processing failed item 12933 (653/1103)
[2025-11-02T03:09:04.068Z] 🔄 Retry attempt 1/5 for item 12933
[2025-11-02T03:09:10.161Z] ✅ Successfully recovered item 12933: Monster - Shield, Scarlet Crusade B03
[2025-11-02T03:09:10.162Z] ⚠️ Unknown category for item 12933
[2025-11-02T03:09:13.165Z] 
🔍 Processing failed item 13318 (654/1103)
[2025-11-02T03:09:13.166Z] 🔄 Retry attempt 1/5 for item 13318
[2025-11-02T03:09:19.304Z] ✅ Successfully recovered item 13318: Monster - Shield, Horde A01 Red
[2025-11-02T03:09:19.305Z] ⚠️ Unknown category for item 13318
[2025-11-02T03:09:22.306Z] 
🔍 Processing failed item 13319 (655/1103)
[2025-11-02T03:09:22.307Z] 🔄 Retry attempt 1/5 for item 13319
[2025-11-02T03:09:28.397Z] ✅ Successfully recovered item 13319: Monster - Shield, Horde B03
[2025-11-02T03:09:28.398Z] ⚠️ Unknown category for item 13319
[2025-11-02T03:09:31.400Z] 
🔍 Processing failed item 13628 (656/1103)
[2025-11-02T03:09:31.400Z] 🔄 Retry attempt 1/5 for item 13628
[2025-11-02T03:09:37.490Z] ✅ Successfully recovered item 13628: Monster - Shield, Horde B04
[2025-11-02T03:09:37.490Z] ⚠️ Unknown category for item 13628
[2025-11-02T03:09:40.493Z] 
🔍 Processing failed item 13629 (657/1103)
[2025-11-02T03:09:40.493Z] 🔄 Retry attempt 1/5 for item 13629
[2025-11-02T03:09:46.648Z] ✅ Successfully recovered item 13629: Monster - Shield, Horde C02
[2025-11-02T03:09:46.649Z] ⚠️ Unknown category for item 13629
[2025-11-02T03:09:49.650Z] 
🔍 Processing failed item 13630 (658/1103)
[2025-11-02T03:09:49.650Z] 🔄 Retry attempt 1/5 for item 13630
[2025-11-02T03:09:55.646Z] ✅ Successfully recovered item 13630: Monster - Shield, Horde C03
[2025-11-02T03:09:55.647Z] ⚠️ Unknown category for item 13630
[2025-11-02T03:09:58.650Z] 
🔍 Processing failed item 13922 (659/1103)
[2025-11-02T03:09:58.651Z] 🔄 Retry attempt 1/5 for item 13922
[2025-11-02T03:10:04.740Z] ✅ Successfully recovered item 13922: Monster - Shield, B01 WoodSteelCap
[2025-11-02T03:10:04.741Z] ⚠️ Unknown category for item 13922
[2025-11-02T03:10:07.743Z] 
🔍 Processing failed item 17482 (660/1103)
[2025-11-02T03:10:07.744Z] 🔄 Retry attempt 1/5 for item 17482
[2025-11-02T03:10:13.926Z] ✅ Successfully recovered item 17482: Monster - Shield, B01 WoodCopperCap
[2025-11-02T03:10:13.927Z] ⚠️ Unknown category for item 17482
[2025-11-02T03:10:13.927Z] 💾 Saved 0 recovered weapons items to turtle_db/recovered-weapons.json
[2025-11-02T03:10:13.927Z] 💾 Saved 0 recovered armor items to turtle_db/recovered-armor.json
[2025-11-02T03:10:16.933Z] 
🔍 Processing failed item 18166 (661/1103)
[2025-11-02T03:10:16.933Z] 🔄 Retry attempt 1/5 for item 18166
[2025-11-02T03:10:23.015Z] ✅ Successfully recovered item 18166: Monster - Shield, Royal Dreadguard
[2025-11-02T03:10:23.015Z] ⚠️ Unknown category for item 18166
[2025-11-02T03:10:26.018Z] 
🔍 Processing failed item 19763 (662/1103)
[2025-11-02T03:10:26.019Z] 🔄 Retry attempt 1/5 for item 19763
[2025-11-02T03:10:32.113Z] ✅ Successfully recovered item 19763: Monster - Shield, Round A01/Buckler Damaged A02Black
[2025-11-02T03:10:32.114Z] ⚠️ Unknown category for item 19763
[2025-11-02T03:10:35.117Z] 
🔍 Processing failed item 21549 (663/1103)
[2025-11-02T03:10:35.117Z] 🔄 Retry attempt 1/5 for item 21549
[2025-11-02T03:10:41.213Z] ✅ Successfully recovered item 21549: Monster - Shield, Shieldguard
[2025-11-02T03:10:41.214Z] ⚠️ Unknown category for item 21549
[2025-11-02T03:10:44.215Z] 
🔍 Processing failed item 21572 (664/1103)
[2025-11-02T03:10:44.216Z] 🔄 Retry attempt 1/5 for item 21572
[2025-11-02T03:10:50.310Z] ✅ Successfully recovered item 21572: Monster - Shield, Alliance PVP
[2025-11-02T03:10:50.311Z] ⚠️ Unknown category for item 21572
[2025-11-02T03:10:53.313Z] 
🔍 Processing failed item 25818 (665/1103)
[2025-11-02T03:10:53.314Z] 🔄 Retry attempt 1/5 for item 25818
[2025-11-02T03:10:59.308Z] ✅ Successfully recovered item 25818: Monster - Shield, Legion
[2025-11-02T03:10:59.309Z] ⚠️ Unknown category for item 25818
[2025-11-02T03:11:02.311Z] 
🔍 Processing failed item 50378 (666/1103)
[2025-11-02T03:11:02.312Z] 🔄 Retry attempt 1/5 for item 50378
[2025-11-02T03:11:08.405Z] ✅ Successfully recovered item 50378: Stromgarde Guard's Shield
[2025-11-02T03:11:08.405Z] ⚠️ Unknown category for item 50378
[2025-11-02T03:11:11.407Z] 
🔍 Processing failed item 61240 (667/1103)
[2025-11-02T03:11:11.408Z] 🔄 Retry attempt 1/5 for item 61240
[2025-11-02T03:11:17.503Z] ✅ Successfully recovered item 61240: Greymane Shield - Monster
[2025-11-02T03:11:17.504Z] ⚠️ Unknown category for item 61240
[2025-11-02T03:11:20.506Z] 
🔍 Processing failed item 61241 (668/1103)
[2025-11-02T03:11:20.506Z] 🔄 Retry attempt 1/5 for item 61241
[2025-11-02T03:11:26.604Z] ✅ Successfully recovered item 61241: Gilneas Rebel Shield - Monster
[2025-11-02T03:11:26.605Z] ⚠️ Unknown category for item 61241
[2025-11-02T03:11:29.606Z] 
🔍 Processing failed item 143 (669/1103)
[2025-11-02T03:11:29.607Z] 🔄 Retry attempt 1/5 for item 143
[2025-11-02T03:23:43.322Z] ✅ Successfully recovered item 143: Monster - Shield, Stormwind Guard
[2025-11-02T03:23:43.423Z] ⚠️ Unknown category for item 143
[2025-11-02T03:23:46.424Z] 
🔍 Processing failed item 876 (670/1103)
[2025-11-02T03:23:46.425Z] 🔄 Retry attempt 1/5 for item 876
[2025-11-02T03:23:59.041Z] ✅ Successfully recovered item 876: Worn Wooden Buckler
[2025-11-02T03:23:59.042Z] ⚠️ Unknown category for item 876
[2025-11-02T03:23:59.042Z] 💾 Saved 0 recovered weapons items to turtle_db/recovered-weapons.json
[2025-11-02T03:23:59.042Z] 💾 Saved 0 recovered armor items to turtle_db/recovered-armor.json
[2025-11-02T03:24:02.046Z] 
🔍 Processing failed item 1957 (671/1103)
[2025-11-02T03:24:02.047Z] 🔄 Retry attempt 1/5 for item 1957
[2025-11-02T03:24:08.096Z] ✅ Successfully recovered item 1957: Monster - Shield, Small Wooden
[2025-11-02T03:24:08.097Z] ⚠️ Unknown category for item 1957
[2025-11-02T03:24:11.099Z] 
🔍 Processing failed item 2051 (672/1103)
[2025-11-02T03:24:11.100Z] 🔄 Retry attempt 1/5 for item 2051
[2025-11-02T03:24:17.206Z] ✅ Successfully recovered item 2051: Monster - Shield, Small Wooden Damaged
[2025-11-02T03:24:17.207Z] ⚠️ Unknown category for item 2051
[2025-11-02T03:24:20.209Z] 
🔍 Processing failed item 2052 (673/1103)
[2025-11-02T03:24:20.210Z] 🔄 Retry attempt 1/5 for item 2052
[2025-11-02T03:24:26.296Z] ✅ Successfully recovered item 2052: Monster - Shield, Small Metal Damaged
[2025-11-02T03:24:26.297Z] ⚠️ Unknown category for item 2052
[2025-11-02T03:24:29.298Z] 
🔍 Processing failed item 2213 (674/1103)
[2025-11-02T03:24:29.298Z] 🔄 Retry attempt 1/5 for item 2213
[2025-11-02T03:24:35.403Z] ✅ Successfully recovered item 2213: Worn Large Shield
[2025-11-02T03:24:35.403Z] ⚠️ Unknown category for item 2213
[2025-11-02T03:24:38.405Z] 
🔍 Processing failed item 2214 (675/1103)
[2025-11-02T03:24:38.406Z] 🔄 Retry attempt 1/5 for item 2214
[2025-11-02T03:24:44.526Z] ✅ Successfully recovered item 2214: Wooden Buckler
[2025-11-02T03:24:44.526Z] ⚠️ Unknown category for item 2214
[2025-11-02T03:24:47.529Z] 
🔍 Processing failed item 2215 (676/1103)
[2025-11-02T03:24:47.529Z] 🔄 Retry attempt 1/5 for item 2215
[2025-11-02T03:24:53.635Z] ✅ Successfully recovered item 2215: Wooden Shield
[2025-11-02T03:24:53.636Z] ⚠️ Unknown category for item 2215
[2025-11-02T03:24:56.637Z] 
🔍 Processing failed item 2216 (677/1103)
[2025-11-02T03:24:56.638Z] 🔄 Retry attempt 1/5 for item 2216
[2025-11-02T03:25:02.745Z] ✅ Successfully recovered item 2216: Simple Buckler
[2025-11-02T03:25:02.746Z] ⚠️ Unknown category for item 2216
[2025-11-02T03:25:05.747Z] 
🔍 Processing failed item 2217 (678/1103)
[2025-11-02T03:25:05.748Z] 🔄 Retry attempt 1/5 for item 2217
[2025-11-02T03:25:11.777Z] ✅ Successfully recovered item 2217: Rectangular Shield
[2025-11-02T03:25:11.778Z] ⚠️ Unknown category for item 2217
[2025-11-02T03:25:14.780Z] 
🔍 Processing failed item 2219 (679/1103)
[2025-11-02T03:25:14.781Z] 🔄 Retry attempt 1/5 for item 2219
[2025-11-02T03:25:20.858Z] ✅ Successfully recovered item 2219: Small Round Shield
[2025-11-02T03:25:20.858Z] ⚠️ Unknown category for item 2219
[2025-11-02T03:25:23.861Z] 
🔍 Processing failed item 2221 (680/1103)
[2025-11-02T03:25:23.862Z] 🔄 Retry attempt 1/5 for item 2221
[2025-11-02T03:25:29.783Z] ✅ Successfully recovered item 2221: Targe Shield
[2025-11-02T03:25:29.783Z] ⚠️ Unknown category for item 2221
[2025-11-02T03:25:29.784Z] 💾 Saved 0 recovered weapons items to turtle_db/recovered-weapons.json
[2025-11-02T03:25:29.784Z] 💾 Saved 0 recovered armor items to turtle_db/recovered-armor.json
[2025-11-02T03:25:32.791Z] 
🔍 Processing failed item 2222 (681/1103)
[2025-11-02T03:25:32.792Z] 🔄 Retry attempt 1/5 for item 2222
[2025-11-02T03:25:38.905Z] ✅ Successfully recovered item 2222: Tower Shield
[2025-11-02T03:25:38.905Z] ⚠️ Unknown category for item 2222
[2025-11-02T03:25:41.908Z] 
🔍 Processing failed item 2362 (682/1103)
[2025-11-02T03:25:41.909Z] 🔄 Retry attempt 1/5 for item 2362
[2025-11-02T03:25:47.798Z] ✅ Successfully recovered item 2362: Worn Wooden Shield
[2025-11-02T03:25:47.799Z] ⚠️ Unknown category for item 2362
[2025-11-02T03:25:50.800Z] 
🔍 Processing failed item 3816 (683/1103)
[2025-11-02T03:25:50.801Z] 🔄 Retry attempt 1/5 for item 3816
[2025-11-02T03:25:56.916Z] ✅ Successfully recovered item 3816: Reflective Heater
[2025-11-02T03:25:56.916Z] ⚠️ Unknown category for item 3816
[2025-11-02T03:25:59.918Z] 
🔍 Processing failed item 3817 (684/1103)
[2025-11-02T03:25:59.918Z] 🔄 Retry attempt 1/5 for item 3817
[2025-11-02T03:40:51.406Z] ✅ Successfully recovered item 3817: Reinforced Buckler
[2025-11-02T03:40:51.534Z] ⚠️ Unknown category for item 3817
[2025-11-02T03:40:54.535Z] 
🔍 Processing failed item 3986 (685/1103)
[2025-11-02T03:40:54.536Z] 🔄 Retry attempt 1/5 for item 3986
[2025-11-02T03:41:00.739Z] ✅ Successfully recovered item 3986: Protective Pavise
[2025-11-02T03:41:00.740Z] ⚠️ Unknown category for item 3986
[2025-11-02T03:41:03.739Z] 
🔍 Processing failed item 3988 (686/1103)
[2025-11-02T03:41:03.740Z] 🔄 Retry attempt 1/5 for item 3988
[2025-11-02T03:41:09.809Z] ✅ Successfully recovered item 3988: Plate Wall Shield
[2025-11-02T03:41:09.809Z] ⚠️ Unknown category for item 3988
[2025-11-02T03:41:12.810Z] 
🔍 Processing failed item 3991 (687/1103)
[2025-11-02T03:41:12.810Z] 🔄 Retry attempt 1/5 for item 3991
[2025-11-02T03:41:18.975Z] ✅ Successfully recovered item 3991: Plated Buckler
[2025-11-02T03:41:18.976Z] ⚠️ Unknown category for item 3991
[2025-11-02T03:41:21.977Z] 
🔍 Processing failed item 6434 (688/1103)
[2025-11-02T03:41:21.977Z] 🔄 Retry attempt 1/5 for item 6434
[2025-11-02T03:41:28.069Z] ✅ Successfully recovered item 6434: Monster - Shield, Stromgarde
[2025-11-02T03:41:28.069Z] ⚠️ Unknown category for item 6434
[2025-11-02T03:41:31.072Z] 
🔍 Processing failed item 12980 (689/1103)
[2025-11-02T03:41:31.072Z] 🔄 Retry attempt 1/5 for item 12980
[2025-11-02T03:41:37.253Z] ✅ Successfully recovered item 12980: Monster - Shield, Wall Metal Silver
[2025-11-02T03:41:37.254Z] ⚠️ Unknown category for item 12980
[2025-11-02T03:41:40.256Z] 
🔍 Processing failed item 12981 (690/1103)
[2025-11-02T03:41:40.256Z] 🔄 Retry attempt 1/5 for item 12981
[2025-11-02T03:41:46.350Z] ✅ Successfully recovered item 12981: Monster - Shield, Wall Metal Gold
[2025-11-02T03:41:46.351Z] ⚠️ Unknown category for item 12981
[2025-11-02T03:41:46.352Z] 💾 Saved 0 recovered weapons items to turtle_db/recovered-weapons.json
[2025-11-02T03:41:46.352Z] 💾 Saved 0 recovered armor items to turtle_db/recovered-armor.json
[2025-11-02T03:41:49.357Z] 
🔍 Processing failed item 12995 (691/1103)
[2025-11-02T03:41:49.358Z] 🔄 Retry attempt 1/5 for item 12995
[2025-11-02T03:41:55.349Z] ✅ Successfully recovered item 12995: Monster - Shield, Wall Metal Red
[2025-11-02T03:41:55.350Z] ⚠️ Unknown category for item 12995
[2025-11-02T03:41:58.351Z] 
🔍 Processing failed item 13814 (692/1103)
[2025-11-02T03:41:58.352Z] 🔄 Retry attempt 1/5 for item 13814
[2025-11-02T03:42:04.446Z] ✅ Successfully recovered item 13814: Monster - Shield, Stromgarde B03
[2025-11-02T03:42:04.446Z] ⚠️ Unknown category for item 13814
[2025-11-02T03:42:07.449Z] 
🔍 Processing failed item 23356 (693/1103)
[2025-11-02T03:42:07.449Z] 🔄 Retry attempt 1/5 for item 23356
[2025-11-02T03:42:13.550Z] ✅ Successfully recovered item 23356: Monster - Shield, Skullflame
[2025-11-02T03:42:13.551Z] ⚠️ Unknown category for item 23356
[2025-11-02T03:42:16.552Z] 
🔍 Processing failed item 81095 (694/1103)
[2025-11-02T03:42:16.553Z] 🔄 Retry attempt 1/5 for item 81095
[2025-11-02T03:42:22.548Z] ✅ Successfully recovered item 81095: Worn Thalassian Shield
[2025-11-02T03:42:22.548Z] ⚠️ Unknown category for item 81095
[2025-11-02T03:42:25.550Z] 
🔍 Processing failed item 3075 (695/1103)
[2025-11-02T03:42:25.551Z] 🔄 Retry attempt 1/5 for item 3075
[2025-11-02T03:42:31.648Z] ✅ Successfully recovered item 3075: Eye of Flame
[2025-11-02T03:42:31.649Z] ⚠️ Unknown category for item 3075
[2025-11-02T03:42:34.652Z] 
🔍 Processing failed item 11808 (696/1103)
[2025-11-02T03:42:34.653Z] 🔄 Retry attempt 1/5 for item 11808
[2025-11-02T03:42:40.753Z] ✅ Successfully recovered item 11808: Circle of Flame
[2025-11-02T03:42:40.754Z] ⚠️ Unknown category for item 11808
[2025-11-02T03:42:43.755Z] 
🔍 Processing failed item 12752 (697/1103)
[2025-11-02T03:42:43.756Z] 🔄 Retry attempt 1/5 for item 12752
[2025-11-02T03:42:49.855Z] ✅ Successfully recovered item 12752: Cap of the Scarlet Savant
[2025-11-02T03:42:49.856Z] ⚠️ Unknown category for item 12752
[2025-11-02T03:42:52.859Z] 
🔍 Processing failed item 16441 (698/1103)
[2025-11-02T03:42:52.859Z] 🔄 Retry attempt 1/5 for item 16441
[2025-11-02T03:42:58.952Z] ✅ Successfully recovered item 16441: Field Marshal's Coronet
[2025-11-02T03:42:58.953Z] ⚠️ Unknown category for item 16441
[2025-11-02T03:43:01.955Z] 
🔍 Processing failed item 16795 (699/1103)
[2025-11-02T03:43:01.955Z] 🔄 Retry attempt 1/5 for item 16795
[2025-11-02T03:43:08.060Z] ✅ Successfully recovered item 16795: Arcanist Crown
[2025-11-02T03:43:08.060Z] ⚠️ Unknown category for item 16795
[2025-11-02T03:43:11.062Z] 
🔍 Processing failed item 16808 (700/1103)
[2025-11-02T03:43:11.151Z] 🔒 Browser closed
[2025-11-02T03:43:11.151Z] 🚀 Initializing browser for retry processing...
[2025-11-02T03:43:11.468Z] ✅ Browser initialized
[2025-11-02T03:43:11.468Z] 🔄 Retry attempt 1/5 for item 16808
[2025-11-02T03:43:17.468Z] ✅ Successfully recovered item 16808: Felheart Horns
[2025-11-02T03:43:17.469Z] ⚠️ Unknown category for item 16808
[2025-11-02T03:43:17.469Z] 💾 Saved 0 recovered weapons items to turtle_db/recovered-weapons.json
[2025-11-02T03:43:17.470Z] 💾 Saved 0 recovered armor items to turtle_db/recovered-armor.json
[2025-11-02T03:43:20.476Z] 
🔍 Processing failed item 16813 (701/1103)
[2025-11-02T03:43:20.477Z] 🔄 Retry attempt 1/5 for item 16813
[2025-11-02T03:43:26.448Z] ✅ Successfully recovered item 16813: Circlet of Prophecy
[2025-11-02T03:43:26.449Z] ⚠️ Unknown category for item 16813
[2025-11-02T03:43:29.452Z] 
🔍 Processing failed item 16921 (702/1103)
[2025-11-02T03:43:29.452Z] 🔄 Retry attempt 1/5 for item 16921
[2025-11-02T03:46:32.364Z] ✅ Successfully recovered item 16921: Halo of Transcendence
[2025-11-02T03:46:32.364Z] ⚠️ Unknown category for item 16921
[2025-11-02T03:46:35.364Z] 
🔍 Processing failed item 17578 (703/1103)
[2025-11-02T03:46:35.365Z] 🔄 Retry attempt 1/5 for item 17578
[2025-11-02T03:46:47.998Z] ✅ Successfully recovered item 17578: Field Marshal's Coronal
[2025-11-02T03:46:47.999Z] ⚠️ Unknown category for item 17578
[2025-11-02T03:46:51.000Z] 
🔍 Processing failed item 17602 (704/1103)
[2025-11-02T03:46:51.001Z] 🔄 Retry attempt 1/5 for item 17602
[2025-11-02T03:46:57.101Z] ✅ Successfully recovered item 17602: Field Marshal's Headdress
[2025-11-02T03:46:57.101Z] ⚠️ Unknown category for item 17602
[2025-11-02T03:47:00.102Z] 
🔍 Processing failed item 19132 (705/1103)
[2025-11-02T03:47:00.103Z] 🔄 Retry attempt 1/5 for item 19132
[2025-11-02T03:47:06.196Z] ✅ Successfully recovered item 19132: Crystal Adorned Crown
[2025-11-02T03:47:06.197Z] ⚠️ Unknown category for item 19132
[2025-11-02T03:47:09.198Z] 
🔍 Processing failed item 19375 (706/1103)
[2025-11-02T03:47:09.199Z] 🔄 Retry attempt 1/5 for item 19375
[2025-11-02T03:47:14.861Z] ✅ Successfully recovered item 19375: Mish'undare, Circlet of the Mind Flayer
[2025-11-02T03:47:14.862Z] ⚠️ Unknown category for item 19375
[2025-11-02T03:47:17.863Z] 
🔍 Processing failed item 21337 (707/1103)
[2025-11-02T03:47:17.864Z] 🔄 Retry attempt 1/5 for item 21337
[2025-11-02T03:47:23.992Z] ✅ Successfully recovered item 21337: Doomcaller's Circlet
[2025-11-02T03:47:23.992Z] ⚠️ Unknown category for item 21337
[2025-11-02T03:47:26.994Z] 
🔍 Processing failed item 21347 (708/1103)
[2025-11-02T03:47:26.995Z] 🔄 Retry attempt 1/5 for item 21347
[2025-11-02T03:47:32.662Z] ✅ Successfully recovered item 21347: Enigma Circlet
[2025-11-02T03:47:32.663Z] ⚠️ Unknown category for item 21347
[2025-11-02T03:47:35.665Z] 
🔍 Processing failed item 21472 (709/1103)
[2025-11-02T03:47:35.665Z] 🔄 Retry attempt 1/5 for item 21472
[2025-11-02T03:47:41.672Z] ✅ Successfully recovered item 21472: Dustwind Turban
[2025-11-02T03:47:41.672Z] ⚠️ Unknown category for item 21472
[2025-11-02T03:47:44.674Z] 
🔍 Processing failed item 21517 (710/1103)
[2025-11-02T03:47:44.674Z] 🔄 Retry attempt 1/5 for item 21517
[2025-11-02T03:47:50.686Z] ✅ Successfully recovered item 21517: Gnomish Turban of Psychic Might
[2025-11-02T03:47:50.687Z] ⚠️ Unknown category for item 21517
[2025-11-02T03:47:50.688Z] 💾 Saved 0 recovered weapons items to turtle_db/recovered-weapons.json
[2025-11-02T03:47:50.688Z] 💾 Saved 0 recovered armor items to turtle_db/recovered-armor.json
[2025-11-02T03:47:53.695Z] 
🔍 Processing failed item 4718 (711/1103)
[2025-11-02T03:47:53.695Z] 🔄 Retry attempt 1/5 for item 4718
[2025-11-02T03:47:59.785Z] ✅ Successfully recovered item 4718: Nightsky Mantle
[2025-11-02T03:47:59.786Z] ⚠️ Unknown category for item 4718
[2025-11-02T03:48:02.788Z] 
🔍 Processing failed item 4734 (712/1103)
[2025-11-02T03:48:02.789Z] 🔄 Retry attempt 1/5 for item 4734
[2025-11-02T03:48:08.822Z] ✅ Successfully recovered item 4734: Mistscape Mantle
[2025-11-02T03:48:08.823Z] ⚠️ Unknown category for item 4734
[2025-11-02T03:48:11.825Z] 
🔍 Processing failed item 5274 (713/1103)
[2025-11-02T03:48:11.826Z] 🔄 Retry attempt 1/5 for item 5274
[2025-11-02T03:48:17.997Z] ✅ Successfully recovered item 5274: Rose Mantle
[2025-11-02T03:48:17.997Z] ⚠️ Unknown category for item 5274
[2025-11-02T03:48:20.999Z] 
🔍 Processing failed item 6395 (714/1103)
[2025-11-02T03:48:21.000Z] 🔄 Retry attempt 1/5 for item 6395
[2025-11-02T03:48:27.008Z] ✅ Successfully recovered item 6395: Silver-thread Amice
[2025-11-02T03:48:27.009Z] ⚠️ Unknown category for item 6395
[2025-11-02T03:48:30.011Z] 
🔍 Processing failed item 6617 (715/1103)
[2025-11-02T03:48:30.011Z] 🔄 Retry attempt 1/5 for item 6617
[2025-11-02T03:48:36.120Z] ✅ Successfully recovered item 6617: Sage's Mantle
[2025-11-02T03:48:36.121Z] ⚠️ Unknown category for item 6617
[2025-11-02T03:48:39.122Z] 
🔍 Processing failed item 7057 (716/1103)
[2025-11-02T03:48:39.123Z] 🔄 Retry attempt 1/5 for item 7057
[2025-11-02T03:56:23.776Z] ✅ Successfully recovered item 7057: Green Silken Shoulders
[2025-11-02T03:56:23.776Z] ⚠️ Unknown category for item 7057
[2025-11-02T03:56:26.777Z] 
🔍 Processing failed item 7473 (717/1103)
[2025-11-02T03:56:26.778Z] 🔄 Retry attempt 1/5 for item 7473
[2025-11-02T03:56:32.978Z] ✅ Successfully recovered item 7473: Regal Mantle
[2025-11-02T03:56:32.979Z] ⚠️ Unknown category for item 7473
[2025-11-02T03:56:35.980Z] 
🔍 Processing failed item 7523 (718/1103)
[2025-11-02T03:56:35.981Z] 🔄 Retry attempt 1/5 for item 7523
[2025-11-02T03:56:42.043Z] ✅ Successfully recovered item 7523: Gossamer Shoulderpads
[2025-11-02T03:56:42.044Z] ⚠️ Unknown category for item 7523
[2025-11-02T03:56:45.046Z] 
🔍 Processing failed item 7712 (719/1103)
[2025-11-02T03:56:45.047Z] 🔄 Retry attempt 1/5 for item 7712
[2025-11-02T03:56:51.095Z] ✅ Successfully recovered item 7712: Mantle of Doan
[2025-11-02T03:56:51.095Z] ⚠️ Unknown category for item 7712
[2025-11-02T03:56:54.097Z] 
🔍 Processing failed item 7750 (720/1103)
[2025-11-02T03:56:54.098Z] 🔄 Retry attempt 1/5 for item 7750
[2025-11-02T03:57:00.196Z] ✅ Successfully recovered item 7750: Mantle of Woe
[2025-11-02T03:57:00.197Z] ⚠️ Unknown category for item 7750
[2025-11-02T03:57:00.198Z] 💾 Saved 0 recovered weapons items to turtle_db/recovered-weapons.json
[2025-11-02T03:57:00.198Z] 💾 Saved 0 recovered armor items to turtle_db/recovered-armor.json
[2025-11-02T03:57:03.205Z] 
🔍 Processing failed item 8111 (721/1103)
[2025-11-02T03:57:03.205Z] 🔄 Retry attempt 1/5 for item 8111
[2025-11-02T03:57:09.329Z] ✅ Successfully recovered item 8111: Hibernal Mantle
[2025-11-02T03:57:09.329Z] ⚠️ Unknown category for item 8111
[2025-11-02T03:57:12.331Z] 
🔍 Processing failed item 8250 (722/1103)
[2025-11-02T03:57:12.332Z] 🔄 Retry attempt 1/5 for item 8250
[2025-11-02T03:57:18.451Z] ✅ Successfully recovered item 8250: Imperial Red Mantle
[2025-11-02T03:57:18.452Z] ⚠️ Unknown category for item 8250
[2025-11-02T03:57:21.454Z] 
🔍 Processing failed item 9536 (723/1103)
[2025-11-02T03:57:21.455Z] 🔄 Retry attempt 1/5 for item 9536
[2025-11-02T03:57:27.554Z] ✅ Successfully recovered item 9536: Fairywing Mantle
[2025-11-02T03:57:27.555Z] ⚠️ Unknown category for item 9536
[2025-11-02T03:57:30.557Z] 
🔍 Processing failed item 9796 (724/1103)
[2025-11-02T03:57:30.558Z] 🔄 Retry attempt 1/5 for item 9796
[2025-11-02T03:57:36.679Z] ✅ Successfully recovered item 9796: Ivycloth Mantle
[2025-11-02T03:57:36.679Z] ⚠️ Unknown category for item 9796
[2025-11-02T03:57:39.682Z] 
🔍 Processing failed item 9881 (725/1103)
[2025-11-02T03:57:39.682Z] 🔄 Retry attempt 1/5 for item 9881
[2025-11-02T03:57:45.801Z] ✅ Successfully recovered item 9881: Sorcerer Mantle
[2025-11-02T03:57:45.802Z] ⚠️ Unknown category for item 9881
[2025-11-02T03:57:48.803Z] 
🔍 Processing failed item 9912 (726/1103)
[2025-11-02T03:57:48.803Z] 🔄 Retry attempt 1/5 for item 9912
[2025-11-02T03:57:54.902Z] ✅ Successfully recovered item 9912: Royal Amice
[2025-11-02T03:57:54.903Z] ⚠️ Unknown category for item 9912
[2025-11-02T03:57:57.905Z] 
🔍 Processing failed item 10028 (727/1103)
[2025-11-02T03:57:57.906Z] 🔄 Retry attempt 1/5 for item 10028
[2025-11-02T03:58:04.005Z] ✅ Successfully recovered item 10028: Shadoweave Shoulders
[2025-11-02T03:58:04.006Z] ⚠️ Unknown category for item 10028
[2025-11-02T03:58:07.009Z] 
🔍 Processing failed item 10029 (728/1103)
[2025-11-02T03:58:07.009Z] 🔄 Retry attempt 1/5 for item 10029
[2025-11-02T03:58:13.194Z] ✅ Successfully recovered item 10029: Red Mageweave Shoulders
[2025-11-02T03:58:13.194Z] ⚠️ Unknown category for item 10029
[2025-11-02T03:58:16.195Z] 
🔍 Processing failed item 10038 (729/1103)
[2025-11-02T03:58:16.196Z] 🔄 Retry attempt 1/5 for item 10038
[2025-11-02T03:58:22.381Z] ✅ Successfully recovered item 10038: Stormcloth Shoulders
[2025-11-02T03:58:22.381Z] ⚠️ Unknown category for item 10038
[2025-11-02T03:58:25.384Z] 
🔍 Processing failed item 10142 (730/1103)
[2025-11-02T03:58:25.385Z] 🔄 Retry attempt 1/5 for item 10142
[2025-11-02T04:11:49.822Z] ✅ Successfully recovered item 10142: High Councillor's Mantle
[2025-11-02T04:11:49.823Z] ⚠️ Unknown category for item 10142
[2025-11-02T04:11:49.823Z] 💾 Saved 0 recovered weapons items to turtle_db/recovered-weapons.json
[2025-11-02T04:11:49.824Z] 💾 Saved 0 recovered armor items to turtle_db/recovered-armor.json
[2025-11-02T04:11:52.830Z] 
🔍 Processing failed item 10172 (731/1103)
[2025-11-02T04:11:52.831Z] 🔄 Retry attempt 1/5 for item 10172
[2025-11-02T04:11:59.022Z] ✅ Successfully recovered item 10172: Mystical Mantle
[2025-11-02T04:11:59.023Z] ⚠️ Unknown category for item 10172
[2025-11-02T04:12:02.025Z] 
🔍 Processing failed item 10253 (732/1103)
[2025-11-02T04:12:02.026Z] 🔄 Retry attempt 1/5 for item 10253
[2025-11-02T04:12:19.166Z] ✅ Successfully recovered item 10253: Master's Mantle
[2025-11-02T04:12:19.167Z] ⚠️ Unknown category for item 10253
[2025-11-02T04:12:22.169Z] 
🔍 Processing failed item 10287 (733/1103)
[2025-11-02T04:12:22.170Z] 🔄 Retry attempt 1/5 for item 10287
[2025-11-02T04:12:28.127Z] ✅ Successfully recovered item 10287: Greenweave Mantle
[2025-11-02T04:12:28.128Z] ⚠️ Unknown category for item 10287
[2025-11-02T04:12:31.130Z] 
🔍 Processing failed item 10657 (734/1103)
[2025-11-02T04:12:31.130Z] 🔄 Retry attempt 1/5 for item 10657
[2025-11-02T04:12:37.225Z] ✅ Successfully recovered item 10657: Talbar Mantle
[2025-11-02T04:12:37.226Z] ⚠️ Unknown category for item 10657
[2025-11-02T04:12:40.228Z] 
🔍 Processing failed item 11884 (735/1103)
[2025-11-02T04:12:40.228Z] 🔄 Retry attempt 1/5 for item 11884
[2025-11-02T04:12:46.317Z] ✅ Successfully recovered item 11884: Moonlit Amice
[2025-11-02T04:12:46.317Z] ⚠️ Unknown category for item 11884
[2025-11-02T04:12:49.320Z] 
🔍 Processing failed item 13867 (736/1103)
[2025-11-02T04:12:49.321Z] 🔄 Retry attempt 1/5 for item 13867
[2025-11-02T04:12:55.449Z] ✅ Successfully recovered item 13867: Runecloth Shoulders
[2025-11-02T04:12:55.450Z] ⚠️ Unknown category for item 13867
[2025-11-02T04:12:58.452Z] 
🔍 Processing failed item 14112 (737/1103)
[2025-11-02T04:12:58.453Z] 🔄 Retry attempt 1/5 for item 14112
[2025-11-02T04:13:04.673Z] ✅ Successfully recovered item 14112: Felcloth Shoulders
[2025-11-02T04:13:04.674Z] ⚠️ Unknown category for item 14112
[2025-11-02T04:13:07.675Z] 
🔍 Processing failed item 14186 (738/1103)
[2025-11-02T04:13:07.676Z] 🔄 Retry attempt 1/5 for item 14186
[2025-11-02T04:13:13.791Z] ✅ Successfully recovered item 14186: Raincaller Mantle
[2025-11-02T04:13:13.791Z] ⚠️ Unknown category for item 14186
[2025-11-02T04:13:16.794Z] 
🔍 Processing failed item 14223 (739/1103)
[2025-11-02T04:13:16.795Z] 🔄 Retry attempt 1/5 for item 14223
[2025-11-02T04:13:22.909Z] ✅ Successfully recovered item 14223: Geomancer's Spaulders
[2025-11-02T04:13:22.910Z] ⚠️ Unknown category for item 14223
[2025-11-02T04:13:25.912Z] 
🔍 Processing failed item 14247 (740/1103)
[2025-11-02T04:13:25.913Z] 🔄 Retry attempt 1/5 for item 14247
[2025-11-02T04:13:44.540Z] ✅ Successfully recovered item 14247: Lunar Mantle
[2025-11-02T04:13:44.540Z] ⚠️ Unknown category for item 14247
[2025-11-02T04:13:44.541Z] 💾 Saved 0 recovered weapons items to turtle_db/recovered-weapons.json
[2025-11-02T04:13:44.542Z] 💾 Saved 0 recovered armor items to turtle_db/recovered-armor.json
[2025-11-02T04:13:47.547Z] 
🔍 Processing failed item 14273 (741/1103)
[2025-11-02T04:13:47.548Z] 🔄 Retry attempt 1/5 for item 14273
[2025-11-02T04:13:53.669Z] ✅ Successfully recovered item 14273: Gaea's Amice
[2025-11-02T04:13:53.670Z] ⚠️ Unknown category for item 14273
[2025-11-02T04:13:56.672Z] 
🔍 Processing failed item 14278 (742/1103)
[2025-11-02T04:13:56.673Z] 🔄 Retry attempt 1/5 for item 14278
[2025-11-02T04:14:02.789Z] ✅ Successfully recovered item 14278: Opulent Mantle
[2025-11-02T04:14:02.790Z] ⚠️ Unknown category for item 14278
[2025-11-02T04:14:05.792Z] 
🔍 Processing failed item 14325 (743/1103)
[2025-11-02T04:14:05.792Z] 🔄 Retry attempt 1/5 for item 14325
[2025-11-02T04:29:13.459Z] ✅ Successfully recovered item 14325: Resplendent Epaulets
[2025-11-02T04:29:13.459Z] ⚠️ Unknown category for item 14325
[2025-11-02T04:29:16.461Z] 
🔍 Processing failed item 14378 (744/1103)
[2025-11-02T04:29:16.462Z] 🔄 Retry attempt 1/5 for item 14378
[2025-11-02T04:29:29.108Z] ✅ Successfully recovered item 14378: Sanguine Mantle
[2025-11-02T04:29:29.109Z] ⚠️ Unknown category for item 14378
[2025-11-02T04:29:32.111Z] 
🔍 Processing failed item 14397 (745/1103)
[2025-11-02T04:29:32.112Z] 🔄 Retry attempt 1/5 for item 14397
[2025-11-02T04:29:38.125Z] ✅ Successfully recovered item 14397: Resilient Mantle
[2025-11-02T04:29:38.126Z] ⚠️ Unknown category for item 14397
[2025-11-02T04:29:41.128Z] 
🔍 Processing failed item 14412 (746/1103)
[2025-11-02T04:29:41.129Z] 🔄 Retry attempt 1/5 for item 14412
[2025-11-02T04:29:46.944Z] ✅ Successfully recovered item 14412: Stonecloth Epaulets
[2025-11-02T04:29:46.944Z] ⚠️ Unknown category for item 14412
[2025-11-02T04:29:49.947Z] 
🔍 Processing failed item 14423 (747/1103)
[2025-11-02T04:29:49.947Z] 🔄 Retry attempt 1/5 for item 14423
[2025-11-02T04:29:56.076Z] ✅ Successfully recovered item 14423: Silksand Shoulder Pads
[2025-11-02T04:29:56.077Z] ⚠️ Unknown category for item 14423
[2025-11-02T04:29:59.080Z] 
🔍 Processing failed item 14452 (748/1103)
[2025-11-02T04:29:59.081Z] 🔄 Retry attempt 1/5 for item 14452
[2025-11-02T04:30:04.953Z] ✅ Successfully recovered item 14452: Highborne Pauldrons
[2025-11-02T04:30:04.954Z] ⚠️ Unknown category for item 14452
[2025-11-02T04:30:07.956Z] 
🔍 Processing failed item 15812 (749/1103)
[2025-11-02T04:30:07.957Z] 🔄 Retry attempt 1/5 for item 15812
[2025-11-02T04:30:14.057Z] ✅ Successfully recovered item 15812: Orchid Amice
[2025-11-02T04:30:14.058Z] ⚠️ Unknown category for item 15812
[2025-11-02T04:30:17.058Z] 
🔍 Processing failed item 17047 (750/1103)
[2025-11-02T04:30:17.144Z] 🔒 Browser closed
[2025-11-02T04:30:17.144Z] 🚀 Initializing browser for retry processing...
[2025-11-02T04:30:17.469Z] ✅ Browser initialized
[2025-11-02T04:30:17.469Z] 🔄 Retry attempt 1/5 for item 17047
[2025-11-02T04:47:14.924Z] ✅ Successfully recovered item 17047: Luminescent Amice
[2025-11-02T04:47:15.054Z] ⚠️ Unknown category for item 17047
[2025-11-02T04:47:15.054Z] 💾 Saved 0 recovered weapons items to turtle_db/recovered-weapons.json
[2025-11-02T04:47:15.054Z] 💾 Saved 0 recovered armor items to turtle_db/recovered-armor.json
[2025-11-02T04:47:18.059Z] 
🔍 Processing failed item 19507 (751/1103)
[2025-11-02T04:47:18.060Z] 🔄 Retry attempt 1/5 for item 19507
[2025-11-02T04:47:30.711Z] ✅ Successfully recovered item 19507: Inquisitor's Shawl
[2025-11-02T04:47:30.711Z] ⚠️ Unknown category for item 19507
[2025-11-02T04:47:33.712Z] 
🔍 Processing failed item 58066 (752/1103)
[2025-11-02T04:47:33.713Z] 🔄 Retry attempt 1/5 for item 58066
[2025-11-02T04:47:39.763Z] ✅ Successfully recovered item 58066: Seabreeze Mantle
[2025-11-02T04:47:39.764Z] ⚠️ Unknown category for item 58066
[2025-11-02T04:47:42.767Z] 
🔍 Processing failed item 58267 (753/1103)
[2025-11-02T04:47:42.768Z] 🔄 Retry attempt 1/5 for item 58267
[2025-11-02T04:47:48.868Z] ✅ Successfully recovered item 58267: Sunkissed Shoulderpads
[2025-11-02T04:47:48.869Z] ⚠️ Unknown category for item 58267
[2025-11-02T04:47:51.870Z] 
🔍 Processing failed item 81354 (754/1103)
[2025-11-02T04:47:51.871Z] 🔄 Retry attempt 1/5 for item 81354
[2025-11-02T04:47:58.347Z] 🔄 Retry attempt 2/5 for item 81354
[2025-11-02T04:47:58.348Z] ⏳ Waiting 15 seconds before retry...
[2025-11-02T04:48:19.507Z] ✅ Successfully recovered item 81354: Mantle of Arcane Art
[2025-11-02T04:48:19.509Z] ⚠️ Unknown category for item 81354
[2025-11-02T04:48:22.511Z] 
🔍 Processing failed item 83293 (755/1103)
[2025-11-02T04:48:22.512Z] 🔄 Retry attempt 1/5 for item 83293
[2025-11-02T04:48:28.706Z] ✅ Successfully recovered item 83293: Pillager's Amice
[2025-11-02T04:48:28.707Z] ⚠️ Unknown category for item 83293
[2025-11-02T04:48:31.710Z] 
🔍 Processing failed item 4314 (756/1103)
[2025-11-02T04:48:31.711Z] 🔄 Retry attempt 1/5 for item 4314
[2025-11-02T04:48:37.814Z] ✅ Successfully recovered item 4314: Double-stitched Woolen Shoulders
[2025-11-02T04:48:37.814Z] ⚠️ Unknown category for item 4314
[2025-11-02T04:48:40.816Z] 
🔍 Processing failed item 4698 (757/1103)
[2025-11-02T04:48:40.816Z] 🔄 Retry attempt 1/5 for item 4698
[2025-11-02T04:48:46.921Z] ✅ Successfully recovered item 4698: Seer's Mantle
[2025-11-02T04:48:46.921Z] ⚠️ Unknown category for item 4698
[2025-11-02T04:48:49.923Z] 
🔍 Processing failed item 6566 (758/1103)
[2025-11-02T04:48:49.924Z] 🔄 Retry attempt 1/5 for item 6566
[2025-11-02T04:48:55.916Z] ✅ Successfully recovered item 6566: Shimmering Amice
[2025-11-02T04:48:55.917Z] ⚠️ Unknown category for item 6566
[2025-11-02T04:48:58.919Z] 
🔍 Processing failed item 6664 (759/1103)
[2025-11-02T04:48:58.920Z] 🔄 Retry attempt 1/5 for item 6664
[2025-11-02T04:49:05.021Z] ✅ Successfully recovered item 6664: Voodoo Mantle
[2025-11-02T04:49:05.022Z] ⚠️ Unknown category for item 6664
[2025-11-02T04:49:08.023Z] 
🔍 Processing failed item 7435 (760/1103)
[2025-11-02T04:49:08.024Z] 🔄 Retry attempt 1/5 for item 7435
[2025-11-02T04:49:14.025Z] ✅ Successfully recovered item 7435: Twilight Mantle
[2025-11-02T04:49:14.026Z] ⚠️ Unknown category for item 7435
[2025-11-02T04:49:14.027Z] 💾 Saved 0 recovered weapons items to turtle_db/recovered-weapons.json
[2025-11-02T04:49:14.028Z] 💾 Saved 0 recovered armor items to turtle_db/recovered-armor.json
[2025-11-02T04:49:17.033Z] 
🔍 Processing failed item 14126 (761/1103)
[2025-11-02T04:49:17.034Z] 🔄 Retry attempt 1/5 for item 14126
[2025-11-02T04:49:23.132Z] ✅ Successfully recovered item 14126: Ritual Amice
[2025-11-02T04:49:23.132Z] ⚠️ Unknown category for item 14126
[2025-11-02T04:49:26.135Z] 
🔍 Processing failed item 14157 (762/1103)
[2025-11-02T04:49:26.135Z] 🔄 Retry attempt 1/5 for item 14157
[2025-11-02T04:49:32.129Z] ✅ Successfully recovered item 14157: Pagan Mantle
[2025-11-02T04:49:32.130Z] ⚠️ Unknown category for item 14157
[2025-11-02T04:49:35.132Z] 
🔍 Processing failed item 14169 (763/1103)
[2025-11-02T04:49:35.133Z] 🔄 Retry attempt 1/5 for item 14169
[2025-11-02T04:49:41.234Z] ✅ Successfully recovered item 14169: Aboriginal Shoulder Pads
[2025-11-02T04:49:41.234Z] ⚠️ Unknown category for item 14169
[2025-11-02T04:49:44.237Z] 
🔍 Processing failed item 14170 (764/1103)
[2025-11-02T04:49:44.238Z] 🔄 Retry attempt 1/5 for item 14170
[2025-11-02T05:01:05.246Z] ✅ Successfully recovered item 14170: Buccaneer's Mantle
[2025-11-02T05:01:05.368Z] ⚠️ Unknown category for item 14170
[2025-11-02T05:01:08.369Z] 
🔍 Processing failed item 14182 (765/1103)
[2025-11-02T05:01:08.370Z] 🔄 Retry attempt 1/5 for item 14182
[2025-11-02T05:01:14.569Z] ✅ Successfully recovered item 14182: Watcher's Mantle
[2025-11-02T05:01:14.570Z] ⚠️ Unknown category for item 14182
[2025-11-02T05:01:17.571Z] 
🔍 Processing failed item 14201 (766/1103)
[2025-11-02T05:01:17.572Z] 🔄 Retry attempt 1/5 for item 14201
[2025-11-02T05:01:23.565Z] ✅ Successfully recovered item 14201: Thistlefur Mantle
[2025-11-02T05:01:23.566Z] ⚠️ Unknown category for item 14201
[2025-11-02T05:01:26.567Z] 
🔍 Processing failed item 14212 (767/1103)
[2025-11-02T05:01:26.568Z] 🔄 Retry attempt 1/5 for item 14212
[2025-11-02T05:01:32.681Z] ✅ Successfully recovered item 14212: Vital Shoulders
[2025-11-02T05:01:32.682Z] ⚠️ Unknown category for item 14212
[2025-11-02T05:01:35.684Z] 
🔍 Processing failed item 14368 (768/1103)
[2025-11-02T05:01:35.685Z] 🔄 Retry attempt 1/5 for item 14368
[2025-11-02T05:01:41.703Z] ✅ Successfully recovered item 14368: Mystic's Shoulder Pads
[2025-11-02T05:01:41.703Z] ⚠️ Unknown category for item 14368
[2025-11-02T05:01:44.706Z] 
🔍 Processing failed item 14432 (769/1103)
[2025-11-02T05:01:44.707Z] 🔄 Retry attempt 1/5 for item 14432
[2025-11-02T05:01:50.781Z] ✅ Successfully recovered item 14432: Windchaser Amice
[2025-11-02T05:01:50.782Z] ⚠️ Unknown category for item 14432
[2025-11-02T05:01:53.784Z] 
🔍 Processing failed item 14443 (770/1103)
[2025-11-02T05:01:53.786Z] 🔄 Retry attempt 1/5 for item 14443
[2025-11-02T05:01:59.823Z] ✅ Successfully recovered item 14443: Venomshroud Mantle
[2025-11-02T05:01:59.824Z] ⚠️ Unknown category for item 14443
[2025-11-02T05:01:59.825Z] 💾 Saved 0 recovered weapons items to turtle_db/recovered-weapons.json
[2025-11-02T05:01:59.825Z] 💾 Saved 0 recovered armor items to turtle_db/recovered-armor.json
[2025-11-02T05:02:02.832Z] 
🔍 Processing failed item 20406 (771/1103)
[2025-11-02T05:02:02.833Z] 🔄 Retry attempt 1/5 for item 20406
[2025-11-02T05:02:08.902Z] ✅ Successfully recovered item 20406: Twilight Cultist Mantle
[2025-11-02T05:02:08.903Z] ⚠️ Unknown category for item 20406
[2025-11-02T05:02:11.905Z] 
🔍 Processing failed item 23324 (772/1103)
[2025-11-02T05:02:11.905Z] 🔄 Retry attempt 1/5 for item 23324
[2025-11-02T05:02:17.928Z] ✅ Successfully recovered item 23324: Mantle of the Fire Festival
[2025-11-02T05:02:17.929Z] ⚠️ Unknown category for item 23324
[2025-11-02T05:02:20.932Z] 
🔍 Processing failed item 41487 (773/1103)
[2025-11-02T05:02:20.932Z] 🔄 Retry attempt 1/5 for item 41487
[2025-11-02T05:02:26.999Z] ✅ Successfully recovered item 41487: Pall of the Black Rose
[2025-11-02T05:02:27.000Z] ⚠️ Unknown category for item 41487
[2025-11-02T05:02:30.003Z] 
🔍 Processing failed item 41621 (774/1103)
[2025-11-02T05:02:30.003Z] 🔄 Retry attempt 1/5 for item 41621
[2025-11-02T05:02:36.266Z] ✅ Successfully recovered item 41621: Mantle of the Long Night
[2025-11-02T05:02:36.266Z] ⚠️ Unknown category for item 41621
[2025-11-02T05:02:39.268Z] 
🔍 Processing failed item 41622 (775/1103)
[2025-11-02T05:02:39.269Z] 🔄 Retry attempt 1/5 for item 41622
[2025-11-02T05:02:45.364Z] ✅ Successfully recovered item 41622: Mantle of Winter Nights
[2025-11-02T05:02:45.364Z] ⚠️ Unknown category for item 41622
[2025-11-02T05:02:48.366Z] 
🔍 Processing failed item 41623 (776/1103)
[2025-11-02T05:02:48.367Z] 🔄 Retry attempt 1/5 for item 41623
[2025-11-02T05:02:54.460Z] ✅ Successfully recovered item 41623: Greatfather's Mantle
[2025-11-02T05:02:54.461Z] ⚠️ Unknown category for item 41623
[2025-11-02T05:02:57.463Z] 
🔍 Processing failed item 41624 (777/1103)
[2025-11-02T05:02:57.464Z] 🔄 Retry attempt 1/5 for item 41624
[2025-11-02T05:03:03.459Z] ✅ Successfully recovered item 41624: Holiday Velvet Mantle
[2025-11-02T05:03:03.460Z] ⚠️ Unknown category for item 41624
[2025-11-02T05:03:06.462Z] 
🔍 Processing failed item 41625 (778/1103)
[2025-11-02T05:03:06.463Z] 🔄 Retry attempt 1/5 for item 41625
[2025-11-02T05:03:12.559Z] ✅ Successfully recovered item 41625: Frosty Mantle
[2025-11-02T05:03:12.559Z] ⚠️ Unknown category for item 41625
[2025-11-02T05:03:15.562Z] 
🔍 Processing failed item 41626 (779/1103)
[2025-11-02T05:03:15.563Z] 🔄 Retry attempt 1/5 for item 41626
[2025-11-02T05:03:21.641Z] ✅ Successfully recovered item 41626: Wintry Mantle
[2025-11-02T05:03:21.642Z] ⚠️ Unknown category for item 41626
[2025-11-02T05:03:24.644Z] 
🔍 Processing failed item 41627 (780/1103)
[2025-11-02T05:03:24.644Z] 🔄 Retry attempt 1/5 for item 41627
[2025-11-02T05:03:30.744Z] ✅ Successfully recovered item 41627: Fur-trimmed Fir Mantle
[2025-11-02T05:03:30.745Z] ⚠️ Unknown category for item 41627
[2025-11-02T05:03:30.746Z] 💾 Saved 0 recovered weapons items to turtle_db/recovered-weapons.json
[2025-11-02T05:03:30.746Z] 💾 Saved 0 recovered armor items to turtle_db/recovered-armor.json
[2025-11-02T05:03:33.754Z] 
🔍 Processing failed item 41628 (781/1103)
[2025-11-02T05:03:33.754Z] 🔄 Retry attempt 1/5 for item 41628
[2025-11-02T05:03:39.745Z] ✅ Successfully recovered item 41628: Evergreen Mantle
[2025-11-02T05:03:39.746Z] ⚠️ Unknown category for item 41628
[2025-11-02T05:19:15.298Z] 
🔍 Processing failed item 49990 (782/1103)
[2025-11-02T05:19:15.425Z] 🔄 Retry attempt 1/5 for item 49990
[2025-11-02T05:19:21.937Z] ✅ Successfully recovered item 49990: Turtle Shell Pauldrons
[2025-11-02T05:19:21.938Z] ⚠️ Unknown category for item 49990
[2025-11-02T05:19:24.939Z] 
🔍 Processing failed item 49991 (783/1103)
[2025-11-02T05:19:24.940Z] 🔄 Retry attempt 1/5 for item 49991
[2025-11-02T05:19:31.017Z] ✅ Successfully recovered item 49991: Sea Turtle Shell Pauldrons
[2025-11-02T05:19:31.018Z] ⚠️ Unknown category for item 49991
[2025-11-02T05:19:34.021Z] 
🔍 Processing failed item 50040 (784/1103)
[2025-11-02T05:19:34.022Z] 🔄 Retry attempt 1/5 for item 50040
[2025-11-02T05:19:40.119Z] ✅ Successfully recovered item 50040: High Inquisitor's Shoulders
[2025-11-02T05:19:40.119Z] ⚠️ Unknown category for item 50040
[2025-11-02T05:19:43.122Z] 
🔍 Processing failed item 50099 (785/1103)
[2025-11-02T05:19:43.122Z] 🔄 Retry attempt 1/5 for item 50099
[2025-11-02T05:19:49.118Z] ✅ Successfully recovered item 50099: Scholomance Academy Shoulders
[2025-11-02T05:19:49.118Z] ⚠️ Unknown category for item 50099
[2025-11-02T05:19:52.121Z] 
🔍 Processing failed item 50305 (786/1103)
[2025-11-02T05:19:52.122Z] 🔄 Retry attempt 1/5 for item 50305
[2025-11-02T05:19:58.214Z] ✅ Successfully recovered item 50305: Ironforge Guard's Shoulders
[2025-11-02T05:19:58.215Z] ⚠️ Unknown category for item 50305
[2025-11-02T05:20:01.217Z] 
🔍 Processing failed item 50313 (787/1103)
[2025-11-02T05:20:01.217Z] 🔄 Retry attempt 1/5 for item 50313
[2025-11-02T05:20:07.129Z] ✅ Successfully recovered item 50313: Stormwind Guard's Shoulders
[2025-11-02T05:20:07.129Z] ⚠️ Unknown category for item 50313
[2025-11-02T05:20:10.132Z] 
🔍 Processing failed item 50321 (788/1103)
[2025-11-02T05:20:10.133Z] 🔄 Retry attempt 1/5 for item 50321
[2025-11-02T05:20:16.226Z] ✅ Successfully recovered item 50321: Kul Tiras Marine Shoulders
[2025-11-02T05:20:16.226Z] ⚠️ Unknown category for item 50321
[2025-11-02T05:20:19.228Z] 
🔍 Processing failed item 50328 (789/1103)
[2025-11-02T05:20:19.228Z] 🔄 Retry attempt 1/5 for item 50328
[2025-11-02T05:20:25.346Z] ✅ Successfully recovered item 50328: Theramore Guard's Shoulders
[2025-11-02T05:20:25.347Z] ⚠️ Unknown category for item 50328
[2025-11-02T05:20:28.349Z] 
🔍 Processing failed item 50335 (790/1103)
[2025-11-02T05:20:28.350Z] 🔄 Retry attempt 1/5 for item 50335
[2025-11-02T05:20:34.440Z] ✅ Successfully recovered item 50335: Stromgarde Guard's Shoulders
[2025-11-02T05:20:34.441Z] ⚠️ Unknown category for item 50335
[2025-11-02T05:20:34.442Z] 💾 Saved 0 recovered weapons items to turtle_db/recovered-weapons.json
[2025-11-02T05:20:34.442Z] 💾 Saved 0 recovered armor items to turtle_db/recovered-armor.json
[2025-11-02T05:20:37.450Z] 
🔍 Processing failed item 50367 (791/1103)
[2025-11-02T05:20:37.451Z] 🔄 Retry attempt 1/5 for item 50367
[2025-11-02T05:20:43.564Z] ✅ Successfully recovered item 50367: Orgrimmar Grunt Pauldrons
[2025-11-02T05:20:43.564Z] ⚠️ Unknown category for item 50367
[2025-11-02T05:20:46.567Z] 
🔍 Processing failed item 50373 (792/1103)
[2025-11-02T05:20:46.568Z] 🔄 Retry attempt 1/5 for item 50373
[2025-11-02T05:20:52.666Z] ✅ Successfully recovered item 50373: Thunder Bluff Guard's Shoulders
[2025-11-02T05:20:52.666Z] ⚠️ Unknown category for item 50373
[2025-11-02T05:20:55.668Z] 
🔍 Processing failed item 50390 (793/1103)
[2025-11-02T05:20:55.669Z] 🔄 Retry attempt 1/5 for item 50390
[2025-11-02T05:21:01.791Z] ✅ Successfully recovered item 50390: Darnassus Sentinel Shoulderpads
[2025-11-02T05:21:01.791Z] ⚠️ Unknown category for item 50390
[2025-11-02T05:21:04.794Z] 
🔍 Processing failed item 50414 (794/1103)
[2025-11-02T05:21:04.795Z] 🔄 Retry attempt 1/5 for item 50414
[2025-11-02T05:21:10.889Z] ✅ Successfully recovered item 50414: Sen'jin Guard's Shoulders
[2025-11-02T05:21:10.889Z] ⚠️ Unknown category for item 50414
[2025-11-02T05:21:13.891Z] 
🔍 Processing failed item 50505 (795/1103)
[2025-11-02T05:21:13.892Z] 🔄 Retry attempt 1/5 for item 50505
[2025-11-02T05:21:19.989Z] ✅ Successfully recovered item 50505: Darkmaster's Shoulders
[2025-11-02T05:21:19.989Z] ⚠️ Unknown category for item 50505
[2025-11-02T05:21:22.991Z] 
🔍 Processing failed item 50518 (796/1103)
[2025-11-02T05:21:22.992Z] 🔄 Retry attempt 1/5 for item 50518
[2025-11-02T05:21:29.089Z] ✅ Successfully recovered item 50518: Necromancer's Shoulders
[2025-11-02T05:21:29.090Z] ⚠️ Unknown category for item 50518
[2025-11-02T05:21:32.091Z] 
🔍 Processing failed item 51008 (797/1103)
[2025-11-02T05:21:32.092Z] 🔄 Retry attempt 1/5 for item 51008
[2025-11-02T05:21:38.186Z] ✅ Successfully recovered item 51008: Sentinel's Sholders
[2025-11-02T05:21:38.187Z] ⚠️ Unknown category for item 51008
[2025-11-02T05:21:41.190Z] 
🔍 Processing failed item 51018 (798/1103)
[2025-11-02T05:21:41.191Z] 🔄 Retry attempt 1/5 for item 51018
[2025-11-02T05:21:47.287Z] ✅ Successfully recovered item 51018: Pauldrons of the Templar
[2025-11-02T05:21:47.287Z] ⚠️ Unknown category for item 51018
[2025-11-02T05:21:50.289Z] 
🔍 Processing failed item 51035 (799/1103)
[2025-11-02T05:21:50.290Z] 🔄 Retry attempt 1/5 for item 51035
[2025-11-02T05:35:41.316Z] ✅ Successfully recovered item 51035: Trade Co. Standard-Issue Pauldrons
[2025-11-02T05:35:41.443Z] ⚠️ Unknown category for item 51035
[2025-11-02T05:35:44.445Z] 
🔍 Processing failed item 55005 (800/1103)
[2025-11-02T05:35:44.520Z] 🔒 Browser closed
[2025-11-02T05:35:44.520Z] 🚀 Initializing browser for retry processing...
[2025-11-02T05:35:44.835Z] ✅ Browser initialized
[2025-11-02T05:35:44.835Z] 🔄 Retry attempt 1/5 for item 55005
[2025-11-02T05:35:50.837Z] ✅ Successfully recovered item 55005: Test Shoulder 2
[2025-11-02T05:35:50.837Z] ⚠️ Unknown category for item 55005
[2025-11-02T05:35:50.838Z] 💾 Saved 0 recovered weapons items to turtle_db/recovered-weapons.json
[2025-11-02T05:35:50.839Z] 💾 Saved 0 recovered armor items to turtle_db/recovered-armor.json
[2025-11-02T05:35:53.844Z] 
🔍 Processing failed item 55558 (801/1103)
[2025-11-02T05:35:53.845Z] 🔄 Retry attempt 1/5 for item 55558
[2025-11-02T05:35:59.823Z] ✅ Successfully recovered item 55558: Unused AQ40 Mail Shoulders Test
[2025-11-02T05:35:59.823Z] ⚠️ Unknown category for item 55558
[2025-11-02T05:36:02.826Z] 
🔍 Processing failed item 55566 (802/1103)
[2025-11-02T05:36:02.827Z] 🔄 Retry attempt 1/5 for item 55566
[2025-11-02T05:36:08.945Z] ✅ Successfully recovered item 55566: Unused AQ40 Leather Shoulders Test
[2025-11-02T05:36:08.946Z] ⚠️ Unknown category for item 55566
[2025-11-02T05:36:11.949Z] 
🔍 Processing failed item 55574 (803/1103)
[2025-11-02T05:36:11.949Z] 🔄 Retry attempt 1/5 for item 55574
[2025-11-02T05:36:18.059Z] ✅ Successfully recovered item 55574: Unused AQ40 Cloth Shoulders Test
[2025-11-02T05:36:18.060Z] ⚠️ Unknown category for item 55574
[2025-11-02T05:36:21.062Z] 
🔍 Processing failed item 61672 (804/1103)
[2025-11-02T05:36:21.063Z] 🔄 Retry attempt 1/5 for item 61672
[2025-11-02T05:36:27.155Z] ✅ Successfully recovered item 61672: Thinker's Shoulders
[2025-11-02T05:36:27.156Z] ⚠️ Unknown category for item 61672
[2025-11-02T05:36:30.157Z] 
🔍 Processing failed item 83540 (805/1103)
[2025-11-02T05:36:30.158Z] 🔄 Retry attempt 1/5 for item 83540
[2025-11-02T05:36:36.246Z] ✅ Successfully recovered item 83540: Summer Collection of Unseen Fashion: Shoulders
[2025-11-02T05:36:36.247Z] ⚠️ Unknown category for item 83540
[2025-11-02T05:36:39.249Z] 
🔍 Processing failed item 1769 (806/1103)
[2025-11-02T05:36:39.250Z] 🔄 Retry attempt 1/5 for item 1769
[2025-11-02T05:36:45.363Z] ✅ Successfully recovered item 1769: Canvas Shoulderpads
[2025-11-02T05:36:45.364Z] ⚠️ Unknown category for item 1769
[2025-11-02T05:36:48.365Z] 
🔍 Processing failed item 1777 (807/1103)
[2025-11-02T05:36:48.365Z] 🔄 Retry attempt 1/5 for item 1777
[2025-11-02T05:36:54.546Z] ✅ Successfully recovered item 1777: Brocade Shoulderpads
[2025-11-02T05:36:54.547Z] ⚠️ Unknown category for item 1777
[2025-11-02T05:36:57.548Z] 
🔍 Processing failed item 1785 (808/1103)
[2025-11-02T05:36:57.549Z] 🔄 Retry attempt 1/5 for item 1785
[2025-11-02T05:37:03.670Z] ✅ Successfully recovered item 1785: Cross-stitched Shoulderpads
[2025-11-02T05:37:03.671Z] ⚠️ Unknown category for item 1785
[2025-11-02T05:37:06.674Z] 
🔍 Processing failed item 3798 (809/1103)
[2025-11-02T05:37:06.675Z] 🔄 Retry attempt 1/5 for item 3798
[2025-11-02T05:37:25.896Z] ✅ Successfully recovered item 3798: Interlaced Shoulderpads
[2025-11-02T05:37:25.897Z] ⚠️ Unknown category for item 3798
[2025-11-02T05:37:28.900Z] 
🔍 Processing failed item 3942 (810/1103)
[2025-11-02T05:37:28.900Z] 🔄 Retry attempt 1/5 for item 3942
[2025-11-02T05:37:35.026Z] ✅ Successfully recovered item 3942: Crochet Shoulderpads
[2025-11-02T05:37:35.026Z] ⚠️ Unknown category for item 3942
[2025-11-02T05:37:35.027Z] 💾 Saved 0 recovered weapons items to turtle_db/recovered-weapons.json
[2025-11-02T05:37:35.028Z] 💾 Saved 0 recovered armor items to turtle_db/recovered-armor.json
[2025-11-02T05:37:38.034Z] 
🔍 Processing failed item 3950 (811/1103)
[2025-11-02T05:37:38.035Z] 🔄 Retry attempt 1/5 for item 3950
[2025-11-02T05:38:09.147Z] ✅ Successfully recovered item 3950: Twill Shoulderpads
[2025-11-02T05:38:09.148Z] ⚠️ Unknown category for item 3950
[2025-11-02T05:38:12.149Z] 
🔍 Processing failed item 3958 (812/1103)
[2025-11-02T05:38:12.150Z] 🔄 Retry attempt 1/5 for item 3958
[2025-11-02T05:38:18.248Z] ✅ Successfully recovered item 3958: Mesh Mantle
[2025-11-02T05:38:18.248Z] ⚠️ Unknown category for item 3958
[2025-11-02T05:38:21.250Z] 
🔍 Processing failed item 14389 (813/1103)
[2025-11-02T05:38:21.251Z] 🔄 Retry attempt 1/5 for item 14389
[2025-11-02T05:38:27.349Z] ✅ Successfully recovered item 14389: Tattered Gnomish Shoulders
[2025-11-02T05:38:27.350Z] ⚠️ Unknown category for item 14389
[2025-11-02T05:38:30.351Z] 
🔍 Processing failed item 5202 (814/1103)
[2025-11-02T05:38:30.352Z] 🔄 Retry attempt 1/5 for item 5202
[2025-11-02T05:38:36.453Z] ✅ Successfully recovered item 5202: Corsair's Overshirt
[2025-11-02T05:38:36.453Z] ⚠️ Unknown category for item 5202
[2025-11-02T05:38:39.454Z] 
🔍 Processing failed item 9434 (815/1103)
[2025-11-02T05:38:39.455Z] 🔄 Retry attempt 1/5 for item 9434
[2025-11-02T05:38:45.572Z] ✅ Successfully recovered item 9434: Elemental Raiment
[2025-11-02T05:38:45.573Z] ⚠️ Unknown category for item 9434
[2025-11-02T05:38:48.575Z] 
🔍 Processing failed item 10021 (816/1103)
[2025-11-02T05:38:48.576Z] 🔄 Retry attempt 1/5 for item 10021
[2025-11-02T05:38:54.678Z] ✅ Successfully recovered item 10021: Dreamweave Vest
[2025-11-02T05:38:54.679Z] ⚠️ Unknown category for item 10021
[2025-11-02T05:38:57.681Z] 
🔍 Processing failed item 10581 (817/1103)
[2025-11-02T05:38:57.682Z] 🔄 Retry attempt 1/5 for item 10581
[2025-11-02T05:39:04.077Z] ✅ Successfully recovered item 10581: Death's Head Vestment
[2025-11-02T05:39:04.077Z] ⚠️ Unknown category for item 10581
[2025-11-02T05:39:07.079Z] 
🔍 Processing failed item 19682 (818/1103)
[2025-11-02T05:39:07.080Z] 🔄 Retry attempt 1/5 for item 19682
[2025-11-02T05:39:13.176Z] ✅ Successfully recovered item 19682: Bloodvine Vest
[2025-11-02T05:39:13.177Z] ⚠️ Unknown category for item 19682
[2025-11-02T05:39:16.180Z] 
🔍 Processing failed item 21183 (819/1103)
[2025-11-02T05:39:16.181Z] 🔄 Retry attempt 1/5 for item 21183
[2025-11-02T05:39:22.283Z] ✅ Successfully recovered item 21183: Earthpower Vest
[2025-11-02T05:39:22.284Z] ⚠️ Unknown category for item 21183
[2025-11-02T05:39:25.286Z] 
🔍 Processing failed item 22652 (820/1103)
[2025-11-02T05:39:25.286Z] 🔄 Retry attempt 1/5 for item 22652
[2025-11-02T05:39:31.389Z] ✅ Successfully recovered item 22652: Glacial Vest
[2025-11-02T05:39:31.389Z] ⚠️ Unknown category for item 22652
[2025-11-02T05:39:31.390Z] 💾 Saved 0 recovered weapons items to turtle_db/recovered-weapons.json
[2025-11-02T05:39:31.391Z] 💾 Saved 0 recovered armor items to turtle_db/recovered-armor.json
[2025-11-02T05:39:34.399Z] 
🔍 Processing failed item 41703 (821/1103)
[2025-11-02T05:39:34.400Z] 🔄 Retry attempt 1/5 for item 41703
[2025-11-02T05:39:40.499Z] ✅ Successfully recovered item 41703: Robes of Lunar Eve
[2025-11-02T05:39:40.500Z] ⚠️ Unknown category for item 41703
[2025-11-02T05:39:43.501Z] 
🔍 Processing failed item 47080 (822/1103)
[2025-11-02T05:39:43.502Z] 🔄 Retry attempt 1/5 for item 47080
[2025-11-02T05:39:49.599Z] ✅ Successfully recovered item 47080: Arcanist Vestments
[2025-11-02T05:39:49.600Z] ⚠️ Unknown category for item 47080
[2025-11-02T05:39:52.601Z] 
🔍 Processing failed item 47088 (823/1103)
[2025-11-02T05:39:52.602Z] 🔄 Retry attempt 1/5 for item 47088
[2025-11-02T05:39:58.600Z] ✅ Successfully recovered item 47088: Netherwind Vestments
[2025-11-02T05:39:58.601Z] ⚠️ Unknown category for item 47088
[2025-11-02T05:40:01.603Z] 
🔍 Processing failed item 55052 (824/1103)
[2025-11-02T05:40:01.604Z] 🔄 Retry attempt 1/5 for item 55052
[2025-11-02T05:40:07.699Z] ✅ Successfully recovered item 55052: Astronomer Raiments
[2025-11-02T05:40:07.700Z] ⚠️ Unknown category for item 55052
[2025-11-02T05:40:10.701Z] 
🔍 Processing failed item 55478 (825/1103)
[2025-11-02T05:40:10.702Z] 🔄 Retry attempt 1/5 for item 55478
[2025-11-02T05:55:14.397Z] ✅ Successfully recovered item 55478: Garbs of the Riftwalker
[2025-11-02T05:55:14.398Z] ⚠️ Unknown category for item 55478
[2025-11-02T05:55:17.398Z] 
🔍 Processing failed item 55520 (826/1103)
[2025-11-02T05:55:17.399Z] 🔄 Retry attempt 1/5 for item 55520
[2025-11-02T05:55:30.016Z] ✅ Successfully recovered item 55520: Cosmic Vest
[2025-11-02T05:55:30.017Z] ⚠️ Unknown category for item 55520
[2025-11-02T05:55:33.018Z] 
🔍 Processing failed item 58237 (827/1103)
[2025-11-02T05:55:33.018Z] 🔄 Retry attempt 1/5 for item 58237
[2025-11-02T05:55:39.010Z] ✅ Successfully recovered item 58237: Emberwoven Binding Garments
[2025-11-02T05:55:39.011Z] ⚠️ Unknown category for item 58237
[2025-11-02T05:55:42.011Z] 
🔍 Processing failed item 60542 (828/1103)
[2025-11-02T05:55:42.012Z] 🔄 Retry attempt 1/5 for item 60542
[2025-11-02T05:55:48.104Z] ✅ Successfully recovered item 60542: Figgle's Coveralls
[2025-11-02T05:55:48.105Z] ⚠️ Unknown category for item 60542
[2025-11-02T05:55:51.107Z] 
🔍 Processing failed item 60794 (829/1103)
[2025-11-02T05:55:51.108Z] 🔄 Retry attempt 1/5 for item 60794
[2025-11-02T05:55:57.202Z] ✅ Successfully recovered item 60794: Battle Bishop's Robe
[2025-11-02T05:55:57.203Z] ⚠️ Unknown category for item 60794
[2025-11-02T05:56:00.205Z] 
🔍 Processing failed item 61206 (830/1103)
[2025-11-02T05:56:00.206Z] 🔄 Retry attempt 1/5 for item 61206
[2025-11-02T05:56:06.200Z] ✅ Successfully recovered item 61206: Robe of the Dreamways
[2025-11-02T05:56:06.201Z] ⚠️ Unknown category for item 61206
[2025-11-02T05:56:06.202Z] 💾 Saved 0 recovered weapons items to turtle_db/recovered-weapons.json
[2025-11-02T05:56:06.202Z] 💾 Saved 0 recovered armor items to turtle_db/recovered-armor.json
[2025-11-02T05:56:09.210Z] 
🔍 Processing failed item 61269 (831/1103)
[2025-11-02T05:56:09.211Z] 🔄 Retry attempt 1/5 for item 61269
[2025-11-02T05:56:15.296Z] ✅ Successfully recovered item 61269: Clutchweave Robe
[2025-11-02T05:56:15.297Z] ⚠️ Unknown category for item 61269
[2025-11-02T05:56:18.298Z] 
🔍 Processing failed item 61284 (832/1103)
[2025-11-02T05:56:18.299Z] 🔄 Retry attempt 1/5 for item 61284
[2025-11-02T05:56:24.212Z] ✅ Successfully recovered item 61284: Vest of Encroaching Darkness
[2025-11-02T05:56:24.213Z] ⚠️ Unknown category for item 61284
[2025-11-02T05:56:27.214Z] 
🔍 Processing failed item 65003 (833/1103)
[2025-11-02T05:56:27.215Z] 🔄 Retry attempt 1/5 for item 65003
[2025-11-02T05:56:33.317Z] ✅ Successfully recovered item 65003: Robe of Sacrifice
[2025-11-02T05:56:33.317Z] ⚠️ Unknown category for item 65003
[2025-11-02T05:56:36.318Z] 
🔍 Processing failed item 70599 (834/1103)
[2025-11-02T05:56:36.319Z] 🔄 Retry attempt 1/5 for item 70599
[2025-11-02T05:56:42.218Z] ✅ Successfully recovered item 70599: Arcanist Raiments
[2025-11-02T05:56:42.219Z] ⚠️ Unknown category for item 70599
[2025-11-02T05:56:45.221Z] 
🔍 Processing failed item 70615 (835/1103)
[2025-11-02T05:56:45.222Z] 🔄 Retry attempt 1/5 for item 70615
[2025-11-02T05:56:51.323Z] ✅ Successfully recovered item 70615: Netherwind Raiments
[2025-11-02T05:56:51.324Z] ⚠️ Unknown category for item 70615
[2025-11-02T05:56:54.326Z] 
🔍 Processing failed item 70628 (836/1103)
[2025-11-02T05:56:54.327Z] 🔄 Retry attempt 1/5 for item 70628
[2025-11-02T05:57:00.423Z] ✅ Successfully recovered item 70628: Enigma Raiments
[2025-11-02T05:57:00.424Z] ⚠️ Unknown category for item 70628
[2025-11-02T05:57:03.425Z] 
🔍 Processing failed item 70642 (837/1103)
[2025-11-02T05:57:03.426Z] 🔄 Retry attempt 1/5 for item 70642
[2025-11-02T05:57:09.520Z] ✅ Successfully recovered item 70642: Frostfire Raiments
[2025-11-02T05:57:09.521Z] ⚠️ Unknown category for item 70642
[2025-11-02T05:57:12.523Z] 
🔍 Processing failed item 70734 (838/1103)
[2025-11-02T05:57:12.524Z] 🔄 Retry attempt 1/5 for item 70734
[2025-11-02T05:57:18.628Z] ✅ Successfully recovered item 70734: Raiments of the Oracle
[2025-11-02T05:57:18.628Z] ⚠️ Unknown category for item 70734
[2025-11-02T05:57:21.630Z] 
🔍 Processing failed item 83082 (839/1103)
[2025-11-02T05:57:21.630Z] 🔄 Retry attempt 1/5 for item 83082
[2025-11-02T05:57:27.626Z] ✅ Successfully recovered item 83082: Enchanted Keeper's Robes
[2025-11-02T05:57:27.626Z] ⚠️ Unknown category for item 83082
[2025-11-02T05:57:30.629Z] 
🔍 Processing failed item 83207 (840/1103)
[2025-11-02T05:57:30.630Z] 🔄 Retry attempt 1/5 for item 83207
[2025-11-02T05:57:36.721Z] ✅ Successfully recovered item 83207: Feymist Robe
[2025-11-02T05:57:36.722Z] ⚠️ Unknown category for item 83207
[2025-11-02T05:57:36.723Z] 💾 Saved 0 recovered weapons items to turtle_db/recovered-weapons.json
[2025-11-02T05:57:36.723Z] 💾 Saved 0 recovered armor items to turtle_db/recovered-armor.json
[2025-11-02T05:57:39.728Z] 
🔍 Processing failed item 83227 (841/1103)
[2025-11-02T05:57:39.729Z] 🔄 Retry attempt 1/5 for item 83227
[2025-11-02T05:57:46.908Z] ✅ Successfully recovered item 83227: Glademender's Robes
[2025-11-02T05:57:46.909Z] ⚠️ Unknown category for item 83227
[2025-11-02T05:57:49.911Z] 
🔍 Processing failed item 83281 (842/1103)
[2025-11-02T05:57:49.912Z] 🔄 Retry attempt 1/5 for item 83281
[2025-11-02T05:57:56.011Z] ✅ Successfully recovered item 83281: Diviner's Robe
[2025-11-02T05:57:56.012Z] ⚠️ Unknown category for item 83281
[2025-11-02T06:11:36.751Z] 
🔍 Processing failed item 83287 (843/1103)
[2025-11-02T06:11:36.752Z] 🔄 Retry attempt 1/5 for item 83287
[2025-11-02T06:11:42.963Z] ✅ Successfully recovered item 83287: Augerer's Robe
[2025-11-02T06:11:42.963Z] ⚠️ Unknown category for item 83287
[2025-11-02T06:11:45.967Z] 
🔍 Processing failed item 83426 (844/1103)
[2025-11-02T06:11:45.967Z] 🔄 Retry attempt 1/5 for item 83426
[2025-11-02T06:11:52.017Z] ✅ Successfully recovered item 83426: Bloody Gladiator's Vestments
[2025-11-02T06:11:52.018Z] ⚠️ Unknown category for item 83426
[2025-11-02T06:11:55.022Z] 
🔍 Processing failed item 1486 (845/1103)
[2025-11-02T06:11:55.022Z] 🔄 Retry attempt 1/5 for item 1486
[2025-11-02T06:12:01.071Z] ✅ Successfully recovered item 1486: Tree Bark Jacket
[2025-11-02T06:12:01.072Z] ⚠️ Unknown category for item 1486
[2025-11-02T06:12:04.075Z] 
🔍 Processing failed item 2578 (846/1103)
[2025-11-02T06:12:04.076Z] 🔄 Retry attempt 1/5 for item 2578
[2025-11-02T06:12:10.123Z] ✅ Successfully recovered item 2578: Barbaric Linen Vest
[2025-11-02T06:12:10.124Z] ⚠️ Unknown category for item 2578
[2025-11-02T06:12:13.126Z] 
🔍 Processing failed item 3292 (847/1103)
[2025-11-02T06:12:13.126Z] 🔄 Retry attempt 1/5 for item 3292
[2025-11-02T06:12:19.177Z] ✅ Successfully recovered item 3292: Ancestral Tunic
[2025-11-02T06:12:19.177Z] ⚠️ Unknown category for item 3292
[2025-11-02T06:12:22.180Z] 
🔍 Processing failed item 3310 (848/1103)
[2025-11-02T06:12:22.181Z] 🔄 Retry attempt 1/5 for item 3310
[2025-11-02T06:12:28.245Z] ✅ Successfully recovered item 3310: Barbaric Cloth Vest
[2025-11-02T06:12:28.246Z] ⚠️ Unknown category for item 3310
[2025-11-02T06:12:31.247Z] 
🔍 Processing failed item 4324 (849/1103)
[2025-11-02T06:12:31.248Z] 🔄 Retry attempt 1/5 for item 4324
[2025-11-02T06:12:37.347Z] ✅ Successfully recovered item 4324: Azure Silk Vest
[2025-11-02T06:12:37.348Z] ⚠️ Unknown category for item 4324
[2025-11-02T06:12:40.350Z] 
🔍 Processing failed item 5420 (850/1103)
[2025-11-02T06:12:40.435Z] 🔒 Browser closed
[2025-11-02T06:12:40.435Z] 🚀 Initializing browser for retry processing...
[2025-11-02T06:12:40.765Z] ✅ Browser initialized
[2025-11-02T06:12:40.765Z] 🔄 Retry attempt 1/5 for item 5420
[2025-11-02T06:12:46.766Z] ✅ Successfully recovered item 5420: Banshee Armor
[2025-11-02T06:12:46.766Z] ⚠️ Unknown category for item 5420
[2025-11-02T06:12:46.767Z] 💾 Saved 0 recovered weapons items to turtle_db/recovered-weapons.json
[2025-11-02T06:12:46.768Z] 💾 Saved 0 recovered armor items to turtle_db/recovered-armor.json
[2025-11-02T06:12:49.774Z] 
🔍 Processing failed item 6240 (851/1103)
[2025-11-02T06:12:49.775Z] 🔄 Retry attempt 1/5 for item 6240
[2025-11-02T06:12:55.746Z] ✅ Successfully recovered item 6240: Blue Linen Vest
[2025-11-02T06:12:55.746Z] ⚠️ Unknown category for item 6240
[2025-11-02T06:12:58.747Z] 
🔍 Processing failed item 6608 (852/1103)
[2025-11-02T06:12:58.748Z] 🔄 Retry attempt 1/5 for item 6608
[2025-11-02T06:13:04.864Z] ✅ Successfully recovered item 6608: Bright Armor
[2025-11-02T06:13:04.865Z] ⚠️ Unknown category for item 6608
[2025-11-02T06:13:07.868Z] 
🔍 Processing failed item 7112 (853/1103)
[2025-11-02T06:13:07.869Z] 🔄 Retry attempt 1/5 for item 7112
[2025-11-02T06:13:13.989Z] ✅ Successfully recovered item 7112: Aurora Armor
[2025-11-02T06:13:13.990Z] ⚠️ Unknown category for item 7112
[2025-11-02T06:13:16.992Z] 
🔍 Processing failed item 8283 (854/1103)
[2025-11-02T06:13:16.993Z] 🔄 Retry attempt 1/5 for item 8283
[2025-11-02T06:13:23.116Z] ✅ Successfully recovered item 8283: Arcane Armor
[2025-11-02T06:13:23.117Z] ⚠️ Unknown category for item 8283
[2025-11-02T06:13:26.120Z] 
🔍 Processing failed item 9415 (855/1103)
[2025-11-02T06:13:26.121Z] 🔄 Retry attempt 1/5 for item 9415
[2025-11-02T06:13:32.217Z] ✅ Successfully recovered item 9415: Grimlok's Tribal Vestments
[2025-11-02T06:13:32.218Z] ⚠️ Unknown category for item 9415
[2025-11-02T06:13:35.221Z] 
🔍 Processing failed item 9516 (856/1103)
[2025-11-02T06:13:35.222Z] 🔄 Retry attempt 1/5 for item 9516
[2025-11-02T06:13:41.318Z] ✅ Successfully recovered item 9516: Astral Knot Blouse
[2025-11-02T06:13:41.318Z] ⚠️ Unknown category for item 9516
[2025-11-02T06:13:44.321Z] 
🔍 Processing failed item 9844 (857/1103)
[2025-11-02T06:13:44.322Z] 🔄 Retry attempt 1/5 for item 9844
[2025-11-02T06:13:50.499Z] ✅ Successfully recovered item 9844: Conjurer's Vest
[2025-11-02T06:13:50.499Z] ⚠️ Unknown category for item 9844
[2025-11-02T06:13:53.501Z] 
🔍 Processing failed item 9946 (858/1103)
[2025-11-02T06:13:53.502Z] 🔄 Retry attempt 1/5 for item 9946
[2025-11-02T06:29:17.234Z] ✅ Successfully recovered item 9946: Abjurer's Tunic
[2025-11-02T06:29:17.359Z] ⚠️ Unknown category for item 9946
[2025-11-02T06:29:20.361Z] 
🔍 Processing failed item 9998 (859/1103)
[2025-11-02T06:29:20.362Z] 🔄 Retry attempt 1/5 for item 9998
[2025-11-02T06:29:32.953Z] ✅ Successfully recovered item 9998: Black Mageweave Vest
[2025-11-02T06:29:32.954Z] ⚠️ Unknown category for item 9998
[2025-11-02T06:29:35.957Z] 
🔍 Processing failed item 10104 (860/1103)
[2025-11-02T06:29:35.957Z] 🔄 Retry attempt 1/5 for item 10104
[2025-11-02T06:29:42.076Z] ✅ Successfully recovered item 10104: Councillor's Tunic
[2025-11-02T06:29:42.077Z] ⚠️ Unknown category for item 10104
[2025-11-02T06:29:42.078Z] 💾 Saved 0 recovered weapons items to turtle_db/recovered-weapons.json
[2025-11-02T06:29:42.079Z] 💾 Saved 0 recovered armor items to turtle_db/recovered-armor.json
[2025-11-02T06:29:45.085Z] 
🔍 Processing failed item 10806 (861/1103)
[2025-11-02T06:29:45.086Z] 🔄 Retry attempt 1/5 for item 10806
[2025-11-02T06:29:51.120Z] ✅ Successfully recovered item 10806: Vestments of the Atal'ai Prophet
[2025-11-02T06:29:51.121Z] ⚠️ Unknown category for item 10806
[2025-11-02T06:29:54.122Z] 
🔍 Processing failed item 12609 (862/1103)
[2025-11-02T06:29:54.123Z] 🔄 Retry attempt 1/5 for item 12609
[2025-11-02T06:30:00.182Z] ✅ Successfully recovered item 12609: Polychromatic Visionwrap
[2025-11-02T06:30:00.183Z] ⚠️ Unknown category for item 12609
[2025-11-02T06:30:03.186Z] 
🔍 Processing failed item 13388 (863/1103)
[2025-11-02T06:30:03.186Z] 🔄 Retry attempt 1/5 for item 13388
[2025-11-02T06:30:08.868Z] ✅ Successfully recovered item 13388: The Postmaster's Tunic
[2025-11-02T06:30:08.869Z] ⚠️ Unknown category for item 13388
[2025-11-02T06:30:11.872Z] 
🔍 Processing failed item 14042 (864/1103)
[2025-11-02T06:30:11.873Z] 🔄 Retry attempt 1/5 for item 14042
[2025-11-02T06:30:17.972Z] ✅ Successfully recovered item 14042: Cindercloth Vest
[2025-11-02T06:30:17.973Z] ⚠️ Unknown category for item 14042
[2025-11-02T06:30:20.975Z] 
🔍 Processing failed item 14094 (865/1103)
[2025-11-02T06:30:20.975Z] 🔄 Retry attempt 1/5 for item 14094
[2025-11-02T06:30:27.089Z] ✅ Successfully recovered item 14094: Beaded Wraps
[2025-11-02T06:30:27.089Z] ⚠️ Unknown category for item 14094
[2025-11-02T06:30:30.092Z] 
🔍 Processing failed item 14121 (866/1103)
[2025-11-02T06:30:30.093Z] 🔄 Retry attempt 1/5 for item 14121
[2025-11-02T06:30:36.233Z] ✅ Successfully recovered item 14121: Aboriginal Vest
[2025-11-02T06:30:36.233Z] ⚠️ Unknown category for item 14121
[2025-11-02T06:30:39.235Z] 
🔍 Processing failed item 14138 (867/1103)
[2025-11-02T06:30:39.236Z] 🔄 Retry attempt 1/5 for item 14138
[2025-11-02T06:30:45.336Z] ✅ Successfully recovered item 14138: Mooncloth Vest
[2025-11-02T06:30:45.337Z] ⚠️ Unknown category for item 14138
[2025-11-02T06:30:48.338Z] 
🔍 Processing failed item 14175 (868/1103)
[2025-11-02T06:30:48.339Z] 🔄 Retry attempt 1/5 for item 14175
[2025-11-02T06:30:54.451Z] ✅ Successfully recovered item 14175: Buccaneer's Vest
[2025-11-02T06:30:54.452Z] ⚠️ Unknown category for item 14175
[2025-11-02T06:30:57.454Z] 
🔍 Processing failed item 14267 (869/1103)
[2025-11-02T06:30:57.454Z] 🔄 Retry attempt 1/5 for item 14267
[2025-11-02T06:31:03.570Z] ✅ Successfully recovered item 14267: Bloodwoven Jerkin
[2025-11-02T06:31:03.571Z] ⚠️ Unknown category for item 14267
[2025-11-02T06:31:06.573Z] 
🔍 Processing failed item 14288 (870/1103)
[2025-11-02T06:31:06.575Z] 🔄 Retry attempt 1/5 for item 14288
[2025-11-02T06:31:12.952Z] ✅ Successfully recovered item 14288: Arachnidian Armor
[2025-11-02T06:31:12.952Z] ⚠️ Unknown category for item 14288
[2025-11-02T06:31:12.952Z] 💾 Saved 0 recovered weapons items to turtle_db/recovered-weapons.json
[2025-11-02T06:31:12.953Z] 💾 Saved 0 recovered armor items to turtle_db/recovered-armor.json
[2025-11-02T06:31:15.955Z] 
🔍 Processing failed item 14306 (871/1103)
[2025-11-02T06:31:15.956Z] 🔄 Retry attempt 1/5 for item 14306
[2025-11-02T06:31:22.072Z] ✅ Successfully recovered item 14306: Bonecaster's Vest
[2025-11-02T06:31:22.072Z] ⚠️ Unknown category for item 14306
[2025-11-02T06:31:25.074Z] 
🔍 Processing failed item 14308 (872/1103)
[2025-11-02T06:31:25.075Z] 🔄 Retry attempt 1/5 for item 14308
[2025-11-02T06:46:18.621Z] ✅ Successfully recovered item 14308: Celestial Tunic
[2025-11-02T06:46:18.622Z] ⚠️ Unknown category for item 14308
[2025-11-02T06:46:21.621Z] 
🔍 Processing failed item 20642 (873/1103)
[2025-11-02T06:46:21.622Z] 🔄 Retry attempt 1/5 for item 20642
[2025-11-02T06:46:27.807Z] ✅ Successfully recovered item 20642: Antiquated Nobleman's Tunic
[2025-11-02T06:46:27.807Z] ⚠️ Unknown category for item 20642
[2025-11-02T06:46:30.808Z] 
🔍 Processing failed item 22756 (874/1103)
[2025-11-02T06:46:30.808Z] 🔄 Retry attempt 1/5 for item 22756
[2025-11-02T06:46:36.853Z] ✅ Successfully recovered item 22756: Sylvan Vest
[2025-11-02T06:46:36.854Z] ⚠️ Unknown category for item 22756
[2025-11-02T06:46:39.854Z] 
🔍 Processing failed item 41911 (875/1103)
[2025-11-02T06:46:39.855Z] 🔄 Retry attempt 1/5 for item 41911
[2025-11-02T06:46:45.898Z] ✅ Successfully recovered item 41911: Robe of the Skardyn Darkcaster
[2025-11-02T06:46:45.899Z] ⚠️ Unknown category for item 41911
[2025-11-02T06:46:48.900Z] 
🔍 Processing failed item 51403 (876/1103)
[2025-11-02T06:46:48.901Z] 🔄 Retry attempt 1/5 for item 51403
[2025-11-02T06:46:55.026Z] ✅ Successfully recovered item 51403: Brown Lumberjack Vest
[2025-11-02T06:46:55.026Z] ⚠️ Unknown category for item 51403
[2025-11-02T06:46:58.028Z] 
🔍 Processing failed item 58142 (877/1103)
[2025-11-02T06:46:58.029Z] 🔄 Retry attempt 1/5 for item 58142
[2025-11-02T06:47:04.084Z] ✅ Successfully recovered item 58142: Robes of the Dukedom
[2025-11-02T06:47:04.085Z] ⚠️ Unknown category for item 58142
[2025-11-02T06:47:07.087Z] 
🔍 Processing failed item 58177 (878/1103)
[2025-11-02T06:47:07.088Z] 🔄 Retry attempt 1/5 for item 58177
[2025-11-02T06:47:13.194Z] ✅ Successfully recovered item 58177: Stormreaver Robe
[2025-11-02T06:47:13.195Z] ⚠️ Unknown category for item 58177
[2025-11-02T06:47:16.197Z] 
🔍 Processing failed item 60425 (879/1103)
[2025-11-02T06:47:16.197Z] 🔄 Retry attempt 1/5 for item 60425
[2025-11-02T06:47:22.301Z] ✅ Successfully recovered item 60425: Shadowguard Robe
[2025-11-02T06:47:22.302Z] ⚠️ Unknown category for item 60425
[2025-11-02T06:47:25.305Z] 
🔍 Processing failed item 61002 (880/1103)
[2025-11-02T06:47:25.305Z] 🔄 Retry attempt 1/5 for item 61002
[2025-11-02T06:47:31.405Z] ✅ Successfully recovered item 61002: Robe of the Custodian
[2025-11-02T06:47:31.406Z] ⚠️ Unknown category for item 61002
[2025-11-02T06:47:31.407Z] 💾 Saved 0 recovered weapons items to turtle_db/recovered-weapons.json
[2025-11-02T06:47:31.408Z] 💾 Saved 0 recovered armor items to turtle_db/recovered-armor.json
[2025-11-02T06:47:34.415Z] 
🔍 Processing failed item 61061 (881/1103)
[2025-11-02T06:47:34.416Z] 🔄 Retry attempt 1/5 for item 61061
[2025-11-02T06:47:40.624Z] ✅ Successfully recovered item 61061: Regenerating Robe
[2025-11-02T06:47:40.625Z] ⚠️ Unknown category for item 61061
[2025-11-02T06:47:43.628Z] 
🔍 Processing failed item 61250 (882/1103)
[2025-11-02T06:47:43.629Z] 🔄 Retry attempt 1/5 for item 61250
[2025-11-02T06:47:49.727Z] ✅ Successfully recovered item 61250: Reedwoven Tunic
[2025-11-02T06:47:49.728Z] ⚠️ Unknown category for item 61250
[2025-11-02T06:47:52.729Z] 
🔍 Processing failed item 61319 (883/1103)
[2025-11-02T06:47:52.730Z] 🔄 Retry attempt 1/5 for item 61319
[2025-11-02T06:47:58.830Z] ✅ Successfully recovered item 61319: Regal Robes of the Regent
[2025-11-02T06:47:58.831Z] ⚠️ Unknown category for item 61319
[2025-11-02T06:48:01.832Z] 
🔍 Processing failed item 61326 (884/1103)
[2025-11-02T06:48:01.833Z] 🔄 Retry attempt 1/5 for item 61326
[2025-11-02T06:48:07.937Z] ✅ Successfully recovered item 61326: Robe of Light's Ambassador
[2025-11-02T06:48:07.937Z] ⚠️ Unknown category for item 61326
[2025-11-02T06:48:10.939Z] 
🔍 Processing failed item 61514 (885/1103)
[2025-11-02T06:48:10.939Z] 🔄 Retry attempt 1/5 for item 61514
[2025-11-02T06:48:17.038Z] ✅ Successfully recovered item 61514: Camouflaged Vest
[2025-11-02T06:48:17.038Z] ⚠️ Unknown category for item 61514
[2025-11-02T06:48:20.040Z] 
🔍 Processing failed item 70005 (886/1103)
[2025-11-02T06:48:20.041Z] 🔄 Retry attempt 1/5 for item 70005
[2025-11-02T06:48:26.146Z] ✅ Successfully recovered item 70005: Ceremonial Robes
[2025-11-02T06:48:26.147Z] ⚠️ Unknown category for item 70005
[2025-11-02T06:48:29.148Z] 
🔍 Processing failed item 80133 (887/1103)
[2025-11-02T06:48:29.148Z] 🔄 Retry attempt 1/5 for item 80133
[2025-11-02T06:48:35.245Z] ✅ Successfully recovered item 80133: Bloodstained Robe
[2025-11-02T06:48:35.246Z] ⚠️ Unknown category for item 80133
[2025-11-02T06:48:38.249Z] 
🔍 Processing failed item 80512 (888/1103)
[2025-11-02T06:48:38.250Z] 🔄 Retry attempt 1/5 for item 80512
[2025-11-02T06:48:44.395Z] ✅ Successfully recovered item 80512: Quel'dorei Magister's Robe
[2025-11-02T06:48:44.396Z] ⚠️ Unknown category for item 80512
[2025-11-02T06:48:47.398Z] 
🔍 Processing failed item 11469 (889/1103)
[2025-11-02T06:48:47.398Z] 🔄 Retry attempt 1/5 for item 11469
[2025-11-02T07:01:55.277Z] ✅ Successfully recovered item 11469: Bloodband Bracers
[2025-11-02T07:01:55.355Z] ⚠️ Unknown category for item 11469
[2025-11-02T07:01:58.355Z] 
🔍 Processing failed item 11875 (890/1103)
[2025-11-02T07:01:58.355Z] 🔄 Retry attempt 1/5 for item 11875
[2025-11-02T07:02:04.532Z] ✅ Successfully recovered item 11875: Breezecloud Bracers
[2025-11-02T07:02:04.533Z] ⚠️ Unknown category for item 11875
[2025-11-02T07:02:04.533Z] 💾 Saved 0 recovered weapons items to turtle_db/recovered-weapons.json
[2025-11-02T07:02:04.533Z] 💾 Saved 0 recovered armor items to turtle_db/recovered-armor.json
[2025-11-02T07:02:07.539Z] 
🔍 Processing failed item 14148 (891/1103)
[2025-11-02T07:02:07.540Z] 🔄 Retry attempt 1/5 for item 14148
[2025-11-02T07:02:13.582Z] ✅ Successfully recovered item 14148: Crystalline Cuffs
[2025-11-02T07:02:13.583Z] ⚠️ Unknown category for item 14148
[2025-11-02T07:02:16.584Z] 
🔍 Processing failed item 14166 (892/1103)
[2025-11-02T07:02:16.585Z] 🔄 Retry attempt 1/5 for item 14166
[2025-11-02T07:02:22.758Z] ✅ Successfully recovered item 14166: Buccaneer's Bracers
[2025-11-02T07:02:22.759Z] ⚠️ Unknown category for item 14166
[2025-11-02T07:02:25.761Z] 
🔍 Processing failed item 14221 (893/1103)
[2025-11-02T07:02:25.762Z] 🔄 Retry attempt 1/5 for item 14221
[2025-11-02T07:02:31.877Z] ✅ Successfully recovered item 14221: Geomancer's Bracers
[2025-11-02T07:02:31.878Z] ⚠️ Unknown category for item 14221
[2025-11-02T07:02:34.880Z] 
🔍 Processing failed item 14226 (894/1103)
[2025-11-02T07:02:34.881Z] 🔄 Retry attempt 1/5 for item 14226
[2025-11-02T07:02:40.880Z] ✅ Successfully recovered item 14226: Embersilk Bracelets
[2025-11-02T07:02:40.880Z] ⚠️ Unknown category for item 14226
[2025-11-02T07:02:43.883Z] 
🔍 Processing failed item 14240 (895/1103)
[2025-11-02T07:02:43.884Z] 🔄 Retry attempt 1/5 for item 14240
[2025-11-02T07:02:50.012Z] ✅ Successfully recovered item 14240: Darkmist Bands
[2025-11-02T07:02:50.012Z] ⚠️ Unknown category for item 14240
[2025-11-02T07:02:53.015Z] 
🔍 Processing failed item 14260 (896/1103)
[2025-11-02T07:02:53.016Z] 🔄 Retry attempt 1/5 for item 14260
[2025-11-02T07:02:58.888Z] ✅ Successfully recovered item 14260: Bloodwoven Bracers
[2025-11-02T07:02:58.888Z] ⚠️ Unknown category for item 14260
[2025-11-02T07:03:01.890Z] 
🔍 Processing failed item 14268 (897/1103)
[2025-11-02T07:03:01.891Z] 🔄 Retry attempt 1/5 for item 14268
[2025-11-02T07:03:20.423Z] ✅ Successfully recovered item 14268: Gaea's Cuffs
[2025-11-02T07:03:20.425Z] ⚠️ Unknown category for item 14268
[2025-11-02T07:03:23.427Z] 
🔍 Processing failed item 14291 (898/1103)
[2025-11-02T07:03:23.428Z] 🔄 Retry attempt 1/5 for item 14291
[2025-11-02T07:03:29.414Z] ✅ Successfully recovered item 14291: Arachnidian Bracelets
[2025-11-02T07:03:29.414Z] ⚠️ Unknown category for item 14291
[2025-11-02T07:03:32.417Z] 
🔍 Processing failed item 14301 (899/1103)
[2025-11-02T07:03:32.417Z] 🔄 Retry attempt 1/5 for item 14301
[2025-11-02T07:03:38.536Z] ✅ Successfully recovered item 14301: Bonecaster's Bindings
[2025-11-02T07:03:38.536Z] ⚠️ Unknown category for item 14301
[2025-11-02T07:03:41.539Z] 
🔍 Processing failed item 14311 (900/1103)
[2025-11-02T07:03:41.649Z] 🔒 Browser closed
[2025-11-02T07:03:41.649Z] 🚀 Initializing browser for retry processing...
[2025-11-02T07:03:42.169Z] ✅ Browser initialized
[2025-11-02T07:03:42.169Z] 🔄 Retry attempt 1/5 for item 14311
[2025-11-02T07:04:07.211Z] ✅ Successfully recovered item 14311: Celestial Bindings
[2025-11-02T07:04:07.212Z] ⚠️ Unknown category for item 14311
[2025-11-02T07:04:07.213Z] 💾 Saved 0 recovered weapons items to turtle_db/recovered-weapons.json
[2025-11-02T07:04:07.214Z] 💾 Saved 0 recovered armor items to turtle_db/recovered-armor.json
[2025-11-02T07:04:10.220Z] 
🔍 Processing failed item 14330 (901/1103)
[2025-11-02T07:04:10.221Z] 🔄 Retry attempt 1/5 for item 14330
[2025-11-02T07:04:16.341Z] ✅ Successfully recovered item 14330: Eternal Bindings
[2025-11-02T07:04:16.342Z] ⚠️ Unknown category for item 14330
[2025-11-02T07:04:19.345Z] 
🔍 Processing failed item 14457 (902/1103)
[2025-11-02T07:04:19.346Z] 🔄 Retry attempt 1/5 for item 14457
[2025-11-02T07:04:25.481Z] ✅ Successfully recovered item 14457: Elunarian Cuffs
[2025-11-02T07:04:25.482Z] ⚠️ Unknown category for item 14457
[2025-11-02T07:04:28.483Z] 
🔍 Processing failed item 15452 (903/1103)
[2025-11-02T07:04:28.484Z] 🔄 Retry attempt 1/5 for item 15452
[2025-11-02T07:04:34.682Z] ✅ Successfully recovered item 15452: Featherbead Bracers
[2025-11-02T07:04:34.683Z] ⚠️ Unknown category for item 15452
[2025-11-02T07:18:21.582Z] 
🔍 Processing failed item 15864 (904/1103)
[2025-11-02T07:18:21.582Z] 🔄 Retry attempt 1/5 for item 15864
[2025-11-02T07:18:34.056Z] ✅ Successfully recovered item 15864: Condor Bracers
[2025-11-02T07:18:34.056Z] ⚠️ Unknown category for item 15864
[2025-11-02T07:18:37.061Z] 
🔍 Processing failed item 20339 (905/1103)
[2025-11-02T07:18:37.062Z] 🔄 Retry attempt 1/5 for item 20339
[2025-11-02T07:18:43.241Z] ✅ Successfully recovered item 20339: 90 Green Frost Bindings
[2025-11-02T07:18:43.242Z] ⚠️ Unknown category for item 20339
[2025-11-02T07:18:46.244Z] 
🔍 Processing failed item 41318 (906/1103)
[2025-11-02T07:18:46.245Z] 🔄 Retry attempt 1/5 for item 41318
[2025-11-02T07:18:52.449Z] ✅ Successfully recovered item 41318: Enchanted Bracelets
[2025-11-02T07:18:52.450Z] ⚠️ Unknown category for item 41318
[2025-11-02T07:18:55.453Z] 
🔍 Processing failed item 41575 (907/1103)
[2025-11-02T07:18:55.454Z] 🔄 Retry attempt 1/5 for item 41575
[2025-11-02T07:19:01.667Z] ✅ Successfully recovered item 41575: Gnoll Hide Cuffs
[2025-11-02T07:19:01.668Z] ⚠️ Unknown category for item 41575
[2025-11-02T07:19:04.670Z] 
🔍 Processing failed item 55144 (908/1103)
[2025-11-02T07:19:04.671Z] 🔄 Retry attempt 1/5 for item 55144
[2025-11-02T07:19:10.765Z] ✅ Successfully recovered item 55144: Goldfire Crystal Bracelet
[2025-11-02T07:19:10.766Z] ⚠️ Unknown category for item 55144
[2025-11-02T07:19:13.768Z] 
🔍 Processing failed item 55161 (909/1103)
[2025-11-02T07:19:13.769Z] 🔄 Retry attempt 1/5 for item 55161
[2025-11-02T07:19:19.866Z] ✅ Successfully recovered item 55161: Encrusted Copper Bangle
[2025-11-02T07:19:19.867Z] ⚠️ Unknown category for item 55161
[2025-11-02T07:19:22.870Z] 
🔍 Processing failed item 55177 (910/1103)
[2025-11-02T07:19:22.871Z] 🔄 Retry attempt 1/5 for item 55177
[2025-11-02T07:19:28.968Z] ✅ Successfully recovered item 55177: Faceted Armcuffs
[2025-11-02T07:19:28.969Z] ⚠️ Unknown category for item 55177
[2025-11-02T07:19:28.970Z] 💾 Saved 0 recovered weapons items to turtle_db/recovered-weapons.json
[2025-11-02T07:19:28.970Z] 💾 Saved 0 recovered armor items to turtle_db/recovered-armor.json
[2025-11-02T07:19:31.978Z] 
🔍 Processing failed item 55180 (911/1103)
[2025-11-02T07:19:31.978Z] 🔄 Retry attempt 1/5 for item 55180
[2025-11-02T07:19:38.087Z] ✅ Successfully recovered item 55180: Crystalfire Armlets
[2025-11-02T07:19:38.087Z] ⚠️ Unknown category for item 55180
[2025-11-02T07:19:41.090Z] 
🔍 Processing failed item 55273 (912/1103)
[2025-11-02T07:19:41.091Z] 🔄 Retry attempt 1/5 for item 55273
[2025-11-02T07:19:47.264Z] ✅ Successfully recovered item 55273: Crystalweft Braces
[2025-11-02T07:19:47.265Z] ⚠️ Unknown category for item 55273
[2025-11-02T07:19:50.267Z] 
🔍 Processing failed item 55329 (913/1103)
[2025-11-02T07:19:50.268Z] 🔄 Retry attempt 1/5 for item 55329
[2025-11-02T07:19:56.366Z] ✅ Successfully recovered item 55329: Gloomweed Bindings
[2025-11-02T07:19:56.367Z] ⚠️ Unknown category for item 55329
[2025-11-02T07:19:59.369Z] 
🔍 Processing failed item 56045 (914/1103)
[2025-11-02T07:19:59.370Z] 🔄 Retry attempt 1/5 for item 56045
[2025-11-02T07:20:05.464Z] ✅ Successfully recovered item 56045: Dawnbright Cuffs
[2025-11-02T07:20:05.464Z] ⚠️ Unknown category for item 56045
[2025-11-02T07:20:08.467Z] 
🔍 Processing failed item 56050 (915/1103)
[2025-11-02T07:20:08.468Z] 🔄 Retry attempt 1/5 for item 56050
[2025-11-02T07:20:14.463Z] ✅ Successfully recovered item 56050: Elaborate Golden Bracelets
[2025-11-02T07:20:14.464Z] ⚠️ Unknown category for item 56050
[2025-11-02T07:20:17.465Z] 
🔍 Processing failed item 61259 (916/1103)
[2025-11-02T07:20:17.466Z] 🔄 Retry attempt 1/5 for item 61259
[2025-11-02T07:20:23.566Z] ✅ Successfully recovered item 61259: Cuffs of Sanctitude
[2025-11-02T07:20:23.567Z] ⚠️ Unknown category for item 61259
[2025-11-02T07:20:26.570Z] 
🔍 Processing failed item 61493 (917/1103)
[2025-11-02T07:20:26.570Z] 🔄 Retry attempt 1/5 for item 61493
[2025-11-02T07:20:32.749Z] ✅ Successfully recovered item 61493: Dockmaster Cuffs
[2025-11-02T07:20:32.749Z] ⚠️ Unknown category for item 61493
[2025-11-02T07:20:35.752Z] 
🔍 Processing failed item 70240 (918/1103)
[2025-11-02T07:20:35.753Z] 🔄 Retry attempt 1/5 for item 70240
[2025-11-02T07:20:41.850Z] ✅ Successfully recovered item 70240: Cuffs of Integrity
[2025-11-02T07:20:41.851Z] ⚠️ Unknown category for item 70240
[2025-11-02T07:20:44.852Z] 
🔍 Processing failed item 3645 (919/1103)
[2025-11-02T07:20:44.853Z] 🔄 Retry attempt 1/5 for item 3645
[2025-11-02T07:34:40.206Z] ✅ Successfully recovered item 3645: Seer's Cuffs
[2025-11-02T07:34:40.324Z] ⚠️ Unknown category for item 3645
[2025-11-02T07:34:43.325Z] 
🔍 Processing failed item 4036 (920/1103)
[2025-11-02T07:34:43.326Z] 🔄 Retry attempt 1/5 for item 4036
[2025-11-02T07:34:49.519Z] ✅ Successfully recovered item 4036: Silver-thread Cuffs
[2025-11-02T07:34:49.520Z] ⚠️ Unknown category for item 4036
[2025-11-02T07:34:49.521Z] 💾 Saved 0 recovered weapons items to turtle_db/recovered-weapons.json
[2025-11-02T07:34:49.522Z] 💾 Saved 0 recovered armor items to turtle_db/recovered-armor.json
[2025-11-02T07:34:52.528Z] 
🔍 Processing failed item 4045 (921/1103)
[2025-11-02T07:34:52.529Z] 🔄 Retry attempt 1/5 for item 4045
[2025-11-02T07:34:58.569Z] ✅ Successfully recovered item 4045: Mistscape Bracers
[2025-11-02T07:34:58.570Z] ⚠️ Unknown category for item 4045
[2025-11-02T07:35:01.570Z] 
🔍 Processing failed item 4545 (922/1103)
[2025-11-02T07:35:01.571Z] 🔄 Retry attempt 1/5 for item 4545
[2025-11-02T07:35:07.750Z] ✅ Successfully recovered item 4545: Radiant Silver Bracers
[2025-11-02T07:35:07.751Z] ⚠️ Unknown category for item 4545
[2025-11-02T07:35:10.752Z] 
🔍 Processing failed item 10099 (923/1103)
[2025-11-02T07:35:10.753Z] 🔄 Retry attempt 1/5 for item 10099
[2025-11-02T07:35:16.871Z] ✅ Successfully recovered item 10099: Councillor's Gloves
[2025-11-02T07:35:16.872Z] ⚠️ Unknown category for item 10099
[2025-11-02T07:35:19.874Z] 
🔍 Processing failed item 14686 (924/1103)
[2025-11-02T07:35:19.875Z] 🔄 Retry attempt 1/5 for item 14686
[2025-11-02T07:35:25.994Z] ✅ Successfully recovered item 14686: Indomitable Headdress
[2025-11-02T07:35:25.994Z] ⚠️ Unknown category for item 14686
[2025-11-02T07:35:28.996Z] 
🔍 Processing failed item 60283 (925/1103)
[2025-11-02T07:35:28.997Z] 🔄 Retry attempt 1/5 for item 60283
[2025-11-02T07:35:35.091Z] ✅ Successfully recovered item 60283: Swamphunter's Eye
[2025-11-02T07:35:35.092Z] ⚠️ Unknown category for item 60283
[2025-11-02T07:35:38.095Z] 
🔍 Processing failed item 4253 (926/1103)
[2025-11-02T07:35:38.096Z] 🔄 Retry attempt 1/5 for item 4253
[2025-11-02T07:35:44.189Z] ✅ Successfully recovered item 4253: Toughened Leather Gloves
[2025-11-02T07:35:44.190Z] ⚠️ Unknown category for item 4253
[2025-11-02T07:35:47.192Z] 
🔍 Processing failed item 4254 (927/1103)
[2025-11-02T07:35:47.193Z] 🔄 Retry attempt 1/5 for item 4254
[2025-11-02T07:35:53.312Z] ✅ Successfully recovered item 4254: Barbaric Gloves
[2025-11-02T07:35:53.313Z] ⚠️ Unknown category for item 4254
[2025-11-02T07:35:56.315Z] 
🔍 Processing failed item 6397 (928/1103)
[2025-11-02T07:35:56.316Z] 🔄 Retry attempt 1/5 for item 6397
[2025-11-02T07:36:02.432Z] ✅ Successfully recovered item 6397: Emblazoned Gloves
[2025-11-02T07:36:02.433Z] ⚠️ Unknown category for item 6397
[2025-11-02T07:36:05.435Z] 
🔍 Processing failed item 6467 (929/1103)
[2025-11-02T07:36:05.436Z] 🔄 Retry attempt 1/5 for item 6467
[2025-11-02T07:36:11.533Z] ✅ Successfully recovered item 6467: Deviate Scale Gloves
[2025-11-02T07:36:11.534Z] ⚠️ Unknown category for item 6467
[2025-11-02T07:36:14.534Z] 
🔍 Processing failed item 23260 (930/1103)
[2025-11-02T07:36:14.535Z] 🔄 Retry attempt 1/5 for item 23260
[2025-11-02T07:36:20.687Z] ✅ Successfully recovered item 23260: Champion's Mail Pauldrons
[2025-11-02T07:36:20.688Z] ⚠️ Unknown category for item 23260
[2025-11-02T07:36:20.688Z] 💾 Saved 0 recovered weapons items to turtle_db/recovered-weapons.json
[2025-11-02T07:36:20.689Z] 💾 Saved 0 recovered armor items to turtle_db/recovered-armor.json
[2025-11-02T07:36:23.696Z] 
🔍 Processing failed item 23307 (931/1103)
[2025-11-02T07:36:23.697Z] 🔄 Retry attempt 1/5 for item 23307
[2025-11-02T07:36:29.803Z] ✅ Successfully recovered item 23307: Lieutenant Commander's Chain Shoulders
[2025-11-02T07:36:29.804Z] ⚠️ Unknown category for item 23307
[2025-11-02T07:36:32.806Z] 
🔍 Processing failed item 55025 (932/1103)
[2025-11-02T07:36:32.806Z] 🔄 Retry attempt 1/5 for item 55025
[2025-11-02T07:36:38.904Z] ✅ Successfully recovered item 55025: Trand's Lightweight Shoulder Pads
[2025-11-02T07:36:38.905Z] ⚠️ Unknown category for item 55025
[2025-11-02T07:36:41.907Z] 
🔍 Processing failed item 55527 (933/1103)
[2025-11-02T07:36:41.908Z] 🔄 Retry attempt 1/5 for item 55527
[2025-11-02T07:36:48.006Z] ✅ Successfully recovered item 55527: Otherworldly Spaulders
[2025-11-02T07:36:48.007Z] ⚠️ Unknown category for item 55527
[2025-11-02T07:51:11.107Z] 
🔍 Processing failed item 60275 (934/1103)
[2025-11-02T07:51:11.236Z] 🔄 Retry attempt 1/5 for item 60275
[2025-11-02T07:51:17.767Z] ✅ Successfully recovered item 60275: Blatarg's Mantle
[2025-11-02T07:51:17.768Z] ⚠️ Unknown category for item 60275
[2025-11-02T07:51:20.769Z] 
🔍 Processing failed item 60529 (935/1103)
[2025-11-02T07:51:20.770Z] 🔄 Retry attempt 1/5 for item 60529
[2025-11-02T07:51:26.953Z] ✅ Successfully recovered item 60529: Frostlink Shoulders
[2025-11-02T07:51:26.954Z] ⚠️ Unknown category for item 60529
[2025-11-02T07:51:29.956Z] 
🔍 Processing failed item 60691 (936/1103)
[2025-11-02T07:51:29.957Z] 🔄 Retry attempt 1/5 for item 60691
[2025-11-02T07:51:36.055Z] ✅ Successfully recovered item 60691: Shoulderpads of Gazzirik
[2025-11-02T07:51:36.056Z] ⚠️ Unknown category for item 60691
[2025-11-02T07:51:39.058Z] 
🔍 Processing failed item 60727 (937/1103)
[2025-11-02T07:51:39.059Z] 🔄 Retry attempt 1/5 for item 60727
[2025-11-02T07:51:45.156Z] ✅ Successfully recovered item 60727: Pauldrons of Sealed Magics
[2025-11-02T07:51:45.157Z] ⚠️ Unknown category for item 60727
[2025-11-02T07:51:48.160Z] 
🔍 Processing failed item 60792 (938/1103)
[2025-11-02T07:51:48.161Z] 🔄 Retry attempt 1/5 for item 60792
[2025-11-02T07:51:54.258Z] ✅ Successfully recovered item 60792: Pauldrons of Elusiveness
[2025-11-02T07:51:54.258Z] ⚠️ Unknown category for item 60792
[2025-11-02T07:51:57.260Z] 
🔍 Processing failed item 61017 (939/1103)
[2025-11-02T07:51:57.261Z] 🔄 Retry attempt 1/5 for item 61017
[2025-11-02T07:52:03.353Z] ✅ Successfully recovered item 61017: Shoulderguards of the Defiler
[2025-11-02T07:52:03.354Z] ⚠️ Unknown category for item 61017
[2025-11-02T07:52:06.356Z] 
🔍 Processing failed item 61335 (940/1103)
[2025-11-02T07:52:06.357Z] 🔄 Retry attempt 1/5 for item 61335
[2025-11-02T07:52:12.451Z] ✅ Successfully recovered item 61335: Dragonbane Pauldrons
[2025-11-02T07:52:12.452Z] ⚠️ Unknown category for item 61335
[2025-11-02T07:52:12.453Z] 💾 Saved 0 recovered weapons items to turtle_db/recovered-weapons.json
[2025-11-02T07:52:12.453Z] 💾 Saved 0 recovered armor items to turtle_db/recovered-armor.json
[2025-11-02T07:52:15.459Z] 
🔍 Processing failed item 65001 (941/1103)
[2025-11-02T07:52:15.460Z] 🔄 Retry attempt 1/5 for item 65001
[2025-11-02T07:52:21.553Z] ✅ Successfully recovered item 65001: Red Dragonscale Shoulders
[2025-11-02T07:52:21.554Z] ⚠️ Unknown category for item 65001
[2025-11-02T07:52:24.556Z] 
🔍 Processing failed item 70037 (942/1103)
[2025-11-02T07:52:24.557Z] 🔄 Retry attempt 1/5 for item 70037
[2025-11-02T07:52:30.653Z] ✅ Successfully recovered item 70037: Defias Enforcer Shoulderguards
[2025-11-02T07:52:30.653Z] ⚠️ Unknown category for item 70037
[2025-11-02T07:52:33.655Z] 
🔍 Processing failed item 81005 (943/1103)
[2025-11-02T07:52:33.655Z] 🔄 Retry attempt 1/5 for item 81005
[2025-11-02T07:52:39.736Z] ✅ Successfully recovered item 81005: Spiked Defias Spaulders
[2025-11-02T07:52:39.737Z] ⚠️ Unknown category for item 81005
[2025-11-02T07:52:42.738Z] 
🔍 Processing failed item 3480 (944/1103)
[2025-11-02T07:52:42.739Z] 🔄 Retry attempt 1/5 for item 3480
[2025-11-02T07:52:48.832Z] ✅ Successfully recovered item 3480: Rough Bronze Shoulders
[2025-11-02T07:52:48.833Z] ⚠️ Unknown category for item 3480
[2025-11-02T07:52:51.835Z] 
🔍 Processing failed item 3481 (945/1103)
[2025-11-02T07:52:51.836Z] 🔄 Retry attempt 1/5 for item 3481
[2025-11-02T07:52:57.931Z] ✅ Successfully recovered item 3481: Silvered Bronze Shoulders
[2025-11-02T07:52:57.932Z] ⚠️ Unknown category for item 3481
[2025-11-02T07:53:00.934Z] 
🔍 Processing failed item 3840 (946/1103)
[2025-11-02T07:53:00.935Z] 🔄 Retry attempt 1/5 for item 3840
[2025-11-02T07:53:07.031Z] ✅ Successfully recovered item 3840: Green Iron Shoulders
[2025-11-02T07:53:07.031Z] ⚠️ Unknown category for item 3840
[2025-11-02T07:53:10.033Z] 
🔍 Processing failed item 4123 (947/1103)
[2025-11-02T07:53:10.033Z] 🔄 Retry attempt 1/5 for item 4123
[2025-11-02T07:53:16.075Z] ✅ Successfully recovered item 4123: Frost Metal Pauldrons
[2025-11-02T07:53:16.076Z] ⚠️ Unknown category for item 4123
[2025-11-02T07:53:19.077Z] 
🔍 Processing failed item 4443 (948/1103)
[2025-11-02T07:53:19.078Z] 🔄 Retry attempt 1/5 for item 4443
[2025-11-02T07:53:25.125Z] ✅ Successfully recovered item 4443: Grim Pauldrons
[2025-11-02T07:53:25.126Z] ⚠️ Unknown category for item 4443
[2025-11-02T07:53:28.128Z] 
🔍 Processing failed item 4705 (949/1103)
[2025-11-02T07:53:28.129Z] 🔄 Retry attempt 1/5 for item 4705
[2025-11-02T07:53:34.241Z] ✅ Successfully recovered item 4705: Lambent Scale Pauldrons
[2025-11-02T07:53:34.242Z] ⚠️ Unknown category for item 4705
[2025-11-02T07:53:37.242Z] 
🔍 Processing failed item 4833 (950/1103)
[2025-11-02T07:53:37.330Z] 🔒 Browser closed
[2025-11-02T07:53:37.330Z] 🚀 Initializing browser for retry processing...
[2025-11-02T07:53:37.644Z] ✅ Browser initialized
[2025-11-02T07:53:37.644Z] 🔄 Retry attempt 1/5 for item 4833
[2025-11-02T07:53:43.645Z] ✅ Successfully recovered item 4833: Glorious Shoulders
[2025-11-02T07:53:43.646Z] ⚠️ Unknown category for item 4833
[2025-11-02T07:53:43.647Z] 💾 Saved 0 recovered weapons items to turtle_db/recovered-weapons.json
[2025-11-02T07:53:43.647Z] 💾 Saved 0 recovered armor items to turtle_db/recovered-armor.json
[2025-11-02T07:53:46.653Z] 
🔍 Processing failed item 6388 (951/1103)
[2025-11-02T07:53:46.654Z] 🔄 Retry attempt 1/5 for item 6388
[2025-11-02T07:53:52.630Z] ✅ Successfully recovered item 6388: Glimmering Mail Pauldrons
[2025-11-02T07:53:52.630Z] ⚠️ Unknown category for item 6388
[2025-11-02T07:53:55.633Z] 
🔍 Processing failed item 6404 (952/1103)
[2025-11-02T07:53:55.633Z] 🔄 Retry attempt 1/5 for item 6404
[2025-11-02T07:54:01.745Z] ✅ Successfully recovered item 6404: Mail Combat Spaulders
[2025-11-02T07:54:01.746Z] ⚠️ Unknown category for item 6404
[2025-11-02T07:54:04.748Z] 
🔍 Processing failed item 6747 (953/1103)
[2025-11-02T07:54:04.749Z] 🔄 Retry attempt 1/5 for item 6747
[2025-11-02T07:54:10.844Z] ✅ Successfully recovered item 6747: Enforcer Pauldrons
[2025-11-02T07:54:10.844Z] ⚠️ Unknown category for item 6747
[2025-11-02T07:54:13.846Z] 
🔍 Processing failed item 6792 (954/1103)
[2025-11-02T07:54:13.847Z] 🔄 Retry attempt 1/5 for item 6792
[2025-11-02T07:54:20.025Z] ✅ Successfully recovered item 6792: Sanguine Pauldrons
[2025-11-02T07:54:20.026Z] ⚠️ Unknown category for item 6792
[2025-11-02T07:54:23.027Z] 
🔍 Processing failed item 7424 (955/1103)
[2025-11-02T07:54:23.027Z] 🔄 Retry attempt 1/5 for item 7424
[2025-11-02T07:54:29.152Z] ✅ Successfully recovered item 7424: Phalanx Spaulders
[2025-11-02T07:54:29.153Z] ⚠️ Unknown category for item 7424
[2025-11-02T07:54:32.154Z] 
🔍 Processing failed item 7459 (956/1103)
[2025-11-02T07:54:32.155Z] 🔄 Retry attempt 1/5 for item 7459
[2025-11-02T07:54:38.268Z] ✅ Successfully recovered item 7459: Knight's Pauldrons
[2025-11-02T07:54:38.268Z] ⚠️ Unknown category for item 7459
[2025-11-02T07:54:41.271Z] 
🔍 Processing failed item 8133 (957/1103)
[2025-11-02T07:54:41.272Z] 🔄 Retry attempt 1/5 for item 8133
[2025-11-02T07:54:47.436Z] ✅ Successfully recovered item 8133: Myrmidon's Pauldrons
[2025-11-02T07:54:47.437Z] ⚠️ Unknown category for item 8133
[2025-11-02T07:54:50.439Z] 
🔍 Processing failed item 8310 (958/1103)
[2025-11-02T07:54:50.440Z] 🔄 Retry attempt 1/5 for item 8310
[2025-11-02T07:54:56.555Z] ✅ Successfully recovered item 8310: Hero's Pauldrons
[2025-11-02T07:54:56.556Z] ⚠️ Unknown category for item 8310
[2025-11-02T07:54:59.558Z] 
🔍 Processing failed item 9817 (959/1103)
[2025-11-02T07:54:59.559Z] 🔄 Retry attempt 1/5 for item 9817
[2025-11-02T07:55:05.666Z] ✅ Successfully recovered item 9817: Fortified Spaulders
[2025-11-02T07:55:05.667Z] ⚠️ Unknown category for item 9817
[2025-11-02T07:55:08.670Z] 
🔍 Processing failed item 9872 (960/1103)
[2025-11-02T07:55:08.670Z] 🔄 Retry attempt 1/5 for item 9872
[2025-11-02T07:55:14.659Z] ✅ Successfully recovered item 9872: Renegade Pauldrons
[2025-11-02T07:55:14.659Z] ⚠️ Unknown category for item 9872
[2025-11-02T07:55:14.660Z] 💾 Saved 0 recovered weapons items to turtle_db/recovered-weapons.json
[2025-11-02T07:55:14.661Z] 💾 Saved 0 recovered armor items to turtle_db/recovered-armor.json
[2025-11-02T07:55:17.668Z] 
🔍 Processing failed item 9904 (961/1103)
[2025-11-02T07:55:17.669Z] 🔄 Retry attempt 1/5 for item 9904
[2025-11-02T07:55:23.783Z] ✅ Successfully recovered item 9904: Jazeraint Pauldrons
[2025-11-02T07:55:23.784Z] ⚠️ Unknown category for item 9904
[2025-11-02T07:55:26.785Z] 
🔍 Processing failed item 10085 (962/1103)
[2025-11-02T07:55:26.786Z] 🔄 Retry attempt 1/5 for item 10085
[2025-11-02T07:55:32.984Z] ✅ Successfully recovered item 10085: Lord's Pauldrons
[2025-11-02T07:55:32.985Z] ⚠️ Unknown category for item 10085
[2025-11-02T07:55:35.987Z] 
🔍 Processing failed item 10125 (963/1103)
[2025-11-02T07:55:35.988Z] 🔄 Retry attempt 1/5 for item 10125
[2025-11-02T07:55:42.158Z] ✅ Successfully recovered item 10125: Ornate Pauldrons
[2025-11-02T07:55:42.159Z] ⚠️ Unknown category for item 10125
[2025-11-02T07:55:45.161Z] 
🔍 Processing failed item 10163 (964/1103)
[2025-11-02T07:55:45.162Z] 🔄 Retry attempt 1/5 for item 10163
[2025-11-02T07:55:51.277Z] ✅ Successfully recovered item 10163: Mercurial Pauldrons
[2025-11-02T07:55:51.278Z] ⚠️ Unknown category for item 10163
[2025-11-02T07:55:54.280Z] 
🔍 Processing failed item 10237 (965/1103)
[2025-11-02T07:55:54.281Z] 🔄 Retry attempt 1/5 for item 10237
[2025-11-02T07:56:17.710Z] ✅ Successfully recovered item 10237: Engraved Pauldrons
[2025-11-02T07:56:17.711Z] ⚠️ Unknown category for item 10237
[2025-11-02T07:56:20.713Z] 
🔍 Processing failed item 10274 (966/1103)
[2025-11-02T07:56:20.714Z] 🔄 Retry attempt 1/5 for item 10274
[2025-11-02T07:56:26.825Z] ✅ Successfully recovered item 10274: Masterwork Pauldrons
[2025-11-02T07:56:26.826Z] ⚠️ Unknown category for item 10274
[2025-11-02T07:56:29.828Z] 
🔍 Processing failed item 12617 (967/1103)
[2025-11-02T07:56:29.829Z] 🔄 Retry attempt 1/5 for item 12617
[2025-11-02T07:56:35.926Z] ✅ Successfully recovered item 12617: Savage Mail Shoulders
[2025-11-02T07:56:35.927Z] ⚠️ Unknown category for item 12617
[2025-11-02T07:56:38.929Z] 
🔍 Processing failed item 14749 (968/1103)
[2025-11-02T07:56:38.930Z] 🔄 Retry attempt 1/5 for item 14749
[2025-11-02T07:56:45.043Z] ✅ Successfully recovered item 14749: Hulking Spaulders
[2025-11-02T07:56:45.043Z] ⚠️ Unknown category for item 14749
[2025-11-02T07:56:48.045Z] 
🔍 Processing failed item 14758 (969/1103)
[2025-11-02T07:56:48.046Z] 🔄 Retry attempt 1/5 for item 14758
[2025-11-02T07:56:54.159Z] ✅ Successfully recovered item 14758: Slayer's Shoulder Pads
[2025-11-02T07:56:54.159Z] ⚠️ Unknown category for item 14758
[2025-11-02T07:56:57.162Z] 
🔍 Processing failed item 14767 (970/1103)
[2025-11-02T07:56:57.162Z] 🔄 Retry attempt 1/5 for item 14767
[2025-11-02T07:57:03.268Z] ✅ Successfully recovered item 14767: Enduring Pauldrons
[2025-11-02T07:57:03.269Z] ⚠️ Unknown category for item 14767
[2025-11-02T07:57:03.270Z] 💾 Saved 0 recovered weapons items to turtle_db/recovered-weapons.json
[2025-11-02T07:57:03.271Z] 💾 Saved 0 recovered armor items to turtle_db/recovered-armor.json
[2025-11-02T07:57:06.276Z] 
🔍 Processing failed item 14776 (971/1103)
[2025-11-02T07:57:06.277Z] 🔄 Retry attempt 1/5 for item 14776
[2025-11-02T07:57:12.389Z] ✅ Successfully recovered item 14776: Ravager's Mantle
[2025-11-02T07:57:12.390Z] ⚠️ Unknown category for item 14776
[2025-11-02T07:57:15.392Z] 
🔍 Processing failed item 14787 (972/1103)
[2025-11-02T07:57:15.392Z] 🔄 Retry attempt 1/5 for item 14787
[2025-11-02T07:57:21.505Z] ✅ Successfully recovered item 14787: Khan's Mantle
[2025-11-02T07:57:21.506Z] ⚠️ Unknown category for item 14787
[2025-11-02T08:02:59.463Z] 
🔍 Processing failed item 14797 (973/1103)
[2025-11-02T08:02:59.464Z] 🔄 Retry attempt 1/5 for item 14797
[2025-11-02T08:03:12.560Z] ✅ Successfully recovered item 14797: Protector Pads
[2025-11-02T08:03:12.561Z] ⚠️ Unknown category for item 14797
[2025-11-02T08:03:15.561Z] 
🔍 Processing failed item 15081 (974/1103)
[2025-11-02T08:03:15.562Z] 🔄 Retry attempt 1/5 for item 15081
[2025-11-02T08:03:21.655Z] ✅ Successfully recovered item 15081: Heavy Scorpid Shoulders
[2025-11-02T08:03:21.655Z] ⚠️ Unknown category for item 15081
[2025-11-02T08:03:24.657Z] 
🔍 Processing failed item 15513 (975/1103)
[2025-11-02T08:03:24.658Z] 🔄 Retry attempt 1/5 for item 15513
[2025-11-02T08:03:30.980Z] ✅ Successfully recovered item 15513: Grunt's Pauldrons
[2025-11-02T08:03:30.980Z] ⚠️ Unknown category for item 15513
[2025-11-02T08:03:33.982Z] 
🔍 Processing failed item 15523 (976/1103)
[2025-11-02T08:03:33.983Z] 🔄 Retry attempt 1/5 for item 15523
[2025-11-02T08:03:40.099Z] ✅ Successfully recovered item 15523: Spiked Chain Shoulder Pads
[2025-11-02T08:03:40.100Z] ⚠️ Unknown category for item 15523
[2025-11-02T08:03:43.102Z] 
🔍 Processing failed item 15531 (977/1103)
[2025-11-02T08:03:43.103Z] 🔄 Retry attempt 1/5 for item 15531
[2025-11-02T08:03:49.222Z] ✅ Successfully recovered item 15531: Sentry's Shoulderguards
[2025-11-02T08:03:49.223Z] ⚠️ Unknown category for item 15531
[2025-11-02T08:03:52.225Z] 
🔍 Processing failed item 15562 (978/1103)
[2025-11-02T08:03:52.226Z] 🔄 Retry attempt 1/5 for item 15562
[2025-11-02T08:03:58.344Z] ✅ Successfully recovered item 15562: Pillager's Pauldrons
[2025-11-02T08:03:58.345Z] ⚠️ Unknown category for item 15562
[2025-11-02T08:04:01.346Z] 
🔍 Processing failed item 15574 (979/1103)
[2025-11-02T08:04:01.347Z] 🔄 Retry attempt 1/5 for item 15574
[2025-11-02T08:04:07.471Z] ✅ Successfully recovered item 15574: Marauder's Shoulder Pads
[2025-11-02T08:04:07.472Z] ⚠️ Unknown category for item 15574
[2025-11-02T08:04:10.473Z] 
🔍 Processing failed item 15583 (980/1103)
[2025-11-02T08:04:10.474Z] 🔄 Retry attempt 1/5 for item 15583
[2025-11-02T08:04:16.595Z] ✅ Successfully recovered item 15583: Sparkleshell Shoulder Pads
[2025-11-02T08:04:16.596Z] ⚠️ Unknown category for item 15583
[2025-11-02T08:04:16.597Z] 💾 Saved 0 recovered weapons items to turtle_db/recovered-weapons.json
[2025-11-02T08:04:16.598Z] 💾 Saved 0 recovered armor items to turtle_db/recovered-armor.json
[2025-11-02T08:04:19.606Z] 
🔍 Processing failed item 15628 (981/1103)
[2025-11-02T08:04:19.606Z] 🔄 Retry attempt 1/5 for item 15628
[2025-11-02T08:04:25.727Z] ✅ Successfully recovered item 15628: Gryphon Mail Pauldrons
[2025-11-02T08:04:25.728Z] ⚠️ Unknown category for item 15628
[2025-11-02T08:04:28.730Z] 
🔍 Processing failed item 15638 (982/1103)
[2025-11-02T08:04:28.731Z] 🔄 Retry attempt 1/5 for item 15638
[2025-11-02T08:04:34.851Z] ✅ Successfully recovered item 15638: Formidable Shoulder Pads
[2025-11-02T08:04:34.852Z] ⚠️ Unknown category for item 15638
[2025-11-02T08:04:37.854Z] 
🔍 Processing failed item 15647 (983/1103)
[2025-11-02T08:04:37.855Z] 🔄 Retry attempt 1/5 for item 15647
[2025-11-02T08:04:43.792Z] ✅ Successfully recovered item 15647: Ironhide Pauldrons
[2025-11-02T08:04:43.793Z] ⚠️ Unknown category for item 15647
[2025-11-02T08:04:46.794Z] 
🔍 Processing failed item 15656 (984/1103)
[2025-11-02T08:04:46.795Z] 🔄 Retry attempt 1/5 for item 15656
[2025-11-02T08:04:52.914Z] ✅ Successfully recovered item 15656: Merciless Epaulets
[2025-11-02T08:04:52.915Z] ⚠️ Unknown category for item 15656
[2025-11-02T08:04:55.917Z] 
🔍 Processing failed item 15666 (985/1103)
[2025-11-02T08:04:55.918Z] 🔄 Retry attempt 1/5 for item 15666
[2025-11-02T08:05:01.802Z] ✅ Successfully recovered item 15666: Impenetrable Pauldrons
[2025-11-02T08:05:01.803Z] ⚠️ Unknown category for item 15666
[2025-11-02T08:05:04.805Z] 
🔍 Processing failed item 15677 (986/1103)
[2025-11-02T08:05:04.806Z] 🔄 Retry attempt 1/5 for item 15677
[2025-11-02T08:10:02.018Z] ✅ Successfully recovered item 15677: Magnificent Shoulders
[2025-11-02T08:10:02.141Z] ⚠️ Unknown category for item 15677
[2025-11-02T08:10:05.145Z] 
🔍 Processing failed item 17769 (987/1103)
[2025-11-02T08:10:05.146Z] 🔄 Retry attempt 1/5 for item 17769
[2025-11-02T08:10:11.363Z] ✅ Successfully recovered item 17769: Sagebrush Spaulders
[2025-11-02T08:10:11.364Z] ⚠️ Unknown category for item 17769
[2025-11-02T08:10:14.368Z] 
🔍 Processing failed item 41787 (988/1103)
[2025-11-02T08:10:14.368Z] 🔄 Retry attempt 1/5 for item 41787
[2025-11-02T08:10:20.415Z] ✅ Successfully recovered item 41787: Shatterblade Pauldrons
[2025-11-02T08:10:20.416Z] ⚠️ Unknown category for item 41787
[2025-11-02T08:10:23.419Z] 
🔍 Processing failed item 41952 (989/1103)
[2025-11-02T08:10:23.420Z] 🔄 Retry attempt 1/5 for item 41952
[2025-11-02T08:10:29.589Z] ✅ Successfully recovered item 41952: Shoulderpads of Dun Kithas
[2025-11-02T08:10:29.590Z] ⚠️ Unknown category for item 41952
[2025-11-02T08:10:32.593Z] 
🔍 Processing failed item 58170 (990/1103)
[2025-11-02T08:10:32.595Z] 🔄 Retry attempt 1/5 for item 58170
[2025-11-02T08:10:38.692Z] ✅ Successfully recovered item 58170: Scrap Metal Pauldrons
[2025-11-02T08:10:38.693Z] ⚠️ Unknown category for item 58170
[2025-11-02T08:10:38.694Z] 💾 Saved 0 recovered weapons items to turtle_db/recovered-weapons.json
[2025-11-02T08:10:38.694Z] 💾 Saved 0 recovered armor items to turtle_db/recovered-armor.json
[2025-11-02T08:10:41.702Z] 
🔍 Processing failed item 60751 (991/1103)
[2025-11-02T08:10:41.703Z] 🔄 Retry attempt 1/5 for item 60751
[2025-11-02T08:10:47.801Z] ✅ Successfully recovered item 60751: Sentinel's Pauldrons
[2025-11-02T08:10:47.801Z] ⚠️ Unknown category for item 60751
[2025-11-02T08:10:50.803Z] 
🔍 Processing failed item 61539 (992/1103)
[2025-11-02T08:10:50.804Z] 🔄 Retry attempt 1/5 for item 61539
[2025-11-02T08:10:56.802Z] ✅ Successfully recovered item 61539: Scaleshard Shoulders
[2025-11-02T08:10:56.803Z] ⚠️ Unknown category for item 61539
[2025-11-02T08:10:59.805Z] 
🔍 Processing failed item 70006 (993/1103)
[2025-11-02T08:10:59.805Z] 🔄 Retry attempt 1/5 for item 70006
[2025-11-02T08:11:05.901Z] ✅ Successfully recovered item 70006: Leafcovered Spaulders
[2025-11-02T08:11:05.901Z] ⚠️ Unknown category for item 70006
[2025-11-02T08:11:08.903Z] 
🔍 Processing failed item 1445 (994/1103)
[2025-11-02T08:11:08.904Z] 🔄 Retry attempt 1/5 for item 1445
[2025-11-02T08:11:14.898Z] ✅ Successfully recovered item 1445: Blackrock Pauldrons
[2025-11-02T08:11:14.898Z] ⚠️ Unknown category for item 1445
[2025-11-02T08:11:17.901Z] 
🔍 Processing failed item 1744 (995/1103)
[2025-11-02T08:11:17.902Z] 🔄 Retry attempt 1/5 for item 1744
[2025-11-02T08:11:24.000Z] ✅ Successfully recovered item 1744: Laced Mail Shoulderpads
[2025-11-02T08:11:24.001Z] ⚠️ Unknown category for item 1744
[2025-11-02T08:11:27.002Z] 
🔍 Processing failed item 1752 (996/1103)
[2025-11-02T08:11:27.002Z] 🔄 Retry attempt 1/5 for item 1752
[2025-11-02T08:11:33.016Z] ✅ Successfully recovered item 1752: Linked Chain Shoulderpads
[2025-11-02T08:11:33.016Z] ⚠️ Unknown category for item 1752
[2025-11-02T08:11:36.019Z] 
🔍 Processing failed item 1760 (997/1103)
[2025-11-02T08:11:36.019Z] 🔄 Retry attempt 1/5 for item 1760
[2025-11-02T08:11:42.112Z] ✅ Successfully recovered item 1760: Reinforced Chain Shoulderpads
[2025-11-02T08:11:42.113Z] ⚠️ Unknown category for item 1760
[2025-11-02T08:11:45.116Z] 
🔍 Processing failed item 3814 (998/1103)
[2025-11-02T08:11:45.116Z] 🔄 Retry attempt 1/5 for item 3814
[2025-11-02T08:11:51.135Z] ✅ Successfully recovered item 3814: Double Mail Shoulderpads
[2025-11-02T08:11:51.135Z] ⚠️ Unknown category for item 3814
[2025-11-02T08:11:54.136Z] 
🔍 Processing failed item 3983 (999/1103)
[2025-11-02T08:11:54.137Z] 🔄 Retry attempt 1/5 for item 3983
[2025-11-02T08:12:00.242Z] ✅ Successfully recovered item 3983: Strapped Shoulderpads
[2025-11-02T08:12:00.242Z] ⚠️ Unknown category for item 3983
[2025-11-02T08:12:03.245Z] 
🔍 Processing failed item 3998 (1000/1103)
[2025-11-02T08:12:03.330Z] 🔒 Browser closed
[2025-11-02T08:12:03.331Z] 🚀 Initializing browser for retry processing...
[2025-11-02T08:12:03.648Z] ✅ Browser initialized
[2025-11-02T08:12:03.648Z] 🔄 Retry attempt 1/5 for item 3998
[2025-11-02T08:21:02.716Z] 🔄 Retry attempt 2/5 for item 3998
[2025-11-02T08:21:02.717Z] ⏳ Waiting 15 seconds before retry...
[2025-11-02T08:21:26.589Z] ✅ Successfully recovered item 3998: Laminated Scale Shoulderpads
[2025-11-02T08:21:26.590Z] ⚠️ Unknown category for item 3998
[2025-11-02T08:21:26.591Z] 💾 Saved 0 recovered weapons items to turtle_db/recovered-weapons.json
[2025-11-02T08:21:26.592Z] 💾 Saved 0 recovered armor items to turtle_db/recovered-armor.json
[2025-11-02T08:21:29.599Z] 
🔍 Processing failed item 4006 (1001/1103)
[2025-11-02T08:21:29.600Z] 🔄 Retry attempt 1/5 for item 4006
[2025-11-02T08:22:02.543Z] ✅ Successfully recovered item 4006: Overlinked Chain Shoulderpads
[2025-11-02T08:22:02.543Z] ⚠️ Unknown category for item 4006
[2025-11-02T08:22:05.546Z] 
🔍 Processing failed item 4014 (1002/1103)
[2025-11-02T08:22:05.547Z] 🔄 Retry attempt 1/5 for item 4014
[2025-11-02T08:22:11.729Z] ✅ Successfully recovered item 4014: Sterling Chain Shoulderpads
[2025-11-02T08:22:11.730Z] ⚠️ Unknown category for item 4014
[2025-11-02T08:22:14.732Z] 
🔍 Processing failed item 4694 (1003/1103)
[2025-11-02T08:22:14.733Z] 🔄 Retry attempt 1/5 for item 4694
[2025-11-02T08:22:20.835Z] ✅ Successfully recovered item 4694: Burnished Pauldrons
[2025-11-02T08:22:20.836Z] ⚠️ Unknown category for item 4694
[2025-11-02T08:22:23.838Z] 
🔍 Processing failed item 4728 (1004/1103)
[2025-11-02T08:22:23.839Z] 🔄 Retry attempt 1/5 for item 4728
[2025-11-02T08:22:29.935Z] ✅ Successfully recovered item 4728: Twain's Shoulder
[2025-11-02T08:22:29.936Z] ⚠️ Unknown category for item 4728
[2025-11-02T08:22:32.939Z] 
🔍 Processing failed item 6189 (1005/1103)
[2025-11-02T08:22:32.940Z] 🔄 Retry attempt 1/5 for item 6189
[2025-11-02T08:22:39.038Z] ✅ Successfully recovered item 6189: Durable Chain Shoulders
[2025-11-02T08:22:39.038Z] ⚠️ Unknown category for item 6189
[2025-11-02T08:22:42.041Z] 
🔍 Processing failed item 6579 (1006/1103)
[2025-11-02T08:22:42.042Z] 🔄 Retry attempt 1/5 for item 6579
[2025-11-02T08:22:48.144Z] ✅ Successfully recovered item 6579: Defender Spaulders
[2025-11-02T08:22:48.145Z] ⚠️ Unknown category for item 6579
[2025-11-02T08:22:51.146Z] 
🔍 Processing failed item 8207 (1007/1103)
[2025-11-02T08:22:51.147Z] 🔄 Retry attempt 1/5 for item 8207
[2025-11-02T08:22:57.245Z] ✅ Successfully recovered item 8207: Tough Scorpid Shoulders
[2025-11-02T08:22:57.246Z] ⚠️ Unknown category for item 8207
[2025-11-02T08:23:00.247Z] 
🔍 Processing failed item 41113 (1008/1103)
[2025-11-02T08:23:00.248Z] 🔄 Retry attempt 1/5 for item 41113
[2025-11-02T08:23:06.343Z] ✅ Successfully recovered item 41113: Royalist Chain Armor
[2025-11-02T08:23:06.343Z] ⚠️ Unknown category for item 41113
[2025-11-02T08:23:09.346Z] 
🔍 Processing failed item 51827 (1009/1103)
[2025-11-02T08:23:09.347Z] 🔄 Retry attempt 1/5 for item 51827
[2025-11-02T08:23:15.442Z] ✅ Successfully recovered item 51827: Thornmantle Harness
[2025-11-02T08:23:15.443Z] ⚠️ Unknown category for item 51827
[2025-11-02T08:23:18.446Z] 
🔍 Processing failed item 80212 (1010/1103)
[2025-11-02T08:23:18.447Z] 🔄 Retry attempt 1/5 for item 80212
[2025-11-02T08:23:24.548Z] ✅ Successfully recovered item 80212: Polished Scalemail
[2025-11-02T08:23:24.549Z] ⚠️ Unknown category for item 80212
[2025-11-02T08:23:24.550Z] 💾 Saved 0 recovered weapons items to turtle_db/recovered-weapons.json
[2025-11-02T08:23:24.551Z] 💾 Saved 0 recovered armor items to turtle_db/recovered-armor.json
[2025-11-02T08:37:21.603Z] 
🔍 Processing failed item 6460 (1011/1103)
[2025-11-02T08:37:21.603Z] 🔄 Retry attempt 1/5 for item 6460
[2025-11-02T08:37:27.781Z] ✅ Successfully recovered item 6460: Cobrahn's Grasp
[2025-11-02T08:37:27.782Z] ⚠️ Unknown category for item 6460
[2025-11-02T08:37:30.786Z] 
🔍 Processing failed item 10768 (1012/1103)
[2025-11-02T08:37:30.787Z] 🔄 Retry attempt 1/5 for item 10768
[2025-11-02T08:37:36.832Z] ✅ Successfully recovered item 10768: Boar Champion's Belt
[2025-11-02T08:37:36.833Z] ⚠️ Unknown category for item 10768
[2025-11-02T08:37:39.836Z] 
🔍 Processing failed item 11783 (1013/1103)
[2025-11-02T08:37:39.837Z] 🔄 Retry attempt 1/5 for item 11783
[2025-11-02T08:37:45.767Z] ✅ Successfully recovered item 11783: Chillsteel Girdle
[2025-11-02T08:37:45.768Z] ⚠️ Unknown category for item 11783
[2025-11-02T08:37:48.770Z] 
🔍 Processing failed item 12634 (1014/1103)
[2025-11-02T08:37:48.771Z] 🔄 Retry attempt 1/5 for item 12634
[2025-11-02T08:37:54.873Z] ✅ Successfully recovered item 12634: Chiselbrand Girdle
[2025-11-02T08:37:54.874Z] ⚠️ Unknown category for item 12634
[2025-11-02T08:37:57.876Z] 
🔍 Processing failed item 13134 (1015/1103)
[2025-11-02T08:37:57.877Z] 🔄 Retry attempt 1/5 for item 13134
[2025-11-02T08:38:03.994Z] ✅ Successfully recovered item 13134: Belt of the Gladiator
[2025-11-02T08:38:03.995Z] ⚠️ Unknown category for item 13134
[2025-11-02T08:38:06.998Z] 
🔍 Processing failed item 14614 (1016/1103)
[2025-11-02T08:38:06.999Z] 🔄 Retry attempt 1/5 for item 14614
[2025-11-02T08:38:13.097Z] ✅ Successfully recovered item 14614: Bloodmail Belt
[2025-11-02T08:38:13.098Z] ⚠️ Unknown category for item 14614
[2025-11-02T08:38:16.101Z] 
🔍 Processing failed item 16464 (1017/1103)
[2025-11-02T08:38:16.101Z] 🔄 Retry attempt 1/5 for item 16464
[2025-11-02T08:38:22.197Z] ✅ Successfully recovered item 16464: Marshal's Chain Girdle
[2025-11-02T08:38:22.197Z] ⚠️ Unknown category for item 16464
[2025-11-02T08:38:25.200Z] 
🔍 Processing failed item 16572 (1018/1103)
[2025-11-02T08:38:25.201Z] 🔄 Retry attempt 1/5 for item 16572
[2025-11-02T08:38:30.934Z] ✅ Successfully recovered item 16572: General's Chain Girdle
[2025-11-02T08:38:30.934Z] ⚠️ Unknown category for item 16572
[2025-11-02T08:38:33.937Z] 
🔍 Processing failed item 16575 (1019/1103)
[2025-11-02T08:38:33.937Z] 🔄 Retry attempt 1/5 for item 16575
[2025-11-02T08:38:40.116Z] ✅ Successfully recovered item 16575: General's Mail Waistband
[2025-11-02T08:38:40.116Z] ⚠️ Unknown category for item 16575
[2025-11-02T08:38:43.119Z] 
🔍 Processing failed item 16673 (1020/1103)
[2025-11-02T08:38:43.120Z] 🔄 Retry attempt 1/5 for item 16673
[2025-11-02T08:38:49.111Z] ✅ Successfully recovered item 16673: Cord of Elements
[2025-11-02T08:38:49.112Z] ⚠️ Unknown category for item 16673
[2025-11-02T08:38:49.112Z] 💾 Saved 0 recovered weapons items to turtle_db/recovered-weapons.json
[2025-11-02T08:38:49.113Z] 💾 Saved 0 recovered armor items to turtle_db/recovered-armor.json
[2025-11-02T08:38:52.121Z] 
🔍 Processing failed item 16680 (1021/1103)
[2025-11-02T08:38:52.122Z] 🔄 Retry attempt 1/5 for item 16680
[2025-11-02T08:38:58.215Z] ✅ Successfully recovered item 16680: Beaststalker's Belt
[2025-11-02T08:38:58.216Z] ⚠️ Unknown category for item 16680
[2025-11-02T08:39:01.218Z] 
🔍 Processing failed item 16838 (1022/1103)
[2025-11-02T08:39:01.219Z] 🔄 Retry attempt 1/5 for item 16838
[2025-11-02T08:39:07.218Z] ✅ Successfully recovered item 16838: Earthfury Belt
[2025-11-02T08:39:07.219Z] ⚠️ Unknown category for item 16838
[2025-11-02T08:39:10.221Z] 
🔍 Processing failed item 16851 (1023/1103)
[2025-11-02T08:39:10.222Z] 🔄 Retry attempt 1/5 for item 16851
[2025-11-02T08:39:16.313Z] ✅ Successfully recovered item 16851: Giantstalker's Belt
[2025-11-02T08:39:16.314Z] ⚠️ Unknown category for item 16851
[2025-11-02T08:39:19.317Z] 
🔍 Processing failed item 23663 (1024/1103)
[2025-11-02T08:39:19.317Z] 🔄 Retry attempt 1/5 for item 23663
[2025-11-02T08:39:25.317Z] ✅ Successfully recovered item 23663: Girdle of Elemental Fury
[2025-11-02T08:39:25.318Z] ⚠️ Unknown category for item 23663
[2025-11-02T08:39:28.321Z] 
🔍 Processing failed item 2400 (1025/1103)
[2025-11-02T08:39:28.322Z] 🔄 Retry attempt 1/5 for item 2400
[2025-11-02T08:39:34.411Z] ✅ Successfully recovered item 2400: Light Chain Leggings
[2025-11-02T08:39:34.412Z] ⚠️ Unknown category for item 2400
[2025-11-02T08:39:37.414Z] 
🔍 Processing failed item 2418 (1026/1103)
[2025-11-02T08:39:37.415Z] 🔄 Retry attempt 1/5 for item 2418
[2025-11-02T08:39:43.508Z] ✅ Successfully recovered item 2418: Augmented Chain Leggings
[2025-11-02T08:39:43.509Z] ⚠️ Unknown category for item 2418
[2025-11-02T08:39:46.510Z] 
🔍 Processing failed item 2425 (1027/1103)
[2025-11-02T08:39:46.511Z] 🔄 Retry attempt 1/5 for item 2425
[2025-11-02T08:39:52.607Z] ✅ Successfully recovered item 2425: Brigandine Leggings
[2025-11-02T08:39:52.608Z] ⚠️ Unknown category for item 2425
[2025-11-02T08:39:55.610Z] 
🔍 Processing failed item 2646 (1028/1103)
[2025-11-02T08:39:55.611Z] 🔄 Retry attempt 1/5 for item 2646
[2025-11-02T08:40:01.604Z] ✅ Successfully recovered item 2646: Loose Chain Pants
[2025-11-02T08:40:01.605Z] ⚠️ Unknown category for item 2646
[2025-11-02T08:54:29.318Z] 
🔍 Processing failed item 2654 (1029/1103)
[2025-11-02T08:54:29.327Z] 🔄 Retry attempt 1/5 for item 2654
[2025-11-02T08:54:35.906Z] ✅ Successfully recovered item 2654: Flimsy Chain Pants
[2025-11-02T08:54:35.907Z] ⚠️ Unknown category for item 2654
[2025-11-02T08:54:38.908Z] 
🔍 Processing failed item 2852 (1030/1103)
[2025-11-02T08:54:38.911Z] 🔄 Retry attempt 1/5 for item 2852
[2025-11-02T08:54:44.960Z] ✅ Successfully recovered item 2852: Copper Chain Pants
[2025-11-02T08:54:44.961Z] ⚠️ Unknown category for item 2852
[2025-11-02T08:54:44.962Z] 💾 Saved 0 recovered weapons items to turtle_db/recovered-weapons.json
[2025-11-02T08:54:44.962Z] 💾 Saved 0 recovered armor items to turtle_db/recovered-armor.json
[2025-11-02T08:54:47.969Z] 
🔍 Processing failed item 2966 (1031/1103)
[2025-11-02T08:54:47.970Z] 🔄 Retry attempt 1/5 for item 2966
[2025-11-02T08:54:54.081Z] ✅ Successfully recovered item 2966: Warrior's Pants
[2025-11-02T08:54:54.081Z] ⚠️ Unknown category for item 2966
[2025-11-02T08:54:57.083Z] 
🔍 Processing failed item 2978 (1032/1103)
[2025-11-02T08:54:57.084Z] 🔄 Retry attempt 1/5 for item 2978
[2025-11-02T08:55:03.075Z] ✅ Successfully recovered item 2978: Veteran Leggings
[2025-11-02T08:55:03.076Z] ⚠️ Unknown category for item 2978
[2025-11-02T08:55:06.078Z] 
🔍 Processing failed item 3813 (1033/1103)
[2025-11-02T08:55:06.079Z] 🔄 Retry attempt 1/5 for item 3813
[2025-11-02T08:55:12.200Z] ✅ Successfully recovered item 3813: Double Mail Pants
[2025-11-02T08:55:12.201Z] ⚠️ Unknown category for item 3813
[2025-11-02T08:55:15.204Z] 
🔍 Processing failed item 3997 (1034/1103)
[2025-11-02T08:55:15.205Z] 🔄 Retry attempt 1/5 for item 3997
[2025-11-02T08:55:21.323Z] ✅ Successfully recovered item 3997: Laminated Scale Pants
[2025-11-02T08:55:21.324Z] ⚠️ Unknown category for item 3997
[2025-11-02T08:55:24.326Z] 
🔍 Processing failed item 4005 (1035/1103)
[2025-11-02T08:55:24.327Z] 🔄 Retry attempt 1/5 for item 4005
[2025-11-02T08:55:30.456Z] ✅ Successfully recovered item 4005: Overlinked Chain Pants
[2025-11-02T08:55:30.456Z] ⚠️ Unknown category for item 4005
[2025-11-02T08:55:33.459Z] 
🔍 Processing failed item 4013 (1036/1103)
[2025-11-02T08:55:33.460Z] 🔄 Retry attempt 1/5 for item 4013
[2025-11-02T08:55:39.449Z] ✅ Successfully recovered item 4013: Sterling Chain Pants
[2025-11-02T08:55:39.450Z] ⚠️ Unknown category for item 4013
[2025-11-02T08:55:42.452Z] 
🔍 Processing failed item 4917 (1037/1103)
[2025-11-02T08:55:42.452Z] 🔄 Retry attempt 1/5 for item 4917
[2025-11-02T08:55:48.549Z] ✅ Successfully recovered item 4917: Battleworn Chain Leggings
[2025-11-02T08:55:48.549Z] ⚠️ Unknown category for item 4917
[2025-11-02T08:55:51.552Z] 
🔍 Processing failed item 5941 (1038/1103)
[2025-11-02T08:55:51.553Z] 🔄 Retry attempt 1/5 for item 5941
[2025-11-02T08:55:57.650Z] ✅ Successfully recovered item 5941: Brass Scale Pants
[2025-11-02T08:55:57.651Z] ⚠️ Unknown category for item 5941
[2025-11-02T08:56:00.652Z] 
🔍 Processing failed item 8185 (1039/1103)
[2025-11-02T08:56:00.653Z] 🔄 Retry attempt 1/5 for item 8185
[2025-11-02T08:56:06.736Z] ✅ Successfully recovered item 8185: Turtle Scale Leggings
[2025-11-02T08:56:06.736Z] ⚠️ Unknown category for item 8185
[2025-11-02T08:56:09.739Z] 
🔍 Processing failed item 9964 (1040/1103)
[2025-11-02T08:56:09.740Z] 🔄 Retry attempt 1/5 for item 9964
[2025-11-02T08:56:15.857Z] ✅ Successfully recovered item 9964: Warmonger's Leggings
[2025-11-02T08:56:15.858Z] ⚠️ Unknown category for item 9964
[2025-11-02T08:56:15.859Z] 💾 Saved 0 recovered weapons items to turtle_db/recovered-weapons.json
[2025-11-02T08:56:15.860Z] 💾 Saved 0 recovered armor items to turtle_db/recovered-armor.json
[2025-11-02T08:56:18.868Z] 
🔍 Processing failed item 10635 (1041/1103)
[2025-11-02T08:56:18.869Z] 🔄 Retry attempt 1/5 for item 10635
[2025-11-02T08:56:24.968Z] ✅ Successfully recovered item 10635: Painted Chain Leggings
[2025-11-02T08:56:24.968Z] ⚠️ Unknown category for item 10635
[2025-11-02T08:56:27.969Z] 
🔍 Processing failed item 11852 (1042/1103)
[2025-11-02T08:56:27.970Z] 🔄 Retry attempt 1/5 for item 11852
[2025-11-02T08:56:33.966Z] ✅ Successfully recovered item 11852: Roamer's Leggings
[2025-11-02T08:56:33.967Z] ⚠️ Unknown category for item 11852
[2025-11-02T08:56:36.969Z] 
🔍 Processing failed item 14727 (1043/1103)
[2025-11-02T08:56:36.970Z] 🔄 Retry attempt 1/5 for item 14727
[2025-11-02T08:56:43.066Z] ✅ Successfully recovered item 14727: War Paint Legguards
[2025-11-02T08:56:43.067Z] ⚠️ Unknown category for item 14727
[2025-11-02T08:56:46.070Z] 
🔍 Processing failed item 14816 (1044/1103)
[2025-11-02T08:56:46.071Z] 🔄 Retry attempt 1/5 for item 14816
[2025-11-02T08:56:52.085Z] ✅ Successfully recovered item 14816: Warstrike Legguards
[2025-11-02T08:56:52.085Z] ⚠️ Unknown category for item 14816
[2025-11-02T08:56:55.087Z] 
🔍 Processing failed item 15485 (1045/1103)
[2025-11-02T08:56:55.088Z] 🔄 Retry attempt 1/5 for item 15485
[2025-11-02T08:57:01.186Z] ✅ Successfully recovered item 15485: War Torn Pants
[2025-11-02T08:57:01.187Z] ⚠️ Unknown category for item 15485
[2025-11-02T08:57:04.189Z] 
🔍 Processing failed item 15541 (1046/1103)
[2025-11-02T08:57:04.190Z] 🔄 Retry attempt 1/5 for item 15541
[2025-11-02T08:57:10.203Z] ✅ Successfully recovered item 15541: Wicked Chain Legguards
[2025-11-02T08:57:10.204Z] ⚠️ Unknown category for item 15541
[2025-11-02T08:57:13.206Z] 
🔍 Processing failed item 15685 (1047/1103)
[2025-11-02T08:57:13.207Z] 🔄 Retry attempt 1/5 for item 15685
[2025-11-02T08:57:19.305Z] ✅ Successfully recovered item 15685: Triumphant Legplates
[2025-11-02T08:57:19.305Z] ⚠️ Unknown category for item 15685
[2025-11-02T08:57:22.307Z] 
🔍 Processing failed item 50423 (1048/1103)
[2025-11-02T08:57:22.307Z] 🔄 Retry attempt 1/5 for item 50423
[2025-11-02T08:57:28.322Z] ✅ Successfully recovered item 50423: Thrall's Leggings
[2025-11-02T08:57:28.323Z] ⚠️ Unknown category for item 50423
[2025-11-02T08:57:31.324Z] 
🔍 Processing failed item 51877 (1049/1103)
[2025-11-02T08:57:31.324Z] 🔄 Retry attempt 1/5 for item 51877
[2025-11-02T08:57:37.405Z] ✅ Successfully recovered item 51877: Copper Scale Leggings
[2025-11-02T08:57:37.405Z] ⚠️ Unknown category for item 51877
[2025-11-02T08:57:40.408Z] 
🔍 Processing failed item 1678 (1050/1103)
[2025-11-02T08:57:40.506Z] 🔒 Browser closed
[2025-11-02T08:57:40.506Z] 🚀 Initializing browser for retry processing...
[2025-11-02T08:57:40.838Z] ✅ Browser initialized
[2025-11-02T08:57:40.838Z] 🔄 Retry attempt 1/5 for item 1678
[2025-11-02T08:57:46.835Z] ✅ Successfully recovered item 1678: Black Ogre Kickers
[2025-11-02T08:57:46.836Z] ⚠️ Unknown category for item 1678
[2025-11-02T08:57:46.837Z] 💾 Saved 0 recovered weapons items to turtle_db/recovered-weapons.json
[2025-11-02T08:57:46.837Z] 💾 Saved 0 recovered armor items to turtle_db/recovered-armor.json
[2025-11-02T08:57:49.844Z] 
🔍 Processing failed item 9510 (1051/1103)
[2025-11-02T08:57:49.845Z] 🔄 Retry attempt 1/5 for item 9510
[2025-11-02T08:57:55.817Z] ✅ Successfully recovered item 9510: Caverndeep Trudgers
[2025-11-02T08:57:55.817Z] ⚠️ Unknown category for item 9510
[2025-11-02T08:57:58.820Z] 
🔍 Processing failed item 10846 (1052/1103)
[2025-11-02T08:57:58.821Z] 🔄 Retry attempt 1/5 for item 10846
[2025-11-02T08:58:04.915Z] ✅ Successfully recovered item 10846: Bloodshot Greaves
[2025-11-02T08:58:04.916Z] ⚠️ Unknown category for item 10846
[2025-11-02T08:58:07.918Z] 
🔍 Processing failed item 14616 (1053/1103)
[2025-11-02T08:58:07.919Z] 🔄 Retry attempt 1/5 for item 14616
[2025-11-02T08:58:14.016Z] ✅ Successfully recovered item 14616: Bloodmail Boots
[2025-11-02T08:58:14.017Z] ⚠️ Unknown category for item 14616
[2025-11-02T08:58:17.019Z] 
🔍 Processing failed item 16462 (1054/1103)
[2025-11-02T08:58:17.020Z] 🔄 Retry attempt 1/5 for item 16462
[2025-11-02T08:58:23.122Z] ✅ Successfully recovered item 16462: Marshal's Chain Boots
[2025-11-02T08:58:23.123Z] ⚠️ Unknown category for item 16462
[2025-11-02T08:58:26.124Z] 
🔍 Processing failed item 16518 (1055/1103)
[2025-11-02T08:58:26.125Z] 🔄 Retry attempt 1/5 for item 16518
[2025-11-02T08:58:32.216Z] ✅ Successfully recovered item 16518: Blood Guard's Mail Walkers
[2025-11-02T08:58:32.216Z] ⚠️ Unknown category for item 16518
[2025-11-02T08:58:35.219Z] 
🔍 Processing failed item 16531 (1056/1103)
[2025-11-02T08:58:35.220Z] 🔄 Retry attempt 1/5 for item 16531
[2025-11-02T09:02:14.201Z] ✅ Successfully recovered item 16531: Blood Guard's Chain Boots
[2025-11-02T09:02:14.319Z] ⚠️ Unknown category for item 16531
[2025-11-02T09:02:17.321Z] 
🔍 Processing failed item 16569 (1057/1103)
[2025-11-02T09:02:17.322Z] 🔄 Retry attempt 1/5 for item 16569
[2025-11-02T09:02:23.460Z] ✅ Successfully recovered item 16569: General's Chain Boots
[2025-11-02T09:02:23.461Z] ⚠️ Unknown category for item 16569
[2025-11-02T09:02:26.463Z] 
🔍 Processing failed item 16573 (1058/1103)
[2025-11-02T09:02:26.464Z] 🔄 Retry attempt 1/5 for item 16573
[2025-11-02T09:02:32.602Z] ✅ Successfully recovered item 16573: General's Mail Boots
[2025-11-02T09:02:32.603Z] ⚠️ Unknown category for item 16573
[2025-11-02T09:02:35.605Z] 
🔍 Processing failed item 16670 (1059/1103)
[2025-11-02T09:02:35.606Z] 🔄 Retry attempt 1/5 for item 16670
[2025-11-02T09:02:41.870Z] ✅ Successfully recovered item 16670: Boots of Elements
[2025-11-02T09:02:41.871Z] ⚠️ Unknown category for item 16670
[2025-11-02T09:02:44.872Z] 
🔍 Processing failed item 16675 (1060/1103)
[2025-11-02T09:02:44.873Z] 🔄 Retry attempt 1/5 for item 16675
[2025-11-02T09:02:50.972Z] ✅ Successfully recovered item 16675: Beaststalker's Boots
[2025-11-02T09:02:50.973Z] ⚠️ Unknown category for item 16675
[2025-11-02T09:02:50.974Z] 💾 Saved 0 recovered weapons items to turtle_db/recovered-weapons.json
[2025-11-02T09:02:50.974Z] 💾 Saved 0 recovered armor items to turtle_db/recovered-armor.json
[2025-11-02T09:02:53.980Z] 
🔍 Processing failed item 16837 (1061/1103)
[2025-11-02T09:02:53.981Z] 🔄 Retry attempt 1/5 for item 16837
[2025-11-02T09:03:00.080Z] ✅ Successfully recovered item 16837: Earthfury Boots
[2025-11-02T09:03:00.081Z] ⚠️ Unknown category for item 16837
[2025-11-02T09:03:03.082Z] 
🔍 Processing failed item 16849 (1062/1103)
[2025-11-02T09:03:03.083Z] 🔄 Retry attempt 1/5 for item 16849
[2025-11-02T09:03:09.220Z] ✅ Successfully recovered item 16849: Giantstalker's Boots
[2025-11-02T09:03:09.221Z] ⚠️ Unknown category for item 16849
[2025-11-02T09:03:12.222Z] 
🔍 Processing failed item 16941 (1063/1103)
[2025-11-02T09:03:12.223Z] 🔄 Retry attempt 1/5 for item 16941
[2025-11-02T09:03:18.316Z] ✅ Successfully recovered item 16941: Dragonstalker's Greaves
[2025-11-02T09:03:18.317Z] ⚠️ Unknown category for item 16941
[2025-11-02T09:03:21.320Z] 
🔍 Processing failed item 16949 (1064/1103)
[2025-11-02T09:03:21.320Z] 🔄 Retry attempt 1/5 for item 16949
[2025-11-02T09:03:27.420Z] ✅ Successfully recovered item 16949: Greaves of Ten Storms
[2025-11-02T09:03:27.421Z] ⚠️ Unknown category for item 16949
[2025-11-02T09:03:30.423Z] 
🔍 Processing failed item 16984 (1065/1103)
[2025-11-02T09:03:30.424Z] 🔄 Retry attempt 1/5 for item 16984
[2025-11-02T09:03:36.521Z] ✅ Successfully recovered item 16984: Black Dragonscale Boots
[2025-11-02T09:03:36.522Z] ⚠️ Unknown category for item 16984
[2025-11-02T09:03:39.525Z] 
🔍 Processing failed item 19144 (1066/1103)
[2025-11-02T09:03:39.525Z] 🔄 Retry attempt 1/5 for item 19144
[2025-11-02T09:03:45.617Z] ✅ Successfully recovered item 19144: Sabatons of the Flamewalker
[2025-11-02T09:03:45.618Z] ⚠️ Unknown category for item 19144
[2025-11-02T09:03:48.619Z] 
🔍 Processing failed item 19919 (1067/1103)
[2025-11-02T09:03:48.620Z] 🔄 Retry attempt 1/5 for item 19919
[2025-11-02T09:03:54.819Z] ✅ Successfully recovered item 19919: Bloodstained Greaves
[2025-11-02T09:03:54.820Z] ⚠️ Unknown category for item 19919
[2025-11-02T09:03:57.822Z] 
🔍 Processing failed item 20621 (1068/1103)
[2025-11-02T09:03:57.822Z] 🔄 Retry attempt 1/5 for item 20621
[2025-11-02T09:04:03.815Z] ✅ Successfully recovered item 20621: Boots of the Endless Moor
[2025-11-02T09:04:03.816Z] ⚠️ Unknown category for item 20621
[2025-11-02T09:04:06.818Z] 
🔍 Processing failed item 20629 (1069/1103)
[2025-11-02T09:04:06.819Z] 🔄 Retry attempt 1/5 for item 20629
[2025-11-02T09:04:12.932Z] ✅ Successfully recovered item 20629: Malignant Footguards
[2025-11-02T09:04:12.933Z] ⚠️ Unknown category for item 20629
[2025-11-02T09:04:15.935Z] 
🔍 Processing failed item 21365 (1070/1103)
[2025-11-02T09:04:15.936Z] 🔄 Retry attempt 1/5 for item 21365
[2025-11-02T09:04:21.915Z] ✅ Successfully recovered item 21365: Striker's Footguards
[2025-11-02T09:04:21.915Z] ⚠️ Unknown category for item 21365
[2025-11-02T09:04:21.916Z] 💾 Saved 0 recovered weapons items to turtle_db/recovered-weapons.json
[2025-11-02T09:04:21.916Z] 💾 Saved 0 recovered armor items to turtle_db/recovered-armor.json
[2025-11-02T09:05:01.209Z] 
🔍 Processing failed item 21373 (1071/1103)
[2025-11-02T09:05:01.331Z] 🔄 Retry attempt 1/5 for item 21373
[2025-11-02T09:05:13.904Z] ✅ Successfully recovered item 21373: Stormcaller's Greaves
[2025-11-02T09:05:13.905Z] ⚠️ Unknown category for item 21373
[2025-11-02T09:05:16.906Z] 
🔍 Processing failed item 21482 (1072/1103)
[2025-11-02T09:05:16.907Z] 🔄 Retry attempt 1/5 for item 21482
[2025-11-02T09:05:23.006Z] ✅ Successfully recovered item 21482: Boots of the Fiery Sands
[2025-11-02T09:05:23.007Z] ⚠️ Unknown category for item 21482
[2025-11-02T09:05:26.009Z] 
🔍 Processing failed item 21497 (1073/1103)
[2025-11-02T09:05:26.010Z] 🔄 Retry attempt 1/5 for item 21497
[2025-11-02T09:05:32.159Z] ✅ Successfully recovered item 21497: Boots of the Qiraji General
[2025-11-02T09:05:32.160Z] ⚠️ Unknown category for item 21497
[2025-11-02T09:05:35.161Z] 
🔍 Processing failed item 21612 (1074/1103)
[2025-11-02T09:05:35.162Z] 🔄 Retry attempt 1/5 for item 21612
[2025-11-02T09:05:41.366Z] ✅ Successfully recovered item 21612: Wormscale Stompers
[2025-11-02T09:05:41.367Z] ⚠️ Unknown category for item 21612
[2025-11-02T09:05:44.368Z] 
🔍 Processing failed item 21705 (1075/1103)
[2025-11-02T09:05:44.369Z] 🔄 Retry attempt 1/5 for item 21705
[2025-11-02T09:05:50.473Z] ✅ Successfully recovered item 21705: Boots of the Fallen Prophet
[2025-11-02T09:05:50.474Z] ⚠️ Unknown category for item 21705
[2025-11-02T09:05:53.476Z] 
🔍 Processing failed item 22061 (1076/1103)
[2025-11-02T09:05:53.477Z] 🔄 Retry attempt 1/5 for item 22061
[2025-11-02T09:05:59.578Z] ✅ Successfully recovered item 22061: Beastmaster's Boots
[2025-11-02T09:05:59.578Z] ⚠️ Unknown category for item 22061
[2025-11-02T09:06:02.580Z] 
🔍 Processing failed item 22096 (1077/1103)
[2025-11-02T09:06:02.581Z] 🔄 Retry attempt 1/5 for item 22096
[2025-11-02T09:06:08.682Z] ✅ Successfully recovered item 22096: Boots of The Five Thunders
[2025-11-02T09:06:08.683Z] ⚠️ Unknown category for item 22096
[2025-11-02T09:06:11.685Z] 
🔍 Processing failed item 22440 (1078/1103)
[2025-11-02T09:06:11.686Z] 🔄 Retry attempt 1/5 for item 22440
[2025-11-02T09:06:17.782Z] ✅ Successfully recovered item 22440: Cryptstalker Boots
[2025-11-02T09:06:17.783Z] ⚠️ Unknown category for item 22440
[2025-11-02T09:06:20.786Z] 
🔍 Processing failed item 22468 (1079/1103)
[2025-11-02T09:06:20.787Z] 🔄 Retry attempt 1/5 for item 22468
[2025-11-02T09:06:26.899Z] ✅ Successfully recovered item 22468: Earthshatter Boots
[2025-11-02T09:06:26.900Z] ⚠️ Unknown category for item 22468
[2025-11-02T09:06:29.902Z] 
🔍 Processing failed item 22843 (1080/1103)
[2025-11-02T09:06:29.903Z] 🔄 Retry attempt 1/5 for item 22843
[2025-11-02T09:06:35.890Z] ✅ Successfully recovered item 22843: Blood Guard's Chain Greaves
[2025-11-02T09:06:35.891Z] ⚠️ Unknown category for item 22843
[2025-11-02T09:06:35.892Z] 💾 Saved 0 recovered weapons items to turtle_db/recovered-weapons.json
[2025-11-02T09:06:35.893Z] 💾 Saved 0 recovered armor items to turtle_db/recovered-armor.json
[2025-11-02T09:06:38.901Z] 
🔍 Processing failed item 22857 (1081/1103)
[2025-11-02T09:06:38.902Z] 🔄 Retry attempt 1/5 for item 22857
[2025-11-02T09:06:44.998Z] ✅ Successfully recovered item 22857: Blood Guard's Mail Greaves
[2025-11-02T09:06:44.999Z] ⚠️ Unknown category for item 22857
[2025-11-02T09:06:48.001Z] 
🔍 Processing failed item 47127 (1082/1103)
[2025-11-02T09:06:48.002Z] 🔄 Retry attempt 1/5 for item 47127
[2025-11-02T09:06:53.997Z] ✅ Successfully recovered item 47127: Earthfury Sabatons
[2025-11-02T09:06:53.998Z] ⚠️ Unknown category for item 47127
[2025-11-02T09:06:56.999Z] 
🔍 Processing failed item 47135 (1083/1103)
[2025-11-02T09:06:57.000Z] 🔄 Retry attempt 1/5 for item 47135
[2025-11-02T09:07:03.102Z] ✅ Successfully recovered item 47135: Earthfury Greaves
[2025-11-02T09:07:03.102Z] ⚠️ Unknown category for item 47135
[2025-11-02T09:07:06.104Z] 
🔍 Processing failed item 47143 (1084/1103)
[2025-11-02T09:07:06.105Z] 🔄 Retry attempt 1/5 for item 47143
[2025-11-02T09:07:12.206Z] ✅ Successfully recovered item 47143: Sabatons of Ten Storms
[2025-11-02T09:07:12.206Z] ⚠️ Unknown category for item 47143
[2025-11-02T09:07:15.209Z] 
🔍 Processing failed item 47151 (1085/1103)
[2025-11-02T09:07:15.210Z] 🔄 Retry attempt 1/5 for item 47151
[2025-11-02T09:21:47.594Z] ✅ Successfully recovered item 47151: Boots of Ten Storms
[2025-11-02T09:21:47.595Z] ⚠️ Unknown category for item 47151
[2025-11-02T09:21:50.596Z] 
🔍 Processing failed item 47156 (1086/1103)
[2025-11-02T09:21:50.596Z] 🔄 Retry attempt 1/5 for item 47156
[2025-11-02T09:21:56.785Z] ✅ Successfully recovered item 47156: Stormcaller's Sabatons
[2025-11-02T09:21:56.785Z] ⚠️ Unknown category for item 47156
[2025-11-02T09:21:59.785Z] 
🔍 Processing failed item 47161 (1087/1103)
[2025-11-02T09:21:59.786Z] 🔄 Retry attempt 1/5 for item 47161
[2025-11-02T09:22:05.841Z] ✅ Successfully recovered item 47161: Stormcaller's Boots
[2025-11-02T09:22:05.841Z] ⚠️ Unknown category for item 47161
[2025-11-02T09:22:08.843Z] 
🔍 Processing failed item 47169 (1088/1103)
[2025-11-02T09:22:08.843Z] 🔄 Retry attempt 1/5 for item 47169
[2025-11-02T09:22:15.056Z] ✅ Successfully recovered item 47169: Earthshatter Sabatons
[2025-11-02T09:22:15.056Z] ⚠️ Unknown category for item 47169
[2025-11-02T09:22:18.057Z] 
🔍 Processing failed item 47178 (1089/1103)
[2025-11-02T09:22:18.057Z] 🔄 Retry attempt 1/5 for item 47178
[2025-11-02T09:22:24.157Z] ✅ Successfully recovered item 47178: Earthshatter Greaves
[2025-11-02T09:22:24.158Z] ⚠️ Unknown category for item 47178
[2025-11-02T09:22:27.160Z] 
🔍 Processing failed item 47184 (1090/1103)
[2025-11-02T09:22:27.160Z] 🔄 Retry attempt 1/5 for item 47184
[2025-11-02T09:22:33.264Z] ✅ Successfully recovered item 47184: Stormhowl Sabatons
[2025-11-02T09:22:33.265Z] ⚠️ Unknown category for item 47184
[2025-11-02T09:22:33.266Z] 💾 Saved 0 recovered weapons items to turtle_db/recovered-weapons.json
[2025-11-02T09:22:33.267Z] 💾 Saved 0 recovered armor items to turtle_db/recovered-armor.json
[2025-11-02T09:22:36.275Z] 
🔍 Processing failed item 47190 (1091/1103)
[2025-11-02T09:22:36.276Z] 🔄 Retry attempt 1/5 for item 47190
[2025-11-02T09:22:42.381Z] ✅ Successfully recovered item 47190: Stormhowl Greaves
[2025-11-02T09:22:42.381Z] ⚠️ Unknown category for item 47190
[2025-11-02T09:22:45.383Z] 
🔍 Processing failed item 47196 (1092/1103)
[2025-11-02T09:22:45.384Z] 🔄 Retry attempt 1/5 for item 47196
[2025-11-02T09:22:51.379Z] ✅ Successfully recovered item 47196: Stormhowl Boots
[2025-11-02T09:22:51.380Z] ⚠️ Unknown category for item 47196
[2025-11-02T09:22:54.382Z] 
🔍 Processing failed item 47322 (1093/1103)
[2025-11-02T09:22:54.383Z] 🔄 Retry attempt 1/5 for item 47322
[2025-11-02T09:23:00.480Z] ✅ Successfully recovered item 47322: Ravenstalker Boots
[2025-11-02T09:23:00.481Z] ⚠️ Unknown category for item 47322
[2025-11-02T09:23:03.484Z] 
🔍 Processing failed item 55280 (1094/1103)
[2025-11-02T09:23:03.484Z] 🔄 Retry attempt 1/5 for item 55280
[2025-11-02T09:23:09.476Z] ✅ Successfully recovered item 55280: Boots of Elemental Fury
[2025-11-02T09:23:09.477Z] ⚠️ Unknown category for item 55280
[2025-11-02T09:23:12.479Z] 
🔍 Processing failed item 58296 (1095/1103)
[2025-11-02T09:23:12.480Z] 🔄 Retry attempt 1/5 for item 58296
[2025-11-02T09:23:18.584Z] ✅ Successfully recovered item 58296: Boots of the Slime Path
[2025-11-02T09:23:18.585Z] ⚠️ Unknown category for item 58296
[2025-11-02T09:23:21.587Z] 
🔍 Processing failed item 60353 (1096/1103)
[2025-11-02T09:23:21.588Z] 🔄 Retry attempt 1/5 for item 60353
[2025-11-02T09:23:27.686Z] ✅ Successfully recovered item 60353: Bloody Gladiator's Trudgeons
[2025-11-02T09:23:27.687Z] ⚠️ Unknown category for item 60353
[2025-11-02T09:23:30.688Z] 
🔍 Processing failed item 60563 (1097/1103)
[2025-11-02T09:23:30.689Z] 🔄 Retry attempt 1/5 for item 60563
[2025-11-02T09:23:36.684Z] ✅ Successfully recovered item 60563: Blackstone Stompers
[2025-11-02T09:23:36.685Z] ⚠️ Unknown category for item 60563
[2025-11-02T09:23:39.687Z] 
🔍 Processing failed item 65015 (1098/1103)
[2025-11-02T09:23:39.688Z] 🔄 Retry attempt 1/5 for item 65015
[2025-11-02T09:23:45.784Z] ✅ Successfully recovered item 65015: Blue Dragonscale Boots
[2025-11-02T09:23:45.784Z] ⚠️ Unknown category for item 65015
[2025-11-02T09:23:48.787Z] 
🔍 Processing failed item 83488 (1099/1103)
[2025-11-02T09:23:48.787Z] 🔄 Retry attempt 1/5 for item 83488
[2025-11-02T09:23:54.784Z] ✅ Successfully recovered item 83488: Uldum Construct Stompers
[2025-11-02T09:23:54.786Z] ⚠️ Unknown category for item 83488
[2025-11-02T09:23:57.789Z] 
🔍 Processing failed item 3847 (1100/1103)
[2025-11-02T09:23:57.900Z] 🔒 Browser closed
[2025-11-02T09:23:57.900Z] 🚀 Initializing browser for retry processing...
[2025-11-02T09:23:58.234Z] ✅ Browser initialized
[2025-11-02T09:23:58.234Z] 🔄 Retry attempt 1/5 for item 3847
[2025-11-02T09:24:04.239Z] ✅ Successfully recovered item 3847: Golden Scale Boots
[2025-11-02T09:24:04.239Z] ⚠️ Unknown category for item 3847
[2025-11-02T09:24:04.240Z] 💾 Saved 0 recovered weapons items to turtle_db/recovered-weapons.json
[2025-11-02T09:24:04.241Z] 💾 Saved 0 recovered armor items to turtle_db/recovered-armor.json
[2025-11-02T09:24:07.249Z] 
🔍 Processing failed item 10332 (1101/1103)
[2025-11-02T09:24:07.249Z] 🔄 Retry attempt 1/5 for item 10332
[2025-11-02T09:24:13.229Z] ✅ Successfully recovered item 10332: Scarlet Boots
[2025-11-02T09:24:13.229Z] ⚠️ Unknown category for item 10332
[2025-11-02T09:24:16.232Z] 
🔍 Processing failed item 11627 (1102/1103)
[2025-11-02T09:24:16.232Z] 🔄 Retry attempt 1/5 for item 11627
[2025-11-02T09:24:22.328Z] ✅ Successfully recovered item 11627: Fleetfoot Greaves
[2025-11-02T09:24:22.329Z] ⚠️ Unknown category for item 11627
[2025-11-02T09:24:25.332Z] 
🔍 Processing failed item 11731 (1103/1103)
[2025-11-02T09:24:25.332Z] 🔄 Retry attempt 1/5 for item 11731
[2025-11-02T09:24:31.428Z] ✅ Successfully recovered item 11731: Savage Gladiator Greaves
[2025-11-02T09:24:31.429Z] ⚠️ Unknown category for item 11731
[2025-11-02T09:24:34.430Z] 💾 Saved 0 recovered weapons items to turtle_db/recovered-weapons.json
[2025-11-02T09:24:34.431Z] 💾 Saved 0 recovered armor items to turtle_db/recovered-armor.json
[2025-11-02T09:24:34.441Z] 💾 Saved 1100 unknown category items to recovered-unknown.json
[2025-11-02T09:24:34.442Z] 
🎉 Retry processing complete!
[2025-11-02T09:24:34.443Z] 📊 Recovery Summary:
[2025-11-02T09:24:34.443Z]    Total attempted: 1103
[2025-11-02T09:24:34.443Z]    Successfully recovered: 1100
[2025-11-02T09:24:34.443Z]    - Weapons: 0
[2025-11-02T09:24:34.443Z]    - Armor: 0
[2025-11-02T09:24:34.443Z]    - Unknown: 1100
[2025-11-02T09:24:34.443Z]    Still failed: 3
[2025-11-02T09:24:34.443Z]    Recovery rate: 99.7%
[2025-11-02T09:24:34.443Z] 
📁 Recovered items saved to:
[2025-11-02T09:24:34.443Z]    turtle_db/recovered-weapons.json
[2025-11-02T09:24:34.443Z]    turtle_db/recovered-armor.json
[2025-11-02T09:24:34.443Z]    turtle_db/recovered-unknown.json
[2025-11-02T09:24:34.513Z] 🔒 Browser closed
