[2025-11-03T10:51:09.943Z] 🚀 Initializing browser for weapon enhancement...
[2025-11-03T10:51:10.345Z] ✅ Browser initialized
[2025-11-03T10:51:10.345Z] 📂 Processing weapon file: turtle_db/items/weapons/fist.json
[2025-11-03T10:51:10.346Z] 📊 Found 52 items in turtle_db/items/weapons/fist.json
[2025-11-03T10:51:10.346Z] 🔍 Enhancing item 2942: Iron Knuckles (1/52)
[2025-11-03T10:51:14.347Z] ✅ Enhanced Iron Knuckles - Speed: 1.7, DPS: 16.5
[2025-11-03T10:51:14.349Z] 💾 Saved progress to turtle_db/items/weapons/fist.json
[2025-11-03T10:51:16.350Z] 🔍 Enhancing item 7683: Bloody Brass Knuckles (2/52)
[2025-11-03T10:51:20.438Z] ✅ Enhanced Bloody Brass Knuckles - Speed: 1.6, DPS: 19.7
[2025-11-03T10:51:20.440Z] 💾 Saved progress to turtle_db/items/weapons/fist.json
[2025-11-03T10:51:22.442Z] 🔍 Enhancing item 11603: Vilerend Slicer (3/52)
[2025-11-03T10:51:26.537Z] ✅ Enhanced Vilerend Slicer - Speed: 1.4, DPS: 33.9
[2025-11-03T10:51:26.538Z] 💾 Saved progress to turtle_db/items/weapons/fist.json
[2025-11-03T10:51:28.539Z] 🔍 Enhancing item 11744: Bloodfist (4/52)
[2025-11-03T10:51:32.624Z] ✅ Enhanced Bloodfist - Speed: 1.5, DPS: 36.7
[2025-11-03T10:51:32.626Z] 💾 Saved progress to turtle_db/items/weapons/fist.json
[2025-11-03T10:51:34.627Z] 🔍 Enhancing item 12795: Blood Talon (5/52)
[2025-11-03T10:51:38.729Z] ✅ Enhanced Blood Talon - Speed: 1.3, DPS: 39.2
[2025-11-03T10:51:38.730Z] 💾 Saved progress to turtle_db/items/weapons/fist.json
[2025-11-03T10:51:40.732Z] 🔍 Enhancing item 13198: Hurd Smasher (6/52)
[2025-11-03T10:51:44.824Z] ✅ Enhanced Hurd Smasher - Speed: 1.8, DPS: 39.4
[2025-11-03T10:51:44.824Z] 💾 Saved progress to turtle_db/items/weapons/fist.json
[2025-11-03T10:51:46.826Z] 🔍 Enhancing item 18203: Eskhandar's Right Claw (7/52)
[2025-11-03T10:51:50.934Z] ✅ Enhanced Eskhandar's Right Claw - Speed: 1.5, DPS: 48
[2025-11-03T10:51:50.936Z] 💾 Saved progress to turtle_db/items/weapons/fist.json
[2025-11-03T10:51:52.938Z] 🔍 Enhancing item 18843: Grand Marshal's Right Hand Blade (8/52)
[2025-11-03T10:51:57.029Z] ✅ Enhanced Grand Marshal's Right Hand Blade - Speed: 2.9, DPS: 65.5
[2025-11-03T10:51:57.030Z] 💾 Saved progress to turtle_db/items/weapons/fist.json
[2025-11-03T10:51:59.031Z] 🔍 Enhancing item 18844: High Warlord's Right Claw (9/52)
[2025-11-03T10:52:03.134Z] ✅ Enhanced High Warlord's Right Claw - Speed: 2.9, DPS: 65.5
[2025-11-03T10:52:03.135Z] 💾 Saved progress to turtle_db/items/weapons/fist.json
[2025-11-03T10:52:05.137Z] 🔍 Enhancing item 19365: Claw of the Black Drake (10/52)
[2025-11-03T10:52:09.226Z] ✅ Enhanced Claw of the Black Drake - Speed: 2.6, DPS: 56.3
[2025-11-03T10:52:09.227Z] 💾 Saved progress to turtle_db/items/weapons/fist.json
[2025-11-03T10:52:11.227Z] 🔍 Enhancing item 19896: Thekal's Grasp (11/52)
[2025-11-03T10:52:15.316Z] ✅ Enhanced Thekal's Grasp - Speed: 2.2, DPS: 47
[2025-11-03T10:52:15.317Z] 💾 Saved progress to turtle_db/items/weapons/fist.json
[2025-11-03T10:52:17.318Z] 🔍 Enhancing item 20003: Devilsaur Claws (12/52)
[2025-11-03T10:52:21.324Z] ✅ Enhanced Devilsaur Claws - Speed: 2, DPS: 34.5
[2025-11-03T10:52:21.325Z] 💾 Saved progress to turtle_db/items/weapons/fist.json
[2025-11-03T10:52:23.325Z] 🔍 Enhancing item 22317: Lefty's Brass Knuckle (13/52)
[2025-11-03T10:52:27.336Z] ✅ Enhanced Lefty's Brass Knuckle - Speed: 1.5, DPS: 40
[2025-11-03T10:52:27.337Z] 💾 Saved progress to turtle_db/items/weapons/fist.json
[2025-11-03T10:52:29.338Z] 🔍 Enhancing item 51797: Claw of the Wildshifter (14/52)
[2025-11-03T10:52:33.432Z] ✅ Enhanced Claw of the Wildshifter - Speed: 1.4, DPS: 42.1
[2025-11-03T10:52:33.433Z] 💾 Saved progress to turtle_db/items/weapons/fist.json
[2025-11-03T10:52:35.434Z] 🔍 Enhancing item 55120: Al'Kazeth, Claw of Ruptured Elements (15/52)
[2025-11-03T10:52:39.823Z] ✅ Enhanced Al'Kazeth, Claw of Ruptured Elements - Speed: 2.2, DPS: 40.7
[2025-11-03T10:52:39.824Z] 💾 Saved progress to turtle_db/items/weapons/fist.json
[2025-11-03T10:52:41.824Z] 🔍 Enhancing item 55471: Wystan's Steel Fist (16/52)
[2025-11-03T10:52:45.911Z] ✅ Enhanced Wystan's Steel Fist - Speed: 2, DPS: 26.5
[2025-11-03T10:52:45.912Z] 💾 Saved progress to turtle_db/items/weapons/fist.json
[2025-11-03T10:52:47.913Z] 🔍 Enhancing item 55494: The Abyssal Pincer (17/52)
[2025-11-03T10:52:52.006Z] ✅ Enhanced The Abyssal Pincer - Speed: 2.6, DPS: 48.1
[2025-11-03T10:52:52.007Z] 💾 Saved progress to turtle_db/items/weapons/fist.json
[2025-11-03T10:52:54.009Z] 🔍 Enhancing item 58279: Antiquated Slasher (18/52)
[2025-11-03T10:52:58.117Z] ✅ Enhanced Antiquated Slasher - Speed: 2.3, DPS: 19.6
[2025-11-03T10:52:58.118Z] 💾 Saved progress to turtle_db/items/weapons/fist.json
[2025-11-03T10:53:00.120Z] 🔍 Enhancing item 60003: Remnants of an Old God (19/52)
[2025-11-03T10:53:04.242Z] ✅ Enhanced Remnants of an Old God - Speed: 2.7, DPS: 66.5
[2025-11-03T10:53:04.245Z] 💾 Saved progress to turtle_db/items/weapons/fist.json
[2025-11-03T10:53:06.247Z] 🔍 Enhancing item 60410: Willbreaker (20/52)
[2025-11-03T11:05:05.465Z] 🚀 Initializing browser for weapon enhancement...
[2025-11-03T11:05:05.860Z] ✅ Browser initialized
[2025-11-03T11:05:05.860Z] 🚀 Starting weapon enhancement process...
[2025-11-03T11:05:05.860Z] 📂 Processing weapon file: turtle_db/items/weapons/1h-axes.json
[2025-11-03T11:05:05.861Z] 📊 Found 222 items in turtle_db/items/weapons/1h-axes.json
[2025-11-03T11:05:05.861Z] 🔍 Enhancing item 811: Axe of the Deep Woods (1/222)
[2025-11-03T11:05:09.854Z] ✅ Enhanced Axe of the Deep Woods - Speed: 2.7, DPS: 41.5
[2025-11-03T11:05:09.855Z] 💾 Saved progress to turtle_db/items/weapons/1h-axes.json
[2025-11-03T11:05:11.856Z] 🔍 Enhancing item 871: Flurry Axe (2/222)
[2025-11-03T11:05:15.965Z] ✅ Enhanced Flurry Axe - Speed: 1.5, DPS: 35.3
[2025-11-03T11:05:15.966Z] 💾 Saved progress to turtle_db/items/weapons/1h-axes.json
[2025-11-03T11:05:17.967Z] 🔍 Enhancing item 1292: Butcher's Cleaver (3/222)
[2025-11-03T11:05:22.056Z] ✅ Enhanced Butcher's Cleaver - Speed: 1.7, DPS: 16.2
[2025-11-03T11:05:22.058Z] 💾 Saved progress to turtle_db/items/weapons/1h-axes.json
[2025-11-03T11:05:24.058Z] 🔍 Enhancing item 1454: Axe of the Enforcer (4/222)
[2025-11-03T11:05:28.153Z] ✅ Enhanced Axe of the Enforcer - Speed: 2.6, DPS: 17.1
[2025-11-03T11:05:28.154Z] 💾 Saved progress to turtle_db/items/weapons/1h-axes.json
[2025-11-03T11:05:30.155Z] 🔍 Enhancing item 1481: Grimclaw (5/222)
[2025-11-03T11:05:34.900Z] ✅ Enhanced Grimclaw - Speed: 2, DPS: 16
[2025-11-03T11:05:34.901Z] 💾 Saved progress to turtle_db/items/weapons/1h-axes.json
[2025-11-03T11:05:36.903Z] 🔍 Enhancing item 2044: Crescent of Forlorn Spirits (6/222)
[2025-11-03T11:05:40.994Z] ✅ Enhanced Crescent of Forlorn Spirits - Speed: 1.6, DPS: 22.8
[2025-11-03T11:05:40.996Z] 💾 Saved progress to turtle_db/items/weapons/1h-axes.json
[2025-11-03T11:05:42.997Z] 🔍 Enhancing item 2807: Guillotine Axe (7/222)
[2025-11-03T11:05:47.100Z] ✅ Enhanced Guillotine Axe - Speed: 2.7, DPS: 15
[2025-11-03T11:05:47.102Z] 💾 Saved progress to turtle_db/items/weapons/1h-axes.json
[2025-11-03T11:05:49.102Z] 🔍 Enhancing item 2815: Curve-bladed Ripper (8/222)
[2025-11-03T11:05:53.219Z] ✅ Enhanced Curve-bladed Ripper - Speed: 1.9, DPS: 30.3
[2025-11-03T11:05:53.223Z] 💾 Saved progress to turtle_db/items/weapons/1h-axes.json
[2025-11-03T11:05:55.225Z] 🔍 Enhancing item 2878: Bearded Boneaxe (9/222)
[2025-11-03T11:05:59.336Z] ✅ Enhanced Bearded Boneaxe - Speed: 1.9, DPS: 18.9
[2025-11-03T11:05:59.338Z] 💾 Saved progress to turtle_db/items/weapons/1h-axes.json
[2025-11-03T11:06:01.338Z] 🔍 Enhancing item 6692: Pronged Reaver (10/222)
[2025-11-03T11:06:05.430Z] ✅ Enhanced Pronged Reaver - Speed: 2.4, DPS: 24
[2025-11-03T11:06:05.432Z] 💾 Saved progress to turtle_db/items/weapons/1h-axes.json
[2025-11-03T11:06:07.433Z] 🔍 Enhancing item 7786: Headsplitter (11/222)
[2025-11-03T11:06:11.607Z] ✅ Enhanced Headsplitter - Speed: 2.3, DPS: 18.9
[2025-11-03T11:06:11.609Z] 💾 Saved progress to turtle_db/items/weapons/1h-axes.json
[2025-11-03T11:06:13.610Z] 🔍 Enhancing item 9465: Digmaster 5000 (12/222)
[2025-11-03T11:06:17.686Z] ✅ Enhanced Digmaster 5000 - Speed: 1.8, DPS: 30.3
[2025-11-03T11:06:17.687Z] 💾 Saved progress to turtle_db/items/weapons/1h-axes.json
[2025-11-03T11:06:19.689Z] 🔍 Enhancing item 9478: Ripsaw (13/222)
[2025-11-03T11:06:23.870Z] ✅ Enhanced Ripsaw - Speed: 2.7, DPS: 33.3
[2025-11-03T11:06:23.873Z] 💾 Saved progress to turtle_db/items/weapons/1h-axes.json
[2025-11-03T11:06:25.874Z] 🔍 Enhancing item 9684: Force of the Hippogryph (14/222)
[2025-11-03T11:06:30.056Z] ✅ Enhanced Force of the Hippogryph - Speed: 2.4, DPS: 34
[2025-11-03T11:06:30.057Z] 💾 Saved progress to turtle_db/items/weapons/1h-axes.json
[2025-11-03T11:06:32.058Z] 🔍 Enhancing item 10772: Glutton's Cleaver (15/222)
[2025-11-03T11:06:36.152Z] ✅ Enhanced Glutton's Cleaver - Speed: 2, DPS: 28
[2025-11-03T11:06:36.154Z] 💾 Saved progress to turtle_db/items/weapons/1h-axes.json
[2025-11-03T11:06:38.155Z] 🔍 Enhancing item 11702: Grizzle's Skinner (16/222)
[2025-11-03T11:06:42.386Z] ✅ Enhanced Grizzle's Skinner - Speed: 2.4, DPS: 36.5
[2025-11-03T11:06:42.387Z] 💾 Saved progress to turtle_db/items/weapons/1h-axes.json
[2025-11-03T11:06:44.389Z] 🔍 Enhancing item 12527: Ribsplitter (17/222)
[2025-11-03T11:06:48.483Z] ✅ Enhanced Ribsplitter - Speed: 2.7, DPS: 35.2
[2025-11-03T11:06:48.484Z] 💾 Saved progress to turtle_db/items/weapons/1h-axes.json
[2025-11-03T11:06:50.486Z] 🔍 Enhancing item 12621: Demonfork (18/222)
[2025-11-03T11:06:54.686Z] ✅ Enhanced Demonfork - Speed: 2.8, DPS: 38.9
[2025-11-03T11:06:54.687Z] 💾 Saved progress to turtle_db/items/weapons/1h-axes.json
[2025-11-03T11:06:56.689Z] 🔍 Enhancing item 12774: Dawn's Edge (19/222)
[2025-11-03T11:07:00.890Z] ✅ Enhanced Dawn's Edge - Speed: 2.1, DPS: 36.4
[2025-11-03T11:07:00.892Z] 💾 Saved progress to turtle_db/items/weapons/1h-axes.json
[2025-11-03T11:07:02.894Z] 🔍 Enhancing item 12798: Annihilator (20/222)
[2025-11-03T11:07:06.891Z] ✅ Enhanced Annihilator - Speed: 1.7, DPS: 41.5
[2025-11-03T11:07:06.893Z] 💾 Saved progress to turtle_db/items/weapons/1h-axes.json
[2025-11-03T11:07:08.894Z] 🔍 Enhancing item 12990: Razor's Edge (21/222)
[2025-11-03T11:07:12.895Z] ✅ Enhanced Razor's Edge - Speed: 2.4, DPS: 15.2
[2025-11-03T11:07:12.896Z] 💾 Saved progress to turtle_db/items/weapons/1h-axes.json
[2025-11-03T11:07:14.898Z] 🔍 Enhancing item 13014: Axe of Rin'ji (22/222)
[2025-11-03T11:07:18.900Z] ✅ Enhanced Axe of Rin'ji - Speed: 1.9, DPS: 35
[2025-11-03T11:07:18.902Z] 💾 Saved progress to turtle_db/items/weapons/1h-axes.json
[2025-11-03T11:07:20.903Z] 🔍 Enhancing item 13015: Serathil (23/222)
[2025-11-03T11:07:24.903Z] ✅ Enhanced Serathil - Speed: 1.9, DPS: 40
[2025-11-03T11:07:24.906Z] 💾 Saved progress to turtle_db/items/weapons/1h-axes.json
[2025-11-03T11:07:26.908Z] 🔍 Enhancing item 13286: Rivenspike (24/222)
[2025-11-03T11:07:30.616Z] ✅ Enhanced Rivenspike - Speed: 2.9, DPS: 38.1
[2025-11-03T11:07:30.618Z] 💾 Saved progress to turtle_db/items/weapons/1h-axes.json
[2025-11-03T11:07:32.619Z] 🔍 Enhancing item 13952: Iceblade Hacker (25/222)
[2025-11-03T11:07:36.702Z] ✅ Enhanced Iceblade Hacker - Speed: 2, DPS: 42.3
[2025-11-03T11:07:36.703Z] 💾 Saved progress to turtle_db/items/weapons/1h-axes.json
[2025-11-03T11:07:38.704Z] 🔍 Enhancing item 17016: Dark Iron Destroyer (26/222)
[2025-11-03T11:07:42.791Z] ✅ Enhanced Dark Iron Destroyer - Speed: 2.4, DPS: 47.1
[2025-11-03T11:07:42.793Z] 💾 Saved progress to turtle_db/items/weapons/1h-axes.json
[2025-11-03T11:07:44.794Z] 🔍 Enhancing item 17068: Deathbringer (27/222)
[2025-11-03T11:07:48.875Z] ✅ Enhanced Deathbringer - Speed: 2.9, DPS: 56.4
[2025-11-03T11:07:48.877Z] 💾 Saved progress to turtle_db/items/weapons/1h-axes.json
[2025-11-03T11:07:50.877Z] 🔍 Enhancing item 18498: Hedgecutter (28/222)
[2025-11-03T11:07:54.920Z] ✅ Enhanced Hedgecutter - Speed: 1.9, DPS: 39.5
[2025-11-03T11:07:54.922Z] 💾 Saved progress to turtle_db/items/weapons/1h-axes.json
[2025-11-03T11:07:56.924Z] 🔍 Enhancing item 18737: Bone Slicing Hatchet (29/222)
[2025-11-03T11:08:00.923Z] ✅ Enhanced Bone Slicing Hatchet - Speed: 1.7, DPS: 40.6
[2025-11-03T11:08:00.925Z] 💾 Saved progress to turtle_db/items/weapons/1h-axes.json
[2025-11-03T11:08:02.926Z] 🔍 Enhancing item 18827: Grand Marshal's Handaxe (30/222)
[2025-11-03T11:08:06.926Z] ✅ Enhanced Grand Marshal's Handaxe - Speed: 2.9, DPS: 65.5
[2025-11-03T11:08:06.928Z] 💾 Saved progress to turtle_db/items/weapons/1h-axes.json
[2025-11-03T11:08:08.929Z] 🔍 Enhancing item 18828: High Warlord's Cleaver (31/222)
[2025-11-03T11:08:12.928Z] ✅ Enhanced High Warlord's Cleaver - Speed: 2.9, DPS: 65.5
[2025-11-03T11:08:12.930Z] 💾 Saved progress to turtle_db/items/weapons/1h-axes.json
[2025-11-03T11:08:14.931Z] 🔍 Enhancing item 19103: Frostbite (32/222)
[2025-11-03T11:08:18.934Z] ✅ Enhanced Frostbite - Speed: 2.7, DPS: 42.6
[2025-11-03T11:08:18.936Z] 💾 Saved progress to turtle_db/items/weapons/1h-axes.json
[2025-11-03T11:08:20.938Z] 🔍 Enhancing item 19362: Doom's Edge (33/222)
[2025-11-03T11:08:24.936Z] ✅ Enhanced Doom's Edge - Speed: 2.3, DPS: 51.5
[2025-11-03T11:08:24.938Z] 💾 Saved progress to turtle_db/items/weapons/1h-axes.json
[2025-11-03T11:08:26.939Z] 🔍 Enhancing item 19363: Crul'shorukh, Edge of Chaos (34/222)
[2025-11-03T11:08:30.939Z] ✅ Enhanced Crul'shorukh, Edge of Chaos - Speed: 2.3, DPS: 62.8
[2025-11-03T11:08:30.941Z] 💾 Saved progress to turtle_db/items/weapons/1h-axes.json
[2025-11-03T11:08:32.943Z] 🔍 Enhancing item 19852: Ancient Hakkari Manslayer (35/222)
[2025-11-03T11:08:36.942Z] ✅ Enhanced Ancient Hakkari Manslayer - Speed: 2, DPS: 49.8
[2025-11-03T11:08:36.944Z] 💾 Saved progress to turtle_db/items/weapons/1h-axes.json
[2025-11-03T11:08:38.945Z] 🔍 Enhancing item 21242: Blessed Qiraji War Axe (36/222)
[2025-11-03T11:08:42.739Z] ✅ Enhanced Blessed Qiraji War Axe - Speed: 2.6, DPS: 60.6
[2025-11-03T11:08:42.741Z] 💾 Saved progress to turtle_db/items/weapons/1h-axes.json
[2025-11-03T11:08:44.743Z] 🔍 Enhancing item 21392: Sickle of Unyielding Strength (37/222)
[2025-11-03T11:08:48.835Z] ✅ Enhanced Sickle of Unyielding Strength - Speed: 2.1, DPS: 55.2
[2025-11-03T11:08:48.836Z] 💾 Saved progress to turtle_db/items/weapons/1h-axes.json
[2025-11-03T11:08:50.836Z] 🔍 Enhancing item 21401: Scythe of the Unseen Path (38/222)
[2025-11-03T11:08:54.915Z] ✅ Enhanced Scythe of the Unseen Path - Speed: 2.4, DPS: 55.8
[2025-11-03T11:08:54.917Z] 💾 Saved progress to turtle_db/items/weapons/1h-axes.json
[2025-11-03T11:08:56.918Z] 🔍 Enhancing item 22816: Hatchet of Sundered Bone (39/222)
[2025-11-03T11:09:00.954Z] ✅ Enhanced Hatchet of Sundered Bone - Speed: 2.6, DPS: 65.4
[2025-11-03T11:09:00.955Z] 💾 Saved progress to turtle_db/items/weapons/1h-axes.json
[2025-11-03T11:09:02.956Z] 🔍 Enhancing item 51832: Nathrezim Wedge (40/222)
[2025-11-03T11:09:06.958Z] ✅ Enhanced Nathrezim Wedge - Speed: 2.7, DPS: 22.8
[2025-11-03T11:09:06.960Z] 💾 Saved progress to turtle_db/items/weapons/1h-axes.json
[2025-11-03T11:09:08.961Z] 🔍 Enhancing item 55080: Bloodmoon, Sickle of the Murderous Flight (41/222)
[2025-11-03T11:09:12.961Z] ✅ Enhanced Bloodmoon, Sickle of the Murderous Flight - Speed: 1.8, DPS: 71.7
[2025-11-03T11:09:12.962Z] 💾 Saved progress to turtle_db/items/weapons/1h-axes.json
[2025-11-03T11:09:14.963Z] 🔍 Enhancing item 58194: Nethershard Sickle (42/222)
[2025-11-03T11:09:18.670Z] ✅ Enhanced Nethershard Sickle - Speed: 1.8, DPS: 27.2
[2025-11-03T11:09:18.672Z] 💾 Saved progress to turtle_db/items/weapons/1h-axes.json
[2025-11-03T11:09:20.674Z] 🔍 Enhancing item 60442: Hak'thalz of Legacy (43/222)
[2025-11-03T11:09:24.767Z] ✅ Enhanced Hak'thalz of Legacy - Speed: 3, DPS: 37.8
[2025-11-03T11:09:24.768Z] 💾 Saved progress to turtle_db/items/weapons/1h-axes.json
[2025-11-03T11:09:26.769Z] 🔍 Enhancing item 60565: Hateforged Cleaver (44/222)
[2025-11-03T11:09:30.863Z] ✅ Enhanced Hateforged Cleaver - Speed: 2.4, DPS: 37.1
[2025-11-03T11:09:30.865Z] 💾 Saved progress to turtle_db/items/weapons/1h-axes.json
[2025-11-03T11:09:32.867Z] 🔍 Enhancing item 61448: Axe of Dormant Slumber (45/222)
[2025-11-03T11:09:36.960Z] ✅ Enhanced Axe of Dormant Slumber - Speed: 2.2, DPS: 59.8
[2025-11-03T11:09:36.961Z] 💾 Saved progress to turtle_db/items/weapons/1h-axes.json
[2025-11-03T11:09:38.962Z] 🔍 Enhancing item 80533: Quel'dorei Guardian's Handaxe (46/222)
[2025-11-03T11:09:42.976Z] ✅ Enhanced Quel'dorei Guardian's Handaxe - Speed: 2.4, DPS: 42.7
[2025-11-03T11:09:42.978Z] 💾 Saved progress to turtle_db/items/weapons/1h-axes.json
[2025-11-03T11:09:44.978Z] 🔍 Enhancing item 80633: Revantusk Watcher's Slicer (47/222)
[2025-11-03T11:09:48.982Z] ✅ Enhanced Revantusk Watcher's Slicer - Speed: 2.4, DPS: 42.7
[2025-11-03T11:09:48.983Z] 💾 Saved progress to turtle_db/items/weapons/1h-axes.json
[2025-11-03T11:09:50.985Z] 🔍 Enhancing item 80635: Revantusk Defender's Deflector (48/222)
[2025-11-03T11:09:54.984Z] ✅ Enhanced Revantusk Defender's Deflector - Speed: 2, DPS: 42.8
[2025-11-03T11:09:54.988Z] 💾 Saved progress to turtle_db/items/weapons/1h-axes.json
[2025-11-03T11:09:56.990Z] 🔍 Enhancing item 80739: Rockbiter (49/222)
[2025-11-03T11:10:00.984Z] ✅ Enhanced Rockbiter - Speed: 2.5, DPS: 21.8
[2025-11-03T11:10:00.985Z] 💾 Saved progress to turtle_db/items/weapons/1h-axes.json
[2025-11-03T11:10:02.986Z] 🔍 Enhancing item 81260: Lavashard Axe (50/222)
[2025-11-03T11:10:06.994Z] ✅ Enhanced Lavashard Axe - Speed: 2.4, DPS: 47.1
[2025-11-03T11:10:06.997Z] 💾 Saved progress to turtle_db/items/weapons/1h-axes.json
[2025-11-03T11:10:08.998Z] 🔍 Enhancing item 790: Forester's Axe (51/222)
[2025-11-03T11:10:12.992Z] ✅ Enhanced Forester's Axe - Speed: 2.5, DPS: 11.6
[2025-11-03T11:10:12.993Z] 💾 Saved progress to turtle_db/items/weapons/1h-axes.json
[2025-11-03T11:10:14.994Z] 🔍 Enhancing item 826: Brutish Riverpaw Axe (52/222)
[2025-11-03T11:10:18.996Z] ✅ Enhanced Brutish Riverpaw Axe - Speed: 2.8, DPS: 7.9
[2025-11-03T11:10:18.998Z] 💾 Saved progress to turtle_db/items/weapons/1h-axes.json
[2025-11-03T11:10:20.999Z] 🔍 Enhancing item 863: Gloom Reaper (53/222)
[2025-11-03T11:10:24.999Z] ✅ Enhanced Gloom Reaper - Speed: 2.7, DPS: 19.6
[2025-11-03T11:10:25.001Z] 💾 Saved progress to turtle_db/items/weapons/1h-axes.json
[2025-11-03T11:10:27.001Z] 🔍 Enhancing item 885: Black Metal Axe (54/222)
[2025-11-03T11:10:30.777Z] ✅ Enhanced Black Metal Axe - Speed: 2.1, DPS: 12.4
[2025-11-03T11:10:30.778Z] 💾 Saved progress to turtle_db/items/weapons/1h-axes.json
[2025-11-03T11:10:32.779Z] 🔍 Enhancing item 934: Stalvan's Reaper (55/222)
[2025-11-03T11:10:36.894Z] ✅ Enhanced Stalvan's Reaper - Speed: 2.9, DPS: 24.8
[2025-11-03T11:10:36.896Z] 💾 Saved progress to turtle_db/items/weapons/1h-axes.json
[2025-11-03T11:10:38.897Z] 🔍 Enhancing item 1602: Sickle Axe (56/222)
[2025-11-03T11:10:42.991Z] ✅ Enhanced Sickle Axe - Speed: 2.6, DPS: 26.5
[2025-11-03T11:10:42.993Z] 💾 Saved progress to turtle_db/items/weapons/1h-axes.json
[2025-11-03T11:10:44.994Z] 🔍 Enhancing item 1927: Deadmines Cleaver (57/222)
[2025-11-03T11:10:49.089Z] ✅ Enhanced Deadmines Cleaver - Speed: 2.6, DPS: 7.9
[2025-11-03T11:10:49.091Z] 💾 Saved progress to turtle_db/items/weapons/1h-axes.json
[2025-11-03T11:10:51.093Z] 🔍 Enhancing item 1994: Ebonclaw Reaver (58/222)
[2025-11-03T11:11:07.531Z] ✅ Enhanced Ebonclaw Reaver - Speed: 1.8, DPS: 27.2
[2025-11-03T11:11:07.532Z] 💾 Saved progress to turtle_db/items/weapons/1h-axes.json
[2025-11-03T11:11:09.533Z] 🔍 Enhancing item 2073: Dwarven Hatchet (59/222)
[2025-11-03T11:11:13.642Z] ✅ Enhanced Dwarven Hatchet - Speed: 2, DPS: 7.5
[2025-11-03T11:11:13.644Z] 💾 Saved progress to turtle_db/items/weapons/1h-axes.json
[2025-11-03T11:11:15.646Z] 🔍 Enhancing item 3755: Fish Gutter (60/222)
[2025-11-03T11:11:19.739Z] ✅ Enhanced Fish Gutter - Speed: 2.1, DPS: 16.7
[2025-11-03T11:11:19.740Z] 💾 Saved progress to turtle_db/items/weapons/1h-axes.json
[2025-11-03T11:11:21.741Z] 🔍 Enhancing item 4445: Flesh Carver (61/222)
[2025-11-03T11:11:25.827Z] ✅ Enhanced Flesh Carver - Speed: 2.3, DPS: 11.5
[2025-11-03T11:11:25.829Z] 💾 Saved progress to turtle_db/items/weapons/1h-axes.json
[2025-11-03T11:11:27.830Z] 🔍 Enhancing item 4824: Blurred Axe (62/222)
[2025-11-03T11:11:32.032Z] ✅ Enhanced Blurred Axe - Speed: 1.7, DPS: 13.8
[2025-11-03T11:11:32.035Z] 💾 Saved progress to turtle_db/items/weapons/1h-axes.json
[2025-11-03T11:11:34.036Z] 🔍 Enhancing item 4825: Callous Axe (63/222)
[2025-11-03T11:11:38.217Z] ✅ Enhanced Callous Axe - Speed: 2.8, DPS: 15
[2025-11-03T11:11:38.219Z] 💾 Saved progress to turtle_db/items/weapons/1h-axes.json
[2025-11-03T11:11:40.221Z] 🔍 Enhancing item 4950: Dustwrought Cleaver (64/222)
[2025-11-03T11:11:44.304Z] ✅ Enhanced Dustwrought Cleaver - Speed: 2.5, DPS: 8.4
[2025-11-03T11:11:44.305Z] 💾 Saved progress to turtle_db/items/weapons/1h-axes.json
[2025-11-03T11:11:46.306Z] 🔍 Enhancing item 5426: Serpent's Kiss (65/222)
[2025-11-03T11:11:50.398Z] ✅ Enhanced Serpent's Kiss - Speed: 2.5, DPS: 13.4
[2025-11-03T11:11:50.400Z] 💾 Saved progress to turtle_db/items/weapons/1h-axes.json
[2025-11-03T11:11:52.401Z] 🔍 Enhancing item 5459: Defender Axe (66/222)
[2025-11-03T11:11:56.643Z] ✅ Enhanced Defender Axe - Speed: 2.3, DPS: 7
[2025-11-03T11:11:56.645Z] 💾 Saved progress to turtle_db/items/weapons/1h-axes.json
[2025-11-03T11:11:58.646Z] 🔍 Enhancing item 6194: Barreling Reaper (67/222)
[2025-11-03T11:12:02.735Z] ✅ Enhanced Barreling Reaper - Speed: 1.9, DPS: 16.6
[2025-11-03T11:12:02.736Z] 💾 Saved progress to turtle_db/items/weapons/1h-axes.json
[2025-11-03T11:12:04.737Z] 🔍 Enhancing item 6738: Bleeding Crescent (68/222)
[2025-11-03T11:12:08.680Z] ✅ Enhanced Bleeding Crescent - Speed: 2.4, DPS: 18.1
[2025-11-03T11:12:08.682Z] 💾 Saved progress to turtle_db/items/weapons/1h-axes.json
[2025-11-03T11:12:10.683Z] 🔍 Enhancing item 6966: Elunite Axe (69/222)
[2025-11-03T11:12:14.793Z] ✅ Enhanced Elunite Axe - Speed: 2.7, DPS: 7.8
[2025-11-03T11:12:14.795Z] 💾 Saved progress to turtle_db/items/weapons/1h-axes.json
[2025-11-03T11:12:16.796Z] 🔍 Enhancing item 7761: Steelclaw Reaver (70/222)
[2025-11-03T11:12:20.889Z] ✅ Enhanced Steelclaw Reaver - Speed: 1.8, DPS: 25.8
[2025-11-03T11:12:20.891Z] 💾 Saved progress to turtle_db/items/weapons/1h-axes.json
[2025-11-03T11:12:22.892Z] 🔍 Enhancing item 7942: Blue Glittering Axe (71/222)
[2025-11-03T11:12:26.993Z] ✅ Enhanced Blue Glittering Axe - Speed: 1.8, DPS: 25.8
[2025-11-03T11:12:26.994Z] 💾 Saved progress to turtle_db/items/weapons/1h-axes.json
[2025-11-03T11:12:28.996Z] 🔍 Enhancing item 9378: Shovelphlange's Mining Axe (72/222)
[2025-11-03T11:12:33.094Z] ✅ Enhanced Shovelphlange's Mining Axe - Speed: 2.8, DPS: 25.7
[2025-11-03T11:12:33.097Z] 💾 Saved progress to turtle_db/items/weapons/1h-axes.json
[2025-11-03T11:12:35.099Z] 🔍 Enhancing item 9485: Vibroblade (73/222)
[2025-11-03T11:12:39.191Z] ✅ Enhanced Vibroblade - Speed: 1.6, DPS: 19.1
[2025-11-03T11:12:39.193Z] 💾 Saved progress to turtle_db/items/weapons/1h-axes.json
[2025-11-03T11:12:41.194Z] 🔍 Enhancing item 10623: Winter's Bite (74/222)
[2025-11-03T11:12:45.323Z] ✅ Enhanced Winter's Bite - Speed: 2.1, DPS: 32.1
[2025-11-03T11:12:45.326Z] 💾 Saved progress to turtle_db/items/weapons/1h-axes.json
[2025-11-03T11:12:47.327Z] 🔍 Enhancing item 10744: Axe of the Ebon Drake (75/222)
[2025-11-03T11:12:51.406Z] ✅ Enhanced Axe of the Ebon Drake - Speed: 1.9, DPS: 30.3
[2025-11-03T11:12:51.407Z] 💾 Saved progress to turtle_db/items/weapons/1h-axes.json
[2025-11-03T11:12:53.408Z] 🔍 Enhancing item 10805: Eater of the Dead (76/222)
[2025-11-03T11:12:57.504Z] ✅ Enhanced Eater of the Dead - Speed: 2.2, DPS: 32
[2025-11-03T11:12:57.506Z] 💾 Saved progress to turtle_db/items/weapons/1h-axes.json
[2025-11-03T11:12:59.508Z] 🔍 Enhancing item 10837: Tooth of Eranikus (77/222)
[2025-11-03T11:13:03.599Z] ✅ Enhanced Tooth of Eranikus - Speed: 2.4, DPS: 37.1
[2025-11-03T11:13:03.601Z] 💾 Saved progress to turtle_db/items/weapons/1h-axes.json
[2025-11-03T11:13:05.602Z] 🔍 Enhancing item 11920: Wraith Scythe (78/222)
[2025-11-03T11:13:09.697Z] ✅ Enhanced Wraith Scythe - Speed: 2.2, DPS: 37
[2025-11-03T11:13:09.700Z] 💾 Saved progress to turtle_db/items/weapons/1h-axes.json
[2025-11-03T11:13:11.700Z] 🔍 Enhancing item 13408: Soul Breaker (79/222)
[2025-11-03T11:13:15.792Z] ✅ Enhanced Soul Breaker - Speed: 1.6, DPS: 37.5
[2025-11-03T11:13:15.794Z] 💾 Saved progress to turtle_db/items/weapons/1h-axes.json
[2025-11-03T11:13:17.796Z] 🔍 Enhancing item 15235: Crescent Edge (80/222)
[2025-11-03T11:13:21.914Z] ✅ Enhanced Crescent Edge - Speed: 2.1, DPS: 28.6
[2025-11-03T11:13:21.916Z] 💾 Saved progress to turtle_db/items/weapons/1h-axes.json
[2025-11-03T11:13:23.917Z] 🔍 Enhancing item 15237: Corpse Harvester (81/222)
[2025-11-03T11:13:28.028Z] ✅ Enhanced Corpse Harvester - Speed: 2.6, DPS: 32.7
[2025-11-03T11:13:28.029Z] 💾 Saved progress to turtle_db/items/weapons/1h-axes.json
[2025-11-03T11:13:30.031Z] 🔍 Enhancing item 15239: Felstone Reaver (82/222)
[2025-11-03T11:13:34.083Z] ✅ Enhanced Felstone Reaver - Speed: 2, DPS: 36.5
[2025-11-03T11:13:34.084Z] 💾 Saved progress to turtle_db/items/weapons/1h-axes.json
[2025-11-03T11:13:36.085Z] 🔍 Enhancing item 15240: Demon's Claw (83/222)
[2025-11-03T11:13:44.333Z] ✅ Enhanced Demon's Claw - Speed: 2.3, DPS: 38.3
[2025-11-03T11:13:44.335Z] 💾 Saved progress to turtle_db/items/weapons/1h-axes.json
[2025-11-03T11:13:46.336Z] 🔍 Enhancing item 15853: Windreaper (84/222)
[2025-11-03T11:13:50.091Z] ✅ Enhanced Windreaper - Speed: 2.3, DPS: 39.3
[2025-11-03T11:13:50.092Z] 💾 Saved progress to turtle_db/items/weapons/1h-axes.json
[2025-11-03T11:13:52.093Z] 🔍 Enhancing item 15862: Blitzcleaver (85/222)
[2025-11-03T11:13:56.188Z] ✅ Enhanced Blitzcleaver - Speed: 2.2, DPS: 32
[2025-11-03T11:13:56.190Z] 💾 Saved progress to turtle_db/items/weapons/1h-axes.json
[2025-11-03T11:13:58.191Z] 🔍 Enhancing item 17704: Edge of Winter (86/222)
[2025-11-03T11:14:02.267Z] ✅ Enhanced Edge of Winter - Speed: 2.1, DPS: 20.5
[2025-11-03T11:14:02.267Z] 💾 Saved progress to turtle_db/items/weapons/1h-axes.json
[2025-11-03T11:14:04.269Z] 🔍 Enhancing item 19921: Zulian Hacker (87/222)
[2025-11-03T11:14:08.364Z] ✅ Enhanced Zulian Hacker - Speed: 2.4, DPS: 42.7
[2025-11-03T11:14:08.366Z] 💾 Saved progress to turtle_db/items/weapons/1h-axes.json
[2025-11-03T11:14:10.367Z] 🔍 Enhancing item 20675: Soulrender (88/222)
[2025-11-03T11:14:14.042Z] ✅ Enhanced Soulrender - Speed: 2.5, DPS: 40.8
[2025-11-03T11:14:14.042Z] 💾 Saved progress to turtle_db/items/weapons/1h-axes.json
[2025-11-03T11:14:16.044Z] 🔍 Enhancing item 20723: Brann's Trusty Pick (89/222)
[2025-11-03T11:14:20.137Z] ✅ Enhanced Brann's Trusty Pick - Speed: 2.7, DPS: 37
[2025-11-03T11:14:20.139Z] 💾 Saved progress to turtle_db/items/weapons/1h-axes.json
[2025-11-03T11:14:22.140Z] 🔍 Enhancing item 41571: Snickerclaw (90/222)
[2025-11-03T11:14:26.234Z] ✅ Enhanced Snickerclaw - Speed: 2.3, DPS: 18.9
[2025-11-03T11:14:26.236Z] 💾 Saved progress to turtle_db/items/weapons/1h-axes.json
[2025-11-03T11:14:28.238Z] 🔍 Enhancing item 58015: Blackrock Cleaver (91/222)
[2025-11-03T11:14:32.331Z] ✅ Enhanced Blackrock Cleaver - Speed: 2.5, DPS: 21.4
[2025-11-03T11:14:32.336Z] 💾 Saved progress to turtle_db/items/weapons/1h-axes.json
[2025-11-03T11:14:34.339Z] 🔍 Enhancing item 58101: Stormfang Cleaver (92/222)
[2025-11-03T11:14:38.426Z] ✅ Enhanced Stormfang Cleaver - Speed: 2.4, DPS: 21.9
[2025-11-03T11:14:38.428Z] 💾 Saved progress to turtle_db/items/weapons/1h-axes.json
[2025-11-03T11:14:40.429Z] 🔍 Enhancing item 60124: Axe of the Wildtusk (93/222)
[2025-11-03T11:14:44.517Z] ✅ Enhanced Axe of the Wildtusk - Speed: 2.2, DPS: 22
[2025-11-03T11:14:44.520Z] 💾 Saved progress to turtle_db/items/weapons/1h-axes.json
[2025-11-03T11:14:46.521Z] 🔍 Enhancing item 60719: Axe of Fargosh (94/222)
[2025-11-03T11:14:50.614Z] ✅ Enhanced Axe of Fargosh - Speed: 2.4, DPS: 35.2
[2025-11-03T11:14:50.616Z] 💾 Saved progress to turtle_db/items/weapons/1h-axes.json
[2025-11-03T11:14:52.617Z] 🔍 Enhancing item 61046: Shadowreaper (95/222)
[2025-11-03T11:14:56.710Z] ✅ Enhanced Shadowreaper - Speed: 2.3, DPS: 43.3
[2025-11-03T11:14:56.711Z] 💾 Saved progress to turtle_db/items/weapons/1h-axes.json
[2025-11-03T11:14:58.712Z] 🔍 Enhancing item 61372: Bloody Pick (96/222)
[2025-11-03T11:15:02.799Z] ✅ Enhanced Bloody Pick - Speed: 2.2, DPS: 4.3
[2025-11-03T11:15:02.801Z] 💾 Saved progress to turtle_db/items/weapons/1h-axes.json
[2025-11-03T11:15:04.802Z] 🔍 Enhancing item 61452: Skycleaver (97/222)
[2025-11-03T11:15:08.677Z] ✅ Enhanced Skycleaver - Speed: 2.3, DPS: 44.8
[2025-11-03T11:15:08.678Z] 💾 Saved progress to turtle_db/items/weapons/1h-axes.json
[2025-11-03T11:15:10.678Z] 🔍 Enhancing item 61601: Ebonmere Axe (98/222)
[2025-11-03T11:15:14.772Z] ✅ Enhanced Ebonmere Axe - Speed: 2.4, DPS: 27.3
[2025-11-03T11:15:14.774Z] 💾 Saved progress to turtle_db/items/weapons/1h-axes.json
[2025-11-03T11:15:16.776Z] 🔍 Enhancing item 61627: Ebonmere Reaver (99/222)
[2025-11-03T11:15:20.869Z] ✅ Enhanced Ebonmere Reaver - Speed: 2.2, DPS: 28.2
[2025-11-03T11:15:20.871Z] 💾 Saved progress to turtle_db/items/weapons/1h-axes.json
[2025-11-03T11:15:22.873Z] 🔍 Enhancing item 61669: Flameforged Handaxe (100/222)
[2025-11-03T11:15:26.539Z] ✅ Enhanced Flameforged Handaxe - Speed: 2.1, DPS: 29.5
[2025-11-03T11:15:26.541Z] 💾 Saved progress to turtle_db/items/weapons/1h-axes.json
[2025-11-03T11:15:28.542Z] 🔍 Enhancing item 927: Double Axe (101/222)
[2025-11-03T11:15:32.638Z] ✅ Enhanced Double Axe - Speed: 2.5, DPS: 11
[2025-11-03T11:15:32.640Z] 💾 Saved progress to turtle_db/items/weapons/1h-axes.json
[2025-11-03T11:15:34.642Z] 🔍 Enhancing item 1459: Shadowhide Scalper (102/222)
[2025-11-03T11:15:38.873Z] ✅ Enhanced Shadowhide Scalper - Speed: 2.9, DPS: 12.4
[2025-11-03T11:15:38.874Z] 💾 Saved progress to turtle_db/items/weapons/1h-axes.json
[2025-11-03T11:15:40.875Z] 🔍 Enhancing item 2029: Cleaver (103/222)
[2025-11-03T11:15:44.968Z] ✅ Enhanced Cleaver - Speed: 2.2, DPS: 9.1
[2025-11-03T11:15:44.970Z] 💾 Saved progress to turtle_db/items/weapons/1h-axes.json
[2025-11-03T11:15:46.972Z] 🔍 Enhancing item 2047: Anvilmar Hand Axe (104/222)
[2025-11-03T11:15:51.139Z] ✅ Enhanced Anvilmar Hand Axe - Speed: 2, DPS: 1.8
[2025-11-03T11:15:51.140Z] 💾 Saved progress to turtle_db/items/weapons/1h-axes.json
[2025-11-03T11:15:53.141Z] 🔍 Enhancing item 2080: Hillborne Axe (105/222)
[2025-11-03T11:15:57.252Z] ✅ Enhanced Hillborne Axe - Speed: 2.2, DPS: 17.7
[2025-11-03T11:15:57.254Z] 💾 Saved progress to turtle_db/items/weapons/1h-axes.json
[2025-11-03T11:15:59.256Z] 🔍 Enhancing item 2265: Stonesplinter Axe (106/222)
[2025-11-03T11:16:03.330Z] ✅ Enhanced Stonesplinter Axe - Speed: 2.2, DPS: 6.8
[2025-11-03T11:16:03.331Z] 💾 Saved progress to turtle_db/items/weapons/1h-axes.json
[2025-11-03T11:16:05.332Z] 🔍 Enhancing item 2281: Rodentia Flint Axe (107/222)
[2025-11-03T11:16:09.421Z] ✅ Enhanced Rodentia Flint Axe - Speed: 2, DPS: 6
[2025-11-03T11:16:09.423Z] 💾 Saved progress to turtle_db/items/weapons/1h-axes.json
[2025-11-03T11:16:11.424Z] 🔍 Enhancing item 2522: Crescent Axe (108/222)
[2025-11-03T11:16:15.692Z] ✅ Enhanced Crescent Axe - Speed: 2.6, DPS: 17.1
[2025-11-03T11:16:15.694Z] 💾 Saved progress to turtle_db/items/weapons/1h-axes.json
[2025-11-03T11:16:17.695Z] 🔍 Enhancing item 2845: Copper Axe (109/222)
[2025-11-03T11:16:21.777Z] ✅ Enhanced Copper Axe - Speed: 1.9, DPS: 3.9
[2025-11-03T11:16:21.778Z] 💾 Saved progress to turtle_db/items/weapons/1h-axes.json
[2025-11-03T11:16:23.780Z] 🔍 Enhancing item 2849: Bronze Axe (110/222)
[2025-11-03T11:16:27.867Z] ✅ Enhanced Bronze Axe - Speed: 2.1, DPS: 10.5
[2025-11-03T11:16:27.868Z] 💾 Saved progress to turtle_db/items/weapons/1h-axes.json
[2025-11-03T11:16:29.869Z] 🔍 Enhancing item 3154: Thelsamar Axe (111/222)
[2025-11-03T11:16:33.947Z] ✅ Enhanced Thelsamar Axe - Speed: 2.1, DPS: 9
[2025-11-03T11:16:33.948Z] 💾 Saved progress to turtle_db/items/weapons/1h-axes.json
[2025-11-03T11:16:35.949Z] 🔍 Enhancing item 3293: Deadman Cleaver (112/222)
[2025-11-03T11:16:40.153Z] ✅ Enhanced Deadman Cleaver - Speed: 2.2, DPS: 1.1
[2025-11-03T11:16:40.155Z] 💾 Saved progress to turtle_db/items/weapons/1h-axes.json
[2025-11-03T11:16:42.156Z] 🔍 Enhancing item 3443: Ceremonial Tomahawk (113/222)
[2025-11-03T11:16:46.189Z] ✅ Enhanced Ceremonial Tomahawk - Speed: 1.7, DPS: 4.4
[2025-11-03T11:16:46.190Z] 💾 Saved progress to turtle_db/items/weapons/1h-axes.json
[2025-11-03T11:16:48.191Z] 🔍 Enhancing item 3489: Thick War Axe (114/222)
[2025-11-03T11:16:52.194Z] ✅ Enhanced Thick War Axe - Speed: 2.5, DPS: 8.6
[2025-11-03T11:16:52.196Z] 💾 Saved progress to turtle_db/items/weapons/1h-axes.json
[2025-11-03T11:16:54.197Z] 🔍 Enhancing item 4126: Guerrilla Cleaver (115/222)
[2025-11-03T11:16:58.202Z] ✅ Enhanced Guerrilla Cleaver - Speed: 2.8, DPS: 17.7
[2025-11-03T11:16:58.203Z] 💾 Saved progress to turtle_db/items/weapons/1h-axes.json
[2025-11-03T11:17:00.207Z] 🔍 Enhancing item 4561: Scalping Tomahawk (116/222)
[2025-11-03T11:17:04.214Z] ✅ Enhanced Scalping Tomahawk - Speed: 1.8, DPS: 5.8
[2025-11-03T11:17:04.216Z] 💾 Saved progress to turtle_db/items/weapons/1h-axes.json
[2025-11-03T11:17:06.219Z] 🔍 Enhancing item 4568: Grunt Axe (117/222)
[2025-11-03T11:17:09.997Z] ✅ Enhanced Grunt Axe - Speed: 2.3, DPS: 10.7
[2025-11-03T11:17:09.999Z] 💾 Saved progress to turtle_db/items/weapons/1h-axes.json
[2025-11-03T11:17:12.001Z] 🔍 Enhancing item 4826: Marauder Axe (118/222)
[2025-11-03T11:17:16.206Z] ✅ Enhanced Marauder Axe - Speed: 2, DPS: 13.3
[2025-11-03T11:17:16.207Z] 💾 Saved progress to turtle_db/items/weapons/1h-axes.json
[2025-11-03T11:17:18.208Z] 🔍 Enhancing item 4949: Orcish Cleaver (119/222)
[2025-11-03T11:17:22.235Z] ✅ Enhanced Orcish Cleaver - Speed: 1.8, DPS: 10.6
[2025-11-03T11:17:22.237Z] 💾 Saved progress to turtle_db/items/weapons/1h-axes.json
[2025-11-03T11:17:24.239Z] 🔍 Enhancing item 4965: Bloodhoof Hand Axe (120/222)
[2025-11-03T11:17:28.240Z] ✅ Enhanced Bloodhoof Hand Axe - Speed: 2.7, DPS: 4.4
[2025-11-03T11:17:28.242Z] 💾 Saved progress to turtle_db/items/weapons/1h-axes.json
[2025-11-03T11:17:30.243Z] 🔍 Enhancing item 5196: Smite's Reaver (121/222)
[2025-11-03T11:17:34.247Z] ✅ Enhanced Smite's Reaver - Speed: 1.9, DPS: 11.1
[2025-11-03T11:17:34.249Z] 💾 Saved progress to turtle_db/items/weapons/1h-axes.json
[2025-11-03T11:17:36.251Z] 🔍 Enhancing item 5255: Quilboar Tomahawk (122/222)
[2025-11-03T11:17:40.247Z] ✅ Enhanced Quilboar Tomahawk - Speed: 2.5, DPS: 7.8
[2025-11-03T11:17:40.248Z] 💾 Saved progress to turtle_db/items/weapons/1h-axes.json
[2025-11-03T11:17:42.249Z] 🔍 Enhancing item 5344: Pointed Axe (123/222)
[2025-11-03T11:17:45.924Z] ✅ Enhanced Pointed Axe - Speed: 1.9, DPS: 7.1
[2025-11-03T11:17:45.925Z] 💾 Saved progress to turtle_db/items/weapons/1h-axes.json
[2025-11-03T11:17:47.926Z] 🔍 Enhancing item 6978: Umbral Axe (124/222)
[2025-11-03T11:17:51.997Z] ✅ Enhanced Umbral Axe - Speed: 2.7, DPS: 7.8
[2025-11-03T11:17:51.998Z] 💾 Saved progress to turtle_db/items/weapons/1h-axes.json
[2025-11-03T11:17:53.999Z] 🔍 Enhancing item 6979: Haggard's Axe (125/222)
[2025-11-03T11:17:58.092Z] ✅ Enhanced Haggard's Axe - Speed: 2.7, DPS: 7.8
[2025-11-03T11:17:58.094Z] 💾 Saved progress to turtle_db/items/weapons/1h-axes.json
[2025-11-03T11:18:00.096Z] 🔍 Enhancing item 7115: Heirloom Axe (126/222)
[2025-11-03T11:18:04.267Z] ✅ Enhanced Heirloom Axe - Speed: 2.7, DPS: 7.8
[2025-11-03T11:18:04.269Z] 💾 Saved progress to turtle_db/items/weapons/1h-axes.json
[2025-11-03T11:18:06.270Z] 🔍 Enhancing item 7326: Thun'grim's Axe (127/222)
[2025-11-03T11:18:10.267Z] ✅ Enhanced Thun'grim's Axe - Speed: 2.7, DPS: 7.8
[2025-11-03T11:18:10.269Z] 💾 Saved progress to turtle_db/items/weapons/1h-axes.json
[2025-11-03T11:18:12.270Z] 🔍 Enhancing item 7941: Heavy Mithril Axe (128/222)
[2025-11-03T11:18:16.273Z] ✅ Enhanced Heavy Mithril Axe - Speed: 2.7, DPS: 24.1
[2025-11-03T11:18:16.274Z] 💾 Saved progress to turtle_db/items/weapons/1h-axes.json
[2025-11-03T11:18:18.276Z] 🔍 Enhancing item 9608: Shoni's Disarming Tool (129/222)
[2025-11-03T11:18:22.274Z] ✅ Enhanced Shoni's Disarming Tool - Speed: 1.9, DPS: 16.1
[2025-11-03T11:18:22.276Z] 💾 Saved progress to turtle_db/items/weapons/1h-axes.json
[2025-11-03T11:18:24.277Z] 🔍 Enhancing item 12773: Ornate Thorium Handaxe (130/222)
[2025-11-03T11:18:28.278Z] ✅ Enhanced Ornate Thorium Handaxe - Speed: 1.9, DPS: 32.6
[2025-11-03T11:18:28.280Z] 💾 Saved progress to turtle_db/items/weapons/1h-axes.json
[2025-11-03T11:18:30.282Z] 🔍 Enhancing item 12779: Rune Edge (131/222)
[2025-11-03T11:18:34.282Z] ✅ Enhanced Rune Edge - Speed: 2.3, DPS: 33.9
[2025-11-03T11:18:34.284Z] 💾 Saved progress to turtle_db/items/weapons/1h-axes.json
[2025-11-03T11:18:36.284Z] 🔍 Enhancing item 15230: Ridge Cleaver (132/222)
[2025-11-03T11:18:40.288Z] ✅ Enhanced Ridge Cleaver - Speed: 2.2, DPS: 12.7
[2025-11-03T11:18:40.290Z] 💾 Saved progress to turtle_db/items/weapons/1h-axes.json
[2025-11-03T11:18:42.291Z] 🔍 Enhancing item 15231: Splitting Hatchet (133/222)
[2025-11-03T11:18:59.368Z] ✅ Enhanced Splitting Hatchet - Speed: 1.8, DPS: 16.1
[2025-11-03T11:18:59.370Z] 💾 Saved progress to turtle_db/items/weapons/1h-axes.json
[2025-11-03T11:19:01.371Z] 🔍 Enhancing item 15232: Hacking Cleaver (134/222)
[2025-11-03T11:19:05.488Z] ✅ Enhanced Hacking Cleaver - Speed: 1.9, DPS: 17.1
[2025-11-03T11:19:05.489Z] 💾 Saved progress to turtle_db/items/weapons/1h-axes.json
[2025-11-03T11:19:07.491Z] 🔍 Enhancing item 15233: Savage Axe (135/222)
[2025-11-03T11:19:11.612Z] ✅ Enhanced Savage Axe - Speed: 2.8, DPS: 21.4
[2025-11-03T11:19:11.616Z] 💾 Saved progress to turtle_db/items/weapons/1h-axes.json
[2025-11-03T11:19:13.618Z] 🔍 Enhancing item 15234: Greater Scythe (136/222)
[2025-11-03T11:19:29.266Z] ✅ Enhanced Greater Scythe - Speed: 2.8, DPS: 22.1
[2025-11-03T11:19:29.268Z] 💾 Saved progress to turtle_db/items/weapons/1h-axes.json
[2025-11-03T11:19:31.270Z] 🔍 Enhancing item 15236: Moon Cleaver (137/222)
[2025-11-03T11:19:35.386Z] ✅ Enhanced Moon Cleaver - Speed: 2.2, DPS: 30.9
[2025-11-03T11:19:35.393Z] 💾 Saved progress to turtle_db/items/weapons/1h-axes.json
[2025-11-03T11:19:37.394Z] 🔍 Enhancing item 15238: Warlord's Axe (138/222)
[2025-11-03T11:19:41.513Z] ✅ Enhanced Warlord's Axe - Speed: 2.3, DPS: 34.6
[2025-11-03T11:19:41.515Z] 💾 Saved progress to turtle_db/items/weapons/1h-axes.json
[2025-11-03T11:19:43.517Z] 🔍 Enhancing item 17002: Ichor Spitter (139/222)
[2025-11-03T11:19:47.615Z] ✅ Enhanced Ichor Spitter - Speed: 2.4, DPS: 36.5
[2025-11-03T11:19:47.618Z] 💾 Saved progress to turtle_db/items/weapons/1h-axes.json
[2025-11-03T11:19:49.619Z] 🔍 Enhancing item 17046: Gutterblade (140/222)
[2025-11-03T11:19:53.709Z] ✅ Enhanced Gutterblade - Speed: 2.2, DPS: 16.1
[2025-11-03T11:19:53.710Z] 💾 Saved progress to turtle_db/items/weapons/1h-axes.json
[2025-11-03T11:19:55.711Z] 🔍 Enhancing item 18347: Well Balanced Axe (141/222)
[2025-11-03T11:19:59.801Z] ✅ Enhanced Well Balanced Axe - Speed: 1.9, DPS: 36.3
[2025-11-03T11:19:59.802Z] 💾 Saved progress to turtle_db/items/weapons/1h-axes.json
[2025-11-03T11:20:01.804Z] 🔍 Enhancing item 41559: Rock Carver (142/222)
[2025-11-03T11:20:05.879Z] ✅ Enhanced Rock Carver - Speed: 2.6, DPS: 16.5
[2025-11-03T11:20:05.880Z] 💾 Saved progress to turtle_db/items/weapons/1h-axes.json
[2025-11-03T11:20:07.881Z] 🔍 Enhancing item 60657: Troll Hunter's Axe (143/222)
[2025-11-03T11:20:11.969Z] ✅ Enhanced Troll Hunter's Axe - Speed: 2.3, DPS: 23.3
[2025-11-03T11:20:11.970Z] 💾 Saved progress to turtle_db/items/weapons/1h-axes.json
[2025-11-03T11:20:13.971Z] 🔍 Enhancing item 60939: Truthforge Handaxe (144/222)
[2025-11-03T11:20:18.060Z] ✅ Enhanced Truthforge Handaxe - Speed: 2.5, DPS: 13
[2025-11-03T11:20:18.062Z] 💾 Saved progress to turtle_db/items/weapons/1h-axes.json
[2025-11-03T11:20:20.065Z] 🔍 Enhancing item 61483: Velden's Backup Cleaver (145/222)
[2025-11-03T11:20:24.157Z] ✅ Enhanced Velden's Backup Cleaver - Speed: 2.8, DPS: 24.1
[2025-11-03T11:20:24.159Z] 💾 Saved progress to turtle_db/items/weapons/1h-axes.json
[2025-11-03T11:20:26.160Z] 🔍 Enhancing item 61619: Worgen Cleaver (146/222)
[2025-11-03T11:20:30.252Z] ✅ Enhanced Worgen Cleaver - Speed: 2.4, DPS: 29.6
[2025-11-03T11:20:30.254Z] 💾 Saved progress to turtle_db/items/weapons/1h-axes.json
[2025-11-03T11:20:32.255Z] 🔍 Enhancing item 80600: Rockslicer (147/222)
[2025-11-03T11:20:36.322Z] ✅ Enhanced Rockslicer - Speed: 2.3, DPS: 8.3
[2025-11-03T11:20:36.323Z] 💾 Saved progress to turtle_db/items/weapons/1h-axes.json
[2025-11-03T11:20:38.324Z] 🔍 Enhancing item 80819: Serrated Handaxe (148/222)
[2025-11-03T11:20:42.326Z] ✅ Enhanced Serrated Handaxe - Speed: 1.9, DPS: 6.8
[2025-11-03T11:20:42.328Z] 💾 Saved progress to turtle_db/items/weapons/1h-axes.json
[2025-11-03T11:20:44.329Z] 🔍 Enhancing item 81325: Skystormer Axe (149/222)
[2025-11-03T11:20:48.331Z] ✅ Enhanced Skystormer Axe - Speed: 1.6, DPS: 35.9
[2025-11-03T11:20:48.333Z] 💾 Saved progress to turtle_db/items/weapons/1h-axes.json
[2025-11-03T11:20:50.334Z] 🔍 Enhancing item 37: Worn Axe (150/222)
[2025-11-03T11:20:54.332Z] ✅ Enhanced Worn Axe - Speed: 2, DPS: 1
[2025-11-03T11:20:54.333Z] 💾 Saved progress to turtle_db/items/weapons/1h-axes.json
[2025-11-03T11:20:56.334Z] 🔍 Enhancing item 768: Lumberjack Axe (151/222)
[2025-11-03T11:21:07.776Z] ✅ Enhanced Lumberjack Axe - Speed: 2.6, DPS: 3.8
[2025-11-03T11:21:07.777Z] 💾 Saved progress to turtle_db/items/weapons/1h-axes.json
[2025-11-03T11:21:09.778Z] 🔍 Enhancing item 778: Kobold Excavation Pick (152/222)
[2025-11-03T11:21:13.876Z] ✅ Enhanced Kobold Excavation Pick - Speed: 2.4, DPS: 2.7
[2025-11-03T11:21:13.878Z] 💾 Saved progress to turtle_db/items/weapons/1h-axes.json
[2025-11-03T11:21:15.879Z] 🔍 Enhancing item 853: Hatchet (153/222)
[2025-11-03T11:21:19.969Z] ✅ Enhanced Hatchet - Speed: 2.5, DPS: 7.2
[2025-11-03T11:21:19.969Z] 💾 Saved progress to turtle_db/items/weapons/1h-axes.json
[2025-11-03T11:21:21.970Z] 🔍 Enhancing item 1011: Sharp Axe (154/222)
[2025-11-03T11:21:26.151Z] ✅ Enhanced Sharp Axe - Speed: 2.6, DPS: 3.3
[2025-11-03T11:21:26.152Z] 💾 Saved progress to turtle_db/items/weapons/1h-axes.json
[2025-11-03T11:21:28.154Z] 🔍 Enhancing item 1383: Stone Tomahawk (155/222)
[2025-11-03T11:21:32.243Z] ✅ Enhanced Stone Tomahawk - Speed: 2.1, DPS: 2.1
[2025-11-03T11:21:32.244Z] 💾 Saved progress to turtle_db/items/weapons/1h-axes.json
[2025-11-03T11:21:34.245Z] 🔍 Enhancing item 1819: Gouging Pick (156/222)
[2025-11-03T11:21:44.335Z] ✅ Enhanced Gouging Pick - Speed: 1.8, DPS: 6.7
[2025-11-03T11:21:44.337Z] 💾 Saved progress to turtle_db/items/weapons/1h-axes.json
[2025-11-03T11:21:46.338Z] 🔍 Enhancing item 1827: Meat Cleaver (157/222)
[2025-11-03T11:21:50.438Z] ✅ Enhanced Meat Cleaver - Speed: 2.4, DPS: 8.3
[2025-11-03T11:21:50.439Z] 💾 Saved progress to turtle_db/items/weapons/1h-axes.json
[2025-11-03T11:21:52.440Z] 🔍 Enhancing item 1904: Monster - Axe, Stone Basic (158/222)
[2025-11-03T11:21:56.611Z] ✅ Enhanced Monster - Axe, Stone Basic - Speed: 2, DPS: 0.8
[2025-11-03T11:21:56.616Z] 💾 Saved progress to turtle_db/items/weapons/1h-axes.json
[2025-11-03T11:21:58.617Z] 🔍 Enhancing item 1905: Monster - Axe, Metal Basic (159/222)
[2025-11-03T11:22:02.794Z] ✅ Enhanced Monster - Axe, Metal Basic - Speed: 2, DPS: 0.8
[2025-11-03T11:22:02.796Z] 💾 Saved progress to turtle_db/items/weapons/1h-axes.json
[2025-11-03T11:22:04.796Z] 🔍 Enhancing item 1909: Monster - Axe, Large Basic (160/222)
[2025-11-03T11:22:08.711Z] ✅ Enhanced Monster - Axe, Large Basic - Speed: 2, DPS: 0.8
[2025-11-03T11:22:08.713Z] 💾 Saved progress to turtle_db/items/weapons/1h-axes.json
[2025-11-03T11:22:10.714Z] 🔍 Enhancing item 2054: Trogg Hand Axe (161/222)
[2025-11-03T11:22:14.803Z] ✅ Enhanced Trogg Hand Axe - Speed: 2, DPS: 1.5
[2025-11-03T11:22:14.804Z] 💾 Saved progress to turtle_db/items/weapons/1h-axes.json
[2025-11-03T11:22:16.806Z] 🔍 Enhancing item 2066: Skull Hatchet (162/222)
[2025-11-03T11:22:20.992Z] ✅ Enhanced Skull Hatchet - Speed: 2, DPS: 3.3
[2025-11-03T11:22:20.993Z] 💾 Saved progress to turtle_db/items/weapons/1h-axes.json
[2025-11-03T11:22:22.994Z] 🔍 Enhancing item 2134: Hand Axe (163/222)
[2025-11-03T11:22:27.074Z] ✅ Enhanced Hand Axe - Speed: 2, DPS: 1.5
[2025-11-03T11:22:27.075Z] 💾 Saved progress to turtle_db/items/weapons/1h-axes.json
[2025-11-03T11:22:29.076Z] 🔍 Enhancing item 2183: Monster - Axe, Metal Badass (164/222)
[2025-11-03T11:22:33.263Z] ✅ Enhanced Monster - Axe, Metal Badass - Speed: 2, DPS: 0.8
[2025-11-03T11:22:33.265Z] 💾 Saved progress to turtle_db/items/weapons/1h-axes.json
[2025-11-03T11:22:35.266Z] 🔍 Enhancing item 2260: Frostmane Hand Axe (165/222)
[2025-11-03T11:22:39.351Z] ✅ Enhanced Frostmane Hand Axe - Speed: 2, DPS: 3.8
[2025-11-03T11:22:39.353Z] 💾 Saved progress to turtle_db/items/weapons/1h-axes.json
[2025-11-03T11:22:41.354Z] 🔍 Enhancing item 2482: Inferior Tomahawk (166/222)
[2025-11-03T11:22:45.386Z] ✅ Enhanced Inferior Tomahawk - Speed: 2.1, DPS: 1
[2025-11-03T11:22:45.388Z] 💾 Saved progress to turtle_db/items/weapons/1h-axes.json
[2025-11-03T11:22:47.389Z] 🔍 Enhancing item 2490: Tomahawk (167/222)
[2025-11-03T11:22:51.385Z] ✅ Enhanced Tomahawk - Speed: 1.7, DPS: 3.8
[2025-11-03T11:22:51.386Z] 💾 Saved progress to turtle_db/items/weapons/1h-axes.json
[2025-11-03T11:22:53.386Z] 🔍 Enhancing item 2498: Small Tomahawk (168/222)
[2025-11-03T11:22:57.389Z] ✅ Enhanced Small Tomahawk - Speed: 1.8, DPS: 3.3
[2025-11-03T11:22:57.391Z] 💾 Saved progress to turtle_db/items/weapons/1h-axes.json
[2025-11-03T11:22:59.392Z] 🔍 Enhancing item 2530: Francisca (169/222)
[2025-11-03T11:23:03.391Z] ✅ Enhanced Francisca - Speed: 2.3, DPS: 25.9
[2025-11-03T11:23:03.392Z] 💾 Saved progress to turtle_db/items/weapons/1h-axes.json
[2025-11-03T11:23:05.393Z] 🔍 Enhancing item 2827: Monster - Cleaver (170/222)
[2025-11-03T11:23:09.180Z] ✅ Enhanced Monster - Cleaver - Speed: 2, DPS: 0.8
[2025-11-03T11:23:09.181Z] 💾 Saved progress to turtle_db/items/weapons/1h-axes.json
[2025-11-03T11:23:11.182Z] 🔍 Enhancing item 3071: Striking Hatchet (171/222)
[2025-11-03T11:23:15.340Z] ✅ Enhanced Striking Hatchet - Speed: 1.7, DPS: 5.3
[2025-11-03T11:23:15.341Z] 💾 Saved progress to turtle_db/items/weapons/1h-axes.json
[2025-11-03T11:23:17.342Z] 🔍 Enhancing item 3785: Keen Axe (172/222)
[2025-11-03T11:23:34.309Z] ✅ Enhanced Keen Axe - Speed: 2.2, DPS: 12.3
[2025-11-03T11:23:34.310Z] 💾 Saved progress to turtle_db/items/weapons/1h-axes.json
[2025-11-03T11:23:36.312Z] 🔍 Enhancing item 4019: Heavy Flint Axe (173/222)
[2025-11-03T11:24:07.383Z] ✅ Enhanced Heavy Flint Axe - Speed: 2.3, DPS: 17.2
[2025-11-03T11:24:07.384Z] 💾 Saved progress to turtle_db/items/weapons/1h-axes.json
[2025-11-03T11:24:09.385Z] 🔍 Enhancing item 4923: Primitive Hatchet (174/222)
[2025-11-03T11:24:13.568Z] ✅ Enhanced Primitive Hatchet - Speed: 2.2, DPS: 2
[2025-11-03T11:24:13.570Z] 💾 Saved progress to turtle_db/items/weapons/1h-axes.json
[2025-11-03T11:24:15.572Z] 🔍 Enhancing item 5286: Monster - Axe, One-Handed Double Axe (175/222)
[2025-11-03T11:24:19.648Z] ✅ Enhanced Monster - Axe, One-Handed Double Axe - Speed: 2.1, DPS: 0.7
[2025-11-03T11:24:19.650Z] 💾 Saved progress to turtle_db/items/weapons/1h-axes.json
[2025-11-03T11:24:21.650Z] 🔍 Enhancing item 10611: Monster - Axe, Horde Badass 01 (176/222)
[2025-11-03T11:24:25.653Z] ✅ Enhanced Monster - Axe, Horde Badass 01 - Speed: 2, DPS: 0.8
[2025-11-03T11:24:25.655Z] 💾 Saved progress to turtle_db/items/weapons/1h-axes.json
[2025-11-03T11:24:27.656Z] 🔍 Enhancing item 10612: Monster - Axe, Horde Badass 02 (177/222)
[2025-11-03T11:24:31.754Z] ✅ Enhanced Monster - Axe, Horde Badass 02 - Speed: 2, DPS: 0.8
[2025-11-03T11:24:31.755Z] 💾 Saved progress to turtle_db/items/weapons/1h-axes.json
[2025-11-03T11:24:33.756Z] 🔍 Enhancing item 11762: Monster - Axe, Hatchet Gold (178/222)
[2025-11-03T11:24:37.844Z] ✅ Enhanced Monster - Axe, Hatchet Gold - Speed: 2, DPS: 0.8
[2025-11-03T11:24:37.846Z] 💾 Saved progress to turtle_db/items/weapons/1h-axes.json
[2025-11-03T11:24:39.847Z] 🔍 Enhancing item 11763: Monster - Axe, Hatchet Red (179/222)
[2025-11-03T11:24:43.949Z] ✅ Enhanced Monster - Axe, Hatchet Red - Speed: 2, DPS: 0.8
[2025-11-03T11:24:43.949Z] 💾 Saved progress to turtle_db/items/weapons/1h-axes.json
[2025-11-03T11:24:45.951Z] 🔍 Enhancing item 12290: Monster - Axe, Horde Badass Copper 01 (180/222)
[2025-11-03T11:24:50.021Z] ✅ Enhanced Monster - Axe, Horde Badass Copper 01 - Speed: 2, DPS: 0.8
[2025-11-03T11:24:50.021Z] 💾 Saved progress to turtle_db/items/weapons/1h-axes.json
[2025-11-03T11:24:52.023Z] 🔍 Enhancing item 12348: Monster - Axe, Horde Badass Copper 01 (Special1H) (181/222)
[2025-11-03T11:24:56.155Z] ✅ Enhanced Monster - Axe, Horde Badass Copper 01 (Special1H) - Speed: 2, DPS: 0.8
[2025-11-03T11:24:56.156Z] 💾 Saved progress to turtle_db/items/weapons/1h-axes.json
[2025-11-03T11:24:58.157Z] 🔍 Enhancing item 12629: Monster - Axe, Horde Hatchet 01 (182/222)
[2025-11-03T11:25:02.250Z] ✅ Enhanced Monster - Axe, Horde Hatchet 01 - Speed: 2, DPS: 0.8
[2025-11-03T11:25:02.251Z] 💾 Saved progress to turtle_db/items/weapons/1h-axes.json
[2025-11-03T11:25:04.252Z] 🔍 Enhancing item 13104: Monster - Axe, Hatchet C03 Red (183/222)
[2025-11-03T11:25:08.329Z] ✅ Enhanced Monster - Axe, Hatchet C03 Red - Speed: 2, DPS: 0.8
[2025-11-03T11:25:08.330Z] 💾 Saved progress to turtle_db/items/weapons/1h-axes.json
[2025-11-03T11:25:10.332Z] 🔍 Enhancing item 13625: Monster - Axe, Horde B03 Copper (184/222)
[2025-11-03T11:25:14.428Z] ✅ Enhanced Monster - Axe, Horde B03 Copper - Speed: 2, DPS: 0.8
[2025-11-03T11:25:14.429Z] 💾 Saved progress to turtle_db/items/weapons/1h-axes.json
[2025-11-03T11:25:16.431Z] 🔍 Enhancing item 13818: Jagged Axe (185/222)
[2025-11-03T11:25:20.533Z] ✅ Enhanced Jagged Axe - Speed: 1.9, DPS: 20
[2025-11-03T11:25:20.534Z] 💾 Saved progress to turtle_db/items/weapons/1h-axes.json
[2025-11-03T11:25:22.535Z] 🔍 Enhancing item 14534: Monster - Axe, Metal Blue Badass (186/222)
[2025-11-03T11:25:26.620Z] ✅ Enhanced Monster - Axe, Metal Blue Badass - Speed: 2, DPS: 0.8
[2025-11-03T11:25:26.620Z] 💾 Saved progress to turtle_db/items/weapons/1h-axes.json
[2025-11-03T11:25:28.622Z] 🔍 Enhancing item 14874: Monster - Axe, Horde C02 Black (187/222)
[2025-11-03T11:25:32.715Z] ✅ Enhanced Monster - Axe, Horde C02 Black - Speed: 2, DPS: 0.8
[2025-11-03T11:25:32.717Z] 💾 Saved progress to turtle_db/items/weapons/1h-axes.json
[2025-11-03T11:25:34.718Z] 🔍 Enhancing item 14875: Monster - Axe, Horde Double Blade A02 (188/222)
[2025-11-03T11:25:38.938Z] ✅ Enhanced Monster - Axe, Horde Double Blade A02 - Speed: 2, DPS: 0.8
[2025-11-03T11:25:38.939Z] 💾 Saved progress to turtle_db/items/weapons/1h-axes.json
[2025-11-03T11:25:40.940Z] 🔍 Enhancing item 14876: Monster - Axe, Horde Crystal Blade A03 (189/222)
[2025-11-03T11:25:45.029Z] ✅ Enhanced Monster - Axe, Horde Crystal Blade A03 - Speed: 2, DPS: 0.8
[2025-11-03T11:25:45.032Z] 💾 Saved progress to turtle_db/items/weapons/1h-axes.json
[2025-11-03T11:25:47.033Z] 🔍 Enhancing item 14877: Monster - Axe, Horde Spiked A04 (190/222)
[2025-11-03T11:25:51.108Z] ✅ Enhanced Monster - Axe, Horde Spiked A04 - Speed: 2, DPS: 0.8
[2025-11-03T11:25:51.109Z] 💾 Saved progress to turtle_db/items/weapons/1h-axes.json
[2025-11-03T11:25:53.110Z] 🔍 Enhancing item 14880: Monster - Axe, Wide Blade Silver (191/222)
[2025-11-03T11:25:57.188Z] ✅ Enhanced Monster - Axe, Wide Blade Silver - Speed: 2, DPS: 0.8
[2025-11-03T11:25:57.190Z] 💾 Saved progress to turtle_db/items/weapons/1h-axes.json
[2025-11-03T11:25:59.191Z] 🔍 Enhancing item 14893: Monster - Axe, Horde C01 Gold (192/222)
[2025-11-03T11:26:03.285Z] ✅ Enhanced Monster - Axe, Horde C01 Gold - Speed: 2, DPS: 0.8
[2025-11-03T11:26:03.287Z] 💾 Saved progress to turtle_db/items/weapons/1h-axes.json
[2025-11-03T11:26:05.288Z] 🔍 Enhancing item 17462: Monster - Axe, Horde B02 Silver (193/222)
[2025-11-03T11:26:09.380Z] ✅ Enhanced Monster - Axe, Horde B02 Silver - Speed: 2, DPS: 0.8
[2025-11-03T11:26:09.382Z] 💾 Saved progress to turtle_db/items/weapons/1h-axes.json
[2025-11-03T11:26:11.383Z] 🔍 Enhancing item 18293: Monster - Glaive - 2 Blade B03 Green (194/222)
[2025-11-03T11:26:15.465Z] ✅ Enhanced Monster - Glaive - 2 Blade B03 Green - Speed: 2, DPS: 0.8
[2025-11-03T11:26:15.467Z] 💾 Saved progress to turtle_db/items/weapons/1h-axes.json
[2025-11-03T11:26:17.467Z] 🔍 Enhancing item 18596: Monster - Axe, Horde B01 Green (195/222)
[2025-11-03T11:26:21.466Z] ✅ Enhanced Monster - Axe, Horde B01 Green - Speed: 2, DPS: 0.8
[2025-11-03T11:26:21.467Z] 💾 Saved progress to turtle_db/items/weapons/1h-axes.json
[2025-11-03T11:26:23.469Z] 🔍 Enhancing item 19762: Monster - Axe, Horde C04 Purple (196/222)
[2025-11-03T11:26:27.471Z] ✅ Enhanced Monster - Axe, Horde C04 Purple - Speed: 2, DPS: 0.8
[2025-11-03T11:26:27.473Z] 💾 Saved progress to turtle_db/items/weapons/1h-axes.json
[2025-11-03T11:26:29.474Z] 🔍 Enhancing item 21129: Monster - Axe, Doctor Weavil (197/222)
[2025-11-03T11:26:33.476Z] ✅ Enhanced Monster - Axe, Doctor Weavil - Speed: 2, DPS: 0.8
[2025-11-03T11:26:33.478Z] 💾 Saved progress to turtle_db/items/weapons/1h-axes.json
[2025-11-03T11:26:35.479Z] 🔍 Enhancing item 21465: Monster - Axe, Insano (198/222)
[2025-11-03T11:26:39.478Z] ✅ Enhanced Monster - Axe, Insano - Speed: 3.9, DPS: 0.8
[2025-11-03T11:26:39.480Z] 💾 Saved progress to turtle_db/items/weapons/1h-axes.json
[2025-11-03T11:26:41.481Z] 🔍 Enhancing item 1416: Rusty Hatchet (199/222)
[2025-11-03T11:26:49.590Z] ✅ Enhanced Rusty Hatchet - Speed: 2.1, DPS: 2.9
[2025-11-03T11:26:49.592Z] 💾 Saved progress to turtle_db/items/weapons/1h-axes.json
[2025-11-03T11:26:51.593Z] 🔍 Enhancing item 1516: Worn Hatchet (200/222)
[2025-11-03T11:26:55.705Z] ✅ Enhanced Worn Hatchet - Speed: 2.1, DPS: 4.3
[2025-11-03T11:26:55.706Z] 💾 Saved progress to turtle_db/items/weapons/1h-axes.json
[2025-11-03T11:26:57.707Z] 🔍 Enhancing item 1816: Unbalanced Axe (201/222)
[2025-11-03T11:27:07.408Z] ✅ Enhanced Unbalanced Axe - Speed: 2.4, DPS: 5.6
[2025-11-03T11:27:07.409Z] 💾 Saved progress to turtle_db/items/weapons/1h-axes.json
[2025-11-03T11:27:09.411Z] 🔍 Enhancing item 1910: Monster, Pick (202/222)
[2025-11-03T11:27:13.586Z] ✅ Enhanced Monster, Pick - Speed: 2, DPS: 0.8
[2025-11-03T11:27:13.590Z] 💾 Saved progress to turtle_db/items/weapons/1h-axes.json
[2025-11-03T11:27:15.591Z] 🔍 Enhancing item 5598: Monster - Glaive - 3 Blade (203/222)
[2025-11-03T11:27:19.500Z] ✅ Enhanced Monster - Glaive - 3 Blade - Speed: 2, DPS: 0.8
[2025-11-03T11:27:19.501Z] 💾 Saved progress to turtle_db/items/weapons/1h-axes.json
[2025-11-03T11:27:21.502Z] 🔍 Enhancing item 5599: Monster - Glaive - 4 Blade (204/222)
[2025-11-03T11:27:25.672Z] ✅ Enhanced Monster - Glaive - 4 Blade - Speed: 2, DPS: 0.8
[2025-11-03T11:27:25.674Z] 💾 Saved progress to turtle_db/items/weapons/1h-axes.json
[2025-11-03T11:27:27.675Z] 🔍 Enhancing item 12482: Monster - Glaive - Demonhunter Black (205/222)
[2025-11-03T11:27:31.761Z] ✅ Enhanced Monster - Glaive - Demonhunter Black - Speed: 2, DPS: 0.8
[2025-11-03T11:27:31.762Z] 💾 Saved progress to turtle_db/items/weapons/1h-axes.json
[2025-11-03T11:27:33.763Z] 🔍 Enhancing item 12502: Monster - Glaive - Demonhunter Black Offhand (206/222)
[2025-11-03T11:27:37.857Z] ✅ Enhanced Monster - Glaive - Demonhunter Black Offhand - Speed: 1.5, DPS: 0.7
[2025-11-03T11:27:37.858Z] 💾 Saved progress to turtle_db/items/weapons/1h-axes.json
[2025-11-03T11:27:39.859Z] 🔍 Enhancing item 14881: Monster - Glaive - 3 Blade Black (207/222)
[2025-11-03T11:27:43.954Z] ✅ Enhanced Monster - Glaive - 3 Blade Black - Speed: 2, DPS: 0.8
[2025-11-03T11:27:43.956Z] 💾 Saved progress to turtle_db/items/weapons/1h-axes.json
[2025-11-03T11:27:45.958Z] 🔍 Enhancing item 14882: Monster - Glaive - 2 Blade Silver (208/222)
[2025-11-03T11:27:50.120Z] ✅ Enhanced Monster - Glaive - 2 Blade Silver - Speed: 2, DPS: 0.8
[2025-11-03T11:27:50.122Z] 💾 Saved progress to turtle_db/items/weapons/1h-axes.json
[2025-11-03T11:27:52.123Z] 🔍 Enhancing item 20417: Monster - Glaive - 2 Blade Silver (offhand) (209/222)
[2025-11-03T11:27:56.205Z] ✅ Enhanced Monster - Glaive - 2 Blade Silver (offhand) - Speed: 2, DPS: 0.8
[2025-11-03T11:27:56.207Z] 💾 Saved progress to turtle_db/items/weapons/1h-axes.json
[2025-11-03T11:27:58.209Z] 🔍 Enhancing item 23582: Monster - Lady Blameux (210/222)
[2025-11-03T11:28:02.301Z] ✅ Enhanced Monster - Lady Blameux - Speed: 3.9, DPS: 0.8
[2025-11-03T11:28:02.303Z] 💾 Saved progress to turtle_db/items/weapons/1h-axes.json
[2025-11-03T11:28:04.304Z] 🔍 Enhancing item 51753: Archaic Slicer (211/222)
[2025-11-03T11:28:08.385Z] ✅ Enhanced Archaic Slicer - Speed: 3.2, DPS: 20.3
[2025-11-03T11:28:08.386Z] 💾 Saved progress to turtle_db/items/weapons/1h-axes.json
[2025-11-03T11:28:10.388Z] 🔍 Enhancing item 1680: Headchopper (212/222)
[2025-11-03T11:28:14.485Z] ✅ Enhanced Headchopper - Speed: 2.9, DPS: 33.6
[2025-11-03T11:28:14.487Z] 💾 Saved progress to turtle_db/items/weapons/1h-axes.json
[2025-11-03T11:28:16.488Z] 🔍 Enhancing item 58163: Headsplitter Axe (213/222)
[2025-11-03T11:28:20.565Z] ✅ Enhanced Headsplitter Axe - Speed: 3, DPS: 26.7
[2025-11-03T11:28:20.567Z] 💾 Saved progress to turtle_db/items/weapons/1h-axes.json
[2025-11-03T11:28:22.569Z] 🔍 Enhancing item 3111: Crude Throwing Axe (214/222)
[2025-11-03T11:28:26.522Z] ✅ Enhanced Crude Throwing Axe - Speed: 2, DPS: 1
[2025-11-03T11:28:26.524Z] 💾 Saved progress to turtle_db/items/weapons/1h-axes.json
[2025-11-03T11:28:28.526Z] 🔍 Enhancing item 3131: Weighted Throwing Axe (215/222)
[2025-11-03T11:28:32.622Z] ✅ Enhanced Weighted Throwing Axe - Speed: 2.2, DPS: 3
[2025-11-03T11:28:32.624Z] 💾 Saved progress to turtle_db/items/weapons/1h-axes.json
[2025-11-03T11:28:34.626Z] 🔍 Enhancing item 3135: Sharp Throwing Axe (216/222)
[2025-11-03T11:28:39.029Z] ✅ Enhanced Sharp Throwing Axe - Speed: 1.9, DPS: 6.3
[2025-11-03T11:28:39.029Z] 💾 Saved progress to turtle_db/items/weapons/1h-axes.json
[2025-11-03T11:28:41.031Z] 🔍 Enhancing item 3137: Deadly Throwing Axe (217/222)
[2025-11-03T11:28:45.119Z] ✅ Enhanced Deadly Throwing Axe - Speed: 2.1, DPS: 11.7
[2025-11-03T11:28:45.122Z] 💾 Saved progress to turtle_db/items/weapons/1h-axes.json
[2025-11-03T11:28:47.125Z] 🔍 Enhancing item 5856: Monster - Throwing Axe (218/222)
[2025-11-03T11:28:51.302Z] ✅ Enhanced Monster - Throwing Axe - Speed: 2, DPS: 0.8
[2025-11-03T11:28:51.306Z] 💾 Saved progress to turtle_db/items/weapons/1h-axes.json
[2025-11-03T11:28:53.307Z] 🔍 Enhancing item 13173: Flightblade Throwing Axe (219/222)
[2025-11-03T11:28:57.398Z] ✅ Enhanced Flightblade Throwing Axe - Speed: 2.2, DPS: 35.5
[2025-11-03T11:28:57.399Z] 💾 Saved progress to turtle_db/items/weapons/1h-axes.json
[2025-11-03T11:28:59.401Z] 🔍 Enhancing item 15326: Gleaming Throwing Axe (220/222)
[2025-11-03T11:29:03.503Z] ✅ Enhanced Gleaming Throwing Axe - Speed: 1.8, DPS: 18.3
[2025-11-03T11:29:03.506Z] 💾 Saved progress to turtle_db/items/weapons/1h-axes.json
[2025-11-03T11:29:05.507Z] 🔍 Enhancing item 21135: Assassin's Throwing Axe (221/222)
[2025-11-03T11:29:09.592Z] ✅ Enhanced Assassin's Throwing Axe - Speed: 3, DPS: 37.3
[2025-11-03T11:29:09.593Z] 💾 Saved progress to turtle_db/items/weapons/1h-axes.json
[2025-11-03T11:29:11.594Z] 🔍 Enhancing item 61562: Bandit's Throwing Axe (222/222)
[2025-11-03T11:29:15.733Z] ✅ Enhanced Bandit's Throwing Axe - Speed: 3.2, DPS: 37.3
[2025-11-03T11:29:15.736Z] 💾 Saved progress to turtle_db/items/weapons/1h-axes.json
[2025-11-03T11:29:17.737Z] 📊 Enhancement complete for turtle_db/items/weapons/1h-axes.json
[2025-11-03T11:29:17.738Z]    Enhanced: 222 items
[2025-11-03T11:29:17.739Z]    Skipped: 0 items
[2025-11-03T11:29:17.740Z] 📂 Processing weapon file: turtle_db/items/weapons/1h-maces.json
[2025-11-03T11:29:17.743Z] 📊 Found 318 items in turtle_db/items/weapons/1h-maces.json
[2025-11-03T11:29:17.744Z] 🔍 Enhancing item 810: Hammer of the Northern Wind (1/318)
[2025-11-03T11:29:21.855Z] ✅ Enhanced Hammer of the Northern Wind - Speed: 2.1, DPS: 39.5
[2025-11-03T11:29:21.857Z] 💾 Saved progress to turtle_db/items/weapons/1h-maces.json
[2025-11-03T11:29:23.859Z] 🔍 Enhancing item 868: Ardent Custodian (2/318)
[2025-11-03T11:29:27.965Z] ✅ Enhanced Ardent Custodian - Speed: 2.1, DPS: 32.9
[2025-11-03T11:29:27.966Z] 💾 Saved progress to turtle_db/items/weapons/1h-maces.json
[2025-11-03T11:29:29.968Z] 🔍 Enhancing item 2243: Hand of Edward the Odd (3/318)
[2025-11-03T11:29:34.073Z] ✅ Enhanced Hand of Edward the Odd - Speed: 1.6, DPS: 45
[2025-11-03T11:29:34.075Z] 💾 Saved progress to turtle_db/items/weapons/1h-maces.json
[2025-11-03T11:29:36.076Z] 🔍 Enhancing item 3414: Crested Scepter (4/318)
[2025-11-03T11:29:40.156Z] ✅ Enhanced Crested Scepter - Speed: 2.6, DPS: 17.1
[2025-11-03T11:29:40.158Z] 💾 Saved progress to turtle_db/items/weapons/1h-maces.json
[2025-11-03T11:29:42.159Z] 🔍 Enhancing item 8708: Hammer of Expertise (5/318)
[2025-11-03T11:29:46.257Z] ✅ Enhanced Hammer of Expertise - Speed: 2.1, DPS: 36.9
[2025-11-03T11:29:46.259Z] 💾 Saved progress to turtle_db/items/weapons/1h-maces.json
[2025-11-03T11:29:48.261Z] 🔍 Enhancing item 11684: Ironfoe (6/318)
[2025-11-03T11:29:52.366Z] ✅ Enhanced Ironfoe - Speed: 2.4, DPS: 43.5
[2025-11-03T11:29:52.368Z] 💾 Saved progress to turtle_db/items/weapons/1h-maces.json
[2025-11-03T11:29:54.369Z] 🔍 Enhancing item 13024: Beazel's Basher (7/318)
[2025-11-03T11:29:58.472Z] ✅ Enhanced Beazel's Basher - Speed: 2.5, DPS: 18.4
[2025-11-03T11:29:58.473Z] 💾 Saved progress to turtle_db/items/weapons/1h-maces.json
[2025-11-03T11:30:00.474Z] 🔍 Enhancing item 13027: Bonesnapper (8/318)
[2025-11-03T11:30:04.578Z] ✅ Enhanced Bonesnapper - Speed: 2.7, DPS: 35.2
[2025-11-03T11:30:04.580Z] 💾 Saved progress to turtle_db/items/weapons/1h-maces.json
[2025-11-03T11:30:06.581Z] 🔍 Enhancing item 13028: Bludstone Hammer (9/318)
[2025-11-03T11:30:10.701Z] ✅ Enhanced Bludstone Hammer - Speed: 2.1, DPS: 40.2
[2025-11-03T11:30:10.704Z] 💾 Saved progress to turtle_db/items/weapons/1h-maces.json
[2025-11-03T11:30:12.705Z] 🔍 Enhancing item 13204: Bashguuder (10/318)
[2025-11-03T11:30:16.790Z] ✅ Enhanced Bashguuder - Speed: 1.8, DPS: 39.4
[2025-11-03T11:30:16.792Z] 💾 Saved progress to turtle_db/items/weapons/1h-maces.json
[2025-11-03T11:30:18.794Z] 🔍 Enhancing item 14487: Bonechill Hammer (11/318)
[2025-11-03T11:30:22.798Z] ✅ Enhanced Bonechill Hammer - Speed: 2.4, DPS: 40.6
[2025-11-03T11:30:22.802Z] 💾 Saved progress to turtle_db/items/weapons/1h-maces.json
[2025-11-03T11:30:24.804Z] 🔍 Enhancing item 17055: Changuk Smasher (12/318)
[2025-11-03T11:30:28.883Z] ✅ Enhanced Changuk Smasher - Speed: 1.9, DPS: 33.4
[2025-11-03T11:30:28.884Z] 💾 Saved progress to turtle_db/items/weapons/1h-maces.json
[2025-11-03T11:30:30.885Z] 🔍 Enhancing item 17105: Aurastone Hammer (13/318)
[2025-11-03T11:30:34.596Z] ✅ Enhanced Aurastone Hammer - Speed: 2.7, DPS: 44.6
[2025-11-03T11:30:34.597Z] 💾 Saved progress to turtle_db/items/weapons/1h-maces.json
[2025-11-03T11:30:36.599Z] 🔍 Enhancing item 17112: Empyrean Demolisher (14/318)
[2025-11-03T11:30:40.604Z] ✅ Enhanced Empyrean Demolisher - Speed: 2.8, DPS: 48
[2025-11-03T11:30:40.606Z] 💾 Saved progress to turtle_db/items/weapons/1h-maces.json
[2025-11-03T11:30:42.607Z] 🔍 Enhancing item 18671: Baron Charr's Sceptre (15/318)
[2025-11-03T11:30:46.507Z] ✅ Enhanced Baron Charr's Sceptre - Speed: 2.6, DPS: 38.8
[2025-11-03T11:30:46.510Z] 💾 Saved progress to turtle_db/items/weapons/1h-maces.json
[2025-11-03T11:30:48.512Z] 🔍 Enhancing item 18865: Grand Marshal's Punisher (16/318)
[2025-11-03T11:30:52.609Z] ✅ Enhanced Grand Marshal's Punisher - Speed: 2.9, DPS: 65.5
[2025-11-03T11:30:52.611Z] 💾 Saved progress to turtle_db/items/weapons/1h-maces.json
[2025-11-03T11:30:54.613Z] 🔍 Enhancing item 18866: High Warlord's Bludgeon (17/318)
[2025-11-03T11:30:58.612Z] ✅ Enhanced High Warlord's Bludgeon - Speed: 2.9, DPS: 65.5
[2025-11-03T11:30:58.614Z] 💾 Saved progress to turtle_db/items/weapons/1h-maces.json
[2025-11-03T11:31:00.616Z] 🔍 Enhancing item 19170: Ebon Hand (18/318)
[2025-11-03T11:31:04.614Z] ✅ Enhanced Ebon Hand - Speed: 2.5, DPS: 51.6
[2025-11-03T11:31:04.616Z] 💾 Saved progress to turtle_db/items/weapons/1h-maces.json
[2025-11-03T11:31:06.617Z] 🔍 Enhancing item 19335: Spineshatter (19/318)
[2025-11-03T11:31:10.618Z] ✅ Enhanced Spineshatter - Speed: 2.6, DPS: 54.4
[2025-11-03T11:31:10.619Z] 💾 Saved progress to turtle_db/items/weapons/1h-maces.json
[2025-11-03T11:31:12.620Z] 🔍 Enhancing item 19360: Lok'amir il Romathis (20/318)
[2025-11-03T11:31:16.626Z] ✅ Enhanced Lok'amir il Romathis - Speed: 2.1, DPS: 41.9
[2025-11-03T11:31:16.629Z] 💾 Saved progress to turtle_db/items/weapons/1h-maces.json
[2025-11-03T11:31:18.631Z] 🔍 Enhancing item 19890: Jin'do's Hexxer (21/318)
[2025-11-03T11:31:22.628Z] ✅ Enhanced Jin'do's Hexxer - Speed: 2.4, DPS: 41.4
[2025-11-03T11:31:22.631Z] 💾 Saved progress to turtle_db/items/weapons/1h-maces.json
[2025-11-03T11:31:24.632Z] 🔍 Enhancing item 20580: Hammer of Bestial Fury (22/318)
[2025-11-03T11:31:28.630Z] ✅ Enhanced Hammer of Bestial Fury - Speed: 1.9, DPS: 52.4
[2025-11-03T11:31:28.632Z] 💾 Saved progress to turtle_db/items/weapons/1h-maces.json
[2025-11-03T11:31:30.632Z] 🔍 Enhancing item 20648: Cold Forged Hammer (23/318)
[2025-11-03T11:31:34.637Z] ✅ Enhanced Cold Forged Hammer - Speed: 2.5, DPS: 41.4
[2025-11-03T11:31:34.639Z] 💾 Saved progress to turtle_db/items/weapons/1h-maces.json
[2025-11-03T11:31:36.639Z] 🔍 Enhancing item 11805: Rubidium Hammer (24/318)
[2025-11-03T11:31:40.816Z] ✅ Enhanced Rubidium Hammer - Speed: 2, DPS: 36.8
[2025-11-03T11:31:40.817Z] 💾 Saved progress to turtle_db/items/weapons/1h-maces.json
[2025-11-03T11:31:42.818Z] 🔍 Enhancing item 12794: Masterwork Stormhammer (25/318)
[2025-11-03T11:31:46.912Z] ✅ Enhanced Masterwork Stormhammer - Speed: 2, DPS: 41.5
[2025-11-03T11:31:46.914Z] 💾 Saved progress to turtle_db/items/weapons/1h-maces.json
[2025-11-03T11:31:48.915Z] 🔍 Enhancing item 13006: Mass of McGowan (26/318)
[2025-11-03T11:31:53.024Z] ✅ Enhanced Mass of McGowan - Speed: 2.8, DPS: 40.9
[2025-11-03T11:31:53.026Z] 💾 Saved progress to turtle_db/items/weapons/1h-maces.json
[2025-11-03T11:31:55.028Z] 🔍 Enhancing item 13025: Deadwood Sledge (27/318)
[2025-11-03T11:31:59.135Z] ✅ Enhanced Deadwood Sledge - Speed: 1.9, DPS: 25
[2025-11-03T11:31:59.136Z] 💾 Saved progress to turtle_db/items/weapons/1h-maces.json
[2025-11-03T11:32:01.138Z] 🔍 Enhancing item 13026: Heaven's Light (28/318)
[2025-11-03T11:32:05.297Z] ✅ Enhanced Heaven's Light - Speed: 2.7, DPS: 30.4
[2025-11-03T11:32:05.300Z] 💾 Saved progress to turtle_db/items/weapons/1h-maces.json
[2025-11-03T11:32:07.301Z] 🔍 Enhancing item 13048: Looming Gavel (29/318)
[2025-11-03T11:32:11.413Z] ✅ Enhanced Looming Gavel - Speed: 2.4, DPS: 19.8
[2025-11-03T11:32:11.415Z] 💾 Saved progress to turtle_db/items/weapons/1h-maces.json
[2025-11-03T11:32:13.417Z] 🔍 Enhancing item 13349: Scepter of the Unholy (30/318)
[2025-11-03T11:32:17.502Z] ✅ Enhanced Scepter of the Unholy - Speed: 2.4, DPS: 41.3
[2025-11-03T11:32:17.503Z] 💾 Saved progress to turtle_db/items/weapons/1h-maces.json
[2025-11-03T11:32:19.504Z] 🔍 Enhancing item 17733: Fist of Stone (31/318)
[2025-11-03T11:32:23.594Z] ✅ Enhanced Fist of Stone - Speed: 1.8, DPS: 35.3
[2025-11-03T11:32:23.598Z] 💾 Saved progress to turtle_db/items/weapons/1h-maces.json
[2025-11-03T11:32:25.599Z] 🔍 Enhancing item 17943: Fist of Stone (32/318)
[2025-11-03T11:32:29.678Z] ✅ Enhanced Fist of Stone - Speed: 1.8, DPS: 35.3
[2025-11-03T11:32:29.679Z] 💾 Saved progress to turtle_db/items/weapons/1h-maces.json
[2025-11-03T11:32:31.681Z] 🔍 Enhancing item 18044: Hurley's Tankard (33/318)
[2025-11-03T11:32:35.776Z] ✅ Enhanced Hurley's Tankard - Speed: 2.7, DPS: 37.6
[2025-11-03T11:32:35.779Z] 💾 Saved progress to turtle_db/items/weapons/1h-maces.json
[2025-11-03T11:32:37.780Z] 🔍 Enhancing item 18048: Mastersmith's Hammer (34/318)
[2025-11-03T11:32:41.878Z] ✅ Enhanced Mastersmith's Hammer - Speed: 2.4, DPS: 39.4
[2025-11-03T11:32:41.882Z] 💾 Saved progress to turtle_db/items/weapons/1h-maces.json
[2025-11-03T11:32:43.882Z] 🔍 Enhancing item 18321: Energetic Rod (35/318)
[2025-11-03T11:32:47.975Z] ✅ Enhanced Energetic Rod - Speed: 2.3, DPS: 38.7
[2025-11-03T11:32:47.977Z] 💾 Saved progress to turtle_db/items/weapons/1h-maces.json
[2025-11-03T11:32:49.978Z] 🔍 Enhancing item 18683: Hammer of the Vesper (36/318)
[2025-11-03T11:32:54.064Z] ✅ Enhanced Hammer of the Vesper - Speed: 2.5, DPS: 40.2
[2025-11-03T11:32:54.066Z] 💾 Saved progress to turtle_db/items/weapons/1h-maces.json
[2025-11-03T11:32:56.067Z] 🔍 Enhancing item 19908: Sceptre of Smiting (37/318)
[2025-11-03T11:33:00.157Z] ✅ Enhanced Sceptre of Smiting - Speed: 2.6, DPS: 42.7
[2025-11-03T11:33:00.159Z] 💾 Saved progress to turtle_db/items/weapons/1h-maces.json
[2025-11-03T11:33:02.160Z] 🔍 Enhancing item 19961: Gri'lek's Grinder (38/318)
[2025-11-03T11:33:06.255Z] ✅ Enhanced Gri'lek's Grinder - Speed: 2.4, DPS: 44.8
[2025-11-03T11:33:06.258Z] 💾 Saved progress to turtle_db/items/weapons/1h-maces.json
[2025-11-03T11:33:08.258Z] 🔍 Enhancing item 20666: Hardened Steel Warhammer (39/318)
[2025-11-03T11:33:12.452Z] ✅ Enhanced Hardened Steel Warhammer - Speed: 2.6, DPS: 40.8
[2025-11-03T11:33:12.453Z] 💾 Saved progress to turtle_db/items/weapons/1h-maces.json
[2025-11-03T11:33:14.453Z] 🔍 Enhancing item 22315: Hammer of Revitalization (40/318)
[2025-11-03T11:33:18.535Z] ✅ Enhanced Hammer of Revitalization - Speed: 2.7, DPS: 40
[2025-11-03T11:33:18.536Z] 💾 Saved progress to turtle_db/items/weapons/1h-maces.json
[2025-11-03T11:33:20.538Z] 🔍 Enhancing item 51719: Garden Shovel (41/318)
[2025-11-03T11:33:24.629Z] ✅ Enhanced Garden Shovel - Speed: 2, DPS: 16
[2025-11-03T11:33:24.631Z] 💾 Saved progress to turtle_db/items/weapons/1h-maces.json
[2025-11-03T11:33:26.632Z] 🔍 Enhancing item 58080: Rufus' Trusty Tankard (42/318)
[2025-11-03T11:33:30.721Z] ✅ Enhanced Rufus' Trusty Tankard - Speed: 2.4, DPS: 31.7
[2025-11-03T11:33:30.725Z] 💾 Saved progress to turtle_db/items/weapons/1h-maces.json
[2025-11-03T11:33:32.725Z] 🔍 Enhancing item 58182: Rusted Anchor (43/318)
[2025-11-03T11:33:36.818Z] ✅ Enhanced Rusted Anchor - Speed: 2.5, DPS: 27.6
[2025-11-03T11:33:36.820Z] 💾 Saved progress to turtle_db/items/weapons/1h-maces.json
[2025-11-03T11:33:38.821Z] 🔍 Enhancing item 58216: Hansel's Gavel (44/318)
[2025-11-03T11:33:42.915Z] ✅ Enhanced Hansel's Gavel - Speed: 2.5, DPS: 38.2
[2025-11-03T11:33:42.918Z] 💾 Saved progress to turtle_db/items/weapons/1h-maces.json
[2025-11-03T11:33:44.920Z] 🔍 Enhancing item 58269: Right (45/318)
[2025-11-03T11:33:49.009Z] ✅ Enhanced Right - Speed: 2.5, DPS: 25
[2025-11-03T11:33:49.012Z] 💾 Saved progress to turtle_db/items/weapons/1h-maces.json
[2025-11-03T11:33:51.014Z] 🔍 Enhancing item 60152: Gigno's Spanner (46/318)
[2025-11-03T11:33:55.105Z] ✅ Enhanced Gigno's Spanner - Speed: 2.3, DPS: 38.7
[2025-11-03T11:33:55.106Z] 💾 Saved progress to turtle_db/items/weapons/1h-maces.json
[2025-11-03T11:33:57.108Z] 🔍 Enhancing item 60317: Lightgraced Mallet (47/318)
[2025-11-03T11:34:01.199Z] ✅ Enhanced Lightgraced Mallet - Speed: 2.8, DPS: 27.5
[2025-11-03T11:34:01.202Z] 💾 Saved progress to turtle_db/items/weapons/1h-maces.json
[2025-11-03T11:34:03.203Z] 🔍 Enhancing item 60696: Rubyheart Mallet (48/318)
[2025-11-03T11:34:07.277Z] ✅ Enhanced Rubyheart Mallet - Speed: 2.3, DPS: 38.5
[2025-11-03T11:34:07.278Z] 💾 Saved progress to turtle_db/items/weapons/1h-maces.json
[2025-11-03T11:34:09.279Z] 🔍 Enhancing item 60902: Gelkis Earthbinder (49/318)
[2025-11-03T11:34:13.374Z] ✅ Enhanced Gelkis Earthbinder - Speed: 2.7, DPS: 35.2
[2025-11-03T11:34:13.376Z] 💾 Saved progress to turtle_db/items/weapons/1h-maces.json
[2025-11-03T11:34:15.376Z] 🔍 Enhancing item 61308: Gavel of Gilnean Justice (50/318)
[2025-11-03T11:34:19.472Z] ✅ Enhanced Gavel of Gilnean Justice - Speed: 2.8, DPS: 32.9
[2025-11-03T11:34:19.474Z] 💾 Saved progress to turtle_db/items/weapons/1h-maces.json
[2025-11-03T11:34:21.474Z] 🔍 Enhancing item 61572: Gartside Family Wrench (51/318)
[2025-11-03T11:34:25.595Z] ✅ Enhanced Gartside Family Wrench - Speed: 2.5, DPS: 30.4
[2025-11-03T11:34:25.596Z] 💾 Saved progress to turtle_db/items/weapons/1h-maces.json
[2025-11-03T11:34:27.597Z] 🔍 Enhancing item 80530: Quel'dorei Guardian's Mace (52/318)
[2025-11-03T11:34:31.735Z] ✅ Enhanced Quel'dorei Guardian's Mace - Speed: 2.6, DPS: 42.7
[2025-11-03T11:34:31.738Z] 💾 Saved progress to turtle_db/items/weapons/1h-maces.json
[2025-11-03T11:34:33.738Z] 🔍 Enhancing item 80532: Quel'dorei Cleric's Hammer (53/318)
[2025-11-03T11:34:37.739Z] ✅ Enhanced Quel'dorei Cleric's Hammer - Speed: 1.9, DPS: 41.3
[2025-11-03T11:34:37.741Z] 💾 Saved progress to turtle_db/items/weapons/1h-maces.json
[2025-11-03T11:34:39.742Z] 🔍 Enhancing item 80630: Revantusk Watcher's Mace (54/318)
[2025-11-03T11:34:43.742Z] ✅ Enhanced Revantusk Watcher's Mace - Speed: 2.6, DPS: 42.7
[2025-11-03T11:34:43.743Z] 💾 Saved progress to turtle_db/items/weapons/1h-maces.json
[2025-11-03T11:34:45.744Z] 🔍 Enhancing item 80632: Revantusk Mender's Scepter (55/318)
[2025-11-03T11:34:49.745Z] ✅ Enhanced Revantusk Mender's Scepter - Speed: 1.9, DPS: 41.3
[2025-11-03T11:34:49.747Z] 💾 Saved progress to turtle_db/items/weapons/1h-maces.json
[2025-11-03T11:34:51.748Z] 🔍 Enhancing item 83279: Everflame Torch (56/318)
[2025-11-03T11:34:55.747Z] ✅ Enhanced Everflame Torch - Speed: 1.8, DPS: 36.1
[2025-11-03T11:34:55.749Z] 💾 Saved progress to turtle_db/items/weapons/1h-maces.json
[2025-11-03T11:34:57.750Z] 🔍 Enhancing item 1009: Compact Hammer (57/318)
[2025-11-03T11:35:01.751Z] ✅ Enhanced Compact Hammer - Speed: 2.3, DPS: 7
[2025-11-03T11:35:01.753Z] 💾 Saved progress to turtle_db/items/weapons/1h-maces.json
[2025-11-03T11:35:03.754Z] 🔍 Enhancing item 1296: Blackrock Mace (58/318)
[2025-11-03T11:35:07.757Z] ✅ Enhanced Blackrock Mace - Speed: 2.5, DPS: 10.6
[2025-11-03T11:35:07.759Z] 💾 Saved progress to turtle_db/items/weapons/1h-maces.json
[2025-11-03T11:35:09.761Z] 🔍 Enhancing item 1394: Driftwood Club (59/318)
[2025-11-03T11:35:13.547Z] ✅ Enhanced Driftwood Club - Speed: 1.7, DPS: 7.6
[2025-11-03T11:35:13.549Z] 💾 Saved progress to turtle_db/items/weapons/1h-maces.json
[2025-11-03T11:35:15.550Z] 🔍 Enhancing item 1721: Viking Warhammer (60/318)
[2025-11-03T11:35:19.665Z] ✅ Enhanced Viking Warhammer - Speed: 2.4, DPS: 35.8
[2025-11-03T11:35:19.666Z] 💾 Saved progress to turtle_db/items/weapons/1h-maces.json
[2025-11-03T11:35:21.667Z] 🔍 Enhancing item 1938: Block Mallet (61/318)
[2025-11-03T11:35:25.754Z] ✅ Enhanced Block Mallet - Speed: 1.8, DPS: 11.1
[2025-11-03T11:35:25.755Z] 💾 Saved progress to turtle_db/items/weapons/1h-maces.json
[2025-11-03T11:35:27.756Z] 🔍 Enhancing item 2256: Skeletal Club (62/318)
[2025-11-03T11:35:31.858Z] ✅ Enhanced Skeletal Club - Speed: 2.6, DPS: 15.6
[2025-11-03T11:35:31.859Z] 💾 Saved progress to turtle_db/items/weapons/1h-maces.json
[2025-11-03T11:35:33.861Z] 🔍 Enhancing item 3570: Bonegrinding Pestle (63/318)
[2025-11-03T11:35:37.776Z] ✅ Enhanced Bonegrinding Pestle - Speed: 2.4, DPS: 8.1
[2025-11-03T11:35:37.780Z] 💾 Saved progress to turtle_db/items/weapons/1h-maces.json
[2025-11-03T11:35:39.781Z] 🔍 Enhancing item 4122: Bookmaker's Scepter (64/318)
[2025-11-03T11:35:43.874Z] ✅ Enhanced Bookmaker's Scepter - Speed: 2.3, DPS: 19.6
[2025-11-03T11:35:43.877Z] 💾 Saved progress to turtle_db/items/weapons/1h-maces.json
[2025-11-03T11:35:45.877Z] 🔍 Enhancing item 4303: Cranial Thumper (65/318)
[2025-11-03T11:35:49.972Z] ✅ Enhanced Cranial Thumper - Speed: 2.8, DPS: 6.4
[2025-11-03T11:35:49.974Z] 💾 Saved progress to turtle_db/items/weapons/1h-maces.json
[2025-11-03T11:35:51.975Z] 🔍 Enhancing item 4439: Bruiser Club (66/318)
[2025-11-03T11:35:56.060Z] ✅ Enhanced Bruiser Club - Speed: 2.2, DPS: 11.1
[2025-11-03T11:35:56.061Z] 💾 Saved progress to turtle_db/items/weapons/1h-maces.json
[2025-11-03T11:35:58.062Z] 🔍 Enhancing item 4511: Black Water Hammer (67/318)
[2025-11-03T11:36:02.161Z] ✅ Enhanced Black Water Hammer - Speed: 2.7, DPS: 22.2
[2025-11-03T11:36:02.163Z] 💾 Saved progress to turtle_db/items/weapons/1h-maces.json
[2025-11-03T11:36:04.164Z] 🔍 Enhancing item 5197: Cookie's Tenderizer (68/318)
[2025-11-03T11:36:08.368Z] ✅ Enhanced Cookie's Tenderizer - Speed: 2.8, DPS: 10.5
[2025-11-03T11:36:08.370Z] 💾 Saved progress to turtle_db/items/weapons/1h-maces.json
[2025-11-03T11:36:10.371Z] 🔍 Enhancing item 6323: Baron's Scepter (69/318)
[2025-11-03T11:36:14.563Z] ✅ Enhanced Baron's Scepter - Speed: 2.4, DPS: 12.7
[2025-11-03T11:36:14.564Z] 💾 Saved progress to turtle_db/items/weapons/1h-maces.json
[2025-11-03T11:36:16.565Z] 🔍 Enhancing item 6472: Stinging Viper (70/318)
[2025-11-03T11:36:20.695Z] ✅ Enhanced Stinging Viper - Speed: 2.8, DPS: 15.5
[2025-11-03T11:36:20.698Z] 💾 Saved progress to turtle_db/items/weapons/1h-maces.json
[2025-11-03T11:36:22.699Z] 🔍 Enhancing item 6804: Windstorm Hammer (71/318)
[2025-11-03T11:36:26.781Z] ✅ Enhanced Windstorm Hammer - Speed: 2.1, DPS: 27.1
[2025-11-03T11:36:26.783Z] 💾 Saved progress to turtle_db/items/weapons/1h-maces.json
[2025-11-03T11:36:28.783Z] 🔍 Enhancing item 7945: Big Black Mace (72/318)
[2025-11-03T11:36:32.871Z] ✅ Enhanced Big Black Mace - Speed: 2.4, DPS: 27.5
[2025-11-03T11:36:32.872Z] 💾 Saved progress to turtle_db/items/weapons/1h-maces.json
[2025-11-03T11:36:34.874Z] 🔍 Enhancing item 7954: The Shatterer (73/318)
[2025-11-03T11:36:38.959Z] ✅ Enhanced The Shatterer - Speed: 2.4, DPS: 31.7
[2025-11-03T11:36:38.962Z] 💾 Saved progress to turtle_db/items/weapons/1h-maces.json
[2025-11-03T11:36:40.963Z] 🔍 Enhancing item 9359: Wirt's Third Leg (74/318)
[2025-11-03T11:36:45.052Z] ✅ Enhanced Wirt's Third Leg - Speed: 2.3, DPS: 30.4
[2025-11-03T11:36:45.056Z] 💾 Saved progress to turtle_db/items/weapons/1h-maces.json
[2025-11-03T11:36:47.058Z] 🔍 Enhancing item 9427: Stonevault Bonebreaker (75/318)
[2025-11-03T11:36:51.152Z] ✅ Enhanced Stonevault Bonebreaker - Speed: 2.7, DPS: 28.7
[2025-11-03T11:36:51.154Z] 💾 Saved progress to turtle_db/items/weapons/1h-maces.json
[2025-11-03T11:36:53.155Z] 🔍 Enhancing item 9639: The Hand of Antu'sul (76/318)
[2025-11-03T11:36:57.252Z] ✅ Enhanced The Hand of Antu'sul - Speed: 2.7, DPS: 32.2
[2025-11-03T11:36:57.255Z] 💾 Saved progress to turtle_db/items/weapons/1h-maces.json
[2025-11-03T11:36:59.255Z] 🔍 Enhancing item 9686: Spirit of the Faerie Dragon (77/318)
[2025-11-03T11:37:03.332Z] ✅ Enhanced Spirit of the Faerie Dragon - Speed: 2.6, DPS: 34
[2025-11-03T11:37:03.333Z] 💾 Saved progress to turtle_db/items/weapons/1h-maces.json
[2025-11-03T11:37:05.334Z] 🔍 Enhancing item 11120: Belgrom's Hammer (78/318)
[2025-11-03T11:37:09.428Z] ✅ Enhanced Belgrom's Hammer - Speed: 2.8, DPS: 32.9
[2025-11-03T11:37:09.431Z] 💾 Saved progress to turtle_db/items/weapons/1h-maces.json
[2025-11-03T11:37:11.432Z] 🔍 Enhancing item 11906: Beastsmasher (79/318)
[2025-11-03T11:37:15.526Z] ✅ Enhanced Beastsmasher - Speed: 2.1, DPS: 32.9
[2025-11-03T11:37:15.528Z] 💾 Saved progress to turtle_db/items/weapons/1h-maces.json
[2025-11-03T11:37:17.528Z] 🔍 Enhancing item 11923: The Hammer of Grace (80/318)
[2025-11-03T11:37:21.625Z] ✅ Enhanced The Hammer of Grace - Speed: 2.7, DPS: 37.6
[2025-11-03T11:37:21.627Z] 💾 Saved progress to turtle_db/items/weapons/1h-maces.json
[2025-11-03T11:37:23.628Z] 🔍 Enhancing item 12781: Serenity (81/318)
[2025-11-03T11:37:27.724Z] ✅ Enhanced Serenity - Speed: 2, DPS: 37.5
[2025-11-03T11:37:27.726Z] 💾 Saved progress to turtle_db/items/weapons/1h-maces.json
[2025-11-03T11:37:29.729Z] 🔍 Enhancing item 13183: Venomspitter (82/318)
[2025-11-03T11:37:33.837Z] ✅ Enhanced Venomspitter - Speed: 1.9, DPS: 39.5
[2025-11-03T11:37:33.840Z] 💾 Saved progress to turtle_db/items/weapons/1h-maces.json
[2025-11-03T11:37:35.841Z] 🔍 Enhancing item 13401: The Cruel Hand of Timmy (83/318)
[2025-11-03T11:37:39.840Z] ✅ Enhanced The Cruel Hand of Timmy - Speed: 1.8, DPS: 40
[2025-11-03T11:37:39.843Z] 💾 Saved progress to turtle_db/items/weapons/1h-maces.json
[2025-11-03T11:37:41.844Z] 🔍 Enhancing item 15222: Barbed Club (84/318)
[2025-11-03T11:37:45.846Z] ✅ Enhanced Barbed Club - Speed: 2.3, DPS: 9.6
[2025-11-03T11:37:45.849Z] 💾 Saved progress to turtle_db/items/weapons/1h-maces.json
[2025-11-03T11:37:47.850Z] 🔍 Enhancing item 15224: Battlesmasher (85/318)
[2025-11-03T11:37:51.847Z] ✅ Enhanced Battlesmasher - Speed: 2.7, DPS: 12.8
[2025-11-03T11:37:51.848Z] 💾 Saved progress to turtle_db/items/weapons/1h-maces.json
[2025-11-03T11:37:53.848Z] 🔍 Enhancing item 15227: Diamond-Tip Bludgeon (86/318)
[2025-11-03T11:37:57.849Z] ✅ Enhanced Diamond-Tip Bludgeon - Speed: 2.4, DPS: 29.2
[2025-11-03T11:37:57.852Z] 💾 Saved progress to turtle_db/items/weapons/1h-maces.json
[2025-11-03T11:37:59.853Z] 🔍 Enhancing item 15229: Blesswind Hammer (87/318)
[2025-11-03T11:38:03.855Z] ✅ Enhanced Blesswind Hammer - Speed: 2.1, DPS: 32.9
[2025-11-03T11:38:03.857Z] 💾 Saved progress to turtle_db/items/weapons/1h-maces.json
[2025-11-03T11:38:05.859Z] 🔍 Enhancing item 18376: Timeworn Mace (88/318)
[2025-11-03T11:38:09.760Z] ✅ Enhanced Timeworn Mace - Speed: 2.2, DPS: 40.7
[2025-11-03T11:38:09.763Z] 💾 Saved progress to turtle_db/items/weapons/1h-maces.json
[2025-11-03T11:38:11.764Z] 🔍 Enhancing item 19104: Stormstrike Hammer (89/318)
[2025-11-03T11:38:15.861Z] ✅ Enhanced Stormstrike Hammer - Speed: 2.7, DPS: 42.6
[2025-11-03T11:38:15.864Z] 💾 Saved progress to turtle_db/items/weapons/1h-maces.json
[2025-11-03T11:38:17.865Z] 🔍 Enhancing item 22322: The Jaw Breaker (90/318)
[2025-11-03T11:38:21.863Z] ✅ Enhanced The Jaw Breaker - Speed: 1.6, DPS: 40.3
[2025-11-03T11:38:21.865Z] 💾 Saved progress to turtle_db/items/weapons/1h-maces.json
[2025-11-03T11:38:23.866Z] 🔍 Enhancing item 22380: Simone's Cultivating Hammer (91/318)
[2025-11-03T11:38:27.870Z] ✅ Enhanced Simone's Cultivating Hammer - Speed: 1.8, DPS: 41.2
[2025-11-03T11:38:27.872Z] 💾 Saved progress to turtle_db/items/weapons/1h-maces.json
[2025-11-03T11:38:29.873Z] 🔍 Enhancing item 22713: Zulian Scepter of Rites (92/318)
[2025-11-03T11:38:33.876Z] ✅ Enhanced Zulian Scepter of Rites - Speed: 2.6, DPS: 41.3
[2025-11-03T11:38:33.879Z] 💾 Saved progress to turtle_db/items/weapons/1h-maces.json
[2025-11-03T11:38:35.880Z] 🔍 Enhancing item 41717: Dark Iron Bludgeon (93/318)
[2025-11-03T11:38:39.876Z] ✅ Enhanced Dark Iron Bludgeon - Speed: 2.3, DPS: 21.5
[2025-11-03T11:38:39.877Z] 💾 Saved progress to turtle_db/items/weapons/1h-maces.json
[2025-11-03T11:38:41.878Z] 🔍 Enhancing item 41723: Cudgel of Binding (94/318)
[2025-11-03T11:38:45.578Z] ✅ Enhanced Cudgel of Binding - Speed: 2.5, DPS: 17
[2025-11-03T11:38:45.580Z] 💾 Saved progress to turtle_db/items/weapons/1h-maces.json
[2025-11-03T11:38:47.580Z] 🔍 Enhancing item 41910: Tor Nagaz (95/318)
[2025-11-03T11:38:51.661Z] ✅ Enhanced Tor Nagaz - Speed: 2.8, DPS: 32.1
[2025-11-03T11:38:51.664Z] 💾 Saved progress to turtle_db/items/weapons/1h-maces.json
[2025-11-03T11:38:53.665Z] 🔍 Enhancing item 50187: Cursed Shinbone (96/318)
[2025-11-03T11:38:57.764Z] ✅ Enhanced Cursed Shinbone - Speed: 2, DPS: 4.3
[2025-11-03T11:38:57.766Z] 💾 Saved progress to turtle_db/items/weapons/1h-maces.json
[2025-11-03T11:38:59.768Z] 🔍 Enhancing item 58249: Defunct Hole Puncher (97/318)
[2025-11-03T11:39:03.861Z] ✅ Enhanced Defunct Hole Puncher - Speed: 2.2, DPS: 7.7
[2025-11-03T11:39:03.864Z] 💾 Saved progress to turtle_db/items/weapons/1h-maces.json
[2025-11-03T11:39:05.865Z] 🔍 Enhancing item 60416: Skull of Grarr (98/318)
[2025-11-03T11:39:09.890Z] ✅ Enhanced Skull of Grarr - Speed: 2.1, DPS: 41.2
[2025-11-03T11:39:09.892Z] 💾 Saved progress to turtle_db/items/weapons/1h-maces.json
[2025-11-03T11:39:11.894Z] 🔍 Enhancing item 60543: Wrench of Creation (99/318)
[2025-11-03T11:39:15.895Z] ✅ Enhanced Wrench of Creation - Speed: 2.3, DPS: 36.7
[2025-11-03T11:39:15.897Z] 💾 Saved progress to turtle_db/items/weapons/1h-maces.json
[2025-11-03T11:39:17.899Z] 🔍 Enhancing item 60544: Wrench of Creation (100/318)
[2025-11-03T11:39:21.900Z] ✅ Enhanced Wrench of Creation - Speed: 2.3, DPS: 36.7
[2025-11-03T11:39:21.902Z] 💾 Saved progress to turtle_db/items/weapons/1h-maces.json
[2025-11-03T11:39:23.903Z] 🔍 Enhancing item 60773: Blackrock Authority (101/318)
[2025-11-03T11:39:27.902Z] ✅ Enhanced Blackrock Authority - Speed: 2.7, DPS: 34.8
[2025-11-03T11:39:27.904Z] 💾 Saved progress to turtle_db/items/weapons/1h-maces.json
[2025-11-03T11:39:29.904Z] 🔍 Enhancing item 60952: Stonemaul Seer Club (102/318)
[2025-11-03T11:39:33.906Z] ✅ Enhanced Stonemaul Seer Club - Speed: 2.6, DPS: 30.8
[2025-11-03T11:39:33.908Z] 💾 Saved progress to turtle_db/items/weapons/1h-maces.json
[2025-11-03T11:39:35.908Z] 🔍 Enhancing item 61730: Copper Infused Bludgeon (103/318)
[2025-11-03T11:39:39.909Z] ✅ Enhanced Copper Infused Bludgeon - Speed: 2.3, DPS: 26.1
[2025-11-03T11:39:39.911Z] 💾 Saved progress to turtle_db/items/weapons/1h-maces.json
[2025-11-03T11:39:41.912Z] 🔍 Enhancing item 80767: Skull of Grarr (104/318)
[2025-11-03T11:39:45.913Z] ✅ Enhanced Skull of Grarr - Speed: 2.1, DPS: 41.2
[2025-11-03T11:39:45.914Z] 💾 Saved progress to turtle_db/items/weapons/1h-maces.json
[2025-11-03T11:39:47.916Z] 🔍 Enhancing item 81383: The Ogre Truncheon (105/318)
[2025-11-03T11:39:51.919Z] ✅ Enhanced The Ogre Truncheon - Speed: 2.6, DPS: 34.4
[2025-11-03T11:39:51.921Z] 💾 Saved progress to turtle_db/items/weapons/1h-maces.json
[2025-11-03T11:39:53.922Z] 🔍 Enhancing item 865: Leaden Mace (106/318)
[2025-11-03T11:39:57.921Z] ✅ Enhanced Leaden Mace - Speed: 2.9, DPS: 16
[2025-11-03T11:39:57.922Z] 💾 Saved progress to turtle_db/items/weapons/1h-maces.json
[2025-11-03T11:39:59.923Z] 🔍 Enhancing item 1207: Murphstar (107/318)
[2025-11-03T11:40:14.981Z] ✅ Enhanced Murphstar - Speed: 2.1, DPS: 21.4
[2025-11-03T11:40:14.984Z] 💾 Saved progress to turtle_db/items/weapons/1h-maces.json
[2025-11-03T11:40:16.986Z] 🔍 Enhancing item 1214: Gnoll Punisher (108/318)
[2025-11-03T11:40:21.252Z] ✅ Enhanced Gnoll Punisher - Speed: 2.4, DPS: 8.5
[2025-11-03T11:40:21.253Z] 💾 Saved progress to turtle_db/items/weapons/1h-maces.json
[2025-11-03T11:40:23.254Z] 🔍 Enhancing item 1440: Gnoll Skull Basher (109/318)
[2025-11-03T11:40:27.454Z] ✅ Enhanced Gnoll Skull Basher - Speed: 2.7, DPS: 9.6
[2025-11-03T11:40:27.455Z] 💾 Saved progress to turtle_db/items/weapons/1h-maces.json
[2025-11-03T11:40:29.456Z] 🔍 Enhancing item 1457: Shadowhide Mace (110/318)
[2025-11-03T11:40:33.555Z] ✅ Enhanced Shadowhide Mace - Speed: 2.2, DPS: 11.1
[2025-11-03T11:40:33.559Z] 💾 Saved progress to turtle_db/items/weapons/1h-maces.json
[2025-11-03T11:40:35.560Z] 🔍 Enhancing item 1480: Fist of the People's Militia (111/318)
[2025-11-03T11:40:39.643Z] ✅ Enhanced Fist of the People's Militia - Speed: 1.6, DPS: 8.4
[2025-11-03T11:40:39.644Z] 💾 Saved progress to turtle_db/items/weapons/1h-maces.json
[2025-11-03T11:40:41.646Z] 🔍 Enhancing item 1608: Skullcrusher Mace (112/318)
[2025-11-03T11:40:45.763Z] ✅ Enhanced Skullcrusher Mace - Speed: 2.7, DPS: 28.1
[2025-11-03T11:40:45.765Z] 💾 Saved progress to turtle_db/items/weapons/1h-maces.json
[2025-11-03T11:40:47.766Z] 🔍 Enhancing item 1958: Petrified Shinbone (113/318)
[2025-11-03T11:40:51.975Z] ✅ Enhanced Petrified Shinbone - Speed: 2, DPS: 8.8
[2025-11-03T11:40:51.978Z] 💾 Saved progress to turtle_db/items/weapons/1h-maces.json
[2025-11-03T11:40:53.979Z] 🔍 Enhancing item 2075: Priest's Mace (114/318)
[2025-11-03T11:40:58.075Z] ✅ Enhanced Priest's Mace - Speed: 2, DPS: 6.5
[2025-11-03T11:40:58.076Z] 💾 Saved progress to turtle_db/items/weapons/1h-maces.json
[2025-11-03T11:41:00.077Z] 🔍 Enhancing item 2079: Sergeant's Warhammer (115/318)
[2025-11-03T11:41:11.747Z] ✅ Enhanced Sergeant's Warhammer - Speed: 2.1, DPS: 8.6
[2025-11-03T11:41:11.750Z] 💾 Saved progress to turtle_db/items/weapons/1h-maces.json
[2025-11-03T11:41:13.752Z] 🔍 Enhancing item 2821: Mo'grosh Masher (116/318)
[2025-11-03T11:41:17.958Z] ✅ Enhanced Mo'grosh Masher - Speed: 2.5, DPS: 9.2
[2025-11-03T11:41:17.960Z] 💾 Saved progress to turtle_db/items/weapons/1h-maces.json
[2025-11-03T11:41:19.961Z] 🔍 Enhancing item 3223: Frostmane Scepter (117/318)
[2025-11-03T11:41:23.962Z] ✅ Enhanced Frostmane Scepter - Speed: 2.2, DPS: 5.9
[2025-11-03T11:41:23.964Z] 💾 Saved progress to turtle_db/items/weapons/1h-maces.json
[2025-11-03T11:41:25.966Z] 🔍 Enhancing item 3491: Heavy Bronze Mace (118/318)
[2025-11-03T11:41:29.965Z] ✅ Enhanced Heavy Bronze Mace - Speed: 2.8, DPS: 12.9
[2025-11-03T11:41:29.969Z] 💾 Saved progress to turtle_db/items/weapons/1h-maces.json
[2025-11-03T11:41:31.970Z] 🔍 Enhancing item 3492: Mighty Iron Hammer (119/318)
[2025-11-03T11:41:35.970Z] ✅ Enhanced Mighty Iron Hammer - Speed: 2.8, DPS: 15.5
[2025-11-03T11:41:35.974Z] 💾 Saved progress to turtle_db/items/weapons/1h-maces.json
[2025-11-03T11:41:37.975Z] 🔍 Enhancing item 4569: Staunch Hammer (120/318)
[2025-11-03T11:41:41.973Z] ✅ Enhanced Staunch Hammer - Speed: 2.2, DPS: 7.3
[2025-11-03T11:41:41.974Z] 💾 Saved progress to turtle_db/items/weapons/1h-maces.json
[2025-11-03T11:41:43.976Z] 🔍 Enhancing item 4971: Skorn's Hammer (121/318)
[2025-11-03T11:41:47.745Z] ✅ Enhanced Skorn's Hammer - Speed: 2.7, DPS: 6.5
[2025-11-03T11:41:47.748Z] 💾 Saved progress to turtle_db/items/weapons/1h-maces.json
[2025-11-03T11:41:49.749Z] 🔍 Enhancing item 4978: Ryedol's Hammer (122/318)
[2025-11-03T11:41:53.834Z] ✅ Enhanced Ryedol's Hammer - Speed: 2.5, DPS: 19
[2025-11-03T11:41:53.835Z] 💾 Saved progress to turtle_db/items/weapons/1h-maces.json
[2025-11-03T11:41:55.837Z] 🔍 Enhancing item 5256: Kovork's Rattle (123/318)
[2025-11-03T11:41:59.936Z] ✅ Enhanced Kovork's Rattle - Speed: 3, DPS: 18.3
[2025-11-03T11:41:59.938Z] 💾 Saved progress to turtle_db/items/weapons/1h-maces.json
[2025-11-03T11:42:01.938Z] 🔍 Enhancing item 5324: Engineer's Hammer (124/318)
[2025-11-03T11:42:05.987Z] ✅ Enhanced Engineer's Hammer - Speed: 2.4, DPS: 8.1
[2025-11-03T11:42:05.990Z] 💾 Saved progress to turtle_db/items/weapons/1h-maces.json
[2025-11-03T11:42:07.991Z] 🔍 Enhancing item 5541: Iridescent Hammer (125/318)
[2025-11-03T11:42:11.988Z] ✅ Enhanced Iridescent Hammer - Speed: 1.8, DPS: 14.4
[2025-11-03T11:42:11.990Z] 💾 Saved progress to turtle_db/items/weapons/1h-maces.json
[2025-11-03T11:42:13.991Z] 🔍 Enhancing item 5757: Hardwood Cudgel (126/318)
[2025-11-03T11:42:17.994Z] ✅ Enhanced Hardwood Cudgel - Speed: 2.6, DPS: 10
[2025-11-03T11:42:17.996Z] 💾 Saved progress to turtle_db/items/weapons/1h-maces.json
[2025-11-03T11:42:19.997Z] 🔍 Enhancing item 6968: Elunite Hammer (127/318)
[2025-11-03T11:42:23.998Z] ✅ Enhanced Elunite Hammer - Speed: 2.3, DPS: 7.6
[2025-11-03T11:42:24.001Z] 💾 Saved progress to turtle_db/items/weapons/1h-maces.json
[2025-11-03T11:42:26.003Z] 🔍 Enhancing item 6983: Haggard's Hammer (128/318)
[2025-11-03T11:42:30.000Z] ✅ Enhanced Haggard's Hammer - Speed: 2.3, DPS: 7.6
[2025-11-03T11:42:30.002Z] 💾 Saved progress to turtle_db/items/weapons/1h-maces.json
[2025-11-03T11:42:32.003Z] 🔍 Enhancing item 7117: Heirloom Hammer (129/318)
[2025-11-03T11:42:36.004Z] ✅ Enhanced Heirloom Hammer - Speed: 2.3, DPS: 7.6
[2025-11-03T11:42:36.006Z] 💾 Saved progress to turtle_db/items/weapons/1h-maces.json
[2025-11-03T11:42:38.008Z] 🔍 Enhancing item 8194: Goblin Nutcracker (130/318)
[2025-11-03T11:42:55.206Z] ✅ Enhanced Goblin Nutcracker - Speed: 2.2, DPS: 25
[2025-11-03T11:42:55.208Z] 💾 Saved progress to turtle_db/items/weapons/1h-maces.json
[2025-11-03T11:42:57.210Z] 🔍 Enhancing item 10804: Fist of the Damned (131/318)
[2025-11-03T11:43:01.368Z] ✅ Enhanced Fist of the Damned - Speed: 1.9, DPS: 32.1
[2025-11-03T11:43:01.369Z] 💾 Saved progress to turtle_db/items/weapons/1h-maces.json
[2025-11-03T11:43:03.370Z] 🔍 Enhancing item 15223: Jagged Star (132/318)
[2025-11-03T11:43:07.484Z] ✅ Enhanced Jagged Star - Speed: 2.8, DPS: 12.3
[2025-11-03T11:43:07.487Z] 💾 Saved progress to turtle_db/items/weapons/1h-maces.json
[2025-11-03T11:43:09.488Z] 🔍 Enhancing item 15225: Sequoia Hammer (133/318)
[2025-11-03T11:43:23.882Z] ✅ Enhanced Sequoia Hammer - Speed: 2.7, DPS: 17
[2025-11-03T11:43:23.884Z] 💾 Saved progress to turtle_db/items/weapons/1h-maces.json
[2025-11-03T11:43:25.885Z] 🔍 Enhancing item 15226: Giant Club (134/318)
[2025-11-03T11:43:29.998Z] ✅ Enhanced Giant Club - Speed: 1.9, DPS: 19.7
[2025-11-03T11:43:30.000Z] 💾 Saved progress to turtle_db/items/weapons/1h-maces.json
[2025-11-03T11:43:32.002Z] 🔍 Enhancing item 15228: Smashing Star (135/318)
[2025-11-03T11:43:36.160Z] ✅ Enhanced Smashing Star - Speed: 2.8, DPS: 31.6
[2025-11-03T11:43:36.162Z] 💾 Saved progress to turtle_db/items/weapons/1h-maces.json
[2025-11-03T11:43:38.163Z] 🔍 Enhancing item 15445: Hammer of Orgrimmar (136/318)
[2025-11-03T11:43:42.244Z] ✅ Enhanced Hammer of Orgrimmar - Speed: 2.9, DPS: 9.1
[2025-11-03T11:43:42.246Z] 💾 Saved progress to turtle_db/items/weapons/1h-maces.json
[2025-11-03T11:43:44.247Z] 🔍 Enhancing item 15863: Grave Scepter (137/318)
[2025-11-03T11:43:48.252Z] ✅ Enhanced Grave Scepter - Speed: 1.6, DPS: 32.2
[2025-11-03T11:43:48.255Z] 💾 Saved progress to turtle_db/items/weapons/1h-maces.json
[2025-11-03T11:43:50.256Z] 🔍 Enhancing item 16769: Furbolg Medicine Totem (138/318)
[2025-11-03T11:43:54.419Z] ✅ Enhanced Furbolg Medicine Totem - Speed: 2.5, DPS: 31
[2025-11-03T11:43:54.421Z] 💾 Saved progress to turtle_db/items/weapons/1h-maces.json
[2025-11-03T11:43:56.422Z] 🔍 Enhancing item 16792: Giant Club (139/318)
[2025-11-03T11:44:00.397Z] ✅ Enhanced Giant Club - Speed: 1.9, DPS: 19.7
[2025-11-03T11:44:00.399Z] 💾 Saved progress to turtle_db/items/weapons/1h-maces.json
[2025-11-03T11:44:02.400Z] 🔍 Enhancing item 17003: Skullstone Hammer (140/318)
[2025-11-03T11:44:06.497Z] ✅ Enhanced Skullstone Hammer - Speed: 2.7, DPS: 36.3
[2025-11-03T11:44:06.499Z] 💾 Saved progress to turtle_db/items/weapons/1h-maces.json
[2025-11-03T11:44:08.501Z] 🔍 Enhancing item 17039: Skullbreaker (141/318)
[2025-11-03T11:44:20.845Z] ✅ Enhanced Skullbreaker - Speed: 2.4, DPS: 18.8
[2025-11-03T11:44:20.847Z] 💾 Saved progress to turtle_db/items/weapons/1h-maces.json
[2025-11-03T11:44:22.848Z] 🔍 Enhancing item 19808: Rockhide Strongfish (142/318)
[2025-11-03T11:44:26.935Z] ✅ Enhanced Rockhide Strongfish - Speed: 2.5, DPS: 26.6
[2025-11-03T11:44:26.936Z] 💾 Saved progress to turtle_db/items/weapons/1h-maces.json
[2025-11-03T11:44:28.937Z] 🔍 Enhancing item 36019: Harborage War-Mace (143/318)
[2025-11-03T11:44:33.038Z] ✅ Enhanced Harborage War-Mace - Speed: 2.3, DPS: 24.1
[2025-11-03T11:44:33.040Z] 💾 Saved progress to turtle_db/items/weapons/1h-maces.json
[2025-11-03T11:44:35.042Z] 🔍 Enhancing item 41134: Enforcer's Fist (144/318)
[2025-11-03T11:44:39.131Z] ✅ Enhanced Enforcer's Fist - Speed: 2.1, DPS: 7.6
[2025-11-03T11:44:39.135Z] 💾 Saved progress to turtle_db/items/weapons/1h-maces.json
[2025-11-03T11:44:41.136Z] 🔍 Enhancing item 41793: Harlekk's Battle Wrench (145/318)
[2025-11-03T11:44:45.227Z] ✅ Enhanced Harlekk's Battle Wrench - Speed: 2.6, DPS: 22.1
[2025-11-03T11:44:45.229Z] 💾 Saved progress to turtle_db/items/weapons/1h-maces.json
[2025-11-03T11:44:47.230Z] 🔍 Enhancing item 41818: Scepter of Yor'thegg (146/318)
[2025-11-03T11:44:51.321Z] ✅ Enhanced Scepter of Yor'thegg - Speed: 2.1, DPS: 25.2
[2025-11-03T11:44:51.323Z] 💾 Saved progress to turtle_db/items/weapons/1h-maces.json
[2025-11-03T11:44:53.324Z] 🔍 Enhancing item 51810: Gnoll Slammer (147/318)
[2025-11-03T11:44:57.411Z] ✅ Enhanced Gnoll Slammer - Speed: 2.2, DPS: 7
[2025-11-03T11:44:57.413Z] 💾 Saved progress to turtle_db/items/weapons/1h-maces.json
[2025-11-03T11:44:59.416Z] 🔍 Enhancing item 58048: Shovel of Loneliness (148/318)
[2025-11-03T11:45:03.501Z] ✅ Enhanced Shovel of Loneliness - Speed: 2.6, DPS: 19
[2025-11-03T11:45:03.504Z] 💾 Saved progress to turtle_db/items/weapons/1h-maces.json
[2025-11-03T11:45:05.505Z] 🔍 Enhancing item 58127: Hammer of Earthfury (149/318)
[2025-11-03T11:45:09.684Z] ✅ Enhanced Hammer of Earthfury - Speed: 2.6, DPS: 16
[2025-11-03T11:45:09.687Z] 💾 Saved progress to turtle_db/items/weapons/1h-maces.json
[2025-11-03T11:45:11.688Z] 🔍 Enhancing item 58155: Rotten Dwarven Shinbone (150/318)
[2025-11-03T11:45:15.782Z] ✅ Enhanced Rotten Dwarven Shinbone - Speed: 2.4, DPS: 22.8
[2025-11-03T11:45:15.785Z] 💾 Saved progress to turtle_db/items/weapons/1h-maces.json
[2025-11-03T11:45:17.786Z] 🔍 Enhancing item 60800: Femur Club (151/318)
[2025-11-03T11:45:21.876Z] ✅ Enhanced Femur Club - Speed: 2.7, DPS: 37.8
[2025-11-03T11:45:21.878Z] 💾 Saved progress to turtle_db/items/weapons/1h-maces.json
[2025-11-03T11:45:23.878Z] 🔍 Enhancing item 61349: Dwarven Battle Bludgeon (152/318)
[2025-11-03T11:45:28.005Z] ✅ Enhanced Dwarven Battle Bludgeon - Speed: 2.6, DPS: 28.3
[2025-11-03T11:45:28.008Z] 💾 Saved progress to turtle_db/items/weapons/1h-maces.json
[2025-11-03T11:45:30.010Z] 🔍 Enhancing item 70045: Rusty Shovel (153/318)
[2025-11-03T11:45:34.078Z] ✅ Enhanced Rusty Shovel - Speed: 2.8, DPS: 15.5
[2025-11-03T11:45:34.081Z] 💾 Saved progress to turtle_db/items/weapons/1h-maces.json
[2025-11-03T11:45:36.081Z] 🔍 Enhancing item 70047: Smoldering Brand (154/318)
[2025-11-03T11:45:40.081Z] ✅ Enhanced Smoldering Brand - Speed: 1.8, DPS: 18.9
[2025-11-03T11:45:40.082Z] 💾 Saved progress to turtle_db/items/weapons/1h-maces.json
[2025-11-03T11:45:42.084Z] 🔍 Enhancing item 80723: Nail on a Plank (155/318)
[2025-11-03T11:45:46.086Z] ✅ Enhanced Nail on a Plank - Speed: 2.6, DPS: 15.2
[2025-11-03T11:45:46.088Z] 💾 Saved progress to turtle_db/items/weapons/1h-maces.json
[2025-11-03T11:45:48.090Z] 🔍 Enhancing item 28: Thalassian Mace (156/318)
[2025-11-03T11:45:52.090Z] ✅ Enhanced Thalassian Mace - Speed: 1.9, DPS: 1.1
[2025-11-03T11:45:52.092Z] 💾 Saved progress to turtle_db/items/weapons/1h-maces.json
[2025-11-03T11:45:54.093Z] 🔍 Enhancing item 766: Flanged Mace (157/318)
[2025-11-03T11:45:58.093Z] ✅ Enhanced Flanged Mace - Speed: 2, DPS: 3
[2025-11-03T11:45:58.094Z] 💾 Saved progress to turtle_db/items/weapons/1h-maces.json
[2025-11-03T11:46:00.095Z] 🔍 Enhancing item 781: Stone Gnoll Hammer (158/318)
[2025-11-03T11:46:04.535Z] ✅ Enhanced Stone Gnoll Hammer - Speed: 2.1, DPS: 3.8
[2025-11-03T11:46:04.538Z] 💾 Saved progress to turtle_db/items/weapons/1h-maces.json
[2025-11-03T11:46:06.539Z] 🔍 Enhancing item 789: Stout Battlehammer (159/318)
[2025-11-03T11:46:19.834Z] ✅ Enhanced Stout Battlehammer - Speed: 2.3, DPS: 10.9
[2025-11-03T11:46:19.835Z] 💾 Saved progress to turtle_db/items/weapons/1h-maces.json
[2025-11-03T11:46:21.837Z] 🔍 Enhancing item 827: Wicked Blackjack (160/318)
[2025-11-03T11:46:25.844Z] ✅ Enhanced Wicked Blackjack - Speed: 2.3, DPS: 8.7
[2025-11-03T11:46:25.846Z] 💾 Saved progress to turtle_db/items/weapons/1h-maces.json
[2025-11-03T11:46:27.847Z] 🔍 Enhancing item 852: Mace (161/318)
[2025-11-03T11:46:31.938Z] ✅ Enhanced Mace - Speed: 1.9, DPS: 6.3
[2025-11-03T11:46:31.939Z] 💾 Saved progress to turtle_db/items/weapons/1h-maces.json
[2025-11-03T11:46:33.940Z] 🔍 Enhancing item 920: Wicked Spiked Mace (162/318)
[2025-11-03T11:46:38.228Z] ✅ Enhanced Wicked Spiked Mace - Speed: 2.5, DPS: 12.8
[2025-11-03T11:46:38.231Z] 💾 Saved progress to turtle_db/items/weapons/1h-maces.json
[2025-11-03T11:46:40.232Z] 🔍 Enhancing item 925: Flail (163/318)
[2025-11-03T11:46:44.580Z] ✅ Enhanced Flail - Speed: 2.2, DPS: 11.8
[2025-11-03T11:46:44.582Z] 💾 Saved progress to turtle_db/items/weapons/1h-maces.json
[2025-11-03T11:46:46.584Z] 🔍 Enhancing item 1158: Solid Metal Club (164/318)
[2025-11-03T11:46:50.749Z] ✅ Enhanced Solid Metal Club - Speed: 2.7, DPS: 4.4
[2025-11-03T11:46:50.751Z] 💾 Saved progress to turtle_db/items/weapons/1h-maces.json
[2025-11-03T11:46:52.752Z] 🔍 Enhancing item 1382: Rock Mace (165/318)
[2025-11-03T11:46:56.970Z] ✅ Enhanced Rock Mace - Speed: 1.9, DPS: 1.8
[2025-11-03T11:46:56.972Z] 💾 Saved progress to turtle_db/items/weapons/1h-maces.json
[2025-11-03T11:46:58.973Z] 🔍 Enhancing item 1389: Kobold Mining Mallet (166/318)
[2025-11-03T11:47:03.139Z] ✅ Enhanced Kobold Mining Mallet - Speed: 2.3, DPS: 2.8
[2025-11-03T11:47:03.140Z] 💾 Saved progress to turtle_db/items/weapons/1h-maces.json
[2025-11-03T11:47:05.141Z] 🔍 Enhancing item 1913: Studded Blackjack (167/318)
[2025-11-03T11:47:09.343Z] ✅ Enhanced Studded Blackjack - Speed: 1.8, DPS: 4.2
[2025-11-03T11:47:09.345Z] 💾 Saved progress to turtle_db/items/weapons/1h-maces.json
[2025-11-03T11:47:11.346Z] 🔍 Enhancing item 1926: Weighted Sap (168/318)
[2025-11-03T11:47:15.583Z] ✅ Enhanced Weighted Sap - Speed: 2.2, DPS: 7.7
[2025-11-03T11:47:15.585Z] 💾 Saved progress to turtle_db/items/weapons/1h-maces.json
[2025-11-03T11:47:17.586Z] 🔍 Enhancing item 2028: Hammer (169/318)
[2025-11-03T11:47:21.693Z] ✅ Enhanced Hammer - Speed: 2.4, DPS: 9.6
[2025-11-03T11:47:21.695Z] 💾 Saved progress to turtle_db/items/weapons/1h-maces.json
[2025-11-03T11:47:23.696Z] 🔍 Enhancing item 2048: Anvilmar Hammer (170/318)
[2025-11-03T11:47:27.883Z] ✅ Enhanced Anvilmar Hammer - Speed: 2.1, DPS: 2.1
[2025-11-03T11:47:27.884Z] 💾 Saved progress to turtle_db/items/weapons/1h-maces.json
[2025-11-03T11:47:29.886Z] 🔍 Enhancing item 2055: Small Wooden Hammer (171/318)
[2025-11-03T11:47:34.090Z] ✅ Enhanced Small Wooden Hammer - Speed: 1.9, DPS: 1.6
[2025-11-03T11:47:34.092Z] 💾 Saved progress to turtle_db/items/weapons/1h-maces.json
[2025-11-03T11:47:36.093Z] 🔍 Enhancing item 2130: Club (172/318)
[2025-11-03T11:47:40.336Z] ✅ Enhanced Club - Speed: 1.9, DPS: 1.1
[2025-11-03T11:47:40.338Z] 💾 Saved progress to turtle_db/items/weapons/1h-maces.json
[2025-11-03T11:47:42.339Z] 🔍 Enhancing item 2197: Dwarven Battle Loaf (173/318)
[2025-11-03T11:47:46.117Z] ✅ Enhanced Dwarven Battle Loaf - Speed: 2, DPS: 0.8
[2025-11-03T11:47:46.118Z] 💾 Saved progress to turtle_db/items/weapons/1h-maces.json
[2025-11-03T11:47:48.119Z] 🔍 Enhancing item 2259: Frostmane Club (174/318)
[2025-11-03T11:47:52.328Z] ✅ Enhanced Frostmane Club - Speed: 2, DPS: 3.3
[2025-11-03T11:47:52.330Z] 💾 Saved progress to turtle_db/items/weapons/1h-maces.json
[2025-11-03T11:47:54.331Z] 🔍 Enhancing item 2267: Stonesplinter Mace (175/318)
[2025-11-03T11:47:58.121Z] ✅ Enhanced Stonesplinter Mace - Speed: 2, DPS: 7.5
[2025-11-03T11:47:58.124Z] 💾 Saved progress to turtle_db/items/weapons/1h-maces.json
[2025-11-03T11:48:00.125Z] 🔍 Enhancing item 2485: Splintered Board (176/318)
[2025-11-03T11:48:04.294Z] ✅ Enhanced Splintered Board - Speed: 2, DPS: 1
[2025-11-03T11:48:04.295Z] 💾 Saved progress to turtle_db/items/weapons/1h-maces.json
[2025-11-03T11:48:06.297Z] 🔍 Enhancing item 2492: Cudgel (177/318)
[2025-11-03T11:48:10.609Z] ✅ Enhanced Cudgel - Speed: 1.8, DPS: 2.8
[2025-11-03T11:48:10.610Z] 💾 Saved progress to turtle_db/items/weapons/1h-maces.json
[2025-11-03T11:48:12.611Z] 🔍 Enhancing item 2500: Light Hammer (178/318)
[2025-11-03T11:48:16.779Z] ✅ Enhanced Light Hammer - Speed: 1.7, DPS: 2.6
[2025-11-03T11:48:16.781Z] 💾 Saved progress to turtle_db/items/weapons/1h-maces.json
[2025-11-03T11:48:18.782Z] 🔍 Enhancing item 2532: Morning Star (179/318)
[2025-11-03T11:48:23.033Z] ✅ Enhanced Morning Star - Speed: 1.9, DPS: 25.8
[2025-11-03T11:48:23.035Z] 💾 Saved progress to turtle_db/items/weapons/1h-maces.json
[2025-11-03T11:48:25.037Z] 🔍 Enhancing item 2844: Copper Mace (180/318)
[2025-11-03T11:48:29.159Z] ✅ Enhanced Copper Mace - Speed: 2.2, DPS: 3.9
[2025-11-03T11:48:29.162Z] 💾 Saved progress to turtle_db/items/weapons/1h-maces.json
[2025-11-03T11:48:31.164Z] 🔍 Enhancing item 2848: Bronze Mace (181/318)
[2025-11-03T11:48:35.340Z] ✅ Enhanced Bronze Mace - Speed: 2.6, DPS: 10
[2025-11-03T11:48:35.343Z] 💾 Saved progress to turtle_db/items/weapons/1h-maces.json
[2025-11-03T11:48:37.344Z] 🔍 Enhancing item 2884: Goblin's Party Fizzler (182/318)
[2025-11-03T11:48:41.426Z] ✅ Enhanced Goblin's Party Fizzler - Speed: 2, DPS: 0.8
[2025-11-03T11:48:41.429Z] 💾 Saved progress to turtle_db/items/weapons/1h-maces.json
[2025-11-03T11:48:43.431Z] 🔍 Enhancing item 3262: Putrid Wooden Hammer (183/318)
[2025-11-03T11:48:47.639Z] ✅ Enhanced Putrid Wooden Hammer - Speed: 2, DPS: 1
[2025-11-03T11:48:47.640Z] 💾 Saved progress to turtle_db/items/weapons/1h-maces.json
[2025-11-03T11:48:49.640Z] 🔍 Enhancing item 3269: Forsaken Maul (184/318)
[2025-11-03T11:48:53.735Z] ✅ Enhanced Forsaken Maul - Speed: 1.9, DPS: 1.8
[2025-11-03T11:48:53.738Z] 💾 Saved progress to turtle_db/items/weapons/1h-maces.json
[2025-11-03T11:48:55.740Z] 🔍 Enhancing item 3294: Deadman Club (185/318)
[2025-11-03T11:48:59.952Z] ✅ Enhanced Deadman Club - Speed: 1.8, DPS: 1.1
[2025-11-03T11:48:59.954Z] 💾 Saved progress to turtle_db/items/weapons/1h-maces.json
[2025-11-03T11:49:01.955Z] 🔍 Enhancing item 3329: Spiked Wooden Plank (186/318)
[2025-11-03T11:49:06.144Z] ✅ Enhanced Spiked Wooden Plank - Speed: 1.9, DPS: 4.7
[2025-11-03T11:49:06.146Z] 💾 Saved progress to turtle_db/items/weapons/1h-maces.json
[2025-11-03T11:49:08.147Z] 🔍 Enhancing item 4563: Billy Club (187/318)
[2025-11-03T11:49:19.691Z] ✅ Enhanced Billy Club - Speed: 2.2, DPS: 3.9
[2025-11-03T11:49:19.692Z] 💾 Saved progress to turtle_db/items/weapons/1h-maces.json
[2025-11-03T11:49:21.692Z] 🔍 Enhancing item 4924: Primitive Club (188/318)
[2025-11-03T11:49:25.770Z] ✅ Enhanced Primitive Club - Speed: 2.1, DPS: 2.1
[2025-11-03T11:49:25.772Z] 💾 Saved progress to turtle_db/items/weapons/1h-maces.json
[2025-11-03T11:49:27.772Z] 🔍 Enhancing item 4948: Stinging Mace (189/318)
[2025-11-03T11:49:31.861Z] ✅ Enhanced Stinging Mace - Speed: 2.3, DPS: 5.9
[2025-11-03T11:49:31.863Z] 💾 Saved progress to turtle_db/items/weapons/1h-maces.json
[2025-11-03T11:49:33.863Z] 🔍 Enhancing item 5580: Militia Hammer (190/318)
[2025-11-03T11:49:37.956Z] ✅ Enhanced Militia Hammer - Speed: 2.3, DPS: 2
[2025-11-03T11:49:37.958Z] 💾 Saved progress to turtle_db/items/weapons/1h-maces.json
[2025-11-03T11:49:39.959Z] 🔍 Enhancing item 5587: Thornroot Club (191/318)
[2025-11-03T11:49:44.122Z] ✅ Enhanced Thornroot Club - Speed: 2.1, DPS: 6.9
[2025-11-03T11:49:44.125Z] 💾 Saved progress to turtle_db/items/weapons/1h-maces.json
[2025-11-03T11:49:46.126Z] 🔍 Enhancing item 6360: Steelscale Crushfish (192/318)
[2025-11-03T11:49:50.253Z] ✅ Enhanced Steelscale Crushfish - Speed: 2.5, DPS: 12.8
[2025-11-03T11:49:50.255Z] 💾 Saved progress to turtle_db/items/weapons/1h-maces.json
[2025-11-03T11:49:52.256Z] 🔍 Enhancing item 6651: Broken Wine Bottle (193/318)
[2025-11-03T11:49:56.148Z] ✅ Enhanced Broken Wine Bottle - Speed: 1.7, DPS: 5.3
[2025-11-03T11:49:56.149Z] 💾 Saved progress to turtle_db/items/weapons/1h-maces.json
[2025-11-03T11:49:58.149Z] 🔍 Enhancing item 6982: Umbral Mace (194/318)
[2025-11-03T11:50:02.323Z] ✅ Enhanced Umbral Mace - Speed: 2.3, DPS: 7.6
[2025-11-03T11:50:02.325Z] 💾 Saved progress to turtle_db/items/weapons/1h-maces.json
[2025-11-03T11:50:04.326Z] 🔍 Enhancing item 7328: Thun'grim's Mace (195/318)
[2025-11-03T11:50:08.152Z] ✅ Enhanced Thun'grim's Mace - Speed: 2.3, DPS: 7.6
[2025-11-03T11:50:08.154Z] 💾 Saved progress to turtle_db/items/weapons/1h-maces.json
[2025-11-03T11:50:10.156Z] 🔍 Enhancing item 10544: Thistlewood Maul (196/318)
[2025-11-03T11:50:14.352Z] ✅ Enhanced Thistlewood Maul - Speed: 1.9, DPS: 1.8
[2025-11-03T11:50:14.355Z] 💾 Saved progress to turtle_db/items/weapons/1h-maces.json
[2025-11-03T11:50:16.356Z] 🔍 Enhancing item 11964: Swiftstrike Cudgel (197/318)
[2025-11-03T11:50:20.154Z] ✅ Enhanced Swiftstrike Cudgel - Speed: 1.6, DPS: 32.5
[2025-11-03T11:50:20.155Z] 💾 Saved progress to turtle_db/items/weapons/1h-maces.json
[2025-11-03T11:50:22.156Z] 🔍 Enhancing item 12792: Volcanic Hammer (198/318)
[2025-11-03T11:50:26.249Z] ✅ Enhanced Volcanic Hammer - Speed: 2.5, DPS: 34.6
[2025-11-03T11:50:26.251Z] 💾 Saved progress to turtle_db/items/weapons/1h-maces.json
[2025-11-03T11:50:28.252Z] 🔍 Enhancing item 17041: The Blazing Pan (199/318)
[2025-11-03T11:50:32.160Z] ✅ Enhanced The Blazing Pan - Speed: 2, DPS: 3.3
[2025-11-03T11:50:32.163Z] 💾 Saved progress to turtle_db/items/weapons/1h-maces.json
[2025-11-03T11:50:34.164Z] 🔍 Enhancing item 19292: Last Month's Mutton (200/318)
[2025-11-03T11:50:38.126Z] ✅ Enhanced Last Month's Mutton - Speed: 2.5, DPS: 16.6
[2025-11-03T11:50:38.127Z] 💾 Saved progress to turtle_db/items/weapons/1h-maces.json
[2025-11-03T11:50:40.128Z] 🔍 Enhancing item 19293: Last Year's Mutton (201/318)
[2025-11-03T11:50:44.164Z] ✅ Enhanced Last Year's Mutton - Speed: 2, DPS: 31.5
[2025-11-03T11:50:44.167Z] 💾 Saved progress to turtle_db/items/weapons/1h-maces.json
[2025-11-03T11:50:46.169Z] 🔍 Enhancing item 41669: Sweet Winter Cane (202/318)
[2025-11-03T11:50:50.416Z] ✅ Enhanced Sweet Winter Cane - Speed: 2, DPS: 0.8
[2025-11-03T11:50:50.419Z] 💾 Saved progress to turtle_db/items/weapons/1h-maces.json
[2025-11-03T11:50:52.420Z] 🔍 Enhancing item 60601: The Murloc Clubber (203/318)
[2025-11-03T11:50:56.165Z] ✅ Enhanced The Murloc Clubber - Speed: 2.6, DPS: 27.1
[2025-11-03T11:50:56.166Z] 💾 Saved progress to turtle_db/items/weapons/1h-maces.json
[2025-11-03T11:50:58.167Z] 🔍 Enhancing item 80500: Tempered Argus Mace (204/318)
[2025-11-03T11:51:02.262Z] ✅ Enhanced Tempered Argus Mace - Speed: 2.3, DPS: 8.3
[2025-11-03T11:51:02.264Z] 💾 Saved progress to turtle_db/items/weapons/1h-maces.json
[2025-11-03T11:51:04.266Z] 🔍 Enhancing item 80700: Tribal Trogg Club (205/318)
[2025-11-03T11:51:08.171Z] ✅ Enhanced Tribal Trogg Club - Speed: 2.3, DPS: 8.9
[2025-11-03T11:51:08.173Z] 💾 Saved progress to turtle_db/items/weapons/1h-maces.json
[2025-11-03T11:51:10.174Z] 🔍 Enhancing item 36: Worn Mace (206/318)
[2025-11-03T11:51:13.915Z] ✅ Enhanced Worn Mace - Speed: 1.9, DPS: 1.1
[2025-11-03T11:51:13.917Z] 💾 Saved progress to turtle_db/items/weapons/1h-maces.json
[2025-11-03T11:51:15.918Z] 🔍 Enhancing item 1117: Monster, Fishing Pole (207/318)
[2025-11-03T11:51:20.081Z] ⚠️ Could not enhance Monster, Fishing Pole - no speed/DPS data found
[2025-11-03T11:51:22.082Z] 🔍 Enhancing item 1415: Carpenter's Mallet (208/318)
[2025-11-03T11:51:26.186Z] ✅ Enhanced Carpenter's Mallet - Speed: 1.7, DPS: 2.9
[2025-11-03T11:51:26.188Z] 💾 Saved progress to turtle_db/items/weapons/1h-maces.json
[2025-11-03T11:51:28.189Z] 🔍 Enhancing item 1510: Heavy Hammer (209/318)
[2025-11-03T11:51:32.174Z] ✅ Enhanced Heavy Hammer - Speed: 2.4, DPS: 3.8
[2025-11-03T11:51:32.176Z] 💾 Saved progress to turtle_db/items/weapons/1h-maces.json
[2025-11-03T11:51:34.176Z] 🔍 Enhancing item 1823: Bludgeoning Cudgel (210/318)
[2025-11-03T11:51:38.394Z] ✅ Enhanced Bludgeoning Cudgel - Speed: 1.8, DPS: 6.7
[2025-11-03T11:51:38.395Z] 💾 Saved progress to turtle_db/items/weapons/1h-maces.json
[2025-11-03T11:51:40.396Z] 🔍 Enhancing item 1825: Bulky Bludgeon (211/318)
[2025-11-03T11:51:44.182Z] ✅ Enhanced Bulky Bludgeon - Speed: 2.8, DPS: 8.8
[2025-11-03T11:51:44.184Z] 💾 Saved progress to turtle_db/items/weapons/1h-maces.json
[2025-11-03T11:51:46.186Z] 🔍 Enhancing item 1901: Monster - Mace, Basic Stone Hammer (212/318)
[2025-11-03T11:51:50.355Z] ✅ Enhanced Monster - Mace, Basic Stone Hammer - Speed: 2, DPS: 0.8
[2025-11-03T11:51:50.357Z] 💾 Saved progress to turtle_db/items/weapons/1h-maces.json
[2025-11-03T11:51:52.357Z] 🔍 Enhancing item 1902: Monster - Mace, Basic Wooden Hammer (213/318)
[2025-11-03T11:51:56.183Z] ✅ Enhanced Monster - Mace, Basic Wooden Hammer - Speed: 2, DPS: 0.8
[2025-11-03T11:51:56.185Z] 💾 Saved progress to turtle_db/items/weapons/1h-maces.json
[2025-11-03T11:51:58.186Z] 🔍 Enhancing item 1903: Monster - Mace, Basic Metal Hammer (214/318)
[2025-11-03T11:52:02.356Z] ✅ Enhanced Monster - Mace, Basic Metal Hammer - Speed: 2, DPS: 0.8
[2025-11-03T11:52:02.358Z] 💾 Saved progress to turtle_db/items/weapons/1h-maces.json
[2025-11-03T11:52:04.359Z] 🔍 Enhancing item 2064: Trogg Club (215/318)
[2025-11-03T11:52:08.186Z] ✅ Enhanced Trogg Club - Speed: 2, DPS: 4.8
[2025-11-03T11:52:08.188Z] 💾 Saved progress to turtle_db/items/weapons/1h-maces.json
[2025-11-03T11:52:10.189Z] 🔍 Enhancing item 2182: Monster - Mace, Ornate Metal Hammer (216/318)
[2025-11-03T11:52:14.365Z] ✅ Enhanced Monster - Mace, Ornate Metal Hammer - Speed: 2, DPS: 0.8
[2025-11-03T11:52:14.366Z] 💾 Saved progress to turtle_db/items/weapons/1h-maces.json
[2025-11-03T11:52:16.367Z] 🔍 Enhancing item 2196: Monster, Mutton (217/318)
[2025-11-03T11:52:20.191Z] ✅ Enhanced Monster, Mutton - Speed: 2, DPS: 0.8
[2025-11-03T11:52:20.192Z] 💾 Saved progress to turtle_db/items/weapons/1h-maces.json
[2025-11-03T11:52:22.194Z] 🔍 Enhancing item 2202: Monster, Mutton with Bite (218/318)
[2025-11-03T11:52:26.245Z] ✅ Enhanced Monster, Mutton with Bite - Speed: 2, DPS: 0.8
[2025-11-03T11:52:26.248Z] 💾 Saved progress to turtle_db/items/weapons/1h-maces.json
[2025-11-03T11:52:28.250Z] 🔍 Enhancing item 2524: Truncheon (219/318)
[2025-11-03T11:52:32.196Z] ✅ Enhanced Truncheon - Speed: 2.5, DPS: 16.6
[2025-11-03T11:52:32.199Z] 💾 Saved progress to turtle_db/items/weapons/1h-maces.json
[2025-11-03T11:52:34.200Z] 🔍 Enhancing item 2558: Monster - Mace, Good Wooden Hammer (220/318)
[2025-11-03T11:52:38.356Z] ✅ Enhanced Monster - Mace, Good Wooden Hammer - Speed: 2, DPS: 0.8
[2025-11-03T11:52:38.358Z] 💾 Saved progress to turtle_db/items/weapons/1h-maces.json
[2025-11-03T11:52:40.358Z] 🔍 Enhancing item 2695: Monster - Mace, Spiked Club (221/318)
[2025-11-03T11:52:44.197Z] ✅ Enhanced Monster - Mace, Spiked Club - Speed: 2, DPS: 0.8
[2025-11-03T11:52:44.198Z] 💾 Saved progress to turtle_db/items/weapons/1h-maces.json
[2025-11-03T11:52:46.199Z] 🔍 Enhancing item 2809: Monster - Mace, Spiked Basic (222/318)
[2025-11-03T11:52:50.367Z] ✅ Enhanced Monster - Mace, Spiked Basic - Speed: 2, DPS: 0.8
[2025-11-03T11:52:50.370Z] 💾 Saved progress to turtle_db/items/weapons/1h-maces.json
[2025-11-03T11:52:52.371Z] 🔍 Enhancing item 2810: Monster - Mace, Standard Serpent (223/318)
[2025-11-03T11:52:56.202Z] ✅ Enhanced Monster - Mace, Standard Serpent - Speed: 2, DPS: 0.8
[2025-11-03T11:52:56.203Z] 💾 Saved progress to turtle_db/items/weapons/1h-maces.json
[2025-11-03T11:52:58.203Z] 🔍 Enhancing item 2813: Monster - Mace, Standard Basic (224/318)
[2025-11-03T11:53:02.050Z] ✅ Enhanced Monster - Mace, Standard Basic - Speed: 2, DPS: 0.8
[2025-11-03T11:53:02.052Z] 💾 Saved progress to turtle_db/items/weapons/1h-maces.json
[2025-11-03T11:53:04.054Z] 🔍 Enhancing item 3350: Monster, Bone (225/318)
[2025-11-03T11:53:08.208Z] ⚠️ Could not enhance Monster, Bone - no speed/DPS data found
[2025-11-03T11:53:10.209Z] 🔍 Enhancing item 3361: Monster - Mace, Spiked Heavy (226/318)
[2025-11-03T11:53:14.363Z] ✅ Enhanced Monster - Mace, Spiked Heavy - Speed: 2, DPS: 0.8
[2025-11-03T11:53:14.364Z] 💾 Saved progress to turtle_db/items/weapons/1h-maces.json
[2025-11-03T11:53:16.364Z] 🔍 Enhancing item 3774: Monster - Dynamite, Unlit (227/318)
[2025-11-03T11:53:20.211Z] ✅ Enhanced Monster - Dynamite, Unlit - Speed: 2, DPS: 0.8
[2025-11-03T11:53:20.213Z] 💾 Saved progress to turtle_db/items/weapons/1h-maces.json
[2025-11-03T11:53:22.213Z] 🔍 Enhancing item 4021: Blunting Mace (228/318)
[2025-11-03T11:53:28.086Z] ✅ Enhanced Blunting Mace - Speed: 2.1, DPS: 16.4
[2025-11-03T11:53:28.088Z] 💾 Saved progress to turtle_db/items/weapons/1h-maces.json
[2025-11-03T11:53:30.089Z] 🔍 Enhancing item 4993: Monster, Skull (229/318)
[2025-11-03T11:53:34.252Z] ✅ Enhanced Monster, Skull - Speed: 2, DPS: 0.8
[2025-11-03T11:53:34.254Z] 💾 Saved progress to turtle_db/items/weapons/1h-maces.json
[2025-11-03T11:53:36.255Z] 🔍 Enhancing item 5291: Monster - Mace, Jeweled Club (230/318)
[2025-11-03T11:53:40.217Z] ✅ Enhanced Monster - Mace, Jeweled Club - Speed: 2.2, DPS: 0.7
[2025-11-03T11:53:40.218Z] 💾 Saved progress to turtle_db/items/weapons/1h-maces.json
[2025-11-03T11:53:42.219Z] 🔍 Enhancing item 6334: Monster - Mace, Green (231/318)
[2025-11-03T11:53:46.400Z] ✅ Enhanced Monster - Mace, Green - Speed: 2, DPS: 0.8
[2025-11-03T11:53:46.402Z] 💾 Saved progress to turtle_db/items/weapons/1h-maces.json
[2025-11-03T11:53:48.403Z] 🔍 Enhancing item 9659: Monster - Mace, Tauren Spiked (232/318)
[2025-11-03T11:53:52.223Z] ✅ Enhanced Monster - Mace, Tauren Spiked - Speed: 2, DPS: 0.8
[2025-11-03T11:53:52.225Z] 💾 Saved progress to turtle_db/items/weapons/1h-maces.json
[2025-11-03T11:53:54.226Z] 🔍 Enhancing item 10591: Monster - Mace, Stormhammer (233/318)
[2025-11-03T11:53:58.225Z] ✅ Enhanced Monster - Mace, Stormhammer - Speed: 2, DPS: 0.8
[2025-11-03T11:53:58.226Z] 💾 Saved progress to turtle_db/items/weapons/1h-maces.json
[2025-11-03T11:54:00.227Z] 🔍 Enhancing item 11264: Monster - Mace, Baron Silverlaine (234/318)
[2025-11-03T11:54:04.231Z] ✅ Enhanced Monster - Mace, Baron Silverlaine - Speed: 2, DPS: 0.8
[2025-11-03T11:54:04.233Z] 💾 Saved progress to turtle_db/items/weapons/1h-maces.json
[2025-11-03T11:54:06.234Z] 🔍 Enhancing item 11369: Monster - Mace, Thaurissan Hammer (235/318)
[2025-11-03T11:54:10.120Z] ✅ Enhanced Monster - Mace, Thaurissan Hammer - Speed: 2, DPS: 0.8
[2025-11-03T11:54:10.123Z] 💾 Saved progress to turtle_db/items/weapons/1h-maces.json
[2025-11-03T11:54:12.124Z] 🔍 Enhancing item 11383: Monster - Mace, Green Scepter (236/318)
[2025-11-03T11:54:16.202Z] ✅ Enhanced Monster - Mace, Green Scepter - Speed: 2, DPS: 0.8
[2025-11-03T11:54:16.204Z] 💾 Saved progress to turtle_db/items/weapons/1h-maces.json
[2025-11-03T11:54:18.205Z] 🔍 Enhancing item 11411: Large Bear Bone (237/318)
[2025-11-03T11:54:22.211Z] ✅ Enhanced Large Bear Bone - Speed: 2.4, DPS: 8.8
[2025-11-03T11:54:22.214Z] 💾 Saved progress to turtle_db/items/weapons/1h-maces.json
[2025-11-03T11:54:24.215Z] 🔍 Enhancing item 12786: Monster - Mace, Horde Skull Club (238/318)
[2025-11-03T11:54:28.244Z] ✅ Enhanced Monster - Mace, Horde Skull Club - Speed: 2, DPS: 0.8
[2025-11-03T11:54:28.245Z] 💾 Saved progress to turtle_db/items/weapons/1h-maces.json
[2025-11-03T11:54:30.247Z] 🔍 Enhancing item 12787: Monster - Mace, Horde Bone Claw Hammer (239/318)
[2025-11-03T11:54:34.246Z] ✅ Enhanced Monster - Mace, Horde Bone Claw Hammer - Speed: 2, DPS: 0.8
[2025-11-03T11:54:34.247Z] 💾 Saved progress to turtle_db/items/weapons/1h-maces.json
[2025-11-03T11:54:36.248Z] 🔍 Enhancing item 12788: Monster - Mace, Horde Bone Spike Hammer (240/318)
[2025-11-03T11:54:40.251Z] ✅ Enhanced Monster - Mace, Horde Bone Spike Hammer - Speed: 2, DPS: 0.8
[2025-11-03T11:54:40.254Z] 💾 Saved progress to turtle_db/items/weapons/1h-maces.json
[2025-11-03T11:54:42.255Z] 🔍 Enhancing item 12934: Monster - Mace, Maul B03 Red (241/318)
[2025-11-03T11:54:46.023Z] ✅ Enhanced Monster - Mace, Maul B03 Red - Speed: 2, DPS: 0.8
[2025-11-03T11:54:46.025Z] 💾 Saved progress to turtle_db/items/weapons/1h-maces.json
[2025-11-03T11:54:48.026Z] 🔍 Enhancing item 13220: Monster, Holy Symbol (242/318)
[2025-11-03T11:54:52.110Z] ✅ Enhanced Monster, Holy Symbol - Speed: 2, DPS: 0.8
[2025-11-03T11:54:52.113Z] 💾 Saved progress to turtle_db/items/weapons/1h-maces.json
[2025-11-03T11:54:54.114Z] 🔍 Enhancing item 13312: Monster - Mace, Hammer Gold Orange (243/318)
[2025-11-03T11:54:58.209Z] ✅ Enhanced Monster - Mace, Hammer Gold Orange - Speed: 2, DPS: 0.8
[2025-11-03T11:54:58.212Z] 💾 Saved progress to turtle_db/items/weapons/1h-maces.json
[2025-11-03T11:55:00.213Z] 🔍 Enhancing item 13820: Clout Mace (244/318)
[2025-11-03T11:55:04.264Z] ✅ Enhanced Clout Mace - Speed: 2.3, DPS: 19.3
[2025-11-03T11:55:04.265Z] 💾 Saved progress to turtle_db/items/weapons/1h-maces.json
[2025-11-03T11:55:06.266Z] 🔍 Enhancing item 13894: Monster - Mace, Standard B01 White (245/318)
[2025-11-03T11:55:10.269Z] ✅ Enhanced Monster - Mace, Standard B01 White - Speed: 2, DPS: 0.8
[2025-11-03T11:55:10.271Z] 💾 Saved progress to turtle_db/items/weapons/1h-maces.json
[2025-11-03T11:55:12.273Z] 🔍 Enhancing item 14533: Monster - Mace, Hammer Blue Mighty (246/318)
[2025-11-03T11:55:16.273Z] ✅ Enhanced Monster - Mace, Hammer Blue Mighty - Speed: 2, DPS: 0.8
[2025-11-03T11:55:16.275Z] 💾 Saved progress to turtle_db/items/weapons/1h-maces.json
[2025-11-03T11:55:18.276Z] 🔍 Enhancing item 14575: Monster - Mace, Bashguud's Hammer (247/318)
[2025-11-03T11:55:21.935Z] ✅ Enhanced Monster - Mace, Bashguud's Hammer - Speed: 2, DPS: 0.8
[2025-11-03T11:55:21.936Z] 💾 Saved progress to turtle_db/items/weapons/1h-maces.json
[2025-11-03T11:55:23.937Z] 🔍 Enhancing item 17040: Monster - Mace, Frying Pan (248/318)
[2025-11-03T11:55:28.036Z] ✅ Enhanced Monster - Mace, Frying Pan - Speed: 2, DPS: 0.8
[2025-11-03T11:55:28.038Z] 💾 Saved progress to turtle_db/items/weapons/1h-maces.json
[2025-11-03T11:55:30.038Z] 🔍 Enhancing item 19916: Monster - Mace, Standard Serpent Green (249/318)
[2025-11-03T11:55:34.122Z] ✅ Enhanced Monster - Mace, Standard Serpent Green - Speed: 2, DPS: 0.8
[2025-11-03T11:55:34.125Z] 💾 Saved progress to turtle_db/items/weapons/1h-maces.json
[2025-11-03T11:55:36.127Z] 🔍 Enhancing item 20738: Monster - Mace, Scepter of the Shifting Sands (250/318)
[2025-11-03T11:55:40.285Z] ✅ Enhanced Monster - Mace, Scepter of the Shifting Sands - Speed: 1, DPS: 1
[2025-11-03T11:55:40.286Z] 💾 Saved progress to turtle_db/items/weapons/1h-maces.json
[2025-11-03T11:55:42.287Z] 🔍 Enhancing item 22213: Monster - Mace, Hand of Edward the Odd (251/318)
[2025-11-03T11:55:46.287Z] ✅ Enhanced Monster - Mace, Hand of Edward the Odd - Speed: 2, DPS: 0.8
[2025-11-03T11:55:46.288Z] 💾 Saved progress to turtle_db/items/weapons/1h-maces.json
[2025-11-03T11:55:48.290Z] 🔍 Enhancing item 22341: Monster - Mace, Horde A04 Pale - Bone Wrench (252/318)
[2025-11-03T11:55:52.294Z] ✅ Enhanced Monster - Mace, Horde A04 Pale - Bone Wrench - Speed: 2, DPS: 0.8
[2025-11-03T11:55:52.296Z] 💾 Saved progress to turtle_db/items/weapons/1h-maces.json
[2025-11-03T11:55:54.297Z] 🔍 Enhancing item 41852: Monster - Mace, Red Jenny (253/318)
[2025-11-03T11:55:58.294Z] ✅ Enhanced Monster - Mace, Red Jenny - Speed: 2, DPS: 0.8
[2025-11-03T11:55:58.296Z] 💾 Saved progress to turtle_db/items/weapons/1h-maces.json
[2025-11-03T11:56:00.297Z] 🔍 Enhancing item 58245: Monster - Dummy One-Handed Mace (254/318)
[2025-11-03T11:56:04.298Z] ✅ Enhanced Monster - Dummy One-Handed Mace - Speed: 2, DPS: 0.8
[2025-11-03T11:56:04.300Z] 💾 Saved progress to turtle_db/items/weapons/1h-maces.json
[2025-11-03T11:56:06.301Z] 🔍 Enhancing item 1815: Ornamental Mace (255/318)
[2025-11-03T11:56:15.998Z] ✅ Enhanced Ornamental Mace - Speed: 2.8, DPS: 5.2
[2025-11-03T11:56:16.001Z] 💾 Saved progress to turtle_db/items/weapons/1h-maces.json
[2025-11-03T11:56:18.002Z] 🔍 Enhancing item 1906: Monster - Torch (256/318)
[2025-11-03T11:56:22.194Z] ✅ Enhanced Monster - Torch - Speed: 2, DPS: 0.8
[2025-11-03T11:56:22.197Z] 💾 Saved progress to turtle_db/items/weapons/1h-maces.json
[2025-11-03T11:56:24.198Z] 🔍 Enhancing item 1911: Monster - Tool, Wrench Small (257/318)
[2025-11-03T11:56:28.309Z] ✅ Enhanced Monster - Tool, Wrench Small - Speed: 2, DPS: 0.8
[2025-11-03T11:56:28.311Z] 💾 Saved progress to turtle_db/items/weapons/1h-maces.json
[2025-11-03T11:56:30.312Z] 🔍 Enhancing item 2056: The Velvet Hammer (258/318)
[2025-11-03T11:56:34.175Z] ✅ Enhanced The Velvet Hammer - Speed: 2, DPS: 3.3
[2025-11-03T11:56:34.178Z] 💾 Saved progress to turtle_db/items/weapons/1h-maces.json
[2025-11-03T11:56:36.179Z] 🔍 Enhancing item 3044: OLDMonster - Mace, Standard Basic Offhand (259/318)
[2025-11-03T11:56:40.318Z] ✅ Enhanced OLDMonster - Mace, Standard Basic Offhand - Speed: 2, DPS: 0.8
[2025-11-03T11:56:40.320Z] 💾 Saved progress to turtle_db/items/weapons/1h-maces.json
[2025-11-03T11:56:42.321Z] 🔍 Enhancing item 3787: Stone Club (260/318)
[2025-11-03T11:56:59.415Z] ✅ Enhanced Stone Club - Speed: 2.2, DPS: 13.2
[2025-11-03T11:56:59.415Z] 💾 Saved progress to turtle_db/items/weapons/1h-maces.json
[2025-11-03T11:57:01.416Z] 🔍 Enhancing item 5495: Monster - Mace2H, Large Metal (1H, Special) (261/318)
[2025-11-03T11:57:05.586Z] ✅ Enhanced Monster - Mace2H, Large Metal (1H, Special) - Speed: 2, DPS: 0.8
[2025-11-03T11:57:05.587Z] 💾 Saved progress to turtle_db/items/weapons/1h-maces.json
[2025-11-03T11:57:07.588Z] 🔍 Enhancing item 6196: Noboru's Truncheon (262/318)
[2025-11-03T11:57:11.684Z] ✅ Enhanced Noboru's Truncheon - Speed: 2.1, DPS: 10.5
[2025-11-03T11:57:11.686Z] 💾 Saved progress to turtle_db/items/weapons/1h-maces.json
[2025-11-03T11:57:13.688Z] 🔍 Enhancing item 6618: Monster - Orb (263/318)
[2025-11-03T11:57:17.771Z] ⚠️ Could not enhance Monster - Orb - no speed/DPS data found
[2025-11-03T11:57:19.772Z] 🔍 Enhancing item 12183: Monster - Mace, Thrall's Hammer (264/318)
[2025-11-03T11:57:23.854Z] ✅ Enhanced Monster - Mace, Thrall's Hammer - Speed: 2, DPS: 0.8
[2025-11-03T11:57:23.855Z] 💾 Saved progress to turtle_db/items/weapons/1h-maces.json
[2025-11-03T11:57:25.856Z] 🔍 Enhancing item 12883: Monster - Mace, Thaurissan Silver (265/318)
[2025-11-03T11:57:29.989Z] ✅ Enhanced Monster - Mace, Thaurissan Silver - Speed: 2, DPS: 0.8
[2025-11-03T11:57:29.992Z] 💾 Saved progress to turtle_db/items/weapons/1h-maces.json
[2025-11-03T11:57:31.993Z] 🔍 Enhancing item 19404: Monster - Mace, The Hand of Nefarius (266/318)
[2025-11-03T11:57:36.080Z] ✅ Enhanced Monster - Mace, The Hand of Nefarius - Speed: 2, DPS: 0.8
[2025-11-03T11:57:36.082Z] 💾 Saved progress to turtle_db/items/weapons/1h-maces.json
[2025-11-03T11:57:38.084Z] 🔍 Enhancing item 22724: Monster - Mace1H, Korth'azz (267/318)
[2025-11-03T11:57:42.164Z] ✅ Enhanced Monster - Mace1H, Korth'azz - Speed: 2.9, DPS: 0.7
[2025-11-03T11:57:42.165Z] 💾 Saved progress to turtle_db/items/weapons/1h-maces.json
[2025-11-03T11:57:44.165Z] 🔍 Enhancing item 23583: Monster - Sir Zeliek (268/318)
[2025-11-03T11:57:48.248Z] ✅ Enhanced Monster - Sir Zeliek - Speed: 2, DPS: 0.8
[2025-11-03T11:57:48.251Z] 💾 Saved progress to turtle_db/items/weapons/1h-maces.json
[2025-11-03T11:57:50.254Z] 🔍 Enhancing item 15264: Backbreaker (269/318)
[2025-11-03T11:57:54.335Z] ✅ Enhanced Backbreaker - Speed: 3.1, DPS: 43.4
[2025-11-03T11:57:54.338Z] 💾 Saved progress to turtle_db/items/weapons/1h-maces.json
[2025-11-03T11:57:56.339Z] 🔍 Enhancing item 1264: Headbasher (270/318)
[2025-11-03T11:58:00.438Z] ✅ Enhanced Headbasher - Speed: 2.3, DPS: 17.6
[2025-11-03T11:58:00.439Z] 💾 Saved progress to turtle_db/items/weapons/1h-maces.json
[2025-11-03T11:58:02.440Z] 🔍 Enhancing item 5293: Monster - Mace2H, Wood Handle Spiked Head (271/318)
[2025-11-03T11:58:06.340Z] ✅ Enhanced Monster - Mace2H, Wood Handle Spiked Head - Speed: 2.6, DPS: 1
[2025-11-03T11:58:06.343Z] 💾 Saved progress to turtle_db/items/weapons/1h-maces.json
[2025-11-03T11:58:08.344Z] 🔍 Enhancing item 5300: Monster - Mace2H, Wood Handle Large Spiked Head (272/318)
[2025-11-03T11:58:12.517Z] ✅ Enhanced Monster - Mace2H, Wood Handle Large Spiked Head - Speed: 3.7, DPS: 0.8
[2025-11-03T11:58:12.519Z] 💾 Saved progress to turtle_db/items/weapons/1h-maces.json
[2025-11-03T11:58:14.520Z] 🔍 Enhancing item 7706: Monster - Mace2H, Special NPC (Mograine) (273/318)
[2025-11-03T11:58:18.342Z] ✅ Enhanced Monster - Mace2H, Special NPC (Mograine) - Speed: 2, DPS: 0.8
[2025-11-03T11:58:18.343Z] 💾 Saved progress to turtle_db/items/weapons/1h-maces.json
[2025-11-03T11:58:20.343Z] 🔍 Enhancing item 21268: Blessed Qiraji War Hammer (274/318)
[2025-11-03T11:58:24.438Z] ✅ Enhanced Blessed Qiraji War Hammer - Speed: 2.1, DPS: 60.7
[2025-11-03T11:58:24.440Z] 💾 Saved progress to turtle_db/items/weapons/1h-maces.json
[2025-11-03T11:58:26.441Z] 🔍 Enhancing item 21398: Hammer of the Gathering Storm (275/318)
[2025-11-03T11:58:30.346Z] ✅ Enhanced Hammer of the Gathering Storm - Speed: 2.4, DPS: 41.5
[2025-11-03T11:58:30.348Z] 💾 Saved progress to turtle_db/items/weapons/1h-maces.json
[2025-11-03T11:58:32.349Z] 🔍 Enhancing item 21407: Mace of Unending Life (276/318)
[2025-11-03T11:58:36.442Z] ✅ Enhanced Mace of Unending Life - Speed: 2.6, DPS: 55.4
[2025-11-03T11:58:36.442Z] 💾 Saved progress to turtle_db/items/weapons/1h-maces.json
[2025-11-03T11:58:38.444Z] 🔍 Enhancing item 21410: Gavel of Infinite Wisdom (277/318)
[2025-11-03T11:58:42.349Z] ✅ Enhanced Gavel of Infinite Wisdom - Speed: 2.7, DPS: 41.5
[2025-11-03T11:58:42.351Z] 💾 Saved progress to turtle_db/items/weapons/1h-maces.json
[2025-11-03T11:58:44.353Z] 🔍 Enhancing item 21466: Stinger of Ayamiss (278/318)
[2025-11-03T11:58:48.460Z] ✅ Enhanced Stinger of Ayamiss - Speed: 2.4, DPS: 41.6
[2025-11-03T11:58:48.465Z] 💾 Saved progress to turtle_db/items/weapons/1h-maces.json
[2025-11-03T11:58:50.466Z] 🔍 Enhancing item 21715: Sand Polished Hammer (279/318)
[2025-11-03T11:58:54.148Z] ✅ Enhanced Sand Polished Hammer - Speed: 2.6, DPS: 53.5
[2025-11-03T11:58:54.149Z] 💾 Saved progress to turtle_db/items/weapons/1h-maces.json
[2025-11-03T11:58:56.150Z] 🔍 Enhancing item 21837: Anubisath Warhammer (280/318)
[2025-11-03T11:59:00.295Z] ✅ Enhanced Anubisath Warhammer - Speed: 1.8, DPS: 52.5
[2025-11-03T11:59:00.297Z] 💾 Saved progress to turtle_db/items/weapons/1h-maces.json
[2025-11-03T11:59:02.299Z] 🔍 Enhancing item 21839: Scepter of the False Prophet (281/318)
[2025-11-03T11:59:06.354Z] ✅ Enhanced Scepter of the False Prophet - Speed: 1.8, DPS: 41.6
[2025-11-03T11:59:06.357Z] 💾 Saved progress to turtle_db/items/weapons/1h-maces.json
[2025-11-03T11:59:08.357Z] 🔍 Enhancing item 22384: Persuader (282/318)
[2025-11-03T11:59:12.442Z] ✅ Enhanced Persuader - Speed: 2.7, DPS: 45.7
[2025-11-03T11:59:12.444Z] 💾 Saved progress to turtle_db/items/weapons/1h-maces.json
[2025-11-03T11:59:14.444Z] 🔍 Enhancing item 22808: The Castigator (283/318)
[2025-11-03T11:59:18.360Z] ✅ Enhanced The Castigator - Speed: 2.8, DPS: 65.5
[2025-11-03T11:59:18.363Z] 💾 Saved progress to turtle_db/items/weapons/1h-maces.json
[2025-11-03T11:59:20.364Z] 🔍 Enhancing item 22942: The Widow's Embrace (284/318)
[2025-11-03T11:59:24.516Z] ✅ Enhanced The Widow's Embrace - Speed: 1.9, DPS: 41.6
[2025-11-03T11:59:24.519Z] 💾 Saved progress to turtle_db/items/weapons/1h-maces.json
[2025-11-03T11:59:26.519Z] 🔍 Enhancing item 22988: The End of Dreams (285/318)
[2025-11-03T11:59:30.364Z] ✅ Enhanced The End of Dreams - Speed: 1.9, DPS: 43.2
[2025-11-03T11:59:30.367Z] 💾 Saved progress to turtle_db/items/weapons/1h-maces.json
[2025-11-03T11:59:32.367Z] 🔍 Enhancing item 23056: Hammer of the Twisting Nether (286/318)
[2025-11-03T11:59:36.456Z] ✅ Enhanced Hammer of the Twisting Nether - Speed: 1.9, DPS: 41.1
[2025-11-03T11:59:36.459Z] 💾 Saved progress to turtle_db/items/weapons/1h-maces.json
[2025-11-03T11:59:38.460Z] 🔍 Enhancing item 23221: Misplaced Servo Arm (287/318)
[2025-11-03T11:59:42.366Z] ✅ Enhanced Misplaced Servo Arm - Speed: 2.8, DPS: 59.5
[2025-11-03T11:59:42.367Z] 💾 Saved progress to turtle_db/items/weapons/1h-maces.json
[2025-11-03T11:59:44.368Z] 🔍 Enhancing item 23454: Grand Marshal's Warhammer (288/318)
[2025-11-03T11:59:48.460Z] ✅ Enhanced Grand Marshal's Warhammer - Speed: 2.9, DPS: 42.4
[2025-11-03T11:59:48.462Z] 💾 Saved progress to turtle_db/items/weapons/1h-maces.json
[2025-11-03T11:59:50.464Z] 🔍 Enhancing item 23464: High Warlord's Battle Mace (289/318)
[2025-11-03T11:59:54.371Z] ✅ Enhanced High Warlord's Battle Mace - Speed: 2.9, DPS: 42.4
[2025-11-03T11:59:54.376Z] 💾 Saved progress to turtle_db/items/weapons/1h-maces.json
[2025-11-03T11:59:56.377Z] 🔍 Enhancing item 55041: Wildhammer Stormcaller (290/318)
[2025-11-03T12:00:00.448Z] ✅ Enhanced Wildhammer Stormcaller - Speed: 2.4, DPS: 49
[2025-11-03T12:00:00.449Z] 💾 Saved progress to turtle_db/items/weapons/1h-maces.json
[2025-11-03T12:00:02.450Z] 🔍 Enhancing item 55128: Comet Signaller (291/318)
[2025-11-03T12:00:06.166Z] ✅ Enhanced Comet Signaller - Speed: 2.3, DPS: 43.3
[2025-11-03T12:00:06.168Z] 💾 Saved progress to turtle_db/items/weapons/1h-maces.json
[2025-11-03T12:00:08.170Z] 🔍 Enhancing item 55276: Forgotten Raven's Mallet (292/318)
[2025-11-03T12:00:12.248Z] ✅ Enhanced Forgotten Raven's Mallet - Speed: 2.7, DPS: 71.7
[2025-11-03T12:00:12.250Z] 💾 Saved progress to turtle_db/items/weapons/1h-maces.json
[2025-11-03T12:00:14.250Z] 🔍 Enhancing item 55347: Thunderfall, Stormhammer of the Chief Thane (293/318)
[2025-11-03T12:00:18.339Z] ✅ Enhanced Thunderfall, Stormhammer of the Chief Thane - Speed: 2.8, DPS: 80.9
[2025-11-03T12:00:18.340Z] 💾 Saved progress to turtle_db/items/weapons/1h-maces.json
[2025-11-03T12:00:20.341Z] 🔍 Enhancing item 55555: Ivonor, Maiden's Mallet (294/318)
[2025-11-03T12:00:24.430Z] ✅ Enhanced Ivonor, Maiden's Mallet - Speed: 2.2, DPS: 43.6
[2025-11-03T12:00:24.432Z] 💾 Saved progress to turtle_db/items/weapons/1h-maces.json
[2025-11-03T12:00:26.433Z] 🔍 Enhancing item 58214: Modrag'zan, Heart of the Mountain (295/318)
[2025-11-03T12:00:30.380Z] ✅ Enhanced Modrag'zan, Heart of the Mountain - Speed: 2.8, DPS: 48
[2025-11-03T12:00:30.383Z] 💾 Saved progress to turtle_db/items/weapons/1h-maces.json
[2025-11-03T12:00:32.384Z] 🔍 Enhancing item 61237: Mallet of the Awakening (296/318)
[2025-11-03T12:00:36.463Z] ✅ Enhanced Mallet of the Awakening - Speed: 1.8, DPS: 60
[2025-11-03T12:00:36.465Z] 💾 Saved progress to turtle_db/items/weapons/1h-maces.json
[2025-11-03T12:00:38.466Z] 🔍 Enhancing item 61295: Dawnstone Bludgeon (297/318)
[2025-11-03T12:00:42.384Z] ✅ Enhanced Dawnstone Bludgeon - Speed: 2.4, DPS: 44.8
[2025-11-03T12:00:42.385Z] 💾 Saved progress to turtle_db/items/weapons/1h-maces.json
[2025-11-03T12:00:44.387Z] 🔍 Enhancing item 61651: Jadestone Mallet (298/318)
[2025-11-03T12:00:48.472Z] ✅ Enhanced Jadestone Mallet - Speed: 2.3, DPS: 41.5
[2025-11-03T12:00:48.474Z] 💾 Saved progress to turtle_db/items/weapons/1h-maces.json
[2025-11-03T12:00:50.475Z] 🔍 Enhancing item 80798: Charged Servo Arm (299/318)
[2025-11-03T12:00:54.388Z] ✅ Enhanced Charged Servo Arm - Speed: 2.4, DPS: 17.5
[2025-11-03T12:00:54.390Z] 💾 Saved progress to turtle_db/items/weapons/1h-maces.json
[2025-11-03T12:00:56.391Z] 🔍 Enhancing item 84600: Blackthorn's Blackjack (300/318)
[2025-11-03T12:01:00.482Z] ✅ Enhanced Blackthorn's Blackjack - Speed: 2.8, DPS: 47
[2025-11-03T12:01:00.483Z] 💾 Saved progress to turtle_db/items/weapons/1h-maces.json
[2025-11-03T12:01:02.485Z] 🔍 Enhancing item 936: Midnight Mace (301/318)
[2025-11-03T12:01:06.393Z] ✅ Enhanced Midnight Mace - Speed: 2.5, DPS: 28
[2025-11-03T12:01:06.394Z] 💾 Saved progress to turtle_db/items/weapons/1h-maces.json
[2025-11-03T12:01:08.395Z] 🔍 Enhancing item 1483: Face Smasher (302/318)
[2025-11-03T12:01:12.465Z] ✅ Enhanced Face Smasher - Speed: 2.6, DPS: 14
[2025-11-03T12:01:12.466Z] 💾 Saved progress to turtle_db/items/weapons/1h-maces.json
[2025-11-03T12:01:14.466Z] 🔍 Enhancing item 2194: Diamond Hammer (303/318)
[2025-11-03T12:01:18.185Z] ✅ Enhanced Diamond Hammer - Speed: 2.5, DPS: 16.2
[2025-11-03T12:01:18.187Z] 💾 Saved progress to turtle_db/items/weapons/1h-maces.json
[2025-11-03T12:01:20.189Z] 🔍 Enhancing item 2816: Death Speaker Scepter (304/318)
[2025-11-03T12:01:24.361Z] ✅ Enhanced Death Speaker Scepter - Speed: 2.8, DPS: 17.1
[2025-11-03T12:01:24.362Z] 💾 Saved progress to turtle_db/items/weapons/1h-maces.json
[2025-11-03T12:01:26.362Z] 🔍 Enhancing item 4090: Mug O' Hurt (305/318)
[2025-11-03T12:01:30.398Z] ✅ Enhanced Mug O' Hurt - Speed: 1.7, DPS: 31.2
[2025-11-03T12:01:30.398Z] 💾 Saved progress to turtle_db/items/weapons/1h-maces.json
[2025-11-03T12:01:32.400Z] 🔍 Enhancing item 7687: Ironspine's Fist (306/318)
[2025-11-03T12:01:37.303Z] ✅ Enhanced Ironspine's Fist - Speed: 2.4, DPS: 22.9
[2025-11-03T12:01:37.304Z] 💾 Saved progress to turtle_db/items/weapons/1h-maces.json
[2025-11-03T12:01:39.306Z] 🔍 Enhancing item 7721: Hand of Righteousness (307/318)
[2025-11-03T12:01:43.400Z] ✅ Enhanced Hand of Righteousness - Speed: 2.7, DPS: 29.8
[2025-11-03T12:01:43.401Z] 💾 Saved progress to turtle_db/items/weapons/1h-maces.json
[2025-11-03T12:01:45.402Z] 🔍 Enhancing item 7736: Fight Club (308/318)
[2025-11-03T12:01:49.558Z] ✅ Enhanced Fight Club - Speed: 2.2, DPS: 26.6
[2025-11-03T12:01:49.560Z] 💾 Saved progress to turtle_db/items/weapons/1h-maces.json
[2025-11-03T12:01:51.561Z] 🔍 Enhancing item 7752: Dreamslayer (309/318)
[2025-11-03T12:01:55.643Z] ✅ Enhanced Dreamslayer - Speed: 2.1, DPS: 21.4
[2025-11-03T12:01:55.645Z] 💾 Saved progress to turtle_db/items/weapons/1h-maces.json
[2025-11-03T12:01:57.646Z] 🔍 Enhancing item 7946: Runed Mithril Hammer (310/318)
[2025-11-03T12:02:01.718Z] ✅ Enhanced Runed Mithril Hammer - Speed: 2, DPS: 33.3
[2025-11-03T12:02:01.720Z] 💾 Saved progress to turtle_db/items/weapons/1h-maces.json
[2025-11-03T12:02:03.721Z] 🔍 Enhancing item 9386: Excavator's Brand (311/318)
[2025-11-03T12:02:07.801Z] ✅ Enhanced Excavator's Brand - Speed: 2.6, DPS: 24
[2025-11-03T12:02:07.802Z] 💾 Saved progress to turtle_db/items/weapons/1h-maces.json
[2025-11-03T12:02:09.803Z] 🔍 Enhancing item 9419: Galgann's Firehammer (312/318)
[2025-11-03T12:02:13.923Z] ✅ Enhanced Galgann's Firehammer - Speed: 2.2, DPS: 30.9
[2025-11-03T12:02:13.924Z] 💾 Saved progress to turtle_db/items/weapons/1h-maces.json
[2025-11-03T12:02:15.926Z] 🔍 Enhancing item 9457: Royal Diplomatic Scepter (313/318)
[2025-11-03T12:02:20.020Z] ✅ Enhanced Royal Diplomatic Scepter - Speed: 2.3, DPS: 23
[2025-11-03T12:02:20.021Z] 💾 Saved progress to turtle_db/items/weapons/1h-maces.json
[2025-11-03T12:02:22.023Z] 🔍 Enhancing item 9488: Oscillating Power Hammer (314/318)
[2025-11-03T12:02:26.128Z] ✅ Enhanced Oscillating Power Hammer - Speed: 2, DPS: 17.5
[2025-11-03T12:02:26.130Z] 💾 Saved progress to turtle_db/items/weapons/1h-maces.json
[2025-11-03T12:02:28.132Z] 🔍 Enhancing item 9651: Gryphon Rider's Stormhammer (315/318)
[2025-11-03T12:02:32.200Z] ✅ Enhanced Gryphon Rider's Stormhammer - Speed: 2.7, DPS: 35.2
[2025-11-03T12:02:32.201Z] 💾 Saved progress to turtle_db/items/weapons/1h-maces.json
[2025-11-03T12:02:34.202Z] 🔍 Enhancing item 10571: Ebony Boneclub (316/318)
[2025-11-03T12:02:38.332Z] ✅ Enhanced Ebony Boneclub - Speed: 1.8, DPS: 25
[2025-11-03T12:02:38.335Z] 💾 Saved progress to turtle_db/items/weapons/1h-maces.json
[2025-11-03T12:02:40.335Z] 🔍 Enhancing item 10838: Might of Hakkar (317/318)
[2025-11-03T12:02:44.538Z] ✅ Enhanced Might of Hakkar - Speed: 2.4, DPS: 35.8
[2025-11-03T12:02:44.541Z] 💾 Saved progress to turtle_db/items/weapons/1h-maces.json
[2025-11-03T12:02:46.542Z] 🔍 Enhancing item 21408: Band of Unending Life (318/318)
[2025-11-03T12:02:50.618Z] ⚠️ Could not enhance Band of Unending Life - no speed/DPS data found
[2025-11-03T12:02:52.619Z] 📊 Enhancement complete for turtle_db/items/weapons/1h-maces.json
[2025-11-03T12:02:52.619Z]    Enhanced: 314 items
[2025-11-03T12:02:52.620Z]    Skipped: 0 items
[2025-11-03T12:02:52.620Z] 📂 Processing weapon file: turtle_db/items/weapons/1h-swords.json
[2025-11-03T12:02:52.622Z] 📊 Found 348 items in turtle_db/items/weapons/1h-swords.json
[2025-11-03T12:02:52.622Z] 🔍 Enhancing item 809: Bloodrazor (1/348)
[2025-11-03T12:02:56.724Z] ✅ Enhanced Bloodrazor - Speed: 2.7, DPS: 37
[2025-11-03T12:02:56.726Z] 💾 Saved progress to turtle_db/items/weapons/1h-swords.json
[2025-11-03T12:02:58.727Z] 🔍 Enhancing item 869: Dazzling Longsword (2/348)
[2025-11-03T12:03:02.820Z] ✅ Enhanced Dazzling Longsword - Speed: 1.7, DPS: 31.5
[2025-11-03T12:03:02.821Z] 💾 Saved progress to turtle_db/items/weapons/1h-swords.json
[2025-11-03T12:03:04.822Z] 🔍 Enhancing item 1728: Teebu's Blazing Longsword (3/348)
[2025-11-03T12:03:08.712Z] ✅ Enhanced Teebu's Blazing Longsword - Speed: 2.9, DPS: 47.2
[2025-11-03T12:03:08.713Z] 💾 Saved progress to turtle_db/items/weapons/1h-swords.json
[2025-11-03T12:03:10.714Z] 🔍 Enhancing item 2244: Krol Blade (4/348)
[2025-11-03T12:03:14.813Z] ✅ Enhanced Krol Blade - Speed: 2.8, DPS: 40.9
[2025-11-03T12:03:14.814Z] 💾 Saved progress to turtle_db/items/weapons/1h-swords.json
[2025-11-03T12:03:16.815Z] 🔍 Enhancing item 9392: Annealed Blade (5/348)
[2025-11-03T12:03:20.902Z] ✅ Enhanced Annealed Blade - Speed: 1.8, DPS: 27.2
[2025-11-03T12:03:20.905Z] 💾 Saved progress to turtle_db/items/weapons/1h-swords.json
[2025-11-03T12:03:22.906Z] 🔍 Enhancing item 10847: Dragon's Call (6/348)
[2025-11-03T12:03:26.998Z] ✅ Enhanced Dragon's Call - Speed: 2.5, DPS: 41.4
[2025-11-03T12:03:27.000Z] 💾 Saved progress to turtle_db/items/weapons/1h-swords.json
[2025-11-03T12:03:29.001Z] 🔍 Enhancing item 12584: Grand Marshal's Longsword (7/348)
[2025-11-03T12:03:33.092Z] ✅ Enhanced Grand Marshal's Longsword - Speed: 2.9, DPS: 65.5
[2025-11-03T12:03:33.093Z] 💾 Saved progress to turtle_db/items/weapons/1h-swords.json
[2025-11-03T12:03:35.094Z] 🔍 Enhancing item 16345: High Warlord's Blade (8/348)
[2025-11-03T12:03:39.183Z] ✅ Enhanced High Warlord's Blade - Speed: 2.9, DPS: 65.5
[2025-11-03T12:03:39.185Z] 💾 Saved progress to turtle_db/items/weapons/1h-swords.json
[2025-11-03T12:03:41.187Z] 🔍 Enhancing item 17015: Dark Iron Reaver (9/348)
[2025-11-03T12:03:45.267Z] ✅ Enhanced Dark Iron Reaver - Speed: 2.4, DPS: 47.1
[2025-11-03T12:03:45.269Z] 💾 Saved progress to turtle_db/items/weapons/1h-swords.json
[2025-11-03T12:03:47.270Z] 🔍 Enhancing item 17075: Vis'kag the Bloodletter (10/348)
[2025-11-03T12:03:51.358Z] ✅ Enhanced Vis'kag the Bloodletter - Speed: 2.6, DPS: 55.2
[2025-11-03T12:03:51.359Z] 💾 Saved progress to turtle_db/items/weapons/1h-swords.json
[2025-11-03T12:03:53.359Z] 🔍 Enhancing item 17103: Azuresong Mageblade (11/348)
[2025-11-03T12:03:57.444Z] ✅ Enhanced Azuresong Mageblade - Speed: 2.4, DPS: 42.5
[2025-11-03T12:03:57.445Z] 💾 Saved progress to turtle_db/items/weapons/1h-swords.json
[2025-11-03T12:03:59.445Z] 🔍 Enhancing item 18348: Quel'Serrar (12/348)
[2025-11-03T12:04:03.483Z] ✅ Enhanced Quel'Serrar - Speed: 2, DPS: 52.5
[2025-11-03T12:04:03.484Z] 💾 Saved progress to turtle_db/items/weapons/1h-swords.json
[2025-11-03T12:04:05.485Z] 🔍 Enhancing item 18582: The Twin Blades of Azzinoth (13/348)
[2025-11-03T12:04:09.485Z] ✅ Enhanced The Twin Blades of Azzinoth - Speed: 1.5, DPS: 156.9
[2025-11-03T12:04:09.486Z] 💾 Saved progress to turtle_db/items/weapons/1h-swords.json
[2025-11-03T12:04:11.487Z] 🔍 Enhancing item 18583: Warglaive of Azzinoth (Right) (14/348)
[2025-11-03T12:04:15.491Z] ✅ Enhanced Warglaive of Azzinoth (Right) - Speed: 1, DPS: 135
[2025-11-03T12:04:15.494Z] 💾 Saved progress to turtle_db/items/weapons/1h-swords.json
[2025-11-03T12:04:17.495Z] 🔍 Enhancing item 18584: Warglaive of Azzinoth (Left) (15/348)
[2025-11-03T12:04:21.184Z] ✅ Enhanced Warglaive of Azzinoth (Left) - Speed: 1, DPS: 135
[2025-11-03T12:04:21.185Z] 💾 Saved progress to turtle_db/items/weapons/1h-swords.json
[2025-11-03T12:04:23.187Z] 🔍 Enhancing item 18832: Brutality Blade (16/348)
[2025-11-03T12:04:27.329Z] ✅ Enhanced Brutality Blade - Speed: 2.5, DPS: 51.6
[2025-11-03T12:04:27.330Z] 💾 Saved progress to turtle_db/items/weapons/1h-swords.json
[2025-11-03T12:04:29.330Z] 🔍 Enhancing item 19019: Thunderfury, Blessed Blade of the Windseeker (17/348)
[2025-11-03T12:04:33.415Z] ✅ Enhanced Thunderfury, Blessed Blade of the Windseeker - Speed: 1.9, DPS: 53.9
[2025-11-03T12:04:33.417Z] 💾 Saved progress to turtle_db/items/weapons/1h-swords.json
[2025-11-03T12:04:35.418Z] 🔍 Enhancing item 19168: Blackguard (18/348)
[2025-11-03T12:04:39.507Z] ✅ Enhanced Blackguard - Speed: 1.8, DPS: 51.7
[2025-11-03T12:04:39.510Z] 💾 Saved progress to turtle_db/items/weapons/1h-swords.json
[2025-11-03T12:04:41.511Z] 🔍 Enhancing item 19351: Maladath, Runed Blade of the Black Flight (19/348)
[2025-11-03T12:04:45.506Z] ✅ Enhanced Maladath, Runed Blade of the Black Flight - Speed: 2.2, DPS: 56.4
[2025-11-03T12:04:45.508Z] 💾 Saved progress to turtle_db/items/weapons/1h-swords.json
[2025-11-03T12:04:47.509Z] 🔍 Enhancing item 19352: Chromatically Tempered Sword (20/348)
[2025-11-03T12:04:51.510Z] ✅ Enhanced Chromatically Tempered Sword - Speed: 2.6, DPS: 58.5
[2025-11-03T12:04:51.512Z] 💾 Saved progress to turtle_db/items/weapons/1h-swords.json
[2025-11-03T12:04:53.512Z] 🔍 Enhancing item 19864: Bloodcaller (21/348)
[2025-11-03T12:04:57.512Z] ✅ Enhanced Bloodcaller - Speed: 2, DPS: 41.6
[2025-11-03T12:04:57.513Z] 💾 Saved progress to turtle_db/items/weapons/1h-swords.json
[2025-11-03T12:04:59.513Z] 🔍 Enhancing item 19865: Warblade of the Hakkari (22/348)
[2025-11-03T12:05:03.520Z] ✅ Enhanced Warblade of the Hakkari - Speed: 1.7, DPS: 49.7
[2025-11-03T12:05:03.521Z] 💾 Saved progress to turtle_db/items/weapons/1h-swords.json
[2025-11-03T12:05:05.523Z] 🔍 Enhancing item 19866: Warblade of the Hakkari (23/348)
[2025-11-03T12:05:09.523Z] ✅ Enhanced Warblade of the Hakkari - Speed: 1.7, DPS: 47.9
[2025-11-03T12:05:09.526Z] 💾 Saved progress to turtle_db/items/weapons/1h-swords.json
[2025-11-03T12:05:11.528Z] 🔍 Enhancing item 19867: Bloodlord's Defender (24/348)
[2025-11-03T12:05:15.526Z] ✅ Enhanced Bloodlord's Defender - Speed: 1.9, DPS: 48.2
[2025-11-03T12:05:15.528Z] 💾 Saved progress to turtle_db/items/weapons/1h-swords.json
[2025-11-03T12:05:17.529Z] 🔍 Enhancing item 20577: Nightmare Blade (25/348)
[2025-11-03T12:05:21.530Z] ✅ Enhanced Nightmare Blade - Speed: 2.7, DPS: 57.4
[2025-11-03T12:05:21.533Z] 💾 Saved progress to turtle_db/items/weapons/1h-swords.json
[2025-11-03T12:05:23.534Z] 🔍 Enhancing item 20698: Elemental Attuned Blade (26/348)
[2025-11-03T12:05:27.533Z] ✅ Enhanced Elemental Attuned Blade - Speed: 2.1, DPS: 41.7
[2025-11-03T12:05:27.535Z] 💾 Saved progress to turtle_db/items/weapons/1h-swords.json
[2025-11-03T12:05:29.537Z] 🔍 Enhancing item 21395: Blade of Eternal Justice (27/348)
[2025-11-03T12:05:33.332Z] ✅ Enhanced Blade of Eternal Justice - Speed: 1.9, DPS: 55.3
[2025-11-03T12:05:33.334Z] 💾 Saved progress to turtle_db/items/weapons/1h-swords.json
[2025-11-03T12:05:35.336Z] 🔍 Enhancing item 21413: Blade of Vaulted Secrets (28/348)
[2025-11-03T12:05:39.415Z] ✅ Enhanced Blade of Vaulted Secrets - Speed: 2.3, DPS: 41.5
[2025-11-03T12:05:39.417Z] 💾 Saved progress to turtle_db/items/weapons/1h-swords.json
[2025-11-03T12:05:41.418Z] 🔍 Enhancing item 21520: Ravencrest's Legacy (29/348)
[2025-11-03T12:05:45.512Z] ✅ Enhanced Ravencrest's Legacy - Speed: 2.1, DPS: 57.4
[2025-11-03T12:05:45.513Z] 💾 Saved progress to turtle_db/items/weapons/1h-swords.json
[2025-11-03T12:05:47.514Z] 🔍 Enhancing item 21521: Runesword of the Red (30/348)
[2025-11-03T12:05:51.545Z] ✅ Enhanced Runesword of the Red - Speed: 2.2, DPS: 41.3
[2025-11-03T12:05:51.547Z] 💾 Saved progress to turtle_db/items/weapons/1h-swords.json
[2025-11-03T12:05:53.548Z] 🔍 Enhancing item 21622: Sharpened Silithid Femur (31/348)
[2025-11-03T12:05:57.547Z] ✅ Enhanced Sharpened Silithid Femur - Speed: 2.3, DPS: 41.3
[2025-11-03T12:05:57.548Z] 💾 Saved progress to turtle_db/items/weapons/1h-swords.json
[2025-11-03T12:05:59.549Z] 🔍 Enhancing item 21650: Ancient Qiraji Ripper (32/348)
[2025-11-03T12:06:03.552Z] ✅ Enhanced Ancient Qiraji Ripper - Speed: 2.8, DPS: 58.4
[2025-11-03T12:06:03.553Z] 💾 Saved progress to turtle_db/items/weapons/1h-swords.json
[2025-11-03T12:06:05.554Z] 🔍 Enhancing item 22383: Sageblade (33/348)
[2025-11-03T12:06:09.225Z] ✅ Enhanced Sageblade - Speed: 1.8, DPS: 41.4
[2025-11-03T12:06:09.226Z] 💾 Saved progress to turtle_db/items/weapons/1h-swords.json
[2025-11-03T12:06:11.227Z] 🔍 Enhancing item 22736: Andonisus, Reaper of Souls (34/348)
[2025-11-03T12:06:15.309Z] ✅ Enhanced Andonisus, Reaper of Souls - Speed: 2.8, DPS: 81.3
[2025-11-03T12:06:15.311Z] 💾 Saved progress to turtle_db/items/weapons/1h-swords.json
[2025-11-03T12:06:17.313Z] 🔍 Enhancing item 22806: Widow's Remorse (35/348)
[2025-11-03T12:06:21.396Z] ✅ Enhanced Widow's Remorse - Speed: 1.6, DPS: 65.3
[2025-11-03T12:06:21.397Z] 💾 Saved progress to turtle_db/items/weapons/1h-swords.json
[2025-11-03T12:06:23.398Z] 🔍 Enhancing item 22807: Wraith Blade (36/348)
[2025-11-03T12:06:27.491Z] ✅ Enhanced Wraith Blade - Speed: 1.8, DPS: 40.8
[2025-11-03T12:06:27.494Z] 💾 Saved progress to turtle_db/items/weapons/1h-swords.json
[2025-11-03T12:06:29.495Z] 🔍 Enhancing item 23014: Iblis, Blade of the Fallen Seraph (37/348)
[2025-11-03T12:06:33.567Z] ✅ Enhanced Iblis, Blade of the Fallen Seraph - Speed: 1.6, DPS: 65.3
[2025-11-03T12:06:33.569Z] 💾 Saved progress to turtle_db/items/weapons/1h-swords.json
[2025-11-03T12:06:35.570Z] 🔍 Enhancing item 23054: Gressil, Dawn of Ruin (38/348)
[2025-11-03T12:06:39.571Z] ✅ Enhanced Gressil, Dawn of Ruin - Speed: 2.7, DPS: 73.1
[2025-11-03T12:06:39.573Z] 💾 Saved progress to turtle_db/items/weapons/1h-swords.json
[2025-11-03T12:06:41.573Z] 🔍 Enhancing item 23456: Grand Marshal's Swiftblade (39/348)
[2025-11-03T12:06:45.575Z] ✅ Enhanced Grand Marshal's Swiftblade - Speed: 1.8, DPS: 65.6
[2025-11-03T12:06:45.577Z] 💾 Saved progress to turtle_db/items/weapons/1h-swords.json
[2025-11-03T12:06:47.578Z] 🔍 Enhancing item 23467: High Warlord's Quickblade (40/348)
[2025-11-03T12:06:51.583Z] ✅ Enhanced High Warlord's Quickblade - Speed: 1.8, DPS: 65.6
[2025-11-03T12:06:51.586Z] 💾 Saved progress to turtle_db/items/weapons/1h-swords.json
[2025-11-03T12:06:53.587Z] 🔍 Enhancing item 23577: The Hungering Cold (41/348)
[2025-11-03T12:06:57.584Z] ✅ Enhanced The Hungering Cold - Speed: 1.5, DPS: 73
[2025-11-03T12:06:57.584Z] 💾 Saved progress to turtle_db/items/weapons/1h-swords.json
[2025-11-03T12:06:59.586Z] 🔍 Enhancing item 55030: Aliden's Prejudice (42/348)
[2025-11-03T12:07:03.588Z] ✅ Enhanced Aliden's Prejudice - Speed: 1.9, DPS: 46.6
[2025-11-03T12:07:03.590Z] 💾 Saved progress to turtle_db/items/weapons/1h-swords.json
[2025-11-03T12:07:05.591Z] 🔍 Enhancing item 55129: Desecration (43/348)
[2025-11-03T12:07:09.590Z] ✅ Enhanced Desecration - Speed: 2.2, DPS: 68
[2025-11-03T12:07:09.592Z] 💾 Saved progress to turtle_db/items/weapons/1h-swords.json
[2025-11-03T12:07:11.593Z] 🔍 Enhancing item 61006: Blade of Infinite Mysteries (44/348)
[2025-11-03T12:07:15.595Z] ✅ Enhanced Blade of Infinite Mysteries - Speed: 1.9, DPS: 41.6
[2025-11-03T12:07:15.596Z] 💾 Saved progress to turtle_db/items/weapons/1h-swords.json
[2025-11-03T12:07:17.597Z] 🔍 Enhancing item 61453: Anasterian's Legacy (45/348)
[2025-11-03T12:07:21.367Z] ✅ Enhanced Anasterian's Legacy - Speed: 1.5, DPS: 51.7
[2025-11-03T12:07:21.369Z] 💾 Saved progress to turtle_db/items/weapons/1h-swords.json
[2025-11-03T12:07:23.369Z] 🔍 Enhancing item 61523: Crystal Sword of the Blossom (46/348)
[2025-11-03T12:07:27.455Z] ✅ Enhanced Crystal Sword of the Blossom - Speed: 1.8, DPS: 62.8
[2025-11-03T12:07:27.456Z] 💾 Saved progress to turtle_db/items/weapons/1h-swords.json
[2025-11-03T12:07:29.457Z] 🔍 Enhancing item 65008: Dream's Herald (47/348)
[2025-11-03T12:07:33.534Z] ✅ Enhanced Dream's Herald - Speed: 1.9, DPS: 46
[2025-11-03T12:07:33.534Z] 💾 Saved progress to turtle_db/items/weapons/1h-swords.json
[2025-11-03T12:07:35.536Z] 🔍 Enhancing item 83269: Terrorblade Glaive (48/348)
[2025-11-03T12:07:39.607Z] ✅ Enhanced Terrorblade Glaive - Speed: 2.2, DPS: 47.7
[2025-11-03T12:07:39.607Z] 💾 Saved progress to turtle_db/items/weapons/1h-swords.json
[2025-11-03T12:07:41.608Z] 🔍 Enhancing item 83487: Blade of the Fallen Star (49/348)
[2025-11-03T12:07:45.614Z] ✅ Enhanced Blade of the Fallen Star - Speed: 2.4, DPS: 42.9
[2025-11-03T12:07:45.617Z] 💾 Saved progress to turtle_db/items/weapons/1h-swords.json
[2025-11-03T12:07:47.618Z] 🔍 Enhancing item 83564: Tempest's Rage (50/348)
[2025-11-03T12:07:51.616Z] ✅ Enhanced Tempest's Rage - Speed: 1.7, DPS: 49.7
[2025-11-03T12:07:51.618Z] 💾 Saved progress to turtle_db/items/weapons/1h-swords.json
[2025-11-03T12:07:53.619Z] 🔍 Enhancing item 1493: Heavy Marauder Scimitar (51/348)
[2025-11-03T12:07:57.274Z] ✅ Enhanced Heavy Marauder Scimitar - Speed: 2.4, DPS: 17.1
[2025-11-03T12:07:57.277Z] 💾 Saved progress to turtle_db/items/weapons/1h-swords.json
[2025-11-03T12:07:59.279Z] 🔍 Enhancing item 5191: Cruel Barb (52/348)
[2025-11-03T12:08:03.366Z] ✅ Enhanced Cruel Barb - Speed: 2.8, DPS: 15.5
[2025-11-03T12:08:03.368Z] 💾 Saved progress to turtle_db/items/weapons/1h-swords.json
[2025-11-03T12:08:05.369Z] 🔍 Enhancing item 8190: Hanzo Sword (53/348)
[2025-11-03T12:08:09.467Z] ✅ Enhanced Hanzo Sword - Speed: 1.5, DPS: 36.3
[2025-11-03T12:08:09.468Z] 💾 Saved progress to turtle_db/items/weapons/1h-swords.json
[2025-11-03T12:08:11.469Z] 🔍 Enhancing item 8223: Blade of the Basilisk (54/348)
[2025-11-03T12:08:15.537Z] ✅ Enhanced Blade of the Basilisk - Speed: 1.9, DPS: 25
[2025-11-03T12:08:15.538Z] 💾 Saved progress to turtle_db/items/weapons/1h-swords.json
[2025-11-03T12:08:17.539Z] 🔍 Enhancing item 9380: Jang'thraze the Protector (55/348)
[2025-11-03T12:08:21.705Z] ✅ Enhanced Jang'thraze the Protector - Speed: 1.9, DPS: 33.4
[2025-11-03T12:08:21.707Z] 💾 Saved progress to turtle_db/items/weapons/1h-swords.json
[2025-11-03T12:08:23.708Z] 🔍 Enhancing item 9424: Ginn-su Sword (56/348)
[2025-11-03T12:08:27.786Z] ✅ Enhanced Ginn-su Sword - Speed: 1.7, DPS: 27.9
[2025-11-03T12:08:27.787Z] 💾 Saved progress to turtle_db/items/weapons/1h-swords.json
[2025-11-03T12:08:29.788Z] 🔍 Enhancing item 9446: Electrocutioner Leg (57/348)
[2025-11-03T12:08:33.867Z] ✅ Enhanced Electrocutioner Leg - Speed: 1.7, DPS: 22.1
[2025-11-03T12:08:33.868Z] 💾 Saved progress to turtle_db/items/weapons/1h-swords.json
[2025-11-03T12:08:35.870Z] 🔍 Enhancing item 9511: Bloodletter Scalpel (58/348)
[2025-11-03T12:08:39.961Z] ✅ Enhanced Bloodletter Scalpel - Speed: 1.8, DPS: 31.1
[2025-11-03T12:08:39.964Z] 💾 Saved progress to turtle_db/items/weapons/1h-swords.json
[2025-11-03T12:08:41.966Z] 🔍 Enhancing item 10797: Firebreather (59/348)
[2025-11-03T12:08:46.101Z] ✅ Enhanced Firebreather - Speed: 2.2, DPS: 35.2
[2025-11-03T12:08:46.103Z] 💾 Saved progress to turtle_db/items/weapons/1h-swords.json
[2025-11-03T12:08:48.104Z] 🔍 Enhancing item 11086: Jang'thraze the Protector (60/348)
[2025-11-03T12:08:52.198Z] ✅ Enhanced Jang'thraze the Protector - Speed: 1.9, DPS: 33.4
[2025-11-03T12:08:52.199Z] 💾 Saved progress to turtle_db/items/weapons/1h-swords.json
[2025-11-03T12:08:54.201Z] 🔍 Enhancing item 11784: Arbiter's Blade (61/348)
[2025-11-03T12:08:58.310Z] ✅ Enhanced Arbiter's Blade - Speed: 2.4, DPS: 35.2
[2025-11-03T12:08:58.314Z] 💾 Saved progress to turtle_db/items/weapons/1h-swords.json
[2025-11-03T12:09:00.315Z] 🔍 Enhancing item 12535: Doomforged Straightedge (62/348)
[2025-11-03T12:09:04.411Z] ✅ Enhanced Doomforged Straightedge - Speed: 1.9, DPS: 35.8
[2025-11-03T12:09:04.414Z] 💾 Saved progress to turtle_db/items/weapons/1h-swords.json
[2025-11-03T12:09:06.415Z] 🔍 Enhancing item 12777: Blazing Rapier (63/348)
[2025-11-03T12:09:10.577Z] ✅ Enhanced Blazing Rapier - Speed: 1.7, DPS: 37.1
[2025-11-03T12:09:10.578Z] 💾 Saved progress to turtle_db/items/weapons/1h-swords.json
[2025-11-03T12:09:12.580Z] 🔍 Enhancing item 12797: Frostguard (64/348)
[2025-11-03T12:09:16.673Z] ✅ Enhanced Frostguard - Speed: 2.3, DPS: 41.3
[2025-11-03T12:09:16.679Z] 💾 Saved progress to turtle_db/items/weapons/1h-swords.json
[2025-11-03T12:09:18.681Z] 🔍 Enhancing item 12939: Dal'Rend's Tribal Guardian (65/348)
[2025-11-03T12:09:22.865Z] ✅ Enhanced Dal'Rend's Tribal Guardian - Speed: 1.8, DPS: 41.4
[2025-11-03T12:09:22.867Z] 💾 Saved progress to turtle_db/items/weapons/1h-swords.json
[2025-11-03T12:09:24.868Z] 🔍 Enhancing item 12940: Dal'Rend's Sacred Charge (66/348)
[2025-11-03T12:09:28.961Z] ✅ Enhanced Dal'Rend's Sacred Charge - Speed: 2.8, DPS: 41.4
[2025-11-03T12:09:28.964Z] 💾 Saved progress to turtle_db/items/weapons/1h-swords.json
[2025-11-03T12:09:30.966Z] 🔍 Enhancing item 12976: Ironpatch Blade (67/348)
[2025-11-03T12:09:35.064Z] ✅ Enhanced Ironpatch Blade - Speed: 2.6, DPS: 13.5
[2025-11-03T12:09:35.065Z] 💾 Saved progress to turtle_db/items/weapons/1h-swords.json
[2025-11-03T12:09:37.065Z] 🔍 Enhancing item 13036: Assassination Blade (68/348)
[2025-11-03T12:09:41.183Z] ✅ Enhanced Assassination Blade - Speed: 2.7, DPS: 37.6
[2025-11-03T12:09:41.184Z] 💾 Saved progress to turtle_db/items/weapons/1h-swords.json
[2025-11-03T12:09:43.186Z] 🔍 Enhancing item 13246: Argent Avenger (69/348)
[2025-11-03T12:09:47.003Z] ✅ Enhanced Argent Avenger - Speed: 2.2, DPS: 40.7
[2025-11-03T12:09:47.005Z] 💾 Saved progress to turtle_db/items/weapons/1h-swords.json
[2025-11-03T12:09:49.006Z] 🔍 Enhancing item 14576: Ebon Hilt of Marduk (70/348)
[2025-11-03T12:09:53.088Z] ✅ Enhanced Ebon Hilt of Marduk - Speed: 2.7, DPS: 38.9
[2025-11-03T12:09:53.089Z] 💾 Saved progress to turtle_db/items/weapons/1h-swords.json
[2025-11-03T12:09:55.090Z] 🔍 Enhancing item 17054: Joonho's Mercy (71/348)
[2025-11-03T12:09:59.175Z] ✅ Enhanced Joonho's Mercy - Speed: 2.1, DPS: 33.3
[2025-11-03T12:09:59.177Z] 💾 Saved progress to turtle_db/items/weapons/1h-swords.json
[2025-11-03T12:10:01.178Z] 🔍 Enhancing item 17719: Inventor's Focal Sword (72/348)
[2025-11-03T12:10:05.271Z] ✅ Enhanced Inventor's Focal Sword - Speed: 2.2, DPS: 35.2
[2025-11-03T12:10:05.274Z] 💾 Saved progress to turtle_db/items/weapons/1h-swords.json
[2025-11-03T12:10:07.275Z] 🔍 Enhancing item 18310: Fiendish Machete (73/348)
[2025-11-03T12:10:11.499Z] ✅ Enhanced Fiendish Machete - Speed: 2.4, DPS: 38.8
[2025-11-03T12:10:11.500Z] 💾 Saved progress to turtle_db/items/weapons/1h-swords.json
[2025-11-03T12:10:13.501Z] 🔍 Enhancing item 18484: Cho'Rush's Blade (74/348)
[2025-11-03T12:10:17.587Z] ✅ Enhanced Cho'Rush's Blade - Speed: 2.4, DPS: 40
[2025-11-03T12:10:17.589Z] 💾 Saved progress to turtle_db/items/weapons/1h-swords.json
[2025-11-03T12:10:19.590Z] 🔍 Enhancing item 19110: Cold Forged Blade (75/348)
[2025-11-03T12:10:23.684Z] ✅ Enhanced Cold Forged Blade - Speed: 2.6, DPS: 41.3
[2025-11-03T12:10:23.687Z] 💾 Saved progress to turtle_db/items/weapons/1h-swords.json
[2025-11-03T12:10:25.687Z] 🔍 Enhancing item 19550: Legionnaire's Sword (76/348)
[2025-11-03T12:10:29.694Z] ✅ Enhanced Legionnaire's Sword - Speed: 2.7, DPS: 47
[2025-11-03T12:10:29.696Z] 💾 Saved progress to turtle_db/items/weapons/1h-swords.json
[2025-11-03T12:10:31.697Z] 🔍 Enhancing item 19551: Legionnaire's Sword (77/348)
[2025-11-03T12:10:35.874Z] ✅ Enhanced Legionnaire's Sword - Speed: 2.7, DPS: 35.2
[2025-11-03T12:10:35.875Z] 💾 Saved progress to turtle_db/items/weapons/1h-swords.json
[2025-11-03T12:10:37.876Z] 🔍 Enhancing item 19552: Legionnaire's Sword (78/348)
[2025-11-03T12:10:41.695Z] ✅ Enhanced Legionnaire's Sword - Speed: 2.7, DPS: 29.3
[2025-11-03T12:10:41.698Z] 💾 Saved progress to turtle_db/items/weapons/1h-swords.json
[2025-11-03T12:10:43.699Z] 🔍 Enhancing item 19553: Legionnaire's Sword (79/348)
[2025-11-03T12:10:47.770Z] ✅ Enhanced Legionnaire's Sword - Speed: 2.7, DPS: 21.3
[2025-11-03T12:10:47.772Z] 💾 Saved progress to turtle_db/items/weapons/1h-swords.json
[2025-11-03T12:10:49.773Z] 🔍 Enhancing item 19968: Fiery Retributer (80/348)
[2025-11-03T12:10:53.707Z] ✅ Enhanced Fiery Retributer - Speed: 1.8, DPS: 44.7
[2025-11-03T12:10:53.708Z] 💾 Saved progress to turtle_db/items/weapons/1h-swords.json
[2025-11-03T12:10:55.709Z] 🔍 Enhancing item 20430: Legionnaire's Sword (81/348)
[2025-11-03T12:10:59.492Z] ✅ Enhanced Legionnaire's Sword - Speed: 2.7, DPS: 15
[2025-11-03T12:10:59.494Z] 💾 Saved progress to turtle_db/items/weapons/1h-swords.json
[2025-11-03T12:11:01.495Z] 🔍 Enhancing item 22332: Blade of Necromancy (82/348)
[2025-11-03T12:11:05.592Z] ✅ Enhanced Blade of Necromancy - Speed: 1.5, DPS: 40.7
[2025-11-03T12:11:05.593Z] 💾 Saved progress to turtle_db/items/weapons/1h-swords.json
[2025-11-03T12:11:07.595Z] 🔍 Enhancing item 23132: Lord Blackwood's Blade (83/348)
[2025-11-03T12:11:11.676Z] ✅ Enhanced Lord Blackwood's Blade - Speed: 1.5, DPS: 40.7
[2025-11-03T12:11:11.677Z] 💾 Saved progress to turtle_db/items/weapons/1h-swords.json
[2025-11-03T12:11:13.679Z] 🔍 Enhancing item 51046: Call of Shadow (84/348)
[2025-11-03T12:11:17.702Z] ✅ Enhanced Call of Shadow - Speed: 2.4, DPS: 38.8
[2025-11-03T12:11:17.705Z] 💾 Saved progress to turtle_db/items/weapons/1h-swords.json
[2025-11-03T12:11:19.706Z] 🔍 Enhancing item 51754: Lodestone Blade (85/348)
[2025-11-03T12:11:23.789Z] ✅ Enhanced Lodestone Blade - Speed: 1.7, DPS: 24.1
[2025-11-03T12:11:23.791Z] 💾 Saved progress to turtle_db/items/weapons/1h-swords.json
[2025-11-03T12:11:25.792Z] 🔍 Enhancing item 55384: Hilt of Radiance (86/348)
[2025-11-03T12:11:29.707Z] ✅ Enhanced Hilt of Radiance - Speed: 2.2, DPS: 16.1
[2025-11-03T12:11:29.709Z] 💾 Saved progress to turtle_db/items/weapons/1h-swords.json
[2025-11-03T12:11:31.710Z] 🔍 Enhancing item 58150: Deathedge Sabre (87/348)
[2025-11-03T12:11:35.419Z] ✅ Enhanced Deathedge Sabre - Speed: 2.4, DPS: 27.3
[2025-11-03T12:11:35.421Z] 💾 Saved progress to turtle_db/items/weapons/1h-swords.json
[2025-11-03T12:11:37.422Z] 🔍 Enhancing item 58198: Dissolved Hookblade (88/348)
[2025-11-03T12:11:41.601Z] ✅ Enhanced Dissolved Hookblade - Speed: 2.4, DPS: 27.3
[2025-11-03T12:11:41.603Z] 💾 Saved progress to turtle_db/items/weapons/1h-swords.json
[2025-11-03T12:11:43.604Z] 🔍 Enhancing item 58225: Blade of Purity (89/348)
[2025-11-03T12:11:47.687Z] ✅ Enhanced Blade of Purity - Speed: 1.9, DPS: 40
[2025-11-03T12:11:47.688Z] 💾 Saved progress to turtle_db/items/weapons/1h-swords.json
[2025-11-03T12:11:49.689Z] 🔍 Enhancing item 58262: Enchanted Glass Kopis (90/348)
[2025-11-03T12:11:53.715Z] ✅ Enhanced Enchanted Glass Kopis - Speed: 2.3, DPS: 24.3
[2025-11-03T12:11:53.718Z] 💾 Saved progress to turtle_db/items/weapons/1h-swords.json
[2025-11-03T12:11:55.719Z] 🔍 Enhancing item 60384: Fleet Scimitar (91/348)
[2025-11-03T12:11:59.809Z] ✅ Enhanced Fleet Scimitar - Speed: 1.8, DPS: 43.1
[2025-11-03T12:11:59.812Z] 💾 Saved progress to turtle_db/items/weapons/1h-swords.json
[2025-11-03T12:12:01.813Z] 🔍 Enhancing item 60536: Darkwind Glaive (92/348)
[2025-11-03T12:12:05.719Z] ✅ Enhanced Darkwind Glaive - Speed: 2.5, DPS: 35.8
[2025-11-03T12:12:05.722Z] 💾 Saved progress to turtle_db/items/weapons/1h-swords.json
[2025-11-03T12:12:07.723Z] 🔍 Enhancing item 60734: Blade of the Warleader (93/348)
[2025-11-03T12:12:11.424Z] ✅ Enhanced Blade of the Warleader - Speed: 2.3, DPS: 38.3
[2025-11-03T12:12:11.426Z] 💾 Saved progress to turtle_db/items/weapons/1h-swords.json
[2025-11-03T12:12:13.426Z] 🔍 Enhancing item 61333: Hookblade Cleaver (94/348)
[2025-11-03T12:12:17.569Z] ✅ Enhanced Hookblade Cleaver - Speed: 2.4, DPS: 29
[2025-11-03T12:12:17.571Z] 💾 Saved progress to turtle_db/items/weapons/1h-swords.json
[2025-11-03T12:12:19.573Z] 🔍 Enhancing item 61552: Corrupted Sword (95/348)
[2025-11-03T12:12:23.669Z] ✅ Enhanced Corrupted Sword - Speed: 2.3, DPS: 24.3
[2025-11-03T12:12:23.671Z] 💾 Saved progress to turtle_db/items/weapons/1h-swords.json
[2025-11-03T12:12:25.672Z] 🔍 Enhancing item 61717: Groveslicer Glaive (96/348)
[2025-11-03T12:12:29.723Z] ✅ Enhanced Groveslicer Glaive - Speed: 2.6, DPS: 41.9
[2025-11-03T12:12:29.724Z] 💾 Saved progress to turtle_db/items/weapons/1h-swords.json
[2025-11-03T12:12:31.726Z] 🔍 Enhancing item 80733: Cursed Thornblade (97/348)
[2025-11-03T12:12:35.798Z] ✅ Enhanced Cursed Thornblade - Speed: 2.7, DPS: 22.4
[2025-11-03T12:12:35.800Z] 💾 Saved progress to turtle_db/items/weapons/1h-swords.json
[2025-11-03T12:12:37.801Z] 🔍 Enhancing item 80792: Hushblade (98/348)
[2025-11-03T12:12:41.728Z] ✅ Enhanced Hushblade - Speed: 1.8, DPS: 29.2
[2025-11-03T12:12:41.729Z] 💾 Saved progress to turtle_db/items/weapons/1h-swords.json
[2025-11-03T12:12:43.731Z] 🔍 Enhancing item 81018: Crimson Spellblade (99/348)
[2025-11-03T12:12:47.395Z] ✅ Enhanced Crimson Spellblade - Speed: 1.9, DPS: 40
[2025-11-03T12:12:47.398Z] 💾 Saved progress to turtle_db/items/weapons/1h-swords.json
[2025-11-03T12:12:49.399Z] 🔍 Enhancing item 81266: Demonic Scimitar (100/348)
[2025-11-03T12:12:53.480Z] ✅ Enhanced Demonic Scimitar - Speed: 2.5, DPS: 18.4
[2025-11-03T12:12:53.481Z] 💾 Saved progress to turtle_db/items/weapons/1h-swords.json
[2025-11-03T12:12:55.482Z] 🔍 Enhancing item 754: Shortsword of Vengeance (101/348)
[2025-11-03T12:12:59.594Z] ✅ Enhanced Shortsword of Vengeance - Speed: 2.4, DPS: 31.7
[2025-11-03T12:12:59.596Z] 💾 Saved progress to turtle_db/items/weapons/1h-swords.json
[2025-11-03T12:13:01.597Z] 🔍 Enhancing item 935: Night Watch Shortsword (102/348)
[2025-11-03T12:13:05.712Z] ✅ Enhanced Night Watch Shortsword - Speed: 2.6, DPS: 13.5
[2025-11-03T12:13:05.714Z] 💾 Saved progress to turtle_db/items/weapons/1h-swords.json
[2025-11-03T12:13:07.715Z] 🔍 Enhancing item 1265: Scorpion Sting (103/348)
[2025-11-03T12:13:11.822Z] ✅ Enhanced Scorpion Sting - Speed: 2.4, DPS: 26.5
[2025-11-03T12:13:11.824Z] 💾 Saved progress to turtle_db/items/weapons/1h-swords.json
[2025-11-03T12:13:13.824Z] 🔍 Enhancing item 1482: Shadowfang (104/348)
[2025-11-03T12:13:17.740Z] ✅ Enhanced Shadowfang - Speed: 2.7, DPS: 17.8
[2025-11-03T12:13:17.742Z] 💾 Saved progress to turtle_db/items/weapons/1h-swords.json
[2025-11-03T12:13:19.744Z] 🔍 Enhancing item 1727: Sword of Decay (105/348)
[2025-11-03T12:13:23.821Z] ✅ Enhanced Sword of Decay - Speed: 2.7, DPS: 17.6
[2025-11-03T12:13:23.822Z] 💾 Saved progress to turtle_db/items/weapons/1h-swords.json
[2025-11-03T12:13:25.823Z] 🔍 Enhancing item 2011: Twisted Sabre (106/348)
[2025-11-03T12:13:29.743Z] ✅ Enhanced Twisted Sabre - Speed: 1.8, DPS: 16.7
[2025-11-03T12:13:29.746Z] 💾 Saved progress to turtle_db/items/weapons/1h-swords.json
[2025-11-03T12:13:31.747Z] 🔍 Enhancing item 6504: Wingblade (107/348)
[2025-11-03T12:13:35.837Z] ✅ Enhanced Wingblade - Speed: 2.2, DPS: 15.7
[2025-11-03T12:13:35.839Z] 💾 Saved progress to turtle_db/items/weapons/1h-swords.json
[2025-11-03T12:13:37.840Z] 🔍 Enhancing item 6622: Sword of Zeal (108/348)
[2025-11-03T12:13:41.748Z] ✅ Enhanced Sword of Zeal - Speed: 2.8, DPS: 41.4
[2025-11-03T12:13:41.750Z] 💾 Saved progress to turtle_db/items/weapons/1h-swords.json
[2025-11-03T12:13:43.751Z] 🔍 Enhancing item 6802: Sword of Omen (109/348)
[2025-11-03T12:13:47.848Z] ✅ Enhanced Sword of Omen - Speed: 1.9, DPS: 29.7
[2025-11-03T12:13:47.851Z] 💾 Saved progress to turtle_db/items/weapons/1h-swords.json
[2025-11-03T12:13:49.852Z] 🔍 Enhancing item 6829: Sword of Serenity (110/348)
[2025-11-03T12:13:53.750Z] ✅ Enhanced Sword of Serenity - Speed: 2.2, DPS: 30
[2025-11-03T12:13:53.752Z] 💾 Saved progress to turtle_db/items/weapons/1h-swords.json
[2025-11-03T12:13:55.753Z] 🔍 Enhancing item 7961: Phantom Blade (111/348)
[2025-11-03T12:13:59.646Z] ✅ Enhanced Phantom Blade - Speed: 2.6, DPS: 32.7
[2025-11-03T12:13:59.648Z] 💾 Saved progress to turtle_db/items/weapons/1h-swords.json
[2025-11-03T12:14:01.650Z] 🔍 Enhancing item 8225: Tainted Pierce (112/348)
[2025-11-03T12:14:05.749Z] ✅ Enhanced Tainted Pierce - Speed: 1.9, DPS: 24.2
[2025-11-03T12:14:05.750Z] 💾 Saved progress to turtle_db/items/weapons/1h-swords.json
[2025-11-03T12:14:07.752Z] 🔍 Enhancing item 8226: The Butcher (113/348)
[2025-11-03T12:14:11.850Z] ✅ Enhanced The Butcher - Speed: 2.8, DPS: 19.6
[2025-11-03T12:14:11.853Z] 💾 Saved progress to turtle_db/items/weapons/1h-swords.json
[2025-11-03T12:14:13.854Z] 🔍 Enhancing item 9379: Sang'thraze the Deflector (114/348)
[2025-11-03T12:14:17.759Z] ✅ Enhanced Sang'thraze the Deflector - Speed: 1.7, DPS: 29.1
[2025-11-03T12:14:17.761Z] 💾 Saved progress to turtle_db/items/weapons/1h-swords.json
[2025-11-03T12:14:19.761Z] 🔍 Enhancing item 9401: Nordic Longshank (115/348)
[2025-11-03T12:14:23.844Z] ✅ Enhanced Nordic Longshank - Speed: 2.2, DPS: 29.3
[2025-11-03T12:14:23.846Z] 💾 Saved progress to turtle_db/items/weapons/1h-swords.json
[2025-11-03T12:14:25.846Z] 🔍 Enhancing item 9718: Reforged Blade of Heroes (116/348)
[2025-11-03T12:14:29.762Z] ✅ Enhanced Reforged Blade of Heroes - Speed: 2.2, DPS: 23.9
[2025-11-03T12:14:29.764Z] 💾 Saved progress to turtle_db/items/weapons/1h-swords.json
[2025-11-03T12:14:31.765Z] 🔍 Enhancing item 10823: Vanquisher's Sword (117/348)
[2025-11-03T12:14:35.460Z] ✅ Enhanced Vanquisher's Sword - Speed: 2.2, DPS: 30
[2025-11-03T12:14:35.461Z] 💾 Saved progress to turtle_db/items/weapons/1h-swords.json
[2025-11-03T12:14:37.462Z] 🔍 Enhancing item 11817: Lord General's Sword (118/348)
[2025-11-03T12:14:41.624Z] ✅ Enhanced Lord General's Sword - Speed: 2.6, DPS: 36.9
[2025-11-03T12:14:41.627Z] 💾 Saved progress to turtle_db/items/weapons/1h-swords.json
[2025-11-03T12:14:43.628Z] 🔍 Enhancing item 12974: The Black Knight (119/348)
[2025-11-03T12:14:47.733Z] ✅ Enhanced The Black Knight - Speed: 1.9, DPS: 19.7
[2025-11-03T12:14:47.734Z] 💾 Saved progress to turtle_db/items/weapons/1h-swords.json
[2025-11-03T12:14:49.735Z] 🔍 Enhancing item 13032: Sword of Corruption (120/348)
[2025-11-03T12:14:53.766Z] ✅ Enhanced Sword of Corruption - Speed: 2.1, DPS: 17.1
[2025-11-03T12:14:53.782Z] 💾 Saved progress to turtle_db/items/weapons/1h-swords.json
[2025-11-03T12:14:55.783Z] 🔍 Enhancing item 13033: Zealot Blade (121/348)
[2025-11-03T12:14:59.892Z] ✅ Enhanced Zealot Blade - Speed: 2.8, DPS: 22.1
[2025-11-03T12:14:59.894Z] 💾 Saved progress to turtle_db/items/weapons/1h-swords.json
[2025-11-03T12:15:01.895Z] 🔍 Enhancing item 13034: Speedsteel Rapier (122/348)
[2025-11-03T12:15:05.771Z] ✅ Enhanced Speedsteel Rapier - Speed: 1.8, DPS: 28.1
[2025-11-03T12:15:05.772Z] 💾 Saved progress to turtle_db/items/weapons/1h-swords.json
[2025-11-03T12:15:07.774Z] 🔍 Enhancing item 13035: Serpent Slicer (123/348)
[2025-11-03T12:15:20.261Z] ✅ Enhanced Serpent Slicer - Speed: 2.5, DPS: 32.8
[2025-11-03T12:15:20.263Z] 💾 Saved progress to turtle_db/items/weapons/1h-swords.json
[2025-11-03T12:15:22.264Z] 🔍 Enhancing item 13182: Phase Blade (124/348)
[2025-11-03T12:15:26.459Z] ✅ Enhanced Phase Blade - Speed: 2.1, DPS: 37.6
[2025-11-03T12:15:26.460Z] 💾 Saved progress to turtle_db/items/weapons/1h-swords.json
[2025-11-03T12:15:28.461Z] 🔍 Enhancing item 13361: Skullforge Reaver (125/348)
[2025-11-03T12:15:32.543Z] ✅ Enhanced Skullforge Reaver - Speed: 2.5, DPS: 41.4
[2025-11-03T12:15:32.544Z] 💾 Saved progress to turtle_db/items/weapons/1h-swords.json
[2025-11-03T12:15:34.545Z] 🔍 Enhancing item 13953: Silent Fang (126/348)
[2025-11-03T12:15:38.552Z] ✅ Enhanced Silent Fang - Speed: 1.6, DPS: 40.6
[2025-11-03T12:15:38.554Z] 💾 Saved progress to turtle_db/items/weapons/1h-swords.json
[2025-11-03T12:15:40.556Z] 🔍 Enhancing item 15220: Battlefell Sabre (127/348)
[2025-11-03T12:15:44.662Z] ✅ Enhanced Battlefell Sabre - Speed: 2.2, DPS: 37
[2025-11-03T12:15:44.663Z] 💾 Saved progress to turtle_db/items/weapons/1h-swords.json
[2025-11-03T12:15:46.664Z] 🔍 Enhancing item 15782: Beaststalker Blade (128/348)
[2025-11-03T12:15:50.895Z] ✅ Enhanced Beaststalker Blade - Speed: 2.2, DPS: 35.9
[2025-11-03T12:15:50.898Z] 💾 Saved progress to turtle_db/items/weapons/1h-swords.json
[2025-11-03T12:15:52.899Z] 🔍 Enhancing item 15806: Mirah's Song (129/348)
[2025-11-03T12:15:56.974Z] ✅ Enhanced Mirah's Song - Speed: 1.8, DPS: 40
[2025-11-03T12:15:56.976Z] 💾 Saved progress to turtle_db/items/weapons/1h-swords.json
[2025-11-03T12:15:58.977Z] 🔍 Enhancing item 16886: Outlaw Sabre (130/348)
[2025-11-03T12:16:03.094Z] ✅ Enhanced Outlaw Sabre - Speed: 2.7, DPS: 18.9
[2025-11-03T12:16:03.095Z] 💾 Saved progress to turtle_db/items/weapons/1h-swords.json
[2025-11-03T12:16:05.097Z] 🔍 Enhancing item 17705: Thrash Blade (131/348)
[2025-11-03T12:16:09.205Z] ✅ Enhanced Thrash Blade - Speed: 2.7, DPS: 35.2
[2025-11-03T12:16:09.207Z] 💾 Saved progress to turtle_db/items/weapons/1h-swords.json
[2025-11-03T12:16:11.209Z] 🔍 Enhancing item 18396: Mind Carver (132/348)
[2025-11-03T12:16:15.330Z] ✅ Enhanced Mind Carver - Speed: 2, DPS: 40.8
[2025-11-03T12:16:15.332Z] 💾 Saved progress to turtle_db/items/weapons/1h-swords.json
[2025-11-03T12:16:17.333Z] 🔍 Enhancing item 19554: Protector's Sword (133/348)
[2025-11-03T12:16:21.418Z] ✅ Enhanced Protector's Sword - Speed: 2.7, DPS: 47
[2025-11-03T12:16:21.421Z] 💾 Saved progress to turtle_db/items/weapons/1h-swords.json
[2025-11-03T12:16:23.422Z] 🔍 Enhancing item 19555: Protector's Sword (134/348)
[2025-11-03T12:16:27.510Z] ✅ Enhanced Protector's Sword - Speed: 2.7, DPS: 35.2
[2025-11-03T12:16:27.512Z] 💾 Saved progress to turtle_db/items/weapons/1h-swords.json
[2025-11-03T12:16:29.513Z] 🔍 Enhancing item 19556: Protector's Sword (135/348)
[2025-11-03T12:16:33.605Z] ✅ Enhanced Protector's Sword - Speed: 2.7, DPS: 29.3
[2025-11-03T12:16:33.606Z] 💾 Saved progress to turtle_db/items/weapons/1h-swords.json
[2025-11-03T12:16:35.607Z] 🔍 Enhancing item 19557: Protector's Sword (136/348)
[2025-11-03T12:16:39.697Z] ✅ Enhanced Protector's Sword - Speed: 2.7, DPS: 21.3
[2025-11-03T12:16:39.700Z] 💾 Saved progress to turtle_db/items/weapons/1h-swords.json
[2025-11-03T12:16:41.701Z] 🔍 Enhancing item 19901: Zulian Slicer (137/348)
[2025-11-03T12:16:45.791Z] ✅ Enhanced Zulian Slicer - Speed: 2.5, DPS: 44.8
[2025-11-03T12:16:45.792Z] 💾 Saved progress to turtle_db/items/weapons/1h-swords.json
[2025-11-03T12:16:47.793Z] 🔍 Enhancing item 19964: Renataki's Soul Conduit (138/348)
[2025-11-03T12:16:51.817Z] ✅ Enhanced Renataki's Soul Conduit - Speed: 2.1, DPS: 41
[2025-11-03T12:16:51.818Z] 💾 Saved progress to turtle_db/items/weapons/1h-swords.json
[2025-11-03T12:16:53.819Z] 🔍 Enhancing item 20440: Protector's Sword (139/348)
[2025-11-03T12:16:57.820Z] ✅ Enhanced Protector's Sword - Speed: 2.7, DPS: 15
[2025-11-03T12:16:57.823Z] 💾 Saved progress to turtle_db/items/weapons/1h-swords.json
[2025-11-03T12:16:59.824Z] 🔍 Enhancing item 22378: Ravenholdt Slicer (140/348)
[2025-11-03T12:17:03.824Z] ✅ Enhanced Ravenholdt Slicer - Speed: 2.8, DPS: 42.7
[2025-11-03T12:17:03.826Z] 💾 Saved progress to turtle_db/items/weapons/1h-swords.json
[2025-11-03T12:17:05.827Z] 🔍 Enhancing item 41581: The Bane of Althazz (141/348)
[2025-11-03T12:17:09.827Z] ✅ Enhanced The Bane of Althazz - Speed: 1.9, DPS: 20.5
[2025-11-03T12:17:09.828Z] 💾 Saved progress to turtle_db/items/weapons/1h-swords.json
[2025-11-03T12:17:11.829Z] 🔍 Enhancing item 60752: Sentinel's Glaive (142/348)
[2025-11-03T12:17:15.831Z] ✅ Enhanced Sentinel's Glaive - Speed: 1.9, DPS: 30.3
[2025-11-03T12:17:15.832Z] 💾 Saved progress to turtle_db/items/weapons/1h-swords.json
[2025-11-03T12:17:17.834Z] 🔍 Enhancing item 61594: Magus Blade (143/348)
[2025-11-03T12:17:21.836Z] ✅ Enhanced Magus Blade - Speed: 1.9, DPS: 38.2
[2025-11-03T12:17:21.837Z] 💾 Saved progress to turtle_db/items/weapons/1h-swords.json
[2025-11-03T12:17:23.838Z] 🔍 Enhancing item 80535: Quel'dorei Defender's Deflector (144/348)
[2025-11-03T12:17:27.839Z] ✅ Enhanced Quel'dorei Defender's Deflector - Speed: 2, DPS: 42.8
[2025-11-03T12:17:27.840Z] 💾 Saved progress to turtle_db/items/weapons/1h-swords.json
[2025-11-03T12:17:29.841Z] 🔍 Enhancing item 80536: Quel'dorei Assassin's Sword (145/348)
[2025-11-03T12:17:33.843Z] ✅ Enhanced Quel'dorei Assassin's Sword - Speed: 2.4, DPS: 42.7
[2025-11-03T12:17:33.846Z] 💾 Saved progress to turtle_db/items/weapons/1h-swords.json
[2025-11-03T12:17:35.847Z] 🔍 Enhancing item 80636: Revantusk Stalker's Blade (146/348)
[2025-11-03T12:17:39.628Z] ✅ Enhanced Revantusk Stalker's Blade - Speed: 2.4, DPS: 42.7
[2025-11-03T12:17:39.631Z] 💾 Saved progress to turtle_db/items/weapons/1h-swords.json
[2025-11-03T12:17:41.632Z] 🔍 Enhancing item 80731: Runed Hookblade (147/348)
[2025-11-03T12:17:45.730Z] ✅ Enhanced Runed Hookblade - Speed: 1.9, DPS: 18.9
[2025-11-03T12:17:45.732Z] 💾 Saved progress to turtle_db/items/weapons/1h-swords.json
[2025-11-03T12:17:47.733Z] 🔍 Enhancing item 81288: Mechanist's Bonechopper Replica (148/348)
[2025-11-03T12:17:51.821Z] ✅ Enhanced Mechanist's Bonechopper Replica - Speed: 2.6, DPS: 41.3
[2025-11-03T12:17:51.823Z] 💾 Saved progress to turtle_db/items/weapons/1h-swords.json
[2025-11-03T12:17:53.824Z] 🔍 Enhancing item 83219: Slayer's Edge (149/348)
[2025-11-03T12:17:57.854Z] ✅ Enhanced Slayer's Edge - Speed: 1.8, DPS: 27.2
[2025-11-03T12:17:57.856Z] 💾 Saved progress to turtle_db/items/weapons/1h-swords.json
[2025-11-03T12:17:59.857Z] 🔍 Enhancing item 83259: Old Knighthood Blade (150/348)
[2025-11-03T12:18:03.856Z] ✅ Enhanced Old Knighthood Blade - Speed: 1.9, DPS: 39.2
[2025-11-03T12:18:03.857Z] 💾 Saved progress to turtle_db/items/weapons/1h-swords.json
[2025-11-03T12:18:05.858Z] 🔍 Enhancing item 753: Dragonmaw Shortsword (151/348)
[2025-11-03T12:18:09.861Z] ✅ Enhanced Dragonmaw Shortsword - Speed: 2.2, DPS: 14.5
[2025-11-03T12:18:09.862Z] 💾 Saved progress to turtle_db/items/weapons/1h-swords.json
[2025-11-03T12:18:11.862Z] 🔍 Enhancing item 864: Knightly Longsword (152/348)
[2025-11-03T12:18:15.867Z] ✅ Enhanced Knightly Longsword - Speed: 1.5, DPS: 20.3
[2025-11-03T12:18:15.870Z] 💾 Saved progress to turtle_db/items/weapons/1h-swords.json
[2025-11-03T12:18:17.871Z] 🔍 Enhancing item 886: Black Metal Shortsword (153/348)
[2025-11-03T12:18:21.877Z] ✅ Enhanced Black Metal Shortsword - Speed: 1.7, DPS: 13.5
[2025-11-03T12:18:21.879Z] 💾 Saved progress to turtle_db/items/weapons/1h-swords.json
[2025-11-03T12:18:23.879Z] 🔍 Enhancing item 1925: Defias Rapier (154/348)
[2025-11-03T12:18:27.876Z] ✅ Enhanced Defias Rapier - Speed: 1.6, DPS: 8.1
[2025-11-03T12:18:27.877Z] 💾 Saved progress to turtle_db/items/weapons/1h-swords.json
[2025-11-03T12:18:29.878Z] 🔍 Enhancing item 1937: Buzz Saw (155/348)
[2025-11-03T12:18:33.969Z] ✅ Enhanced Buzz Saw - Speed: 2.4, DPS: 10.4
[2025-11-03T12:18:33.972Z] 💾 Saved progress to turtle_db/items/weapons/1h-swords.json
[2025-11-03T12:18:35.973Z] 🔍 Enhancing item 1951: Blackwater Cutlass (156/348)
[2025-11-03T12:18:40.052Z] ✅ Enhanced Blackwater Cutlass - Speed: 1.9, DPS: 9.5
[2025-11-03T12:18:40.054Z] 💾 Saved progress to turtle_db/items/weapons/1h-swords.json
[2025-11-03T12:18:42.055Z] 🔍 Enhancing item 2046: Bluegill Kukri (157/348)
[2025-11-03T12:18:46.136Z] ✅ Enhanced Bluegill Kukri - Speed: 2.8, DPS: 12.3
[2025-11-03T12:18:46.138Z] 💾 Saved progress to turtle_db/items/weapons/1h-swords.json
[2025-11-03T12:18:48.139Z] 🔍 Enhancing item 3400: Lucine Longsword (158/348)
[2025-11-03T12:18:52.215Z] ✅ Enhanced Lucine Longsword - Speed: 2.5, DPS: 12.8
[2025-11-03T12:18:52.217Z] 💾 Saved progress to turtle_db/items/weapons/1h-swords.json
[2025-11-03T12:18:54.218Z] 🔍 Enhancing item 3572: Daryl's Shortsword (159/348)
[2025-11-03T12:18:57.902Z] ✅ Enhanced Daryl's Shortsword - Speed: 2.3, DPS: 8.7
[2025-11-03T12:18:57.903Z] 💾 Saved progress to turtle_db/items/weapons/1h-swords.json
[2025-11-03T12:18:59.904Z] 🔍 Enhancing item 3740: Decapitating Sword (160/348)
[2025-11-03T12:19:04.011Z] ✅ Enhanced Decapitating Sword - Speed: 2.6, DPS: 12.3
[2025-11-03T12:19:04.012Z] 💾 Saved progress to turtle_db/items/weapons/1h-swords.json
[2025-11-03T12:19:06.013Z] 🔍 Enhancing item 3849: Hardened Iron Shortsword (161/348)
[2025-11-03T12:19:10.094Z] ✅ Enhanced Hardened Iron Shortsword - Speed: 1.8, DPS: 16.7
[2025-11-03T12:19:10.095Z] 💾 Saved progress to turtle_db/items/weapons/1h-swords.json
[2025-11-03T12:19:12.096Z] 🔍 Enhancing item 3850: Jade Serpentblade (162/348)
[2025-11-03T12:19:16.182Z] ✅ Enhanced Jade Serpentblade - Speed: 2.6, DPS: 18.3
[2025-11-03T12:19:16.184Z] 💾 Saved progress to turtle_db/items/weapons/1h-swords.json
[2025-11-03T12:19:18.185Z] 🔍 Enhancing item 4765: Enamelled Broadsword (163/348)
[2025-11-03T12:19:22.377Z] ✅ Enhanced Enamelled Broadsword - Speed: 2.4, DPS: 7.3
[2025-11-03T12:19:22.379Z] 💾 Saved progress to turtle_db/items/weapons/1h-swords.json
[2025-11-03T12:19:24.380Z] 🔍 Enhancing item 4766: Feral Blade (164/348)
[2025-11-03T12:19:54.382Z] ❌ Error fetching weapon data for item 4766: TimeoutError: Navigation timeout of 30000 ms exceeded
[2025-11-03T12:19:54.382Z] ⚠️ Could not enhance Feral Blade - no speed/DPS data found
[2025-11-03T12:19:56.384Z] 🔍 Enhancing item 4987: Dwarf Captain's Sword (165/348)
[2025-11-03T12:20:12.556Z] ✅ Enhanced Dwarf Captain's Sword - Speed: 2.5, DPS: 26.6
[2025-11-03T12:20:12.557Z] 💾 Saved progress to turtle_db/items/weapons/1h-swords.json
[2025-11-03T12:20:14.558Z] 🔍 Enhancing item 5321: Elegant Shortsword (166/348)
[2025-11-03T12:20:18.667Z] ✅ Enhanced Elegant Shortsword - Speed: 2, DPS: 10
[2025-11-03T12:20:18.668Z] 💾 Saved progress to turtle_db/items/weapons/1h-swords.json
[2025-11-03T12:20:20.670Z] 🔍 Enhancing item 6633: Butcher's Slicer (167/348)
[2025-11-03T12:20:24.751Z] ✅ Enhanced Butcher's Slicer - Speed: 2.9, DPS: 11.6
[2025-11-03T12:20:24.752Z] 💾 Saved progress to turtle_db/items/weapons/1h-swords.json
[2025-11-03T12:20:26.753Z] 🔍 Enhancing item 6967: Elunite Sword (168/348)
[2025-11-03T12:20:30.900Z] ✅ Enhanced Elunite Sword - Speed: 2.1, DPS: 7.6
[2025-11-03T12:20:30.901Z] 💾 Saved progress to turtle_db/items/weapons/1h-swords.json
[2025-11-03T12:20:32.902Z] 🔍 Enhancing item 6985: Haggard's Sword (169/348)
[2025-11-03T12:20:36.905Z] ✅ Enhanced Haggard's Sword - Speed: 2.1, DPS: 7.6
[2025-11-03T12:20:36.906Z] 💾 Saved progress to turtle_db/items/weapons/1h-swords.json
[2025-11-03T12:20:38.907Z] 🔍 Enhancing item 7118: Heirloom Sword (170/348)
[2025-11-03T12:20:42.906Z] ✅ Enhanced Heirloom Sword - Speed: 2.1, DPS: 7.6
[2025-11-03T12:20:42.908Z] 💾 Saved progress to turtle_db/items/weapons/1h-swords.json
[2025-11-03T12:20:44.909Z] 🔍 Enhancing item 7944: Dazzling Mithril Rapier (171/348)
[2025-11-03T12:20:48.909Z] ✅ Enhanced Dazzling Mithril Rapier - Speed: 1.7, DPS: 28.5
[2025-11-03T12:20:48.911Z] 💾 Saved progress to turtle_db/items/weapons/1h-swords.json
[2025-11-03T12:20:50.912Z] 🔍 Enhancing item 8196: Ebon Scimitar (172/348)
[2025-11-03T12:21:08.188Z] ✅ Enhanced Ebon Scimitar - Speed: 1.9, DPS: 25
[2025-11-03T12:21:08.190Z] 💾 Saved progress to turtle_db/items/weapons/1h-swords.json
[2025-11-03T12:21:10.191Z] 🔍 Enhancing item 10696: Enchanted Azsharite Felbane Sword (173/348)
[2025-11-03T12:21:14.273Z] ✅ Enhanced Enchanted Azsharite Felbane Sword - Speed: 2, DPS: 35.8
[2025-11-03T12:21:14.276Z] 💾 Saved progress to turtle_db/items/weapons/1h-swords.json
[2025-11-03T12:21:16.277Z] 🔍 Enhancing item 10803: Blade of the Wretched (174/348)
[2025-11-03T12:21:20.361Z] ✅ Enhanced Blade of the Wretched - Speed: 2.1, DPS: 32.1
[2025-11-03T12:21:20.362Z] 💾 Saved progress to turtle_db/items/weapons/1h-swords.json
[2025-11-03T12:21:22.363Z] 🔍 Enhancing item 11121: Darkwater Talwar (175/348)
[2025-11-03T12:21:26.432Z] ✅ Enhanced Darkwater Talwar - Speed: 2.2, DPS: 13.4
[2025-11-03T12:21:26.433Z] 💾 Saved progress to turtle_db/items/weapons/1h-swords.json
[2025-11-03T12:21:28.434Z] 🔍 Enhancing item 11902: Linken's Sword of Mastery (176/348)
[2025-11-03T12:21:32.504Z] ✅ Enhanced Linken's Sword of Mastery - Speed: 1.8, DPS: 33.3
[2025-11-03T12:21:32.505Z] 💾 Saved progress to turtle_db/items/weapons/1h-swords.json
[2025-11-03T12:21:34.506Z] 🔍 Enhancing item 12061: Blade of Reckoning (177/348)
[2025-11-03T12:21:38.654Z] ✅ Enhanced Blade of Reckoning - Speed: 2.4, DPS: 35.8
[2025-11-03T12:21:38.655Z] 💾 Saved progress to turtle_db/items/weapons/1h-swords.json
[2025-11-03T12:21:40.656Z] 🔍 Enhancing item 14145: Cursed Felblade (178/348)
[2025-11-03T12:21:44.742Z] ✅ Enhanced Cursed Felblade - Speed: 2.6, DPS: 9
[2025-11-03T12:21:44.744Z] 💾 Saved progress to turtle_db/items/weapons/1h-swords.json
[2025-11-03T12:21:46.744Z] 🔍 Enhancing item 15212: Fighter Broadsword (179/348)
[2025-11-03T12:21:50.840Z] ✅ Enhanced Fighter Broadsword - Speed: 2.8, DPS: 13.9
[2025-11-03T12:21:50.841Z] 💾 Saved progress to turtle_db/items/weapons/1h-swords.json
[2025-11-03T12:21:52.842Z] 🔍 Enhancing item 15213: Mercenary Blade (180/348)
[2025-11-03T12:22:13.044Z] ✅ Enhanced Mercenary Blade - Speed: 2.4, DPS: 18.8
[2025-11-03T12:22:13.045Z] 💾 Saved progress to turtle_db/items/weapons/1h-swords.json
[2025-11-03T12:22:15.046Z] 🔍 Enhancing item 15215: Furious Falchion (181/348)
[2025-11-03T12:22:39.320Z] ✅ Enhanced Furious Falchion - Speed: 2.5, DPS: 26.6
[2025-11-03T12:22:39.323Z] 💾 Saved progress to turtle_db/items/weapons/1h-swords.json
[2025-11-03T12:22:41.324Z] 🔍 Enhancing item 15218: Crystal Sword (182/348)
[2025-11-03T12:22:45.416Z] ✅ Enhanced Crystal Sword - Speed: 2.3, DPS: 33.9
[2025-11-03T12:22:45.418Z] 💾 Saved progress to turtle_db/items/weapons/1h-swords.json
[2025-11-03T12:22:47.419Z] 🔍 Enhancing item 15219: Dimensional Blade (183/348)
[2025-11-03T12:23:08.435Z] ✅ Enhanced Dimensional Blade - Speed: 1.6, DPS: 35
[2025-11-03T12:23:08.436Z] 💾 Saved progress to turtle_db/items/weapons/1h-swords.json
[2025-11-03T12:23:10.436Z] 🔍 Enhancing item 15221: Holy War Sword (184/348)
[2025-11-03T12:23:14.550Z] ✅ Enhanced Holy War Sword - Speed: 2.2, DPS: 38.6
[2025-11-03T12:23:14.553Z] 💾 Saved progress to turtle_db/items/weapons/1h-swords.json
[2025-11-03T12:23:16.554Z] 🔍 Enhancing item 15335: Briarsteel Shortsword (185/348)
[2025-11-03T12:23:20.646Z] ✅ Enhanced Briarsteel Shortsword - Speed: 2.5, DPS: 7.2
[2025-11-03T12:23:20.649Z] 💾 Saved progress to turtle_db/items/weapons/1h-swords.json
[2025-11-03T12:23:22.650Z] 🔍 Enhancing item 15800: Intrepid Shortsword (186/348)
[2025-11-03T12:23:26.753Z] ✅ Enhanced Intrepid Shortsword - Speed: 2.1, DPS: 34.5
[2025-11-03T12:23:26.755Z] 💾 Saved progress to turtle_db/items/weapons/1h-swords.json
[2025-11-03T12:23:28.756Z] 🔍 Enhancing item 15814: Hameya's Slayer (187/348)
[2025-11-03T12:23:32.850Z] ✅ Enhanced Hameya's Slayer - Speed: 2, DPS: 35.8
[2025-11-03T12:23:32.852Z] 💾 Saved progress to turtle_db/items/weapons/1h-swords.json
[2025-11-03T12:23:34.853Z] 🔍 Enhancing item 16891: Claystone Shortsword (188/348)
[2025-11-03T12:23:38.961Z] ✅ Enhanced Claystone Shortsword - Speed: 2.2, DPS: 10.5
[2025-11-03T12:23:38.963Z] 💾 Saved progress to turtle_db/items/weapons/1h-swords.json
[2025-11-03T12:23:40.964Z] 🔍 Enhancing item 18957: Brushwood Blade (189/348)
[2025-11-03T12:23:44.966Z] ✅ Enhanced Brushwood Blade - Speed: 3, DPS: 5.3
[2025-11-03T12:23:44.968Z] 💾 Saved progress to turtle_db/items/weapons/1h-swords.json
[2025-11-03T12:23:46.969Z] 🔍 Enhancing item 58018: Inheritance Blade (190/348)
[2025-11-03T12:23:50.968Z] ✅ Enhanced Inheritance Blade - Speed: 2.6, DPS: 19.6
[2025-11-03T12:23:50.970Z] 💾 Saved progress to turtle_db/items/weapons/1h-swords.json
[2025-11-03T12:23:52.972Z] 🔍 Enhancing item 58036: Blade of the Overlord (191/348)
[2025-11-03T12:23:56.970Z] ✅ Enhanced Blade of the Overlord - Speed: 2.1, DPS: 18.8
[2025-11-03T12:23:56.971Z] 💾 Saved progress to turtle_db/items/weapons/1h-swords.json
[2025-11-03T12:23:58.973Z] 🔍 Enhancing item 58154: Brand of Lohengrin (192/348)
[2025-11-03T12:24:02.977Z] ✅ Enhanced Brand of Lohengrin - Speed: 2.6, DPS: 18.3
[2025-11-03T12:24:02.979Z] 💾 Saved progress to turtle_db/items/weapons/1h-swords.json
[2025-11-03T12:24:04.981Z] 🔍 Enhancing item 58282: Mariner's Cutlass (193/348)
[2025-11-03T12:24:08.743Z] ✅ Enhanced Mariner's Cutlass - Speed: 1.9, DPS: 17.1
[2025-11-03T12:24:08.744Z] 💾 Saved progress to turtle_db/items/weapons/1h-swords.json
[2025-11-03T12:24:10.745Z] 🔍 Enhancing item 60200: Infantry Shortblade (194/348)
[2025-11-03T12:24:14.840Z] ✅ Enhanced Infantry Shortblade - Speed: 2.5, DPS: 12.8
[2025-11-03T12:24:14.843Z] 💾 Saved progress to turtle_db/items/weapons/1h-swords.json
[2025-11-03T12:24:16.845Z] 🔍 Enhancing item 60796: Blade of Rotting (195/348)
[2025-11-03T12:24:20.780Z] ✅ Enhanced Blade of Rotting - Speed: 2.2, DPS: 37.7
[2025-11-03T12:24:20.782Z] 💾 Saved progress to turtle_db/items/weapons/1h-swords.json
[2025-11-03T12:24:22.783Z] 🔍 Enhancing item 60845: Blade of Sentinel Hill (196/348)
[2025-11-03T12:24:26.868Z] ✅ Enhanced Blade of Sentinel Hill - Speed: 2.2, DPS: 13
[2025-11-03T12:24:26.870Z] 💾 Saved progress to turtle_db/items/weapons/1h-swords.json
[2025-11-03T12:24:28.871Z] 🔍 Enhancing item 61166: Captain's Moonglaive (197/348)
[2025-11-03T12:24:32.967Z] ✅ Enhanced Captain's Moonglaive - Speed: 2.6, DPS: 18.8
[2025-11-03T12:24:32.969Z] 💾 Saved progress to turtle_db/items/weapons/1h-swords.json
[2025-11-03T12:24:34.970Z] 🔍 Enhancing item 61577: Lieutenant's Sword (198/348)
[2025-11-03T12:24:38.996Z] ✅ Enhanced Lieutenant's Sword - Speed: 2.7, DPS: 27.8
[2025-11-03T12:24:38.998Z] 💾 Saved progress to turtle_db/items/weapons/1h-swords.json
[2025-11-03T12:24:40.999Z] 🔍 Enhancing item 80601: Flesh Cutter (199/348)
[2025-11-03T12:24:45.001Z] ✅ Enhanced Flesh Cutter - Speed: 2.1, DPS: 8.1
[2025-11-03T12:24:45.003Z] 💾 Saved progress to turtle_db/items/weapons/1h-swords.json
[2025-11-03T12:24:47.004Z] 🔍 Enhancing item 81339: Brightwater Cutlass (200/348)
[2025-11-03T12:24:51.005Z] ✅ Enhanced Brightwater Cutlass - Speed: 1.5, DPS: 29.7
[2025-11-03T12:24:51.008Z] 💾 Saved progress to turtle_db/items/weapons/1h-swords.json
[2025-11-03T12:24:53.009Z] 🔍 Enhancing item 727: Notched Shortsword (201/348)
[2025-11-03T12:24:57.010Z] ✅ Enhanced Notched Shortsword - Speed: 2.1, DPS: 5.5
[2025-11-03T12:24:57.012Z] 💾 Saved progress to turtle_db/items/weapons/1h-swords.json
[2025-11-03T12:24:59.014Z] 🔍 Enhancing item 851: Cutlass (202/348)
[2025-11-03T12:25:03.014Z] ✅ Enhanced Cutlass - Speed: 2.2, DPS: 6.8
[2025-11-03T12:25:03.015Z] 💾 Saved progress to turtle_db/items/weapons/1h-swords.json
[2025-11-03T12:25:05.016Z] 🔍 Enhancing item 997: Fire Sword of Crippling (203/348)
[2025-11-03T12:25:08.715Z] ✅ Enhanced Fire Sword of Crippling - Speed: 2, DPS: 0.8
[2025-11-03T12:25:08.716Z] 💾 Saved progress to turtle_db/items/weapons/1h-swords.json
[2025-11-03T12:25:10.716Z] 🔍 Enhancing item 1219: Redridge Machete (204/348)
[2025-11-03T12:25:14.919Z] ✅ Enhanced Redridge Machete - Speed: 2.3, DPS: 8.3
[2025-11-03T12:25:14.922Z] 💾 Saved progress to turtle_db/items/weapons/1h-swords.json
[2025-11-03T12:25:16.924Z] 🔍 Enhancing item 1384: Dull Blade (205/348)
[2025-11-03T12:25:21.024Z] ✅ Enhanced Dull Blade - Speed: 1.9, DPS: 1.1
[2025-11-03T12:25:21.027Z] 💾 Saved progress to turtle_db/items/weapons/1h-swords.json
[2025-11-03T12:25:23.029Z] 🔍 Enhancing item 1469: Scimitar of Atun (206/348)
[2025-11-03T12:25:27.027Z] ✅ Enhanced Scimitar of Atun - Speed: 2.6, DPS: 9.6
[2025-11-03T12:25:27.028Z] 💾 Saved progress to turtle_db/items/weapons/1h-swords.json
[2025-11-03T12:25:29.029Z] 🔍 Enhancing item 2018: Skeletal Longsword (207/348)
[2025-11-03T12:25:32.931Z] ✅ Enhanced Skeletal Longsword - Speed: 2.2, DPS: 13.9
[2025-11-03T12:25:32.935Z] 💾 Saved progress to turtle_db/items/weapons/1h-swords.json
[2025-11-03T12:25:34.936Z] 🔍 Enhancing item 2035: Sword of the Night Sky (208/348)
[2025-11-03T12:25:39.015Z] ✅ Enhanced Sword of the Night Sky - Speed: 1.7, DPS: 12.1
[2025-11-03T12:25:39.016Z] 💾 Saved progress to turtle_db/items/weapons/1h-swords.json
[2025-11-03T12:25:41.017Z] 🔍 Enhancing item 2074: Solid Shortblade (209/348)
[2025-11-03T12:25:45.038Z] ✅ Enhanced Solid Shortblade - Speed: 2.5, DPS: 9.2
[2025-11-03T12:25:45.041Z] 💾 Saved progress to turtle_db/items/weapons/1h-swords.json
[2025-11-03T12:25:47.043Z] 🔍 Enhancing item 2078: Northern Shortsword (210/348)
[2025-11-03T12:26:00.128Z] ✅ Enhanced Northern Shortsword - Speed: 2.2, DPS: 9.1
[2025-11-03T12:26:00.129Z] 💾 Saved progress to turtle_db/items/weapons/1h-swords.json
[2025-11-03T12:26:02.131Z] 🔍 Enhancing item 2258: Frostmane Shortsword (211/348)
[2025-11-03T12:26:06.378Z] ✅ Enhanced Frostmane Shortsword - Speed: 2, DPS: 3.3
[2025-11-03T12:26:06.381Z] 💾 Saved progress to turtle_db/items/weapons/1h-swords.json
[2025-11-03T12:26:08.382Z] 🔍 Enhancing item 2263: Phytoblade (212/348)
[2025-11-03T12:26:12.473Z] ✅ Enhanced Phytoblade - Speed: 2.8, DPS: 12.9
[2025-11-03T12:26:12.475Z] 💾 Saved progress to turtle_db/items/weapons/1h-swords.json
[2025-11-03T12:26:14.476Z] 🔍 Enhancing item 2520: Broadsword (213/348)
[2025-11-03T12:26:18.570Z] ✅ Enhanced Broadsword - Speed: 2.3, DPS: 17.6
[2025-11-03T12:26:18.572Z] 💾 Saved progress to turtle_db/items/weapons/1h-swords.json
[2025-11-03T12:26:20.573Z] 🔍 Enhancing item 2528: Falchion (214/348)
[2025-11-03T12:26:24.649Z] ✅ Enhanced Falchion - Speed: 2.2, DPS: 25.7
[2025-11-03T12:26:24.651Z] 💾 Saved progress to turtle_db/items/weapons/1h-swords.json
[2025-11-03T12:26:26.652Z] 🔍 Enhancing item 2541: Gamemaster's Blade of Frost (215/348)
[2025-11-03T12:26:30.749Z] ✅ Enhanced Gamemaster's Blade of Frost - Speed: 2.2, DPS: 40.7
[2025-11-03T12:26:30.752Z] 💾 Saved progress to turtle_db/items/weapons/1h-swords.json
[2025-11-03T12:26:32.753Z] 🔍 Enhancing item 2847: Copper Shortsword (216/348)
[2025-11-03T12:26:36.842Z] ✅ Enhanced Copper Shortsword - Speed: 2.1, DPS: 3.8
[2025-11-03T12:26:36.844Z] 💾 Saved progress to turtle_db/items/weapons/1h-swords.json
[2025-11-03T12:26:38.845Z] 🔍 Enhancing item 2850: Bronze Shortsword (217/348)
[2025-11-03T12:26:42.923Z] ✅ Enhanced Bronze Shortsword - Speed: 2.1, DPS: 11.2
[2025-11-03T12:26:42.924Z] 💾 Saved progress to turtle_db/items/weapons/1h-swords.json
[2025-11-03T12:26:44.925Z] 🔍 Enhancing item 3186: Viking Sword (218/348)
[2025-11-03T12:26:49.224Z] ✅ Enhanced Viking Sword - Speed: 2.7, DPS: 15.6
[2025-11-03T12:26:49.225Z] 💾 Saved progress to turtle_db/items/weapons/1h-swords.json
[2025-11-03T12:26:51.227Z] 🔍 Enhancing item 3267: Forsaken Shortsword (219/348)
[2025-11-03T12:26:55.066Z] ✅ Enhanced Forsaken Shortsword - Speed: 2.1, DPS: 2.1
[2025-11-03T12:26:55.069Z] 💾 Saved progress to turtle_db/items/weapons/1h-swords.json
[2025-11-03T12:26:57.070Z] 🔍 Enhancing item 3295: Deadman Blade (220/348)
[2025-11-03T12:27:01.152Z] ✅ Enhanced Deadman Blade - Speed: 2.5, DPS: 1.2
[2025-11-03T12:27:01.153Z] 💾 Saved progress to turtle_db/items/weapons/1h-swords.json
[2025-11-03T12:27:03.154Z] 🔍 Enhancing item 3455: Deathstalker Shortsword (221/348)
[2025-11-03T12:27:08.895Z] ✅ Enhanced Deathstalker Shortsword - Speed: 2.1, DPS: 5
[2025-11-03T12:27:08.896Z] 💾 Saved progress to turtle_db/items/weapons/1h-swords.json
[2025-11-03T12:27:10.897Z] 🔍 Enhancing item 3462: Talonstrike (222/348)
[2025-11-03T12:27:14.987Z] ✅ Enhanced Talonstrike - Speed: 1.6, DPS: 12.2
[2025-11-03T12:27:14.989Z] 💾 Saved progress to turtle_db/items/weapons/1h-swords.json
[2025-11-03T12:27:16.991Z] 🔍 Enhancing item 4116: Olmann Sewar (223/348)
[2025-11-03T12:27:21.071Z] ✅ Enhanced Olmann Sewar - Speed: 2.7, DPS: 23
[2025-11-03T12:27:21.073Z] 💾 Saved progress to turtle_db/items/weapons/1h-swords.json
[2025-11-03T12:27:23.074Z] 🔍 Enhancing item 4560: Fine Scimitar (224/348)
[2025-11-03T12:27:27.080Z] ✅ Enhanced Fine Scimitar - Speed: 1.9, DPS: 2.4
[2025-11-03T12:27:27.082Z] 💾 Saved progress to turtle_db/items/weapons/1h-swords.json
[2025-11-03T12:27:29.082Z] 🔍 Enhancing item 4977: Sword of Hammerfall (225/348)
[2025-11-03T12:27:33.084Z] ✅ Enhanced Sword of Hammerfall - Speed: 2.3, DPS: 23
[2025-11-03T12:27:33.086Z] 💾 Saved progress to turtle_db/items/weapons/1h-swords.json
[2025-11-03T12:27:35.087Z] 🔍 Enhancing item 5192: Thief's Blade (226/348)
[2025-11-03T12:27:39.086Z] ✅ Enhanced Thief's Blade - Speed: 1.7, DPS: 11.2
[2025-11-03T12:27:39.088Z] 💾 Saved progress to turtle_db/items/weapons/1h-swords.json
[2025-11-03T12:27:41.089Z] 🔍 Enhancing item 5744: Pale Skinner (227/348)
[2025-11-03T12:27:45.090Z] ✅ Enhanced Pale Skinner - Speed: 2.2, DPS: 6.6
[2025-11-03T12:27:45.091Z] 💾 Saved progress to turtle_db/items/weapons/1h-swords.json
[2025-11-03T12:27:47.092Z] 🔍 Enhancing item 6984: Umbral Sword (228/348)
[2025-11-03T12:27:50.781Z] ✅ Enhanced Umbral Sword - Speed: 2.1, DPS: 7.6
[2025-11-03T12:27:50.783Z] 💾 Saved progress to turtle_db/items/weapons/1h-swords.json
[2025-11-03T12:27:52.784Z] 🔍 Enhancing item 7329: Thun'grim's Sword (229/348)
[2025-11-03T12:27:56.854Z] ✅ Enhanced Thun'grim's Sword - Speed: 2.1, DPS: 7.6
[2025-11-03T12:27:56.856Z] 💾 Saved progress to turtle_db/items/weapons/1h-swords.json
[2025-11-03T12:27:58.857Z] 🔍 Enhancing item 7943: Wicked Mithril Blade (230/348)
[2025-11-03T12:28:02.956Z] ✅ Enhanced Wicked Mithril Blade - Speed: 2.3, DPS: 26.7
[2025-11-03T12:28:02.958Z] 💾 Saved progress to turtle_db/items/weapons/1h-swords.json
[2025-11-03T12:28:04.959Z] 🔍 Enhancing item 8224: Silithid Ripper (231/348)
[2025-11-03T12:28:08.744Z] ✅ Enhanced Silithid Ripper - Speed: 2.3, DPS: 18.9
[2025-11-03T12:28:08.746Z] 💾 Saved progress to turtle_db/items/weapons/1h-swords.json
[2025-11-03T12:28:10.747Z] 🔍 Enhancing item 14391: Durability Sword (232/348)
[2025-11-03T12:28:14.977Z] ✅ Enhanced Durability Sword - Speed: 2.3, DPS: 0.7
[2025-11-03T12:28:14.979Z] 💾 Saved progress to turtle_db/items/weapons/1h-swords.json
[2025-11-03T12:28:16.980Z] 🔍 Enhancing item 15210: Raider Shortsword (233/348)
[2025-11-03T12:28:21.106Z] ✅ Enhanced Raider Shortsword - Speed: 1.9, DPS: 8.2
[2025-11-03T12:28:21.108Z] 💾 Saved progress to turtle_db/items/weapons/1h-swords.json
[2025-11-03T12:28:23.108Z] 🔍 Enhancing item 15211: Militant Shortsword (234/348)
[2025-11-03T12:28:27.111Z] ✅ Enhanced Militant Shortsword - Speed: 2.5, DPS: 11
[2025-11-03T12:28:27.113Z] 💾 Saved progress to turtle_db/items/weapons/1h-swords.json
[2025-11-03T12:28:29.115Z] 🔍 Enhancing item 15214: Nobles Brand (235/348)
[2025-11-03T12:28:33.115Z] ✅ Enhanced Nobles Brand - Speed: 2.1, DPS: 22.1
[2025-11-03T12:28:33.118Z] 💾 Saved progress to turtle_db/items/weapons/1h-swords.json
[2025-11-03T12:28:35.118Z] 🔍 Enhancing item 15216: Rune Sword (236/348)
[2025-11-03T12:28:52.978Z] ✅ Enhanced Rune Sword - Speed: 1.6, DPS: 30.3
[2025-11-03T12:28:52.982Z] 💾 Saved progress to turtle_db/items/weapons/1h-swords.json
[2025-11-03T12:28:54.983Z] 🔍 Enhancing item 15217: Widow Blade (237/348)
[2025-11-03T12:28:59.128Z] ✅ Enhanced Widow Blade - Speed: 2, DPS: 32.3
[2025-11-03T12:28:59.131Z] 💾 Saved progress to turtle_db/items/weapons/1h-swords.json
[2025-11-03T12:29:01.132Z] 🔍 Enhancing item 15705: Tidecrest Blade (238/348)
[2025-11-03T12:29:05.235Z] ✅ Enhanced Tidecrest Blade - Speed: 2.6, DPS: 34
[2025-11-03T12:29:05.237Z] 💾 Saved progress to turtle_db/items/weapons/1h-swords.json
[2025-11-03T12:29:07.238Z] 🔍 Enhancing item 15801: Valiant Shortsword (239/348)
[2025-11-03T12:29:11.122Z] ✅ Enhanced Valiant Shortsword - Speed: 2.1, DPS: 34.5
[2025-11-03T12:29:11.125Z] 💾 Saved progress to turtle_db/items/weapons/1h-swords.json
[2025-11-03T12:29:13.126Z] 🔍 Enhancing item 16890: Slatemetal Cutlass (240/348)
[2025-11-03T12:29:17.208Z] ✅ Enhanced Slatemetal Cutlass - Speed: 2.2, DPS: 12.3
[2025-11-03T12:29:17.209Z] 💾 Saved progress to turtle_db/items/weapons/1h-swords.json
[2025-11-03T12:29:19.211Z] 🔍 Enhancing item 18463: Ogre Pocket Knife (241/348)
[2025-11-03T12:29:23.125Z] ✅ Enhanced Ogre Pocket Knife - Speed: 2.4, DPS: 35.8
[2025-11-03T12:29:23.128Z] 💾 Saved progress to turtle_db/items/weapons/1h-swords.json
[2025-11-03T12:29:25.130Z] 🔍 Enhancing item 19040: Zorbin's Mega-Slicer (242/348)
[2025-11-03T12:29:29.227Z] ✅ Enhanced Zorbin's Mega-Slicer - Speed: 2.3, DPS: 28.7
[2025-11-03T12:29:29.229Z] 💾 Saved progress to turtle_db/items/weapons/1h-swords.json
[2025-11-03T12:29:31.231Z] 🔍 Enhancing item 41024: Barnacle-covered Scimitar (243/348)
[2025-11-03T12:29:35.058Z] ✅ Enhanced Barnacle-covered Scimitar - Speed: 2.1, DPS: 2.1
[2025-11-03T12:29:35.063Z] 💾 Saved progress to turtle_db/items/weapons/1h-swords.json
[2025-11-03T12:29:37.064Z] 🔍 Enhancing item 51041: Falchion of the Templar (244/348)
[2025-11-03T12:29:41.153Z] ✅ Enhanced Falchion of the Templar - Speed: 1, DPS: 1.5
[2025-11-03T12:29:41.156Z] 💾 Saved progress to turtle_db/items/weapons/1h-swords.json
[2025-11-03T12:29:43.157Z] 🔍 Enhancing item 51793: Otherworldly Blade (245/348)
[2025-11-03T12:29:47.132Z] ✅ Enhanced Otherworldly Blade - Speed: 2.1, DPS: 24
[2025-11-03T12:29:47.133Z] 💾 Saved progress to turtle_db/items/weapons/1h-swords.json
[2025-11-03T12:29:49.134Z] 🔍 Enhancing item 60169: Sorrowguard Shortsword (246/348)
[2025-11-03T12:29:53.234Z] ✅ Enhanced Sorrowguard Shortsword - Speed: 2.4, DPS: 24
[2025-11-03T12:29:53.235Z] 💾 Saved progress to turtle_db/items/weapons/1h-swords.json
[2025-11-03T12:29:55.237Z] 🔍 Enhancing item 60764: The Dune Blade (247/348)
[2025-11-03T12:29:59.138Z] ✅ Enhanced The Dune Blade - Speed: 2.2, DPS: 32.3
[2025-11-03T12:29:59.140Z] 💾 Saved progress to turtle_db/items/weapons/1h-swords.json
[2025-11-03T12:30:01.141Z] 🔍 Enhancing item 61373: Venom Infused Blade (248/348)
[2025-11-03T12:30:05.235Z] ✅ Enhanced Venom Infused Blade - Speed: 2.5, DPS: 4.2
[2025-11-03T12:30:05.236Z] 💾 Saved progress to turtle_db/items/weapons/1h-swords.json
[2025-11-03T12:30:07.237Z] 🔍 Enhancing item 61529: Pirate's Scimitar (249/348)
[2025-11-03T12:30:10.978Z] ✅ Enhanced Pirate's Scimitar - Speed: 2.4, DPS: 31.5
[2025-11-03T12:30:10.982Z] 💾 Saved progress to turtle_db/items/weapons/1h-swords.json
[2025-11-03T12:30:12.983Z] 🔍 Enhancing item 80501: Sturdy Broadsword (250/348)
[2025-11-03T12:30:17.148Z] ✅ Enhanced Sturdy Broadsword - Speed: 2.1, DPS: 8.1
[2025-11-03T12:30:17.150Z] 💾 Saved progress to turtle_db/items/weapons/1h-swords.json
[2025-11-03T12:30:19.150Z] 🔍 Enhancing item 25: Worn Shortsword (251/348)
[2025-11-03T12:30:23.142Z] ✅ Enhanced Worn Shortsword - Speed: 1.9, DPS: 1.1
[2025-11-03T12:30:23.144Z] 💾 Saved progress to turtle_db/items/weapons/1h-swords.json
[2025-11-03T12:30:25.144Z] 🔍 Enhancing item 923: Longsword (252/348)
[2025-11-03T12:30:29.250Z] ✅ Enhanced Longsword - Speed: 2.3, DPS: 12.2
[2025-11-03T12:30:29.252Z] 💾 Saved progress to turtle_db/items/weapons/1h-swords.json
[2025-11-03T12:30:31.253Z] 🔍 Enhancing item 945: Shadow Sword (253/348)
[2025-11-03T12:30:35.145Z] ✅ Enhanced Shadow Sword - Speed: 2, DPS: 0.8
[2025-11-03T12:30:35.147Z] 💾 Saved progress to turtle_db/items/weapons/1h-swords.json
[2025-11-03T12:30:37.148Z] 🔍 Enhancing item 948: Nature Sword (254/348)
[2025-11-03T12:30:41.247Z] ✅ Enhanced Nature Sword - Speed: 2, DPS: 0.8
[2025-11-03T12:30:41.250Z] 💾 Saved progress to turtle_db/items/weapons/1h-swords.json
[2025-11-03T12:30:43.250Z] 🔍 Enhancing item 1008: Well-used Sword (255/348)
[2025-11-03T12:30:46.978Z] ✅ Enhanced Well-used Sword - Speed: 2.1, DPS: 4.3
[2025-11-03T12:30:46.983Z] 💾 Saved progress to turtle_db/items/weapons/1h-swords.json
[2025-11-03T12:30:48.984Z] 🔍 Enhancing item 1161: Militia Shortsword (256/348)
[2025-11-03T12:30:53.158Z] ✅ Enhanced Militia Shortsword - Speed: 2.5, DPS: 2
[2025-11-03T12:30:53.160Z] 💾 Saved progress to turtle_db/items/weapons/1h-swords.json
[2025-11-03T12:30:55.161Z] 🔍 Enhancing item 1413: Feeble Sword (257/348)
[2025-11-03T12:30:59.152Z] ✅ Enhanced Feeble Sword - Speed: 2, DPS: 2.5
[2025-11-03T12:30:59.154Z] 💾 Saved progress to turtle_db/items/weapons/1h-swords.json
[2025-11-03T12:31:01.156Z] 🔍 Enhancing item 1511: Commoner's Sword (258/348)
[2025-11-03T12:31:08.719Z] ✅ Enhanced Commoner's Sword - Speed: 2.3, DPS: 3.9
[2025-11-03T12:31:08.722Z] 💾 Saved progress to turtle_db/items/weapons/1h-swords.json
[2025-11-03T12:31:10.724Z] 🔍 Enhancing item 2027: Scimitar (259/348)
[2025-11-03T12:31:14.819Z] ✅ Enhanced Scimitar - Speed: 2.3, DPS: 8.7
[2025-11-03T12:31:14.821Z] 💾 Saved progress to turtle_db/items/weapons/1h-swords.json
[2025-11-03T12:31:16.822Z] 🔍 Enhancing item 2057: Pitted Defias Shortsword (260/348)
[2025-11-03T12:31:21.044Z] ✅ Enhanced Pitted Defias Shortsword - Speed: 2, DPS: 1.5
[2025-11-03T12:31:21.045Z] 💾 Saved progress to turtle_db/items/weapons/1h-swords.json
[2025-11-03T12:31:23.046Z] 🔍 Enhancing item 2065: Rockjaw Blade (261/348)
[2025-11-03T12:31:27.168Z] ✅ Enhanced Rockjaw Blade - Speed: 2.1, DPS: 3.8
[2025-11-03T12:31:27.170Z] 💾 Saved progress to turtle_db/items/weapons/1h-swords.json
[2025-11-03T12:31:29.171Z] 🔍 Enhancing item 2131: Shortsword (262/348)
[2025-11-03T12:31:33.429Z] ✅ Enhanced Shortsword - Speed: 2.6, DPS: 1.2
[2025-11-03T12:31:33.431Z] 💾 Saved progress to turtle_db/items/weapons/1h-swords.json
[2025-11-03T12:31:35.432Z] 🔍 Enhancing item 2147: Monster - Sword, Falchion (263/348)
[2025-11-03T12:31:39.599Z] ✅ Enhanced Monster - Sword, Falchion - Speed: 2, DPS: 0.8
[2025-11-03T12:31:39.601Z] 💾 Saved progress to turtle_db/items/weapons/1h-swords.json
[2025-11-03T12:31:41.602Z] 🔍 Enhancing item 2268: Stonesplinter Blade (264/348)
[2025-11-03T12:31:45.830Z] ✅ Enhanced Stonesplinter Blade - Speed: 2, DPS: 4.5
[2025-11-03T12:31:45.831Z] 💾 Saved progress to turtle_db/items/weapons/1h-swords.json
[2025-11-03T12:31:47.832Z] 🔍 Enhancing item 2282: Rodentia Shortsword (265/348)
[2025-11-03T12:31:51.934Z] ✅ Enhanced Rodentia Shortsword - Speed: 2.3, DPS: 4.3
[2025-11-03T12:31:51.936Z] 💾 Saved progress to turtle_db/items/weapons/1h-swords.json
[2025-11-03T12:31:53.938Z] 🔍 Enhancing item 2481: Peon Sword (266/348)
[2025-11-03T12:31:58.103Z] ✅ Enhanced Peon Sword - Speed: 2.4, DPS: 1.5
[2025-11-03T12:31:58.105Z] 💾 Saved progress to turtle_db/items/weapons/1h-swords.json
[2025-11-03T12:32:00.107Z] 🔍 Enhancing item 2488: Gladius (267/348)
[2025-11-03T12:32:04.184Z] ✅ Enhanced Gladius - Speed: 2.1, DPS: 3.8
[2025-11-03T12:32:04.186Z] 💾 Saved progress to turtle_db/items/weapons/1h-swords.json
[2025-11-03T12:32:06.187Z] 🔍 Enhancing item 2496: Raider Shortsword (268/348)
[2025-11-03T12:32:10.190Z] ✅ Enhanced Raider Shortsword - Speed: 2.5, DPS: 3.2
[2025-11-03T12:32:10.193Z] 💾 Saved progress to turtle_db/items/weapons/1h-swords.json
[2025-11-03T12:32:12.194Z] 🔍 Enhancing item 2540: Gamemaster's Blade of Silence (269/348)
[2025-11-03T12:32:16.189Z] ✅ Enhanced Gamemaster's Blade of Silence - Speed: 2.2, DPS: 40.7
[2025-11-03T12:32:16.191Z] 💾 Saved progress to turtle_db/items/weapons/1h-swords.json
[2025-11-03T12:32:18.192Z] 🔍 Enhancing item 3278: Aura Proc Damage Sword (270/348)
[2025-11-03T12:32:22.193Z] ✅ Enhanced Aura Proc Damage Sword - Speed: 2, DPS: 9.5
[2025-11-03T12:32:22.194Z] 💾 Saved progress to turtle_db/items/weapons/1h-swords.json
[2025-11-03T12:32:24.195Z] 🔍 Enhancing item 3319: Short Sabre (271/348)
[2025-11-03T12:32:28.197Z] ✅ Enhanced Short Sabre - Speed: 1.9, DPS: 3.9
[2025-11-03T12:32:28.200Z] 💾 Saved progress to turtle_db/items/weapons/1h-swords.json
[2025-11-03T12:32:30.201Z] 🔍 Enhancing item 3783: Light Scimitar (272/348)
[2025-11-03T12:32:34.199Z] ✅ Enhanced Light Scimitar - Speed: 1.9, DPS: 11.3
[2025-11-03T12:32:34.200Z] 💾 Saved progress to turtle_db/items/weapons/1h-swords.json
[2025-11-03T12:32:36.201Z] 🔍 Enhancing item 3935: Smotts' Cutlass (273/348)
[2025-11-03T12:32:40.207Z] ✅ Enhanced Smotts' Cutlass - Speed: 1.9, DPS: 11.6
[2025-11-03T12:32:40.209Z] 💾 Saved progress to turtle_db/items/weapons/1h-swords.json
[2025-11-03T12:32:42.210Z] 🔍 Enhancing item 4932: Harpy Wing Clipper (274/348)
[2025-11-03T12:32:46.209Z] ✅ Enhanced Harpy Wing Clipper - Speed: 2.6, DPS: 5
[2025-11-03T12:32:46.211Z] 💾 Saved progress to turtle_db/items/weapons/1h-swords.json
[2025-11-03T12:32:48.212Z] 🔍 Enhancing item 5305: Monster - Sword, Broadsword Silver Hilt (275/348)
[2025-11-03T12:32:52.210Z] ✅ Enhanced Monster - Sword, Broadsword Silver Hilt - Speed: 1.7, DPS: 0.9
[2025-11-03T12:32:52.211Z] 💾 Saved progress to turtle_db/items/weapons/1h-swords.json
[2025-11-03T12:32:54.212Z] 🔍 Enhancing item 5586: Thistlewood Blade (276/348)
[2025-11-03T12:32:58.215Z] ✅ Enhanced Thistlewood Blade - Speed: 2.2, DPS: 2
[2025-11-03T12:32:58.217Z] 💾 Saved progress to turtle_db/items/weapons/1h-swords.json
[2025-11-03T12:33:00.218Z] 🔍 Enhancing item 12304: Monster - Sword, Horde Broad Pointed (277/348)
[2025-11-03T12:33:04.054Z] ✅ Enhanced Monster - Sword, Horde Broad Pointed - Speed: 2, DPS: 0.8
[2025-11-03T12:33:04.056Z] 💾 Saved progress to turtle_db/items/weapons/1h-swords.json
[2025-11-03T12:33:06.057Z] 🔍 Enhancing item 12944: Monster - Sword, Golden Long (278/348)
[2025-11-03T12:33:10.222Z] ✅ Enhanced Monster - Sword, Golden Long - Speed: 2, DPS: 0.8
[2025-11-03T12:33:10.225Z] 💾 Saved progress to turtle_db/items/weapons/1h-swords.json
[2025-11-03T12:33:12.226Z] 🔍 Enhancing item 12993: Monster - Sword, Green Gold Scimitar (279/348)
[2025-11-03T12:33:16.223Z] ✅ Enhanced Monster - Sword, Green Gold Scimitar - Speed: 2, DPS: 0.8
[2025-11-03T12:33:16.225Z] 💾 Saved progress to turtle_db/items/weapons/1h-swords.json
[2025-11-03T12:33:18.226Z] 🔍 Enhancing item 13222: Monster - Sword, Flaming Crimson Battlemage Longsword (280/348)
[2025-11-03T12:33:22.224Z] ✅ Enhanced Monster - Sword, Flaming Crimson Battlemage Longsword - Speed: 2, DPS: 0.8
[2025-11-03T12:33:22.225Z] 💾 Saved progress to turtle_db/items/weapons/1h-swords.json
[2025-11-03T12:33:24.226Z] 🔍 Enhancing item 13504: Monster - Sword, Doomguard (281/348)
[2025-11-03T12:33:28.227Z] ✅ Enhanced Monster - Sword, Doomguard - Speed: 2, DPS: 0.8
[2025-11-03T12:33:28.229Z] 💾 Saved progress to turtle_db/items/weapons/1h-swords.json
[2025-11-03T12:33:30.230Z] 🔍 Enhancing item 13816: Fine Longsword (282/348)
[2025-11-03T12:33:34.229Z] ✅ Enhanced Fine Longsword - Speed: 2.2, DPS: 18.4
[2025-11-03T12:33:34.230Z] 💾 Saved progress to turtle_db/items/weapons/1h-swords.json
[2025-11-03T12:33:36.231Z] 🔍 Enhancing item 14085: Monster - Glaive Vol'jin (283/348)
[2025-11-03T12:33:39.949Z] ✅ Enhanced Monster - Glaive Vol'jin - Speed: 2, DPS: 0.8
[2025-11-03T12:33:39.951Z] 💾 Saved progress to turtle_db/items/weapons/1h-swords.json
[2025-11-03T12:33:41.952Z] 🔍 Enhancing item 14871: Monster - Sword, Horde C02 Purple (284/348)
[2025-11-03T12:33:46.034Z] ✅ Enhanced Monster - Sword, Horde C02 Purple - Speed: 2, DPS: 0.8
[2025-11-03T12:33:46.036Z] 💾 Saved progress to turtle_db/items/weapons/1h-swords.json
[2025-11-03T12:33:48.037Z] 🔍 Enhancing item 17382: Moonshadow Glaive (285/348)
[2025-11-03T12:33:52.125Z] ✅ Enhanced Moonshadow Glaive - Speed: 2.3, DPS: 0.7
[2025-11-03T12:33:52.126Z] 💾 Saved progress to turtle_db/items/weapons/1h-swords.json
[2025-11-03T12:33:54.127Z] 🔍 Enhancing item 18610: Keen Machete (286/348)
[2025-11-03T12:33:58.223Z] ✅ Enhanced Keen Machete - Speed: 1.8, DPS: 2.5
[2025-11-03T12:33:58.226Z] 💾 Saved progress to turtle_db/items/weapons/1h-swords.json
[2025-11-03T12:34:00.227Z] 🔍 Enhancing item 21573: Monster - Sword, 1H Alliance PvP (287/348)
[2025-11-03T12:34:04.246Z] ✅ Enhanced Monster - Sword, 1H Alliance PvP - Speed: 2, DPS: 0.8
[2025-11-03T12:34:04.249Z] 💾 Saved progress to turtle_db/items/weapons/1h-swords.json
[2025-11-03T12:34:06.249Z] 🔍 Enhancing item 22738: Monster - Sword, 1H Uber Demon Blade (288/348)
[2025-11-03T12:34:10.249Z] ✅ Enhanced Monster - Sword, 1H Uber Demon Blade - Speed: 3.3, DPS: 0.6
[2025-11-03T12:34:10.252Z] 💾 Saved progress to turtle_db/items/weapons/1h-swords.json
[2025-11-03T12:34:12.253Z] 🔍 Enhancing item 23743: Monster - Sword 1H - Widow's Remorse (289/348)
[2025-11-03T12:34:16.255Z] ✅ Enhanced Monster - Sword 1H - Widow's Remorse - Speed: 2, DPS: 0.8
[2025-11-03T12:34:16.257Z] 💾 Saved progress to turtle_db/items/weapons/1h-swords.json
[2025-11-03T12:34:18.258Z] 🔍 Enhancing item 41111: Marauder Blade (290/348)
[2025-11-03T12:34:22.257Z] ✅ Enhanced Marauder Blade - Speed: 2.2, DPS: 2
[2025-11-03T12:34:22.257Z] 💾 Saved progress to turtle_db/items/weapons/1h-swords.json
[2025-11-03T12:34:24.259Z] 🔍 Enhancing item 41155: Lynx Sword (291/348)
[2025-11-03T12:34:28.263Z] ✅ Enhanced Lynx Sword - Speed: 2.5, DPS: 3.2
[2025-11-03T12:34:28.265Z] 💾 Saved progress to turtle_db/items/weapons/1h-swords.json
[2025-11-03T12:34:30.266Z] 🔍 Enhancing item 50030: Zaman's Claw (292/348)
[2025-11-03T12:34:34.265Z] ✅ Enhanced Zaman's Claw - Speed: 2.3, DPS: 0.7
[2025-11-03T12:34:34.267Z] 💾 Saved progress to turtle_db/items/weapons/1h-swords.json
[2025-11-03T12:34:36.267Z] 🔍 Enhancing item 50031: Raytaf's Claw (293/348)
[2025-11-03T12:34:40.267Z] ✅ Enhanced Raytaf's Claw - Speed: 2.3, DPS: 0.7
[2025-11-03T12:34:40.269Z] 💾 Saved progress to turtle_db/items/weapons/1h-swords.json
[2025-11-03T12:34:42.270Z] 🔍 Enhancing item 50094: Sword of a Thousand Truths (294/348)
[2025-11-03T12:34:46.273Z] ✅ Enhanced Sword of a Thousand Truths - Speed: 2.3, DPS: 0.7
[2025-11-03T12:34:46.275Z] 💾 Saved progress to turtle_db/items/weapons/1h-swords.json
[2025-11-03T12:34:48.276Z] 🔍 Enhancing item 61751: Monster, Sword - Kheyna (295/348)
[2025-11-03T12:34:52.047Z] ⚠️ Could not enhance Monster, Sword - Kheyna - no speed/DPS data found
[2025-11-03T12:34:54.048Z] 🔍 Enhancing item 61752: Monster, Sword - Kheyna (296/348)
[2025-11-03T12:34:58.133Z] ⚠️ Could not enhance Monster, Sword - Kheyna - no speed/DPS data found
[2025-11-03T12:35:00.135Z] 🔍 Enhancing item 61773: Monster - Kamio Fan (297/348)
[2025-11-03T12:35:04.142Z] ⚠️ Could not enhance Monster - Kamio Fan - no speed/DPS data found
[2025-11-03T12:35:06.143Z] 🔍 Enhancing item 81276: Monster, Sword - Kheyna (298/348)
[2025-11-03T12:35:10.232Z] ⚠️ Could not enhance Monster, Sword - Kheyna - no speed/DPS data found
[2025-11-03T12:35:12.233Z] 🔍 Enhancing item 83007: Monster, Frostmourne (299/348)
[2025-11-03T12:35:16.284Z] ⚠️ Could not enhance Monster, Frostmourne - no speed/DPS data found
[2025-11-03T12:35:18.286Z] 🔍 Enhancing item 1817: Stock Shortsword (300/348)
[2025-11-03T12:35:27.944Z] ✅ Enhanced Stock Shortsword - Speed: 1.8, DPS: 5.8
[2025-11-03T12:35:27.948Z] 💾 Saved progress to turtle_db/items/weapons/1h-swords.json
[2025-11-03T12:35:29.949Z] 🔍 Enhancing item 1821: Warped Blade (301/348)
[2025-11-03T12:35:34.058Z] ✅ Enhanced Warped Blade - Speed: 1.6, DPS: 7.2
[2025-11-03T12:35:34.060Z] 💾 Saved progress to turtle_db/items/weapons/1h-swords.json
[2025-11-03T12:35:36.062Z] 🔍 Enhancing item 1829: Short Cutlass (302/348)
[2025-11-03T12:35:40.165Z] ✅ Enhanced Short Cutlass - Speed: 2.7, DPS: 9.1
[2025-11-03T12:35:40.167Z] 💾 Saved progress to turtle_db/items/weapons/1h-swords.json
[2025-11-03T12:35:42.167Z] 🔍 Enhancing item 1895: Monster - Sword, Short Rusty (303/348)
[2025-11-03T12:35:46.342Z] ✅ Enhanced Monster - Sword, Short Rusty - Speed: 2, DPS: 0.8
[2025-11-03T12:35:46.345Z] 💾 Saved progress to turtle_db/items/weapons/1h-swords.json
[2025-11-03T12:35:48.346Z] 🔍 Enhancing item 1896: Monster - Sword, Short Basic (304/348)
[2025-11-03T12:35:52.527Z] ✅ Enhanced Monster - Sword, Short Basic - Speed: 2, DPS: 0.8
[2025-11-03T12:35:52.529Z] 💾 Saved progress to turtle_db/items/weapons/1h-swords.json
[2025-11-03T12:35:54.530Z] 🔍 Enhancing item 1897: Monster - Sword, Scimitar Basic (305/348)
[2025-11-03T12:35:58.710Z] ✅ Enhanced Monster - Sword, Scimitar Basic - Speed: 2, DPS: 0.8
[2025-11-03T12:35:58.711Z] 💾 Saved progress to turtle_db/items/weapons/1h-swords.json
[2025-11-03T12:36:00.713Z] 🔍 Enhancing item 1899: Monster - Sword, Long Basic (306/348)
[2025-11-03T12:36:04.894Z] ✅ Enhanced Monster - Sword, Long Basic - Speed: 2, DPS: 0.8
[2025-11-03T12:36:04.896Z] 💾 Saved progress to turtle_db/items/weapons/1h-swords.json
[2025-11-03T12:36:06.897Z] 🔍 Enhancing item 1900: Monster - Thieves Blade (307/348)
[2025-11-03T12:36:11.063Z] ✅ Enhanced Monster - Thieves Blade - Speed: 2, DPS: 0.8
[2025-11-03T12:36:11.067Z] 💾 Saved progress to turtle_db/items/weapons/1h-swords.json
[2025-11-03T12:36:13.068Z] 🔍 Enhancing item 2178: Monster - Sword, Long Ornate (308/348)
[2025-11-03T12:36:17.238Z] ✅ Enhanced Monster - Sword, Long Ornate - Speed: 2, DPS: 0.8
[2025-11-03T12:36:17.239Z] 💾 Saved progress to turtle_db/items/weapons/1h-swords.json
[2025-11-03T12:36:19.239Z] 🔍 Enhancing item 2179: Monster - Sword, Scimitar Badass (309/348)
[2025-11-03T12:36:23.324Z] ✅ Enhanced Monster - Sword, Scimitar Badass - Speed: 2, DPS: 0.8
[2025-11-03T12:36:23.326Z] 💾 Saved progress to turtle_db/items/weapons/1h-swords.json
[2025-11-03T12:36:25.328Z] 🔍 Enhancing item 2180: Monster - Sword, Short Ornate (310/348)
[2025-11-03T12:36:29.326Z] ✅ Enhanced Monster - Sword, Short Ornate - Speed: 2, DPS: 0.8
[2025-11-03T12:36:29.330Z] 💾 Saved progress to turtle_db/items/weapons/1h-swords.json
[2025-11-03T12:36:31.331Z] 🔍 Enhancing item 3364: Monster - Sword, Rapier (311/348)
[2025-11-03T12:36:35.328Z] ✅ Enhanced Monster - Sword, Rapier - Speed: 2, DPS: 0.8
[2025-11-03T12:36:35.329Z] 💾 Saved progress to turtle_db/items/weapons/1h-swords.json
[2025-11-03T12:36:37.331Z] 🔍 Enhancing item 4017: Sharp Shortsword (312/348)
[2025-11-03T12:36:41.330Z] ✅ Enhanced Sharp Shortsword - Speed: 1.8, DPS: 16.4
[2025-11-03T12:36:41.332Z] 💾 Saved progress to turtle_db/items/weapons/1h-swords.json
[2025-11-03T12:36:43.333Z] 🔍 Enhancing item 5502: Monster - Sword2H, Broadsword (1H, Special) (313/348)
[2025-11-03T12:36:47.333Z] ✅ Enhanced Monster - Sword2H, Broadsword (1H, Special) - Speed: 2.6, DPS: 0.8
[2025-11-03T12:36:47.335Z] 💾 Saved progress to turtle_db/items/weapons/1h-swords.json
[2025-11-03T12:36:49.335Z] 🔍 Enhancing item 10613: Monster - Sword, Katana (314/348)
[2025-11-03T12:36:53.340Z] ✅ Enhanced Monster - Sword, Katana - Speed: 2, DPS: 0.8
[2025-11-03T12:36:53.341Z] 💾 Saved progress to turtle_db/items/weapons/1h-swords.json
[2025-11-03T12:36:55.343Z] 🔍 Enhancing item 10614: Monster - Sword, Horde Sword Black (315/348)
[2025-11-03T12:36:59.446Z] ✅ Enhanced Monster - Sword, Horde Sword Black - Speed: 2, DPS: 0.8
[2025-11-03T12:36:59.449Z] 💾 Saved progress to turtle_db/items/weapons/1h-swords.json
[2025-11-03T12:37:01.449Z] 🔍 Enhancing item 10615: Monster - Sword, Horde Sword Red (316/348)
[2025-11-03T12:37:22.015Z] ✅ Enhanced Monster - Sword, Horde Sword Red - Speed: 2, DPS: 0.8
[2025-11-03T12:37:22.018Z] 💾 Saved progress to turtle_db/items/weapons/1h-swords.json
[2025-11-03T12:37:24.019Z] 🔍 Enhancing item 10825: Monster - Sword, Red Long (317/348)
[2025-11-03T12:37:28.103Z] ✅ Enhanced Monster - Sword, Red Long - Speed: 2, DPS: 0.8
[2025-11-03T12:37:28.104Z] 💾 Saved progress to turtle_db/items/weapons/1h-swords.json
[2025-11-03T12:37:30.105Z] 🔍 Enhancing item 10878: Monster - Sword, Horde Jagged Green (318/348)
[2025-11-03T12:37:34.193Z] ✅ Enhanced Monster - Sword, Horde Jagged Green - Speed: 2, DPS: 0.8
[2025-11-03T12:37:34.195Z] 💾 Saved progress to turtle_db/items/weapons/1h-swords.json
[2025-11-03T12:37:36.196Z] 🔍 Enhancing item 10898: Monster - Sword, Horde Sword Centurion (319/348)
[2025-11-03T12:37:40.293Z] ✅ Enhanced Monster - Sword, Horde Sword Centurion - Speed: 2, DPS: 0.8
[2025-11-03T12:37:40.296Z] 💾 Saved progress to turtle_db/items/weapons/1h-swords.json
[2025-11-03T12:37:42.297Z] 🔍 Enhancing item 11019: Monster - Sword, Horde Jagged Bloody (320/348)
[2025-11-03T12:37:46.463Z] ✅ Enhanced Monster - Sword, Horde Jagged Bloody - Speed: 2, DPS: 0.8
[2025-11-03T12:37:46.464Z] 💾 Saved progress to turtle_db/items/weapons/1h-swords.json
[2025-11-03T12:37:48.465Z] 🔍 Enhancing item 11025: Monster - Sword, Katana 2H (321/348)
[2025-11-03T12:37:52.559Z] ✅ Enhanced Monster - Sword, Katana 2H - Speed: 2, DPS: 0.8
[2025-11-03T12:37:52.560Z] 💾 Saved progress to turtle_db/items/weapons/1h-swords.json
[2025-11-03T12:37:54.561Z] 🔍 Enhancing item 11042: Monster - Sword, Horde Jagged w/ Bolts (322/348)
[2025-11-03T12:38:00.362Z] ✅ Enhanced Monster - Sword, Horde Jagged w/ Bolts - Speed: 2, DPS: 0.8
[2025-11-03T12:38:00.364Z] 💾 Saved progress to turtle_db/items/weapons/1h-swords.json
[2025-11-03T12:38:02.365Z] 🔍 Enhancing item 12142: Monster - Sword, Thick/Fat Blade (323/348)
[2025-11-03T12:38:06.466Z] ✅ Enhanced Monster - Sword, Thick/Fat Blade - Speed: 2, DPS: 0.8
[2025-11-03T12:38:06.468Z] 💾 Saved progress to turtle_db/items/weapons/1h-swords.json
[2025-11-03T12:38:08.470Z] 🔍 Enhancing item 12297: Monster - Sword, Horde Jagged Brown (324/348)
[2025-11-03T12:38:12.367Z] ✅ Enhanced Monster - Sword, Horde Jagged Brown - Speed: 2, DPS: 0.8
[2025-11-03T12:38:12.368Z] 💾 Saved progress to turtle_db/items/weapons/1h-swords.json
[2025-11-03T12:38:14.368Z] 🔍 Enhancing item 12593: Monster - Sword, Horde Sword Bronze (325/348)
[2025-11-03T12:38:18.373Z] ✅ Enhanced Monster - Sword, Horde Sword Bronze - Speed: 2, DPS: 0.8
[2025-11-03T12:38:18.376Z] 💾 Saved progress to turtle_db/items/weapons/1h-swords.json
[2025-11-03T12:38:20.376Z] 🔍 Enhancing item 12890: Monster - Sword, Militia Long Sword (326/348)
[2025-11-03T12:38:24.377Z] ✅ Enhanced Monster - Sword, Militia Long Sword - Speed: 2, DPS: 0.8
[2025-11-03T12:38:24.380Z] 💾 Saved progress to turtle_db/items/weapons/1h-swords.json
[2025-11-03T12:38:26.381Z] 🔍 Enhancing item 12892: Monster - Sword1H, Dark Short Sword (327/348)
[2025-11-03T12:38:30.381Z] ✅ Enhanced Monster - Sword1H, Dark Short Sword - Speed: 2, DPS: 0.8
[2025-11-03T12:38:30.382Z] 💾 Saved progress to turtle_db/items/weapons/1h-swords.json
[2025-11-03T12:38:32.384Z] 🔍 Enhancing item 13165: Monster - Sword, Long Silver - Green Pommel (328/348)
[2025-11-03T12:38:36.466Z] ✅ Enhanced Monster - Sword, Long Silver - Green Pommel - Speed: 2, DPS: 0.8
[2025-11-03T12:38:36.469Z] 💾 Saved progress to turtle_db/items/weapons/1h-swords.json
[2025-11-03T12:38:38.470Z] 🔍 Enhancing item 13627: Monster - Sword, Horde Jagged Blue (329/348)
[2025-11-03T12:38:42.558Z] ✅ Enhanced Monster - Sword, Horde Jagged Blue - Speed: 2, DPS: 0.8
[2025-11-03T12:38:42.560Z] 💾 Saved progress to turtle_db/items/weapons/1h-swords.json
[2025-11-03T12:38:44.561Z] 🔍 Enhancing item 13707: Monster - Sword, Horde Sword B04 Black (330/348)
[2025-11-03T12:38:48.665Z] ✅ Enhanced Monster - Sword, Horde Sword B04 Black - Speed: 2, DPS: 0.8
[2025-11-03T12:38:48.668Z] 💾 Saved progress to turtle_db/items/weapons/1h-swords.json
[2025-11-03T12:38:50.669Z] 🔍 Enhancing item 13718: Monster - Sword, Horde Jagged Red (331/348)
[2025-11-03T12:38:54.761Z] ✅ Enhanced Monster - Sword, Horde Jagged Red - Speed: 2, DPS: 0.8
[2025-11-03T12:38:54.763Z] 💾 Saved progress to turtle_db/items/weapons/1h-swords.json
[2025-11-03T12:38:56.765Z] 🔍 Enhancing item 13719: Monster - Sword, Horde Jagged Red w/ Low Yellow Glow (332/348)
[2025-11-03T12:39:00.938Z] ✅ Enhanced Monster - Sword, Horde Jagged Red w/ Low Yellow Glow - Speed: 2, DPS: 0.8
[2025-11-03T12:39:00.940Z] 💾 Saved progress to turtle_db/items/weapons/1h-swords.json
[2025-11-03T12:39:02.940Z] 🔍 Enhancing item 14524: Monster - Sword, Katana 2H Gold (333/348)
[2025-11-03T12:39:07.032Z] ✅ Enhanced Monster - Sword, Katana 2H Gold - Speed: 2, DPS: 0.8
[2025-11-03T12:39:07.034Z] 💾 Saved progress to turtle_db/items/weapons/1h-swords.json
[2025-11-03T12:39:09.035Z] 🔍 Enhancing item 17123: Monster - Sword, Horde Troll (334/348)
[2025-11-03T12:39:13.128Z] ✅ Enhanced Monster - Sword, Horde Troll - Speed: 2, DPS: 0.8
[2025-11-03T12:39:13.130Z] 💾 Saved progress to turtle_db/items/weapons/1h-swords.json
[2025-11-03T12:39:15.130Z] 🔍 Enhancing item 18167: Monster - Sword, Machete C01 (335/348)
[2025-11-03T12:39:19.205Z] ✅ Enhanced Monster - Sword, Machete C01 - Speed: 2, DPS: 0.8
[2025-11-03T12:39:19.208Z] 💾 Saved progress to turtle_db/items/weapons/1h-swords.json
[2025-11-03T12:39:21.208Z] 🔍 Enhancing item 18983: Monster - Sword, Longsword Exotic Black - Low Red Flame (336/348)
[2025-11-03T12:39:25.294Z] ✅ Enhanced Monster - Sword, Longsword Exotic Black - Low Red Flame - Speed: 2, DPS: 0.8
[2025-11-03T12:39:25.296Z] 💾 Saved progress to turtle_db/items/weapons/1h-swords.json
[2025-11-03T12:39:27.298Z] 🔍 Enhancing item 18985: Monster - Sword, Long Silver - Green Pommel - High Black Glow (337/348)
[2025-11-03T12:39:31.388Z] ✅ Enhanced Monster - Sword, Long Silver - Green Pommel - High Black Glow - Speed: 2, DPS: 0.8
[2025-11-03T12:39:31.390Z] 💾 Saved progress to turtle_db/items/weapons/1h-swords.json
[2025-11-03T12:39:33.391Z] 🔍 Enhancing item 41984: Monster - Sword1H, Doomguard Sword (338/348)
[2025-11-03T12:39:37.415Z] ✅ Enhanced Monster - Sword1H, Doomguard Sword - Speed: 2, DPS: 0.8
[2025-11-03T12:39:37.417Z] 💾 Saved progress to turtle_db/items/weapons/1h-swords.json
[2025-11-03T12:39:39.418Z] 🔍 Enhancing item 50433: Monster, Sword Spear Red (339/348)
[2025-11-03T12:39:43.423Z] ✅ Enhanced Monster, Sword Spear Red - Speed: 2.2, DPS: 1.6
[2025-11-03T12:39:43.425Z] 💾 Saved progress to turtle_db/items/weapons/1h-swords.json
[2025-11-03T12:39:45.426Z] 🔍 Enhancing item 15253: Beheading Blade (340/348)
[2025-11-03T12:39:49.425Z] ✅ Enhanced Beheading Blade - Speed: 3.5, DPS: 40.4
[2025-11-03T12:39:49.426Z] 💾 Saved progress to turtle_db/items/weapons/1h-swords.json
[2025-11-03T12:39:51.427Z] 🔍 Enhancing item 15251: Headstriker Sword (341/348)
[2025-11-03T12:39:55.425Z] ✅ Enhanced Headstriker Sword - Speed: 2.4, DPS: 32.5
[2025-11-03T12:39:55.426Z] 💾 Saved progress to turtle_db/items/weapons/1h-swords.json
[2025-11-03T12:39:57.427Z] 🔍 Enhancing item 3366: Monster - Sword2H, Katana (342/348)
[2025-11-03T12:40:01.430Z] ✅ Enhanced Monster - Sword2H, Katana - Speed: 2, DPS: 0.8
[2025-11-03T12:40:01.432Z] 💾 Saved progress to turtle_db/items/weapons/1h-swords.json
[2025-11-03T12:40:03.434Z] 🔍 Enhancing item 11087: Monster - Sword2H, Ragglesnout X'Caliboar (343/348)
[2025-11-03T12:40:07.433Z] ✅ Enhanced Monster - Sword2H, Ragglesnout X'Caliboar - Speed: 2, DPS: 0.8
[2025-11-03T12:40:07.435Z] 💾 Saved progress to turtle_db/items/weapons/1h-swords.json
[2025-11-03T12:40:09.437Z] 🔍 Enhancing item 11591: Monster - Sword2H, Battlefield Destroyer (344/348)
[2025-11-03T12:40:13.438Z] ✅ Enhanced Monster - Sword2H, Battlefield Destroyer - Speed: 2, DPS: 0.8
[2025-11-03T12:40:13.439Z] 💾 Saved progress to turtle_db/items/weapons/1h-swords.json
[2025-11-03T12:40:15.440Z] 🔍 Enhancing item 12949: Monster - Sword2H, Red White Broad (345/348)
[2025-11-03T12:40:19.241Z] ✅ Enhanced Monster - Sword2H, Red White Broad - Speed: 2, DPS: 0.8
[2025-11-03T12:40:19.243Z] 💾 Saved progress to turtle_db/items/weapons/1h-swords.json
[2025-11-03T12:40:21.244Z] 🔍 Enhancing item 14878: Monster - Sword2H, Katana B01 Red (346/348)
[2025-11-03T12:40:25.331Z] ✅ Enhanced Monster - Sword2H, Katana B01 Red - Speed: 2, DPS: 0.8
[2025-11-03T12:40:25.333Z] 💾 Saved progress to turtle_db/items/weapons/1h-swords.json
[2025-11-03T12:40:27.333Z] 🔍 Enhancing item 19981: Monster - Sword2H, Claymore B01/Broadsword A03 Black Sharpened (347/348)
[2025-11-03T12:40:31.447Z] ✅ Enhanced Monster - Sword2H, Claymore B01/Broadsword A03 Black Sharpened - Speed: 2, DPS: 0.8
[2025-11-03T12:40:31.448Z] 💾 Saved progress to turtle_db/items/weapons/1h-swords.json
[2025-11-03T12:40:33.450Z] 🔍 Enhancing item 21553: Monster - Sword2H, Alliance PvP (348/348)
[2025-11-03T12:40:37.449Z] ✅ Enhanced Monster - Sword2H, Alliance PvP - Speed: 2, DPS: 0.8
[2025-11-03T12:40:37.451Z] 💾 Saved progress to turtle_db/items/weapons/1h-swords.json
[2025-11-03T12:40:39.452Z] 📊 Enhancement complete for turtle_db/items/weapons/1h-swords.json
[2025-11-03T12:40:39.453Z]    Enhanced: 342 items
[2025-11-03T12:40:39.453Z]    Skipped: 0 items
[2025-11-03T12:40:39.453Z] 📂 Processing weapon file: turtle_db/items/weapons/2h-axes.json
[2025-11-03T12:40:39.454Z] 📊 Found 169 items in turtle_db/items/weapons/2h-axes.json
[2025-11-03T12:40:39.454Z] 🔍 Enhancing item 21: Arcanite Ripper (1/169)
[2025-11-03T12:40:43.453Z] ✅ Enhanced Arcanite Ripper - Speed: 2, DPS: 0.8
[2025-11-03T12:40:43.453Z] 💾 Saved progress to turtle_db/items/weapons/2h-axes.json
[2025-11-03T12:40:45.454Z] 🔍 Enhancing item 20: Sun-Lute of the Phoenix King (2/169)
[2025-11-03T12:40:49.459Z] ✅ Enhanced Sun-Lute of the Phoenix King - Speed: 2, DPS: 0.8
[2025-11-03T12:40:49.461Z] 💾 Saved progress to turtle_db/items/weapons/2h-axes.json
[2025-11-03T12:40:51.462Z] 🔍 Enhancing item 19014: Monster, 2H Horde Wood Axe (3/169)
[2025-11-03T12:40:55.163Z] ✅ Enhanced Monster, 2H Horde Wood Axe - Speed: 2, DPS: 0.8
[2025-11-03T12:40:55.166Z] 💾 Saved progress to turtle_db/items/weapons/2h-axes.json
[2025-11-03T12:40:57.166Z] 🔍 Enhancing item 19015: Monster, 2H Alliance Wood Axe (4/169)
[2025-11-03T12:41:01.251Z] ✅ Enhanced Monster, 2H Alliance Wood Axe - Speed: 2, DPS: 0.8
[2025-11-03T12:41:01.252Z] 💾 Saved progress to turtle_db/items/weapons/2h-axes.json
[2025-11-03T12:41:03.253Z] 🔍 Enhancing item 870: Fiery War Axe (5/169)
[2025-11-03T12:41:07.368Z] ✅ Enhanced Fiery War Axe - Speed: 2.9, DPS: 40.3
[2025-11-03T12:41:07.369Z] 💾 Saved progress to turtle_db/items/weapons/2h-axes.json
[2025-11-03T12:41:09.370Z] 🔍 Enhancing item 872: Rockslicer (6/169)
[2025-11-03T12:41:13.462Z] ✅ Enhanced Rockslicer - Speed: 3.3, DPS: 18.2
[2025-11-03T12:41:13.464Z] 💾 Saved progress to turtle_db/items/weapons/2h-axes.json
[2025-11-03T12:41:15.465Z] 🔍 Enhancing item 1263: Brain Hacker (7/169)
[2025-11-03T12:41:19.472Z] ✅ Enhanced Brain Hacker - Speed: 2.1, DPS: 56.7
[2025-11-03T12:41:19.473Z] 💾 Saved progress to turtle_db/items/weapons/2h-axes.json
[2025-11-03T12:41:21.474Z] 🔍 Enhancing item 1318: Night Reaver (8/169)
[2025-11-03T12:41:25.477Z] ✅ Enhanced Night Reaver - Speed: 3.3, DPS: 20.6
[2025-11-03T12:41:25.478Z] 💾 Saved progress to turtle_db/items/weapons/2h-axes.json
[2025-11-03T12:41:27.479Z] 🔍 Enhancing item 2291: Kang the Decapitator (9/169)
[2025-11-03T12:41:31.480Z] ✅ Enhanced Kang the Decapitator - Speed: 3.6, DPS: 47.4
[2025-11-03T12:41:31.482Z] 💾 Saved progress to turtle_db/items/weapons/2h-axes.json
[2025-11-03T12:41:33.482Z] 🔍 Enhancing item 2299: Burning War Axe (10/169)
[2025-11-03T12:41:37.484Z] ✅ Enhanced Burning War Axe - Speed: 3.3, DPS: 27.7
[2025-11-03T12:41:37.485Z] 💾 Saved progress to turtle_db/items/weapons/2h-axes.json
[2025-11-03T12:41:39.486Z] 🔍 Enhancing item 5423: Boahn's Fang (11/169)
[2025-11-03T12:41:43.488Z] ✅ Enhanced Boahn's Fang - Speed: 2.5, DPS: 17.6
[2025-11-03T12:41:43.489Z] 💾 Saved progress to turtle_db/items/weapons/2h-axes.json
[2025-11-03T12:41:45.491Z] 🔍 Enhancing item 6687: Corpsemaker (12/169)
[2025-11-03T12:41:49.490Z] ✅ Enhanced Corpsemaker - Speed: 3.8, DPS: 28.9
[2025-11-03T12:41:49.491Z] 💾 Saved progress to turtle_db/items/weapons/2h-axes.json
[2025-11-03T12:41:51.492Z] 🔍 Enhancing item 6830: Bonebiter (13/169)
[2025-11-03T12:41:55.494Z] ✅ Enhanced Bonebiter - Speed: 3.4, DPS: 38.8
[2025-11-03T12:41:55.496Z] 💾 Saved progress to turtle_db/items/weapons/2h-axes.json
[2025-11-03T12:41:57.496Z] 🔍 Enhancing item 7717: Ravager (14/169)
[2025-11-03T12:42:01.499Z] ✅ Enhanced Ravager - Speed: 3.5, DPS: 37.3
[2025-11-03T12:42:01.501Z] 💾 Saved progress to turtle_db/items/weapons/2h-axes.json
[2025-11-03T12:42:03.502Z] 🔍 Enhancing item 7753: Bloodspiller (15/169)
[2025-11-03T12:42:07.338Z] ✅ Enhanced Bloodspiller - Speed: 2.7, DPS: 26.7
[2025-11-03T12:42:07.339Z] 💾 Saved progress to turtle_db/items/weapons/2h-axes.json
[2025-11-03T12:42:09.340Z] 🔍 Enhancing item 9383: Obsidian Cleaver (16/169)
[2025-11-03T12:42:13.433Z] ✅ Enhanced Obsidian Cleaver - Speed: 3.3, DPS: 35.6
[2025-11-03T12:42:13.434Z] 💾 Saved progress to turtle_db/items/weapons/2h-axes.json
[2025-11-03T12:42:15.436Z] 🔍 Enhancing item 9425: Pendulum of Doom (17/169)
[2025-11-03T12:42:19.510Z] ✅ Enhanced Pendulum of Doom - Speed: 4, DPS: 38.9
[2025-11-03T12:42:19.512Z] 💾 Saved progress to turtle_db/items/weapons/2h-axes.json
[2025-11-03T12:42:21.513Z] 🔍 Enhancing item 10570: Manslayer (18/169)
[2025-11-03T12:42:25.510Z] ✅ Enhanced Manslayer - Speed: 3.2, DPS: 34.5
[2025-11-03T12:42:25.511Z] 💾 Saved progress to turtle_db/items/weapons/2h-axes.json
[2025-11-03T12:42:27.511Z] 🔍 Enhancing item 11607: Dark Iron Sunderer (19/169)
[2025-11-03T12:42:31.513Z] ✅ Enhanced Dark Iron Sunderer - Speed: 2.6, DPS: 48.8
[2025-11-03T12:42:31.514Z] 💾 Saved progress to turtle_db/items/weapons/2h-axes.json
[2025-11-03T12:42:33.515Z] 🔍 Enhancing item 11816: Angerforge's Battle Axe (20/169)
[2025-11-03T12:42:37.518Z] ✅ Enhanced Angerforge's Battle Axe - Speed: 2.6, DPS: 48.1
[2025-11-03T12:42:37.519Z] 💾 Saved progress to turtle_db/items/weapons/2h-axes.json
[2025-11-03T12:42:39.520Z] 🔍 Enhancing item 11931: Dreadforge Retaliator (21/169)
[2025-11-03T12:42:43.252Z] ✅ Enhanced Dreadforge Retaliator - Speed: 3.7, DPS: 50.5
[2025-11-03T12:42:43.253Z] 💾 Saved progress to turtle_db/items/weapons/2h-axes.json
[2025-11-03T12:42:45.254Z] 🔍 Enhancing item 12769: Bleakwood Hew (22/169)
[2025-11-03T12:42:49.372Z] ✅ Enhanced Bleakwood Hew - Speed: 2.7, DPS: 46.5
[2025-11-03T12:42:49.373Z] 💾 Saved progress to turtle_db/items/weapons/2h-axes.json
[2025-11-03T12:42:51.374Z] 🔍 Enhancing item 12784: Arcanite Reaper (23/169)
[2025-11-03T12:42:55.448Z] ✅ Enhanced Arcanite Reaper - Speed: 3.8, DPS: 53.8
[2025-11-03T12:42:55.449Z] 💾 Saved progress to turtle_db/items/weapons/2h-axes.json
[2025-11-03T12:42:57.450Z] 🔍 Enhancing item 12975: Prospector Axe (24/169)
[2025-11-03T12:43:01.530Z] ✅ Enhanced Prospector Axe - Speed: 2.4, DPS: 17.5
[2025-11-03T12:43:01.531Z] 💾 Saved progress to turtle_db/items/weapons/2h-axes.json
[2025-11-03T12:43:03.532Z] 🔍 Enhancing item 13003: Lord Alexander's Battle Axe (25/169)
[2025-11-03T12:43:07.535Z] ✅ Enhanced Lord Alexander's Battle Axe - Speed: 3.2, DPS: 48.1
[2025-11-03T12:43:07.536Z] 💾 Saved progress to turtle_db/items/weapons/2h-axes.json
[2025-11-03T12:43:09.537Z] 🔍 Enhancing item 13016: Killmaim (26/169)
[2025-11-03T12:43:13.537Z] ✅ Enhanced Killmaim - Speed: 3.2, DPS: 21.7
[2025-11-03T12:43:13.538Z] 💾 Saved progress to turtle_db/items/weapons/2h-axes.json
[2025-11-03T12:43:15.539Z] 🔍 Enhancing item 13017: Hellslayer Battle Axe (27/169)
[2025-11-03T12:43:19.542Z] ✅ Enhanced Hellslayer Battle Axe - Speed: 2.9, DPS: 35.5
[2025-11-03T12:43:19.544Z] 💾 Saved progress to turtle_db/items/weapons/2h-axes.json
[2025-11-03T12:43:21.545Z] 🔍 Enhancing item 13018: Executioner's Cleaver (28/169)
[2025-11-03T12:43:25.546Z] ✅ Enhanced Executioner's Cleaver - Speed: 3.8, DPS: 41.8
[2025-11-03T12:43:25.548Z] 💾 Saved progress to turtle_db/items/weapons/2h-axes.json
[2025-11-03T12:43:27.549Z] 🔍 Enhancing item 13983: Gravestone War Axe (29/169)
[2025-11-03T12:43:31.547Z] ✅ Enhanced Gravestone War Axe - Speed: 3.4, DPS: 53.1
[2025-11-03T12:43:31.547Z] 💾 Saved progress to turtle_db/items/weapons/2h-axes.json
[2025-11-03T12:43:33.549Z] 🔍 Enhancing item 17104: Spinal Reaper (30/169)
[2025-11-03T12:43:37.551Z] ✅ Enhanced Spinal Reaper - Speed: 3.4, DPS: 75.9
[2025-11-03T12:43:37.552Z] 💾 Saved progress to turtle_db/items/weapons/2h-axes.json
[2025-11-03T12:43:39.553Z] 🔍 Enhancing item 17730: Gatorbite Axe (31/169)
[2025-11-03T12:43:43.555Z] ✅ Enhanced Gatorbite Axe - Speed: 3.2, DPS: 45.8
[2025-11-03T12:43:43.557Z] 💾 Saved progress to turtle_db/items/weapons/2h-axes.json
[2025-11-03T12:43:45.558Z] 🔍 Enhancing item 18538: Treant's Bane (32/169)
[2025-11-03T12:43:49.557Z] ✅ Enhanced Treant's Bane - Speed: 3.5, DPS: 59.4
[2025-11-03T12:43:49.558Z] 💾 Saved progress to turtle_db/items/weapons/2h-axes.json
[2025-11-03T12:43:51.559Z] 🔍 Enhancing item 18759: Malicious Axe (33/169)
[2025-11-03T12:43:55.563Z] ✅ Enhanced Malicious Axe - Speed: 3.1, DPS: 52.9
[2025-11-03T12:43:55.565Z] 💾 Saved progress to turtle_db/items/weapons/2h-axes.json
[2025-11-03T12:43:57.566Z] 🔍 Enhancing item 18830: Grand Marshal's Sunderer (34/169)
[2025-11-03T12:44:01.568Z] ✅ Enhanced Grand Marshal's Sunderer - Speed: 3.8, DPS: 84.5
[2025-11-03T12:44:01.570Z] 💾 Saved progress to turtle_db/items/weapons/2h-axes.json
[2025-11-03T12:44:03.571Z] 🔍 Enhancing item 18831: High Warlord's Battle Axe (35/169)
[2025-11-03T12:44:07.571Z] ✅ Enhanced High Warlord's Battle Axe - Speed: 3.8, DPS: 84.5
[2025-11-03T12:44:07.572Z] 💾 Saved progress to turtle_db/items/weapons/2h-axes.json
[2025-11-03T12:44:09.573Z] 🔍 Enhancing item 19169: Nightfall (36/169)
[2025-11-03T12:44:13.673Z] ✅ Enhanced Nightfall - Speed: 3.5, DPS: 67
[2025-11-03T12:44:13.674Z] 💾 Saved progress to turtle_db/items/weapons/2h-axes.json
[2025-11-03T12:44:15.675Z] 🔍 Enhancing item 19353: Drake Talon Cleaver (37/169)
[2025-11-03T12:44:19.753Z] ✅ Enhanced Drake Talon Cleaver - Speed: 3.4, DPS: 73.4
[2025-11-03T12:44:19.755Z] 💾 Saved progress to turtle_db/items/weapons/2h-axes.json
[2025-11-03T12:44:21.756Z] 🔍 Enhancing item 19354: Draconic Avenger (38/169)
[2025-11-03T12:44:25.852Z] ✅ Enhanced Draconic Avenger - Speed: 3.2, DPS: 68.1
[2025-11-03T12:44:25.853Z] 💾 Saved progress to turtle_db/items/weapons/2h-axes.json
[2025-11-03T12:44:27.854Z] 🔍 Enhancing item 19962: Gri'lek's Carver (39/169)
[2025-11-03T12:44:32.052Z] ✅ Enhanced Gri'lek's Carver - Speed: 3.9, DPS: 58.5
[2025-11-03T12:44:32.053Z] 💾 Saved progress to turtle_db/items/weapons/2h-axes.json
[2025-11-03T12:44:34.055Z] 🔍 Enhancing item 21134: Dark Edge of Insanity (40/169)
[2025-11-03T12:44:38.147Z] ✅ Enhanced Dark Edge of Insanity - Speed: 3.5, DPS: 86.6
[2025-11-03T12:44:38.148Z] 💾 Saved progress to turtle_db/items/weapons/2h-axes.json
[2025-11-03T12:44:40.149Z] 🔍 Enhancing item 21856: Neretzek, The Blood Drinker (41/169)
[2025-11-03T12:44:44.238Z] ✅ Enhanced Neretzek, The Blood Drinker - Speed: 3.7, DPS: 68.2
[2025-11-03T12:44:44.239Z] 💾 Saved progress to turtle_db/items/weapons/2h-axes.json
[2025-11-03T12:44:46.241Z] 🔍 Enhancing item 22815: Severance (42/169)
[2025-11-03T12:44:50.339Z] ✅ Enhanced Severance - Speed: 3.6, DPS: 84.4
[2025-11-03T12:44:50.340Z] 💾 Saved progress to turtle_db/items/weapons/2h-axes.json
[2025-11-03T12:44:52.342Z] 🔍 Enhancing item 40065: Horde Defender's Axe (43/169)
[2025-11-03T12:44:56.430Z] ✅ Enhanced Horde Defender's Axe - Speed: 3.3, DPS: 15.3
[2025-11-03T12:44:56.431Z] 💾 Saved progress to turtle_db/items/weapons/2h-axes.json
[2025-11-03T12:44:58.432Z] 🔍 Enhancing item 41845: Algo'rath the Unbinder (44/169)
[2025-11-03T12:45:02.519Z] ✅ Enhanced Algo'rath the Unbinder - Speed: 2.7, DPS: 31.5
[2025-11-03T12:45:02.520Z] 💾 Saved progress to turtle_db/items/weapons/2h-axes.json
[2025-11-03T12:45:04.521Z] 🔍 Enhancing item 51779: Greataxe of the Decrepit Crypt (45/169)
[2025-11-03T12:45:08.613Z] ✅ Enhanced Greataxe of the Decrepit Crypt - Speed: 3.6, DPS: 62.6
[2025-11-03T12:45:08.615Z] 💾 Saved progress to turtle_db/items/weapons/2h-axes.json
[2025-11-03T12:45:10.616Z] 🔍 Enhancing item 55127: Shar'tateth, the Shattered Edge (46/169)
[2025-11-03T12:45:14.595Z] ✅ Enhanced Shar'tateth, the Shattered Edge - Speed: 3.8, DPS: 100
[2025-11-03T12:45:14.597Z] 💾 Saved progress to turtle_db/items/weapons/2h-axes.json
[2025-11-03T12:45:16.598Z] 🔍 Enhancing item 60552: Dig Master's Pick (47/169)
[2025-11-03T12:45:20.701Z] ✅ Enhanced Dig Master's Pick - Speed: 3.4, DPS: 47.1
[2025-11-03T12:45:20.702Z] 💾 Saved progress to turtle_db/items/weapons/2h-axes.json
[2025-11-03T12:45:22.703Z] 🔍 Enhancing item 60885: Dar'kar of the Third Khan (48/169)
[2025-11-03T12:45:26.599Z] ✅ Enhanced Dar'kar of the Third Khan - Speed: 3.6, DPS: 51.7
[2025-11-03T12:45:26.600Z] 💾 Saved progress to turtle_db/items/weapons/2h-axes.json
[2025-11-03T12:45:28.601Z] 🔍 Enhancing item 61318: Fleshslasher (49/169)
[2025-11-03T12:45:32.672Z] ✅ Enhanced Fleshslasher - Speed: 3.1, DPS: 42.7
[2025-11-03T12:45:32.673Z] 💾 Saved progress to turtle_db/items/weapons/2h-axes.json
[2025-11-03T12:45:34.675Z] 🔍 Enhancing item 61542: Dwarven Pickaxe (50/169)
[2025-11-03T12:45:38.600Z] ✅ Enhanced Dwarven Pickaxe - Speed: 3.1, DPS: 48.9
[2025-11-03T12:45:38.601Z] 💾 Saved progress to turtle_db/items/weapons/2h-axes.json
[2025-11-03T12:45:40.602Z] 🔍 Enhancing item 80547: Quel'dorei Guardian's Battle Axe (51/169)
[2025-11-03T12:45:44.694Z] ✅ Enhanced Quel'dorei Guardian's Battle Axe - Speed: 3.4, DPS: 55.7
[2025-11-03T12:45:44.695Z] 💾 Saved progress to turtle_db/items/weapons/2h-axes.json
[2025-11-03T12:45:46.696Z] 🔍 Enhancing item 80634: Revantusk Watcher's Carver (52/169)
[2025-11-03T12:45:50.415Z] ✅ Enhanced Revantusk Watcher's Carver - Speed: 3.4, DPS: 55.7
[2025-11-03T12:45:50.415Z] 💾 Saved progress to turtle_db/items/weapons/2h-axes.json
[2025-11-03T12:45:52.416Z] 🔍 Enhancing item 83209: Sentinel's Moonslicer (53/169)
[2025-11-03T12:45:56.512Z] ✅ Enhanced Sentinel's Moonslicer - Speed: 2.8, DPS: 33.6
[2025-11-03T12:45:56.515Z] 💾 Saved progress to turtle_db/items/weapons/2h-axes.json
[2025-11-03T12:45:58.516Z] 🔍 Enhancing item 1220: Lupine Axe (54/169)
[2025-11-03T12:46:02.607Z] ✅ Enhanced Lupine Axe - Speed: 2.3, DPS: 13
[2025-11-03T12:46:02.608Z] 💾 Saved progress to turtle_db/items/weapons/2h-axes.json
[2025-11-03T12:46:04.609Z] 🔍 Enhancing item 1455: Blackrock Champion's Axe (55/169)
[2025-11-03T12:46:08.691Z] ✅ Enhanced Blackrock Champion's Axe - Speed: 3.2, DPS: 16.1
[2025-11-03T12:46:08.691Z] 💾 Saved progress to turtle_db/items/weapons/2h-axes.json
[2025-11-03T12:46:10.692Z] 🔍 Enhancing item 1521: Lumbering Ogre Axe (56/169)
[2025-11-03T12:46:14.611Z] ✅ Enhanced Lumbering Ogre Axe - Speed: 3.9, DPS: 33.7
[2025-11-03T12:46:14.612Z] 💾 Saved progress to turtle_db/items/weapons/2h-axes.json
[2025-11-03T12:46:16.613Z] 🔍 Enhancing item 1639: Grinning Axe (57/169)
[2025-11-03T12:46:20.729Z] ✅ Enhanced Grinning Axe - Speed: 2.8, DPS: 38
[2025-11-03T12:46:20.730Z] 💾 Saved progress to turtle_db/items/weapons/2h-axes.json
[2025-11-03T12:46:22.731Z] 🔍 Enhancing item 1959: Cold Iron Pick (58/169)
[2025-11-03T12:46:26.613Z] ✅ Enhanced Cold Iron Pick - Speed: 3, DPS: 12.3
[2025-11-03T12:46:26.613Z] 💾 Saved progress to turtle_db/items/weapons/2h-axes.json
[2025-11-03T12:46:28.614Z] 🔍 Enhancing item 2015: Black Metal War Axe (59/169)
[2025-11-03T12:46:32.708Z] ✅ Enhanced Black Metal War Axe - Speed: 2.9, DPS: 19
[2025-11-03T12:46:32.709Z] 💾 Saved progress to turtle_db/items/weapons/2h-axes.json
[2025-11-03T12:46:34.710Z] 🔍 Enhancing item 2203: Brashclaw's Chopper (60/169)
[2025-11-03T12:46:38.616Z] ✅ Enhanced Brashclaw's Chopper - Speed: 3.4, DPS: 12.5
[2025-11-03T12:46:38.618Z] 💾 Saved progress to turtle_db/items/weapons/2h-axes.json
[2025-11-03T12:46:40.619Z] 🔍 Enhancing item 2227: Heavy Ogre War Axe (61/169)
[2025-11-03T12:46:44.707Z] ✅ Enhanced Heavy Ogre War Axe - Speed: 3.8, DPS: 18.3
[2025-11-03T12:46:44.708Z] 💾 Saved progress to turtle_db/items/weapons/2h-axes.json
[2025-11-03T12:46:46.709Z] 🔍 Enhancing item 2907: Dwarven Tree Chopper (62/169)
[2025-11-03T12:46:50.621Z] ✅ Enhanced Dwarven Tree Chopper - Speed: 3.3, DPS: 13
[2025-11-03T12:46:50.622Z] 💾 Saved progress to turtle_db/items/weapons/2h-axes.json
[2025-11-03T12:46:52.623Z] 🔍 Enhancing item 3191: Arced War Axe (63/169)
[2025-11-03T12:46:56.715Z] ✅ Enhanced Arced War Axe - Speed: 3.3, DPS: 17.6
[2025-11-03T12:46:56.717Z] 💾 Saved progress to turtle_db/items/weapons/2h-axes.json
[2025-11-03T12:46:58.718Z] 🔍 Enhancing item 3195: Barbaric Battle Axe (64/169)
[2025-11-03T12:47:02.417Z] ✅ Enhanced Barbaric Battle Axe - Speed: 3.6, DPS: 11.9
[2025-11-03T12:47:02.418Z] 💾 Saved progress to turtle_db/items/weapons/2h-axes.json
[2025-11-03T12:47:04.419Z] 🔍 Enhancing item 3199: Battle Slayer (65/169)
[2025-11-03T12:47:08.521Z] ✅ Enhanced Battle Slayer - Speed: 3.3, DPS: 14.5
[2025-11-03T12:47:08.523Z] 💾 Saved progress to turtle_db/items/weapons/2h-axes.json
[2025-11-03T12:47:10.525Z] 🔍 Enhancing item 3201: Barbarian War Axe (66/169)
[2025-11-03T12:47:14.629Z] ✅ Enhanced Barbarian War Axe - Speed: 3.1, DPS: 19
[2025-11-03T12:47:14.631Z] 💾 Saved progress to turtle_db/items/weapons/2h-axes.json
[2025-11-03T12:47:16.632Z] 🔍 Enhancing item 3210: Brutal War Axe (67/169)
[2025-11-03T12:47:20.740Z] ✅ Enhanced Brutal War Axe - Speed: 3.6, DPS: 20.3
[2025-11-03T12:47:20.741Z] 💾 Saved progress to turtle_db/items/weapons/2h-axes.json
[2025-11-03T12:47:22.742Z] 🔍 Enhancing item 3488: Copper Battle Axe (68/169)
[2025-11-03T12:47:26.632Z] ✅ Enhanced Copper Battle Axe - Speed: 3.2, DPS: 9.1
[2025-11-03T12:47:26.633Z] 💾 Saved progress to turtle_db/items/weapons/2h-axes.json
[2025-11-03T12:47:28.634Z] 🔍 Enhancing item 3586: Logsplitter (69/169)
[2025-11-03T12:47:32.710Z] ✅ Enhanced Logsplitter - Speed: 3.6, DPS: 10.8
[2025-11-03T12:47:32.711Z] 💾 Saved progress to turtle_db/items/weapons/2h-axes.json
[2025-11-03T12:47:34.712Z] 🔍 Enhancing item 3855: Massive Iron Axe (70/169)
[2025-11-03T12:47:38.634Z] ✅ Enhanced Massive Iron Axe - Speed: 3.5, DPS: 25.6
[2025-11-03T12:47:38.635Z] 💾 Saved progress to turtle_db/items/weapons/2h-axes.json
[2025-11-03T12:47:40.636Z] 🔍 Enhancing item 5194: Taskmaster Axe (71/169)
[2025-11-03T12:47:44.386Z] ✅ Enhanced Taskmaster Axe - Speed: 2.7, DPS: 19.6
[2025-11-03T12:47:44.387Z] 💾 Saved progress to turtle_db/items/weapons/2h-axes.json
[2025-11-03T12:47:46.387Z] 🔍 Enhancing item 6975: Whirlwind Axe (72/169)
[2025-11-03T12:47:50.477Z] ✅ Enhanced Whirlwind Axe - Speed: 3.6, DPS: 35.6
[2025-11-03T12:47:50.478Z] 💾 Saved progress to turtle_db/items/weapons/2h-axes.json
[2025-11-03T12:47:52.479Z] 🔍 Enhancing item 9459: Thermaplugg's Left Arm (73/169)
[2025-11-03T12:47:56.576Z] ✅ Enhanced Thermaplugg's Left Arm - Speed: 2.7, DPS: 32.6
[2025-11-03T12:47:56.578Z] 💾 Saved progress to turtle_db/items/weapons/2h-axes.json
[2025-11-03T12:47:58.578Z] 🔍 Enhancing item 9481: The Minotaur (74/169)
[2025-11-03T12:48:02.640Z] ✅ Enhanced The Minotaur - Speed: 3.2, DPS: 42.7
[2025-11-03T12:48:02.641Z] 💾 Saved progress to turtle_db/items/weapons/2h-axes.json
[2025-11-03T12:48:04.643Z] 🔍 Enhancing item 9486: Supercharger Battle Axe (75/169)
[2025-11-03T12:48:08.722Z] ✅ Enhanced Supercharger Battle Axe - Speed: 2.8, DPS: 23
[2025-11-03T12:48:08.723Z] 💾 Saved progress to turtle_db/items/weapons/2h-axes.json
[2025-11-03T12:48:10.724Z] 🔍 Enhancing item 9626: Dwarven Charge (76/169)
[2025-11-03T12:48:14.648Z] ✅ Enhanced Dwarven Charge - Speed: 2.9, DPS: 31.2
[2025-11-03T12:48:14.651Z] 💾 Saved progress to turtle_db/items/weapons/2h-axes.json
[2025-11-03T12:48:16.652Z] 🔍 Enhancing item 10652: Will of the Mountain Giant (77/169)
[2025-11-03T12:48:20.749Z] ✅ Enhanced Will of the Mountain Giant - Speed: 2.8, DPS: 44.3
[2025-11-03T12:48:20.750Z] 💾 Saved progress to turtle_db/items/weapons/2h-axes.json
[2025-11-03T12:48:22.751Z] 🔍 Enhancing item 11907: Beastslayer (78/169)
[2025-11-03T12:48:26.648Z] ✅ Enhanced Beastslayer - Speed: 3.3, DPS: 42.6
[2025-11-03T12:48:26.648Z] 💾 Saved progress to turtle_db/items/weapons/2h-axes.json
[2025-11-03T12:48:28.649Z] 🔍 Enhancing item 12000: Limb Cleaver (79/169)
[2025-11-03T12:48:32.782Z] ✅ Enhanced Limb Cleaver - Speed: 2.4, DPS: 42.7
[2025-11-03T12:48:32.784Z] 💾 Saved progress to turtle_db/items/weapons/2h-axes.json
[2025-11-03T12:48:34.786Z] 🔍 Enhancing item 12249: Merciless Axe (80/169)
[2025-11-03T12:48:38.654Z] ✅ Enhanced Merciless Axe - Speed: 3.2, DPS: 21.1
[2025-11-03T12:48:38.655Z] 💾 Saved progress to turtle_db/items/weapons/2h-axes.json
[2025-11-03T12:48:40.657Z] 🔍 Enhancing item 12250: Midnight Axe (81/169)
[2025-11-03T12:48:44.754Z] ✅ Enhanced Midnight Axe - Speed: 2.7, DPS: 23
[2025-11-03T12:48:44.755Z] 💾 Saved progress to turtle_db/items/weapons/2h-axes.json
[2025-11-03T12:48:46.756Z] 🔍 Enhancing item 12775: Huge Thorium Battleaxe (82/169)
[2025-11-03T12:48:50.657Z] ✅ Enhanced Huge Thorium Battleaxe - Speed: 3.3, DPS: 43.3
[2025-11-03T12:48:50.658Z] 💾 Saved progress to turtle_db/items/weapons/2h-axes.json
[2025-11-03T12:48:52.659Z] 🔍 Enhancing item 13285: The Blackrock Slicer (83/169)
[2025-11-03T12:48:56.554Z] ✅ Enhanced The Blackrock Slicer - Speed: 4, DPS: 49.8
[2025-11-03T12:48:56.555Z] 💾 Saved progress to turtle_db/items/weapons/2h-axes.json
[2025-11-03T12:48:58.555Z] 🔍 Enhancing item 15269: Massive Battle Axe (84/169)
[2025-11-03T12:49:02.659Z] ✅ Enhanced Massive Battle Axe - Speed: 3.3, DPS: 16.1
[2025-11-03T12:49:02.660Z] 💾 Saved progress to turtle_db/items/weapons/2h-axes.json
[2025-11-03T12:49:04.661Z] 🔍 Enhancing item 15270: Gigantic War Axe (85/169)
[2025-11-03T12:49:08.720Z] ✅ Enhanced Gigantic War Axe - Speed: 3.2, DPS: 35.6
[2025-11-03T12:49:08.721Z] 💾 Saved progress to turtle_db/items/weapons/2h-axes.json
[2025-11-03T12:49:10.722Z] 🔍 Enhancing item 15271: Colossal Great Axe (86/169)
[2025-11-03T12:49:14.665Z] ✅ Enhanced Colossal Great Axe - Speed: 3.8, DPS: 43.4
[2025-11-03T12:49:14.668Z] 💾 Saved progress to turtle_db/items/weapons/2h-axes.json
[2025-11-03T12:49:16.669Z] 🔍 Enhancing item 15273: Death Striker (87/169)
[2025-11-03T12:49:20.785Z] ✅ Enhanced Death Striker - Speed: 2.8, DPS: 48.9
[2025-11-03T12:49:20.785Z] 💾 Saved progress to turtle_db/items/weapons/2h-axes.json
[2025-11-03T12:49:22.787Z] 🔍 Enhancing item 15424: Axe of Orgrimmar (88/169)
[2025-11-03T12:49:26.671Z] ✅ Enhanced Axe of Orgrimmar - Speed: 3.3, DPS: 11.8
[2025-11-03T12:49:26.672Z] 💾 Saved progress to turtle_db/items/weapons/2h-axes.json
[2025-11-03T12:49:28.673Z] 🔍 Enhancing item 18324: Waveslicer (89/169)
[2025-11-03T12:49:32.386Z] ✅ Enhanced Waveslicer - Speed: 3.1, DPS: 49.7
[2025-11-03T12:49:32.387Z] 💾 Saved progress to turtle_db/items/weapons/2h-axes.json
[2025-11-03T12:49:34.389Z] 🔍 Enhancing item 19900: Zulian Stone Axe (90/169)
[2025-11-03T12:49:38.498Z] ✅ Enhanced Zulian Stone Axe - Speed: 2.8, DPS: 58.6
[2025-11-03T12:49:38.499Z] 💾 Saved progress to turtle_db/items/weapons/2h-axes.json
[2025-11-03T12:49:40.500Z] 🔍 Enhancing item 20238: 90 Green Warrior Axe (91/169)
[2025-11-03T12:49:44.590Z] ✅ Enhanced 90 Green Warrior Axe - Speed: 3.5, DPS: 77.3
[2025-11-03T12:49:44.591Z] 💾 Saved progress to turtle_db/items/weapons/2h-axes.json
[2025-11-03T12:49:46.592Z] 🔍 Enhancing item 20280: 63 Green Warrior Axe (92/169)
[2025-11-03T12:49:50.670Z] ✅ Enhanced 63 Green Warrior Axe - Speed: 3.5, DPS: 49
[2025-11-03T12:49:50.672Z] 💾 Saved progress to turtle_db/items/weapons/2h-axes.json
[2025-11-03T12:49:52.673Z] 🔍 Enhancing item 23171: The Axe of Severing (93/169)
[2025-11-03T12:49:56.810Z] ✅ Enhanced The Axe of Severing - Speed: 3, DPS: 21
[2025-11-03T12:49:56.811Z] 💾 Saved progress to turtle_db/items/weapons/2h-axes.json
[2025-11-03T12:49:58.812Z] 🔍 Enhancing item 41295: Lost Excavation Pickaxe (94/169)
[2025-11-03T12:50:02.677Z] ✅ Enhanced Lost Excavation Pickaxe - Speed: 3.2, DPS: 40.2
[2025-11-03T12:50:02.679Z] 💾 Saved progress to turtle_db/items/weapons/2h-axes.json
[2025-11-03T12:50:04.679Z] 🔍 Enhancing item 58035: Amberwood Great-Axe (95/169)
[2025-11-03T12:50:08.757Z] ✅ Enhanced Amberwood Great-Axe - Speed: 3.4, DPS: 23.1
[2025-11-03T12:50:08.759Z] 💾 Saved progress to turtle_db/items/weapons/2h-axes.json
[2025-11-03T12:50:10.759Z] 🔍 Enhancing item 58128: Axe of Raging Winds (96/169)
[2025-11-03T12:50:14.681Z] ✅ Enhanced Axe of Raging Winds - Speed: 3, DPS: 19.8
[2025-11-03T12:50:14.682Z] 💾 Saved progress to turtle_db/items/weapons/2h-axes.json
[2025-11-03T12:50:16.682Z] 🔍 Enhancing item 58130: Maneater Cleaver (97/169)
[2025-11-03T12:50:20.770Z] ✅ Enhanced Maneater Cleaver - Speed: 3.5, DPS: 24.6
[2025-11-03T12:50:20.771Z] 💾 Saved progress to turtle_db/items/weapons/2h-axes.json
[2025-11-03T12:50:22.771Z] 🔍 Enhancing item 58292: Stormreaver Warhatchet (98/169)
[2025-11-03T12:50:26.682Z] ✅ Enhanced Stormreaver Warhatchet - Speed: 2.8, DPS: 33.6
[2025-11-03T12:50:26.683Z] 💾 Saved progress to turtle_db/items/weapons/2h-axes.json
[2025-11-03T12:50:28.684Z] 🔍 Enhancing item 60616: Shadowcaller Axe (99/169)
[2025-11-03T12:50:32.874Z] ✅ Enhanced Shadowcaller Axe - Speed: 2.9, DPS: 46.6
[2025-11-03T12:50:32.876Z] 💾 Saved progress to turtle_db/items/weapons/2h-axes.json
[2025-11-03T12:50:34.877Z] 🔍 Enhancing item 70011: Baneful Edge (100/169)
[2025-11-03T12:50:38.686Z] ✅ Enhanced Baneful Edge - Speed: 3.2, DPS: 20.5
[2025-11-03T12:50:38.687Z] 💾 Saved progress to turtle_db/items/weapons/2h-axes.json
[2025-11-03T12:50:40.688Z] 🔍 Enhancing item 81316: Foe Chopper (101/169)
[2025-11-03T12:50:44.557Z] ✅ Enhanced Foe Chopper - Speed: 3.2, DPS: 15.3
[2025-11-03T12:50:44.558Z] 💾 Saved progress to turtle_db/items/weapons/2h-axes.json
[2025-11-03T12:50:46.559Z] 🔍 Enhancing item 756: Tunnel Pick (102/169)
[2025-11-03T12:50:50.690Z] ✅ Enhanced Tunnel Pick - Speed: 3.1, DPS: 19.8
[2025-11-03T12:50:50.691Z] 💾 Saved progress to turtle_db/items/weapons/2h-axes.json
[2025-11-03T12:50:52.692Z] 🔍 Enhancing item 926: Battle Axe (103/169)
[2025-11-03T12:50:56.774Z] ✅ Enhanced Battle Axe - Speed: 3.8, DPS: 15.3
[2025-11-03T12:50:56.774Z] 💾 Saved progress to turtle_db/items/weapons/2h-axes.json
[2025-11-03T12:50:58.775Z] 🔍 Enhancing item 1196: Tabar (104/169)
[2025-11-03T12:51:02.694Z] ✅ Enhanced Tabar - Speed: 3.2, DPS: 8.3
[2025-11-03T12:51:02.695Z] 💾 Saved progress to turtle_db/items/weapons/2h-axes.json
[2025-11-03T12:51:04.696Z] 🔍 Enhancing item 1386: Thistlewood Axe (105/169)
[2025-11-03T12:51:08.720Z] ✅ Enhanced Thistlewood Axe - Speed: 3.5, DPS: 2.6
[2025-11-03T12:51:08.721Z] 💾 Saved progress to turtle_db/items/weapons/2h-axes.json
[2025-11-03T12:51:10.722Z] 🔍 Enhancing item 1417: Beaten Battle Axe (106/169)
[2025-11-03T12:51:14.700Z] ✅ Enhanced Beaten Battle Axe - Speed: 3.1, DPS: 3.4
[2025-11-03T12:51:14.702Z] 💾 Saved progress to turtle_db/items/weapons/2h-axes.json
[2025-11-03T12:51:16.703Z] 🔍 Enhancing item 1461: Slayer's Battle Axe (107/169)
[2025-11-03T12:51:20.538Z] ✅ Enhanced Slayer's Battle Axe - Speed: 2.9, DPS: 16.9
[2025-11-03T12:51:20.538Z] 💾 Saved progress to turtle_db/items/weapons/2h-axes.json
[2025-11-03T12:51:22.539Z] 🔍 Enhancing item 1512: Crude Battle Axe (108/169)
[2025-11-03T12:51:30.424Z] ✅ Enhanced Crude Battle Axe - Speed: 3, DPS: 5
[2025-11-03T12:51:30.425Z] 💾 Saved progress to turtle_db/items/weapons/2h-axes.json
[2025-11-03T12:51:32.426Z] 🔍 Enhancing item 1640: Monstrous War Axe (109/169)
[2025-11-03T12:51:36.539Z] ✅ Enhanced Monstrous War Axe - Speed: 3.7, DPS: 31.2
[2025-11-03T12:51:36.541Z] 💾 Saved progress to turtle_db/items/weapons/2h-axes.json
[2025-11-03T12:51:38.542Z] 🔍 Enhancing item 1893: Miner's Revenge (110/169)
[2025-11-03T12:51:42.708Z] ✅ Enhanced Miner's Revenge - Speed: 3.5, DPS: 13
[2025-11-03T12:51:42.709Z] 💾 Saved progress to turtle_db/items/weapons/2h-axes.json
[2025-11-03T12:51:44.710Z] 🔍 Enhancing item 2025: Bearded Axe (111/169)
[2025-11-03T12:51:48.710Z] ✅ Enhanced Bearded Axe - Speed: 3.3, DPS: 11.8
[2025-11-03T12:51:48.711Z] 💾 Saved progress to turtle_db/items/weapons/2h-axes.json
[2025-11-03T12:51:50.712Z] 🔍 Enhancing item 2175: Shadowhide Battle Axe (112/169)
[2025-11-03T12:51:54.715Z] ✅ Enhanced Shadowhide Battle Axe - Speed: 3.2, DPS: 15.3
[2025-11-03T12:51:54.717Z] 💾 Saved progress to turtle_db/items/weapons/2h-axes.json
[2025-11-03T12:51:56.718Z] 🔍 Enhancing item 2479: Broad Axe (113/169)
[2025-11-03T12:52:00.718Z] ✅ Enhanced Broad Axe - Speed: 3.1, DPS: 2.1
[2025-11-03T12:52:00.719Z] 💾 Saved progress to turtle_db/items/weapons/2h-axes.json
[2025-11-03T12:52:02.720Z] 🔍 Enhancing item 2483: Rough Broad Axe (114/169)
[2025-11-03T12:52:06.721Z] ✅ Enhanced Rough Broad Axe - Speed: 2.8, DPS: 1.6
[2025-11-03T12:52:06.722Z] 💾 Saved progress to turtle_db/items/weapons/2h-axes.json
[2025-11-03T12:52:08.723Z] 🔍 Enhancing item 2491: Large Axe (115/169)
[2025-11-03T12:52:12.725Z] ✅ Enhanced Large Axe - Speed: 2.8, DPS: 4.3
[2025-11-03T12:52:12.727Z] 💾 Saved progress to turtle_db/items/weapons/2h-axes.json
[2025-11-03T12:52:14.728Z] 🔍 Enhancing item 2499: Double-bladed Axe (116/169)
[2025-11-03T12:52:18.726Z] ✅ Enhanced Double-bladed Axe - Speed: 3.2, DPS: 4.8
[2025-11-03T12:52:18.727Z] 💾 Saved progress to turtle_db/items/weapons/2h-axes.json
[2025-11-03T12:52:20.728Z] 🔍 Enhancing item 2523: Bullova (117/169)
[2025-11-03T12:52:24.732Z] ✅ Enhanced Bullova - Speed: 3.8, DPS: 22.4
[2025-11-03T12:52:24.733Z] 💾 Saved progress to turtle_db/items/weapons/2h-axes.json
[2025-11-03T12:52:26.734Z] 🔍 Enhancing item 2531: Great Axe (118/169)
[2025-11-03T12:52:30.735Z] ✅ Enhanced Great Axe - Speed: 3.6, DPS: 31.3
[2025-11-03T12:52:30.736Z] 💾 Saved progress to turtle_db/items/weapons/2h-axes.json
[2025-11-03T12:52:32.737Z] 🔍 Enhancing item 2823: Mo'grosh Can Opener (119/169)
[2025-11-03T12:52:36.509Z] ✅ Enhanced Mo'grosh Can Opener - Speed: 3.2, DPS: 12.5
[2025-11-03T12:52:36.510Z] 💾 Saved progress to turtle_db/items/weapons/2h-axes.json
[2025-11-03T12:52:38.512Z] 🔍 Enhancing item 3189: Wood Chopper (120/169)
[2025-11-03T12:52:48.968Z] ✅ Enhanced Wood Chopper - Speed: 3.3, DPS: 4.2
[2025-11-03T12:52:48.970Z] 💾 Saved progress to turtle_db/items/weapons/2h-axes.json
[2025-11-03T12:52:50.971Z] 🔍 Enhancing item 3325: Vile Fin Battle Axe (121/169)
[2025-11-03T12:52:54.745Z] ✅ Enhanced Vile Fin Battle Axe - Speed: 3.1, DPS: 5
[2025-11-03T12:52:54.746Z] 💾 Saved progress to turtle_db/items/weapons/2h-axes.json
[2025-11-03T12:52:56.747Z] 🔍 Enhancing item 3779: Hefty War Axe (122/169)
[2025-11-03T12:53:00.750Z] ✅ Enhanced Hefty War Axe - Speed: 2.8, DPS: 13
[2025-11-03T12:53:00.754Z] 💾 Saved progress to turtle_db/items/weapons/2h-axes.json
[2025-11-03T12:53:02.756Z] 🔍 Enhancing item 3856: Shadow Crescent Axe (123/169)
[2025-11-03T12:53:06.756Z] ✅ Enhanced Shadow Crescent Axe - Speed: 2.5, DPS: 29
[2025-11-03T12:53:06.757Z] 💾 Saved progress to turtle_db/items/weapons/2h-axes.json
[2025-11-03T12:53:08.758Z] 🔍 Enhancing item 4562: Severing Axe (124/169)
[2025-11-03T12:53:12.755Z] ✅ Enhanced Severing Axe - Speed: 3.2, DPS: 7
[2025-11-03T12:53:12.756Z] 💾 Saved progress to turtle_db/items/weapons/2h-axes.json
[2025-11-03T12:53:14.759Z] 🔍 Enhancing item 5318: Zhovur Axe (125/169)
[2025-11-03T12:53:18.759Z] ✅ Enhanced Zhovur Axe - Speed: 3.1, DPS: 13.1
[2025-11-03T12:53:18.760Z] 💾 Saved progress to turtle_db/items/weapons/2h-axes.json
[2025-11-03T12:53:20.761Z] 🔍 Enhancing item 5626: Skullchipper (126/169)
[2025-11-03T12:53:24.766Z] ✅ Enhanced Skullchipper - Speed: 3.5, DPS: 13
[2025-11-03T12:53:24.768Z] 💾 Saved progress to turtle_db/items/weapons/2h-axes.json
[2025-11-03T12:53:26.770Z] 🔍 Enhancing item 5749: Scythe Axe (127/169)
[2025-11-03T12:53:30.771Z] ✅ Enhanced Scythe Axe - Speed: 3.6, DPS: 15.1
[2025-11-03T12:53:30.772Z] 💾 Saved progress to turtle_db/items/weapons/2h-axes.json
[2025-11-03T12:53:32.773Z] 🔍 Enhancing item 5777: Brave's Axe (128/169)
[2025-11-03T12:53:36.861Z] ✅ Enhanced Brave's Axe - Speed: 3.3, DPS: 2.7
[2025-11-03T12:53:36.863Z] 💾 Saved progress to turtle_db/items/weapons/2h-axes.json
[2025-11-03T12:53:38.864Z] 🔍 Enhancing item 6094: Piercing Axe (129/169)
[2025-11-03T12:53:42.966Z] ✅ Enhanced Piercing Axe - Speed: 3.3, DPS: 11.8
[2025-11-03T12:53:42.968Z] 💾 Saved progress to turtle_db/items/weapons/2h-axes.json
[2025-11-03T12:53:44.970Z] 🔍 Enhancing item 6206: Rock Chipper (130/169)
[2025-11-03T12:53:49.064Z] ✅ Enhanced Rock Chipper - Speed: 3.5, DPS: 9
[2025-11-03T12:53:49.064Z] 💾 Saved progress to turtle_db/items/weapons/2h-axes.json
[2025-11-03T12:53:51.065Z] 🔍 Enhancing item 6905: Reef Axe (131/169)
[2025-11-03T12:53:55.261Z] ✅ Enhanced Reef Axe - Speed: 3.3, DPS: 18.3
[2025-11-03T12:53:55.262Z] 💾 Saved progress to turtle_db/items/weapons/2h-axes.json
[2025-11-03T12:53:57.264Z] 🔍 Enhancing item 7958: Bronze Battle Axe (132/169)
[2025-11-03T12:54:01.360Z] ✅ Enhanced Bronze Battle Axe - Speed: 2.9, DPS: 16.9
[2025-11-03T12:54:01.362Z] 💾 Saved progress to turtle_db/items/weapons/2h-axes.json
[2025-11-03T12:54:03.363Z] 🔍 Enhancing item 9521: Skullsplitter (133/169)
[2025-11-03T12:54:07.438Z] ✅ Enhanced Skullsplitter - Speed: 2.9, DPS: 30.2
[2025-11-03T12:54:07.439Z] 💾 Saved progress to turtle_db/items/weapons/2h-axes.json
[2025-11-03T12:54:09.440Z] 🔍 Enhancing item 9679: Tok'kar's Murloc Chopper (134/169)
[2025-11-03T12:54:13.531Z] ✅ Enhanced Tok'kar's Murloc Chopper - Speed: 3.2, DPS: 32.5
[2025-11-03T12:54:13.532Z] 💾 Saved progress to turtle_db/items/weapons/2h-axes.json
[2025-11-03T12:54:15.534Z] 🔍 Enhancing item 9685: Will of the Mountain Giant (135/169)
[2025-11-03T12:54:19.623Z] ✅ Enhanced Will of the Mountain Giant - Speed: 2.8, DPS: 39.5
[2025-11-03T12:54:19.624Z] 💾 Saved progress to turtle_db/items/weapons/2h-axes.json
[2025-11-03T12:54:21.625Z] 🔍 Enhancing item 12282: Worn Battleaxe (136/169)
[2025-11-03T12:54:25.702Z] ✅ Enhanced Worn Battleaxe - Speed: 2.9, DPS: 1.4
[2025-11-03T12:54:25.704Z] 💾 Saved progress to turtle_db/items/weapons/2h-axes.json
[2025-11-03T12:54:27.705Z] 🔍 Enhancing item 12294: Monster - Axe, 2H Horde Green War Axe (137/169)
[2025-11-03T12:54:31.804Z] ✅ Enhanced Monster - Axe, 2H Horde Green War Axe - Speed: 3.3, DPS: 0.9
[2025-11-03T12:54:31.805Z] 💾 Saved progress to turtle_db/items/weapons/2h-axes.json
[2025-11-03T12:54:33.806Z] 🔍 Enhancing item 12461: Monster - Axe, 2H Horde Brown Tombstone (138/169)
[2025-11-03T12:54:37.792Z] ✅ Enhanced Monster - Axe, 2H Horde Brown Tombstone - Speed: 3.3, DPS: 0.9
[2025-11-03T12:54:37.793Z] 💾 Saved progress to turtle_db/items/weapons/2h-axes.json
[2025-11-03T12:54:39.794Z] 🔍 Enhancing item 13706: Monster - Axe, 2H Horde Black Tombstone (139/169)
[2025-11-03T12:54:43.952Z] ✅ Enhanced Monster - Axe, 2H Horde Black Tombstone - Speed: 3.3, DPS: 0.9
[2025-11-03T12:54:43.953Z] 💾 Saved progress to turtle_db/items/weapons/2h-axes.json
[2025-11-03T12:54:45.954Z] 🔍 Enhancing item 13819: Balanced War Axe (140/169)
[2025-11-03T12:54:49.795Z] ✅ Enhanced Balanced War Axe - Speed: 2.5, DPS: 27.6
[2025-11-03T12:54:49.797Z] 💾 Saved progress to turtle_db/items/weapons/2h-axes.json
[2025-11-03T12:54:51.798Z] 🔍 Enhancing item 14643: Monster - Axe, 2H Battle A03 Red (141/169)
[2025-11-03T12:54:55.889Z] ✅ Enhanced Monster - Axe, 2H Battle A03 Red - Speed: 3.9, DPS: 1
[2025-11-03T12:54:55.890Z] 💾 Saved progress to turtle_db/items/weapons/2h-axes.json
[2025-11-03T12:54:57.892Z] 🔍 Enhancing item 14870: Monster - Axe, 2H Horde Massive Spiked (142/169)
[2025-11-03T12:55:01.797Z] ✅ Enhanced Monster - Axe, 2H Horde Massive Spiked - Speed: 3.3, DPS: 0.9
[2025-11-03T12:55:01.798Z] 💾 Saved progress to turtle_db/items/weapons/2h-axes.json
[2025-11-03T12:55:03.798Z] 🔍 Enhancing item 15268: Twin-bladed Axe (143/169)
[2025-11-03T12:55:15.617Z] ✅ Enhanced Twin-bladed Axe - Speed: 2.7, DPS: 10.7
[2025-11-03T12:55:15.619Z] 💾 Saved progress to turtle_db/items/weapons/2h-axes.json
[2025-11-03T12:55:17.619Z] 🔍 Enhancing item 15272: Razor Axe (144/169)
[2025-11-03T12:55:21.732Z] ✅ Enhanced Razor Axe - Speed: 2.5, DPS: 45.8
[2025-11-03T12:55:21.733Z] 💾 Saved progress to turtle_db/items/weapons/2h-axes.json
[2025-11-03T12:55:23.734Z] 🔍 Enhancing item 17383: Monster - Axe, 2H Horde Black War Axe (145/169)
[2025-11-03T12:55:27.817Z] ✅ Enhanced Monster - Axe, 2H Horde Black War Axe - Speed: 3.3, DPS: 0.9
[2025-11-03T12:55:27.819Z] 💾 Saved progress to turtle_db/items/weapons/2h-axes.json
[2025-11-03T12:55:29.820Z] 🔍 Enhancing item 17463: Monster - Axe, 2H Horde Blue War Axe (146/169)
[2025-11-03T12:55:33.908Z] ✅ Enhanced Monster - Axe, 2H Horde Blue War Axe - Speed: 3.3, DPS: 0.9
[2025-11-03T12:55:33.909Z] 💾 Saved progress to turtle_db/items/weapons/2h-axes.json
[2025-11-03T12:55:35.910Z] 🔍 Enhancing item 21580: Monster - 2H Axe, Horde PvP (147/169)
[2025-11-03T12:55:39.992Z] ✅ Enhanced Monster - 2H Axe, Horde PvP - Speed: 3.3, DPS: 0.9
[2025-11-03T12:55:39.993Z] 💾 Saved progress to turtle_db/items/weapons/2h-axes.json
[2025-11-03T12:55:41.994Z] 🔍 Enhancing item 22199: Monster - Axe, 2H Arcanite Reaper (148/169)
[2025-11-03T12:55:45.805Z] ✅ Enhanced Monster - Axe, 2H Arcanite Reaper - Speed: 3.3, DPS: 0.9
[2025-11-03T12:55:45.806Z] 💾 Saved progress to turtle_db/items/weapons/2h-axes.json
[2025-11-03T12:55:47.807Z] 🔍 Enhancing item 41048: Whirring Shredder Saw (149/169)
[2025-11-03T12:55:51.556Z] ✅ Enhanced Whirring Shredder Saw - Speed: 3, DPS: 7.2
[2025-11-03T12:55:51.558Z] 💾 Saved progress to turtle_db/items/weapons/2h-axes.json
[2025-11-03T12:55:53.558Z] 🔍 Enhancing item 51892: The Reaver (150/169)
[2025-11-03T12:55:57.664Z] ✅ Enhanced The Reaver - Speed: 3.6, DPS: 46.3
[2025-11-03T12:55:57.665Z] 💾 Saved progress to turtle_db/items/weapons/2h-axes.json
[2025-11-03T12:55:59.666Z] 🔍 Enhancing item 60701: Scrapforged Greataxe (151/169)
[2025-11-03T12:56:03.752Z] ✅ Enhanced Scrapforged Greataxe - Speed: 3.2, DPS: 45.8
[2025-11-03T12:56:03.753Z] 💾 Saved progress to turtle_db/items/weapons/2h-axes.json
[2025-11-03T12:56:05.754Z] 🔍 Enhancing item 1812: Short-handled Battle Axe (152/169)
[2025-11-03T12:56:15.483Z] ✅ Enhanced Short-handled Battle Axe - Speed: 3.1, DPS: 6.6
[2025-11-03T12:56:15.484Z] 💾 Saved progress to turtle_db/items/weapons/2h-axes.json
[2025-11-03T12:56:17.486Z] 🔍 Enhancing item 1824: Shiny War Axe (153/169)
[2025-11-03T12:56:21.581Z] ✅ Enhanced Shiny War Axe - Speed: 2.4, DPS: 9
[2025-11-03T12:56:21.582Z] 💾 Saved progress to turtle_db/items/weapons/2h-axes.json
[2025-11-03T12:56:23.583Z] 🔍 Enhancing item 1828: Stone War Axe (154/169)
[2025-11-03T12:56:27.697Z] ✅ Enhanced Stone War Axe - Speed: 2.6, DPS: 10.8
[2025-11-03T12:56:27.698Z] 💾 Saved progress to turtle_db/items/weapons/2h-axes.json
[2025-11-03T12:56:29.699Z] 🔍 Enhancing item 4020: Splintering Battle Axe (155/169)
[2025-11-03T12:56:33.813Z] ✅ Enhanced Splintering Battle Axe - Speed: 3.3, DPS: 22.9
[2025-11-03T12:56:33.814Z] 💾 Saved progress to turtle_db/items/weapons/2h-axes.json
[2025-11-03T12:56:35.815Z] 🔍 Enhancing item 5287: Monster - Axe, 2H Large Double Bladed (156/169)
[2025-11-03T12:56:39.827Z] ✅ Enhanced Monster - Axe, 2H Large Double Bladed - Speed: 3.3, DPS: 0.9
[2025-11-03T12:56:39.828Z] 💾 Saved progress to turtle_db/items/weapons/2h-axes.json
[2025-11-03T12:56:41.829Z] 🔍 Enhancing item 5288: Monster - Axe, 2H Rev. Bearded Single Bladed (157/169)
[2025-11-03T12:56:45.997Z] ✅ Enhanced Monster - Axe, 2H Rev. Bearded Single Bladed - Speed: 2.8, DPS: 0.9
[2025-11-03T12:56:45.998Z] 💾 Saved progress to turtle_db/items/weapons/2h-axes.json
[2025-11-03T12:56:47.999Z] 🔍 Enhancing item 5289: Monster - Axe, 2H Single Bladed /w Pick (158/169)
[2025-11-03T12:56:52.165Z] ✅ Enhanced Monster - Axe, 2H Single Bladed /w Pick - Speed: 3.9, DPS: 1
[2025-11-03T12:56:52.166Z] 💾 Saved progress to turtle_db/items/weapons/2h-axes.json
[2025-11-03T12:56:54.167Z] 🔍 Enhancing item 7612: Monster - Axe, 2H Special NPC (Herod) (159/169)
[2025-11-03T12:56:58.337Z] ✅ Enhanced Monster - Axe, 2H Special NPC (Herod) - Speed: 3.3, DPS: 0.9
[2025-11-03T12:56:58.339Z] 💾 Saved progress to turtle_db/items/weapons/2h-axes.json
[2025-11-03T12:57:00.340Z] 🔍 Enhancing item 11317: Monster - Axe, 2H War C01 Blue Limited (160/169)
[2025-11-03T12:57:04.422Z] ✅ Enhanced Monster - Axe, 2H War C01 Blue Limited - Speed: 3.3, DPS: 0.9
[2025-11-03T12:57:04.423Z] 💾 Saved progress to turtle_db/items/weapons/2h-axes.json
[2025-11-03T12:57:06.424Z] 🔍 Enhancing item 11342: Monster - Axe, 2H Pendulum of Doom (161/169)
[2025-11-03T12:57:10.496Z] ✅ Enhanced Monster - Axe, 2H Pendulum of Doom - Speed: 3.3, DPS: 0.9
[2025-11-03T12:57:10.497Z] 💾 Saved progress to turtle_db/items/weapons/2h-axes.json
[2025-11-03T12:57:12.498Z] 🔍 Enhancing item 12285: Monster - Axe, 2H Rev. Bearded Single Bladed - Red (162/169)
[2025-11-03T12:57:16.589Z] ✅ Enhanced Monster - Axe, 2H Rev. Bearded Single Bladed - Red - Speed: 2.8, DPS: 0.9
[2025-11-03T12:57:16.590Z] 💾 Saved progress to turtle_db/items/weapons/2h-axes.json
[2025-11-03T12:57:18.590Z] 🔍 Enhancing item 12754: Monster - Axe, 2H War Green - Mulgore Protector (163/169)
[2025-11-03T12:57:22.667Z] ✅ Enhanced Monster - Axe, 2H War Green - Mulgore Protector - Speed: 2.8, DPS: 0.9
[2025-11-03T12:57:22.668Z] 💾 Saved progress to turtle_db/items/weapons/2h-axes.json
[2025-11-03T12:57:24.669Z] 🔍 Enhancing item 12951: Monster - Axe, 2H War - Red (164/169)
[2025-11-03T12:57:28.757Z] ✅ Enhanced Monster - Axe, 2H War - Red - Speed: 3.9, DPS: 1
[2025-11-03T12:57:28.758Z] 💾 Saved progress to turtle_db/items/weapons/2h-axes.json
[2025-11-03T12:57:30.759Z] 🔍 Enhancing item 14475: Monster - Axe, 2H War A03 White (165/169)
[2025-11-03T12:57:34.846Z] ✅ Enhanced Monster - Axe, 2H War A03 White - Speed: 2.8, DPS: 0.9
[2025-11-03T12:57:34.847Z] 💾 Saved progress to turtle_db/items/weapons/2h-axes.json
[2025-11-03T12:57:36.848Z] 🔍 Enhancing item 18002: Monster - Axe, 2H Horde Massive Spiked Blue (166/169)
[2025-11-03T12:57:40.927Z] ✅ Enhanced Monster - Axe, 2H Horde Massive Spiked Blue - Speed: 3.3, DPS: 0.9
[2025-11-03T12:57:40.928Z] 💾 Saved progress to turtle_db/items/weapons/2h-axes.json
[2025-11-03T12:57:42.929Z] 🔍 Enhancing item 18419: Monster - Axe, 2H Horde Red War Axe (167/169)
[2025-11-03T12:57:46.847Z] ✅ Enhanced Monster - Axe, 2H Horde Red War Axe - Speed: 3.3, DPS: 0.9
[2025-11-03T12:57:46.848Z] 💾 Saved progress to turtle_db/items/weapons/2h-axes.json
[2025-11-03T12:57:48.848Z] 🔍 Enhancing item 21192: Monster - Axe, 2H UBER Blackwing (168/169)
[2025-11-03T12:57:52.937Z] ✅ Enhanced Monster - Axe, 2H UBER Blackwing - Speed: 3.3, DPS: 0.9
[2025-11-03T12:57:52.938Z] 💾 Saved progress to turtle_db/items/weapons/2h-axes.json
[2025-11-03T12:57:54.939Z] 🔍 Enhancing item 21286: Monster - Axe, 2H Large Double Bladed, Gold (169/169)
[2025-11-03T12:57:58.852Z] ✅ Enhanced Monster - Axe, 2H Large Double Bladed, Gold - Speed: 3.3, DPS: 0.9
[2025-11-03T12:57:58.853Z] 💾 Saved progress to turtle_db/items/weapons/2h-axes.json
[2025-11-03T12:58:00.853Z] 📊 Enhancement complete for turtle_db/items/weapons/2h-axes.json
[2025-11-03T12:58:00.853Z]    Enhanced: 169 items
[2025-11-03T12:58:00.853Z]    Skipped: 0 items
[2025-11-03T12:58:00.854Z] 📂 Processing weapon file: turtle_db/items/weapons/2h-maces.json
[2025-11-03T12:58:00.855Z] 📊 Found 196 items in turtle_db/items/weapons/2h-maces.json
[2025-11-03T12:58:00.855Z] 🔍 Enhancing item 2915: Taran Icebreaker (1/196)
[2025-11-03T12:58:04.956Z] ✅ Enhanced Taran Icebreaker - Speed: 2.3, DPS: 49.6
[2025-11-03T12:58:04.957Z] 💾 Saved progress to turtle_db/items/weapons/2h-maces.json
[2025-11-03T12:58:06.958Z] 🔍 Enhancing item 3194: Black Malice (2/196)
[2025-11-03T12:58:10.853Z] ✅ Enhanced Black Malice - Speed: 3.3, DPS: 19.4
[2025-11-03T12:58:10.855Z] 💾 Saved progress to turtle_db/items/weapons/2h-maces.json
[2025-11-03T12:58:12.856Z] 🔍 Enhancing item 3203: Dense Triangle Mace (3/196)
[2025-11-03T12:58:16.946Z] ✅ Enhanced Dense Triangle Mace - Speed: 2.4, DPS: 22.9
[2025-11-03T12:58:16.947Z] 💾 Saved progress to turtle_db/items/weapons/2h-maces.json
[2025-11-03T12:58:18.947Z] 🔍 Enhancing item 7730: Cobalt Crusher (4/196)
[2025-11-03T12:58:22.647Z] ✅ Enhanced Cobalt Crusher - Speed: 3.2, DPS: 30.5
[2025-11-03T12:58:22.648Z] 💾 Saved progress to turtle_db/items/weapons/2h-maces.json
[2025-11-03T12:58:24.649Z] 🔍 Enhancing item 11608: Dark Iron Pulverizer (5/196)
[2025-11-03T12:58:28.753Z] ✅ Enhanced Dark Iron Pulverizer - Speed: 3.7, DPS: 47.4
[2025-11-03T12:58:28.756Z] 💾 Saved progress to turtle_db/items/weapons/2h-maces.json
[2025-11-03T12:58:30.757Z] 🔍 Enhancing item 11803: Force of Magma (6/196)
[2025-11-03T12:58:34.847Z] ✅ Enhanced Force of Magma - Speed: 3.2, DPS: 48.1
[2025-11-03T12:58:34.848Z] 💾 Saved progress to turtle_db/items/weapons/2h-maces.json
[2025-11-03T12:58:36.850Z] 🔍 Enhancing item 12776: Enchanted Battlehammer (7/196)
[2025-11-03T12:58:40.934Z] ✅ Enhanced Enchanted Battlehammer - Speed: 2.6, DPS: 48.1
[2025-11-03T12:58:40.935Z] 💾 Saved progress to turtle_db/items/weapons/2h-maces.json
[2025-11-03T12:58:42.936Z] 🔍 Enhancing item 13046: Blanchard's Stout (8/196)
[2025-11-03T12:58:46.867Z] ✅ Enhanced Blanchard's Stout - Speed: 3.1, DPS: 43.4
[2025-11-03T12:58:46.870Z] 💾 Saved progress to turtle_db/items/weapons/2h-maces.json
[2025-11-03T12:58:48.871Z] 🔍 Enhancing item 13167: Fist of Omokk (9/196)
[2025-11-03T12:58:52.946Z] ✅ Enhanced Fist of Omokk - Speed: 3.3, DPS: 51.4
[2025-11-03T12:58:52.947Z] 💾 Saved progress to turtle_db/items/weapons/2h-maces.json
[2025-11-03T12:58:54.948Z] 🔍 Enhancing item 14531: Frightskull Shaft (10/196)
[2025-11-03T12:58:58.868Z] ✅ Enhanced Frightskull Shaft - Speed: 3.4, DPS: 50.4
[2025-11-03T12:58:58.870Z] 💾 Saved progress to turtle_db/items/weapons/2h-maces.json
[2025-11-03T12:59:00.870Z] 🔍 Enhancing item 17073: Earthshaker (11/196)
[2025-11-03T12:59:04.955Z] ✅ Enhanced Earthshaker - Speed: 3.5, DPS: 62.6
[2025-11-03T12:59:04.956Z] 💾 Saved progress to turtle_db/items/weapons/2h-maces.json
[2025-11-03T12:59:06.957Z] 🔍 Enhancing item 17182: Sulfuras, Hand of Ragnaros (12/196)
[2025-11-03T12:59:10.870Z] ✅ Enhanced Sulfuras, Hand of Ragnaros - Speed: 3.7, DPS: 80.4
[2025-11-03T12:59:10.870Z] 💾 Saved progress to turtle_db/items/weapons/2h-maces.json
[2025-11-03T12:59:12.871Z] 🔍 Enhancing item 17193: Sulfuron Hammer (13/196)
[2025-11-03T12:59:16.963Z] ✅ Enhanced Sulfuron Hammer - Speed: 3.7, DPS: 63.6
[2025-11-03T12:59:16.964Z] 💾 Saved progress to turtle_db/items/weapons/2h-maces.json
[2025-11-03T12:59:18.965Z] 🔍 Enhancing item 18420: Bonecrusher (14/196)
[2025-11-03T12:59:22.876Z] ✅ Enhanced Bonecrusher - Speed: 3, DPS: 53.8
[2025-11-03T12:59:22.877Z] 💾 Saved progress to turtle_db/items/weapons/2h-maces.json
[2025-11-03T12:59:24.879Z] 🔍 Enhancing item 18717: Hammer of the Grand Crusader (15/196)
[2025-11-03T12:59:28.962Z] ✅ Enhanced Hammer of the Grand Crusader - Speed: 2.7, DPS: 53.9
[2025-11-03T12:59:28.965Z] 💾 Saved progress to turtle_db/items/weapons/2h-maces.json
[2025-11-03T12:59:30.966Z] 🔍 Enhancing item 18803: Finkle's Lava Dredger (16/196)
[2025-11-03T12:59:34.671Z] ✅ Enhanced Finkle's Lava Dredger - Speed: 2.9, DPS: 59.3
[2025-11-03T12:59:34.673Z] 💾 Saved progress to turtle_db/items/weapons/2h-maces.json
[2025-11-03T12:59:36.674Z] 🔍 Enhancing item 18867: Grand Marshal's Battle Hammer (17/196)
[2025-11-03T12:59:40.875Z] ✅ Enhanced Grand Marshal's Battle Hammer - Speed: 3.8, DPS: 84.5
[2025-11-03T12:59:40.876Z] 💾 Saved progress to turtle_db/items/weapons/2h-maces.json
[2025-11-03T12:59:42.877Z] 🔍 Enhancing item 18868: High Warlord's Pulverizer (18/196)
[2025-11-03T12:59:46.880Z] ✅ Enhanced High Warlord's Pulverizer - Speed: 3.8, DPS: 84.5
[2025-11-03T12:59:46.881Z] 💾 Saved progress to turtle_db/items/weapons/2h-maces.json
[2025-11-03T12:59:48.882Z] 🔍 Enhancing item 19323: The Unstoppable Force (19/196)
[2025-11-03T12:59:52.983Z] ✅ Enhanced The Unstoppable Force - Speed: 3.8, DPS: 61.4
[2025-11-03T12:59:52.984Z] 💾 Saved progress to turtle_db/items/weapons/2h-maces.json
[2025-11-03T12:59:54.985Z] 🔍 Enhancing item 19357: Herald of Woe (20/196)
[2025-11-03T12:59:58.888Z] ✅ Enhanced Herald of Woe - Speed: 3.4, DPS: 73.4
[2025-11-03T12:59:58.890Z] 💾 Saved progress to turtle_db/items/weapons/2h-maces.json
[2025-11-03T13:00:00.891Z] 🔍 Enhancing item 19358: Draconic Maul (21/196)
[2025-11-03T13:00:04.976Z] ✅ Enhanced Draconic Maul - Speed: 3.5, DPS: 67
[2025-11-03T13:00:04.977Z] 💾 Saved progress to turtle_db/items/weapons/2h-maces.json
[2025-11-03T13:00:06.979Z] 🔍 Enhancing item 19918: Jeklik's Crusher (22/196)
[2025-11-03T13:00:10.698Z] ✅ Enhanced Jeklik's Crusher - Speed: 3.6, DPS: 56.5
[2025-11-03T13:00:10.699Z] 💾 Saved progress to turtle_db/items/weapons/2h-maces.json
[2025-11-03T13:00:12.699Z] 🔍 Enhancing item 20696: Crystal Spiked Maul (23/196)
[2025-11-03T13:00:16.785Z] ✅ Enhanced Crystal Spiked Maul - Speed: 3.9, DPS: 53.8
[2025-11-03T13:00:16.786Z] 💾 Saved progress to turtle_db/items/weapons/2h-maces.json
[2025-11-03T13:00:18.786Z] 🔍 Enhancing item 21188: Fist of Cenarius (24/196)
[2025-11-03T13:00:22.858Z] ✅ Enhanced Fist of Cenarius - Speed: 3.5, DPS: 62.6
[2025-11-03T13:00:22.859Z] 💾 Saved progress to turtle_db/items/weapons/2h-maces.json
[2025-11-03T13:00:24.860Z] 🔍 Enhancing item 21703: Hammer of Ji'zhi (25/196)
[2025-11-03T13:00:28.960Z] ✅ Enhanced Hammer of Ji'zhi - Speed: 3.5, DPS: 70.7
[2025-11-03T13:00:28.961Z] 💾 Saved progress to turtle_db/items/weapons/2h-maces.json
[2025-11-03T13:00:30.962Z] 🔍 Enhancing item 21806: Gavel of Qiraji Authority (26/196)
[2025-11-03T13:00:34.896Z] ✅ Enhanced Gavel of Qiraji Authority - Speed: 2.2, DPS: 61.4
[2025-11-03T13:00:34.897Z] 💾 Saved progress to turtle_db/items/weapons/2h-maces.json
[2025-11-03T13:00:36.899Z] 🔍 Enhancing item 22333: Hammer of Divine Might (27/196)
[2025-11-03T13:00:40.981Z] ✅ Enhanced Hammer of Divine Might - Speed: 2.1, DPS: 53.1
[2025-11-03T13:00:40.983Z] 💾 Saved progress to turtle_db/items/weapons/2h-maces.json
[2025-11-03T13:00:42.984Z] 🔍 Enhancing item 22348: Doomulus Prime (28/196)
[2025-11-03T13:00:46.898Z] ✅ Enhanced Doomulus Prime - Speed: 3.8, DPS: 55.7
[2025-11-03T13:00:46.899Z] 💾 Saved progress to turtle_db/items/weapons/2h-maces.json
[2025-11-03T13:00:48.900Z] 🔍 Enhancing item 22798: Might of Menethil (29/196)
[2025-11-03T13:00:53.041Z] ✅ Enhanced Might of Menethil - Speed: 3.8, DPS: 95.3
[2025-11-03T13:00:53.042Z] 💾 Saved progress to turtle_db/items/weapons/2h-maces.json
[2025-11-03T13:00:55.043Z] 🔍 Enhancing item 22809: Maul of the Redeemed Crusader (30/196)
[2025-11-03T13:00:58.904Z] ✅ Enhanced Maul of the Redeemed Crusader - Speed: 3.6, DPS: 90
[2025-11-03T13:00:58.906Z] 💾 Saved progress to turtle_db/items/weapons/2h-maces.json
[2025-11-03T13:01:00.907Z] 🔍 Enhancing item 23455: Grand Marshal's Demolisher (31/196)
[2025-11-03T13:01:04.989Z] ✅ Enhanced Grand Marshal's Demolisher - Speed: 3.8, DPS: 84.5
[2025-11-03T13:01:04.990Z] 💾 Saved progress to turtle_db/items/weapons/2h-maces.json
[2025-11-03T13:01:06.991Z] 🔍 Enhancing item 23465: High Warlord's Destroyer (32/196)
[2025-11-03T13:01:10.905Z] ✅ Enhanced High Warlord's Destroyer - Speed: 3.8, DPS: 84.5
[2025-11-03T13:01:10.906Z] 💾 Saved progress to turtle_db/items/weapons/2h-maces.json
[2025-11-03T13:01:12.907Z] 🔍 Enhancing item 41076: Aspect of Seradane (33/196)
[2025-11-03T13:01:16.998Z] ✅ Enhanced Aspect of Seradane - Speed: 3.3, DPS: 78.2
[2025-11-03T13:01:17.001Z] 💾 Saved progress to turtle_db/items/weapons/2h-maces.json
[2025-11-03T13:01:19.003Z] 🔍 Enhancing item 55021: Alvelo's Reinforced Bludgeon (34/196)
[2025-11-03T13:01:22.754Z] ✅ Enhanced Alvelo's Reinforced Bludgeon - Speed: 3.4, DPS: 35.6
[2025-11-03T13:01:22.755Z] 💾 Saved progress to turtle_db/items/weapons/2h-maces.json
[2025-11-03T13:01:24.756Z] 🔍 Enhancing item 55100: Checkmate (35/196)
[2025-11-03T13:01:28.858Z] ✅ Enhanced Checkmate - Speed: 3.7, DPS: 93.5
[2025-11-03T13:01:28.860Z] 💾 Saved progress to turtle_db/items/weapons/2h-maces.json
[2025-11-03T13:01:30.861Z] 🔍 Enhancing item 55504: Anchor of the Wavecutter (36/196)
[2025-11-03T13:01:34.912Z] ✅ Enhanced Anchor of the Wavecutter - Speed: 3.6, DPS: 62.6
[2025-11-03T13:01:34.914Z] 💾 Saved progress to turtle_db/items/weapons/2h-maces.json
[2025-11-03T13:01:36.915Z] 🔍 Enhancing item 60010: Towerforge Demolisher (37/196)
[2025-11-03T13:01:41.094Z] ✅ Enhanced Towerforge Demolisher - Speed: 3.7, DPS: 62.7
[2025-11-03T13:01:41.097Z] 💾 Saved progress to turtle_db/items/weapons/2h-maces.json
[2025-11-03T13:01:43.098Z] 🔍 Enhancing item 60099: Battery-Powered Crowd Pummeler (38/196)
[2025-11-03T13:01:46.915Z] ✅ Enhanced Battery-Powered Crowd Pummeler - Speed: 2.9, DPS: 43.1
[2025-11-03T13:01:46.916Z] 💾 Saved progress to turtle_db/items/weapons/2h-maces.json
[2025-11-03T13:01:48.918Z] 🔍 Enhancing item 61044: Gavel of the Northwind (39/196)
[2025-11-03T13:01:52.999Z] ✅ Enhanced Gavel of the Northwind - Speed: 2.5, DPS: 56
[2025-11-03T13:01:53.000Z] 💾 Saved progress to turtle_db/items/weapons/2h-maces.json
[2025-11-03T13:01:55.002Z] 🔍 Enhancing item 61185: Dawnstone Hammer (40/196)
[2025-11-03T13:01:58.677Z] ✅ Enhanced Dawnstone Hammer - Speed: 2.9, DPS: 61
[2025-11-03T13:01:58.677Z] 💾 Saved progress to turtle_db/items/weapons/2h-maces.json
[2025-11-03T13:02:00.678Z] 🔍 Enhancing item 61277: Fist of the Forgotten Order (41/196)
[2025-11-03T13:02:04.772Z] ✅ Enhanced Fist of the Forgotten Order - Speed: 3.6, DPS: 67.1
[2025-11-03T13:02:04.773Z] 💾 Saved progress to turtle_db/items/weapons/2h-maces.json
[2025-11-03T13:02:06.775Z] 🔍 Enhancing item 61532: Grand Slammer (42/196)
[2025-11-03T13:02:10.863Z] ✅ Enhanced Grand Slammer - Speed: 3.8, DPS: 48.9
[2025-11-03T13:02:10.864Z] 💾 Saved progress to turtle_db/items/weapons/2h-maces.json
[2025-11-03T13:02:12.865Z] 🔍 Enhancing item 80781: Experiment D2X3 (43/196)
[2025-11-03T13:02:17.097Z] ⚠️ Could not enhance Experiment D2X3 - no speed/DPS data found
[2025-11-03T13:02:19.099Z] 🔍 Enhancing item 81199: Ancestral War Totem (44/196)
[2025-11-03T13:02:22.925Z] ✅ Enhanced Ancestral War Totem - Speed: 3.7, DPS: 43.5
[2025-11-03T13:02:22.927Z] 💾 Saved progress to turtle_db/items/weapons/2h-maces.json
[2025-11-03T13:02:24.928Z] 🔍 Enhancing item 83060: Carved Ragetotem (45/196)
[2025-11-03T13:02:29.024Z] ✅ Enhanced Carved Ragetotem - Speed: 3.3, DPS: 52.3
[2025-11-03T13:02:29.025Z] 💾 Saved progress to turtle_db/items/weapons/2h-maces.json
[2025-11-03T13:02:31.026Z] 🔍 Enhancing item 83061: Carved Grimtotem (46/196)
[2025-11-03T13:02:34.927Z] ✅ Enhanced Carved Grimtotem - Speed: 3.1, DPS: 55.2
[2025-11-03T13:02:34.928Z] 💾 Saved progress to turtle_db/items/weapons/2h-maces.json
[2025-11-03T13:02:36.929Z] 🔍 Enhancing item 83062: Carved Runetotem (47/196)
[2025-11-03T13:02:41.024Z] ✅ Enhanced Carved Runetotem - Speed: 3.2, DPS: 52.5
[2025-11-03T13:02:41.025Z] 💾 Saved progress to turtle_db/items/weapons/2h-maces.json
[2025-11-03T13:02:43.027Z] 🔍 Enhancing item 83063: Bloodhoof Totem (48/196)
[2025-11-03T13:02:46.931Z] ✅ Enhanced Bloodhoof Totem - Speed: 3.4, DPS: 50.1
[2025-11-03T13:02:46.932Z] 💾 Saved progress to turtle_db/items/weapons/2h-maces.json
[2025-11-03T13:02:48.932Z] 🔍 Enhancing item 83440: Boneshatter Maul (49/196)
[2025-11-03T13:02:53.014Z] ✅ Enhanced Boneshatter Maul - Speed: 3.7, DPS: 54.9
[2025-11-03T13:02:53.014Z] 💾 Saved progress to turtle_db/items/weapons/2h-maces.json
[2025-11-03T13:02:55.015Z] 🔍 Enhancing item 83496: Enforcer's Blackjack (50/196)
[2025-11-03T13:02:58.935Z] ✅ Enhanced Enforcer's Blackjack - Speed: 2.8, DPS: 41.3
[2025-11-03T13:02:58.936Z] 💾 Saved progress to turtle_db/items/weapons/2h-maces.json
[2025-11-03T13:03:00.938Z] 🔍 Enhancing item 1722: Thornstone Sledgehammer (51/196)
[2025-11-03T13:03:05.046Z] ✅ Enhanced Thornstone Sledgehammer - Speed: 3.2, DPS: 37.2
[2025-11-03T13:03:05.046Z] 💾 Saved progress to turtle_db/items/weapons/2h-maces.json
[2025-11-03T13:03:07.047Z] 🔍 Enhancing item 1976: Slaghammer (52/196)
[2025-11-03T13:03:10.738Z] ✅ Enhanced Slaghammer - Speed: 2.8, DPS: 23.8
[2025-11-03T13:03:10.739Z] 💾 Saved progress to turtle_db/items/weapons/2h-maces.json
[2025-11-03T13:03:12.740Z] 🔍 Enhancing item 1990: Ballast Maul (53/196)
[2025-11-03T13:03:30.890Z] ✅ Enhanced Ballast Maul - Speed: 3.4, DPS: 24.7
[2025-11-03T13:03:30.891Z] 💾 Saved progress to turtle_db/items/weapons/2h-maces.json
[2025-11-03T13:03:32.891Z] 🔍 Enhancing item 3103: Coldridge Hammer (54/196)
[2025-11-03T13:03:36.971Z] ✅ Enhanced Coldridge Hammer - Speed: 2.7, DPS: 8.3
[2025-11-03T13:03:36.972Z] 💾 Saved progress to turtle_db/items/weapons/2h-maces.json
[2025-11-03T13:03:38.973Z] 🔍 Enhancing item 3198: Battering Hammer (55/196)
[2025-11-03T13:03:43.083Z] ✅ Enhanced Battering Hammer - Speed: 3.1, DPS: 15.2
[2025-11-03T13:03:43.085Z] 💾 Saved progress to turtle_db/items/weapons/2h-maces.json
[2025-11-03T13:03:45.086Z] 🔍 Enhancing item 3208: Conk Hammer (56/196)
[2025-11-03T13:03:49.199Z] ✅ Enhanced Conk Hammer - Speed: 3.5, DPS: 37.3
[2025-11-03T13:03:49.200Z] 💾 Saved progress to turtle_db/items/weapons/2h-maces.json
[2025-11-03T13:03:51.202Z] 🔍 Enhancing item 3440: Bonecracker (57/196)
[2025-11-03T13:03:55.290Z] ✅ Enhanced Bonecracker - Speed: 3.2, DPS: 9.1
[2025-11-03T13:03:55.291Z] 💾 Saved progress to turtle_db/items/weapons/2h-maces.json
[2025-11-03T13:03:57.292Z] 🔍 Enhancing item 4570: Birchwood Maul (58/196)
[2025-11-03T13:04:08.605Z] ✅ Enhanced Birchwood Maul - Speed: 3.3, DPS: 10
[2025-11-03T13:04:08.606Z] 💾 Saved progress to turtle_db/items/weapons/2h-maces.json
[2025-11-03T13:04:10.608Z] 🔍 Enhancing item 5322: Demolition Hammer (59/196)
[2025-11-03T13:04:14.791Z] ✅ Enhanced Demolition Hammer - Speed: 2.3, DPS: 17.6
[2025-11-03T13:04:14.792Z] 💾 Saved progress to turtle_db/items/weapons/2h-maces.json
[2025-11-03T13:04:16.793Z] 🔍 Enhancing item 6205: Burrowing Shovel (60/196)
[2025-11-03T13:04:20.876Z] ✅ Enhanced Burrowing Shovel - Speed: 2.3, DPS: 10
[2025-11-03T13:04:20.876Z] 💾 Saved progress to turtle_db/items/weapons/2h-maces.json
[2025-11-03T13:04:22.878Z] 🔍 Enhancing item 6327: The Pacifier (61/196)
[2025-11-03T13:04:26.954Z] ✅ Enhanced The Pacifier - Speed: 4, DPS: 32.5
[2025-11-03T13:04:26.955Z] 💾 Saved progress to turtle_db/items/weapons/2h-maces.json
[2025-11-03T13:04:28.956Z] 🔍 Enhancing item 6953: Verigan's Fist (62/196)
[2025-11-03T13:04:33.040Z] ✅ Enhanced Verigan's Fist - Speed: 3.2, DPS: 25.6
[2025-11-03T13:04:33.041Z] 💾 Saved progress to turtle_db/items/weapons/2h-maces.json
[2025-11-03T13:04:35.042Z] 🔍 Enhancing item 6976: Whirlwind Warhammer (63/196)
[2025-11-03T13:04:38.959Z] ✅ Enhanced Whirlwind Warhammer - Speed: 3.4, DPS: 35.7
[2025-11-03T13:04:38.961Z] 💾 Saved progress to turtle_db/items/weapons/2h-maces.json
[2025-11-03T13:04:40.962Z] 🔍 Enhancing item 7230: Smite's Mighty Hammer (64/196)
[2025-11-03T13:04:45.467Z] ✅ Enhanced Smite's Mighty Hammer - Speed: 3.5, DPS: 19.7
[2025-11-03T13:04:45.468Z] 💾 Saved progress to turtle_db/items/weapons/2h-maces.json
[2025-11-03T13:04:47.469Z] 🔍 Enhancing item 7723: Mograine's Might (65/196)
[2025-11-03T13:04:51.548Z] ✅ Enhanced Mograine's Might - Speed: 2.8, DPS: 38.9
[2025-11-03T13:04:51.549Z] 💾 Saved progress to turtle_db/items/weapons/2h-maces.json
[2025-11-03T13:04:53.550Z] 🔍 Enhancing item 9391: The Shoveler (66/196)
[2025-11-03T13:04:57.630Z] ✅ Enhanced The Shoveler - Speed: 3.4, DPS: 32.5
[2025-11-03T13:04:57.632Z] 💾 Saved progress to turtle_db/items/weapons/2h-maces.json
[2025-11-03T13:04:59.633Z] 🔍 Enhancing item 9413: The Rockpounder (67/196)
[2025-11-03T13:05:03.724Z] ✅ Enhanced The Rockpounder - Speed: 3.7, DPS: 42.7
[2025-11-03T13:05:03.725Z] 💾 Saved progress to turtle_db/items/weapons/2h-maces.json
[2025-11-03T13:05:05.726Z] 🔍 Enhancing item 9423: The Jackhammer (68/196)
[2025-11-03T13:05:09.809Z] ✅ Enhanced The Jackhammer - Speed: 2.5, DPS: 39.6
[2025-11-03T13:05:09.810Z] 💾 Saved progress to turtle_db/items/weapons/2h-maces.json
[2025-11-03T13:05:11.811Z] 🔍 Enhancing item 9449: Manual Crowd Pummeler (69/196)
[2025-11-03T13:05:15.894Z] ✅ Enhanced Manual Crowd Pummeler - Speed: 2.9, DPS: 29
[2025-11-03T13:05:15.896Z] 💾 Saved progress to turtle_db/items/weapons/2h-maces.json
[2025-11-03T13:05:17.897Z] 🔍 Enhancing item 10626: Ragehammer (70/196)
[2025-11-03T13:05:21.980Z] ✅ Enhanced Ragehammer - Speed: 3.7, DPS: 43.4
[2025-11-03T13:05:21.980Z] 💾 Saved progress to turtle_db/items/weapons/2h-maces.json
[2025-11-03T13:05:23.982Z] 🔍 Enhancing item 11265: Cragwood Maul (71/196)
[2025-11-03T13:05:28.062Z] ✅ Enhanced Cragwood Maul - Speed: 2.8, DPS: 31.3
[2025-11-03T13:05:28.063Z] 💾 Saved progress to turtle_db/items/weapons/2h-maces.json
[2025-11-03T13:05:30.065Z] 🔍 Enhancing item 11921: Impervious Giant (72/196)
[2025-11-03T13:05:34.156Z] ✅ Enhanced Impervious Giant - Speed: 2.7, DPS: 48.9
[2025-11-03T13:05:34.158Z] 💾 Saved progress to turtle_db/items/weapons/2h-maces.json
[2025-11-03T13:05:36.159Z] 🔍 Enhancing item 12528: The Judge's Gavel (73/196)
[2025-11-03T13:05:40.264Z] ✅ Enhanced The Judge's Gavel - Speed: 3.4, DPS: 45
[2025-11-03T13:05:40.265Z] 💾 Saved progress to turtle_db/items/weapons/2h-maces.json
[2025-11-03T13:05:42.267Z] 🔍 Enhancing item 12796: Hammer of the Titans (74/196)
[2025-11-03T13:05:46.359Z] ✅ Enhanced Hammer of the Titans - Speed: 3.8, DPS: 53.8
[2025-11-03T13:05:46.361Z] 💾 Saved progress to turtle_db/items/weapons/2h-maces.json
[2025-11-03T13:05:48.362Z] 🔍 Enhancing item 12969: Seeping Willow (75/196)
[2025-11-03T13:06:18.364Z] ❌ Error fetching weapon data for item 12969: TimeoutError: Navigation timeout of 30000 ms exceeded
[2025-11-03T13:06:18.364Z] ⚠️ Could not enhance Seeping Willow - no speed/DPS data found
[2025-11-03T13:06:20.366Z] 🔍 Enhancing item 12983: Rakzur Club (76/196)
[2025-11-03T13:06:24.538Z] ✅ Enhanced Rakzur Club - Speed: 2.6, DPS: 18.3
[2025-11-03T13:06:24.540Z] 💾 Saved progress to turtle_db/items/weapons/2h-maces.json
[2025-11-03T13:06:26.540Z] 🔍 Enhancing item 13045: Viscous Hammer (77/196)
[2025-11-03T13:06:30.694Z] ✅ Enhanced Viscous Hammer - Speed: 2.9, DPS: 30.2
[2025-11-03T13:06:30.695Z] 💾 Saved progress to turtle_db/items/weapons/2h-maces.json
[2025-11-03T13:06:32.697Z] 🔍 Enhancing item 13047: Twig of the World Tree (78/196)
[2025-11-03T13:06:36.800Z] ✅ Enhanced Twig of the World Tree - Speed: 3.7, DPS: 49.7
[2025-11-03T13:06:36.800Z] 💾 Saved progress to turtle_db/items/weapons/2h-maces.json
[2025-11-03T13:06:38.802Z] 🔍 Enhancing item 13393: Malown's Slam (79/196)
[2025-11-03T13:06:42.896Z] ✅ Enhanced Malown's Slam - Speed: 3.8, DPS: 52.1
[2025-11-03T13:06:42.897Z] 💾 Saved progress to turtle_db/items/weapons/2h-maces.json
[2025-11-03T13:06:44.898Z] 🔍 Enhancing item 15266: Fierce Mauler (80/196)
[2025-11-03T13:06:58.252Z] ✅ Enhanced Fierce Mauler - Speed: 3.3, DPS: 47.4
[2025-11-03T13:06:58.253Z] 💾 Saved progress to turtle_db/items/weapons/2h-maces.json
[2025-11-03T13:07:00.254Z] 🔍 Enhancing item 15267: Brutehammer (81/196)
[2025-11-03T13:07:04.366Z] ✅ Enhanced Brutehammer - Speed: 3.4, DPS: 49
[2025-11-03T13:07:04.368Z] 💾 Saved progress to turtle_db/items/weapons/2h-maces.json
[2025-11-03T13:07:06.369Z] 🔍 Enhancing item 15418: Shimmering Platinum Warhammer (82/196)
[2025-11-03T13:07:10.463Z] ✅ Enhanced Shimmering Platinum Warhammer - Speed: 3.1, DPS: 53.9
[2025-11-03T13:07:10.464Z] 💾 Saved progress to turtle_db/items/weapons/2h-maces.json
[2025-11-03T13:07:12.465Z] 🔍 Enhancing item 15464: Brute Hammer (83/196)
[2025-11-03T13:07:16.540Z] ✅ Enhanced Brute Hammer - Speed: 3.3, DPS: 19.1
[2025-11-03T13:07:16.541Z] 💾 Saved progress to turtle_db/items/weapons/2h-maces.json
[2025-11-03T13:07:18.543Z] 🔍 Enhancing item 17766: Princess Theradras' Scepter (84/196)
[2025-11-03T13:07:22.627Z] ✅ Enhanced Princess Theradras' Scepter - Speed: 3.4, DPS: 46.5
[2025-11-03T13:07:22.628Z] 💾 Saved progress to turtle_db/items/weapons/2h-maces.json
[2025-11-03T13:07:24.629Z] 🔍 Enhancing item 18531: Unyielding Maul (85/196)
[2025-11-03T13:07:28.715Z] ✅ Enhanced Unyielding Maul - Speed: 3.2, DPS: 53
[2025-11-03T13:07:28.717Z] 💾 Saved progress to turtle_db/items/weapons/2h-maces.json
[2025-11-03T13:07:30.718Z] 🔍 Enhancing item 22208: Lavastone Hammer (86/196)
[2025-11-03T13:07:34.796Z] ✅ Enhanced Lavastone Hammer - Speed: 3.4, DPS: 49.7
[2025-11-03T13:07:34.798Z] 💾 Saved progress to turtle_db/items/weapons/2h-maces.json
[2025-11-03T13:07:36.799Z] 🔍 Enhancing item 41135: Blackstone Basher (87/196)
[2025-11-03T13:07:40.885Z] ✅ Enhanced Blackstone Basher - Speed: 3.1, DPS: 9.8
[2025-11-03T13:07:40.885Z] 💾 Saved progress to turtle_db/items/weapons/2h-maces.json
[2025-11-03T13:07:42.887Z] 🔍 Enhancing item 50186: Demoralization Club (88/196)
[2025-11-03T13:07:46.981Z] ✅ Enhanced Demoralization Club - Speed: 2.6, DPS: 5.2
[2025-11-03T13:07:46.982Z] 💾 Saved progress to turtle_db/items/weapons/2h-maces.json
[2025-11-03T13:07:48.984Z] 🔍 Enhancing item 51834: Scarlet Pillar (89/196)
[2025-11-03T13:07:53.017Z] ✅ Enhanced Scarlet Pillar - Speed: 3.8, DPS: 27.4
[2025-11-03T13:07:53.019Z] 💾 Saved progress to turtle_db/items/weapons/2h-maces.json
[2025-11-03T13:07:55.020Z] 🔍 Enhancing item 58270: Totem of An'she (90/196)
[2025-11-03T13:07:59.017Z] ✅ Enhanced Totem of An'she - Speed: 3.4, DPS: 32.5
[2025-11-03T13:07:59.018Z] 💾 Saved progress to turtle_db/items/weapons/2h-maces.json
[2025-11-03T13:08:01.019Z] 🔍 Enhancing item 60560: Steamrigged Servohammer (91/196)
[2025-11-03T13:08:05.023Z] ✅ Enhanced Steamrigged Servohammer - Speed: 3.5, DPS: 48.9
[2025-11-03T13:08:05.025Z] 💾 Saved progress to turtle_db/items/weapons/2h-maces.json
[2025-11-03T13:08:07.026Z] 🔍 Enhancing item 61074: Enforcer's Maul (92/196)
[2025-11-03T13:08:11.025Z] ✅ Enhanced Enforcer's Maul - Speed: 3.4, DPS: 49
[2025-11-03T13:08:11.027Z] 💾 Saved progress to turtle_db/items/weapons/2h-maces.json
[2025-11-03T13:08:13.028Z] 🔍 Enhancing item 61087: Winter Veil Branch (93/196)
[2025-11-03T13:08:17.029Z] ✅ Enhanced Winter Veil Branch - Speed: 3.1, DPS: 52.6
[2025-11-03T13:08:17.030Z] 💾 Saved progress to turtle_db/items/weapons/2h-maces.json
[2025-11-03T13:08:19.031Z] 🔍 Enhancing item 80531: Quel'dorei Guardian's Warhammer (94/196)
[2025-11-03T13:08:23.033Z] ✅ Enhanced Quel'dorei Guardian's Warhammer - Speed: 3.4, DPS: 55.7
[2025-11-03T13:08:23.034Z] 💾 Saved progress to turtle_db/items/weapons/2h-maces.json
[2025-11-03T13:08:25.035Z] 🔍 Enhancing item 80631: Revantusk Watcher's Maul (95/196)
[2025-11-03T13:08:29.035Z] ✅ Enhanced Revantusk Watcher's Maul - Speed: 3.4, DPS: 55.7
[2025-11-03T13:08:29.036Z] 💾 Saved progress to turtle_db/items/weapons/2h-maces.json
[2025-11-03T13:08:31.037Z] 🔍 Enhancing item 80751: Thornclad Warhammer (96/196)
[2025-11-03T13:08:35.040Z] ✅ Enhanced Thornclad Warhammer - Speed: 3.2, DPS: 43.3
[2025-11-03T13:08:35.041Z] 💾 Saved progress to turtle_db/items/weapons/2h-maces.json
[2025-11-03T13:08:37.042Z] 🔍 Enhancing item 81305: Rusty Coghammer (97/196)
[2025-11-03T13:08:40.825Z] ✅ Enhanced Rusty Coghammer - Speed: 2.9, DPS: 30.2
[2025-11-03T13:08:40.826Z] 💾 Saved progress to turtle_db/items/weapons/2h-maces.json
[2025-11-03T13:08:42.827Z] 🔍 Enhancing item 83221: Thornroot Maul (98/196)
[2025-11-03T13:08:46.912Z] ✅ Enhanced Thornroot Maul - Speed: 3.7, DPS: 35.8
[2025-11-03T13:08:46.913Z] 💾 Saved progress to turtle_db/items/weapons/2h-maces.json
[2025-11-03T13:08:48.915Z] 🔍 Enhancing item 911: Ironwood Treebranch (99/196)
[2025-11-03T13:08:52.986Z] ✅ Enhanced Ironwood Treebranch - Speed: 3.4, DPS: 16.8
[2025-11-03T13:08:52.987Z] 💾 Saved progress to turtle_db/items/weapons/2h-maces.json
[2025-11-03T13:08:54.989Z] 🔍 Enhancing item 1195: Kobold Mining Shovel (100/196)
[2025-11-03T13:08:59.051Z] ✅ Enhanced Kobold Mining Shovel - Speed: 2.7, DPS: 3
[2025-11-03T13:08:59.052Z] 💾 Saved progress to turtle_db/items/weapons/2h-maces.json
[2025-11-03T13:09:01.053Z] 🔍 Enhancing item 1197: Giant Mace (101/196)
[2025-11-03T13:09:05.056Z] ✅ Enhanced Giant Mace - Speed: 3.5, DPS: 9
[2025-11-03T13:09:05.057Z] 💾 Saved progress to turtle_db/items/weapons/2h-maces.json
[2025-11-03T13:09:07.058Z] 🔍 Enhancing item 1218: Heavy Gnoll War Club (102/196)
[2025-11-03T13:09:11.058Z] ✅ Enhanced Heavy Gnoll War Club - Speed: 3.7, DPS: 13.6
[2025-11-03T13:09:11.059Z] 💾 Saved progress to turtle_db/items/weapons/2h-maces.json
[2025-11-03T13:09:13.060Z] 🔍 Enhancing item 1458: Shadowhide Maul (103/196)
[2025-11-03T13:09:17.062Z] ✅ Enhanced Shadowhide Maul - Speed: 3, DPS: 15.2
[2025-11-03T13:09:17.063Z] 💾 Saved progress to turtle_db/items/weapons/2h-maces.json
[2025-11-03T13:09:19.064Z] 🔍 Enhancing item 1523: Huge Stone Club (104/196)
[2025-11-03T13:09:23.066Z] ✅ Enhanced Huge Stone Club - Speed: 3.6, DPS: 24.7
[2025-11-03T13:09:23.067Z] 💾 Saved progress to turtle_db/items/weapons/2h-maces.json
[2025-11-03T13:09:25.069Z] 🔍 Enhancing item 1679: Korg Bat (105/196)
[2025-11-03T13:09:29.071Z] ✅ Enhanced Korg Bat - Speed: 3.1, DPS: 24.7
[2025-11-03T13:09:29.073Z] 💾 Saved progress to turtle_db/items/weapons/2h-maces.json
[2025-11-03T13:09:31.074Z] 🔍 Enhancing item 1991: Goblin Power Shovel (106/196)
[2025-11-03T13:09:35.072Z] ✅ Enhanced Goblin Power Shovel - Speed: 3.3, DPS: 22.9
[2025-11-03T13:09:35.073Z] 💾 Saved progress to turtle_db/items/weapons/2h-maces.json
[2025-11-03T13:09:37.074Z] 🔍 Enhancing item 2058: Kazon's Maul (107/196)
[2025-11-03T13:09:41.075Z] ✅ Enhanced Kazon's Maul - Speed: 3.4, DPS: 18.2
[2025-11-03T13:09:41.076Z] 💾 Saved progress to turtle_db/items/weapons/2h-maces.json
[2025-11-03T13:09:43.077Z] 🔍 Enhancing item 2254: Icepane Warhammer (108/196)
[2025-11-03T13:09:47.080Z] ✅ Enhanced Icepane Warhammer - Speed: 3.3, DPS: 8.5
[2025-11-03T13:09:47.081Z] 💾 Saved progress to turtle_db/items/weapons/2h-maces.json
[2025-11-03T13:09:49.082Z] 🔍 Enhancing item 2361: Battleworn Hammer (109/196)
[2025-11-03T13:09:52.989Z] ✅ Enhanced Battleworn Hammer - Speed: 2.9, DPS: 1.4
[2025-11-03T13:09:52.990Z] 💾 Saved progress to turtle_db/items/weapons/2h-maces.json
[2025-11-03T13:09:54.991Z] 🔍 Enhancing item 2480: Large Club (110/196)
[2025-11-03T13:09:59.086Z] ✅ Enhanced Large Club - Speed: 3.2, DPS: 1.6
[2025-11-03T13:09:59.088Z] 💾 Saved progress to turtle_db/items/weapons/2h-maces.json
[2025-11-03T13:10:01.089Z] 🔍 Enhancing item 3190: Beatstick (111/196)
[2025-11-03T13:10:05.090Z] ✅ Enhanced Beatstick - Speed: 2.6, DPS: 4.4
[2025-11-03T13:10:05.091Z] 💾 Saved progress to turtle_db/items/weapons/2h-maces.json
[2025-11-03T13:10:07.092Z] 🔍 Enhancing item 3193: Oak Mallet (112/196)
[2025-11-03T13:10:19.784Z] ✅ Enhanced Oak Mallet - Speed: 3.5, DPS: 13.7
[2025-11-03T13:10:19.785Z] 💾 Saved progress to turtle_db/items/weapons/2h-maces.json
[2025-11-03T13:10:21.787Z] 🔍 Enhancing item 3334: Farmer's Shovel (113/196)
[2025-11-03T13:10:25.877Z] ✅ Enhanced Farmer's Shovel - Speed: 3.7, DPS: 3.8
[2025-11-03T13:10:25.878Z] 💾 Saved progress to turtle_db/items/weapons/2h-maces.json
[2025-11-03T13:10:27.879Z] 🔍 Enhancing item 3571: Trogg Beater (114/196)
[2025-11-03T13:10:32.078Z] ✅ Enhanced Trogg Beater - Speed: 3.6, DPS: 13.8
[2025-11-03T13:10:32.079Z] 💾 Saved progress to turtle_db/items/weapons/2h-maces.json
[2025-11-03T13:10:34.080Z] 🔍 Enhancing item 3851: Solid Iron Maul (115/196)
[2025-11-03T13:10:38.200Z] ✅ Enhanced Solid Iron Maul - Speed: 3.5, DPS: 21.1
[2025-11-03T13:10:38.201Z] 💾 Saved progress to turtle_db/items/weapons/2h-maces.json
[2025-11-03T13:10:40.203Z] 🔍 Enhancing item 3852: Golden Iron Destroyer (116/196)
[2025-11-03T13:10:44.306Z] ✅ Enhanced Golden Iron Destroyer - Speed: 2.75, DPS: 22.9
[2025-11-03T13:10:44.308Z] 💾 Saved progress to turtle_db/items/weapons/2h-maces.json
[2025-11-03T13:10:46.309Z] 🔍 Enhancing item 4128: Silver Spade (117/196)
[2025-11-03T13:10:50.415Z] ✅ Enhanced Silver Spade - Speed: 3.7, DPS: 30.1
[2025-11-03T13:10:50.416Z] 💾 Saved progress to turtle_db/items/weapons/2h-maces.json
[2025-11-03T13:10:52.417Z] 🔍 Enhancing item 4548: Servomechanic Sledgehammer (118/196)
[2025-11-03T13:10:56.509Z] ✅ Enhanced Servomechanic Sledgehammer - Speed: 2.2, DPS: 30.2
[2025-11-03T13:10:56.509Z] 💾 Saved progress to turtle_db/items/weapons/2h-maces.json
[2025-11-03T13:10:58.510Z] 🔍 Enhancing item 4564: Spiked Club (119/196)
[2025-11-03T13:11:10.470Z] ✅ Enhanced Spiked Club - Speed: 3.1, DPS: 9
[2025-11-03T13:11:10.472Z] 💾 Saved progress to turtle_db/items/weapons/2h-maces.json
[2025-11-03T13:11:12.473Z] 🔍 Enhancing item 4777: Ironwood Maul (120/196)
[2025-11-03T13:11:16.690Z] ✅ Enhanced Ironwood Maul - Speed: 2.8, DPS: 11.8
[2025-11-03T13:11:16.691Z] 💾 Saved progress to turtle_db/items/weapons/2h-maces.json
[2025-11-03T13:11:18.693Z] 🔍 Enhancing item 4778: Heavy Spiked Mace (121/196)
[2025-11-03T13:11:22.773Z] ✅ Enhanced Heavy Spiked Mace - Speed: 3.4, DPS: 12.5
[2025-11-03T13:11:22.775Z] 💾 Saved progress to turtle_db/items/weapons/2h-maces.json
[2025-11-03T13:11:24.777Z] 🔍 Enhancing item 4964: Goblin Smasher (122/196)
[2025-11-03T13:11:28.871Z] ✅ Enhanced Goblin Smasher - Speed: 3.1, DPS: 8.2
[2025-11-03T13:11:28.872Z] 💾 Saved progress to turtle_db/items/weapons/2h-maces.json
[2025-11-03T13:11:30.873Z] 🔍 Enhancing item 4983: Rock Pulverizer (123/196)
[2025-11-03T13:11:34.955Z] ✅ Enhanced Rock Pulverizer - Speed: 3.7, DPS: 31.2
[2025-11-03T13:11:34.956Z] 💾 Saved progress to turtle_db/items/weapons/2h-maces.json
[2025-11-03T13:11:36.958Z] 🔍 Enhancing item 5187: Rhahk'Zor's Hammer (124/196)
[2025-11-03T13:11:41.125Z] ✅ Enhanced Rhahk'Zor's Hammer - Speed: 3.2, DPS: 13.8
[2025-11-03T13:11:41.127Z] 💾 Saved progress to turtle_db/items/weapons/2h-maces.json
[2025-11-03T13:11:43.128Z] 🔍 Enhancing item 5345: Stonewood Hammer (125/196)
[2025-11-03T13:11:47.242Z] ✅ Enhanced Stonewood Hammer - Speed: 3.2, DPS: 9.5
[2025-11-03T13:11:47.242Z] 💾 Saved progress to turtle_db/items/weapons/2h-maces.json
[2025-11-03T13:11:49.244Z] 🔍 Enhancing item 5761: Anvilmar Sledge (126/196)
[2025-11-03T13:11:53.127Z] ✅ Enhanced Anvilmar Sledge - Speed: 3.1, DPS: 2.6
[2025-11-03T13:11:53.128Z] 💾 Saved progress to turtle_db/items/weapons/2h-maces.json
[2025-11-03T13:11:55.130Z] 🔍 Enhancing item 5815: Glacial Stone (127/196)
[2025-11-03T13:11:59.214Z] ✅ Enhanced Glacial Stone - Speed: 3.6, DPS: 21
[2025-11-03T13:11:59.217Z] 💾 Saved progress to turtle_db/items/weapons/2h-maces.json
[2025-11-03T13:12:01.219Z] 🔍 Enhancing item 6093: Orc Crusher (128/196)
[2025-11-03T13:12:05.131Z] ✅ Enhanced Orc Crusher - Speed: 3.6, DPS: 18.2
[2025-11-03T13:12:05.132Z] 💾 Saved progress to turtle_db/items/weapons/2h-maces.json
[2025-11-03T13:12:07.134Z] 🔍 Enhancing item 6214: Heavy Copper Maul (129/196)
[2025-11-03T13:12:10.924Z] ✅ Enhanced Heavy Copper Maul - Speed: 2.8, DPS: 9.5
[2025-11-03T13:12:10.924Z] 💾 Saved progress to turtle_db/items/weapons/2h-maces.json
[2025-11-03T13:12:12.926Z] 🔍 Enhancing item 7956: Bronze Warhammer (130/196)
[2025-11-03T13:12:17.013Z] ✅ Enhanced Bronze Warhammer - Speed: 3.1, DPS: 15.2
[2025-11-03T13:12:17.015Z] 💾 Saved progress to turtle_db/items/weapons/2h-maces.json
[2025-11-03T13:12:19.017Z] 🔍 Enhancing item 9604: Mechanic's Pipehammer (131/196)
[2025-11-03T13:12:23.105Z] ✅ Enhanced Mechanic's Pipehammer - Speed: 2.8, DPS: 20.4
[2025-11-03T13:12:23.107Z] 💾 Saved progress to turtle_db/items/weapons/2h-maces.json
[2025-11-03T13:12:25.109Z] 🔍 Enhancing item 9678: Tok'kar's Murloc Basher (132/196)
[2025-11-03T13:12:29.138Z] ✅ Enhanced Tok'kar's Murloc Basher - Speed: 2.8, DPS: 32.3
[2025-11-03T13:12:29.140Z] 💾 Saved progress to turtle_db/items/weapons/2h-maces.json
[2025-11-03T13:12:31.142Z] 🔍 Enhancing item 12772: Inlaid Thorium Hammer (133/196)
[2025-11-03T13:12:35.230Z] ✅ Enhanced Inlaid Thorium Hammer - Speed: 3, DPS: 41.8
[2025-11-03T13:12:35.231Z] 💾 Saved progress to turtle_db/items/weapons/2h-maces.json
[2025-11-03T13:12:37.233Z] 🔍 Enhancing item 15259: Hefty Battlehammer (134/196)
[2025-11-03T13:12:41.147Z] ✅ Enhanced Hefty Battlehammer - Speed: 3.2, DPS: 16.9
[2025-11-03T13:12:41.148Z] 💾 Saved progress to turtle_db/items/weapons/2h-maces.json
[2025-11-03T13:12:43.151Z] 🔍 Enhancing item 15260: Stone Hammer (135/196)
[2025-11-03T13:12:47.252Z] ✅ Enhanced Stone Hammer - Speed: 3, DPS: 26.7
[2025-11-03T13:12:47.253Z] 💾 Saved progress to turtle_db/items/weapons/2h-maces.json
[2025-11-03T13:12:49.255Z] 🔍 Enhancing item 15261: Sequoia Branch (136/196)
[2025-11-03T13:12:53.154Z] ✅ Enhanced Sequoia Branch - Speed: 3.8, DPS: 28.9
[2025-11-03T13:12:53.155Z] 💾 Saved progress to turtle_db/items/weapons/2h-maces.json
[2025-11-03T13:12:55.156Z] 🔍 Enhancing item 15262: Greater Maul (137/196)
[2025-11-03T13:12:59.272Z] ✅ Enhanced Greater Maul - Speed: 3.4, DPS: 35.7
[2025-11-03T13:12:59.274Z] 💾 Saved progress to turtle_db/items/weapons/2h-maces.json
[2025-11-03T13:13:01.276Z] 🔍 Enhancing item 15263: Royal Mallet (138/196)
[2025-11-03T13:13:05.372Z] ✅ Enhanced Royal Mallet - Speed: 2.7, DPS: 38.7
[2025-11-03T13:13:05.373Z] 💾 Saved progress to turtle_db/items/weapons/2h-maces.json
[2025-11-03T13:13:07.375Z] 🔍 Enhancing item 15265: Painbringer (139/196)
[2025-11-03T13:13:11.497Z] ✅ Enhanced Painbringer - Speed: 2.8, DPS: 44.8
[2025-11-03T13:13:11.498Z] 💾 Saved progress to turtle_db/items/weapons/2h-maces.json
[2025-11-03T13:13:13.499Z] 🔍 Enhancing item 18481: Skullcracking Mace (140/196)
[2025-11-03T13:13:17.678Z] ✅ Enhanced Skullcracking Mace - Speed: 3.2, DPS: 46.6
[2025-11-03T13:13:17.679Z] 💾 Saved progress to turtle_db/items/weapons/2h-maces.json
[2025-11-03T13:13:19.681Z] 🔍 Enhancing item 41026: Deckman's Cudgel (141/196)
[2025-11-03T13:13:23.853Z] ✅ Enhanced Deckman's Cudgel - Speed: 3.1, DPS: 2.6
[2025-11-03T13:13:23.855Z] 💾 Saved progress to turtle_db/items/weapons/2h-maces.json
[2025-11-03T13:13:25.855Z] 🔍 Enhancing item 58007: Obedient Whacker (142/196)
[2025-11-03T13:13:29.932Z] ✅ Enhanced Obedient Whacker - Speed: 3.2, DPS: 26.9
[2025-11-03T13:13:29.934Z] 💾 Saved progress to turtle_db/items/weapons/2h-maces.json
[2025-11-03T13:13:31.934Z] 🔍 Enhancing item 58019: Mace of Devotion (143/196)
[2025-11-03T13:13:36.027Z] ✅ Enhanced Mace of Devotion - Speed: 3.4, DPS: 25.7
[2025-11-03T13:13:36.028Z] 💾 Saved progress to turtle_db/items/weapons/2h-maces.json
[2025-11-03T13:13:38.029Z] 🔍 Enhancing item 60629: The Skull Smasher (144/196)
[2025-11-03T13:13:42.129Z] ✅ Enhanced The Skull Smasher - Speed: 3.2, DPS: 45
[2025-11-03T13:13:42.131Z] 💾 Saved progress to turtle_db/items/weapons/2h-maces.json
[2025-11-03T13:13:44.132Z] 🔍 Enhancing item 60686: Harvest Golem Arm (145/196)
[2025-11-03T13:13:48.219Z] ✅ Enhanced Harvest Golem Arm - Speed: 3.4, DPS: 13.1
[2025-11-03T13:13:48.221Z] 💾 Saved progress to turtle_db/items/weapons/2h-maces.json
[2025-11-03T13:13:50.221Z] 🔍 Enhancing item 61391: Servocharged Wrench (146/196)
[2025-11-03T13:13:54.301Z] ✅ Enhanced Servocharged Wrench - Speed: 3.4, DPS: 35.3
[2025-11-03T13:13:54.301Z] 💾 Saved progress to turtle_db/items/weapons/2h-maces.json
[2025-11-03T13:13:56.303Z] 🔍 Enhancing item 80105: Bruiser Club (147/196)
[2025-11-03T13:14:00.398Z] ✅ Enhanced Bruiser Club - Speed: 3.5, DPS: 3
[2025-11-03T13:14:00.399Z] 💾 Saved progress to turtle_db/items/weapons/2h-maces.json
[2025-11-03T13:14:02.400Z] 🔍 Enhancing item 924: Maul (148/196)
[2025-11-03T13:14:06.672Z] ✅ Enhanced Maul - Speed: 2.9, DPS: 16
[2025-11-03T13:14:06.674Z] 💾 Saved progress to turtle_db/items/weapons/2h-maces.json
[2025-11-03T13:14:08.675Z] 🔍 Enhancing item 1414: Cracked Sledge (149/196)
[2025-11-03T13:14:12.783Z] ✅ Enhanced Cracked Sledge - Speed: 3.3, DPS: 3.8
[2025-11-03T13:14:12.785Z] 💾 Saved progress to turtle_db/items/weapons/2h-maces.json
[2025-11-03T13:14:14.786Z] 🔍 Enhancing item 1514: Rusty Warhammer (150/196)
[2025-11-03T13:14:22.667Z] ✅ Enhanced Rusty Warhammer - Speed: 3, DPS: 5.7
[2025-11-03T13:14:22.667Z] 💾 Saved progress to turtle_db/items/weapons/2h-maces.json
[2025-11-03T13:14:24.670Z] 🔍 Enhancing item 1814: Battered Mallet (151/196)
[2025-11-03T13:14:28.804Z] ✅ Enhanced Battered Mallet - Speed: 2.9, DPS: 7.4
[2025-11-03T13:14:28.805Z] 💾 Saved progress to turtle_db/items/weapons/2h-maces.json
[2025-11-03T13:14:30.806Z] 🔍 Enhancing item 1820: Wooden Maul (152/196)
[2025-11-03T13:14:40.794Z] ✅ Enhanced Wooden Maul - Speed: 2.9, DPS: 8.6
[2025-11-03T13:14:40.795Z] 💾 Saved progress to turtle_db/items/weapons/2h-maces.json
[2025-11-03T13:14:42.797Z] 🔍 Enhancing item 1826: Rock Maul (153/196)
[2025-11-03T13:15:04.143Z] ✅ Enhanced Rock Maul - Speed: 2.9, DPS: 10.9
[2025-11-03T13:15:04.145Z] 💾 Saved progress to turtle_db/items/weapons/2h-maces.json
[2025-11-03T13:15:06.146Z] 🔍 Enhancing item 2026: Rock Hammer (154/196)
[2025-11-03T13:15:10.242Z] ✅ Enhanced Rock Hammer - Speed: 3.7, DPS: 12.6
[2025-11-03T13:15:10.243Z] 💾 Saved progress to turtle_db/items/weapons/2h-maces.json
[2025-11-03T13:15:12.244Z] 🔍 Enhancing item 2486: Large Stone Mace (155/196)
[2025-11-03T13:15:16.326Z] ✅ Enhanced Large Stone Mace - Speed: 3.2, DPS: 1.6
[2025-11-03T13:15:16.327Z] 💾 Saved progress to turtle_db/items/weapons/2h-maces.json
[2025-11-03T13:15:18.328Z] 🔍 Enhancing item 2493: Wooden Mallet (156/196)
[2025-11-03T13:15:22.652Z] ✅ Enhanced Wooden Mallet - Speed: 2.6, DPS: 5
[2025-11-03T13:15:22.653Z] 💾 Saved progress to turtle_db/items/weapons/2h-maces.json
[2025-11-03T13:15:24.654Z] 🔍 Enhancing item 2501: Wooden Warhammer (157/196)
[2025-11-03T13:15:28.821Z] ✅ Enhanced Wooden Warhammer - Speed: 3, DPS: 5
[2025-11-03T13:15:28.822Z] 💾 Saved progress to turtle_db/items/weapons/2h-maces.json
[2025-11-03T13:15:30.823Z] 🔍 Enhancing item 2525: War Hammer (158/196)
[2025-11-03T13:15:35.124Z] ✅ Enhanced War Hammer - Speed: 3.5, DPS: 22.3
[2025-11-03T13:15:35.125Z] 💾 Saved progress to turtle_db/items/weapons/2h-maces.json
[2025-11-03T13:15:37.126Z] 🔍 Enhancing item 2533: War Maul (159/196)
[2025-11-03T13:15:41.226Z] ✅ Enhanced War Maul - Speed: 3.3, DPS: 32.4
[2025-11-03T13:15:41.227Z] 💾 Saved progress to turtle_db/items/weapons/2h-maces.json
[2025-11-03T13:15:43.228Z] 🔍 Enhancing item 2557: Monster - Mace2H, Ornate Metal Hammer (160/196)
[2025-11-03T13:15:47.398Z] ✅ Enhanced Monster - Mace2H, Ornate Metal Hammer - Speed: 2, DPS: 0.8
[2025-11-03T13:15:47.399Z] 💾 Saved progress to turtle_db/items/weapons/2h-maces.json
[2025-11-03T13:15:49.400Z] 🔍 Enhancing item 3326: Monster - Mace2H, Basic Stone Hammer (161/196)
[2025-11-03T13:15:53.232Z] ✅ Enhanced Monster - Mace2H, Basic Stone Hammer - Speed: 2, DPS: 0.8
[2025-11-03T13:15:53.233Z] 💾 Saved progress to turtle_db/items/weapons/2h-maces.json
[2025-11-03T13:15:55.235Z] 🔍 Enhancing item 3782: Large War Club (162/196)
[2025-11-03T13:15:59.334Z] ✅ Enhanced Large War Club - Speed: 3.1, DPS: 14.2
[2025-11-03T13:15:59.335Z] 💾 Saved progress to turtle_db/items/weapons/2h-maces.json
[2025-11-03T13:16:01.336Z] 🔍 Enhancing item 4022: Crushing Maul (163/196)
[2025-11-03T13:16:32.514Z] ✅ Enhanced Crushing Maul - Speed: 3.3, DPS: 23.2
[2025-11-03T13:16:32.515Z] 💾 Saved progress to turtle_db/items/weapons/2h-maces.json
[2025-11-03T13:16:34.517Z] 🔍 Enhancing item 5292: Monster - Mace2H, Basic Wooden Hammer (164/196)
[2025-11-03T13:16:38.737Z] ✅ Enhanced Monster - Mace2H, Basic Wooden Hammer - Speed: 2.9, DPS: 0.9
[2025-11-03T13:16:38.738Z] 💾 Saved progress to turtle_db/items/weapons/2h-maces.json
[2025-11-03T13:16:40.740Z] 🔍 Enhancing item 5301: Monster - Mace2H, Huge Wooden Maul (165/196)
[2025-11-03T13:16:44.912Z] ✅ Enhanced Monster - Mace2H, Huge Wooden Maul - Speed: 3, DPS: 1
[2025-11-03T13:16:44.913Z] 💾 Saved progress to turtle_db/items/weapons/2h-maces.json
[2025-11-03T13:16:46.914Z] 🔍 Enhancing item 5491: Monster - Mace2H, Large Metal (166/196)
[2025-11-03T13:16:51.117Z] ✅ Enhanced Monster - Mace2H, Large Metal - Speed: 2, DPS: 0.8
[2025-11-03T13:16:51.118Z] 💾 Saved progress to turtle_db/items/weapons/2h-maces.json
[2025-11-03T13:16:53.119Z] 🔍 Enhancing item 5579: Militia Warhammer (167/196)
[2025-11-03T13:16:57.214Z] ✅ Enhanced Militia Warhammer - Speed: 2.9, DPS: 2.6
[2025-11-03T13:16:57.216Z] 💾 Saved progress to turtle_db/items/weapons/2h-maces.json
[2025-11-03T13:16:59.217Z] 🔍 Enhancing item 5595: Thicket Hammer (168/196)
[2025-11-03T13:17:03.249Z] ✅ Enhanced Thicket Hammer - Speed: 3.1, DPS: 6.5
[2025-11-03T13:17:03.250Z] 💾 Saved progress to turtle_db/items/weapons/2h-maces.json
[2025-11-03T13:17:05.257Z] 🔍 Enhancing item 10568: Monster - Mace2H, Pacifier (169/196)
[2025-11-03T13:17:05.452Z] ❌ Error fetching weapon data for item 10568: Error: Navigating frame was detached
[2025-11-03T13:17:05.452Z] ⚠️ Could not enhance Monster - Mace2H, Pacifier - no speed/DPS data found
[2025-11-03T13:17:07.455Z] 🔍 Enhancing item 10685: Monster - Mace2H, Kazon's Maul (170/196)
[2025-11-03T13:17:07.457Z] ❌ Error fetching weapon data for item 10685: Error: Attempted to use detached Frame '6C72A87036A77E861800AA3FC388C22E'.
[2025-11-03T13:17:07.457Z] ⚠️ Could not enhance Monster - Mace2H, Kazon's Maul - no speed/DPS data found
[2025-11-03T13:17:09.461Z] 🔍 Enhancing item 10756: Monster - Mace2H, Smite's Mighty Hammer (171/196)
[2025-11-03T13:17:09.462Z] ❌ Error fetching weapon data for item 10756: Error: Attempted to use detached Frame '6C72A87036A77E861800AA3FC388C22E'.
[2025-11-03T13:17:09.462Z] ⚠️ Could not enhance Monster - Mace2H, Smite's Mighty Hammer - no speed/DPS data found
[2025-11-03T13:17:11.465Z] 🔍 Enhancing item 12901: Monster - Mace2H, Golden Stone Hammer (172/196)
[2025-11-03T13:17:11.466Z] ❌ Error fetching weapon data for item 12901: Error: Attempted to use detached Frame '6C72A87036A77E861800AA3FC388C22E'.
[2025-11-03T13:17:11.466Z] ⚠️ Could not enhance Monster - Mace2H, Golden Stone Hammer - no speed/DPS data found
[2025-11-03T13:21:47.804Z] 🔍 Enhancing item 12950: Monster - Mace2H, Warhammer Ebony (173/196)
[2025-11-03T13:21:47.945Z] ❌ Error fetching weapon data for item 12950: Error: Attempted to use detached Frame '6C72A87036A77E861800AA3FC388C22E'.
[2025-11-03T13:21:47.945Z] ⚠️ Could not enhance Monster - Mace2H, Warhammer Ebony - no speed/DPS data found
[2025-11-03T13:21:49.947Z] 🔍 Enhancing item 13821: Bulky Maul (174/196)
[2025-11-03T13:21:49.948Z] ❌ Error fetching weapon data for item 13821: Error: Attempted to use detached Frame '6C72A87036A77E861800AA3FC388C22E'.
[2025-11-03T13:21:49.948Z] ⚠️ Could not enhance Bulky Maul - no speed/DPS data found
[2025-11-03T13:21:51.950Z] 🔍 Enhancing item 13925: Monster - Mace2H, Maul B02 Silver (175/196)
[2025-11-03T13:21:51.950Z] ❌ Error fetching weapon data for item 13925: Error: Attempted to use detached Frame '6C72A87036A77E861800AA3FC388C22E'.
[2025-11-03T13:21:51.951Z] ⚠️ Could not enhance Monster - Mace2H, Maul B02 Silver - no speed/DPS data found
[2025-11-03T13:21:53.952Z] 🔍 Enhancing item 14082: Monster - Mace2H, Tirion Fordring (176/196)
[2025-11-03T13:21:53.953Z] ❌ Error fetching weapon data for item 14082: Error: Attempted to use detached Frame '6C72A87036A77E861800AA3FC388C22E'.
[2025-11-03T13:21:53.953Z] ⚠️ Could not enhance Monster - Mace2H, Tirion Fordring - no speed/DPS data found
[2025-11-03T13:21:55.955Z] 🔍 Enhancing item 14084: Monster - Mace2H, Cairne Totem (177/196)
[2025-11-03T13:21:55.955Z] ❌ Error fetching weapon data for item 14084: Error: Attempted to use detached Frame '6C72A87036A77E861800AA3FC388C22E'.
[2025-11-03T13:21:55.955Z] ⚠️ Could not enhance Monster - Mace2H, Cairne Totem - no speed/DPS data found
[2025-11-03T13:21:57.956Z] 🔍 Enhancing item 14527: Monster - Mace2H, Horde Hammer A03 Dark (178/196)
[2025-11-03T13:21:57.956Z] ❌ Error fetching weapon data for item 14527: Error: Attempted to use detached Frame '6C72A87036A77E861800AA3FC388C22E'.
[2025-11-03T13:21:57.957Z] ⚠️ Could not enhance Monster - Mace2H, Horde Hammer A03 Dark - no speed/DPS data found
[2025-11-03T13:21:59.957Z] 🔍 Enhancing item 14532: Monster - Mace2H, Warhammer Jade (179/196)
[2025-11-03T13:21:59.958Z] ❌ Error fetching weapon data for item 14532: Error: Attempted to use detached Frame '6C72A87036A77E861800AA3FC388C22E'.
[2025-11-03T13:21:59.958Z] ⚠️ Could not enhance Monster - Mace2H, Warhammer Jade - no speed/DPS data found
[2025-11-03T13:22:01.959Z] 🔍 Enhancing item 14586: Monster - Mace2H, Fist of Omokk (180/196)
[2025-11-03T13:22:01.960Z] ❌ Error fetching weapon data for item 14586: Error: Attempted to use detached Frame '6C72A87036A77E861800AA3FC388C22E'.
[2025-11-03T13:22:01.960Z] ⚠️ Could not enhance Monster - Mace2H, Fist of Omokk - no speed/DPS data found
[2025-11-03T13:22:03.962Z] 🔍 Enhancing item 14818: Monster - Mace2H, Horde Spiked Maul (181/196)
[2025-11-03T13:22:03.962Z] ❌ Error fetching weapon data for item 14818: Error: Attempted to use detached Frame '6C72A87036A77E861800AA3FC388C22E'.
[2025-11-03T13:22:03.963Z] ⚠️ Could not enhance Monster - Mace2H, Horde Spiked Maul - no speed/DPS data found
[2025-11-03T13:22:05.964Z] 🔍 Enhancing item 14820: Monster - Mace2H, Horde Skull Maul (182/196)
[2025-11-03T13:22:05.965Z] ❌ Error fetching weapon data for item 14820: Error: Attempted to use detached Frame '6C72A87036A77E861800AA3FC388C22E'.
[2025-11-03T13:22:05.965Z] ⚠️ Could not enhance Monster - Mace2H, Horde Skull Maul - no speed/DPS data found
[2025-11-03T13:22:07.966Z] 🔍 Enhancing item 14822: Monster - Mace2H, Horde Metal Spiked Maul (183/196)
[2025-11-03T13:22:07.967Z] ❌ Error fetching weapon data for item 14822: Error: Attempted to use detached Frame '6C72A87036A77E861800AA3FC388C22E'.
[2025-11-03T13:22:07.967Z] ⚠️ Could not enhance Monster - Mace2H, Horde Metal Spiked Maul - no speed/DPS data found
[2025-11-03T13:22:09.969Z] 🔍 Enhancing item 14823: Monster - Mace2H, Horde Red Spiked Badass (184/196)
[2025-11-03T13:22:09.969Z] ❌ Error fetching weapon data for item 14823: Error: Attempted to use detached Frame '6C72A87036A77E861800AA3FC388C22E'.
[2025-11-03T13:22:09.970Z] ⚠️ Could not enhance Monster - Mace2H, Horde Red Spiked Badass - no speed/DPS data found
[2025-11-03T13:22:11.971Z] 🔍 Enhancing item 14824: Monster - Mace2H, Horde Black Spiked Badass (185/196)
[2025-11-03T13:22:11.972Z] ❌ Error fetching weapon data for item 14824: Error: Attempted to use detached Frame '6C72A87036A77E861800AA3FC388C22E'.
[2025-11-03T13:22:11.972Z] ⚠️ Could not enhance Monster - Mace2H, Horde Black Spiked Badass - no speed/DPS data found
[2025-11-03T13:22:13.973Z] 🔍 Enhancing item 17942: Monster - Mace2H, War Maul (186/196)
[2025-11-03T13:22:13.974Z] ❌ Error fetching weapon data for item 17942: Error: Attempted to use detached Frame '6C72A87036A77E861800AA3FC388C22E'.
[2025-11-03T13:22:13.975Z] ⚠️ Could not enhance Monster - Mace2H, War Maul - no speed/DPS data found
[2025-11-03T13:22:15.976Z] 🔍 Enhancing item 18062: Monster - Mace2H, Horde Hammer A03/C01Black (187/196)
[2025-11-03T13:22:15.977Z] ❌ Error fetching weapon data for item 18062: Error: Attempted to use detached Frame '6C72A87036A77E861800AA3FC388C22E'.
[2025-11-03T13:22:15.977Z] ⚠️ Could not enhance Monster - Mace2H, Horde Hammer A03/C01Black - no speed/DPS data found
[2025-11-03T13:22:17.978Z] 🔍 Enhancing item 19623: Monster - Mace2H, Horde B01/B01 Orange (188/196)
[2025-11-03T13:22:17.979Z] ❌ Error fetching weapon data for item 19623: Error: Attempted to use detached Frame '6C72A87036A77E861800AA3FC388C22E'.
[2025-11-03T13:22:17.979Z] ⚠️ Could not enhance Monster - Mace2H, Horde B01/B01 Orange - no speed/DPS data found
[2025-11-03T13:22:19.981Z] 🔍 Enhancing item 19988: Monster - Mace2H, Horde C01 Steel (Green) (189/196)
[2025-11-03T13:22:19.981Z] ❌ Error fetching weapon data for item 19988: Error: Attempted to use detached Frame '6C72A87036A77E861800AA3FC388C22E'.
[2025-11-03T13:22:19.981Z] ⚠️ Could not enhance Monster - Mace2H, Horde C01 Steel (Green) - no speed/DPS data found
[2025-11-03T13:22:21.983Z] 🔍 Enhancing item 21555: Monster - Mace2H, Alliance PvP (190/196)
[2025-11-03T13:22:21.983Z] ❌ Error fetching weapon data for item 21555: Error: Attempted to use detached Frame '6C72A87036A77E861800AA3FC388C22E'.
[2025-11-03T13:22:21.984Z] ⚠️ Could not enhance Monster - Mace2H, Alliance PvP - no speed/DPS data found
[2025-11-03T13:22:23.985Z] 🔍 Enhancing item 22346: Monster - Mace2H, Unstoppable Force (191/196)
[2025-11-03T13:22:23.985Z] ❌ Error fetching weapon data for item 22346: Error: Attempted to use detached Frame '6C72A87036A77E861800AA3FC388C22E'.
[2025-11-03T13:22:23.986Z] ⚠️ Could not enhance Monster - Mace2H, Unstoppable Force - no speed/DPS data found
[2025-11-03T13:22:25.987Z] 🔍 Enhancing item 36010: kazgrim test totem a (192/196)
[2025-11-03T13:22:25.987Z] ❌ Error fetching weapon data for item 36010: Error: Attempted to use detached Frame '6C72A87036A77E861800AA3FC388C22E'.
[2025-11-03T13:22:25.988Z] ⚠️ Could not enhance kazgrim test totem a - no speed/DPS data found
[2025-11-03T13:22:27.989Z] 🔍 Enhancing item 58084: Mudpaw Slammer (193/196)
[2025-11-03T13:22:27.989Z] ❌ Error fetching weapon data for item 58084: Error: Attempted to use detached Frame '6C72A87036A77E861800AA3FC388C22E'.
[2025-11-03T13:22:27.990Z] ⚠️ Could not enhance Mudpaw Slammer - no speed/DPS data found
[2025-11-03T13:22:29.991Z] 🔍 Enhancing item 36011: kazgrim test totem b (194/196)
[2025-11-03T13:22:29.992Z] ❌ Error fetching weapon data for item 36011: Error: Attempted to use detached Frame '6C72A87036A77E861800AA3FC388C22E'.
[2025-11-03T13:22:29.992Z] ⚠️ Could not enhance kazgrim test totem b - no speed/DPS data found
[2025-11-03T13:22:31.993Z] 🔍 Enhancing item 36012: kazgrim test totem c (195/196)
[2025-11-03T13:22:31.993Z] ❌ Error fetching weapon data for item 36012: Error: Attempted to use detached Frame '6C72A87036A77E861800AA3FC388C22E'.
[2025-11-03T13:22:31.994Z] ⚠️ Could not enhance kazgrim test totem c - no speed/DPS data found
[2025-11-03T13:22:33.994Z] 🔍 Enhancing item 36013: kazgrim test totem d (196/196)
[2025-11-03T13:22:33.994Z] ❌ Error fetching weapon data for item 36013: Error: Attempted to use detached Frame '6C72A87036A77E861800AA3FC388C22E'.
[2025-11-03T13:22:33.994Z] ⚠️ Could not enhance kazgrim test totem d - no speed/DPS data found
[2025-11-03T13:22:35.995Z] 📊 Enhancement complete for turtle_db/items/weapons/2h-maces.json
[2025-11-03T13:22:35.996Z]    Enhanced: 166 items
[2025-11-03T13:22:35.996Z]    Skipped: 0 items
[2025-11-03T13:22:35.996Z] 🔄 Restarting browser for fresh session...
[2025-11-03T13:22:36.034Z] 🔒 Browser closed
[2025-11-03T13:22:36.034Z] 🚀 Initializing browser for weapon enhancement...
[2025-11-03T13:22:36.503Z] ✅ Browser initialized
[2025-11-03T13:22:36.503Z] 📂 Processing weapon file: turtle_db/items/weapons/2h-swords.json
[2025-11-03T13:22:36.504Z] 📊 Found 189 items in turtle_db/items/weapons/2h-swords.json
[2025-11-03T13:22:36.504Z] 🔍 Enhancing item 647: Destiny (1/189)
[2025-11-03T13:22:40.496Z] ✅ Enhanced Destiny - Speed: 2.6, DPS: 53.8
[2025-11-03T13:22:40.497Z] 💾 Saved progress to turtle_db/items/weapons/2h-swords.json
[2025-11-03T13:22:42.499Z] 🔍 Enhancing item 1982: Nightblade (2/189)
[2025-11-03T13:22:46.614Z] ✅ Enhanced Nightblade - Speed: 2.8, DPS: 43.4
[2025-11-03T13:22:46.615Z] 💾 Saved progress to turtle_db/items/weapons/2h-swords.json
[2025-11-03T13:22:48.617Z] 🔍 Enhancing item 2205: Duskbringer (3/189)
[2025-11-03T13:22:52.711Z] ✅ Enhanced Duskbringer - Speed: 3.4, DPS: 21
[2025-11-03T13:22:52.712Z] 💾 Saved progress to turtle_db/items/weapons/2h-swords.json
[2025-11-03T13:22:54.713Z] 🔍 Enhancing item 2801: Blade of Hanna (4/189)
[2025-11-03T13:22:58.791Z] ✅ Enhanced Blade of Hanna - Speed: 2.1, DPS: 60.2
[2025-11-03T13:22:58.791Z] 💾 Saved progress to turtle_db/items/weapons/2h-swords.json
[2025-11-03T13:23:00.792Z] 🔍 Enhancing item 2877: Combatant Claymore (5/189)
[2025-11-03T13:23:04.798Z] ✅ Enhanced Combatant Claymore - Speed: 2.9, DPS: 27.8
[2025-11-03T13:23:04.799Z] 💾 Saved progress to turtle_db/items/weapons/2h-swords.json
[2025-11-03T13:23:06.799Z] 🔍 Enhancing item 9372: Sul'thraze the Lasher (6/189)
[2025-11-03T13:23:10.965Z] ✅ Enhanced Sul'thraze the Lasher - Speed: 3.2, DPS: 51.1
[2025-11-03T13:23:10.967Z] 💾 Saved progress to turtle_db/items/weapons/2h-swords.json
[2025-11-03T13:23:12.968Z] 🔍 Enhancing item 9385: Archaic Defender (7/189)
[2025-11-03T13:23:17.082Z] ✅ Enhanced Archaic Defender - Speed: 3.1, DPS: 31.3
[2025-11-03T13:23:17.083Z] 💾 Saved progress to turtle_db/items/weapons/2h-swords.json
[2025-11-03T13:23:19.084Z] 🔍 Enhancing item 9490: Gizmotron Megachopper (8/189)
[2025-11-03T13:23:23.354Z] ✅ Enhanced Gizmotron Megachopper - Speed: 3.2, DPS: 23.9
[2025-11-03T13:23:23.355Z] 💾 Saved progress to turtle_db/items/weapons/2h-swords.json
[2025-11-03T13:23:25.356Z] 🔍 Enhancing item 10573: Boneslasher (9/189)
[2025-11-03T13:23:29.524Z] ✅ Enhanced Boneslasher - Speed: 2.7, DPS: 32.6
[2025-11-03T13:23:29.526Z] 💾 Saved progress to turtle_db/items/weapons/2h-swords.json
[2025-11-03T13:23:31.526Z] 🔍 Enhancing item 10628: Deathblow (10/189)
[2025-11-03T13:23:35.624Z] ✅ Enhanced Deathblow - Speed: 2.8, DPS: 42
[2025-11-03T13:23:35.625Z] 💾 Saved progress to turtle_db/items/weapons/2h-swords.json
[2025-11-03T13:23:37.627Z] 🔍 Enhancing item 12463: Drakefang Butcher (11/189)
[2025-11-03T13:23:41.490Z] ✅ Enhanced Drakefang Butcher - Speed: 2.7, DPS: 45.9
[2025-11-03T13:23:41.491Z] 💾 Saved progress to turtle_db/items/weapons/2h-swords.json
[2025-11-03T13:23:43.492Z] 🔍 Enhancing item 12592: Blackblade of Shahram (12/189)
[2025-11-03T13:23:47.498Z] ✅ Enhanced Blackblade of Shahram - Speed: 3.5, DPS: 59.4
[2025-11-03T13:23:47.498Z] 💾 Saved progress to turtle_db/items/weapons/2h-swords.json
[2025-11-03T13:23:49.500Z] 🔍 Enhancing item 12782: Corruption (13/189)
[2025-11-03T13:23:53.505Z] ✅ Enhanced Corruption - Speed: 3, DPS: 49.7
[2025-11-03T13:23:53.506Z] 💾 Saved progress to turtle_db/items/weapons/2h-swords.json
[2025-11-03T13:23:55.507Z] 🔍 Enhancing item 12790: Arcanite Champion (14/189)
[2025-11-03T13:23:59.594Z] ✅ Enhanced Arcanite Champion - Speed: 3.5, DPS: 54
[2025-11-03T13:23:59.595Z] 💾 Saved progress to turtle_db/items/weapons/2h-swords.json
[2025-11-03T13:24:01.596Z] 🔍 Enhancing item 13041: Guardian Blade (15/189)
[2025-11-03T13:24:05.681Z] ✅ Enhanced Guardian Blade - Speed: 2.9, DPS: 21.7
[2025-11-03T13:24:05.682Z] 💾 Saved progress to turtle_db/items/weapons/2h-swords.json
[2025-11-03T13:24:07.683Z] 🔍 Enhancing item 13043: Blade of the Titans (16/189)
[2025-11-03T13:24:11.787Z] ✅ Enhanced Blade of the Titans - Speed: 3.3, DPS: 42.6
[2025-11-03T13:24:11.788Z] 💾 Saved progress to turtle_db/items/weapons/2h-swords.json
[2025-11-03T13:24:13.788Z] 🔍 Enhancing item 13044: Demonslayer (17/189)
[2025-11-03T13:24:17.922Z] ✅ Enhanced Demonslayer - Speed: 3.1, DPS: 48.9
[2025-11-03T13:24:17.923Z] 💾 Saved progress to turtle_db/items/weapons/2h-swords.json
[2025-11-03T13:24:19.924Z] 🔍 Enhancing item 13049: Deanship Claymore (18/189)
[2025-11-03T13:24:24.032Z] ✅ Enhanced Deanship Claymore - Speed: 2.8, DPS: 23.8
[2025-11-03T13:24:24.033Z] 💾 Saved progress to turtle_db/items/weapons/2h-swords.json
[2025-11-03T13:24:26.034Z] 🔍 Enhancing item 13053: Doombringer (19/189)
[2025-11-03T13:24:30.134Z] ✅ Enhanced Doombringer - Speed: 2.8, DPS: 51.4
[2025-11-03T13:24:30.135Z] 💾 Saved progress to turtle_db/items/weapons/2h-swords.json
[2025-11-03T13:24:32.136Z] 🔍 Enhancing item 13262: Ashbringer (20/189)
[2025-11-03T13:24:36.222Z] ✅ Enhanced Ashbringer - Speed: 3, DPS: 88
[2025-11-03T13:24:36.223Z] 💾 Saved progress to turtle_db/items/weapons/2h-swords.json
[2025-11-03T13:24:38.223Z] 🔍 Enhancing item 13348: Demonshear (21/189)
[2025-11-03T13:24:42.351Z] ✅ Enhanced Demonshear - Speed: 3.8, DPS: 53.8
[2025-11-03T13:24:42.353Z] 💾 Saved progress to turtle_db/items/weapons/2h-swords.json
[2025-11-03T13:24:44.354Z] 🔍 Enhancing item 13505: Runeblade of Baron Rivendare (22/189)
[2025-11-03T13:24:48.488Z] ✅ Enhanced Runeblade of Baron Rivendare - Speed: 3.6, DPS: 59.4
[2025-11-03T13:24:48.489Z] 💾 Saved progress to turtle_db/items/weapons/2h-swords.json
[2025-11-03T13:24:50.491Z] 🔍 Enhancing item 14541: Barovian Family Sword (23/189)
[2025-11-03T13:24:54.570Z] ✅ Enhanced Barovian Family Sword - Speed: 2.1, DPS: 52.1
[2025-11-03T13:24:54.571Z] 💾 Saved progress to turtle_db/items/weapons/2h-swords.json
[2025-11-03T13:24:56.573Z] 🔍 Enhancing item 17076: Bonereaver's Edge (24/189)
[2025-11-03T13:25:00.713Z] ✅ Enhanced Bonereaver's Edge - Speed: 3.4, DPS: 75.9
[2025-11-03T13:25:00.714Z] 💾 Saved progress to turtle_db/items/weapons/2h-swords.json
[2025-11-03T13:25:02.714Z] 🔍 Enhancing item 18520: Barbarous Blade (25/189)
[2025-11-03T13:25:06.802Z] ✅ Enhanced Barbarous Blade - Speed: 3.2, DPS: 53.9
[2025-11-03T13:25:06.804Z] 💾 Saved progress to turtle_db/items/weapons/2h-swords.json
[2025-11-03T13:25:08.804Z] 🔍 Enhancing item 18542: Typhoon (26/189)
[2025-11-03T13:25:12.885Z] ✅ Enhanced Typhoon - Speed: 2.9, DPS: 64.7
[2025-11-03T13:25:12.886Z] 💾 Saved progress to turtle_db/items/weapons/2h-swords.json
[2025-11-03T13:25:14.887Z] 🔍 Enhancing item 18822: Obsidian Edged Blade (27/189)
[2025-11-03T13:25:18.968Z] ✅ Enhanced Obsidian Edged Blade - Speed: 3.4, DPS: 64.7
[2025-11-03T13:25:18.969Z] 💾 Saved progress to turtle_db/items/weapons/2h-swords.json
[2025-11-03T13:25:20.969Z] 🔍 Enhancing item 18876: Grand Marshal's Claymore (28/189)
[2025-11-03T13:25:25.059Z] ✅ Enhanced Grand Marshal's Claymore - Speed: 3.8, DPS: 84.5
[2025-11-03T13:25:25.060Z] 💾 Saved progress to turtle_db/items/weapons/2h-swords.json
[2025-11-03T13:25:27.061Z] 🔍 Enhancing item 18877: High Warlord's Greatsword (29/189)
[2025-11-03T13:25:31.152Z] ✅ Enhanced High Warlord's Greatsword - Speed: 3.8, DPS: 84.5
[2025-11-03T13:25:31.154Z] 💾 Saved progress to turtle_db/items/weapons/2h-swords.json
[2025-11-03T13:25:33.155Z] 🔍 Enhancing item 19334: The Untamed Blade (30/189)
[2025-11-03T13:25:37.247Z] ✅ Enhanced The Untamed Blade - Speed: 3.4, DPS: 70.7
[2025-11-03T13:25:37.249Z] 💾 Saved progress to turtle_db/items/weapons/2h-swords.json
[2025-11-03T13:25:39.250Z] 🔍 Enhancing item 19364: Ashkandi, Greatsword of the Brotherhood (31/189)
[2025-11-03T13:25:43.330Z] ✅ Enhanced Ashkandi, Greatsword of the Brotherhood - Speed: 3.5, DPS: 81.9
[2025-11-03T13:25:43.331Z] 💾 Saved progress to turtle_db/items/weapons/2h-swords.json
[2025-11-03T13:25:45.332Z] 🔍 Enhancing item 19854: Zin'rokh, Destroyer of Worlds (32/189)
[2025-11-03T13:25:49.426Z] ✅ Enhanced Zin'rokh, Destroyer of Worlds - Speed: 3.8, DPS: 64.6
[2025-11-03T13:25:49.427Z] 💾 Saved progress to turtle_db/items/weapons/2h-swords.json
[2025-11-03T13:25:51.428Z] 🔍 Enhancing item 20669: Darkstone Claymore (33/189)
[2025-11-03T13:25:55.508Z] ✅ Enhanced Darkstone Claymore - Speed: 3.6, DPS: 52.9
[2025-11-03T13:25:55.509Z] 💾 Saved progress to turtle_db/items/weapons/2h-swords.json
[2025-11-03T13:25:57.510Z] 🔍 Enhancing item 21492: Manslayer of the Qiraji (34/189)
[2025-11-03T13:26:01.575Z] ✅ Enhanced Manslayer of the Qiraji - Speed: 3.6, DPS: 62.5
[2025-11-03T13:26:01.576Z] 💾 Saved progress to turtle_db/items/weapons/2h-swords.json
[2025-11-03T13:26:03.577Z] 🔍 Enhancing item 21679: Kalimdor's Revenge (35/189)
[2025-11-03T13:26:07.578Z] ✅ Enhanced Kalimdor's Revenge - Speed: 3.2, DPS: 81.9
[2025-11-03T13:26:07.580Z] 💾 Saved progress to turtle_db/items/weapons/2h-swords.json
[2025-11-03T13:26:09.581Z] 🔍 Enhancing item 22691: Corrupted Ashbringer (36/189)
[2025-11-03T13:26:13.582Z] ✅ Enhanced Corrupted Ashbringer - Speed: 3.6, DPS: 90
[2025-11-03T13:26:13.583Z] 💾 Saved progress to turtle_db/items/weapons/2h-swords.json
[2025-11-03T13:26:15.585Z] 🔍 Enhancing item 22813: Claymore of Unholy Might (37/189)
[2025-11-03T13:26:19.585Z] ✅ Enhanced Claymore of Unholy Might - Speed: 3.6, DPS: 84.4
[2025-11-03T13:26:19.586Z] 💾 Saved progress to turtle_db/items/weapons/2h-swords.json
[2025-11-03T13:26:21.587Z] 🔍 Enhancing item 41564: Emberclaw (38/189)
[2025-11-03T13:26:25.215Z] ✅ Enhanced Emberclaw - Speed: 3.3, DPS: 28.9
[2025-11-03T13:26:25.215Z] 💾 Saved progress to turtle_db/items/weapons/2h-swords.json
[2025-11-03T13:26:27.216Z] 🔍 Enhancing item 50243: Pompa's Scratching Stick (39/189)
[2025-11-03T13:26:31.305Z] ✅ Enhanced Pompa's Scratching Stick - Speed: 1, DPS: 669
[2025-11-03T13:26:31.306Z] 💾 Saved progress to turtle_db/items/weapons/2h-swords.json
[2025-11-03T13:26:33.308Z] 🔍 Enhancing item 51752: Crusader's Redemption (40/189)
[2025-11-03T13:26:37.394Z] ✅ Enhanced Crusader's Redemption - Speed: 2.9, DPS: 40.7
[2025-11-03T13:26:37.395Z] 💾 Saved progress to turtle_db/items/weapons/2h-swords.json
[2025-11-03T13:26:39.396Z] 🔍 Enhancing item 55277: The End of All Ambitions (41/189)
[2025-11-03T13:26:43.587Z] ✅ Enhanced The End of All Ambitions - Speed: 3.5, DPS: 84.6
[2025-11-03T13:26:43.588Z] 💾 Saved progress to turtle_db/items/weapons/2h-swords.json
[2025-11-03T13:26:45.589Z] 🔍 Enhancing item 58094: Gilded Blade of Razjal (42/189)
[2025-11-03T13:26:49.599Z] ✅ Enhanced Gilded Blade of Razjal - Speed: 3.4, DPS: 42.1
[2025-11-03T13:26:49.600Z] 💾 Saved progress to turtle_db/items/weapons/2h-swords.json
[2025-11-03T13:26:51.601Z] 🔍 Enhancing item 58232: Demonbane (43/189)
[2025-11-03T13:26:55.602Z] ✅ Enhanced Demonbane - Speed: 3.7, DPS: 59.5
[2025-11-03T13:26:55.603Z] 💾 Saved progress to turtle_db/items/weapons/2h-swords.json
[2025-11-03T13:26:57.604Z] 🔍 Enhancing item 60808: Bone Fracture (44/189)
[2025-11-03T13:27:02.145Z] ✅ Enhanced Bone Fracture - Speed: 2.9, DPS: 53.8
[2025-11-03T13:27:02.146Z] 💾 Saved progress to turtle_db/items/weapons/2h-swords.json
[2025-11-03T13:27:04.147Z] 🔍 Enhancing item 61049: Chronobreaker (45/189)
[2025-11-03T13:27:08.239Z] ✅ Enhanced Chronobreaker - Speed: 2.9, DPS: 61.4
[2025-11-03T13:27:08.240Z] 💾 Saved progress to turtle_db/items/weapons/2h-swords.json
[2025-11-03T13:27:10.241Z] 🔍 Enhancing item 61247: Shadowbringer (46/189)
[2025-11-03T13:27:14.317Z] ✅ Enhanced Shadowbringer - Speed: 3.3, DPS: 64.8
[2025-11-03T13:27:14.318Z] 💾 Saved progress to turtle_db/items/weapons/2h-swords.json
[2025-11-03T13:27:16.319Z] 🔍 Enhancing item 61660: Garalon's Might (47/189)
[2025-11-03T13:27:20.401Z] ✅ Enhanced Garalon's Might - Speed: 3.2, DPS: 37.4
[2025-11-03T13:27:20.402Z] 💾 Saved progress to turtle_db/items/weapons/2h-swords.json
[2025-11-03T13:27:22.402Z] 🔍 Enhancing item 80812: Gift of the Spider God (48/189)
[2025-11-03T13:27:26.482Z] ✅ Enhanced Gift of the Spider God - Speed: 2.3, DPS: 49.6
[2025-11-03T13:27:26.483Z] 💾 Saved progress to turtle_db/items/weapons/2h-swords.json
[2025-11-03T13:27:28.485Z] 🔍 Enhancing item 81057: Dark Reaver (49/189)
[2025-11-03T13:27:32.613Z] ✅ Enhanced Dark Reaver - Speed: 3.7, DPS: 56.5
[2025-11-03T13:27:32.614Z] 💾 Saved progress to turtle_db/items/weapons/2h-swords.json
[2025-11-03T13:27:34.614Z] 🔍 Enhancing item 81060: Tempered Runeblade (50/189)
[2025-11-03T13:27:38.694Z] ✅ Enhanced Tempered Runeblade - Speed: 3.7, DPS: 65.3
[2025-11-03T13:27:38.695Z] 💾 Saved progress to turtle_db/items/weapons/2h-swords.json
[2025-11-03T13:27:40.696Z] 🔍 Enhancing item 1460: Black Stallion (51/189)
[2025-11-03T13:27:44.931Z] ✅ Enhanced Black Stallion - Speed: 2.9, DPS: 13.1
[2025-11-03T13:27:44.932Z] 💾 Saved progress to turtle_db/items/weapons/2h-swords.json
[2025-11-03T13:27:46.933Z] 🔍 Enhancing item 1566: Edge of the People's Militia (52/189)
[2025-11-03T13:27:51.054Z] ✅ Enhanced Edge of the People's Militia - Speed: 2.9, DPS: 11.2
[2025-11-03T13:27:51.056Z] 💾 Saved progress to turtle_db/items/weapons/2h-swords.json
[2025-11-03T13:27:53.057Z] 🔍 Enhancing item 1604: Chromatic Sword (53/189)
[2025-11-03T13:27:57.136Z] ✅ Enhanced Chromatic Sword - Speed: 3.6, DPS: 34.7
[2025-11-03T13:27:57.137Z] 💾 Saved progress to turtle_db/items/weapons/2h-swords.json
[2025-11-03T13:27:59.139Z] 🔍 Enhancing item 1625: Exquisite Flamberge (54/189)
[2025-11-03T13:28:03.235Z] ✅ Enhanced Exquisite Flamberge - Speed: 3, DPS: 30.2
[2025-11-03T13:28:03.236Z] 💾 Saved progress to turtle_db/items/weapons/2h-swords.json
[2025-11-03T13:28:05.237Z] 🔍 Enhancing item 1975: Pysan's Old Greatsword (55/189)
[2025-11-03T13:28:09.318Z] ✅ Enhanced Pysan's Old Greatsword - Speed: 3.3, DPS: 22.9
[2025-11-03T13:28:09.319Z] 💾 Saved progress to turtle_db/items/weapons/2h-swords.json
[2025-11-03T13:28:11.320Z] 🔍 Enhancing item 2000: Archeus (56/189)
[2025-11-03T13:28:15.397Z] ✅ Enhanced Archeus - Speed: 3.3, DPS: 23.9
[2025-11-03T13:28:15.399Z] 💾 Saved progress to turtle_db/items/weapons/2h-swords.json
[2025-11-03T13:28:17.401Z] 🔍 Enhancing item 2014: Black Metal Greatsword (57/189)
[2025-11-03T13:28:21.479Z] ✅ Enhanced Black Metal Greatsword - Speed: 3.3, DPS: 19.7
[2025-11-03T13:28:21.480Z] 💾 Saved progress to turtle_db/items/weapons/2h-swords.json
[2025-11-03T13:28:23.481Z] 🔍 Enhancing item 2084: Darksteel Bastard Sword (58/189)
[2025-11-03T13:28:27.557Z] ✅ Enhanced Darksteel Bastard Sword - Speed: 3.2, DPS: 20.5
[2025-11-03T13:28:27.558Z] 💾 Saved progress to turtle_db/items/weapons/2h-swords.json
[2025-11-03T13:28:29.559Z] 🔍 Enhancing item 2204: Brashclaw's Skewer (59/189)
[2025-11-03T13:28:33.761Z] ✅ Enhanced Brashclaw's Skewer - Speed: 3.2, DPS: 11.4
[2025-11-03T13:28:33.761Z] 💾 Saved progress to turtle_db/items/weapons/2h-swords.json
[2025-11-03T13:28:35.762Z] 🔍 Enhancing item 3188: Coral Claymore (60/189)
[2025-11-03T13:28:39.967Z] ✅ Enhanced Coral Claymore - Speed: 2.8, DPS: 10
[2025-11-03T13:28:39.968Z] 💾 Saved progress to turtle_db/items/weapons/2h-swords.json
[2025-11-03T13:28:41.970Z] 🔍 Enhancing item 3196: Edged Bastard Sword (61/189)
[2025-11-03T13:28:46.080Z] ✅ Enhanced Edged Bastard Sword - Speed: 3.1, DPS: 11.8
[2025-11-03T13:28:46.082Z] 💾 Saved progress to turtle_db/items/weapons/2h-swords.json
[2025-11-03T13:28:48.083Z] 🔍 Enhancing item 3206: Cavalier Two-hander (62/189)
[2025-11-03T13:28:52.270Z] ✅ Enhanced Cavalier Two-hander - Speed: 2.9, DPS: 19
[2025-11-03T13:28:52.271Z] 💾 Saved progress to turtle_db/items/weapons/2h-swords.json
[2025-11-03T13:28:54.273Z] 🔍 Enhancing item 3209: Ancient War Sword (63/189)
[2025-11-03T13:28:58.356Z] ✅ Enhanced Ancient War Sword - Speed: 3.3, DPS: 21.7
[2025-11-03T13:28:58.356Z] 💾 Saved progress to turtle_db/items/weapons/2h-swords.json
[2025-11-03T13:29:00.357Z] 🔍 Enhancing item 3417: Onyx Claymore (64/189)
[2025-11-03T13:29:04.451Z] ✅ Enhanced Onyx Claymore - Speed: 2.8, DPS: 21.6
[2025-11-03T13:29:04.452Z] 💾 Saved progress to turtle_db/items/weapons/2h-swords.json
[2025-11-03T13:29:06.453Z] 🔍 Enhancing item 4817: Blessed Claymore (65/189)
[2025-11-03T13:29:10.538Z] ✅ Enhanced Blessed Claymore - Speed: 2.5, DPS: 14.6
[2025-11-03T13:29:10.540Z] 💾 Saved progress to turtle_db/items/weapons/2h-swords.json
[2025-11-03T13:29:12.542Z] 🔍 Enhancing item 4818: Executioner's Sword (66/189)
[2025-11-03T13:29:16.629Z] ✅ Enhanced Executioner's Sword - Speed: 3.4, DPS: 15.9
[2025-11-03T13:29:16.631Z] 💾 Saved progress to turtle_db/items/weapons/2h-swords.json
[2025-11-03T13:29:18.632Z] 🔍 Enhancing item 5813: Emil's Brand (67/189)
[2025-11-03T13:29:22.717Z] ✅ Enhanced Emil's Brand - Speed: 3.1, DPS: 21.6
[2025-11-03T13:29:22.718Z] 💾 Saved progress to turtle_db/items/weapons/2h-swords.json
[2025-11-03T13:29:24.719Z] 🔍 Enhancing item 6909: Strike of the Hydra (68/189)
[2025-11-03T13:29:28.821Z] ✅ Enhanced Strike of the Hydra - Speed: 3.3, DPS: 25.6
[2025-11-03T13:29:28.822Z] 💾 Saved progress to turtle_db/items/weapons/2h-swords.json
[2025-11-03T13:29:30.824Z] 🔍 Enhancing item 6977: Whirlwind Sword (69/189)
[2025-11-03T13:29:34.911Z] ✅ Enhanced Whirlwind Sword - Speed: 2.9, DPS: 35.5
[2025-11-03T13:29:34.913Z] 💾 Saved progress to turtle_db/items/weapons/2h-swords.json
[2025-11-03T13:29:36.914Z] 🔍 Enhancing item 7689: Morbid Dawn (70/189)
[2025-11-03T13:29:41.120Z] ✅ Enhanced Morbid Dawn - Speed: 2.9, DPS: 30.2
[2025-11-03T13:29:41.122Z] 💾 Saved progress to turtle_db/items/weapons/2h-swords.json
[2025-11-03T13:29:43.122Z] 🔍 Enhancing item 7960: Truesilver Champion (71/189)
[2025-11-03T13:29:47.211Z] ✅ Enhanced Truesilver Champion - Speed: 3, DPS: 45
[2025-11-03T13:29:47.212Z] 💾 Saved progress to turtle_db/items/weapons/2h-swords.json
[2025-11-03T13:29:49.213Z] 🔍 Enhancing item 8199: Battlefield Destroyer (72/189)
[2025-11-03T13:29:53.330Z] ✅ Enhanced Battlefield Destroyer - Speed: 3.1, DPS: 36.5
[2025-11-03T13:29:53.331Z] 💾 Saved progress to turtle_db/items/weapons/2h-swords.json
[2025-11-03T13:29:55.332Z] 🔍 Enhancing item 9418: Stoneslayer (73/189)
[2025-11-03T13:29:59.336Z] ✅ Enhanced Stoneslayer - Speed: 3.9, DPS: 42.7
[2025-11-03T13:29:59.338Z] 💾 Saved progress to turtle_db/items/weapons/2h-swords.json
[2025-11-03T13:30:01.339Z] 🔍 Enhancing item 9602: Brushwood Blade (74/189)
[2025-11-03T13:30:05.429Z] ✅ Enhanced Brushwood Blade - Speed: 3, DPS: 7.2
[2025-11-03T13:30:05.431Z] 💾 Saved progress to turtle_db/items/weapons/2h-swords.json
[2025-11-03T13:30:07.432Z] 🔍 Enhancing item 10758: X'caliboar (75/189)
[2025-11-03T13:30:11.518Z] ✅ Enhanced X'caliboar - Speed: 3.3, DPS: 37.3
[2025-11-03T13:30:11.519Z] 💾 Saved progress to turtle_db/items/weapons/2h-swords.json
[2025-11-03T13:30:13.520Z] 🔍 Enhancing item 11786: Stone of the Earth (76/189)
[2025-11-03T13:30:17.710Z] ✅ Enhanced Stone of the Earth - Speed: 3.2, DPS: 48.1
[2025-11-03T13:30:17.711Z] 💾 Saved progress to turtle_db/items/weapons/2h-swords.json
[2025-11-03T13:30:19.712Z] 🔍 Enhancing item 12469: Mutilator (77/189)
[2025-11-03T13:30:23.884Z] ✅ Enhanced Mutilator - Speed: 2.5, DPS: 41.2
[2025-11-03T13:30:23.885Z] 💾 Saved progress to turtle_db/items/weapons/2h-swords.json
[2025-11-03T13:30:25.886Z] 🔍 Enhancing item 12992: Searing Blade (78/189)
[2025-11-03T13:30:29.992Z] ✅ Enhanced Searing Blade - Speed: 2.5, DPS: 19.6
[2025-11-03T13:30:29.994Z] 💾 Saved progress to turtle_db/items/weapons/2h-swords.json
[2025-11-03T13:30:31.995Z] 🔍 Enhancing item 13042: Sword of the Magistrate (79/189)
[2025-11-03T13:30:36.087Z] ✅ Enhanced Sword of the Magistrate - Speed: 3.3, DPS: 36.5
[2025-11-03T13:30:36.088Z] 💾 Saved progress to turtle_db/items/weapons/2h-swords.json
[2025-11-03T13:30:38.089Z] 🔍 Enhancing item 13051: Witchfury (80/189)
[2025-11-03T13:30:42.191Z] ✅ Enhanced Witchfury - Speed: 2.8, DPS: 38.9
[2025-11-03T13:30:42.192Z] 💾 Saved progress to turtle_db/items/weapons/2h-swords.json
[2025-11-03T13:30:44.193Z] 🔍 Enhancing item 13052: Warmonger (81/189)
[2025-11-03T13:30:48.299Z] ✅ Enhanced Warmonger - Speed: 3, DPS: 45
[2025-11-03T13:30:48.300Z] 💾 Saved progress to turtle_db/items/weapons/2h-swords.json
[2025-11-03T13:30:50.301Z] 🔍 Enhancing item 13163: Relentless Scythe (82/189)
[2025-11-03T13:30:54.393Z] ✅ Enhanced Relentless Scythe - Speed: 3.3, DPS: 53
[2025-11-03T13:30:54.395Z] 💾 Saved progress to turtle_db/items/weapons/2h-swords.json
[2025-11-03T13:30:56.396Z] 🔍 Enhancing item 13982: Warblade of Caer Darrow (83/189)
[2025-11-03T13:31:00.467Z] ✅ Enhanced Warblade of Caer Darrow - Speed: 3.3, DPS: 57.4
[2025-11-03T13:31:00.468Z] 💾 Saved progress to turtle_db/items/weapons/2h-swords.json
[2025-11-03T13:31:02.470Z] 🔍 Enhancing item 15254: Dark Espadon (84/189)
[2025-11-03T13:31:06.587Z] ✅ Enhanced Dark Espadon - Speed: 3.3, DPS: 41.8
[2025-11-03T13:31:06.588Z] 💾 Saved progress to turtle_db/items/weapons/2h-swords.json
[2025-11-03T13:31:08.589Z] 🔍 Enhancing item 15258: Divine Warblade (85/189)
[2025-11-03T13:31:12.726Z] ✅ Enhanced Divine Warblade - Speed: 2.7, DPS: 50.6
[2025-11-03T13:31:12.739Z] 💾 Saved progress to turtle_db/items/weapons/2h-swords.json
[2025-11-03T13:31:14.741Z] 🔍 Enhancing item 16039: Ta'Kierthan Songblade (86/189)
[2025-11-03T13:31:18.735Z] ✅ Enhanced Ta'Kierthan Songblade - Speed: 3.3, DPS: 52.1
[2025-11-03T13:31:18.736Z] 💾 Saved progress to turtle_db/items/weapons/2h-swords.json
[2025-11-03T13:31:20.737Z] 🔍 Enhancing item 20504: Lightforged Blade (87/189)
[2025-11-03T13:31:24.813Z] ✅ Enhanced Lightforged Blade - Speed: 3.3, DPS: 44.8
[2025-11-03T13:31:24.814Z] 💾 Saved progress to turtle_db/items/weapons/2h-swords.json
[2025-11-03T13:31:26.815Z] 🔍 Enhancing item 51849: Thunderhorn (88/189)
[2025-11-03T13:31:30.741Z] ✅ Enhanced Thunderhorn - Speed: 2.9, DPS: 20.3
[2025-11-03T13:31:30.742Z] 💾 Saved progress to turtle_db/items/weapons/2h-swords.json
[2025-11-03T13:31:32.743Z] 🔍 Enhancing item 58188: Jaw of the Ancient (89/189)
[2025-11-03T13:31:36.743Z] ✅ Enhanced Jaw of the Ancient - Speed: 3.8, DPS: 38.9
[2025-11-03T13:31:36.745Z] 💾 Saved progress to turtle_db/items/weapons/2h-swords.json
[2025-11-03T13:31:38.746Z] 🔍 Enhancing item 60293: Untempered Runeblade (90/189)
[2025-11-03T13:31:42.748Z] ✅ Enhanced Untempered Runeblade - Speed: 3.7, DPS: 58.8
[2025-11-03T13:31:42.749Z] 💾 Saved progress to turtle_db/items/weapons/2h-swords.json
[2025-11-03T13:31:44.750Z] 🔍 Enhancing item 60294: Bloodstone Warblade (91/189)
[2025-11-03T13:31:48.749Z] ✅ Enhanced Bloodstone Warblade - Speed: 3.6, DPS: 38.6
[2025-11-03T13:31:48.750Z] 💾 Saved progress to turtle_db/items/weapons/2h-swords.json
[2025-11-03T13:31:50.751Z] 🔍 Enhancing item 60392: Sword of Laneron (92/189)
[2025-11-03T13:31:54.527Z] ✅ Enhanced Sword of Laneron - Speed: 2.8, DPS: 21.1
[2025-11-03T13:31:54.528Z] 💾 Saved progress to turtle_db/items/weapons/2h-swords.json
[2025-11-03T13:31:56.530Z] 🔍 Enhancing item 60947: Blade of Marauder Kings (93/189)
[2025-11-03T13:32:00.623Z] ✅ Enhanced Blade of Marauder Kings - Speed: 2.9, DPS: 37.6
[2025-11-03T13:32:00.625Z] 💾 Saved progress to turtle_db/items/weapons/2h-swords.json
[2025-11-03T13:32:02.626Z] 🔍 Enhancing item 61016: Time-Lost Claymore (94/189)
[2025-11-03T13:32:06.711Z] ✅ Enhanced Time-Lost Claymore - Speed: 3.3, DPS: 55.9
[2025-11-03T13:32:06.712Z] 💾 Saved progress to turtle_db/items/weapons/2h-swords.json
[2025-11-03T13:32:08.714Z] 🔍 Enhancing item 61328: Wolfblood (95/189)
[2025-11-03T13:32:12.762Z] ✅ Enhanced Wolfblood - Speed: 3.3, DPS: 43.6
[2025-11-03T13:32:12.763Z] 💾 Saved progress to turtle_db/items/weapons/2h-swords.json
[2025-11-03T13:32:14.764Z] 🔍 Enhancing item 61375: Crossguarded Blade (96/189)
[2025-11-03T13:32:18.765Z] ✅ Enhanced Crossguarded Blade - Speed: 2.9, DPS: 5.3
[2025-11-03T13:32:18.766Z] 💾 Saved progress to turtle_db/items/weapons/2h-swords.json
[2025-11-03T13:32:20.768Z] 🔍 Enhancing item 80534: Quel'dorei Guardian's Battle Glaive (97/189)
[2025-11-03T13:32:24.771Z] ✅ Enhanced Quel'dorei Guardian's Battle Glaive - Speed: 3.4, DPS: 55.7
[2025-11-03T13:32:24.772Z] 💾 Saved progress to turtle_db/items/weapons/2h-swords.json
[2025-11-03T13:32:26.774Z] 🔍 Enhancing item 80537: Quel'dorei Guardian's Twinblade (98/189)
[2025-11-03T13:32:30.442Z] ✅ Enhanced Quel'dorei Guardian's Twinblade - Speed: 3.4, DPS: 55.7
[2025-11-03T13:32:30.442Z] 💾 Saved progress to turtle_db/items/weapons/2h-swords.json
[2025-11-03T13:32:32.444Z] 🔍 Enhancing item 80637: Revantusk Watcher's Warblade (99/189)
[2025-11-03T13:32:36.536Z] ✅ Enhanced Revantusk Watcher's Warblade - Speed: 3.4, DPS: 55.7
[2025-11-03T13:32:36.537Z] 💾 Saved progress to turtle_db/items/weapons/2h-swords.json
[2025-11-03T13:32:38.538Z] 🔍 Enhancing item 913: Huge Ogre Sword (100/189)
[2025-11-03T13:32:42.649Z] ✅ Enhanced Huge Ogre Sword - Speed: 3.8, DPS: 19.7
[2025-11-03T13:32:42.650Z] 💾 Saved progress to turtle_db/items/weapons/2h-swords.json
[2025-11-03T13:32:44.651Z] 🔍 Enhancing item 922: Dacian Falx (101/189)
[2025-11-03T13:32:48.784Z] ✅ Enhanced Dacian Falx - Speed: 3.1, DPS: 16
[2025-11-03T13:32:48.786Z] 💾 Saved progress to turtle_db/items/weapons/2h-swords.json
[2025-11-03T13:32:50.787Z] 🔍 Enhancing item 1194: Bastard Sword (102/189)
[2025-11-03T13:32:54.787Z] ✅ Enhanced Bastard Sword - Speed: 3, DPS: 2.2
[2025-11-03T13:32:54.788Z] 💾 Saved progress to turtle_db/items/weapons/2h-swords.json
[2025-11-03T13:32:56.789Z] 🔍 Enhancing item 1198: Claymore (103/189)
[2025-11-03T13:33:00.791Z] ✅ Enhanced Claymore - Speed: 3.2, DPS: 9.1
[2025-11-03T13:33:00.792Z] 💾 Saved progress to turtle_db/items/weapons/2h-swords.json
[2025-11-03T13:33:02.793Z] 🔍 Enhancing item 1387: Ghoulfang (104/189)
[2025-11-03T13:33:06.795Z] ✅ Enhanced Ghoulfang - Speed: 3.6, DPS: 12.5
[2025-11-03T13:33:06.796Z] 💾 Saved progress to turtle_db/items/weapons/2h-swords.json
[2025-11-03T13:33:08.797Z] 🔍 Enhancing item 1986: Gutrender (105/189)
[2025-11-03T13:33:12.797Z] ✅ Enhanced Gutrender - Speed: 2.6, DPS: 30
[2025-11-03T13:33:12.798Z] 💾 Saved progress to turtle_db/items/weapons/2h-swords.json
[2025-11-03T13:33:14.799Z] 🔍 Enhancing item 2024: Espadon (106/189)
[2025-11-03T13:33:18.799Z] ✅ Enhanced Espadon - Speed: 2.9, DPS: 12.6
[2025-11-03T13:33:18.800Z] 💾 Saved progress to turtle_db/items/weapons/2h-swords.json
[2025-11-03T13:33:20.800Z] 🔍 Enhancing item 2521: Flamberge (107/189)
[2025-11-03T13:33:24.803Z] ✅ Enhanced Flamberge - Speed: 3.2, DPS: 23.1
[2025-11-03T13:33:24.804Z] 💾 Saved progress to turtle_db/items/weapons/2h-swords.json
[2025-11-03T13:33:26.805Z] 🔍 Enhancing item 2822: Mo'grosh Toothpick (108/189)
[2025-11-03T13:33:30.809Z] ✅ Enhanced Mo'grosh Toothpick - Speed: 2.8, DPS: 11.8
[2025-11-03T13:33:30.810Z] 💾 Saved progress to turtle_db/items/weapons/2h-swords.json
[2025-11-03T13:33:32.811Z] 🔍 Enhancing item 3192: Short Bastard Sword (109/189)
[2025-11-03T13:33:36.810Z] ✅ Enhanced Short Bastard Sword - Speed: 3, DPS: 8.3
[2025-11-03T13:33:36.811Z] 💾 Saved progress to turtle_db/items/weapons/2h-swords.json
[2025-11-03T13:33:38.812Z] 🔍 Enhancing item 3197: Stonecutter Claymore (110/189)
[2025-11-03T13:33:42.598Z] ✅ Enhanced Stonecutter Claymore - Speed: 3.1, DPS: 23.9
[2025-11-03T13:33:42.599Z] 💾 Saved progress to turtle_db/items/weapons/2h-swords.json
[2025-11-03T13:33:44.599Z] 🔍 Enhancing item 3487: Heavy Copper Broadsword (111/189)
[2025-11-03T13:33:48.679Z] ✅ Enhanced Heavy Copper Broadsword - Speed: 2.7, DPS: 12.6
[2025-11-03T13:33:48.680Z] 💾 Saved progress to turtle_db/items/weapons/2h-swords.json
[2025-11-03T13:33:50.681Z] 🔍 Enhancing item 3822: Runic Darkblade (112/189)
[2025-11-03T13:33:54.768Z] ✅ Enhanced Runic Darkblade - Speed: 3.3, DPS: 21.7
[2025-11-03T13:33:54.769Z] 💾 Saved progress to turtle_db/items/weapons/2h-swords.json
[2025-11-03T13:33:56.770Z] 🔍 Enhancing item 3853: Moonsteel Broadsword (113/189)
[2025-11-03T13:34:00.824Z] ✅ Enhanced Moonsteel Broadsword - Speed: 2.8, DPS: 24.6
[2025-11-03T13:34:00.825Z] 💾 Saved progress to turtle_db/items/weapons/2h-swords.json
[2025-11-03T13:34:02.826Z] 🔍 Enhancing item 3854: Frost Tiger Blade (114/189)
[2025-11-03T13:34:06.824Z] ✅ Enhanced Frost Tiger Blade - Speed: 3.4, DPS: 28.8
[2025-11-03T13:34:06.825Z] 💾 Saved progress to turtle_db/items/weapons/2h-swords.json
[2025-11-03T13:34:08.825Z] 🔍 Enhancing item 4567: Merc Sword (115/189)
[2025-11-03T13:34:12.828Z] ✅ Enhanced Merc Sword - Speed: 2.8, DPS: 10.7
[2025-11-03T13:34:12.829Z] 💾 Saved progress to turtle_db/items/weapons/2h-swords.json
[2025-11-03T13:34:14.829Z] 🔍 Enhancing item 4939: Steady Bastard Sword (116/189)
[2025-11-03T13:34:18.515Z] ✅ Enhanced Steady Bastard Sword - Speed: 2.7, DPS: 7.6
[2025-11-03T13:34:18.518Z] 💾 Saved progress to turtle_db/items/weapons/2h-swords.json
[2025-11-03T13:34:20.520Z] 🔍 Enhancing item 5182: Shiver Blade (117/189)
[2025-11-03T13:34:24.601Z] ✅ Enhanced Shiver Blade - Speed: 2.9, DPS: 13.1
[2025-11-03T13:34:24.602Z] 💾 Saved progress to turtle_db/items/weapons/2h-swords.json
[2025-11-03T13:34:26.602Z] 🔍 Enhancing item 5614: Seraph's Strike (118/189)
[2025-11-03T13:34:30.678Z] ✅ Enhanced Seraph's Strike - Speed: 3.2, DPS: 21.1
[2025-11-03T13:34:30.679Z] 💾 Saved progress to turtle_db/items/weapons/2h-swords.json
[2025-11-03T13:34:32.680Z] 🔍 Enhancing item 5615: Woodsman Sword (119/189)
[2025-11-03T13:34:36.774Z] ✅ Enhanced Woodsman Sword - Speed: 3.3, DPS: 13
[2025-11-03T13:34:36.775Z] 💾 Saved progress to turtle_db/items/weapons/2h-swords.json
[2025-11-03T13:34:38.776Z] 🔍 Enhancing item 5779: Forsaken Bastard Sword (120/189)
[2025-11-03T13:34:42.841Z] ✅ Enhanced Forsaken Bastard Sword - Speed: 3.3, DPS: 2.7
[2025-11-03T13:34:42.843Z] 💾 Saved progress to turtle_db/items/weapons/2h-swords.json
[2025-11-03T13:34:44.844Z] 🔍 Enhancing item 6186: Trogg Slicer (121/189)
[2025-11-03T13:34:48.844Z] ✅ Enhanced Trogg Slicer - Speed: 3.4, DPS: 11.9
[2025-11-03T13:34:48.845Z] 💾 Saved progress to turtle_db/items/weapons/2h-swords.json
[2025-11-03T13:34:50.845Z] 🔍 Enhancing item 6641: Haunting Blade (122/189)
[2025-11-03T13:34:54.847Z] ✅ Enhanced Haunting Blade - Speed: 3.8, DPS: 17.5
[2025-11-03T13:34:54.848Z] 💾 Saved progress to turtle_db/items/weapons/2h-swords.json
[2025-11-03T13:34:56.849Z] 🔍 Enhancing item 7955: Copper Claymore (123/189)
[2025-11-03T13:35:00.852Z] ✅ Enhanced Copper Claymore - Speed: 3, DPS: 6.3
[2025-11-03T13:35:00.854Z] 💾 Saved progress to turtle_db/items/weapons/2h-swords.json
[2025-11-03T13:35:02.854Z] 🔍 Enhancing item 7957: Bronze Greatsword (124/189)
[2025-11-03T13:35:06.857Z] ✅ Enhanced Bronze Greatsword - Speed: 3, DPS: 16
[2025-11-03T13:35:06.858Z] 💾 Saved progress to turtle_db/items/weapons/2h-swords.json
[2025-11-03T13:35:08.859Z] 🔍 Enhancing item 8178: Training Sword (125/189)
[2025-11-03T13:35:12.857Z] ✅ Enhanced Training Sword - Speed: 3.5, DPS: 7.1
[2025-11-03T13:35:12.858Z] 💾 Saved progress to turtle_db/items/weapons/2h-swords.json
[2025-11-03T13:35:14.858Z] 🔍 Enhancing item 11854: Samophlange Screwdriver (126/189)
[2025-11-03T13:35:18.862Z] ✅ Enhanced Samophlange Screwdriver - Speed: 2.5, DPS: 12.6
[2025-11-03T13:35:18.863Z] 💾 Saved progress to turtle_db/items/weapons/2h-swords.json
[2025-11-03T13:35:20.863Z] 🔍 Enhancing item 12755: Monster - Sword2H, Blackblade of Shahram (127/189)
[2025-11-03T13:35:24.865Z] ✅ Enhanced Monster - Sword2H, Blackblade of Shahram - Speed: 2, DPS: 0.8
[2025-11-03T13:35:24.867Z] 💾 Saved progress to turtle_db/items/weapons/2h-swords.json
[2025-11-03T13:35:26.868Z] 🔍 Enhancing item 12764: Thorium Greatsword (128/189)
[2025-11-03T13:35:30.737Z] ✅ Enhanced Thorium Greatsword - Speed: 3.6, DPS: 40.4
[2025-11-03T13:35:30.739Z] 💾 Saved progress to turtle_db/items/weapons/2h-swords.json
[2025-11-03T13:35:32.740Z] 🔍 Enhancing item 15248: Gleaming Claymore (129/189)
[2025-11-03T13:35:36.871Z] ✅ Enhanced Gleaming Claymore - Speed: 2.9, DPS: 13.1
[2025-11-03T13:35:36.872Z] 💾 Saved progress to turtle_db/items/weapons/2h-swords.json
[2025-11-03T13:35:38.873Z] 🔍 Enhancing item 15249: Polished Zweihander (130/189)
[2025-11-03T13:35:42.875Z] ✅ Enhanced Polished Zweihander - Speed: 3.6, DPS: 17.5
[2025-11-03T13:35:42.876Z] 💾 Saved progress to turtle_db/items/weapons/2h-swords.json
[2025-11-03T13:35:44.877Z] 🔍 Enhancing item 15250: Glimmering Flamberge (131/189)
[2025-11-03T13:35:48.882Z] ✅ Enhanced Glimmering Flamberge - Speed: 3.2, DPS: 21.7
[2025-11-03T13:35:48.883Z] 💾 Saved progress to turtle_db/items/weapons/2h-swords.json
[2025-11-03T13:35:50.885Z] 🔍 Enhancing item 15252: Tusker Sword (132/189)
[2025-11-03T13:35:54.884Z] ✅ Enhanced Tusker Sword - Speed: 3.7, DPS: 38
[2025-11-03T13:35:54.886Z] 💾 Saved progress to turtle_db/items/weapons/2h-swords.json
[2025-11-03T13:35:56.886Z] 🔍 Enhancing item 15255: Gallant Flamberge (133/189)
[2025-11-03T13:36:18.810Z] ✅ Enhanced Gallant Flamberge - Speed: 3.4, DPS: 44.3
[2025-11-03T13:36:18.811Z] 💾 Saved progress to turtle_db/items/weapons/2h-swords.json
[2025-11-03T13:36:20.811Z] 🔍 Enhancing item 15256: Massacre Sword (134/189)
[2025-11-03T13:36:24.922Z] ✅ Enhanced Massacre Sword - Speed: 3.8, DPS: 45.8
[2025-11-03T13:36:24.924Z] 💾 Saved progress to turtle_db/items/weapons/2h-swords.json
[2025-11-03T13:36:26.925Z] 🔍 Enhancing item 15257: Shin Blade (135/189)
[2025-11-03T13:36:31.037Z] ✅ Enhanced Shin Blade - Speed: 2.2, DPS: 48
[2025-11-03T13:36:31.038Z] 💾 Saved progress to turtle_db/items/weapons/2h-swords.json
[2025-11-03T13:36:33.040Z] 🔍 Enhancing item 18410: Sprinter's Sword (136/189)
[2025-11-03T13:36:37.116Z] ✅ Enhanced Sprinter's Sword - Speed: 2.8, DPS: 44.3
[2025-11-03T13:36:37.118Z] 💾 Saved progress to turtle_db/items/weapons/2h-swords.json
[2025-11-03T13:36:39.119Z] 🔍 Enhancing item 41184: Blade of the Warden (137/189)
[2025-11-03T13:36:43.204Z] ✅ Enhanced Blade of the Warden - Speed: 3, DPS: 8
[2025-11-03T13:36:43.204Z] 💾 Saved progress to turtle_db/items/weapons/2h-swords.json
[2025-11-03T13:36:45.205Z] 🔍 Enhancing item 41483: Monster - Sword2H (138/189)
[2025-11-03T13:36:49.323Z] ✅ Enhanced Monster - Sword2H - Speed: 2, DPS: 0.8
[2025-11-03T13:36:49.324Z] 💾 Saved progress to turtle_db/items/weapons/2h-swords.json
[2025-11-03T13:36:51.325Z] 🔍 Enhancing item 50256: Fractured Sword (139/189)
[2025-11-03T13:36:55.421Z] ✅ Enhanced Fractured Sword - Speed: 3.5, DPS: 3
[2025-11-03T13:36:55.422Z] 💾 Saved progress to turtle_db/items/weapons/2h-swords.json
[2025-11-03T13:36:57.423Z] 🔍 Enhancing item 51040: Claymore of the Templar (140/189)
[2025-11-03T13:37:01.515Z] ✅ Enhanced Claymore of the Templar - Speed: 1, DPS: 1.5
[2025-11-03T13:37:01.516Z] 💾 Saved progress to turtle_db/items/weapons/2h-swords.json
[2025-11-03T13:37:03.518Z] 🔍 Enhancing item 51766: Greatblade of Quel'Danil (141/189)
[2025-11-03T13:37:07.601Z] ✅ Enhanced Greatblade of Quel'Danil - Speed: 3.3, DPS: 35.6
[2025-11-03T13:37:07.602Z] 💾 Saved progress to turtle_db/items/weapons/2h-swords.json
[2025-11-03T13:37:09.603Z] 🔍 Enhancing item 58069: Penny's Crabcracker (142/189)
[2025-11-03T13:37:13.692Z] ✅ Enhanced Penny's Crabcracker - Speed: 3, DPS: 25.3
[2025-11-03T13:37:13.693Z] 💾 Saved progress to turtle_db/items/weapons/2h-swords.json
[2025-11-03T13:37:15.694Z] 🔍 Enhancing item 61346: Katana of the Senshi (143/189)
[2025-11-03T13:37:19.789Z] ✅ Enhanced Katana of the Senshi - Speed: 3.1, DPS: 28.2
[2025-11-03T13:37:19.791Z] 💾 Saved progress to turtle_db/items/weapons/2h-swords.json
[2025-11-03T13:37:21.792Z] 🔍 Enhancing item 61538: Moonsteel Zweihander (144/189)
[2025-11-03T13:37:25.886Z] ✅ Enhanced Moonsteel Zweihander - Speed: 2.8, DPS: 40.9
[2025-11-03T13:37:25.888Z] 💾 Saved progress to turtle_db/items/weapons/2h-swords.json
[2025-11-03T13:37:27.889Z] 🔍 Enhancing item 61612: Holy Sword (145/189)
[2025-11-03T13:37:31.969Z] ✅ Enhanced Holy Sword - Speed: 3.1, DPS: 35.5
[2025-11-03T13:37:31.970Z] 💾 Saved progress to turtle_db/items/weapons/2h-swords.json
[2025-11-03T13:37:33.971Z] 🔍 Enhancing item 80126: Sharpened Bastard Sword (146/189)
[2025-11-03T13:37:38.062Z] ✅ Enhanced Sharpened Bastard Sword - Speed: 3.1, DPS: 7.4
[2025-11-03T13:37:38.062Z] 💾 Saved progress to turtle_db/items/weapons/2h-swords.json
[2025-11-03T13:37:40.063Z] 🔍 Enhancing item 80222: Farstrider Lodge Protector's Sword (147/189)
[2025-11-03T13:37:44.144Z] ✅ Enhanced Farstrider Lodge Protector's Sword - Speed: 2.9, DPS: 13.1
[2025-11-03T13:37:44.145Z] 💾 Saved progress to turtle_db/items/weapons/2h-swords.json
[2025-11-03T13:37:46.147Z] 🔍 Enhancing item 80817: Scorched Bastard Sword (148/189)
[2025-11-03T13:37:50.445Z] ✅ Enhanced Scorched Bastard Sword - Speed: 2.8, DPS: 9.3
[2025-11-03T13:37:50.447Z] 💾 Saved progress to turtle_db/items/weapons/2h-swords.json
[2025-11-03T13:37:52.448Z] 🔍 Enhancing item 1412: Crude Bastard Sword (149/189)
[2025-11-03T13:37:56.629Z] ✅ Enhanced Crude Bastard Sword - Speed: 3.2, DPS: 3
[2025-11-03T13:37:56.631Z] 💾 Saved progress to turtle_db/items/weapons/2h-swords.json
[2025-11-03T13:37:58.632Z] 🔍 Enhancing item 1513: Old Greatsword (150/189)
[2025-11-03T13:38:02.728Z] ✅ Enhanced Old Greatsword - Speed: 3.6, DPS: 5.7
[2025-11-03T13:38:02.729Z] 💾 Saved progress to turtle_db/items/weapons/2h-swords.json
[2025-11-03T13:38:04.730Z] 🔍 Enhancing item 1811: Blunt Claymore (151/189)
[2025-11-03T13:38:14.561Z] ✅ Enhanced Blunt Claymore - Speed: 3.1, DPS: 6.6
[2025-11-03T13:38:14.562Z] 💾 Saved progress to turtle_db/items/weapons/2h-swords.json
[2025-11-03T13:38:16.563Z] 🔍 Enhancing item 1818: Standard Claymore (152/189)
[2025-11-03T13:38:26.742Z] ✅ Enhanced Standard Claymore - Speed: 3, DPS: 9.7
[2025-11-03T13:38:26.743Z] 💾 Saved progress to turtle_db/items/weapons/2h-swords.json
[2025-11-03T13:38:28.744Z] 🔍 Enhancing item 1830: Long Bastard Sword (153/189)
[2025-11-03T13:38:32.853Z] ✅ Enhanced Long Bastard Sword - Speed: 3.2, DPS: 11.4
[2025-11-03T13:38:32.854Z] 💾 Saved progress to turtle_db/items/weapons/2h-swords.json
[2025-11-03T13:38:34.855Z] 🔍 Enhancing item 1983: Monster - Sword2H, Basic (154/189)
[2025-11-03T13:38:39.027Z] ✅ Enhanced Monster - Sword2H, Basic - Speed: 2, DPS: 0.8
[2025-11-03T13:38:39.028Z] 💾 Saved progress to turtle_db/items/weapons/2h-swords.json
[2025-11-03T13:38:41.030Z] 🔍 Enhancing item 2128: Scratched Claymore (155/189)
[2025-11-03T13:38:45.273Z] ✅ Enhanced Scratched Claymore - Speed: 2.8, DPS: 2
[2025-11-03T13:38:45.275Z] 💾 Saved progress to turtle_db/items/weapons/2h-swords.json
[2025-11-03T13:38:47.275Z] 🔍 Enhancing item 2181: Monster - Sword2H, Baron Rivendare (156/189)
[2025-11-03T13:38:51.433Z] ✅ Enhanced Monster - Sword2H, Baron Rivendare - Speed: 2, DPS: 0.8
[2025-11-03T13:38:51.433Z] 💾 Saved progress to turtle_db/items/weapons/2h-swords.json
[2025-11-03T13:38:53.434Z] 🔍 Enhancing item 2489: Two-handed Sword (157/189)
[2025-11-03T13:38:57.525Z] ✅ Enhanced Two-handed Sword - Speed: 2.9, DPS: 3.6
[2025-11-03T13:38:57.526Z] 💾 Saved progress to turtle_db/items/weapons/2h-swords.json
[2025-11-03T13:38:59.527Z] 🔍 Enhancing item 2497: Rusted Claymore (158/189)
[2025-11-03T13:39:03.706Z] ✅ Enhanced Rusted Claymore - Speed: 3.1, DPS: 5
[2025-11-03T13:39:03.708Z] 💾 Saved progress to turtle_db/items/weapons/2h-swords.json
[2025-11-03T13:39:05.709Z] 🔍 Enhancing item 2529: Zweihander (159/189)
[2025-11-03T13:39:09.816Z] ✅ Enhanced Zweihander - Speed: 2.8, DPS: 33.6
[2025-11-03T13:39:09.816Z] 💾 Saved progress to turtle_db/items/weapons/2h-swords.json
[2025-11-03T13:39:11.818Z] 🔍 Enhancing item 2754: Tarnished Bastard Sword (160/189)
[2025-11-03T13:39:15.927Z] ✅ Enhanced Tarnished Bastard Sword - Speed: 3.2, DPS: 1.6
[2025-11-03T13:39:15.928Z] 💾 Saved progress to turtle_db/items/weapons/2h-swords.json
[2025-11-03T13:39:17.929Z] 🔍 Enhancing item 3781: Broad Claymore (161/189)
[2025-11-03T13:39:35.046Z] ✅ Enhanced Broad Claymore - Speed: 3.3, DPS: 13.8
[2025-11-03T13:39:35.047Z] 💾 Saved progress to turtle_db/items/weapons/2h-swords.json
[2025-11-03T13:39:37.048Z] 🔍 Enhancing item 4018: Whetted Claymore (162/189)
[2025-11-03T13:40:07.988Z] ✅ Enhanced Whetted Claymore - Speed: 3.1, DPS: 18.7
[2025-11-03T13:40:07.989Z] 💾 Saved progress to turtle_db/items/weapons/2h-swords.json
[2025-11-03T13:40:09.990Z] 🔍 Enhancing item 4991: Monster - Sword2H, Broadsword (163/189)
[2025-11-03T13:40:14.189Z] ✅ Enhanced Monster - Sword2H, Broadsword - Speed: 2.6, DPS: 1
[2025-11-03T13:40:14.190Z] 💾 Saved progress to turtle_db/items/weapons/2h-swords.json
[2025-11-03T13:40:16.191Z] 🔍 Enhancing item 6224: Monster - Sword2H, Black Metal Hilt (164/189)
[2025-11-03T13:40:20.354Z] ✅ Enhanced Monster - Sword2H, Black Metal Hilt - Speed: 2, DPS: 0.8
[2025-11-03T13:40:20.355Z] 💾 Saved progress to turtle_db/items/weapons/2h-swords.json
[2025-11-03T13:40:22.357Z] 🔍 Enhancing item 6741: Orcish War Sword (165/189)
[2025-11-03T13:40:26.440Z] ✅ Enhanced Orcish War Sword - Speed: 3.1, DPS: 18.2
[2025-11-03T13:40:26.440Z] 💾 Saved progress to turtle_db/items/weapons/2h-swords.json
[2025-11-03T13:40:28.441Z] 🔍 Enhancing item 8177: Practice Sword (166/189)
[2025-11-03T13:40:37.101Z] ✅ Enhanced Practice Sword - Speed: 3.2, DPS: 3.8
[2025-11-03T13:40:37.102Z] 💾 Saved progress to turtle_db/items/weapons/2h-swords.json
[2025-11-03T13:40:39.103Z] 🔍 Enhancing item 11321: Monster - Sword2H, Horde Massive (167/189)
[2025-11-03T13:40:43.272Z] ✅ Enhanced Monster - Sword2H, Horde Massive - Speed: 2, DPS: 0.8
[2025-11-03T13:40:43.272Z] 💾 Saved progress to turtle_db/items/weapons/2h-swords.json
[2025-11-03T13:40:45.273Z] 🔍 Enhancing item 11322: Monster - Sword2H, Horde Broad (168/189)
[2025-11-03T13:40:49.459Z] ✅ Enhanced Monster - Sword2H, Horde Broad - Speed: 2, DPS: 0.8
[2025-11-03T13:40:49.460Z] 💾 Saved progress to turtle_db/items/weapons/2h-swords.json
[2025-11-03T13:40:51.462Z] 🔍 Enhancing item 11323: Monster - Sword2H, Horde Jagged (169/189)
[2025-11-03T13:40:55.644Z] ✅ Enhanced Monster - Sword2H, Horde Jagged - Speed: 2, DPS: 0.8
[2025-11-03T13:40:55.646Z] 💾 Saved progress to turtle_db/items/weapons/2h-swords.json
[2025-11-03T13:40:57.646Z] 🔍 Enhancing item 12331: Monster - Sword2H, Horde Massive Green (170/189)
[2025-11-03T13:41:01.805Z] ✅ Enhanced Monster - Sword2H, Horde Massive Green - Speed: 2, DPS: 0.8
[2025-11-03T13:41:01.806Z] 💾 Saved progress to turtle_db/items/weapons/2h-swords.json
[2025-11-03T13:41:03.808Z] 🔍 Enhancing item 12882: Monster - Sword2H, Horde Curved Silver (171/189)
[2025-11-03T13:41:07.979Z] ✅ Enhanced Monster - Sword2H, Horde Curved Silver - Speed: 2, DPS: 0.8
[2025-11-03T13:41:07.979Z] 💾 Saved progress to turtle_db/items/weapons/2h-swords.json
[2025-11-03T13:41:09.981Z] 🔍 Enhancing item 12889: Monster - Sword2H, Horde Curved Black (172/189)
[2025-11-03T13:41:14.080Z] ✅ Enhanced Monster - Sword2H, Horde Curved Black - Speed: 2, DPS: 0.8
[2025-11-03T13:41:14.080Z] 💾 Saved progress to turtle_db/items/weapons/2h-swords.json
[2025-11-03T13:41:16.081Z] 🔍 Enhancing item 12902: Monster - Sword2H, Luminous Evil Blade (173/189)
[2025-11-03T13:41:20.177Z] ✅ Enhanced Monster - Sword2H, Luminous Evil Blade - Speed: 2, DPS: 0.8
[2025-11-03T13:41:20.179Z] 💾 Saved progress to turtle_db/items/weapons/2h-swords.json
[2025-11-03T13:41:22.180Z] 🔍 Enhancing item 13150: Monster - Sword2H, Claymore Blue (174/189)
[2025-11-03T13:41:26.271Z] ✅ Enhanced Monster - Sword2H, Claymore Blue - Speed: 2, DPS: 0.8
[2025-11-03T13:41:26.274Z] 💾 Saved progress to turtle_db/items/weapons/2h-swords.json
[2025-11-03T13:41:28.274Z] 🔍 Enhancing item 13160: Monster - Sword2H, Claymore Silver (175/189)
[2025-11-03T13:41:32.351Z] ✅ Enhanced Monster - Sword2H, Claymore Silver - Speed: 2, DPS: 0.8
[2025-11-03T13:41:32.352Z] 💾 Saved progress to turtle_db/items/weapons/2h-swords.json
[2025-11-03T13:41:34.353Z] 🔍 Enhancing item 13316: Monster - Sword2H, Claymore Silver Yellow Glow (176/189)
[2025-11-03T13:41:38.442Z] ✅ Enhanced Monster - Sword2H, Claymore Silver Yellow Glow - Speed: 2, DPS: 0.8
[2025-11-03T13:41:38.443Z] 💾 Saved progress to turtle_db/items/weapons/2h-swords.json
[2025-11-03T13:41:40.444Z] 🔍 Enhancing item 13623: Monster - Sword2H, Horde Skull Blue Flame (177/189)
[2025-11-03T13:41:44.527Z] ✅ Enhanced Monster - Sword2H, Horde Skull Blue Flame - Speed: 2, DPS: 0.8
[2025-11-03T13:41:44.528Z] 💾 Saved progress to turtle_db/items/weapons/2h-swords.json
[2025-11-03T13:41:46.529Z] 🔍 Enhancing item 13708: Monster - Sword2H, Horde Massive Blue (178/189)
[2025-11-03T13:41:50.534Z] ✅ Enhanced Monster - Sword2H, Horde Massive Blue - Speed: 2, DPS: 0.8
[2025-11-03T13:41:50.535Z] 💾 Saved progress to turtle_db/items/weapons/2h-swords.json
[2025-11-03T13:41:52.536Z] 🔍 Enhancing item 13817: Tapered Greatsword (179/189)
[2025-11-03T13:42:16.023Z] ✅ Enhanced Tapered Greatsword - Speed: 2.9, DPS: 26.9
[2025-11-03T13:42:16.024Z] 💾 Saved progress to turtle_db/items/weapons/2h-swords.json
[2025-11-03T13:42:18.025Z] 🔍 Enhancing item 21794: Monster - Sword2H, Ahn'Qiraj (180/189)
[2025-11-03T13:42:22.108Z] ✅ Enhanced Monster - Sword2H, Ahn'Qiraj - Speed: 2.6, DPS: 1
[2025-11-03T13:42:22.110Z] 💾 Saved progress to turtle_db/items/weapons/2h-swords.json
[2025-11-03T13:42:24.111Z] 🔍 Enhancing item 22596: Monster - Sword2H, Horde A02 (181/189)
[2025-11-03T13:42:28.196Z] ⚠️ Could not enhance Monster - Sword2H, Horde A02 - no speed/DPS data found
[2025-11-03T13:42:30.197Z] 🔍 Enhancing item 22709: Monster - Sword2H, Corrupted Ashbringer (182/189)
[2025-11-03T13:42:34.291Z] ✅ Enhanced Monster - Sword2H, Corrupted Ashbringer - Speed: 2, DPS: 0.8
[2025-11-03T13:42:34.293Z] 💾 Saved progress to turtle_db/items/weapons/2h-swords.json
[2025-11-03T13:42:36.294Z] 🔍 Enhancing item 23328: Monster - Sword2H, Instructor Razuvious (183/189)
[2025-11-03T13:42:40.381Z] ✅ Enhanced Monster - Sword2H, Instructor Razuvious - Speed: 2, DPS: 0.8
[2025-11-03T13:42:40.383Z] 💾 Saved progress to turtle_db/items/weapons/2h-swords.json
[2025-11-03T13:42:42.384Z] 🔍 Enhancing item 23556: Worn Thalassian Sword (184/189)
[2025-11-03T13:42:46.479Z] ✅ Enhanced Worn Thalassian Sword - Speed: 2.9, DPS: 1.4
[2025-11-03T13:42:46.481Z] 💾 Saved progress to turtle_db/items/weapons/2h-swords.json
[2025-11-03T13:42:48.482Z] 🔍 Enhancing item 36015: kazgrim test dk sword (185/189)
[2025-11-03T13:42:52.556Z] ⚠️ Could not enhance kazgrim test dk sword - no speed/DPS data found
[2025-11-03T13:42:54.557Z] 🔍 Enhancing item 61242: Monster - Sword2H, Blackwald Sword (186/189)
[2025-11-03T13:42:58.645Z] ✅ Enhanced Monster - Sword2H, Blackwald Sword - Speed: 2, DPS: 0.8
[2025-11-03T13:42:58.646Z] 💾 Saved progress to turtle_db/items/weapons/2h-swords.json
[2025-11-03T13:43:00.646Z] 🔍 Enhancing item 80206: Rusted Bastard Sword (187/189)
[2025-11-03T13:43:04.823Z] ✅ Enhanced Rusted Bastard Sword - Speed: 3.5, DPS: 3
[2025-11-03T13:43:04.824Z] 💾 Saved progress to turtle_db/items/weapons/2h-swords.json
[2025-11-03T13:43:06.825Z] 🔍 Enhancing item 6174: Twain Random Sword (188/189)
[2025-11-03T13:43:10.998Z] ✅ Enhanced Twain Random Sword - Speed: 0.5, DPS: 150
[2025-11-03T13:43:10.999Z] 💾 Saved progress to turtle_db/items/weapons/2h-swords.json
[2025-11-03T13:43:13.001Z] 🔍 Enhancing item 7170: Twain Random Sword FOO (189/189)
[2025-11-03T13:43:17.063Z] ✅ Enhanced Twain Random Sword FOO - Speed: 0.5, DPS: 150
[2025-11-03T13:43:17.064Z] 💾 Saved progress to turtle_db/items/weapons/2h-swords.json
[2025-11-03T13:43:19.065Z] 📊 Enhancement complete for turtle_db/items/weapons/2h-swords.json
[2025-11-03T13:43:19.066Z]    Enhanced: 187 items
[2025-11-03T13:43:19.066Z]    Skipped: 0 items
[2025-11-03T13:43:19.066Z] 📂 Processing weapon file: turtle_db/items/weapons/bows.json
[2025-11-03T13:43:19.067Z] 📊 Found 143 items in turtle_db/items/weapons/bows.json
[2025-11-03T13:43:19.067Z] 🔍 Enhancing item 2824: Hurricane (1/143)
[2025-11-03T13:43:23.171Z] ✅ Enhanced Hurricane - Speed: 1.6, DPS: 30.3
[2025-11-03T13:43:23.171Z] 💾 Saved progress to turtle_db/items/weapons/bows.json
[2025-11-03T13:43:25.173Z] 🔍 Enhancing item 2825: Bow of Searing Arrows (2/143)
[2025-11-03T13:43:29.064Z] ✅ Enhanced Bow of Searing Arrows - Speed: 2.7, DPS: 25
[2025-11-03T13:43:29.065Z] 💾 Saved progress to turtle_db/items/weapons/bows.json
[2025-11-03T13:43:31.067Z] 🔍 Enhancing item 3021: Ranger Bow (3/143)
[2025-11-03T13:43:35.190Z] ✅ Enhanced Ranger Bow - Speed: 2.7, DPS: 12.6
[2025-11-03T13:43:35.191Z] 💾 Saved progress to turtle_db/items/weapons/bows.json
[2025-11-03T13:43:37.193Z] 🔍 Enhancing item 6696: Nightstalker Bow (4/143)
[2025-11-03T13:43:41.070Z] ✅ Enhanced Nightstalker Bow - Speed: 1.7, DPS: 16.2
[2025-11-03T13:43:41.071Z] 💾 Saved progress to turtle_db/items/weapons/bows.json
[2025-11-03T13:43:43.071Z] 🔍 Enhancing item 9426: Monolithic Bow (5/143)
[2025-11-03T13:43:47.163Z] ✅ Enhanced Monolithic Bow - Speed: 2.7, DPS: 21.9
[2025-11-03T13:43:47.163Z] 💾 Saved progress to turtle_db/items/weapons/bows.json
[2025-11-03T13:43:49.165Z] 🔍 Enhancing item 10567: Quillshooter (6/143)
[2025-11-03T13:43:53.074Z] ✅ Enhanced Quillshooter - Speed: 2.8, DPS: 15.9
[2025-11-03T13:43:53.075Z] 💾 Saved progress to turtle_db/items/weapons/bows.json
[2025-11-03T13:43:55.077Z] 🔍 Enhancing item 11628: Houndmaster's Bow (7/143)
[2025-11-03T13:43:59.190Z] ✅ Enhanced Houndmaster's Bow - Speed: 1.8, DPS: 27.2
[2025-11-03T13:43:59.191Z] 💾 Saved progress to turtle_db/items/weapons/bows.json
[2025-11-03T13:44:01.193Z] 🔍 Enhancing item 12653: Riphook (8/143)
[2025-11-03T13:44:05.081Z] ✅ Enhanced Riphook - Speed: 2.2, DPS: 30.2
[2025-11-03T13:44:05.083Z] 💾 Saved progress to turtle_db/items/weapons/bows.json
[2025-11-03T13:44:07.085Z] 🔍 Enhancing item 13019: Harpyclaw Short Bow (9/143)
[2025-11-03T13:44:10.987Z] ✅ Enhanced Harpyclaw Short Bow - Speed: 1.8, DPS: 16.1
[2025-11-03T13:44:10.988Z] 💾 Saved progress to turtle_db/items/weapons/bows.json
[2025-11-03T13:44:12.988Z] 🔍 Enhancing item 13021: Needle Threader (10/143)
[2025-11-03T13:44:17.085Z] ✅ Enhanced Needle Threader - Speed: 2, DPS: 24.5
[2025-11-03T13:44:17.086Z] 💾 Saved progress to turtle_db/items/weapons/bows.json
[2025-11-03T13:44:19.088Z] 🔍 Enhancing item 13022: Gryphonwing Long Bow (11/143)
[2025-11-03T13:44:23.208Z] ✅ Enhanced Gryphonwing Long Bow - Speed: 2.7, DPS: 28.3
[2025-11-03T13:44:23.208Z] 💾 Saved progress to turtle_db/items/weapons/bows.json
[2025-11-03T13:44:25.211Z] 🔍 Enhancing item 13023: Eaglehorn Long Bow (12/143)
[2025-11-03T13:44:29.091Z] ✅ Enhanced Eaglehorn Long Bow - Speed: 1.8, DPS: 32.2
[2025-11-03T13:44:29.092Z] 💾 Saved progress to turtle_db/items/weapons/bows.json
[2025-11-03T13:44:31.095Z] 🔍 Enhancing item 16996: Gorewood Bow (13/143)
[2025-11-03T13:44:35.210Z] ✅ Enhanced Gorewood Bow - Speed: 2.5, DPS: 31.8
[2025-11-03T13:44:35.211Z] 💾 Saved progress to turtle_db/items/weapons/bows.json
[2025-11-03T13:44:37.213Z] 🔍 Enhancing item 17069: Striker's Mark (14/143)
[2025-11-03T13:44:41.097Z] ✅ Enhanced Striker's Mark - Speed: 2.5, DPS: 39.6
[2025-11-03T13:44:41.098Z] 💾 Saved progress to turtle_db/items/weapons/bows.json
[2025-11-03T13:44:43.101Z] 🔍 Enhancing item 18680: Ancient Bone Bow (15/143)
[2025-11-03T13:44:47.195Z] ✅ Enhanced Ancient Bone Bow - Speed: 2.8, DPS: 31.3
[2025-11-03T13:44:47.196Z] 💾 Saved progress to turtle_db/items/weapons/bows.json
[2025-11-03T13:44:49.198Z] 🔍 Enhancing item 18713: Rhok'delar, Longbow of the Ancient Keepers (16/143)
[2025-11-03T13:44:53.099Z] ✅ Enhanced Rhok'delar, Longbow of the Ancient Keepers - Speed: 2.9, DPS: 44
[2025-11-03T13:44:53.100Z] 💾 Saved progress to turtle_db/items/weapons/bows.json
[2025-11-03T13:44:55.102Z] 🔍 Enhancing item 18833: Grand Marshal's Bullseye (17/143)
[2025-11-03T13:44:59.101Z] ✅ Enhanced Grand Marshal's Bullseye - Speed: 1.8, DPS: 50.8
[2025-11-03T13:44:59.102Z] 💾 Saved progress to turtle_db/items/weapons/bows.json
[2025-11-03T13:45:01.104Z] 🔍 Enhancing item 18835: High Warlord's Recurve (18/143)
[2025-11-03T13:45:05.221Z] ✅ Enhanced High Warlord's Recurve - Speed: 1.8, DPS: 50.8
[2025-11-03T13:45:05.222Z] 💾 Saved progress to turtle_db/items/weapons/bows.json
[2025-11-03T13:45:07.224Z] 🔍 Enhancing item 19350: Heartstriker (19/143)
[2025-11-03T13:45:11.318Z] ✅ Enhanced Heartstriker - Speed: 2.6, DPS: 44
[2025-11-03T13:45:11.319Z] 💾 Saved progress to turtle_db/items/weapons/bows.json
[2025-11-03T13:45:13.321Z] 🔍 Enhancing item 19558: Outrider's Bow (20/143)
[2025-11-03T13:45:17.409Z] ✅ Enhanced Outrider's Bow - Speed: 2.4, DPS: 36.7
[2025-11-03T13:45:17.410Z] 💾 Saved progress to turtle_db/items/weapons/bows.json
[2025-11-03T13:45:19.412Z] 🔍 Enhancing item 19559: Outrider's Bow (21/143)
[2025-11-03T13:45:23.494Z] ✅ Enhanced Outrider's Bow - Speed: 2.4, DPS: 27.5
[2025-11-03T13:45:23.494Z] 💾 Saved progress to turtle_db/items/weapons/bows.json
[2025-11-03T13:45:25.495Z] 🔍 Enhancing item 19560: Outrider's Bow (22/143)
[2025-11-03T13:45:29.587Z] ✅ Enhanced Outrider's Bow - Speed: 2.4, DPS: 22.7
[2025-11-03T13:45:29.587Z] 💾 Saved progress to turtle_db/items/weapons/bows.json
[2025-11-03T13:45:31.589Z] 🔍 Enhancing item 19561: Outrider's Bow (23/143)
[2025-11-03T13:45:35.669Z] ✅ Enhanced Outrider's Bow - Speed: 2.4, DPS: 16.7
[2025-11-03T13:45:35.670Z] 💾 Saved progress to turtle_db/items/weapons/bows.json
[2025-11-03T13:45:37.671Z] 🔍 Enhancing item 19562: Outrunner's Bow (24/143)
[2025-11-03T13:45:41.756Z] ✅ Enhanced Outrunner's Bow - Speed: 2.4, DPS: 36.7
[2025-11-03T13:45:41.757Z] 💾 Saved progress to turtle_db/items/weapons/bows.json
[2025-11-03T13:45:43.757Z] 🔍 Enhancing item 19563: Outrunner's Bow (25/143)
[2025-11-03T13:45:47.848Z] ✅ Enhanced Outrunner's Bow - Speed: 2.4, DPS: 27.5
[2025-11-03T13:45:47.850Z] 💾 Saved progress to turtle_db/items/weapons/bows.json
[2025-11-03T13:45:49.850Z] 🔍 Enhancing item 19564: Outrunner's Bow (26/143)
[2025-11-03T13:45:53.935Z] ✅ Enhanced Outrunner's Bow - Speed: 2.4, DPS: 22.7
[2025-11-03T13:45:53.936Z] 💾 Saved progress to turtle_db/items/weapons/bows.json
[2025-11-03T13:45:55.937Z] 🔍 Enhancing item 19565: Outrunner's Bow (27/143)
[2025-11-03T13:46:00.034Z] ✅ Enhanced Outrunner's Bow - Speed: 2.4, DPS: 16.7
[2025-11-03T13:46:00.035Z] 💾 Saved progress to turtle_db/items/weapons/bows.json
[2025-11-03T13:46:02.036Z] 🔍 Enhancing item 19993: Hoodoo Hunting Bow (28/143)
[2025-11-03T13:46:06.127Z] ✅ Enhanced Hoodoo Hunting Bow - Speed: 2.8, DPS: 35
[2025-11-03T13:46:06.128Z] 💾 Saved progress to turtle_db/items/weapons/bows.json
[2025-11-03T13:46:08.128Z] 🔍 Enhancing item 20038: Mandokir's Sting (29/143)
[2025-11-03T13:46:12.216Z] ✅ Enhanced Mandokir's Sting - Speed: 2.6, DPS: 37.5
[2025-11-03T13:46:12.218Z] 💾 Saved progress to turtle_db/items/weapons/bows.json
[2025-11-03T13:46:14.219Z] 🔍 Enhancing item 20368: Bland Bow of Steadiness (30/143)
[2025-11-03T13:46:18.130Z] ✅ Enhanced Bland Bow of Steadiness - Speed: 1.5, DPS: 30.7
[2025-11-03T13:46:18.130Z] 💾 Saved progress to turtle_db/items/weapons/bows.json
[2025-11-03T13:46:20.131Z] 🔍 Enhancing item 20437: Outrider's Bow (31/143)
[2025-11-03T13:46:24.221Z] ✅ Enhanced Outrider's Bow - Speed: 2.4, DPS: 11.7
[2025-11-03T13:46:24.222Z] 💾 Saved progress to turtle_db/items/weapons/bows.json
[2025-11-03T13:46:26.223Z] 🔍 Enhancing item 20438: Outrunner's Bow (32/143)
[2025-11-03T13:46:30.138Z] ✅ Enhanced Outrunner's Bow - Speed: 2.4, DPS: 11.7
[2025-11-03T13:46:30.139Z] 💾 Saved progress to turtle_db/items/weapons/bows.json
[2025-11-03T13:46:32.141Z] 🔍 Enhancing item 20488: Rhok'delar, Longbow of the Ancient Keepers DEP (33/143)
[2025-11-03T13:46:36.228Z] ✅ Enhanced Rhok'delar, Longbow of the Ancient Keepers DEP - Speed: 2.9, DPS: 44
[2025-11-03T13:46:36.230Z] 💾 Saved progress to turtle_db/items/weapons/bows.json
[2025-11-03T13:46:38.231Z] 🔍 Enhancing item 20663: Deep Strike Bow (34/143)
[2025-11-03T13:46:41.925Z] ✅ Enhanced Deep Strike Bow - Speed: 2.7, DPS: 30.7
[2025-11-03T13:46:41.926Z] 💾 Saved progress to turtle_db/items/weapons/bows.json
[2025-11-03T13:46:43.927Z] 🔍 Enhancing item 21478: Bow of Taut Sinew (35/143)
[2025-11-03T13:46:48.010Z] ✅ Enhanced Bow of Taut Sinew - Speed: 2.2, DPS: 38.6
[2025-11-03T13:46:48.011Z] 💾 Saved progress to turtle_db/items/weapons/bows.json
[2025-11-03T13:46:50.012Z] 🔍 Enhancing item 21616: Huhuran's Stinger (36/143)
[2025-11-03T13:46:54.100Z] ✅ Enhanced Huhuran's Stinger - Speed: 2.7, DPS: 46.3
[2025-11-03T13:46:54.102Z] 💾 Saved progress to turtle_db/items/weapons/bows.json
[2025-11-03T13:46:56.103Z] 🔍 Enhancing item 22318: Malgen's Long Bow (37/143)
[2025-11-03T13:47:00.182Z] ✅ Enhanced Malgen's Long Bow - Speed: 2.9, DPS: 31.2
[2025-11-03T13:47:00.183Z] 💾 Saved progress to turtle_db/items/weapons/bows.json
[2025-11-03T13:47:02.185Z] 🔍 Enhancing item 22811: Soulstring (38/143)
[2025-11-03T13:47:06.145Z] ✅ Enhanced Soulstring - Speed: 2.9, DPS: 54.1
[2025-11-03T13:47:06.145Z] 💾 Saved progress to turtle_db/items/weapons/bows.json
[2025-11-03T13:47:08.146Z] 🔍 Enhancing item 41725: Dragonmaw Battle Bow (39/143)
[2025-11-03T13:47:12.232Z] ✅ Enhanced Dragonmaw Battle Bow - Speed: 2.4, DPS: 16.7
[2025-11-03T13:47:12.233Z] 💾 Saved progress to turtle_db/items/weapons/bows.json
[2025-11-03T13:47:14.233Z] 🔍 Enhancing item 55346: Rain of Spiders (40/143)
[2025-11-03T13:47:18.149Z] ✅ Enhanced Rain of Spiders - Speed: 3.1, DPS: 64.4
[2025-11-03T13:47:18.150Z] 💾 Saved progress to turtle_db/items/weapons/bows.json
[2025-11-03T13:47:20.152Z] 🔍 Enhancing item 58193: Demon Hair Bow (41/143)
[2025-11-03T13:47:24.240Z] ✅ Enhanced Demon Hair Bow - Speed: 3.1, DPS: 21.3
[2025-11-03T13:47:24.241Z] 💾 Saved progress to turtle_db/items/weapons/bows.json
[2025-11-03T13:47:26.242Z] 🔍 Enhancing item 60440: Bloodscalp Longbow (42/143)
[2025-11-03T13:47:30.152Z] ✅ Enhanced Bloodscalp Longbow - Speed: 3, DPS: 27.3
[2025-11-03T13:47:30.152Z] 💾 Saved progress to turtle_db/items/weapons/bows.json
[2025-11-03T13:47:32.153Z] 🔍 Enhancing item 60882: Magram Windstriker (43/143)
[2025-11-03T13:47:36.245Z] ✅ Enhanced Magram Windstriker - Speed: 2.9, DPS: 30.2
[2025-11-03T13:47:36.246Z] 💾 Saved progress to turtle_db/items/weapons/bows.json
[2025-11-03T13:47:38.248Z] 🔍 Enhancing item 60953: Brackenwall Longbow (44/143)
[2025-11-03T13:47:42.159Z] ✅ Enhanced Brackenwall Longbow - Speed: 2.9, DPS: 24
[2025-11-03T13:47:42.160Z] 💾 Saved progress to turtle_db/items/weapons/bows.json
[2025-11-03T13:47:44.161Z] 🔍 Enhancing item 61525: Nature's Call (45/143)
[2025-11-03T13:47:48.245Z] ✅ Enhanced Nature's Call - Speed: 3, DPS: 49
[2025-11-03T13:47:48.246Z] 💾 Saved progress to turtle_db/items/weapons/bows.json
[2025-11-03T13:47:50.247Z] 🔍 Enhancing item 80223: Farstrider Lodge Protector's Bow (46/143)
[2025-11-03T13:47:53.950Z] ✅ Enhanced Farstrider Lodge Protector's Bow - Speed: 2.4, DPS: 11.7
[2025-11-03T13:47:53.951Z] 💾 Saved progress to turtle_db/items/weapons/bows.json
[2025-11-03T13:47:55.953Z] 🔍 Enhancing item 80546: Quel'dorei Ranger's Longbow (47/143)
[2025-11-03T13:48:00.041Z] ✅ Enhanced Quel'dorei Ranger's Longbow - Speed: 2.9, DPS: 33.3
[2025-11-03T13:48:00.043Z] 💾 Saved progress to turtle_db/items/weapons/bows.json
[2025-11-03T13:48:02.045Z] 🔍 Enhancing item 80646: Revantusk Shadow Hunter's Longbow (48/143)
[2025-11-03T13:48:06.157Z] ✅ Enhanced Revantusk Shadow Hunter's Longbow - Speed: 2.9, DPS: 33.3
[2025-11-03T13:48:06.159Z] 💾 Saved progress to turtle_db/items/weapons/bows.json
[2025-11-03T13:48:08.161Z] 🔍 Enhancing item 80825: Flamestring Bow (49/143)
[2025-11-03T13:48:12.244Z] ✅ Enhanced Flamestring Bow - Speed: 2.6, DPS: 26.3
[2025-11-03T13:48:12.246Z] 💾 Saved progress to turtle_db/items/weapons/bows.json
[2025-11-03T13:48:14.246Z] 🔍 Enhancing item 83225: Bow of the Grove (50/143)
[2025-11-03T13:48:18.170Z] ✅ Enhanced Bow of the Grove - Speed: 2.6, DPS: 21.3
[2025-11-03T13:48:18.170Z] 💾 Saved progress to turtle_db/items/weapons/bows.json
[2025-11-03T13:48:20.173Z] 🔍 Enhancing item 2903: Daryl's Hunting Bow (51/143)
[2025-11-03T13:48:24.253Z] ✅ Enhanced Daryl's Hunting Bow - Speed: 2.3, DPS: 5.9
[2025-11-03T13:48:24.253Z] 💾 Saved progress to turtle_db/items/weapons/bows.json
[2025-11-03T13:48:26.256Z] 🔍 Enhancing item 3036: Heavy Shortbow (52/143)
[2025-11-03T13:48:30.176Z] ✅ Enhanced Heavy Shortbow - Speed: 2.5, DPS: 6
[2025-11-03T13:48:30.178Z] 💾 Saved progress to turtle_db/items/weapons/bows.json
[2025-11-03T13:48:32.180Z] 🔍 Enhancing item 3039: Short Ash Bow (53/143)
[2025-11-03T13:48:36.288Z] ✅ Enhanced Short Ash Bow - Speed: 1.9, DPS: 9.2
[2025-11-03T13:48:36.289Z] 💾 Saved progress to turtle_db/items/weapons/bows.json
[2025-11-03T13:48:38.292Z] 🔍 Enhancing item 3078: Naga Heartpiercer (54/143)
[2025-11-03T13:48:42.180Z] ✅ Enhanced Naga Heartpiercer - Speed: 1.8, DPS: 10.6
[2025-11-03T13:48:42.180Z] 💾 Saved progress to turtle_db/items/weapons/bows.json
[2025-11-03T13:48:44.182Z] 🔍 Enhancing item 3493: Raptor's End (55/143)
[2025-11-03T13:48:48.268Z] ✅ Enhanced Raptor's End - Speed: 2.9, DPS: 12.1
[2025-11-03T13:48:48.268Z] 💾 Saved progress to turtle_db/items/weapons/bows.json
[2025-11-03T13:48:50.271Z] 🔍 Enhancing item 3742: Bow of Plunder (56/143)
[2025-11-03T13:48:54.187Z] ✅ Enhanced Bow of Plunder - Speed: 2.6, DPS: 11.3
[2025-11-03T13:48:54.187Z] 💾 Saved progress to turtle_db/items/weapons/bows.json
[2025-11-03T13:48:56.190Z] 🔍 Enhancing item 4110: Master Hunter's Bow (57/143)
[2025-11-03T13:49:00.431Z] ✅ Enhanced Master Hunter's Bow - Speed: 2.4, DPS: 20.8
[2025-11-03T13:49:00.431Z] 💾 Saved progress to turtle_db/items/weapons/bows.json
[2025-11-03T13:49:02.434Z] 🔍 Enhancing item 4474: Ravenwood Bow (58/143)
[2025-11-03T13:49:06.659Z] ✅ Enhanced Ravenwood Bow - Speed: 1.9, DPS: 12.9
[2025-11-03T13:49:06.660Z] 💾 Saved progress to turtle_db/items/weapons/bows.json
[2025-11-03T13:49:08.662Z] 🔍 Enhancing item 4576: Light Bow (59/143)
[2025-11-03T13:49:12.763Z] ✅ Enhanced Light Bow - Speed: 1.7, DPS: 7.9
[2025-11-03T13:49:12.764Z] 💾 Saved progress to turtle_db/items/weapons/bows.json
[2025-11-03T13:49:14.766Z] 🔍 Enhancing item 4763: Blackwood Recurve Bow (60/143)
[2025-11-03T13:49:18.851Z] ✅ Enhanced Blackwood Recurve Bow - Speed: 2.7, DPS: 3.9
[2025-11-03T13:49:18.851Z] 💾 Saved progress to turtle_db/items/weapons/bows.json
[2025-11-03T13:49:20.854Z] 🔍 Enhancing item 5346: Orcish Battle Bow (61/143)
[2025-11-03T13:49:24.942Z] ✅ Enhanced Orcish Battle Bow - Speed: 1.9, DPS: 5.5
[2025-11-03T13:49:24.943Z] 💾 Saved progress to turtle_db/items/weapons/bows.json
[2025-11-03T13:49:26.945Z] 🔍 Enhancing item 5748: Centaur Longbow (62/143)
[2025-11-03T13:49:31.032Z] ✅ Enhanced Centaur Longbow - Speed: 2.2, DPS: 6.1
[2025-11-03T13:49:31.033Z] 💾 Saved progress to turtle_db/items/weapons/bows.json
[2025-11-03T13:49:33.035Z] 🔍 Enhancing item 5817: Lunaris Bow (63/143)
[2025-11-03T13:49:37.115Z] ✅ Enhanced Lunaris Bow - Speed: 2.7, DPS: 12.2
[2025-11-03T13:49:37.116Z] 💾 Saved progress to turtle_db/items/weapons/bows.json
[2025-11-03T13:49:39.118Z] 🔍 Enhancing item 6469: Venomstrike (64/143)
[2025-11-03T13:49:43.207Z] ✅ Enhanced Venomstrike - Speed: 2.4, DPS: 9.6
[2025-11-03T13:49:43.208Z] 💾 Saved progress to turtle_db/items/weapons/bows.json
[2025-11-03T13:49:45.209Z] 🔍 Enhancing item 6739: Cliffrunner's Aim (65/143)
[2025-11-03T13:49:49.306Z] ✅ Enhanced Cliffrunner's Aim - Speed: 2.3, DPS: 12
[2025-11-03T13:49:49.307Z] 💾 Saved progress to turtle_db/items/weapons/bows.json
[2025-11-03T13:49:51.309Z] 🔍 Enhancing item 8180: Hunting Bow (66/143)
[2025-11-03T13:49:55.414Z] ✅ Enhanced Hunting Bow - Speed: 2.6, DPS: 4.6
[2025-11-03T13:49:55.415Z] 💾 Saved progress to turtle_db/items/weapons/bows.json
[2025-11-03T13:49:57.417Z] 🔍 Enhancing item 8183: Precision Bow (67/143)
[2025-11-03T13:50:01.519Z] ✅ Enhanced Precision Bow - Speed: 2.6, DPS: 11
[2025-11-03T13:50:01.520Z] 💾 Saved progress to turtle_db/items/weapons/bows.json
[2025-11-03T13:50:03.522Z] 🔍 Enhancing item 10624: Stinging Bow (68/143)
[2025-11-03T13:50:07.593Z] ✅ Enhanced Stinging Bow - Speed: 2.1, DPS: 24.5
[2025-11-03T13:50:07.594Z] 💾 Saved progress to turtle_db/items/weapons/bows.json
[2025-11-03T13:50:09.596Z] 🔍 Enhancing item 11303: Fine Shortbow (69/143)
[2025-11-03T13:50:13.668Z] ✅ Enhanced Fine Shortbow - Speed: 1.7, DPS: 6.2
[2025-11-03T13:50:13.669Z] 💾 Saved progress to turtle_db/items/weapons/bows.json
[2025-11-03T13:50:15.669Z] 🔍 Enhancing item 11304: Fine Longbow (70/143)
[2025-11-03T13:50:19.757Z] ✅ Enhanced Fine Longbow - Speed: 2.7, DPS: 7.4
[2025-11-03T13:50:19.758Z] 💾 Saved progress to turtle_db/items/weapons/bows.json
[2025-11-03T13:50:21.760Z] 🔍 Enhancing item 11305: Dense Shortbow (71/143)
[2025-11-03T13:50:25.992Z] ✅ Enhanced Dense Shortbow - Speed: 1.9, DPS: 14.2
[2025-11-03T13:50:25.993Z] 💾 Saved progress to turtle_db/items/weapons/bows.json
[2025-11-03T13:50:27.994Z] 🔍 Enhancing item 11307: Massive Longbow (72/143)
[2025-11-03T13:50:32.069Z] ✅ Enhanced Massive Longbow - Speed: 2.8, DPS: 22
[2025-11-03T13:50:32.071Z] 💾 Saved progress to turtle_db/items/weapons/bows.json
[2025-11-03T13:50:34.072Z] 🔍 Enhancing item 13020: Skystriker Bow (73/143)
[2025-11-03T13:50:38.227Z] ✅ Enhanced Skystriker Bow - Speed: 2.1, DPS: 20.7
[2025-11-03T13:50:38.227Z] 💾 Saved progress to turtle_db/items/weapons/bows.json
[2025-11-03T13:50:40.229Z] 🔍 Enhancing item 15284: Long Battle Bow (74/143)
[2025-11-03T13:50:44.246Z] ✅ Enhanced Long Battle Bow - Speed: 2.2, DPS: 11.8
[2025-11-03T13:50:44.247Z] 💾 Saved progress to turtle_db/items/weapons/bows.json
[2025-11-03T13:50:46.248Z] 🔍 Enhancing item 15285: Archer's Longbow (75/143)
[2025-11-03T13:50:50.250Z] ✅ Enhanced Archer's Longbow - Speed: 2.6, DPS: 12.9
[2025-11-03T13:50:50.251Z] 💾 Saved progress to turtle_db/items/weapons/bows.json
[2025-11-03T13:50:52.252Z] 🔍 Enhancing item 15286: Long Redwood Bow (76/143)
[2025-11-03T13:50:56.255Z] ✅ Enhanced Long Redwood Bow - Speed: 2.8, DPS: 14.3
[2025-11-03T13:50:56.256Z] 💾 Saved progress to turtle_db/items/weapons/bows.json
[2025-11-03T13:50:58.258Z] 🔍 Enhancing item 15287: Crusader Bow (77/143)
[2025-11-03T13:51:14.744Z] ✅ Enhanced Crusader Bow - Speed: 2.2, DPS: 20.9
[2025-11-03T13:51:14.745Z] 💾 Saved progress to turtle_db/items/weapons/bows.json
[2025-11-03T13:51:16.745Z] 🔍 Enhancing item 15288: Blasthorn Bow (78/143)
[2025-11-03T13:51:20.839Z] ✅ Enhanced Blasthorn Bow - Speed: 2.6, DPS: 28.3
[2025-11-03T13:51:20.840Z] 💾 Saved progress to turtle_db/items/weapons/bows.json
[2025-11-03T13:51:22.842Z] 🔍 Enhancing item 15289: Archstrike Bow (79/143)
[2025-11-03T13:51:26.928Z] ✅ Enhanced Archstrike Bow - Speed: 2.3, DPS: 30.2
[2025-11-03T13:51:26.929Z] 💾 Saved progress to turtle_db/items/weapons/bows.json
[2025-11-03T13:51:28.931Z] 🔍 Enhancing item 15291: Harpy Needler (80/143)
[2025-11-03T13:51:33.028Z] ✅ Enhanced Harpy Needler - Speed: 2.7, DPS: 23.7
[2025-11-03T13:51:33.029Z] 💾 Saved progress to turtle_db/items/weapons/bows.json
[2025-11-03T13:51:35.031Z] 🔍 Enhancing item 15295: Quillfire Bow (81/143)
[2025-11-03T13:51:39.126Z] ✅ Enhanced Quillfire Bow - Speed: 2.3, DPS: 25.7
[2025-11-03T13:51:39.127Z] 💾 Saved progress to turtle_db/items/weapons/bows.json
[2025-11-03T13:51:41.129Z] 🔍 Enhancing item 15296: Hawkeye Bow (82/143)
[2025-11-03T13:51:56.418Z] ✅ Enhanced Hawkeye Bow - Speed: 1.7, DPS: 29.4
[2025-11-03T13:51:56.419Z] 💾 Saved progress to turtle_db/items/weapons/bows.json
[2025-11-03T13:51:58.421Z] 🔍 Enhancing item 17686: Master Hunter's Bow (83/143)
[2025-11-03T13:52:02.283Z] ✅ Enhanced Master Hunter's Bow - Speed: 2.4, DPS: 19.4
[2025-11-03T13:52:02.284Z] 💾 Saved progress to turtle_db/items/weapons/bows.json
[2025-11-03T13:52:04.284Z] 🔍 Enhancing item 17753: Verdant Keeper's Aim (84/143)
[2025-11-03T13:52:08.289Z] ✅ Enhanced Verdant Keeper's Aim - Speed: 2.8, DPS: 27.3
[2025-11-03T13:52:08.289Z] 💾 Saved progress to turtle_db/items/weapons/bows.json
[2025-11-03T13:52:10.291Z] 🔍 Enhancing item 18323: Satyr's Bow (85/143)
[2025-11-03T13:52:14.293Z] ✅ Enhanced Satyr's Bow - Speed: 2.4, DPS: 29.8
[2025-11-03T13:52:14.294Z] 💾 Saved progress to turtle_db/items/weapons/bows.json
[2025-11-03T13:52:16.296Z] 🔍 Enhancing item 18482: Ogre Toothpick Shooter (86/143)
[2025-11-03T13:52:20.301Z] ✅ Enhanced Ogre Toothpick Shooter - Speed: 2.2, DPS: 28
[2025-11-03T13:52:20.302Z] 💾 Saved progress to turtle_db/items/weapons/bows.json
[2025-11-03T13:52:22.304Z] 🔍 Enhancing item 18729: Screeching Bow (87/143)
[2025-11-03T13:52:26.130Z] ✅ Enhanced Screeching Bow - Speed: 2.3, DPS: 30.7
[2025-11-03T13:52:26.131Z] 💾 Saved progress to turtle_db/items/weapons/bows.json
[2025-11-03T13:52:28.133Z] 🔍 Enhancing item 19114: Highland Bow (88/143)
[2025-11-03T13:52:32.214Z] ✅ Enhanced Highland Bow - Speed: 2.5, DPS: 23.6
[2025-11-03T13:52:32.215Z] 💾 Saved progress to turtle_db/items/weapons/bows.json
[2025-11-03T13:52:34.217Z] 🔍 Enhancing item 20299: 90 Green Rogue Bow (89/143)
[2025-11-03T13:52:38.153Z] ✅ Enhanced 90 Green Rogue Bow - Speed: 2.5, DPS: 46.4
[2025-11-03T13:52:38.154Z] 💾 Saved progress to turtle_db/items/weapons/bows.json
[2025-11-03T13:52:40.156Z] 🔍 Enhancing item 20313: 63 Green Rogue Bow (90/143)
[2025-11-03T13:52:44.251Z] ✅ Enhanced 63 Green Rogue Bow - Speed: 2.5, DPS: 29.4
[2025-11-03T13:52:44.252Z] 💾 Saved progress to turtle_db/items/weapons/bows.json
[2025-11-03T13:52:46.253Z] 🔍 Enhancing item 20646: Sandstrider's Mark (91/143)
[2025-11-03T13:52:50.328Z] ✅ Enhanced Sandstrider's Mark - Speed: 2.3, DPS: 27.4
[2025-11-03T13:52:50.329Z] 💾 Saved progress to turtle_db/items/weapons/bows.json
[2025-11-03T13:52:52.331Z] 🔍 Enhancing item 41190: Bow of Alah'Thalas (92/143)
[2025-11-03T13:52:56.331Z] ✅ Enhanced Bow of Alah'Thalas - Speed: 2.5, DPS: 5.4
[2025-11-03T13:52:56.332Z] 💾 Saved progress to turtle_db/items/weapons/bows.json
[2025-11-03T13:52:58.334Z] 🔍 Enhancing item 51768: Bow of Quel'Danil (93/143)
[2025-11-03T13:53:02.032Z] ✅ Enhanced Bow of Quel'Danil - Speed: 2.1, DPS: 21.7
[2025-11-03T13:53:02.033Z] 💾 Saved progress to turtle_db/items/weapons/bows.json
[2025-11-03T13:53:04.035Z] 🔍 Enhancing item 58016: Ashwood Bow (94/143)
[2025-11-03T13:53:08.123Z] ✅ Enhanced Ashwood Bow - Speed: 2.3, DPS: 17.2
[2025-11-03T13:53:08.124Z] 💾 Saved progress to turtle_db/items/weapons/bows.json
[2025-11-03T13:53:10.125Z] 🔍 Enhancing item 60309: 'Jadewood' Longbow (95/143)
[2025-11-03T13:53:14.213Z] ✅ Enhanced 'Jadewood' Longbow - Speed: 1.9, DPS: 17.9
[2025-11-03T13:53:14.214Z] 💾 Saved progress to turtle_db/items/weapons/bows.json
[2025-11-03T13:53:16.216Z] 🔍 Enhancing item 60339: High Elven Rotten Bow (96/143)
[2025-11-03T13:53:20.295Z] ✅ Enhanced High Elven Rotten Bow - Speed: 2.3, DPS: 5.9
[2025-11-03T13:53:20.296Z] 💾 Saved progress to turtle_db/items/weapons/bows.json
[2025-11-03T13:53:22.298Z] 🔍 Enhancing item 61165: Bow of the Night Huntress (97/143)
[2025-11-03T13:53:26.353Z] ✅ Enhanced Bow of the Night Huntress - Speed: 2.2, DPS: 14.3
[2025-11-03T13:53:26.353Z] 💾 Saved progress to turtle_db/items/weapons/bows.json
[2025-11-03T13:53:28.356Z] 🔍 Enhancing item 61569: Time Frozen Bow (98/143)
[2025-11-03T13:53:32.358Z] ✅ Enhanced Time Frozen Bow - Speed: 3.5, DPS: 32.7
[2025-11-03T13:53:32.359Z] 💾 Saved progress to turtle_db/items/weapons/bows.json
[2025-11-03T13:53:34.361Z] 🔍 Enhancing item 80820: Quilflinger (99/143)
[2025-11-03T13:53:38.363Z] ✅ Enhanced Quilflinger - Speed: 2.1, DPS: 5.5
[2025-11-03T13:53:38.364Z] 💾 Saved progress to turtle_db/items/weapons/bows.json
[2025-11-03T13:53:40.366Z] 🔍 Enhancing item 83452: Windbreaker (100/143)
[2025-11-03T13:53:44.369Z] ✅ Enhanced Windbreaker - Speed: 2.3, DPS: 35
[2025-11-03T13:53:44.370Z] 💾 Saved progress to turtle_db/items/weapons/bows.json
[2025-11-03T13:53:46.372Z] 🔍 Enhancing item 2504: Worn Shortbow (101/143)
[2025-11-03T13:53:50.375Z] ✅ Enhanced Worn Shortbow - Speed: 2.3, DPS: 1.5
[2025-11-03T13:53:50.377Z] 💾 Saved progress to turtle_db/items/weapons/bows.json
[2025-11-03T13:53:52.379Z] 🔍 Enhancing item 2505: Polished Shortbow (102/143)
[2025-11-03T13:53:56.381Z] ✅ Enhanced Polished Shortbow - Speed: 2, DPS: 1.8
[2025-11-03T13:53:56.382Z] 💾 Saved progress to turtle_db/items/weapons/bows.json
[2025-11-03T13:53:58.384Z] 🔍 Enhancing item 2506: Hornwood Recurve Bow (103/143)
[2025-11-03T13:54:02.385Z] ✅ Enhanced Hornwood Recurve Bow - Speed: 2.1, DPS: 2.4
[2025-11-03T13:54:02.386Z] 💾 Saved progress to turtle_db/items/weapons/bows.json
[2025-11-03T13:54:04.388Z] 🔍 Enhancing item 2507: Laminated Recurve Bow (104/143)
[2025-11-03T13:54:08.391Z] ✅ Enhanced Laminated Recurve Bow - Speed: 2.6, DPS: 5.8
[2025-11-03T13:54:08.392Z] 💾 Saved progress to turtle_db/items/weapons/bows.json
[2025-11-03T13:54:10.394Z] 🔍 Enhancing item 2550: Monster - Bow, Short (105/143)
[2025-11-03T13:54:14.168Z] ✅ Enhanced Monster - Bow, Short - Speed: 2, DPS: 0.8
[2025-11-03T13:54:14.170Z] 💾 Saved progress to turtle_db/items/weapons/bows.json
[2025-11-03T13:54:16.172Z] 🔍 Enhancing item 2773: Cracked Shortbow (106/143)
[2025-11-03T13:54:24.180Z] ✅ Enhanced Cracked Shortbow - Speed: 2.3, DPS: 2
[2025-11-03T13:54:24.181Z] 💾 Saved progress to turtle_db/items/weapons/bows.json
[2025-11-03T13:54:26.183Z] 🔍 Enhancing item 2777: Feeble Shortbow (107/143)
[2025-11-03T13:54:34.112Z] ✅ Enhanced Feeble Shortbow - Speed: 1.8, DPS: 3.3
[2025-11-03T13:54:34.113Z] 💾 Saved progress to turtle_db/items/weapons/bows.json
[2025-11-03T13:54:36.116Z] 🔍 Enhancing item 2780: Light Hunting Bow (108/143)
[2025-11-03T13:54:45.890Z] ✅ Enhanced Light Hunting Bow - Speed: 1.7, DPS: 4.4
[2025-11-03T13:54:45.890Z] 💾 Saved progress to turtle_db/items/weapons/bows.json
[2025-11-03T13:54:47.893Z] 🔍 Enhancing item 2782: Mishandled Recurve Bow (109/143)
[2025-11-03T13:54:52.017Z] ✅ Enhanced Mishandled Recurve Bow - Speed: 2.4, DPS: 5.6
[2025-11-03T13:54:52.017Z] 💾 Saved progress to turtle_db/items/weapons/bows.json
[2025-11-03T13:54:54.018Z] 🔍 Enhancing item 2785: Stiff Recurve Bow (110/143)
[2025-11-03T13:54:58.122Z] ✅ Enhanced Stiff Recurve Bow - Speed: 2.8, DPS: 6.8
[2025-11-03T13:54:58.123Z] 💾 Saved progress to turtle_db/items/weapons/bows.json
[2025-11-03T13:55:00.125Z] 🔍 Enhancing item 3026: Reinforced Bow (111/143)
[2025-11-03T13:55:04.203Z] ✅ Enhanced Reinforced Bow - Speed: 2.2, DPS: 7.5
[2025-11-03T13:55:04.204Z] 💾 Saved progress to turtle_db/items/weapons/bows.json
[2025-11-03T13:55:06.205Z] 🔍 Enhancing item 3027: Heavy Recurve Bow (112/143)
[2025-11-03T13:55:10.286Z] ✅ Enhanced Heavy Recurve Bow - Speed: 2.4, DPS: 9.2
[2025-11-03T13:55:10.287Z] 💾 Saved progress to turtle_db/items/weapons/bows.json
[2025-11-03T13:55:12.289Z] 🔍 Enhancing item 3028: Longbow (113/143)
[2025-11-03T13:55:16.377Z] ✅ Enhanced Longbow - Speed: 2.3, DPS: 13
[2025-11-03T13:55:16.378Z] 💾 Saved progress to turtle_db/items/weapons/bows.json
[2025-11-03T13:55:18.378Z] 🔍 Enhancing item 3037: Whipwood Recurve Bow (114/143)
[2025-11-03T13:55:22.528Z] ✅ Enhanced Whipwood Recurve Bow - Speed: 1.8, DPS: 13.6
[2025-11-03T13:55:22.528Z] 💾 Saved progress to turtle_db/items/weapons/bows.json
[2025-11-03T13:55:24.529Z] 🔍 Enhancing item 3778: Taut Compound Bow (115/143)
[2025-11-03T13:55:28.677Z] ✅ Enhanced Taut Compound Bow - Speed: 2.5, DPS: 7.6
[2025-11-03T13:55:28.678Z] 💾 Saved progress to turtle_db/items/weapons/bows.json
[2025-11-03T13:55:30.680Z] 🔍 Enhancing item 4025: Balanced Long Bow (116/143)
[2025-11-03T13:55:34.452Z] ✅ Enhanced Balanced Long Bow - Speed: 1.8, DPS: 12.2
[2025-11-03T13:55:34.453Z] 💾 Saved progress to turtle_db/items/weapons/bows.json
[2025-11-03T13:55:36.455Z] 🔍 Enhancing item 4087: Trueshot Bow (117/143)
[2025-11-03T13:55:52.346Z] ✅ Enhanced Trueshot Bow - Speed: 1.9, DPS: 18.2
[2025-11-03T13:55:52.346Z] 💾 Saved progress to turtle_db/items/weapons/bows.json
[2025-11-03T13:55:54.349Z] 🔍 Enhancing item 4931: Hickory Shortbow (118/143)
[2025-11-03T13:55:58.434Z] ✅ Enhanced Hickory Shortbow - Speed: 2, DPS: 3.8
[2025-11-03T13:55:58.435Z] 💾 Saved progress to turtle_db/items/weapons/bows.json
[2025-11-03T13:56:00.438Z] 🔍 Enhancing item 5258: Monster - Bow, Black (119/143)
[2025-11-03T13:56:04.473Z] ✅ Enhanced Monster - Bow, Black - Speed: 2, DPS: 0.8
[2025-11-03T13:56:04.475Z] 💾 Saved progress to turtle_db/items/weapons/bows.json
[2025-11-03T13:56:06.477Z] 🔍 Enhancing item 5259: Monster - Bow, Red (120/143)
[2025-11-03T13:56:10.639Z] ✅ Enhanced Monster - Bow, Red - Speed: 2, DPS: 0.8
[2025-11-03T13:56:10.640Z] 💾 Saved progress to turtle_db/items/weapons/bows.json
[2025-11-03T13:56:12.641Z] 🔍 Enhancing item 5260: Monster - Bow, Brown (121/143)
[2025-11-03T13:56:16.475Z] ✅ Enhanced Monster - Bow, Brown - Speed: 2, DPS: 0.8
[2025-11-03T13:56:16.475Z] 💾 Saved progress to turtle_db/items/weapons/bows.json
[2025-11-03T13:56:18.476Z] 🔍 Enhancing item 5261: Monster - Bow, Gray (122/143)
[2025-11-03T13:56:22.650Z] ✅ Enhanced Monster - Bow, Gray - Speed: 2, DPS: 0.8
[2025-11-03T13:56:22.651Z] 💾 Saved progress to turtle_db/items/weapons/bows.json
[2025-11-03T13:56:24.653Z] 🔍 Enhancing item 5262: Monster - Bow, Dark Brown (123/143)
[2025-11-03T13:56:28.484Z] ✅ Enhanced Monster - Bow, Dark Brown - Speed: 2, DPS: 0.8
[2025-11-03T13:56:28.485Z] 💾 Saved progress to turtle_db/items/weapons/bows.json
[2025-11-03T13:56:30.488Z] 🔍 Enhancing item 5596: Ashwood Bow (124/143)
[2025-11-03T13:56:34.569Z] ✅ Enhanced Ashwood Bow - Speed: 2.1, DPS: 3.8
[2025-11-03T13:56:34.570Z] 💾 Saved progress to turtle_db/items/weapons/bows.json
[2025-11-03T13:56:36.572Z] 🔍 Enhancing item 8179: Cadet's Bow (125/143)
[2025-11-03T13:56:40.486Z] ✅ Enhanced Cadet's Bow - Speed: 2, DPS: 2.3
[2025-11-03T13:56:40.487Z] 💾 Saved progress to turtle_db/items/weapons/bows.json
[2025-11-03T13:56:42.489Z] 🔍 Enhancing item 9400: Baelog's Shortbow (126/143)
[2025-11-03T13:56:46.560Z] ✅ Enhanced Baelog's Shortbow - Speed: 2.3, DPS: 18.3
[2025-11-03T13:56:46.561Z] 💾 Saved progress to turtle_db/items/weapons/bows.json
[2025-11-03T13:56:48.563Z] 🔍 Enhancing item 11306: Sturdy Recurve (127/143)
[2025-11-03T13:56:52.489Z] ✅ Enhanced Sturdy Recurve - Speed: 2.2, DPS: 13
[2025-11-03T13:56:52.490Z] 💾 Saved progress to turtle_db/items/weapons/bows.json
[2025-11-03T13:56:54.491Z] 🔍 Enhancing item 11308: Sylvan Shortbow (128/143)
[2025-11-03T13:56:58.523Z] ✅ Enhanced Sylvan Shortbow - Speed: 2, DPS: 22.8
[2025-11-03T13:56:58.524Z] 💾 Saved progress to turtle_db/items/weapons/bows.json
[2025-11-03T13:57:00.526Z] 🔍 Enhancing item 12447: Thistlewood Bow (129/143)
[2025-11-03T13:57:04.495Z] ✅ Enhanced Thistlewood Bow - Speed: 2.3, DPS: 2.2
[2025-11-03T13:57:04.496Z] 💾 Saved progress to turtle_db/items/weapons/bows.json
[2025-11-03T13:57:06.498Z] 🔍 Enhancing item 12449: Primitive Bow (130/143)
[2025-11-03T13:57:10.658Z] ✅ Enhanced Primitive Bow - Speed: 2.7, DPS: 2.2
[2025-11-03T13:57:10.659Z] 💾 Saved progress to turtle_db/items/weapons/bows.json
[2025-11-03T13:57:12.661Z] 🔍 Enhancing item 13147: Monster - Bow, White (131/143)
[2025-11-03T13:57:16.501Z] ✅ Enhanced Monster - Bow, White - Speed: 2, DPS: 0.8
[2025-11-03T13:57:16.506Z] 💾 Saved progress to turtle_db/items/weapons/bows.json
[2025-11-03T13:57:18.508Z] 🔍 Enhancing item 13175: Voone's Twitchbow (132/143)
[2025-11-03T13:57:22.579Z] ✅ Enhanced Voone's Twitchbow - Speed: 1.6, DPS: 27.8
[2025-11-03T13:57:22.580Z] 💾 Saved progress to turtle_db/items/weapons/bows.json
[2025-11-03T13:57:24.583Z] 🔍 Enhancing item 13824: Recurve Long Bow (133/143)
[2025-11-03T13:57:55.745Z] ✅ Enhanced Recurve Long Bow - Speed: 2.5, DPS: 15.2
[2025-11-03T13:57:55.746Z] 💾 Saved progress to turtle_db/items/weapons/bows.json
[2025-11-03T13:57:57.747Z] 🔍 Enhancing item 14105: Monster - Bow, C01/B02 White (134/143)
[2025-11-03T13:58:01.876Z] ✅ Enhanced Monster - Bow, C01/B02 White - Speed: 2, DPS: 0.8
[2025-11-03T13:58:01.877Z] 💾 Saved progress to turtle_db/items/weapons/bows.json
[2025-11-03T13:58:03.879Z] 🔍 Enhancing item 14118: Monster - Bow, C02/B02 Black (135/143)
[2025-11-03T13:58:07.977Z] ✅ Enhanced Monster - Bow, C02/B02 Black - Speed: 2, DPS: 0.8
[2025-11-03T13:58:07.978Z] 💾 Saved progress to turtle_db/items/weapons/bows.json
[2025-11-03T13:58:09.980Z] 🔍 Enhancing item 14394: Durability Bow (136/143)
[2025-11-03T13:58:14.054Z] ✅ Enhanced Durability Bow - Speed: 1.8, DPS: 1.1
[2025-11-03T13:58:14.054Z] 💾 Saved progress to turtle_db/items/weapons/bows.json
[2025-11-03T13:58:16.056Z] 🔍 Enhancing item 15294: Siege Bow (137/143)
[2025-11-03T13:58:20.159Z] ✅ Enhanced Siege Bow - Speed: 2.8, DPS: 24.6
[2025-11-03T13:58:20.160Z] 💾 Saved progress to turtle_db/items/weapons/bows.json
[2025-11-03T13:58:22.162Z] 🔍 Enhancing item 16622: Thornflinger (138/143)
[2025-11-03T13:58:26.254Z] ✅ Enhanced Thornflinger - Speed: 2.8, DPS: 26.6
[2025-11-03T13:58:26.255Z] 💾 Saved progress to turtle_db/items/weapons/bows.json
[2025-11-03T13:58:28.255Z] 🔍 Enhancing item 21550: Monster - Bow, Kaldorei (139/143)
[2025-11-03T13:58:32.348Z] ✅ Enhanced Monster - Bow, Kaldorei - Speed: 2, DPS: 0.8
[2025-11-03T13:58:32.349Z] 💾 Saved progress to turtle_db/items/weapons/bows.json
[2025-11-03T13:58:34.349Z] 🔍 Enhancing item 80207: Worn Wooden Bow (140/143)
[2025-11-03T13:58:38.421Z] ✅ Enhanced Worn Wooden Bow - Speed: 2.8, DPS: 2.5
[2025-11-03T13:58:38.422Z] 💾 Saved progress to turtle_db/items/weapons/bows.json
[2025-11-03T13:58:40.424Z] 🔍 Enhancing item 80503: Well-balanced Short Bow (141/143)
[2025-11-03T13:58:44.528Z] ✅ Enhanced Well-balanced Short Bow - Speed: 1.7, DPS: 6.8
[2025-11-03T13:58:44.528Z] 💾 Saved progress to turtle_db/items/weapons/bows.json
[2025-11-03T13:58:46.529Z] 🔍 Enhancing item 80603: Sturdy Short Bow (142/143)
[2025-11-03T13:58:50.607Z] ✅ Enhanced Sturdy Short Bow - Speed: 1.7, DPS: 6.2
[2025-11-03T13:58:50.608Z] 💾 Saved progress to turtle_db/items/weapons/bows.json
[2025-11-03T13:58:52.610Z] 🔍 Enhancing item 80876: Silvermoon Bow (143/143)
[2025-11-03T13:58:56.535Z] ✅ Enhanced Silvermoon Bow - Speed: 2.3, DPS: 1.5
[2025-11-03T13:58:56.536Z] 💾 Saved progress to turtle_db/items/weapons/bows.json
[2025-11-03T13:58:58.538Z] 📊 Enhancement complete for turtle_db/items/weapons/bows.json
[2025-11-03T13:58:58.539Z]    Enhanced: 143 items
[2025-11-03T13:58:58.539Z]    Skipped: 0 items
[2025-11-03T13:58:58.539Z] 📂 Processing weapon file: turtle_db/items/weapons/crossbows.json
[2025-11-03T13:58:58.540Z] 📊 Found 30 items in turtle_db/items/weapons/crossbows.json
[2025-11-03T13:58:58.540Z] 🔍 Enhancing item 2551: Monster - Crossbow (1/30)
[2025-11-03T13:59:02.698Z] ✅ Enhanced Monster - Crossbow - Speed: 2, DPS: 0.8
[2025-11-03T13:59:02.699Z] 💾 Saved progress to turtle_db/items/weapons/crossbows.json
[2025-11-03T13:59:04.701Z] 🔍 Enhancing item 6315: Steelarrow Crossbow (2/30)
[2025-11-03T13:59:08.542Z] ✅ Enhanced Steelarrow Crossbow - Speed: 3.4, DPS: 10.9
[2025-11-03T13:59:08.543Z] 💾 Saved progress to turtle_db/items/weapons/crossbows.json
[2025-11-03T13:59:10.543Z] 🔍 Enhancing item 12651: Blackcrow (3/30)
[2025-11-03T13:59:14.639Z] ✅ Enhanced Blackcrow - Speed: 3.2, DPS: 30.3
[2025-11-03T13:59:14.639Z] 💾 Saved progress to turtle_db/items/weapons/crossbows.json
[2025-11-03T13:59:16.642Z] 🔍 Enhancing item 13037: Crystalpine Stinger (4/30)
[2025-11-03T13:59:20.549Z] ✅ Enhanced Crystalpine Stinger - Speed: 2.8, DPS: 15.9
[2025-11-03T13:59:20.550Z] 💾 Saved progress to turtle_db/items/weapons/crossbows.json
[2025-11-03T13:59:22.552Z] 🔍 Enhancing item 13038: Swiftwind (5/30)
[2025-11-03T13:59:26.653Z] ✅ Enhanced Swiftwind - Speed: 2, DPS: 21.3
[2025-11-03T13:59:26.654Z] 💾 Saved progress to turtle_db/items/weapons/crossbows.json
[2025-11-03T13:59:28.654Z] 🔍 Enhancing item 13039: Skull Splitting Crossbow (6/30)
[2025-11-03T13:59:32.555Z] ✅ Enhanced Skull Splitting Crossbow - Speed: 2.6, DPS: 25.2
[2025-11-03T13:59:32.555Z] 💾 Saved progress to turtle_db/items/weapons/crossbows.json
[2025-11-03T13:59:34.558Z] 🔍 Enhancing item 13040: Heartseeking Crossbow (7/30)
[2025-11-03T13:59:38.661Z] ✅ Enhanced Heartseeking Crossbow - Speed: 3.1, DPS: 28.9
[2025-11-03T13:59:38.662Z] 💾 Saved progress to turtle_db/items/weapons/crossbows.json
[2025-11-03T13:59:40.664Z] 🔍 Enhancing item 15807: Light Crossbow (8/30)
[2025-11-03T13:59:44.563Z] ✅ Enhanced Light Crossbow - Speed: 2.5, DPS: 2.6
[2025-11-03T13:59:44.563Z] 💾 Saved progress to turtle_db/items/weapons/crossbows.json
[2025-11-03T13:59:46.566Z] 🔍 Enhancing item 15808: Fine Light Crossbow (9/30)
[2025-11-03T13:59:50.729Z] ✅ Enhanced Fine Light Crossbow - Speed: 2.7, DPS: 7.4
[2025-11-03T13:59:50.729Z] 💾 Saved progress to turtle_db/items/weapons/crossbows.json
[2025-11-03T13:59:52.729Z] 🔍 Enhancing item 15809: Heavy Crossbow (10/30)
[2025-11-03T13:59:56.819Z] ✅ Enhanced Heavy Crossbow - Speed: 2.8, DPS: 13
[2025-11-03T13:59:56.820Z] 💾 Saved progress to turtle_db/items/weapons/crossbows.json
[2025-11-03T13:59:58.822Z] 🔍 Enhancing item 18388: Stoneshatter (11/30)
[2025-11-03T14:00:02.897Z] ✅ Enhanced Stoneshatter - Speed: 2.9, DPS: 31.7
[2025-11-03T14:00:02.897Z] 💾 Saved progress to turtle_db/items/weapons/crossbows.json
[2025-11-03T14:00:04.899Z] 🔍 Enhancing item 18738: Carapace Spine Crossbow (12/30)
[2025-11-03T14:00:08.986Z] ✅ Enhanced Carapace Spine Crossbow - Speed: 3.3, DPS: 31.2
[2025-11-03T14:00:08.986Z] 💾 Saved progress to turtle_db/items/weapons/crossbows.json
[2025-11-03T14:00:10.988Z] 🔍 Enhancing item 18836: Grand Marshal's Repeater (13/30)
[2025-11-03T14:00:15.153Z] ✅ Enhanced Grand Marshal's Repeater - Speed: 2.9, DPS: 50.9
[2025-11-03T14:00:15.154Z] 💾 Saved progress to turtle_db/items/weapons/crossbows.json
[2025-11-03T14:00:17.156Z] 🔍 Enhancing item 18837: High Warlord's Crossbow (14/30)
[2025-11-03T14:00:21.327Z] ✅ Enhanced High Warlord's Crossbow - Speed: 2.9, DPS: 50.9
[2025-11-03T14:00:21.327Z] 💾 Saved progress to turtle_db/items/weapons/crossbows.json
[2025-11-03T14:00:23.329Z] 🔍 Enhancing item 19107: Bloodseeker (15/30)
[2025-11-03T14:00:27.414Z] ✅ Enhanced Bloodseeker - Speed: 3.3, DPS: 32.3
[2025-11-03T14:00:27.416Z] 💾 Saved progress to turtle_db/items/weapons/crossbows.json
[2025-11-03T14:00:29.418Z] 🔍 Enhancing item 19361: Ashjre'thul, Crossbow of Smiting (16/30)
[2025-11-03T14:00:33.494Z] ✅ Enhanced Ashjre'thul, Crossbow of Smiting - Speed: 3.4, DPS: 45.6
[2025-11-03T14:00:33.495Z] 💾 Saved progress to turtle_db/items/weapons/crossbows.json
[2025-11-03T14:00:35.497Z] 🔍 Enhancing item 20599: Polished Ironwood Crossbow (17/30)
[2025-11-03T14:00:39.293Z] ✅ Enhanced Polished Ironwood Crossbow - Speed: 3.1, DPS: 44.8
[2025-11-03T14:00:39.294Z] 💾 Saved progress to turtle_db/items/weapons/crossbows.json
[2025-11-03T14:00:41.296Z] 🔍 Enhancing item 21459: Crossbow of Imminent Doom (18/30)
[2025-11-03T14:00:45.426Z] ✅ Enhanced Crossbow of Imminent Doom - Speed: 3.1, DPS: 41.6
[2025-11-03T14:00:45.426Z] 💾 Saved progress to turtle_db/items/weapons/crossbows.json
[2025-11-03T14:00:47.429Z] 🔍 Enhancing item 22347: Fahrad's Reloading Repeater (19/30)
[2025-11-03T14:00:51.542Z] ✅ Enhanced Fahrad's Reloading Repeater - Speed: 3.2, DPS: 33.3
[2025-11-03T14:00:51.543Z] 💾 Saved progress to turtle_db/items/weapons/crossbows.json
[2025-11-03T14:00:53.546Z] 🔍 Enhancing item 22812: Nerubian Slavemaker (20/30)
[2025-11-03T14:00:57.238Z] ✅ Enhanced Nerubian Slavemaker - Speed: 3.2, DPS: 57.2
[2025-11-03T14:00:57.238Z] 💾 Saved progress to turtle_db/items/weapons/crossbows.json
[2025-11-03T14:00:59.241Z] 🔍 Enhancing item 51844: Stunning Crossbow (21/30)
[2025-11-03T14:01:03.319Z] ✅ Enhanced Stunning Crossbow - Speed: 3.4, DPS: 16.6
[2025-11-03T14:01:03.319Z] 💾 Saved progress to turtle_db/items/weapons/crossbows.json
[2025-11-03T14:01:05.322Z] 🔍 Enhancing item 55028: Kavdan's Patient Watch (22/30)
[2025-11-03T14:01:09.406Z] ✅ Enhanced Kavdan's Patient Watch - Speed: 3.1, DPS: 37.4
[2025-11-03T14:01:09.406Z] 💾 Saved progress to turtle_db/items/weapons/crossbows.json
[2025-11-03T14:01:11.408Z] 🔍 Enhancing item 55096: Phase-shifting Crossbow (23/30)
[2025-11-03T14:01:15.493Z] ✅ Enhanced Phase-shifting Crossbow - Speed: 2.8, DPS: 56.1
[2025-11-03T14:01:15.493Z] 💾 Saved progress to turtle_db/items/weapons/crossbows.json
[2025-11-03T14:01:17.496Z] 🔍 Enhancing item 60338: Lordaeron Rusty Crossbow (24/30)
[2025-11-03T14:01:21.577Z] ✅ Enhanced Lordaeron Rusty Crossbow - Speed: 3, DPS: 5.8
[2025-11-03T14:01:21.578Z] 💾 Saved progress to turtle_db/items/weapons/crossbows.json
[2025-11-03T14:01:23.580Z] 🔍 Enhancing item 60506: Vigilance (25/30)
[2025-11-03T14:01:27.658Z] ✅ Enhanced Vigilance - Speed: 2.8, DPS: 33.2
[2025-11-03T14:01:27.658Z] 💾 Saved progress to turtle_db/items/weapons/crossbows.json
[2025-11-03T14:01:29.661Z] 🔍 Enhancing item 60821: Theramore Arbalest (26/30)
[2025-11-03T14:01:33.743Z] ✅ Enhanced Theramore Arbalest - Speed: 3.4, DPS: 24
[2025-11-03T14:01:33.743Z] 💾 Saved progress to turtle_db/items/weapons/crossbows.json
[2025-11-03T14:01:35.746Z] 🔍 Enhancing item 61683: Battered Arbalest (27/30)
[2025-11-03T14:01:39.917Z] ✅ Enhanced Battered Arbalest - Speed: 2.2, DPS: 12.3
[2025-11-03T14:01:39.918Z] 💾 Saved progress to turtle_db/items/weapons/crossbows.json
[2025-11-03T14:01:41.920Z] 🔍 Enhancing item 70049: Worn Crossbow (28/30)
[2025-11-03T14:01:46.009Z] ✅ Enhanced Worn Crossbow - Speed: 3, DPS: 1.5
[2025-11-03T14:01:46.010Z] 💾 Saved progress to turtle_db/items/weapons/crossbows.json
[2025-11-03T14:01:48.012Z] 🔍 Enhancing item 80745: Abomination Crossbow (29/30)
[2025-11-03T14:01:52.098Z] ✅ Enhanced Abomination Crossbow - Speed: 3, DPS: 22.3
[2025-11-03T14:01:52.099Z] 💾 Saved progress to turtle_db/items/weapons/crossbows.json
[2025-11-03T14:01:54.099Z] 🔍 Enhancing item 83517: Balanced Light Crossbow (30/30)
[2025-11-03T14:01:58.174Z] ✅ Enhanced Balanced Light Crossbow - Speed: 2.9, DPS: 5.7
[2025-11-03T14:01:58.175Z] 💾 Saved progress to turtle_db/items/weapons/crossbows.json
[2025-11-03T14:02:00.175Z] 📊 Enhancement complete for turtle_db/items/weapons/crossbows.json
[2025-11-03T14:02:00.176Z]    Enhanced: 30 items
[2025-11-03T14:02:00.176Z]    Skipped: 0 items
[2025-11-03T14:02:00.176Z] 📂 Processing weapon file: turtle_db/items/weapons/daggers.json
[2025-11-03T14:02:00.178Z] 📊 Found 311 items in turtle_db/items/weapons/daggers.json
[2025-11-03T14:02:00.178Z] 🔍 Enhancing item 1935: Assassin's Blade (1/311)
[2025-11-03T14:02:04.257Z] ✅ Enhanced Assassin's Blade - Speed: 1.9, DPS: 15.5
[2025-11-03T14:02:04.258Z] 💾 Saved progress to turtle_db/items/weapons/daggers.json
[2025-11-03T14:02:06.260Z] 🔍 Enhancing item 2163: Shadowblade (2/311)
[2025-11-03T14:02:10.364Z] ✅ Enhanced Shadowblade - Speed: 1.4, DPS: 38.9
[2025-11-03T14:02:10.365Z] 💾 Saved progress to turtle_db/items/weapons/daggers.json
[2025-11-03T14:02:12.367Z] 🔍 Enhancing item 2164: Gut Ripper (3/311)
[2025-11-03T14:02:16.508Z] ✅ Enhanced Gut Ripper - Speed: 1.8, DPS: 33.9
[2025-11-03T14:02:16.510Z] 💾 Saved progress to turtle_db/items/weapons/daggers.json
[2025-11-03T14:02:18.512Z] 🔍 Enhancing item 2236: Blackfang (4/311)
[2025-11-03T14:02:22.626Z] ✅ Enhanced Blackfang - Speed: 1.5, DPS: 16.3
[2025-11-03T14:02:22.628Z] 💾 Saved progress to turtle_db/items/weapons/daggers.json
[2025-11-03T14:02:24.630Z] 🔍 Enhancing item 4446: Blackvenom Blade (5/311)
[2025-11-03T14:02:28.705Z] ✅ Enhanced Blackvenom Blade - Speed: 1.8, DPS: 18.9
[2025-11-03T14:02:28.707Z] 💾 Saved progress to turtle_db/items/weapons/daggers.json
[2025-11-03T14:02:30.708Z] 🔍 Enhancing item 6831: Black Menace (6/311)
[2025-11-03T14:02:34.787Z] ✅ Enhanced Black Menace - Speed: 1.5, DPS: 29.7
[2025-11-03T14:02:34.788Z] 💾 Saved progress to turtle_db/items/weapons/daggers.json
[2025-11-03T14:02:36.788Z] 🔍 Enhancing item 6904: Bite of Serra'kis (7/311)
[2025-11-03T14:02:40.702Z] ✅ Enhanced Bite of Serra'kis - Speed: 1.3, DPS: 17.7
[2025-11-03T14:02:40.703Z] 💾 Saved progress to turtle_db/items/weapons/daggers.json
[2025-11-03T14:02:42.706Z] 🔍 Enhancing item 12590: Felstriker (8/311)
[2025-11-03T14:02:46.788Z] ✅ Enhanced Felstriker - Speed: 1.7, DPS: 45.6
[2025-11-03T14:02:46.790Z] 💾 Saved progress to turtle_db/items/weapons/daggers.json
[2025-11-03T14:02:48.790Z] 🔍 Enhancing item 12791: Barman Shanker (9/311)
[2025-11-03T14:02:52.876Z] ✅ Enhanced Barman Shanker - Speed: 2, DPS: 36.5
[2025-11-03T14:02:52.878Z] 💾 Saved progress to turtle_db/items/weapons/daggers.json
[2025-11-03T14:02:54.880Z] 🔍 Enhancing item 14555: Alcor's Sunrazor (10/311)
[2025-11-03T14:02:58.972Z] ✅ Enhanced Alcor's Sunrazor - Speed: 1.3, DPS: 45.4
[2025-11-03T14:02:58.973Z] 💾 Saved progress to turtle_db/items/weapons/daggers.json
[2025-11-03T14:03:00.975Z] 🔍 Enhancing item 17070: Fang of the Mystics (11/311)
[2025-11-03T14:03:04.725Z] ✅ Enhanced Fang of the Mystics - Speed: 1.5, DPS: 41
[2025-11-03T14:03:04.726Z] 💾 Saved progress to turtle_db/items/weapons/daggers.json
[2025-11-03T14:03:06.727Z] 🔍 Enhancing item 17071: Gutgore Ripper (12/311)
[2025-11-03T14:03:10.835Z] ✅ Enhanced Gutgore Ripper - Speed: 1.8, DPS: 50.6
[2025-11-03T14:03:10.837Z] 💾 Saved progress to turtle_db/items/weapons/daggers.json
[2025-11-03T14:03:12.837Z] 🔍 Enhancing item 17142: Shard of the Defiler (13/311)
[2025-11-03T14:03:16.737Z] ✅ Enhanced Shard of the Defiler - Speed: 1.1, DPS: 62.8
[2025-11-03T14:03:16.738Z] 💾 Saved progress to turtle_db/items/weapons/daggers.json
[2025-11-03T14:03:18.740Z] 🔍 Enhancing item 17780: Blade of Eternal Darkness (14/311)
[2025-11-03T14:03:22.591Z] ✅ Enhanced Blade of Eternal Darkness - Speed: 1.5, DPS: 34.3
[2025-11-03T14:03:22.593Z] 💾 Saved progress to turtle_db/items/weapons/daggers.json
[2025-11-03T14:03:24.595Z] 🔍 Enhancing item 18805: Core Hound Tooth (15/311)
[2025-11-03T14:03:28.677Z] ✅ Enhanced Core Hound Tooth - Speed: 1.6, DPS: 52.5
[2025-11-03T14:03:28.677Z] 💾 Saved progress to turtle_db/items/weapons/daggers.json
[2025-11-03T14:03:30.678Z] 🔍 Enhancing item 18816: Perdition's Blade (16/311)
[2025-11-03T14:03:34.753Z] ✅ Enhanced Perdition's Blade - Speed: 1.8, DPS: 58.3
[2025-11-03T14:03:34.754Z] 💾 Saved progress to turtle_db/items/weapons/daggers.json
[2025-11-03T14:03:36.756Z] 🔍 Enhancing item 18838: Grand Marshal's Dirk (17/311)
[2025-11-03T14:03:40.757Z] ✅ Enhanced Grand Marshal's Dirk - Speed: 2, DPS: 65.5
[2025-11-03T14:03:40.758Z] 💾 Saved progress to turtle_db/items/weapons/daggers.json
[2025-11-03T14:03:42.761Z] 🔍 Enhancing item 18840: High Warlord's Razor (18/311)
[2025-11-03T14:03:46.766Z] ✅ Enhanced High Warlord's Razor - Speed: 2, DPS: 65.5
[2025-11-03T14:03:46.767Z] 💾 Saved progress to turtle_db/items/weapons/daggers.json
[2025-11-03T14:03:48.770Z] 🔍 Enhancing item 18878: Sorcerous Dagger (19/311)
[2025-11-03T14:03:52.772Z] ✅ Enhanced Sorcerous Dagger - Speed: 1.4, DPS: 42.1
[2025-11-03T14:03:52.774Z] 💾 Saved progress to turtle_db/items/weapons/daggers.json
[2025-11-03T14:03:54.776Z] 🔍 Enhancing item 19166: Black Amnesty (20/311)
[2025-11-03T14:03:58.501Z] ✅ Enhanced Black Amnesty - Speed: 1.6, DPS: 47.8
[2025-11-03T14:03:58.502Z] 💾 Saved progress to turtle_db/items/weapons/daggers.json
[2025-11-03T14:04:00.504Z] 🔍 Enhancing item 19324: The Lobotomizer (21/311)
[2025-11-03T14:04:04.587Z] ✅ Enhanced The Lobotomizer - Speed: 1.8, DPS: 47.2
[2025-11-03T14:04:04.588Z] 💾 Saved progress to turtle_db/items/weapons/daggers.json
[2025-11-03T14:04:06.591Z] 🔍 Enhancing item 19346: Dragonfang Blade (22/311)
[2025-11-03T14:04:10.669Z] ✅ Enhanced Dragonfang Blade - Speed: 1.8, DPS: 55.3
[2025-11-03T14:04:10.670Z] 💾 Saved progress to turtle_db/items/weapons/daggers.json
[2025-11-03T14:04:12.672Z] 🔍 Enhancing item 19347: Claw of Chromaggus (23/311)
[2025-11-03T14:04:16.747Z] ✅ Enhanced Claw of Chromaggus - Speed: 1.5, DPS: 42.3
[2025-11-03T14:04:16.749Z] 💾 Saved progress to turtle_db/items/weapons/daggers.json
[2025-11-03T14:04:18.751Z] 🔍 Enhancing item 19859: Fang of the Faceless (24/311)
[2025-11-03T14:04:22.757Z] ✅ Enhanced Fang of the Faceless - Speed: 1.9, DPS: 49.7
[2025-11-03T14:04:22.758Z] 💾 Saved progress to turtle_db/items/weapons/daggers.json
[2025-11-03T14:04:24.760Z] 🔍 Enhancing item 19903: Fang of Venoxis (25/311)
[2025-11-03T14:04:28.799Z] ✅ Enhanced Fang of Venoxis - Speed: 1.3, DPS: 41.3
[2025-11-03T14:04:28.801Z] 💾 Saved progress to turtle_db/items/weapons/daggers.json
[2025-11-03T14:04:30.803Z] 🔍 Enhancing item 20070: Sageclaw (26/311)
[2025-11-03T14:04:34.805Z] ✅ Enhanced Sageclaw - Speed: 1.7, DPS: 41.7
[2025-11-03T14:04:34.807Z] 💾 Saved progress to turtle_db/items/weapons/daggers.json
[2025-11-03T14:04:36.810Z] 🔍 Enhancing item 20214: Mindfang (27/311)
[2025-11-03T14:04:40.810Z] ✅ Enhanced Mindfang - Speed: 1.7, DPS: 41.7
[2025-11-03T14:04:40.811Z] 💾 Saved progress to turtle_db/items/weapons/daggers.json
[2025-11-03T14:04:42.813Z] 🔍 Enhancing item 20578: Emerald Dragonfang (28/311)
[2025-11-03T14:04:46.815Z] ✅ Enhanced Emerald Dragonfang - Speed: 1.8, DPS: 57.5
[2025-11-03T14:04:46.817Z] 💾 Saved progress to turtle_db/items/weapons/daggers.json
[2025-11-03T14:04:48.819Z] 🔍 Enhancing item 21126: Death's Sting (29/311)
[2025-11-03T14:04:52.819Z] ✅ Enhanced Death's Sting - Speed: 1.8, DPS: 66.4
[2025-11-03T14:04:52.820Z] 💾 Saved progress to turtle_db/items/weapons/daggers.json
[2025-11-03T14:04:54.822Z] 🔍 Enhancing item 21244: Blessed Qiraji Pugio (30/311)
[2025-11-03T14:04:58.823Z] ✅ Enhanced Blessed Qiraji Pugio - Speed: 1.7, DPS: 60.6
[2025-11-03T14:04:58.825Z] 💾 Saved progress to turtle_db/items/weapons/daggers.json
[2025-11-03T14:05:00.827Z] 🔍 Enhancing item 21404: Dagger of Veiled Shadows (31/311)
[2025-11-03T14:05:04.826Z] ✅ Enhanced Dagger of Veiled Shadows - Speed: 1.8, DPS: 55.3
[2025-11-03T14:05:04.828Z] 💾 Saved progress to turtle_db/items/weapons/daggers.json
[2025-11-03T14:05:06.828Z] 🔍 Enhancing item 21416: Kris of Unspoken Names (32/311)
[2025-11-03T14:05:10.634Z] ✅ Enhanced Kris of Unspoken Names - Speed: 1.5, DPS: 41.7
[2025-11-03T14:05:10.636Z] 💾 Saved progress to turtle_db/items/weapons/daggers.json
[2025-11-03T14:05:12.637Z] 🔍 Enhancing item 21498: Qiraji Sacrificial Dagger (33/311)
[2025-11-03T14:05:16.723Z] ✅ Enhanced Qiraji Sacrificial Dagger - Speed: 1.9, DPS: 48.2
[2025-11-03T14:05:16.724Z] 💾 Saved progress to turtle_db/items/weapons/daggers.json
[2025-11-03T14:05:18.726Z] 🔍 Enhancing item 21522: Shadowsong's Sorrow (34/311)
[2025-11-03T14:05:22.813Z] ✅ Enhanced Shadowsong's Sorrow - Speed: 1.7, DPS: 57.4
[2025-11-03T14:05:22.814Z] 💾 Saved progress to turtle_db/items/weapons/daggers.json
[2025-11-03T14:05:24.816Z] 🔍 Enhancing item 21523: Fang of Korialstrasz (35/311)
[2025-11-03T14:05:28.844Z] ✅ Enhanced Fang of Korialstrasz - Speed: 1.8, DPS: 41.5
[2025-11-03T14:05:28.845Z] 💾 Saved progress to turtle_db/items/weapons/daggers.json
[2025-11-03T14:05:30.847Z] 🔍 Enhancing item 22802: Kingsfall (36/311)
[2025-11-03T14:05:34.852Z] ✅ Enhanced Kingsfall - Speed: 1.8, DPS: 73.1
[2025-11-03T14:05:34.853Z] 💾 Saved progress to turtle_db/items/weapons/daggers.json
[2025-11-03T14:05:36.855Z] 🔍 Enhancing item 22803: Midnight Haze (37/311)
[2025-11-03T14:05:40.859Z] ✅ Enhanced Midnight Haze - Speed: 1.8, DPS: 41.1
[2025-11-03T14:05:40.861Z] 💾 Saved progress to turtle_db/items/weapons/daggers.json
[2025-11-03T14:05:42.863Z] 🔍 Enhancing item 22804: Maexxna's Fang (38/311)
[2025-11-03T14:05:46.549Z] ✅ Enhanced Maexxna's Fang - Speed: 1.9, DPS: 65.3
[2025-11-03T14:05:46.550Z] 💾 Saved progress to turtle_db/items/weapons/daggers.json
[2025-11-03T14:05:48.551Z] 🔍 Enhancing item 23044: Harbinger of Doom (39/311)
[2025-11-03T14:05:52.633Z] ✅ Enhanced Harbinger of Doom - Speed: 1.6, DPS: 59.4
[2025-11-03T14:05:52.635Z] 💾 Saved progress to turtle_db/items/weapons/daggers.json
[2025-11-03T14:05:54.637Z] 🔍 Enhancing item 23451: Grand Marshal's Mageblade (40/311)
[2025-11-03T14:05:58.719Z] ✅ Enhanced Grand Marshal's Mageblade - Speed: 2, DPS: 42.5
[2025-11-03T14:05:58.720Z] 💾 Saved progress to turtle_db/items/weapons/daggers.json
[2025-11-03T14:06:00.723Z] 🔍 Enhancing item 23466: High Warlord's Spellblade (41/311)
[2025-11-03T14:06:04.799Z] ✅ Enhanced High Warlord's Spellblade - Speed: 2, DPS: 42.5
[2025-11-03T14:06:04.800Z] 💾 Saved progress to turtle_db/items/weapons/daggers.json
[2025-11-03T14:06:06.801Z] 🔍 Enhancing item 55075: The Frigid Whisper (42/311)
[2025-11-03T14:06:10.875Z] ✅ Enhanced The Frigid Whisper - Speed: 1.6, DPS: 47.8
[2025-11-03T14:06:10.876Z] 💾 Saved progress to turtle_db/items/weapons/daggers.json
[2025-11-03T14:06:12.878Z] 🔍 Enhancing item 55115: Riftcarver's Implement (43/311)
[2025-11-03T14:06:16.879Z] ✅ Enhanced Riftcarver's Implement - Speed: 2, DPS: 76.3
[2025-11-03T14:06:16.880Z] 💾 Saved progress to turtle_db/items/weapons/daggers.json
[2025-11-03T14:06:18.880Z] 🔍 Enhancing item 58257: Noble's Letter Opener (44/311)
[2025-11-03T14:06:22.883Z] ✅ Enhanced Noble's Letter Opener - Speed: 1.9, DPS: 45.5
[2025-11-03T14:06:22.884Z] 💾 Saved progress to turtle_db/items/weapons/daggers.json
[2025-11-03T14:06:24.886Z] 🔍 Enhancing item 60422: The Ripper (45/311)
[2025-11-03T14:06:28.889Z] ✅ Enhanced The Ripper - Speed: 1.4, DPS: 47.1
[2025-11-03T14:06:28.891Z] 💾 Saved progress to turtle_db/items/weapons/daggers.json
[2025-11-03T14:06:30.893Z] 🔍 Enhancing item 65004: Ornate Bloodstone Dagger (46/311)
[2025-11-03T14:06:34.895Z] ✅ Enhanced Ornate Bloodstone Dagger - Speed: 1.3, DPS: 41.2
[2025-11-03T14:06:34.896Z] 💾 Saved progress to turtle_db/items/weapons/daggers.json
[2025-11-03T14:06:36.897Z] 🔍 Enhancing item 81004: Sandswept Obsidian Dagger (47/311)
[2025-11-03T14:06:40.898Z] ✅ Enhanced Sandswept Obsidian Dagger - Speed: 1.9, DPS: 49.7
[2025-11-03T14:06:40.898Z] 💾 Saved progress to turtle_db/items/weapons/daggers.json
[2025-11-03T14:06:42.901Z] 🔍 Enhancing item 83214: Betrayer (48/311)
[2025-11-03T14:06:46.905Z] ✅ Enhanced Betrayer - Speed: 1.7, DPS: 26.5
[2025-11-03T14:06:46.906Z] 💾 Saved progress to turtle_db/items/weapons/daggers.json
[2025-11-03T14:06:48.906Z] 🔍 Enhancing item 84000: Pulseseeker (49/311)
[2025-11-03T14:06:52.912Z] ✅ Enhanced Pulseseeker - Speed: 1.8, DPS: 65.3
[2025-11-03T14:06:52.914Z] 💾 Saved progress to turtle_db/items/weapons/daggers.json
[2025-11-03T14:06:54.917Z] 🔍 Enhancing item 84500: Lucid Nightmare (50/311)
[2025-11-03T14:06:58.679Z] ✅ Enhanced Lucid Nightmare - Speed: 1.9, DPS: 42.6
[2025-11-03T14:06:58.681Z] 💾 Saved progress to turtle_db/items/weapons/daggers.json
[2025-11-03T14:07:00.681Z] 🔍 Enhancing item 2567: Evocator's Blade (51/311)
[2025-11-03T14:07:04.760Z] ✅ Enhanced Evocator's Blade - Speed: 1.6, DPS: 15.3
[2025-11-03T14:07:04.761Z] 💾 Saved progress to turtle_db/items/weapons/daggers.json
[2025-11-03T14:07:06.762Z] 🔍 Enhancing item 2912: Claw of the Shadowmancer (52/311)
[2025-11-03T14:07:10.863Z] ✅ Enhanced Claw of the Shadowmancer - Speed: 1.9, DPS: 20.5
[2025-11-03T14:07:10.864Z] 💾 Saved progress to turtle_db/items/weapons/daggers.json
[2025-11-03T14:07:12.866Z] 🔍 Enhancing item 2941: Prison Shank (53/311)
[2025-11-03T14:07:16.929Z] ✅ Enhanced Prison Shank - Speed: 1.8, DPS: 16.7
[2025-11-03T14:07:16.930Z] 💾 Saved progress to turtle_db/items/weapons/daggers.json
[2025-11-03T14:07:18.930Z] 🔍 Enhancing item 3413: Doomspike (54/311)
[2025-11-03T14:07:22.935Z] ✅ Enhanced Doomspike - Speed: 1.5, DPS: 16.3
[2025-11-03T14:07:22.937Z] 💾 Saved progress to turtle_db/items/weapons/daggers.json
[2025-11-03T14:07:24.939Z] 🔍 Enhancing item 5616: Gutwrencher (55/311)
[2025-11-03T14:07:28.941Z] ✅ Enhanced Gutwrencher - Speed: 1.6, DPS: 31.6
[2025-11-03T14:07:28.943Z] 💾 Saved progress to turtle_db/items/weapons/daggers.json
[2025-11-03T14:07:30.945Z] 🔍 Enhancing item 6220: Meteor Shard (56/311)
[2025-11-03T14:07:34.945Z] ✅ Enhanced Meteor Shard - Speed: 1.8, DPS: 18.3
[2025-11-03T14:07:34.946Z] 💾 Saved progress to turtle_db/items/weapons/daggers.json
[2025-11-03T14:07:36.946Z] 🔍 Enhancing item 6331: Howling Blade (57/311)
[2025-11-03T14:07:40.950Z] ✅ Enhanced Howling Blade - Speed: 1.4, DPS: 23.9
[2025-11-03T14:07:40.951Z] 💾 Saved progress to turtle_db/items/weapons/daggers.json
[2025-11-03T14:07:42.954Z] 🔍 Enhancing item 6660: Julie's Dagger (58/311)
[2025-11-03T14:07:46.956Z] ✅ Enhanced Julie's Dagger - Speed: 1.3, DPS: 36.5
[2025-11-03T14:07:46.957Z] 💾 Saved progress to turtle_db/items/weapons/daggers.json
[2025-11-03T14:07:48.959Z] 🔍 Enhancing item 7714: Hypnotic Blade (59/311)
[2025-11-03T14:07:52.959Z] ✅ Enhanced Hypnotic Blade - Speed: 1.4, DPS: 26.8
[2025-11-03T14:07:52.961Z] 💾 Saved progress to turtle_db/items/weapons/daggers.json
[2025-11-03T14:07:54.963Z] 🔍 Enhancing item 9467: Gahz'rilla Fang (60/311)
[2025-11-03T14:07:58.968Z] ✅ Enhanced Gahz'rilla Fang - Speed: 1.8, DPS: 30.8
[2025-11-03T14:07:58.970Z] 💾 Saved progress to turtle_db/items/weapons/daggers.json
[2025-11-03T14:08:00.970Z] 🔍 Enhancing item 10750: Lifeforce Dirk (61/311)
[2025-11-03T14:08:04.972Z] ✅ Enhanced Lifeforce Dirk - Speed: 1.6, DPS: 35.9
[2025-11-03T14:08:04.973Z] 💾 Saved progress to turtle_db/items/weapons/daggers.json
[2025-11-03T14:08:06.975Z] 🔍 Enhancing item 10761: Coldrage Dagger (62/311)
[2025-11-03T14:08:10.750Z] ✅ Enhanced Coldrage Dagger - Speed: 1.5, DPS: 29.7
[2025-11-03T14:08:10.751Z] 💾 Saved progress to turtle_db/items/weapons/daggers.json
[2025-11-03T14:08:12.753Z] 🔍 Enhancing item 10828: Dire Nail (63/311)
[2025-11-03T14:08:16.835Z] ✅ Enhanced Dire Nail - Speed: 1.5, DPS: 36.7
[2025-11-03T14:08:16.836Z] 💾 Saved progress to turtle_db/items/weapons/daggers.json
[2025-11-03T14:08:18.838Z] 🔍 Enhancing item 11635: Hookfang Shanker (64/311)
[2025-11-03T14:08:22.924Z] ✅ Enhanced Hookfang Shanker - Speed: 1.4, DPS: 35.7
[2025-11-03T14:08:22.926Z] 💾 Saved progress to turtle_db/items/weapons/daggers.json
[2025-11-03T14:08:24.928Z] 🔍 Enhancing item 11922: Blood-etched Blade (65/311)
[2025-11-03T14:08:28.994Z] ✅ Enhanced Blood-etched Blade - Speed: 1.5, DPS: 37.7
[2025-11-03T14:08:28.995Z] 💾 Saved progress to turtle_db/items/weapons/daggers.json
[2025-11-03T14:08:30.997Z] 🔍 Enhancing item 12582: Keris of Zul'Serak (66/311)
[2025-11-03T14:08:34.998Z] ✅ Enhanced Keris of Zul'Serak - Speed: 1.8, DPS: 39.4
[2025-11-03T14:08:34.999Z] 💾 Saved progress to turtle_db/items/weapons/daggers.json
[2025-11-03T14:08:37.001Z] 🔍 Enhancing item 12709: Finkle's Skinner (67/311)
[2025-11-03T14:08:41.003Z] ✅ Enhanced Finkle's Skinner - Speed: 1.3, DPS: 41.2
[2025-11-03T14:08:41.004Z] 💾 Saved progress to turtle_db/items/weapons/daggers.json
[2025-11-03T14:08:43.006Z] 🔍 Enhancing item 12783: Heartseeker (68/311)
[2025-11-03T14:08:47.011Z] ✅ Enhanced Heartseeker - Speed: 1.7, DPS: 41.5
[2025-11-03T14:08:47.013Z] 💾 Saved progress to turtle_db/items/weapons/daggers.json
[2025-11-03T14:08:49.015Z] 🔍 Enhancing item 13218: Fang of the Crystal Spider (69/311)
[2025-11-03T14:08:53.016Z] ✅ Enhanced Fang of the Crystal Spider - Speed: 1.6, DPS: 40.3
[2025-11-03T14:08:53.018Z] 💾 Saved progress to turtle_db/items/weapons/daggers.json
[2025-11-03T14:08:55.020Z] 🔍 Enhancing item 13360: Gift of the Elven Magi (70/311)
[2025-11-03T14:08:59.020Z] ✅ Enhanced Gift of the Elven Magi - Speed: 1.5, DPS: 41.3
[2025-11-03T14:08:59.021Z] 💾 Saved progress to turtle_db/items/weapons/daggers.json
[2025-11-03T14:09:01.023Z] 🔍 Enhancing item 13368: Bonescraper (71/311)
[2025-11-03T14:09:05.025Z] ✅ Enhanced Bonescraper - Speed: 1.4, DPS: 40.7
[2025-11-03T14:09:05.027Z] 💾 Saved progress to turtle_db/items/weapons/daggers.json
[2025-11-03T14:09:07.028Z] 🔍 Enhancing item 13984: Darrowspike (72/311)
[2025-11-03T14:09:11.031Z] ✅ Enhanced Darrowspike - Speed: 1.5, DPS: 41.3
[2025-11-03T14:09:11.033Z] 💾 Saved progress to turtle_db/items/weapons/daggers.json
[2025-11-03T14:09:13.035Z] 🔍 Enhancing item 14024: Frightalon (73/311)
[2025-11-03T14:09:17.035Z] ✅ Enhanced Frightalon - Speed: 1.4, DPS: 40
[2025-11-03T14:09:17.036Z] 💾 Saved progress to turtle_db/items/weapons/daggers.json
[2025-11-03T14:09:19.038Z] 🔍 Enhancing item 17710: Charstone Dirk (74/311)
[2025-11-03T14:09:22.835Z] ✅ Enhanced Charstone Dirk - Speed: 1.6, DPS: 35.9
[2025-11-03T14:09:22.836Z] 💾 Saved progress to turtle_db/items/weapons/daggers.json
[2025-11-03T14:09:24.837Z] 🔍 Enhancing item 18372: Blade of the New Moon (75/311)
[2025-11-03T14:09:28.914Z] ✅ Enhanced Blade of the New Moon - Speed: 1.4, DPS: 40.7
[2025-11-03T14:09:28.915Z] 💾 Saved progress to turtle_db/items/weapons/daggers.json
[2025-11-03T14:09:30.915Z] 🔍 Enhancing item 18491: Lorespinner (76/311)
[2025-11-03T14:09:34.993Z] ✅ Enhanced Lorespinner - Speed: 1.5, DPS: 37.7
[2025-11-03T14:09:34.994Z] 💾 Saved progress to turtle_db/items/weapons/daggers.json
[2025-11-03T14:09:36.995Z] 🔍 Enhancing item 19099: Glacial Blade (77/311)
[2025-11-03T14:09:41.058Z] ✅ Enhanced Glacial Blade - Speed: 1.8, DPS: 42.5
[2025-11-03T14:09:41.060Z] 💾 Saved progress to turtle_db/items/weapons/daggers.json
[2025-11-03T14:09:43.062Z] 🔍 Enhancing item 19100: Electrified Dagger (78/311)
[2025-11-03T14:09:47.061Z] ✅ Enhanced Electrified Dagger - Speed: 1.8, DPS: 42.5
[2025-11-03T14:09:47.062Z] 💾 Saved progress to turtle_db/items/weapons/daggers.json
[2025-11-03T14:09:49.064Z] 🔍 Enhancing item 20035: Glacial Spike (79/311)
[2025-11-03T14:09:53.071Z] ✅ Enhanced Glacial Spike - Speed: 1.3, DPS: 34.6
[2025-11-03T14:09:53.073Z] 💾 Saved progress to turtle_db/items/weapons/daggers.json
[2025-11-03T14:09:55.076Z] 🔍 Enhancing item 20657: Crystal Tipped Stiletto (80/311)
[2025-11-03T14:09:59.069Z] ✅ Enhanced Crystal Tipped Stiletto - Speed: 1.9, DPS: 39.5
[2025-11-03T14:09:59.070Z] 💾 Saved progress to turtle_db/items/weapons/daggers.json
[2025-11-03T14:10:01.072Z] 🔍 Enhancing item 20720: Dark Whisper Blade (81/311)
[2025-11-03T14:10:05.072Z] ✅ Enhanced Dark Whisper Blade - Speed: 1.4, DPS: 41.5
[2025-11-03T14:10:05.074Z] 💾 Saved progress to turtle_db/items/weapons/daggers.json
[2025-11-03T14:10:07.075Z] 🔍 Enhancing item 22266: Flarethorn (82/311)
[2025-11-03T14:10:11.076Z] ✅ Enhanced Flarethorn - Speed: 1.8, DPS: 37.5
[2025-11-03T14:10:11.077Z] 💾 Saved progress to turtle_db/items/weapons/daggers.json
[2025-11-03T14:10:13.078Z] 🔍 Enhancing item 24071: Bland Dagger (83/311)
[2025-11-03T14:10:17.083Z] ✅ Enhanced Bland Dagger - Speed: 1.8, DPS: 45.6
[2025-11-03T14:10:17.085Z] 💾 Saved progress to turtle_db/items/weapons/daggers.json
[2025-11-03T14:10:19.086Z] 🔍 Enhancing item 55376: Mixologist (84/311)
[2025-11-03T14:10:23.085Z] ✅ Enhanced Mixologist - Speed: 1.8, DPS: 14.4
[2025-11-03T14:10:23.086Z] 💾 Saved progress to turtle_db/items/weapons/daggers.json
[2025-11-03T14:10:25.087Z] 🔍 Enhancing item 58039: Fang of the Broodmother (85/311)
[2025-11-03T14:10:29.090Z] ✅ Enhanced Fang of the Broodmother - Speed: 1.9, DPS: 18.4
[2025-11-03T14:10:29.092Z] 💾 Saved progress to turtle_db/items/weapons/daggers.json
[2025-11-03T14:10:31.093Z] 🔍 Enhancing item 58081: Kinrial's Scalpel (86/311)
[2025-11-03T14:10:34.908Z] ✅ Enhanced Kinrial's Scalpel - Speed: 1.6, DPS: 31.6
[2025-11-03T14:10:34.912Z] 💾 Saved progress to turtle_db/items/weapons/daggers.json
[2025-11-03T14:10:36.914Z] 🔍 Enhancing item 58116: Bloodstained Fangblade (87/311)
[2025-11-03T14:10:41.006Z] ✅ Enhanced Bloodstained Fangblade - Speed: 1.6, DPS: 32.2
[2025-11-03T14:10:41.009Z] 💾 Saved progress to turtle_db/items/weapons/daggers.json
[2025-11-03T14:10:43.010Z] 🔍 Enhancing item 58135: Dagger of Whispered Madness (88/311)
[2025-11-03T14:10:47.082Z] ✅ Enhanced Dagger of Whispered Madness - Speed: 1.5, DPS: 24
[2025-11-03T14:10:47.084Z] 💾 Saved progress to turtle_db/items/weapons/daggers.json
[2025-11-03T14:10:49.086Z] 🔍 Enhancing item 60527: Coldheart Icicle (89/311)
[2025-11-03T14:10:53.100Z] ✅ Enhanced Coldheart Icicle - Speed: 1.9, DPS: 31.6
[2025-11-03T14:10:53.101Z] 💾 Saved progress to turtle_db/items/weapons/daggers.json
[2025-11-03T14:10:55.102Z] 🔍 Enhancing item 60806: Coldheart Icicle (90/311)
[2025-11-03T14:10:59.105Z] ✅ Enhanced Coldheart Icicle - Speed: 1.7, DPS: 41.5
[2025-11-03T14:10:59.107Z] 💾 Saved progress to turtle_db/items/weapons/daggers.json
[2025-11-03T14:11:01.107Z] 🔍 Enhancing item 60820: Ornate Dagger of Jalvan (91/311)
[2025-11-03T14:11:05.112Z] ✅ Enhanced Ornate Dagger of Jalvan - Speed: 1.5, DPS: 30.7
[2025-11-03T14:11:05.114Z] 💾 Saved progress to turtle_db/items/weapons/daggers.json
[2025-11-03T14:11:07.115Z] 🔍 Enhancing item 60884: Ceremonial Magram Dagger (92/311)
[2025-11-03T14:11:11.111Z] ✅ Enhanced Ceremonial Magram Dagger - Speed: 1.9, DPS: 36.3
[2025-11-03T14:11:11.112Z] 💾 Saved progress to turtle_db/items/weapons/daggers.json
[2025-11-03T14:11:13.113Z] 🔍 Enhancing item 61001: Claw of the Infinite (93/311)
[2025-11-03T14:11:17.117Z] ✅ Enhanced Claw of the Infinite - Speed: 1.7, DPS: 45.3
[2025-11-03T14:11:17.119Z] 💾 Saved progress to turtle_db/items/weapons/daggers.json
[2025-11-03T14:11:19.120Z] 🔍 Enhancing item 61022: Dagger of the Currents (94/311)
[2025-11-03T14:11:23.120Z] ✅ Enhanced Dagger of the Currents - Speed: 1.8, DPS: 42.5
[2025-11-03T14:11:23.121Z] 💾 Saved progress to turtle_db/items/weapons/daggers.json
[2025-11-03T14:11:25.122Z] 🔍 Enhancing item 61330: Dagger of Sinister Secrets (95/311)
[2025-11-03T14:11:29.123Z] ✅ Enhanced Dagger of Sinister Secrets - Speed: 1.8, DPS: 32.2
[2025-11-03T14:11:29.124Z] 💾 Saved progress to turtle_db/items/weapons/daggers.json
[2025-11-03T14:11:31.125Z] 🔍 Enhancing item 65005: Bloodletter Razor (96/311)
[2025-11-03T14:11:35.125Z] ✅ Enhanced Bloodletter Razor - Speed: 1.7, DPS: 33.2
[2025-11-03T14:11:35.126Z] 💾 Saved progress to turtle_db/items/weapons/daggers.json
[2025-11-03T14:11:37.128Z] 🔍 Enhancing item 81360: Claw of Taranassz (97/311)
[2025-11-03T14:11:41.131Z] ✅ Enhanced Claw of Taranassz - Speed: 1.5, DPS: 40
[2025-11-03T14:11:41.133Z] 💾 Saved progress to turtle_db/items/weapons/daggers.json
[2025-11-03T14:11:43.135Z] 🔍 Enhancing item 776: Vendetta (98/311)
[2025-11-03T14:11:46.899Z] ✅ Enhanced Vendetta - Speed: 1.3, DPS: 19.2
[2025-11-03T14:11:46.900Z] 💾 Saved progress to turtle_db/items/weapons/daggers.json
[2025-11-03T14:11:48.900Z] 🔍 Enhancing item 4091: Widowmaker (99/311)
[2025-11-03T14:11:53.006Z] ✅ Enhanced Widowmaker - Speed: 1.9, DPS: 31.6
[2025-11-03T14:11:53.011Z] 💾 Saved progress to turtle_db/items/weapons/daggers.json
[2025-11-03T14:11:55.012Z] 🔍 Enhancing item 4454: Talon of Vultros (100/311)
[2025-11-03T14:11:59.108Z] ✅ Enhanced Talon of Vultros - Speed: 2, DPS: 16.8
[2025-11-03T14:11:59.110Z] 💾 Saved progress to turtle_db/items/weapons/daggers.json
[2025-11-03T14:12:01.111Z] 🔍 Enhancing item 5267: Scarlet Kris (101/311)
[2025-11-03T14:12:05.145Z] ✅ Enhanced Scarlet Kris - Speed: 1.5, DPS: 41.3
[2025-11-03T14:12:05.146Z] 💾 Saved progress to turtle_db/items/weapons/daggers.json
[2025-11-03T14:12:07.148Z] 🔍 Enhancing item 5756: Sliverblade (102/311)
[2025-11-03T14:12:11.146Z] ✅ Enhanced Sliverblade - Speed: 1.4, DPS: 25
[2025-11-03T14:12:11.148Z] 💾 Saved progress to turtle_db/items/weapons/daggers.json
[2025-11-03T14:12:13.149Z] 🔍 Enhancing item 6691: Swinetusk Shank (103/311)
[2025-11-03T14:12:17.148Z] ✅ Enhanced Swinetusk Shank - Speed: 1.5, DPS: 23
[2025-11-03T14:12:17.149Z] 💾 Saved progress to turtle_db/items/weapons/daggers.json
[2025-11-03T14:12:19.150Z] 🔍 Enhancing item 7682: Torturing Poker (104/311)
[2025-11-03T14:12:23.151Z] ✅ Enhanced Torturing Poker - Speed: 1.7, DPS: 21.1
[2025-11-03T14:12:23.151Z] 💾 Saved progress to turtle_db/items/weapons/daggers.json
[2025-11-03T14:12:25.153Z] 🔍 Enhancing item 8006: The Ziggler (105/311)
[2025-11-03T14:12:29.158Z] ✅ Enhanced The Ziggler - Speed: 1.7, DPS: 26.5
[2025-11-03T14:12:29.160Z] 💾 Saved progress to turtle_db/items/weapons/daggers.json
[2025-11-03T14:12:31.161Z] 🔍 Enhancing item 9384: Stonevault Shiv (106/311)
[2025-11-03T14:12:35.160Z] ✅ Enhanced Stonevault Shiv - Speed: 1.5, DPS: 24
[2025-11-03T14:12:35.162Z] 💾 Saved progress to turtle_db/items/weapons/daggers.json
[2025-11-03T14:12:37.164Z] 🔍 Enhancing item 9453: Toxic Revenger (107/311)
[2025-11-03T14:12:41.165Z] ✅ Enhanced Toxic Revenger - Speed: 1.9, DPS: 20.5
[2025-11-03T14:12:41.166Z] 💾 Saved progress to turtle_db/items/weapons/daggers.json
[2025-11-03T14:12:43.168Z] 🔍 Enhancing item 10625: Stealthblade (108/311)
[2025-11-03T14:12:47.169Z] ✅ Enhanced Stealthblade - Speed: 1.4, DPS: 32.9
[2025-11-03T14:12:47.170Z] 💾 Saved progress to turtle_db/items/weapons/daggers.json
[2025-11-03T14:12:49.170Z] 🔍 Enhancing item 12531: Searing Needle (109/311)
[2025-11-03T14:12:53.174Z] ✅ Enhanced Searing Needle - Speed: 1.8, DPS: 33.9
[2025-11-03T14:12:53.176Z] 💾 Saved progress to turtle_db/items/weapons/daggers.json
[2025-11-03T14:12:55.178Z] 🔍 Enhancing item 13964: Witchblade (110/311)
[2025-11-03T14:12:59.047Z] ✅ Enhanced Witchblade - Speed: 1.6, DPS: 40.6
[2025-11-03T14:12:59.049Z] 💾 Saved progress to turtle_db/items/weapons/daggers.json
[2025-11-03T14:13:01.051Z] 🔍 Enhancing item 17752: Satyr's Lash (111/311)
[2025-11-03T14:13:05.133Z] ✅ Enhanced Satyr's Lash - Speed: 1.7, DPS: 33.2
[2025-11-03T14:13:05.135Z] 💾 Saved progress to turtle_db/items/weapons/daggers.json
[2025-11-03T14:13:07.137Z] 🔍 Enhancing item 18758: Specter's Blade (112/311)
[2025-11-03T14:13:11.188Z] ✅ Enhanced Specter's Blade - Speed: 1.8, DPS: 40.8
[2025-11-03T14:13:11.189Z] 💾 Saved progress to turtle_db/items/weapons/daggers.json
[2025-11-03T14:13:13.191Z] 🔍 Enhancing item 19542: Scout's Blade (113/311)
[2025-11-03T14:13:17.194Z] ✅ Enhanced Scout's Blade - Speed: 1.7, DPS: 47.9
[2025-11-03T14:13:17.195Z] 💾 Saved progress to turtle_db/items/weapons/daggers.json
[2025-11-03T14:13:19.196Z] 🔍 Enhancing item 19543: Scout's Blade (114/311)
[2025-11-03T14:13:23.199Z] ✅ Enhanced Scout's Blade - Speed: 1.7, DPS: 35
[2025-11-03T14:13:23.201Z] 💾 Saved progress to turtle_db/items/weapons/daggers.json
[2025-11-03T14:13:25.202Z] 🔍 Enhancing item 19544: Scout's Blade (115/311)
[2025-11-03T14:13:29.206Z] ✅ Enhanced Scout's Blade - Speed: 1.7, DPS: 29.1
[2025-11-03T14:13:29.207Z] 💾 Saved progress to turtle_db/items/weapons/daggers.json
[2025-11-03T14:13:31.209Z] 🔍 Enhancing item 19545: Scout's Blade (116/311)
[2025-11-03T14:13:34.838Z] ✅ Enhanced Scout's Blade - Speed: 1.7, DPS: 21.2
[2025-11-03T14:13:34.840Z] 💾 Saved progress to turtle_db/items/weapons/daggers.json
[2025-11-03T14:13:36.842Z] 🔍 Enhancing item 19546: Sentinel's Blade (117/311)
[2025-11-03T14:13:40.932Z] ✅ Enhanced Sentinel's Blade - Speed: 1.7, DPS: 47.9
[2025-11-03T14:13:40.933Z] 💾 Saved progress to turtle_db/items/weapons/daggers.json
[2025-11-03T14:13:42.933Z] 🔍 Enhancing item 19547: Sentinel's Blade (118/311)
[2025-11-03T14:13:47.017Z] ✅ Enhanced Sentinel's Blade - Speed: 1.7, DPS: 35
[2025-11-03T14:13:47.017Z] 💾 Saved progress to turtle_db/items/weapons/daggers.json
[2025-11-03T14:13:49.018Z] 🔍 Enhancing item 19548: Sentinel's Blade (119/311)
[2025-11-03T14:13:53.143Z] ✅ Enhanced Sentinel's Blade - Speed: 1.7, DPS: 29.1
[2025-11-03T14:13:53.145Z] 💾 Saved progress to turtle_db/items/weapons/daggers.json
[2025-11-03T14:13:55.147Z] 🔍 Enhancing item 19549: Sentinel's Blade (120/311)
[2025-11-03T14:13:59.234Z] ✅ Enhanced Sentinel's Blade - Speed: 1.7, DPS: 21.2
[2025-11-03T14:13:59.235Z] 💾 Saved progress to turtle_db/items/weapons/daggers.json
[2025-11-03T14:14:01.238Z] 🔍 Enhancing item 20441: Scout's Blade (121/311)
[2025-11-03T14:14:05.237Z] ✅ Enhanced Scout's Blade - Speed: 1.7, DPS: 15.3
[2025-11-03T14:14:05.238Z] 💾 Saved progress to turtle_db/items/weapons/daggers.json
[2025-11-03T14:14:07.241Z] 🔍 Enhancing item 20443: Sentinel's Blade (122/311)
[2025-11-03T14:14:11.243Z] ✅ Enhanced Sentinel's Blade - Speed: 1.7, DPS: 15.3
[2025-11-03T14:14:11.244Z] 💾 Saved progress to turtle_db/items/weapons/daggers.json
[2025-11-03T14:14:13.246Z] 🔍 Enhancing item 21802: The Lost Kris of Zedd (123/311)
[2025-11-03T14:14:17.247Z] ✅ Enhanced The Lost Kris of Zedd - Speed: 1.5, DPS: 41.5
[2025-11-03T14:14:17.248Z] 💾 Saved progress to turtle_db/items/weapons/daggers.json
[2025-11-03T14:14:19.250Z] 🔍 Enhancing item 22377: The Thunderwood Poker (124/311)
[2025-11-03T14:14:23.253Z] ✅ Enhanced The Thunderwood Poker - Speed: 1.8, DPS: 42.5
[2025-11-03T14:14:23.255Z] 💾 Saved progress to turtle_db/items/weapons/daggers.json
[2025-11-03T14:14:25.257Z] 🔍 Enhancing item 22379: Shivsprocket's Shiv (125/311)
[2025-11-03T14:14:29.256Z] ✅ Enhanced Shivsprocket's Shiv - Speed: 1.5, DPS: 41.4
[2025-11-03T14:14:29.258Z] 💾 Saved progress to turtle_db/items/weapons/daggers.json
[2025-11-03T14:14:31.258Z] 🔍 Enhancing item 22688: Verimonde's Last Resort (126/311)
[2025-11-03T14:14:35.261Z] ✅ Enhanced Verimonde's Last Resort - Speed: 1.4, DPS: 41.4
[2025-11-03T14:14:35.263Z] 💾 Saved progress to turtle_db/items/weapons/daggers.json
[2025-11-03T14:14:37.263Z] 🔍 Enhancing item 23168: Scorn's Focal Dagger (127/311)
[2025-11-03T14:14:41.266Z] ✅ Enhanced Scorn's Focal Dagger - Speed: 1.4, DPS: 22.9
[2025-11-03T14:14:41.267Z] 💾 Saved progress to turtle_db/items/weapons/daggers.json
[2025-11-03T14:14:43.269Z] 🔍 Enhancing item 24222: The Shadowfoot Stabber (128/311)
[2025-11-03T14:14:47.275Z] ✅ Enhanced The Shadowfoot Stabber - Speed: 1.8, DPS: 37.5
[2025-11-03T14:14:47.278Z] 💾 Saved progress to turtle_db/items/weapons/daggers.json
[2025-11-03T14:14:49.278Z] 🔍 Enhancing item 41831: Runebound Dagger (129/311)
[2025-11-03T14:14:53.277Z] ✅ Enhanced Runebound Dagger - Speed: 1.7, DPS: 20
[2025-11-03T14:14:53.278Z] 💾 Saved progress to turtle_db/items/weapons/daggers.json
[2025-11-03T14:14:55.280Z] 🔍 Enhancing item 58172: Thornspine (130/311)
[2025-11-03T14:14:59.285Z] ✅ Enhanced Thornspine - Speed: 1.9, DPS: 28.9
[2025-11-03T14:14:59.287Z] 💾 Saved progress to turtle_db/items/weapons/daggers.json
[2025-11-03T14:15:01.289Z] 🔍 Enhancing item 58286: Stormreaver Fang (131/311)
[2025-11-03T14:15:05.365Z] ✅ Enhanced Stormreaver Fang - Speed: 1.7, DPS: 25.9
[2025-11-03T14:15:05.367Z] 💾 Saved progress to turtle_db/items/weapons/daggers.json
[2025-11-03T14:15:07.369Z] 🔍 Enhancing item 60896: Shadowforge Skinner (132/311)
[2025-11-03T14:15:11.453Z] ✅ Enhanced Shadowforge Skinner - Speed: 1.5, DPS: 28.7
[2025-11-03T14:15:11.454Z] 💾 Saved progress to turtle_db/items/weapons/daggers.json
[2025-11-03T14:15:13.456Z] 🔍 Enhancing item 61063: Rotmaw's Tooth (133/311)
[2025-11-03T14:15:17.535Z] ✅ Enhanced Rotmaw's Tooth - Speed: 1.6, DPS: 43.1
[2025-11-03T14:15:17.536Z] 💾 Saved progress to turtle_db/items/weapons/daggers.json
[2025-11-03T14:15:19.539Z] 🔍 Enhancing item 61255: Tuning Fork of Charged Lightning (134/311)
[2025-11-03T14:15:23.636Z] ✅ Enhanced Tuning Fork of Charged Lightning - Speed: 1.8, DPS: 41.1
[2025-11-03T14:15:23.637Z] 💾 Saved progress to turtle_db/items/weapons/daggers.json
[2025-11-03T14:15:25.640Z] 🔍 Enhancing item 61278: Vampiric Kris (135/311)
[2025-11-03T14:15:29.756Z] ✅ Enhanced Vampiric Kris - Speed: 1.9, DPS: 45.3
[2025-11-03T14:15:29.758Z] 💾 Saved progress to turtle_db/items/weapons/daggers.json
[2025-11-03T14:15:31.760Z] 🔍 Enhancing item 61537: Ripjaw's Tooth (136/311)
[2025-11-03T14:15:35.836Z] ✅ Enhanced Ripjaw's Tooth - Speed: 1.7, DPS: 36.2
[2025-11-03T14:15:35.838Z] 💾 Saved progress to turtle_db/items/weapons/daggers.json
[2025-11-03T14:15:37.840Z] 🔍 Enhancing item 61566: Windchanneler (137/311)
[2025-11-03T14:15:41.937Z] ✅ Enhanced Windchanneler - Speed: 1.8, DPS: 41.4
[2025-11-03T14:15:41.938Z] 💾 Saved progress to turtle_db/items/weapons/daggers.json
[2025-11-03T14:15:43.940Z] 🔍 Enhancing item 61589: Widow's Kiss (138/311)
[2025-11-03T14:15:48.028Z] ✅ Enhanced Widow's Kiss - Speed: 2.1, DPS: 28.8
[2025-11-03T14:15:48.029Z] 💾 Saved progress to turtle_db/items/weapons/daggers.json
[2025-11-03T14:15:50.031Z] 🔍 Enhancing item 80528: Quel'dorei Assassin's Kris (139/311)
[2025-11-03T14:15:54.121Z] ✅ Enhanced Quel'dorei Assassin's Kris - Speed: 1.5, DPS: 42.7
[2025-11-03T14:15:54.122Z] 💾 Saved progress to turtle_db/items/weapons/daggers.json
[2025-11-03T14:15:56.124Z] 🔍 Enhancing item 80529: Quel'dorei Magister's Channeling Blade (140/311)
[2025-11-03T14:16:00.207Z] ✅ Enhanced Quel'dorei Magister's Channeling Blade - Speed: 1.4, DPS: 41.1
[2025-11-03T14:16:00.208Z] 💾 Saved progress to turtle_db/items/weapons/daggers.json
[2025-11-03T14:16:02.210Z] 🔍 Enhancing item 80628: Revantusk Stalker's Kris (141/311)
[2025-11-03T14:16:06.315Z] ✅ Enhanced Revantusk Stalker's Kris - Speed: 1.5, DPS: 42.7
[2025-11-03T14:16:06.316Z] 💾 Saved progress to turtle_db/items/weapons/daggers.json
[2025-11-03T14:16:08.316Z] 🔍 Enhancing item 80629: Revantusk Mystic's Chanting Blade (142/311)
[2025-11-03T14:16:12.588Z] ✅ Enhanced Revantusk Mystic's Chanting Blade - Speed: 1.4, DPS: 41.1
[2025-11-03T14:16:12.589Z] 💾 Saved progress to turtle_db/items/weapons/daggers.json
[2025-11-03T14:16:14.592Z] 🔍 Enhancing item 80649: Vile Sting (143/311)
[2025-11-03T14:16:18.319Z] ✅ Enhanced Vile Sting - Speed: 1.6, DPS: 25
[2025-11-03T14:16:18.320Z] 💾 Saved progress to turtle_db/items/weapons/daggers.json
[2025-11-03T14:16:20.322Z] 🔍 Enhancing item 80775: The Ripper (144/311)
[2025-11-03T14:16:24.420Z] ✅ Enhanced The Ripper - Speed: 1.8, DPS: 41.4
[2025-11-03T14:16:24.421Z] 💾 Saved progress to turtle_db/items/weapons/daggers.json
[2025-11-03T14:16:26.424Z] 🔍 Enhancing item 80861: Spellweaving Dagger (145/311)
[2025-11-03T14:16:30.326Z] ✅ Enhanced Spellweaving Dagger - Speed: 1.7, DPS: 15.3
[2025-11-03T14:16:30.328Z] 💾 Saved progress to turtle_db/items/weapons/daggers.json
[2025-11-03T14:16:32.330Z] 🔍 Enhancing item 83446: Venom's Touch (146/311)
[2025-11-03T14:16:36.418Z] ✅ Enhanced Venom's Touch - Speed: 1.6, DPS: 43.8
[2025-11-03T14:16:36.419Z] 💾 Saved progress to turtle_db/items/weapons/daggers.json
[2025-11-03T14:16:38.421Z] 🔍 Enhancing item 1287: Giant Tarantula Fang (147/311)
[2025-11-03T14:16:42.298Z] ✅ Enhanced Giant Tarantula Fang - Speed: 1.4, DPS: 7.5
[2025-11-03T14:16:42.299Z] 💾 Saved progress to turtle_db/items/weapons/daggers.json
[2025-11-03T14:16:44.302Z] 🔍 Enhancing item 1936: Goblin Screwdriver (148/311)
[2025-11-03T14:16:48.385Z] ✅ Enhanced Goblin Screwdriver - Speed: 1.4, DPS: 8.9
[2025-11-03T14:16:48.386Z] 💾 Saved progress to turtle_db/items/weapons/daggers.json
[2025-11-03T14:16:50.388Z] 🔍 Enhancing item 2020: Hollowfang Blade (149/311)
[2025-11-03T14:16:54.334Z] ✅ Enhanced Hollowfang Blade - Speed: 1.4, DPS: 8.9
[2025-11-03T14:16:54.335Z] 💾 Saved progress to turtle_db/items/weapons/daggers.json
[2025-11-03T14:16:56.337Z] 🔍 Enhancing item 2140: Carving Knife (150/311)
[2025-11-03T14:17:00.441Z] ✅ Enhanced Carving Knife - Speed: 1.6, DPS: 5.9
[2025-11-03T14:17:00.442Z] 💾 Saved progress to turtle_db/items/weapons/daggers.json
[2025-11-03T14:17:02.443Z] 🔍 Enhancing item 2218: Craftsman's Dagger (151/311)
[2025-11-03T14:17:06.338Z] ✅ Enhanced Craftsman's Dagger - Speed: 1.7, DPS: 6.8
[2025-11-03T14:17:06.340Z] 💾 Saved progress to turtle_db/items/weapons/daggers.json
[2025-11-03T14:17:08.342Z] 🔍 Enhancing item 2235: Brackclaw (152/311)
[2025-11-03T14:17:12.426Z] ✅ Enhanced Brackclaw - Speed: 1.4, DPS: 9.6
[2025-11-03T14:17:12.427Z] 💾 Saved progress to turtle_db/items/weapons/daggers.json
[2025-11-03T14:17:14.429Z] 🔍 Enhancing item 2632: Curved Dagger (153/311)
[2025-11-03T14:17:18.093Z] ✅ Enhanced Curved Dagger - Speed: 1.6, DPS: 7.2
[2025-11-03T14:17:18.095Z] 💾 Saved progress to turtle_db/items/weapons/daggers.json
[2025-11-03T14:17:20.097Z] 🔍 Enhancing item 2819: Cross Dagger (154/311)
[2025-11-03T14:17:24.212Z] ✅ Enhanced Cross Dagger - Speed: 1.3, DPS: 14.6
[2025-11-03T14:17:24.213Z] 💾 Saved progress to turtle_db/items/weapons/daggers.json
[2025-11-03T14:17:26.215Z] 🔍 Enhancing item 3184: Hook Dagger (155/311)
[2025-11-03T14:17:30.338Z] ✅ Enhanced Hook Dagger - Speed: 1.5, DPS: 10
[2025-11-03T14:17:30.339Z] 💾 Saved progress to turtle_db/items/weapons/daggers.json
[2025-11-03T14:17:32.341Z] 🔍 Enhancing item 3336: Flesh Piercer (156/311)
[2025-11-03T14:17:36.420Z] ✅ Enhanced Flesh Piercer - Speed: 2, DPS: 15.3
[2025-11-03T14:17:36.421Z] 💾 Saved progress to turtle_db/items/weapons/daggers.json
[2025-11-03T14:17:38.423Z] 🔍 Enhancing item 3490: Deadly Bronze Poniard (157/311)
[2025-11-03T14:17:42.353Z] ✅ Enhanced Deadly Bronze Poniard - Speed: 1.8, DPS: 12.8
[2025-11-03T14:17:42.354Z] 💾 Saved progress to turtle_db/items/weapons/daggers.json
[2025-11-03T14:17:44.356Z] 🔍 Enhancing item 3848: Big Bronze Knife (158/311)
[2025-11-03T14:17:48.452Z] ✅ Enhanced Big Bronze Knife - Speed: 1.9, DPS: 10
[2025-11-03T14:17:48.453Z] 💾 Saved progress to turtle_db/items/weapons/daggers.json
[2025-11-03T14:17:50.455Z] 🔍 Enhancing item 4088: Dreadblade (159/311)
[2025-11-03T14:17:54.361Z] ✅ Enhanced Dreadblade - Speed: 1.5, DPS: 28
[2025-11-03T14:17:54.363Z] 💾 Saved progress to turtle_db/items/weapons/daggers.json
[2025-11-03T14:17:56.365Z] 🔍 Enhancing item 4974: Compact Fighting Knife (160/311)
[2025-11-03T14:18:00.461Z] ✅ Enhanced Compact Fighting Knife - Speed: 1.5, DPS: 6.3
[2025-11-03T14:18:00.462Z] 💾 Saved progress to turtle_db/items/weapons/daggers.json
[2025-11-03T14:18:02.463Z] 🔍 Enhancing item 5279: Harpy Skinner (161/311)
[2025-11-03T14:18:06.365Z] ✅ Enhanced Harpy Skinner - Speed: 1.4, DPS: 9.6
[2025-11-03T14:18:06.366Z] 💾 Saved progress to turtle_db/items/weapons/daggers.json
[2025-11-03T14:18:08.368Z] 🔍 Enhancing item 5742: Gemstone Dagger (162/311)
[2025-11-03T14:18:12.446Z] ✅ Enhanced Gemstone Dagger - Speed: 1.5, DPS: 22.3
[2025-11-03T14:18:12.446Z] 💾 Saved progress to turtle_db/items/weapons/daggers.json
[2025-11-03T14:18:14.449Z] 🔍 Enhancing item 6969: Elunite Dagger (163/311)
[2025-11-03T14:18:18.370Z] ✅ Enhanced Elunite Dagger - Speed: 1.7, DPS: 7.6
[2025-11-03T14:18:18.372Z] 💾 Saved progress to turtle_db/items/weapons/daggers.json
[2025-11-03T14:18:20.374Z] 🔍 Enhancing item 6980: Haggard's Dagger (164/311)
[2025-11-03T14:18:24.555Z] ✅ Enhanced Haggard's Dagger - Speed: 1.7, DPS: 7.6
[2025-11-03T14:18:24.557Z] 💾 Saved progress to turtle_db/items/weapons/daggers.json
[2025-11-03T14:18:26.559Z] 🔍 Enhancing item 7116: Heirloom Dagger (165/311)
[2025-11-03T14:18:30.376Z] ✅ Enhanced Heirloom Dagger - Speed: 1.7, DPS: 7.6
[2025-11-03T14:18:30.379Z] 💾 Saved progress to turtle_db/items/weapons/daggers.json
[2025-11-03T14:18:32.381Z] 🔍 Enhancing item 7298: Blade of Cunning (166/311)
[2025-11-03T14:18:36.357Z] ✅ Enhanced Blade of Cunning - Speed: 2, DPS: 6.8
[2025-11-03T14:18:36.359Z] 💾 Saved progress to turtle_db/items/weapons/daggers.json
[2025-11-03T14:18:38.361Z] 🔍 Enhancing item 7947: Ebon Shiv (167/311)
[2025-11-03T14:18:42.378Z] ✅ Enhanced Ebon Shiv - Speed: 1.5, DPS: 30.3
[2025-11-03T14:18:42.379Z] 💾 Saved progress to turtle_db/items/weapons/daggers.json
[2025-11-03T14:18:44.381Z] 🔍 Enhancing item 10049: Diabolist's Blade (168/311)
[2025-11-03T14:18:48.470Z] ✅ Enhanced Diabolist's Blade - Speed: 1.5, DPS: 12.7
[2025-11-03T14:18:48.471Z] 💾 Saved progress to turtle_db/items/weapons/daggers.json
[2025-11-03T14:18:50.474Z] 🔍 Enhancing item 2266: Stonesplinter Dagger (169/311)
[2025-11-03T14:18:54.389Z] ✅ Enhanced Stonesplinter Dagger - Speed: 1.5, DPS: 7
[2025-11-03T14:18:54.392Z] 💾 Saved progress to turtle_db/items/weapons/daggers.json
[2025-11-03T14:18:56.394Z] 🔍 Enhancing item 2664: Spinner Fang (170/311)
[2025-11-03T14:19:00.481Z] ✅ Enhanced Spinner Fang - Speed: 1.5, DPS: 9
[2025-11-03T14:19:00.483Z] 💾 Saved progress to turtle_db/items/weapons/daggers.json
[2025-11-03T14:19:02.485Z] 🔍 Enhancing item 2908: Thornblade (171/311)
[2025-11-03T14:19:06.392Z] ✅ Enhanced Thornblade - Speed: 1.6, DPS: 10
[2025-11-03T14:19:06.395Z] 💾 Saved progress to turtle_db/items/weapons/daggers.json
[2025-11-03T14:19:08.397Z] 🔍 Enhancing item 3187: Sacrificial Kris (172/311)
[2025-11-03T14:19:12.507Z] ✅ Enhanced Sacrificial Kris - Speed: 1.4, DPS: 25.7
[2025-11-03T14:19:12.507Z] 💾 Saved progress to turtle_db/items/weapons/daggers.json
[2025-11-03T14:19:14.510Z] 🔍 Enhancing item 3222: Wicked Dagger (173/311)
[2025-11-03T14:19:18.396Z] ✅ Enhanced Wicked Dagger - Speed: 1.6, DPS: 9.4
[2025-11-03T14:19:18.397Z] 💾 Saved progress to turtle_db/items/weapons/daggers.json
[2025-11-03T14:19:20.399Z] 🔍 Enhancing item 3225: Bloodstained Knife (174/311)
[2025-11-03T14:19:24.493Z] ✅ Enhanced Bloodstained Knife - Speed: 1.6, DPS: 3.8
[2025-11-03T14:19:24.494Z] 💾 Saved progress to turtle_db/items/weapons/daggers.json
[2025-11-03T14:19:26.497Z] 🔍 Enhancing item 3581: Serrated Knife (175/311)
[2025-11-03T14:19:30.407Z] ✅ Enhanced Serrated Knife - Speed: 1.6, DPS: 9.1
[2025-11-03T14:19:30.409Z] 💾 Saved progress to turtle_db/items/weapons/daggers.json
[2025-11-03T14:19:32.411Z] 🔍 Enhancing item 4449: Naraxis' Fang (176/311)
[2025-11-03T14:19:36.412Z] ✅ Enhanced Naraxis' Fang - Speed: 1.6, DPS: 13.8
[2025-11-03T14:19:36.415Z] 💾 Saved progress to turtle_db/items/weapons/daggers.json
[2025-11-03T14:19:38.417Z] 🔍 Enhancing item 4571: War Knife (177/311)
[2025-11-03T14:19:42.412Z] ✅ Enhanced War Knife - Speed: 1.7, DPS: 8.5
[2025-11-03T14:19:42.413Z] 💾 Saved progress to turtle_db/items/weapons/daggers.json
[2025-11-03T14:19:44.416Z] 🔍 Enhancing item 4947: Jagged Dagger (178/311)
[2025-11-03T14:19:48.414Z] ✅ Enhanced Jagged Dagger - Speed: 1.5, DPS: 6
[2025-11-03T14:19:48.415Z] 💾 Saved progress to turtle_db/items/weapons/daggers.json
[2025-11-03T14:19:50.418Z] 🔍 Enhancing item 5112: Ritual Blade (179/311)
[2025-11-03T14:19:54.207Z] ✅ Enhanced Ritual Blade - Speed: 1.4, DPS: 7.5
[2025-11-03T14:19:54.208Z] 💾 Saved progress to turtle_db/items/weapons/daggers.json
[2025-11-03T14:19:56.210Z] 🔍 Enhancing item 5540: Pearl-handled Dagger (180/311)
[2025-11-03T14:20:00.295Z] ✅ Enhanced Pearl-handled Dagger - Speed: 1.7, DPS: 11.5
[2025-11-03T14:20:00.297Z] 💾 Saved progress to turtle_db/items/weapons/daggers.json
[2025-11-03T14:20:02.299Z] 🔍 Enhancing item 5752: Wyvern Tailspike (181/311)
[2025-11-03T14:20:06.372Z] ✅ Enhanced Wyvern Tailspike - Speed: 1.8, DPS: 13.6
[2025-11-03T14:20:06.374Z] 💾 Saved progress to turtle_db/items/weapons/daggers.json
[2025-11-03T14:20:08.376Z] 🔍 Enhancing item 6333: Spikelash Dagger (182/311)
[2025-11-03T14:20:12.435Z] ✅ Enhanced Spikelash Dagger - Speed: 1.9, DPS: 11.1
[2025-11-03T14:20:12.436Z] 💾 Saved progress to turtle_db/items/weapons/daggers.json
[2025-11-03T14:20:14.438Z] 🔍 Enhancing item 6448: Tail Spike (183/311)
[2025-11-03T14:20:18.441Z] ✅ Enhanced Tail Spike - Speed: 1.8, DPS: 11.1
[2025-11-03T14:20:18.442Z] 💾 Saved progress to turtle_db/items/weapons/daggers.json
[2025-11-03T14:20:20.444Z] 🔍 Enhancing item 6981: Umbral Dagger (184/311)
[2025-11-03T14:20:24.444Z] ✅ Enhanced Umbral Dagger - Speed: 1.7, DPS: 7.6
[2025-11-03T14:20:24.446Z] 💾 Saved progress to turtle_db/items/weapons/daggers.json
[2025-11-03T14:20:26.447Z] 🔍 Enhancing item 7327: Thun'grim's Dagger (185/311)
[2025-11-03T14:20:30.126Z] ✅ Enhanced Thun'grim's Dagger - Speed: 1.7, DPS: 7.6
[2025-11-03T14:20:30.128Z] 💾 Saved progress to turtle_db/items/weapons/daggers.json
[2025-11-03T14:20:32.129Z] 🔍 Enhancing item 9520: Silent Hunter (186/311)
[2025-11-03T14:20:36.217Z] ✅ Enhanced Silent Hunter - Speed: 1.8, DPS: 23.1
[2025-11-03T14:20:36.218Z] 💾 Saved progress to turtle_db/items/weapons/daggers.json
[2025-11-03T14:20:38.219Z] 🔍 Enhancing item 9680: Tok'kar's Murloc Shanker (187/311)
[2025-11-03T14:20:42.310Z] ✅ Enhanced Tok'kar's Murloc Shanker - Speed: 1.6, DPS: 25
[2025-11-03T14:20:42.311Z] 💾 Saved progress to turtle_db/items/weapons/daggers.json
[2025-11-03T14:20:44.312Z] 🔍 Enhancing item 10547: Camping Knife (188/311)
[2025-11-03T14:20:48.456Z] ✅ Enhanced Camping Knife - Speed: 1.4, DPS: 3.2
[2025-11-03T14:20:48.457Z] 💾 Saved progress to turtle_db/items/weapons/daggers.json
[2025-11-03T14:20:50.458Z] 🔍 Enhancing item 12062: Skilled Fighting Blade (189/311)
[2025-11-03T14:20:54.459Z] ✅ Enhanced Skilled Fighting Blade - Speed: 1.4, DPS: 35.7
[2025-11-03T14:20:54.460Z] 💾 Saved progress to turtle_db/items/weapons/daggers.json
[2025-11-03T14:20:56.461Z] 🔍 Enhancing item 12260: Searing Golden Blade (190/311)
[2025-11-03T14:21:01.187Z] ✅ Enhanced Searing Golden Blade - Speed: 1.4, DPS: 21.4
[2025-11-03T14:21:01.188Z] 💾 Saved progress to turtle_db/items/weapons/daggers.json
[2025-11-03T14:21:03.189Z] 🔍 Enhancing item 15244: Razor Blade (191/311)
[2025-11-03T14:21:07.335Z] ✅ Enhanced Razor Blade - Speed: 1.7, DPS: 23.8
[2025-11-03T14:21:07.337Z] 💾 Saved progress to turtle_db/items/weapons/daggers.json
[2025-11-03T14:21:09.338Z] 🔍 Enhancing item 15245: Vorpal Dagger (192/311)
[2025-11-03T14:21:13.465Z] ✅ Enhanced Vorpal Dagger - Speed: 1.6, DPS: 29.7
[2025-11-03T14:21:13.466Z] 💾 Saved progress to turtle_db/items/weapons/daggers.json
[2025-11-03T14:21:15.467Z] 🔍 Enhancing item 15443: Kris of Orgrimmar (193/311)
[2025-11-03T14:21:19.551Z] ✅ Enhanced Kris of Orgrimmar - Speed: 1.5, DPS: 9
[2025-11-03T14:21:19.552Z] 💾 Saved progress to turtle_db/items/weapons/daggers.json
[2025-11-03T14:21:21.553Z] 🔍 Enhancing item 15706: Hunt Tracker Blade (194/311)
[2025-11-03T14:21:25.644Z] ✅ Enhanced Hunt Tracker Blade - Speed: 1.5, DPS: 33.7
[2025-11-03T14:21:25.646Z] 💾 Saved progress to turtle_db/items/weapons/daggers.json
[2025-11-03T14:21:27.647Z] 🔍 Enhancing item 41051: Snitch Shank (195/311)
[2025-11-03T14:21:31.786Z] ✅ Enhanced Snitch Shank - Speed: 1.5, DPS: 6.3
[2025-11-03T14:21:31.787Z] 💾 Saved progress to turtle_db/items/weapons/daggers.json
[2025-11-03T14:21:33.788Z] 🔍 Enhancing item 41109: Arcanist Dagger (196/311)
[2025-11-03T14:21:37.958Z] ✅ Enhanced Arcanist Dagger - Speed: 1.5, DPS: 2
[2025-11-03T14:21:37.960Z] 💾 Saved progress to turtle_db/items/weapons/daggers.json
[2025-11-03T14:21:39.961Z] 🔍 Enhancing item 41971: Trashtalon (197/311)
[2025-11-03T14:21:44.034Z] ✅ Enhanced Trashtalon - Speed: 1.9, DPS: 20.3
[2025-11-03T14:21:44.036Z] 💾 Saved progress to turtle_db/items/weapons/daggers.json
[2025-11-03T14:21:46.037Z] 🔍 Enhancing item 51842: The Dark Knife (198/311)
[2025-11-03T14:21:50.125Z] ✅ Enhanced The Dark Knife - Speed: 1.4, DPS: 22.9
[2025-11-03T14:21:50.126Z] 💾 Saved progress to turtle_db/items/weapons/daggers.json
[2025-11-03T14:21:52.127Z] 🔍 Enhancing item 58001: The Goldtusk (199/311)
[2025-11-03T14:21:56.332Z] ✅ Enhanced The Goldtusk - Speed: 1.7, DPS: 21.5
[2025-11-03T14:21:56.333Z] 💾 Saved progress to turtle_db/items/weapons/daggers.json
[2025-11-03T14:21:58.334Z] 🔍 Enhancing item 58017: Shiv of Nobility (200/311)
[2025-11-03T14:22:02.418Z] ✅ Enhanced Shiv of Nobility - Speed: 1.7, DPS: 19.7
[2025-11-03T14:22:02.420Z] 💾 Saved progress to turtle_db/items/weapons/daggers.json
[2025-11-03T14:22:04.421Z] 🔍 Enhancing item 58169: Remodeled Venture Co. Shiv (201/311)
[2025-11-03T14:22:08.425Z] ✅ Enhanced Remodeled Venture Co. Shiv - Speed: 1.8, DPS: 34.2
[2025-11-03T14:22:08.427Z] 💾 Saved progress to turtle_db/items/weapons/daggers.json
[2025-11-03T14:22:10.428Z] 🔍 Enhancing item 58271: Repurposed Si:7 Dagger (202/311)
[2025-11-03T14:22:14.500Z] ✅ Enhanced Repurposed Si:7 Dagger - Speed: 2, DPS: 16.8
[2025-11-03T14:22:14.502Z] 💾 Saved progress to turtle_db/items/weapons/daggers.json
[2025-11-03T14:22:16.502Z] 🔍 Enhancing item 60307: The 'Slip' Dagger (203/311)
[2025-11-03T14:22:20.504Z] ✅ Enhanced The 'Slip' Dagger - Speed: 1.4, DPS: 23.9
[2025-11-03T14:22:20.505Z] 💾 Saved progress to turtle_db/items/weapons/daggers.json
[2025-11-03T14:22:22.507Z] 🔍 Enhancing item 60828: Jeweled Letter Opener (204/311)
[2025-11-03T14:22:26.506Z] ✅ Enhanced Jeweled Letter Opener - Speed: 1.8, DPS: 13.6
[2025-11-03T14:22:26.508Z] 💾 Saved progress to turtle_db/items/weapons/daggers.json
[2025-11-03T14:22:28.509Z] 🔍 Enhancing item 61163: Kaldorei Side-Blade (205/311)
[2025-11-03T14:22:32.509Z] ✅ Enhanced Kaldorei Side-Blade - Speed: 1.5, DPS: 18
[2025-11-03T14:22:32.510Z] 💾 Saved progress to turtle_db/items/weapons/daggers.json
[2025-11-03T14:22:34.511Z] 🔍 Enhancing item 61371: Pious Blade (206/311)
[2025-11-03T14:22:38.513Z] ✅ Enhanced Pious Blade - Speed: 1.4, DPS: 4.3
[2025-11-03T14:22:38.514Z] 💾 Saved progress to turtle_db/items/weapons/daggers.json
[2025-11-03T14:22:40.515Z] 🔍 Enhancing item 80671: Toxic Ripper (207/311)
[2025-11-03T14:22:44.517Z] ✅ Enhanced Toxic Ripper - Speed: 1.6, DPS: 32.2
[2025-11-03T14:22:44.519Z] 💾 Saved progress to turtle_db/items/weapons/daggers.json
[2025-11-03T14:22:46.520Z] 🔍 Enhancing item 81350: The Longshank (208/311)
[2025-11-03T14:22:50.486Z] ✅ Enhanced The Longshank - Speed: 1.3, DPS: 28.1
[2025-11-03T14:22:50.488Z] 💾 Saved progress to turtle_db/items/weapons/daggers.json
[2025-11-03T14:22:52.489Z] 🔍 Enhancing item 27: Thalassian Dagger (209/311)
[2025-11-03T14:22:56.522Z] ✅ Enhanced Thalassian Dagger - Speed: 1.6, DPS: 0.9
[2025-11-03T14:22:56.523Z] 💾 Saved progress to turtle_db/items/weapons/daggers.json
[2025-11-03T14:22:58.524Z] 🔍 Enhancing item 2092: Worn Dagger (210/311)
[2025-11-03T14:23:02.522Z] ✅ Enhanced Worn Dagger - Speed: 1.6, DPS: 0.9
[2025-11-03T14:23:02.524Z] 💾 Saved progress to turtle_db/items/weapons/daggers.json
[2025-11-03T14:23:04.522Z] 🔍 Enhancing item 2137: Whittling Knife (211/311)
[2025-11-03T14:23:08.517Z] ✅ Enhanced Whittling Knife - Speed: 1.5, DPS: 2
[2025-11-03T14:23:08.518Z] 💾 Saved progress to turtle_db/items/weapons/daggers.json
[2025-11-03T14:23:10.517Z] 🔍 Enhancing item 2139: Dirk (212/311)
[2025-11-03T14:23:14.516Z] ✅ Enhanced Dirk - Speed: 1.6, DPS: 1.3
[2025-11-03T14:23:14.517Z] 💾 Saved progress to turtle_db/items/weapons/daggers.json
[2025-11-03T14:23:16.517Z] 🔍 Enhancing item 2184: Monster - Dagger Basic (213/311)
[2025-11-03T14:23:20.517Z] ✅ Enhanced Monster - Dagger Basic - Speed: 1.5, DPS: 0.7
[2025-11-03T14:23:20.518Z] 💾 Saved progress to turtle_db/items/weapons/daggers.json
[2025-11-03T14:23:22.518Z] 🔍 Enhancing item 2207: Jambiya (214/311)
[2025-11-03T14:23:26.279Z] ✅ Enhanced Jambiya - Speed: 1.4, DPS: 7.1
[2025-11-03T14:23:26.282Z] 💾 Saved progress to turtle_db/items/weapons/daggers.json
[2025-11-03T14:23:28.283Z] 🔍 Enhancing item 2208: Poniard (215/311)
[2025-11-03T14:23:32.366Z] ✅ Enhanced Poniard - Speed: 1.3, DPS: 8.5
[2025-11-03T14:23:32.368Z] 💾 Saved progress to turtle_db/items/weapons/daggers.json
[2025-11-03T14:23:34.369Z] 🔍 Enhancing item 2209: Kris (216/311)
[2025-11-03T14:23:38.446Z] ✅ Enhanced Kris - Speed: 1.6, DPS: 10.9
[2025-11-03T14:23:38.448Z] 💾 Saved progress to turtle_db/items/weapons/daggers.json
[2025-11-03T14:23:40.448Z] 🔍 Enhancing item 2224: Militia Dagger (217/311)
[2025-11-03T14:23:44.524Z] ✅ Enhanced Militia Dagger - Speed: 1.5, DPS: 2
[2025-11-03T14:23:44.525Z] 💾 Saved progress to turtle_db/items/weapons/daggers.json
[2025-11-03T14:23:46.526Z] 🔍 Enhancing item 2225: Sharp Kitchen Knife (218/311)
[2025-11-03T14:23:50.528Z] ✅ Enhanced Sharp Kitchen Knife - Speed: 1.5, DPS: 5
[2025-11-03T14:23:50.529Z] 💾 Saved progress to turtle_db/items/weapons/daggers.json
[2025-11-03T14:23:52.530Z] 🔍 Enhancing item 2484: Small Knife (219/311)
[2025-11-03T14:23:56.531Z] ✅ Enhanced Small Knife - Speed: 1.4, DPS: 1.4
[2025-11-03T14:23:56.533Z] 💾 Saved progress to turtle_db/items/weapons/daggers.json
[2025-11-03T14:23:58.534Z] 🔍 Enhancing item 2494: Stiletto (220/311)
[2025-11-03T14:24:02.188Z] ✅ Enhanced Stiletto - Speed: 1.5, DPS: 3.3
[2025-11-03T14:24:02.190Z] 💾 Saved progress to turtle_db/items/weapons/daggers.json
[2025-11-03T14:24:04.190Z] 🔍 Enhancing item 2502: Scuffed Dagger (221/311)
[2025-11-03T14:24:08.354Z] ✅ Enhanced Scuffed Dagger - Speed: 1.5, DPS: 3
[2025-11-03T14:24:08.355Z] 💾 Saved progress to turtle_db/items/weapons/daggers.json
[2025-11-03T14:24:10.356Z] 🔍 Enhancing item 2526: Main Gauche (222/311)
[2025-11-03T14:24:14.539Z] ✅ Enhanced Main Gauche - Speed: 1.6, DPS: 16.6
[2025-11-03T14:24:14.540Z] 💾 Saved progress to turtle_db/items/weapons/daggers.json
[2025-11-03T14:24:16.541Z] 🔍 Enhancing item 2534: Rondel (223/311)
[2025-11-03T14:24:20.544Z] ✅ Enhanced Rondel - Speed: 1.6, DPS: 24.1
[2025-11-03T14:24:20.545Z] 💾 Saved progress to turtle_db/items/weapons/daggers.json
[2025-11-03T14:24:22.546Z] 🔍 Enhancing item 2711: Monster - Dagger Badass (224/311)
[2025-11-03T14:24:26.548Z] ✅ Enhanced Monster - Dagger Badass - Speed: 1.5, DPS: 0.7
[2025-11-03T14:24:26.551Z] 💾 Saved progress to turtle_db/items/weapons/daggers.json
[2025-11-03T14:24:28.552Z] 🔍 Enhancing item 2763: Fisherman Knife (225/311)
[2025-11-03T14:24:32.551Z] ✅ Enhanced Fisherman Knife - Speed: 1.4, DPS: 4.3
[2025-11-03T14:24:32.552Z] 💾 Saved progress to turtle_db/items/weapons/daggers.json
[2025-11-03T14:24:34.553Z] 🔍 Enhancing item 2765: Hunting Knife (226/311)
[2025-11-03T14:24:38.554Z] ✅ Enhanced Hunting Knife - Speed: 1.7, DPS: 7.1
[2025-11-03T14:24:38.555Z] 💾 Saved progress to turtle_db/items/weapons/daggers.json
[2025-11-03T14:24:40.556Z] 🔍 Enhancing item 2766: Deft Stiletto (227/311)
[2025-11-03T14:24:44.558Z] ✅ Enhanced Deft Stiletto - Speed: 1.4, DPS: 8.9
[2025-11-03T14:24:44.559Z] 💾 Saved progress to turtle_db/items/weapons/daggers.json
[2025-11-03T14:24:46.560Z] 🔍 Enhancing item 2787: Trogg Dagger (228/311)
[2025-11-03T14:24:50.562Z] ✅ Enhanced Trogg Dagger - Speed: 1.5, DPS: 1
[2025-11-03T14:24:50.564Z] 💾 Saved progress to turtle_db/items/weapons/daggers.json
[2025-11-03T14:24:52.565Z] 🔍 Enhancing item 3268: Forsaken Dagger (229/311)
[2025-11-03T14:24:56.566Z] ✅ Enhanced Forsaken Dagger - Speed: 1.6, DPS: 1.9
[2025-11-03T14:24:56.568Z] 💾 Saved progress to turtle_db/items/weapons/daggers.json
[2025-11-03T14:24:58.569Z] 🔍 Enhancing item 3296: Deadman Dagger (230/311)
[2025-11-03T14:25:02.568Z] ✅ Enhanced Deadman Dagger - Speed: 1.4, DPS: 1.1
[2025-11-03T14:25:02.570Z] 💾 Saved progress to turtle_db/items/weapons/daggers.json
[2025-11-03T14:25:04.571Z] 🔍 Enhancing item 3445: Ceremonial Knife (231/311)
[2025-11-03T14:25:08.571Z] ✅ Enhanced Ceremonial Knife - Speed: 1.4, DPS: 5.4
[2025-11-03T14:25:08.572Z] 💾 Saved progress to turtle_db/items/weapons/daggers.json
[2025-11-03T14:25:10.574Z] 🔍 Enhancing item 4023: Fine Pointed Dagger (232/311)
[2025-11-03T14:25:14.573Z] ✅ Enhanced Fine Pointed Dagger - Speed: 1.4, DPS: 15.4
[2025-11-03T14:25:14.575Z] 💾 Saved progress to turtle_db/items/weapons/daggers.json
[2025-11-03T14:25:16.576Z] 🔍 Enhancing item 4302: Small Green Dagger (233/311)
[2025-11-03T14:25:20.580Z] ✅ Enhanced Small Green Dagger - Speed: 1.5, DPS: 4.3
[2025-11-03T14:25:20.582Z] 💾 Saved progress to turtle_db/items/weapons/daggers.json
[2025-11-03T14:25:22.583Z] 🔍 Enhancing item 4565: Simple Dagger (234/311)
[2025-11-03T14:25:26.585Z] ✅ Enhanced Simple Dagger - Speed: 1.8, DPS: 2.5
[2025-11-03T14:25:26.586Z] 💾 Saved progress to turtle_db/items/weapons/daggers.json
[2025-11-03T14:25:28.588Z] 🔍 Enhancing item 4840: Long Bayonet (235/311)
[2025-11-03T14:25:32.668Z] ✅ Enhanced Long Bayonet - Speed: 1.7, DPS: 4.4
[2025-11-03T14:25:32.669Z] 💾 Saved progress to turtle_db/items/weapons/daggers.json
[2025-11-03T14:25:34.669Z] 🔍 Enhancing item 4925: Primitive Hand Blade (236/311)
[2025-11-03T14:25:38.849Z] ✅ Enhanced Primitive Hand Blade - Speed: 1.7, DPS: 2.1
[2025-11-03T14:25:38.851Z] 💾 Saved progress to turtle_db/items/weapons/daggers.json
[2025-11-03T14:25:40.852Z] 🔍 Enhancing item 5040: Shadow Hunter Knife (237/311)
[2025-11-03T14:25:44.959Z] ✅ Enhanced Shadow Hunter Knife - Speed: 1.7, DPS: 15.6
[2025-11-03T14:25:44.961Z] 💾 Saved progress to turtle_db/items/weapons/daggers.json
[2025-11-03T14:25:46.962Z] 🔍 Enhancing item 12298: Monster - Dagger, Dark Pronged (238/311)
[2025-11-03T14:25:51.152Z] ✅ Enhanced Monster - Dagger, Dark Pronged - Speed: 1.8, DPS: 0.8
[2025-11-03T14:25:51.154Z] 💾 Saved progress to turtle_db/items/weapons/daggers.json
[2025-11-03T14:25:53.155Z] 🔍 Enhancing item 12332: Monster - Dagger, Green Pronged (239/311)
[2025-11-03T14:25:57.329Z] ✅ Enhanced Monster - Dagger, Green Pronged - Speed: 1.8, DPS: 0.8
[2025-11-03T14:25:57.332Z] 💾 Saved progress to turtle_db/items/weapons/daggers.json
[2025-11-03T14:25:59.333Z] 🔍 Enhancing item 13822: Spiked Dagger (240/311)
[2025-11-03T14:26:03.427Z] ✅ Enhanced Spiked Dagger - Speed: 1.6, DPS: 19.1
[2025-11-03T14:26:03.428Z] 💾 Saved progress to turtle_db/items/weapons/daggers.json
[2025-11-03T14:26:05.430Z] 🔍 Enhancing item 17282: Monster - Dagger, Exotic B01 Green (241/311)
[2025-11-03T14:26:09.510Z] ✅ Enhanced Monster - Dagger, Exotic B01 Green - Speed: 1.5, DPS: 0.7
[2025-11-03T14:26:09.511Z] 💾 Saved progress to turtle_db/items/weapons/daggers.json
[2025-11-03T14:26:11.512Z] 🔍 Enhancing item 17283: Monster - Dagger, Exotic B01 Red (242/311)
[2025-11-03T14:26:15.601Z] ✅ Enhanced Monster - Dagger, Exotic B01 Red - Speed: 1.5, DPS: 0.7
[2025-11-03T14:26:15.602Z] 💾 Saved progress to turtle_db/items/weapons/daggers.json
[2025-11-03T14:26:17.603Z] 🔍 Enhancing item 19924: Monster - Dagger, Fang Hook Curve Dark (243/311)
[2025-11-03T14:26:21.601Z] ✅ Enhanced Monster - Dagger, Fang Hook Curve Dark - Speed: 1.4, DPS: 0.7
[2025-11-03T14:26:21.602Z] 💾 Saved progress to turtle_db/items/weapons/daggers.json
[2025-11-03T14:26:23.603Z] 🔍 Enhancing item 19980: Monster - Dagger, Ornate Spikey Base Red (244/311)
[2025-11-03T14:26:27.701Z] ✅ Enhanced Monster - Dagger, Ornate Spikey Base Red - Speed: 1.4, DPS: 0.7
[2025-11-03T14:26:27.702Z] 💾 Saved progress to turtle_db/items/weapons/daggers.json
[2025-11-03T14:26:29.703Z] 🔍 Enhancing item 19987: Monster - Dagger, Vulture Black (245/311)
[2025-11-03T14:26:33.605Z] ✅ Enhanced Monster - Dagger, Vulture Black - Speed: 1.5, DPS: 0.7
[2025-11-03T14:26:33.606Z] 💾 Saved progress to turtle_db/items/weapons/daggers.json
[2025-11-03T14:26:35.608Z] 🔍 Enhancing item 21122: Monster - Dagger, Korean A01 Black (246/311)
[2025-11-03T14:27:05.608Z] ❌ Error fetching weapon data for item 21122: TimeoutError: Navigation timeout of 30000 ms exceeded
[2025-11-03T14:27:05.609Z] ⚠️ Could not enhance Monster - Dagger, Korean A01 Black - no speed/DPS data found
[2025-11-03T14:27:07.610Z] 🔍 Enhancing item 10697: Enchanted Azsharite Felbane Dagger (247/311)
[2025-11-03T14:27:11.760Z] ✅ Enhanced Enchanted Azsharite Felbane Dagger - Speed: 1.5, DPS: 35.7
[2025-11-03T14:27:11.761Z] 💾 Saved progress to turtle_db/items/weapons/daggers.json
[2025-11-03T14:27:13.762Z] 🔍 Enhancing item 10703: Fiendish Skiv (248/311)
[2025-11-03T14:27:17.613Z] ✅ Enhanced Fiendish Skiv - Speed: 1.9, DPS: 26.6
[2025-11-03T14:27:17.615Z] 💾 Saved progress to turtle_db/items/weapons/daggers.json
[2025-11-03T14:27:19.615Z] 🔍 Enhancing item 11856: Ceremonial Elven Blade (249/311)
[2025-11-03T14:27:23.704Z] ✅ Enhanced Ceremonial Elven Blade - Speed: 1.8, DPS: 26.7
[2025-11-03T14:27:23.705Z] 💾 Saved progress to turtle_db/items/weapons/daggers.json
[2025-11-03T14:27:25.706Z] 🔍 Enhancing item 12247: Broad Bladed Knife (250/311)
[2025-11-03T14:27:29.616Z] ✅ Enhanced Broad Bladed Knife - Speed: 2, DPS: 16.8
[2025-11-03T14:27:29.617Z] 💾 Saved progress to turtle_db/items/weapons/daggers.json
[2025-11-03T14:27:31.618Z] 🔍 Enhancing item 12248: Daring Dirk (251/311)
[2025-11-03T14:27:35.703Z] ✅ Enhanced Daring Dirk - Speed: 1.6, DPS: 17.5
[2025-11-03T14:27:35.704Z] 💾 Saved progress to turtle_db/items/weapons/daggers.json
[2025-11-03T14:27:37.705Z] 🔍 Enhancing item 12259: Glinting Steel Dagger (252/311)
[2025-11-03T14:27:41.471Z] ✅ Enhanced Glinting Steel Dagger - Speed: 1.5, DPS: 18.7
[2025-11-03T14:27:41.473Z] 💾 Saved progress to turtle_db/items/weapons/daggers.json
[2025-11-03T14:27:43.474Z] 🔍 Enhancing item 14151: Chanting Blade (253/311)
[2025-11-03T14:27:47.561Z] ✅ Enhanced Chanting Blade - Speed: 1.5, DPS: 9
[2025-11-03T14:27:47.562Z] 💾 Saved progress to turtle_db/items/weapons/daggers.json
[2025-11-03T14:27:49.563Z] 🔍 Enhancing item 15241: Battle Knife (254/311)
[2025-11-03T14:27:53.621Z] ✅ Enhanced Battle Knife - Speed: 1.6, DPS: 13.4
[2025-11-03T14:27:53.623Z] 💾 Saved progress to turtle_db/items/weapons/daggers.json
[2025-11-03T14:27:55.624Z] 🔍 Enhancing item 15242: Honed Stiletto (255/311)
[2025-11-03T14:27:59.735Z] ✅ Enhanced Honed Stiletto - Speed: 1.4, DPS: 15.7
[2025-11-03T14:27:59.737Z] 💾 Saved progress to turtle_db/items/weapons/daggers.json
[2025-11-03T14:28:01.738Z] 🔍 Enhancing item 15243: Deadly Kris (256/311)
[2025-11-03T14:28:05.626Z] ✅ Enhanced Deadly Kris - Speed: 1.4, DPS: 18.9
[2025-11-03T14:28:05.627Z] 💾 Saved progress to turtle_db/items/weapons/daggers.json
[2025-11-03T14:28:07.628Z] 🔍 Enhancing item 15246: Demon Blade (257/311)
[2025-11-03T14:28:11.724Z] ✅ Enhanced Demon Blade - Speed: 1.8, DPS: 36.9
[2025-11-03T14:28:11.725Z] 💾 Saved progress to turtle_db/items/weapons/daggers.json
[2025-11-03T14:28:13.726Z] 🔍 Enhancing item 15247: Bloodstrike Dagger (258/311)
[2025-11-03T14:28:17.628Z] ✅ Enhanced Bloodstrike Dagger - Speed: 1.7, DPS: 38.2
[2025-11-03T14:28:17.629Z] 💾 Saved progress to turtle_db/items/weapons/daggers.json
[2025-11-03T14:28:19.630Z] 🔍 Enhancing item 15396: Curvewood Dagger (259/311)
[2025-11-03T14:28:23.717Z] ✅ Enhanced Curvewood Dagger - Speed: 1.5, DPS: 7
[2025-11-03T14:28:23.717Z] 💾 Saved progress to turtle_db/items/weapons/daggers.json
[2025-11-03T14:28:25.719Z] 🔍 Enhancing item 15783: Beasthunter Dagger (260/311)
[2025-11-03T14:28:29.634Z] ✅ Enhanced Beasthunter Dagger - Speed: 1.7, DPS: 35.6
[2025-11-03T14:28:29.636Z] 💾 Saved progress to turtle_db/items/weapons/daggers.json
[2025-11-03T14:28:31.638Z] 🔍 Enhancing item 19965: Wushoolay's Poker (261/311)
[2025-11-03T14:28:35.732Z] ✅ Enhanced Wushoolay's Poker - Speed: 1.6, DPS: 41
[2025-11-03T14:28:35.734Z] 💾 Saved progress to turtle_db/items/weapons/daggers.json
[2025-11-03T14:28:37.735Z] 🔍 Enhancing item 20303: 90 Green Rogue Dagger (262/311)
[2025-11-03T14:28:41.638Z] ✅ Enhanced 90 Green Rogue Dagger - Speed: 2, DPS: 59.5
[2025-11-03T14:28:41.640Z] 💾 Saved progress to turtle_db/items/weapons/daggers.json
[2025-11-03T14:28:43.640Z] 🔍 Enhancing item 20317: 63 Green Rogue Dagger (263/311)
[2025-11-03T14:28:47.729Z] ✅ Enhanced 63 Green Rogue Dagger - Speed: 2, DPS: 37.5
[2025-11-03T14:28:47.730Z] 💾 Saved progress to turtle_db/items/weapons/daggers.json
[2025-11-03T14:28:49.731Z] 🔍 Enhancing item 20647: Black Crystal Dagger (264/311)
[2025-11-03T14:28:53.640Z] ✅ Enhanced Black Crystal Dagger - Speed: 1.8, DPS: 35.3
[2025-11-03T14:28:53.641Z] 💾 Saved progress to turtle_db/items/weapons/daggers.json
[2025-11-03T14:28:55.642Z] 🔍 Enhancing item 51767: Dagger of Quel'Danil (265/311)
[2025-11-03T14:28:59.532Z] ✅ Enhanced Dagger of Quel'Danil - Speed: 1.9, DPS: 29.2
[2025-11-03T14:28:59.533Z] 💾 Saved progress to turtle_db/items/weapons/daggers.json
[2025-11-03T14:29:01.535Z] 🔍 Enhancing item 51818: Agal's Ambusher (266/311)
[2025-11-03T14:29:05.623Z] ✅ Enhanced Agal's Ambusher - Speed: 1.7, DPS: 7.1
[2025-11-03T14:29:05.625Z] 💾 Saved progress to turtle_db/items/weapons/daggers.json
[2025-11-03T14:29:07.626Z] 🔍 Enhancing item 60743: Demonblood Dirk (267/311)
[2025-11-03T14:29:11.701Z] ✅ Enhanced Demonblood Dirk - Speed: 1.7, DPS: 36.5
[2025-11-03T14:29:11.702Z] 💾 Saved progress to turtle_db/items/weapons/daggers.json
[2025-11-03T14:29:13.704Z] 🔍 Enhancing item 61467: Blade of Caliban (268/311)
[2025-11-03T14:29:17.645Z] ✅ Enhanced Blade of Caliban - Speed: 1.9, DPS: 25.8
[2025-11-03T14:29:17.646Z] 💾 Saved progress to turtle_db/items/weapons/daggers.json
[2025-11-03T14:29:19.647Z] 🔍 Enhancing item 61633: Bleaktalon (269/311)
[2025-11-03T14:29:23.727Z] ✅ Enhanced Bleaktalon - Speed: 1.7, DPS: 26.5
[2025-11-03T14:29:23.728Z] 💾 Saved progress to turtle_db/items/weapons/daggers.json
[2025-11-03T14:29:25.729Z] 🔍 Enhancing item 80129: Balanced Hand Blade (270/311)
[2025-11-03T14:29:29.653Z] ✅ Enhanced Balanced Hand Blade - Speed: 1.4, DPS: 6.1
[2025-11-03T14:29:29.655Z] 💾 Saved progress to turtle_db/items/weapons/daggers.json
[2025-11-03T14:29:31.657Z] 🔍 Enhancing item 80727: Broken Bottle (271/311)
[2025-11-03T14:29:35.339Z] ✅ Enhanced Broken Bottle - Speed: 1.8, DPS: 15.8
[2025-11-03T14:29:35.341Z] 💾 Saved progress to turtle_db/items/weapons/daggers.json
[2025-11-03T14:29:37.341Z] 🔍 Enhancing item 80821: Hatetalon (272/311)
[2025-11-03T14:29:41.457Z] ✅ Enhanced Hatetalon - Speed: 1.9, DPS: 6.8
[2025-11-03T14:29:41.458Z] 💾 Saved progress to turtle_db/items/weapons/daggers.json
[2025-11-03T14:29:43.460Z] 🔍 Enhancing item 80823: Gemstone Dagger (273/311)
[2025-11-03T14:29:47.540Z] ✅ Enhanced Gemstone Dagger - Speed: 1.5, DPS: 22.3
[2025-11-03T14:29:47.541Z] 💾 Saved progress to turtle_db/items/weapons/daggers.json
[2025-11-03T14:29:49.543Z] 🔍 Enhancing item 816: Small Hand Blade (274/311)
[2025-11-03T14:29:53.627Z] ✅ Enhanced Small Hand Blade - Speed: 1.5, DPS: 6
[2025-11-03T14:29:53.629Z] 💾 Saved progress to turtle_db/items/weapons/daggers.json
[2025-11-03T14:29:55.630Z] 🔍 Enhancing item 820: Slicer Blade (275/311)
[2025-11-03T14:29:59.720Z] ✅ Enhanced Slicer Blade - Speed: 1.5, DPS: 8.7
[2025-11-03T14:29:59.722Z] 💾 Saved progress to turtle_db/items/weapons/daggers.json
[2025-11-03T14:30:01.723Z] 🔍 Enhancing item 899: Venom Web Fang (276/311)
[2025-11-03T14:30:05.661Z] ✅ Enhanced Venom Web Fang - Speed: 1.5, DPS: 9.7
[2025-11-03T14:30:05.663Z] 💾 Saved progress to turtle_db/items/weapons/daggers.json
[2025-11-03T14:30:07.664Z] 🔍 Enhancing item 1465: Tigerbane (277/311)
[2025-11-03T14:30:11.770Z] ✅ Enhanced Tigerbane - Speed: 1.9, DPS: 20.5
[2025-11-03T14:30:11.772Z] 💾 Saved progress to turtle_db/items/weapons/daggers.json
[2025-11-03T14:30:13.773Z] 🔍 Enhancing item 1917: Jeweled Dagger (278/311)
[2025-11-03T14:30:17.661Z] ✅ Enhanced Jeweled Dagger - Speed: 1.6, DPS: 5.3
[2025-11-03T14:30:17.662Z] 💾 Saved progress to turtle_db/items/weapons/daggers.json
[2025-11-03T14:30:19.663Z] 🔍 Enhancing item 2088: Long Crawler Limb (279/311)
[2025-11-03T14:30:23.749Z] ✅ Enhanced Long Crawler Limb - Speed: 1.6, DPS: 7.5
[2025-11-03T14:30:23.750Z] 💾 Saved progress to turtle_db/items/weapons/daggers.json
[2025-11-03T14:30:25.752Z] 🔍 Enhancing item 2089: Scrimshaw Dagger (280/311)
[2025-11-03T14:30:29.841Z] ✅ Enhanced Scrimshaw Dagger - Speed: 1.8, DPS: 8.9
[2025-11-03T14:30:29.842Z] 💾 Saved progress to turtle_db/items/weapons/daggers.json
[2025-11-03T14:30:31.843Z] 🔍 Enhancing item 2169: Buzzer Blade (281/311)
[2025-11-03T14:30:35.928Z] ✅ Enhanced Buzzer Blade - Speed: 1.5, DPS: 9.7
[2025-11-03T14:30:35.930Z] 💾 Saved progress to turtle_db/items/weapons/daggers.json
[2025-11-03T14:30:37.931Z] 🔍 Enhancing item 2195: Anvilmar Knife (282/311)
[2025-11-03T14:30:42.016Z] ✅ Enhanced Anvilmar Knife - Speed: 1.6, DPS: 1.9
[2025-11-03T14:30:42.017Z] 💾 Saved progress to turtle_db/items/weapons/daggers.json
[2025-11-03T14:30:44.018Z] 🔍 Enhancing item 5278: Monster - Dagger, Bowie Knife (283/311)
[2025-11-03T14:30:48.170Z] ✅ Enhanced Monster - Dagger, Bowie Knife - Speed: 1.8, DPS: 0.8
[2025-11-03T14:30:48.172Z] 💾 Saved progress to turtle_db/items/weapons/daggers.json
[2025-11-03T14:30:50.173Z] 🔍 Enhancing item 5281: Monster - Dagger, Broad/Flat Blade (284/311)
[2025-11-03T14:30:54.338Z] ✅ Enhanced Monster - Dagger, Broad/Flat Blade - Speed: 1.3, DPS: 0.8
[2025-11-03T14:30:54.342Z] 💾 Saved progress to turtle_db/items/weapons/daggers.json
[2025-11-03T14:30:56.344Z] 🔍 Enhancing item 5285: Monster - Dagger, Curvey Blue Hilt (285/311)
[2025-11-03T14:31:00.519Z] ✅ Enhanced Monster - Dagger, Curvey Blue Hilt - Speed: 1.5, DPS: 0.7
[2025-11-03T14:31:00.520Z] 💾 Saved progress to turtle_db/items/weapons/daggers.json
[2025-11-03T14:31:02.521Z] 🔍 Enhancing item 5392: Thistlewood Dagger (286/311)
[2025-11-03T14:31:06.605Z] ✅ Enhanced Thistlewood Dagger - Speed: 1.7, DPS: 2.1
[2025-11-03T14:31:06.606Z] 💾 Saved progress to turtle_db/items/weapons/daggers.json
[2025-11-03T14:31:08.607Z] 🔍 Enhancing item 5605: Pruning Knife (287/311)
[2025-11-03T14:31:12.680Z] ✅ Enhanced Pruning Knife - Speed: 1.6, DPS: 4.1
[2025-11-03T14:31:12.682Z] 💾 Saved progress to turtle_db/items/weapons/daggers.json
[2025-11-03T14:31:14.683Z] 🔍 Enhancing item 6681: Thornspike (288/311)
[2025-11-03T14:31:18.768Z] ✅ Enhanced Thornspike - Speed: 1.7, DPS: 15.6
[2025-11-03T14:31:18.769Z] 💾 Saved progress to turtle_db/items/weapons/daggers.json
[2025-11-03T14:31:20.770Z] 🔍 Enhancing item 7166: Copper Dagger (289/311)
[2025-11-03T14:31:24.846Z] ✅ Enhanced Copper Dagger - Speed: 1.5, DPS: 5
[2025-11-03T14:31:24.848Z] 💾 Saved progress to turtle_db/items/weapons/daggers.json
[2025-11-03T14:31:26.849Z] 🔍 Enhancing item 10616: Monster - Dagger, Curvey Silver (290/311)
[2025-11-03T14:31:31.006Z] ✅ Enhanced Monster - Dagger, Curvey Silver - Speed: 1.5, DPS: 0.7
[2025-11-03T14:31:31.007Z] 💾 Saved progress to turtle_db/items/weapons/daggers.json
[2025-11-03T14:31:33.007Z] 🔍 Enhancing item 10617: Monster - Dagger, Curved Bone Bloody (291/311)
[2025-11-03T14:31:37.171Z] ✅ Enhanced Monster - Dagger, Curved Bone Bloody - Speed: 1.8, DPS: 0.8
[2025-11-03T14:31:37.172Z] 💾 Saved progress to turtle_db/items/weapons/daggers.json
[2025-11-03T14:31:39.173Z] 🔍 Enhancing item 10619: Monster - Dagger, Badass Red (292/311)
[2025-11-03T14:31:43.331Z] ✅ Enhanced Monster - Dagger, Badass Red - Speed: 1.5, DPS: 0.7
[2025-11-03T14:31:43.332Z] 💾 Saved progress to turtle_db/items/weapons/daggers.json
[2025-11-03T14:31:45.333Z] 🔍 Enhancing item 12991: Monster - Dagger, Curvey Green Blade (293/311)
[2025-11-03T14:31:49.535Z] ✅ Enhanced Monster - Dagger, Curvey Green Blade - Speed: 1.5, DPS: 0.7
[2025-11-03T14:31:49.536Z] 💾 Saved progress to turtle_db/items/weapons/daggers.json
[2025-11-03T14:31:51.537Z] 🔍 Enhancing item 21551: Monster - Dagger, Alliance PvP (294/311)
[2025-11-03T14:31:55.612Z] ✅ Enhanced Monster - Dagger, Alliance PvP - Speed: 1.5, DPS: 0.7
[2025-11-03T14:31:55.614Z] 💾 Saved progress to turtle_db/items/weapons/daggers.json
[2025-11-03T14:31:57.615Z] 🔍 Enhancing item 22215: Monster - Dagger, Bonescraper (295/311)
[2025-11-03T14:32:01.693Z] ✅ Enhanced Monster - Dagger, Bonescraper - Speed: 1.5, DPS: 0.7
[2025-11-03T14:32:01.694Z] 💾 Saved progress to turtle_db/items/weapons/daggers.json
[2025-11-03T14:32:03.695Z] 🔍 Enhancing item 23369: Monster - Dagger, Claw of Chromaggus (296/311)
[2025-11-03T14:32:07.723Z] ✅ Enhanced Monster - Dagger, Claw of Chromaggus - Speed: 1.5, DPS: 0.7
[2025-11-03T14:32:07.724Z] 💾 Saved progress to turtle_db/items/weapons/daggers.json
[2025-11-03T14:32:09.725Z] 🔍 Enhancing item 24418: Monster - Dagger Badass Naxx (297/311)
[2025-11-03T14:32:13.728Z] ⚠️ Could not enhance Monster - Dagger Badass Naxx - no speed/DPS data found
[2025-11-03T14:32:15.729Z] 🔍 Enhancing item 41025: Rusted Pirate Dagger (298/311)
[2025-11-03T14:32:19.729Z] ✅ Enhanced Rusted Pirate Dagger - Speed: 1.6, DPS: 1.9
[2025-11-03T14:32:19.730Z] 💾 Saved progress to turtle_db/items/weapons/daggers.json
[2025-11-03T14:32:21.730Z] 🔍 Enhancing item 50342: Darnassus Sentinel Glaive (299/311)
[2025-11-03T14:32:25.736Z] ✅ Enhanced Darnassus Sentinel Glaive - Speed: 1.5, DPS: 0.7
[2025-11-03T14:32:25.737Z] 💾 Saved progress to turtle_db/items/weapons/daggers.json
[2025-11-03T14:32:27.738Z] 🔍 Enhancing item 58087: Drifter's Knife (300/311)
[2025-11-03T14:32:31.741Z] ✅ Enhanced Drifter's Knife - Speed: 1.4, DPS: 3.2
[2025-11-03T14:32:31.743Z] 💾 Saved progress to turtle_db/items/weapons/daggers.json
[2025-11-03T14:32:33.745Z] 🔍 Enhancing item 80113: Pocket Knife (301/311)
[2025-11-03T14:32:37.743Z] ✅ Enhanced Pocket Knife - Speed: 1.6, DPS: 3.8
[2025-11-03T14:32:37.745Z] 💾 Saved progress to turtle_db/items/weapons/daggers.json
[2025-11-03T14:32:39.746Z] 🔍 Enhancing item 80211: Camping Knife (302/311)
[2025-11-03T14:32:43.508Z] ✅ Enhanced Camping Knife - Speed: 1.6, DPS: 3.8
[2025-11-03T14:32:43.509Z] 💾 Saved progress to turtle_db/items/weapons/daggers.json
[2025-11-03T14:32:45.510Z] 🔍 Enhancing item 2138: Sharpened Letter Opener (303/311)
[2025-11-03T14:32:49.607Z] ✅ Enhanced Sharpened Letter Opener - Speed: 1.7, DPS: 2.1
[2025-11-03T14:32:49.608Z] 💾 Saved progress to turtle_db/items/weapons/daggers.json
[2025-11-03T14:32:51.609Z] 🔍 Enhancing item 2764: Small Dagger (304/311)
[2025-11-03T14:32:55.716Z] ✅ Enhanced Small Dagger - Speed: 1.4, DPS: 5.4
[2025-11-03T14:32:55.718Z] 💾 Saved progress to turtle_db/items/weapons/daggers.json
[2025-11-03T14:32:57.719Z] 🔍 Enhancing item 3786: Shiny Dirk (305/311)
[2025-11-03T14:33:14.896Z] ✅ Enhanced Shiny Dirk - Speed: 1.6, DPS: 12.8
[2025-11-03T14:33:14.899Z] 💾 Saved progress to turtle_db/items/weapons/daggers.json
[2025-11-03T14:33:16.901Z] 🔍 Enhancing item 5280: Monster - Dagger, Gold Blade (306/311)
[2025-11-03T14:33:21.065Z] ✅ Enhanced Monster - Dagger, Gold Blade - Speed: 1.4, DPS: 0.7
[2025-11-03T14:33:21.066Z] 💾 Saved progress to turtle_db/items/weapons/daggers.json
[2025-11-03T14:33:23.068Z] 🔍 Enhancing item 5282: Monster - Dagger, Fang Hook Curve (307/311)
[2025-11-03T14:33:27.230Z] ✅ Enhanced Monster - Dagger, Fang Hook Curve - Speed: 1.4, DPS: 0.7
[2025-11-03T14:33:27.231Z] 💾 Saved progress to turtle_db/items/weapons/daggers.json
[2025-11-03T14:33:29.233Z] 🔍 Enhancing item 5283: Monster - Dagger, Ornate Spikey Base (308/311)
[2025-11-03T14:33:33.422Z] ✅ Enhanced Monster - Dagger, Ornate Spikey Base - Speed: 1.4, DPS: 0.7
[2025-11-03T14:33:33.423Z] 💾 Saved progress to turtle_db/items/weapons/daggers.json
[2025-11-03T14:33:35.424Z] 🔍 Enhancing item 5284: Monster - Dagger, Jeweled Hilt (309/311)
[2025-11-03T14:33:39.318Z] ✅ Enhanced Monster - Dagger, Jeweled Hilt - Speed: 1.6, DPS: 0.9
[2025-11-03T14:33:39.320Z] 💾 Saved progress to turtle_db/items/weapons/daggers.json
[2025-11-03T14:33:41.321Z] 🔍 Enhancing item 5516: Threshadon Fang (310/311)
[2025-11-03T14:33:51.106Z] ✅ Enhanced Threshadon Fang - Speed: 1.5, DPS: 5
[2025-11-03T14:33:51.107Z] 💾 Saved progress to turtle_db/items/weapons/daggers.json
[2025-11-03T14:33:53.108Z] 🔍 Enhancing item 10618: Monster - Dagger, Tanto Blade (311/311)
[2025-11-03T14:33:57.281Z] ✅ Enhanced Monster - Dagger, Tanto Blade - Speed: 1.5, DPS: 0.7
[2025-11-03T14:33:57.282Z] 💾 Saved progress to turtle_db/items/weapons/daggers.json
[2025-11-03T14:33:59.283Z] 📊 Enhancement complete for turtle_db/items/weapons/daggers.json
[2025-11-03T14:33:59.284Z]    Enhanced: 309 items
[2025-11-03T14:33:59.284Z]    Skipped: 0 items
[2025-11-03T14:33:59.284Z] 📂 Processing weapon file: turtle_db/items/weapons/fist.json
[2025-11-03T14:33:59.285Z] 📊 Found 52 items in turtle_db/items/weapons/fist.json
[2025-11-03T14:33:59.285Z] 🔍 Enhancing item 60410: Willbreaker (20/52)
[2025-11-03T14:34:03.367Z] ✅ Enhanced Willbreaker - Speed: 2.2, DPS: 43
[2025-11-03T14:34:03.368Z] 💾 Saved progress to turtle_db/items/weapons/fist.json
[2025-11-03T14:34:05.369Z] 🔍 Enhancing item 61042: Stormfist (21/52)
[2025-11-03T14:34:09.454Z] ✅ Enhanced Stormfist - Speed: 1.3, DPS: 43.5
[2025-11-03T14:34:09.455Z] 💾 Saved progress to turtle_db/items/weapons/fist.json
[2025-11-03T14:34:11.456Z] 🔍 Enhancing item 61541: Letashaz's Right Claw (22/52)
[2025-11-03T14:34:15.541Z] ✅ Enhanced Letashaz's Right Claw - Speed: 2.8, DPS: 41.3
[2025-11-03T14:34:15.541Z] 💾 Saved progress to turtle_db/items/weapons/fist.json
[2025-11-03T14:34:17.542Z] 🔍 Enhancing item 61740: Claw of Senthos (23/52)
[2025-11-03T14:34:21.612Z] ✅ Enhanced Claw of Senthos - Speed: 2.4, DPS: 56
[2025-11-03T14:34:21.613Z] 💾 Saved progress to turtle_db/items/weapons/fist.json
[2025-11-03T14:34:23.614Z] 🔍 Enhancing item 65012: Bronze Bruiser (24/52)
[2025-11-03T14:34:27.696Z] ✅ Enhanced Bronze Bruiser - Speed: 1.7, DPS: 12.9
[2025-11-03T14:34:27.696Z] 💾 Saved progress to turtle_db/items/weapons/fist.json
[2025-11-03T14:34:29.698Z] 🔍 Enhancing item 80716: Claw of the Worgen (25/52)
[2025-11-03T14:34:42.345Z] ✅ Enhanced Claw of the Worgen - Speed: 1.7, DPS: 17.6
[2025-11-03T14:34:42.345Z] 💾 Saved progress to turtle_db/items/weapons/fist.json
[2025-11-03T14:34:44.345Z] 🔍 Enhancing item 80740: Pummeler Gauntlet (26/52)
[2025-11-03T14:34:48.421Z] ✅ Enhanced Pummeler Gauntlet - Speed: 1.8, DPS: 21.1
[2025-11-03T14:34:48.422Z] 💾 Saved progress to turtle_db/items/weapons/fist.json
[2025-11-03T14:34:50.423Z] 🔍 Enhancing item 80750: Thornfist (27/52)
[2025-11-03T14:34:54.499Z] ✅ Enhanced Thornfist - Speed: 1.8, DPS: 39.1
[2025-11-03T14:34:54.500Z] 💾 Saved progress to turtle_db/items/weapons/fist.json
[2025-11-03T14:34:56.500Z] 🔍 Enhancing item 80763: Willbreaker (28/52)
[2025-11-03T14:35:00.590Z] ✅ Enhanced Willbreaker - Speed: 1.8, DPS: 41.7
[2025-11-03T14:35:00.591Z] 💾 Saved progress to turtle_db/items/weapons/fist.json
[2025-11-03T14:35:02.592Z] 🔍 Enhancing item 80794: Ironfist (29/52)
[2025-11-03T14:35:06.677Z] ✅ Enhanced Ironfist - Speed: 1.7, DPS: 22.1
[2025-11-03T14:35:06.678Z] 💾 Saved progress to turtle_db/items/weapons/fist.json
[2025-11-03T14:35:08.678Z] 🔍 Enhancing item 80807: Serpent's Bite (30/52)
[2025-11-03T14:35:12.761Z] ✅ Enhanced Serpent's Bite - Speed: 1.3, DPS: 15.4
[2025-11-03T14:35:12.761Z] 💾 Saved progress to turtle_db/items/weapons/fist.json
[2025-11-03T14:35:14.762Z] 🔍 Enhancing item 80809: Bloodhowler (31/52)
[2025-11-03T14:35:18.798Z] ✅ Enhanced Bloodhowler - Speed: 1.9, DPS: 22.4
[2025-11-03T14:35:18.798Z] 💾 Saved progress to turtle_db/items/weapons/fist.json
[2025-11-03T14:35:20.800Z] 🔍 Enhancing item 81003: Ancient Hakkari Flayer (32/52)
[2025-11-03T14:35:24.879Z] ✅ Enhanced Ancient Hakkari Flayer - Speed: 1.8, DPS: 44.7
[2025-11-03T14:35:24.879Z] 💾 Saved progress to turtle_db/items/weapons/fist.json
[2025-11-03T14:35:26.880Z] 🔍 Enhancing item 81372: The Black Claw (33/52)
[2025-11-03T14:35:30.799Z] ✅ Enhanced The Black Claw - Speed: 1.9, DPS: 38.4
[2025-11-03T14:35:30.799Z] 💾 Saved progress to turtle_db/items/weapons/fist.json
[2025-11-03T14:35:32.800Z] 🔍 Enhancing item 83445: Marrowclaw Knuckles (34/52)
[2025-11-03T14:35:36.886Z] ✅ Enhanced Marrowclaw Knuckles - Speed: 2.6, DPS: 42.5
[2025-11-03T14:35:36.886Z] 💾 Saved progress to turtle_db/items/weapons/fist.json
[2025-11-03T14:35:38.887Z] 🔍 Enhancing item 84030: Gauntlet of a Thousand Cuts (35/52)
[2025-11-03T14:35:42.801Z] ✅ Enhanced Gauntlet of a Thousand Cuts - Speed: 1.5, DPS: 71.7
[2025-11-03T14:35:42.802Z] 💾 Saved progress to turtle_db/items/weapons/fist.json
[2025-11-03T14:35:44.803Z] 🔍 Enhancing item 3494: Monster - Claw (36/52)
[2025-11-03T14:35:48.550Z] ✅ Enhanced Monster - Claw - Speed: 1.5, DPS: 0.7
[2025-11-03T14:35:48.550Z] 💾 Saved progress to turtle_db/items/weapons/fist.json
[2025-11-03T14:35:50.551Z] 🔍 Enhancing item 5600: Monster - Claw - Bear (37/52)
[2025-11-03T14:35:54.702Z] ✅ Enhanced Monster - Claw - Bear - Speed: 1.5, DPS: 0.7
[2025-11-03T14:35:54.702Z] 💾 Saved progress to turtle_db/items/weapons/fist.json
[2025-11-03T14:35:56.703Z] 🔍 Enhancing item 11314: Monster - Claw Insect (38/52)
[2025-11-03T14:36:00.859Z] ✅ Enhanced Monster - Claw Insect - Speed: 1.5, DPS: 0.7
[2025-11-03T14:36:00.860Z] 💾 Saved progress to turtle_db/items/weapons/fist.json
[2025-11-03T14:36:02.860Z] 🔍 Enhancing item 11743: Rockfist (39/52)
[2025-11-03T14:36:06.805Z] ✅ Enhanced Rockfist - Speed: 1.4, DPS: 32.9
[2025-11-03T14:36:06.805Z] 💾 Saved progress to turtle_db/items/weapons/fist.json
[2025-11-03T14:36:08.806Z] 🔍 Enhancing item 15903: Right-Handed Claw (40/52)
[2025-11-03T14:36:12.876Z] ✅ Enhanced Right-Handed Claw - Speed: 1.5, DPS: 11.7
[2025-11-03T14:36:12.876Z] 💾 Saved progress to turtle_db/items/weapons/fist.json
[2025-11-03T14:36:14.877Z] 🔍 Enhancing item 15904: Right-Handed Blades (41/52)
[2025-11-03T14:36:18.808Z] ✅ Enhanced Right-Handed Blades - Speed: 1.5, DPS: 17.3
[2025-11-03T14:36:18.808Z] 💾 Saved progress to turtle_db/items/weapons/fist.json
[2025-11-03T14:36:20.810Z] 🔍 Enhancing item 15905: Right-Handed Brass Knuckles (42/52)
[2025-11-03T14:36:24.515Z] ✅ Enhanced Right-Handed Brass Knuckles - Speed: 1.4, DPS: 6.8
[2025-11-03T14:36:24.516Z] 💾 Saved progress to turtle_db/items/weapons/fist.json
[2025-11-03T14:36:26.517Z] 🔍 Enhancing item 18462: Jagged Bone Fist (43/52)
[2025-11-03T14:36:30.588Z] ✅ Enhanced Jagged Bone Fist - Speed: 1.8, DPS: 35.8
[2025-11-03T14:36:30.588Z] 💾 Saved progress to turtle_db/items/weapons/fist.json
[2025-11-03T14:36:32.589Z] 🔍 Enhancing item 22210: Monster - Knuckle, B01 Red (44/52)
[2025-11-03T14:36:36.661Z] ✅ Enhanced Monster - Knuckle, B01 Red - Speed: 1.5, DPS: 0.7
[2025-11-03T14:36:36.661Z] 💾 Saved progress to turtle_db/items/weapons/fist.json
[2025-11-03T14:36:38.662Z] 🔍 Enhancing item 41040: Moonclaw (45/52)
[2025-11-03T14:36:42.733Z] ✅ Enhanced Moonclaw - Speed: 1.6, DPS: 5.3
[2025-11-03T14:36:42.734Z] 💾 Saved progress to turtle_db/items/weapons/fist.json
[2025-11-03T14:36:44.735Z] 🔍 Enhancing item 58129: Claw of Tempered Fire (46/52)
[2025-11-03T14:36:55.792Z] ✅ Enhanced Claw of Tempered Fire - Speed: 2, DPS: 15.3
[2025-11-03T14:36:55.793Z] 💾 Saved progress to turtle_db/items/weapons/fist.json
[2025-11-03T14:36:57.793Z] 🔍 Enhancing item 58161: Grim Claws (47/52)
[2025-11-03T14:37:01.867Z] ✅ Enhanced Grim Claws - Speed: 2.7, DPS: 19.6
[2025-11-03T14:37:01.867Z] 💾 Saved progress to turtle_db/items/weapons/fist.json
[2025-11-03T14:37:03.867Z] 🔍 Enhancing item 61688: Worgen Claw (48/52)
[2025-11-03T14:37:07.946Z] ✅ Enhanced Worgen Claw - Speed: 1.5, DPS: 15.3
[2025-11-03T14:37:07.946Z] 💾 Saved progress to turtle_db/items/weapons/fist.json
[2025-11-03T14:37:09.947Z] 🔍 Enhancing item 65010: Copper Knuckles (49/52)
[2025-11-03T14:37:14.024Z] ✅ Enhanced Copper Knuckles - Speed: 1.8, DPS: 5
[2025-11-03T14:37:14.025Z] 💾 Saved progress to turtle_db/items/weapons/fist.json
[2025-11-03T14:37:16.025Z] 🔍 Enhancing item 65011: Sharpened Claw (50/52)
[2025-11-03T14:37:20.096Z] ✅ Enhanced Sharpened Claw - Speed: 1.8, DPS: 8.9
[2025-11-03T14:37:20.097Z] 💾 Saved progress to turtle_db/items/weapons/fist.json
[2025-11-03T14:37:22.098Z] 🔍 Enhancing item 80834: Satyr Claw (51/52)
[2025-11-03T14:37:26.259Z] ✅ Enhanced Satyr Claw - Speed: 1.2, DPS: 17.1
[2025-11-03T14:37:26.259Z] 💾 Saved progress to turtle_db/items/weapons/fist.json
[2025-11-03T14:37:28.259Z] 🔍 Enhancing item 83205: Thornwood Claw (52/52)
[2025-11-03T14:37:32.335Z] ✅ Enhanced Thornwood Claw - Speed: 1.6, DPS: 18.8
[2025-11-03T14:37:32.335Z] 💾 Saved progress to turtle_db/items/weapons/fist.json
[2025-11-03T14:37:34.336Z] 📊 Enhancement complete for turtle_db/items/weapons/fist.json
[2025-11-03T14:37:34.336Z]    Enhanced: 33 items
[2025-11-03T14:37:34.337Z]    Skipped: 19 items
[2025-11-03T14:37:34.337Z] 🔄 Restarting browser for fresh session...
[2025-11-03T14:37:34.448Z] 🔒 Browser closed
[2025-11-03T14:37:34.448Z] 🚀 Initializing browser for weapon enhancement...
[2025-11-03T14:37:34.874Z] ✅ Browser initialized
[2025-11-03T14:37:34.875Z] 📂 Processing weapon file: turtle_db/items/weapons/guns.json
[2025-11-03T14:37:34.875Z] 📊 Found 120 items in turtle_db/items/weapons/guns.json
[2025-11-03T14:37:34.875Z] 🔍 Enhancing item 2098: Double-barreled Shotgun (1/120)
[2025-11-03T14:37:38.859Z] ✅ Enhanced Double-barreled Shotgun - Speed: 2.3, DPS: 13.3
[2025-11-03T14:37:38.860Z] 💾 Saved progress to turtle_db/items/weapons/guns.json
[2025-11-03T14:37:40.860Z] 🔍 Enhancing item 2099: Dwarven Hand Cannon (2/120)
[2025-11-03T14:37:44.947Z] ✅ Enhanced Dwarven Hand Cannon - Speed: 2.9, DPS: 32.8
[2025-11-03T14:37:44.947Z] 💾 Saved progress to turtle_db/items/weapons/guns.json
[2025-11-03T14:37:46.947Z] 🔍 Enhancing item 2100: Precisely Calibrated Boomstick (3/120)
[2025-11-03T14:37:51.028Z] ✅ Enhanced Precisely Calibrated Boomstick - Speed: 1.5, DPS: 27.7
[2025-11-03T14:37:51.029Z] 💾 Saved progress to turtle_db/items/weapons/guns.json
[2025-11-03T14:37:53.030Z] 🔍 Enhancing item 3041: "Mage-Eye" Blunderbuss (4/120)
[2025-11-03T14:37:57.119Z] ✅ Enhanced "Mage-Eye" Blunderbuss - Speed: 2.8, DPS: 12.5
[2025-11-03T14:37:57.120Z] 💾 Saved progress to turtle_db/items/weapons/guns.json
[2025-11-03T14:37:59.120Z] 🔍 Enhancing item 3042: BKP "Sparrow" Smallbore (5/120)
[2025-11-03T14:38:03.205Z] ✅ Enhanced BKP "Sparrow" Smallbore - Speed: 1.7, DPS: 13.2
[2025-11-03T14:38:03.207Z] 💾 Saved progress to turtle_db/items/weapons/guns.json
[2025-11-03T14:38:05.207Z] 🔍 Enhancing item 6798: Blasting Hackbut (6/120)
[2025-11-03T14:38:09.328Z] ✅ Enhanced Blasting Hackbut - Speed: 2.8, DPS: 15.4
[2025-11-03T14:38:09.329Z] 💾 Saved progress to turtle_db/items/weapons/guns.json
[2025-11-03T14:38:11.329Z] 🔍 Enhancing item 9412: Galgann's Fireblaster (7/120)
[2025-11-03T14:38:15.405Z] ✅ Enhanced Galgann's Fireblaster - Speed: 2.6, DPS: 24.6
[2025-11-03T14:38:15.406Z] 💾 Saved progress to turtle_db/items/weapons/guns.json
[2025-11-03T14:38:17.406Z] 🔍 Enhancing item 9422: Shadowforge Bushmaster (8/120)
[2025-11-03T14:38:21.474Z] ✅ Enhanced Shadowforge Bushmaster - Speed: 2.9, DPS: 22.8
[2025-11-03T14:38:21.474Z] 💾 Saved progress to turtle_db/items/weapons/guns.json
[2025-11-03T14:38:23.476Z] 🔍 Enhancing item 9456: Glass Shooter (9/120)
[2025-11-03T14:38:27.547Z] ✅ Enhanced Glass Shooter - Speed: 2.9, DPS: 17.9
[2025-11-03T14:38:27.548Z] 💾 Saved progress to turtle_db/items/weapons/guns.json
[2025-11-03T14:38:29.548Z] 🔍 Enhancing item 9487: Hi-tech Supergun (10/120)
[2025-11-03T14:38:33.623Z] ✅ Enhanced Hi-tech Supergun - Speed: 2.3, DPS: 14.3
[2025-11-03T14:38:33.623Z] 💾 Saved progress to turtle_db/items/weapons/guns.json
[2025-11-03T14:38:35.624Z] 🔍 Enhancing item 11629: Houndmaster's Rifle (11/120)
[2025-11-03T14:38:39.757Z] ✅ Enhanced Houndmaster's Rifle - Speed: 2.3, DPS: 27.4
[2025-11-03T14:38:39.758Z] 💾 Saved progress to turtle_db/items/weapons/guns.json
[2025-11-03T14:38:41.758Z] 🔍 Enhancing item 13136: Lil Timmy's Peashooter (12/120)
[2025-11-03T14:38:53.575Z] ✅ Enhanced Lil Timmy's Peashooter - Speed: 2.6, DPS: 11
[2025-11-03T14:38:53.575Z] 💾 Saved progress to turtle_db/items/weapons/guns.json
[2025-11-03T14:38:55.577Z] 🔍 Enhancing item 13137: Ironweaver (13/120)
[2025-11-03T14:38:59.669Z] ✅ Enhanced Ironweaver - Speed: 2.6, DPS: 17.3
[2025-11-03T14:38:59.669Z] 💾 Saved progress to turtle_db/items/weapons/guns.json
[2025-11-03T14:39:01.670Z] 🔍 Enhancing item 13138: The Silencer (14/120)
[2025-11-03T14:39:16.719Z] ✅ Enhanced The Silencer - Speed: 2.8, DPS: 22.3
[2025-11-03T14:39:16.719Z] 💾 Saved progress to turtle_db/items/weapons/guns.json
[2025-11-03T14:39:18.719Z] 🔍 Enhancing item 13139: Guttbuster (15/120)
[2025-11-03T14:39:30.384Z] ✅ Enhanced Guttbuster - Speed: 2.7, DPS: 26.1
[2025-11-03T14:39:30.384Z] 💾 Saved progress to turtle_db/items/weapons/guns.json
[2025-11-03T14:39:32.385Z] 🔍 Enhancing item 13146: Shell Launcher Shotgun (16/120)
[2025-11-03T14:39:36.476Z] ✅ Enhanced Shell Launcher Shotgun - Speed: 2.3, DPS: 29.8
[2025-11-03T14:39:36.477Z] 💾 Saved progress to turtle_db/items/weapons/guns.json
[2025-11-03T14:39:38.478Z] 🔍 Enhancing item 13248: Burstshot Harquebus (17/120)
[2025-11-03T14:39:42.593Z] ✅ Enhanced Burstshot Harquebus - Speed: 2.6, DPS: 28.8
[2025-11-03T14:39:42.594Z] 💾 Saved progress to turtle_db/items/weapons/guns.json
[2025-11-03T14:39:44.594Z] 🔍 Enhancing item 13380: Willey's Portable Howitzer (18/120)
[2025-11-03T14:39:48.775Z] ✅ Enhanced Willey's Portable Howitzer - Speed: 2.9, DPS: 31.2
[2025-11-03T14:39:48.776Z] 💾 Saved progress to turtle_db/items/weapons/guns.json
[2025-11-03T14:39:50.777Z] 🔍 Enhancing item 16004: Dark Iron Rifle (19/120)
[2025-11-03T14:39:54.848Z] ✅ Enhanced Dark Iron Rifle - Speed: 3.1, DPS: 28.4
[2025-11-03T14:39:54.849Z] 💾 Saved progress to turtle_db/items/weapons/guns.json
[2025-11-03T14:39:56.850Z] 🔍 Enhancing item 16007: Flawless Arcanite Rifle (20/120)
[2025-11-03T14:40:00.926Z] ✅ Enhanced Flawless Arcanite Rifle - Speed: 3.1, DPS: 31.3
[2025-11-03T14:40:00.926Z] 💾 Saved progress to turtle_db/items/weapons/guns.json
[2025-11-03T14:40:02.927Z] 🔍 Enhancing item 17072: Blastershot Launcher (21/120)
[2025-11-03T14:40:07.023Z] ✅ Enhanced Blastershot Launcher - Speed: 2.6, DPS: 40.2
[2025-11-03T14:40:07.024Z] 💾 Saved progress to turtle_db/items/weapons/guns.json
[2025-11-03T14:40:09.024Z] 🔍 Enhancing item 17717: Megashot Rifle (22/120)
[2025-11-03T14:40:13.095Z] ✅ Enhanced Megashot Rifle - Speed: 1.7, DPS: 27.4
[2025-11-03T14:40:13.095Z] 💾 Saved progress to turtle_db/items/weapons/guns.json
[2025-11-03T14:40:15.095Z] 🔍 Enhancing item 18282: Core Marksman Rifle (23/120)
[2025-11-03T14:40:19.169Z] ✅ Enhanced Core Marksman Rifle - Speed: 3.2, DPS: 37.5
[2025-11-03T14:40:19.169Z] 💾 Saved progress to turtle_db/items/weapons/guns.json
[2025-11-03T14:40:21.170Z] 🔍 Enhancing item 18755: Xorothian Firestick (24/120)
[2025-11-03T14:40:25.345Z] ✅ Enhanced Xorothian Firestick - Speed: 2.6, DPS: 31.7
[2025-11-03T14:40:25.346Z] 💾 Saved progress to turtle_db/items/weapons/guns.json
[2025-11-03T14:40:27.347Z] 🔍 Enhancing item 18855: Grand Marshal's Hand Cannon (25/120)
[2025-11-03T14:40:31.422Z] ✅ Enhanced Grand Marshal's Hand Cannon - Speed: 2.9, DPS: 50.9
[2025-11-03T14:40:31.422Z] 💾 Saved progress to turtle_db/items/weapons/guns.json
[2025-11-03T14:40:33.423Z] 🔍 Enhancing item 18860: High Warlord's Street Sweeper (26/120)
[2025-11-03T14:40:37.586Z] ✅ Enhanced High Warlord's Street Sweeper - Speed: 2.9, DPS: 50.9
[2025-11-03T14:40:37.587Z] 💾 Saved progress to turtle_db/items/weapons/guns.json
[2025-11-03T14:40:39.587Z] 🔍 Enhancing item 19368: Dragonbreath Hand Cannon (27/120)
[2025-11-03T14:40:43.656Z] ✅ Enhanced Dragonbreath Hand Cannon - Speed: 3.1, DPS: 43.9
[2025-11-03T14:40:43.657Z] 💾 Saved progress to turtle_db/items/weapons/guns.json
[2025-11-03T14:40:45.657Z] 🔍 Enhancing item 19853: Gurubashi Dwarf Destroyer (28/120)
[2025-11-03T14:40:49.927Z] ✅ Enhanced Gurubashi Dwarf Destroyer - Speed: 2.8, DPS: 38.9
[2025-11-03T14:40:49.927Z] 💾 Saved progress to turtle_db/items/weapons/guns.json
[2025-11-03T14:40:51.929Z] 🔍 Enhancing item 20245: 90 Green Warrior Gun (29/120)
[2025-11-03T14:40:56.003Z] ✅ Enhanced 90 Green Warrior Gun - Speed: 2.5, DPS: 46.4
[2025-11-03T14:40:56.003Z] 💾 Saved progress to turtle_db/items/weapons/guns.json
[2025-11-03T14:40:58.004Z] 🔍 Enhancing item 20285: 63 Green Warrior Gun (30/120)
[2025-11-03T14:41:02.156Z] ✅ Enhanced 63 Green Warrior Gun - Speed: 2.5, DPS: 29.4
[2025-11-03T14:41:02.157Z] 💾 Saved progress to turtle_db/items/weapons/guns.json
[2025-11-03T14:41:04.158Z] 🔍 Enhancing item 20722: Crystal Slugthrower (31/120)
[2025-11-03T14:41:08.232Z] ✅ Enhanced Crystal Slugthrower - Speed: 2.8, DPS: 33.4
[2025-11-03T14:41:08.233Z] 💾 Saved progress to turtle_db/items/weapons/guns.json
[2025-11-03T14:41:10.234Z] 🔍 Enhancing item 21272: Blessed Qiraji Musket (32/120)
[2025-11-03T14:41:14.305Z] ✅ Enhanced Blessed Qiraji Musket - Speed: 3.1, DPS: 47.3
[2025-11-03T14:41:14.305Z] 💾 Saved progress to turtle_db/items/weapons/guns.json
[2025-11-03T14:41:16.306Z] 🔍 Enhancing item 21800: Silithid Husked Launcher (33/120)
[2025-11-03T14:41:20.382Z] ✅ Enhanced Silithid Husked Launcher - Speed: 2.8, DPS: 35
[2025-11-03T14:41:20.383Z] 💾 Saved progress to turtle_db/items/weapons/guns.json
[2025-11-03T14:41:22.383Z] 🔍 Enhancing item 22656: The Purifier (34/120)
[2025-11-03T14:41:26.454Z] ✅ Enhanced The Purifier - Speed: 3, DPS: 35.3
[2025-11-03T14:41:26.454Z] 💾 Saved progress to turtle_db/items/weapons/guns.json
[2025-11-03T14:41:28.455Z] 🔍 Enhancing item 22810: Toxin Injector (35/120)
[2025-11-03T14:41:32.527Z] ✅ Enhanced Toxin Injector - Speed: 2, DPS: 50.8
[2025-11-03T14:41:32.527Z] 💾 Saved progress to turtle_db/items/weapons/guns.json
[2025-11-03T14:41:34.528Z] 🔍 Enhancing item 23557: Larvae of the Great Worm (36/120)
[2025-11-03T14:41:38.630Z] ✅ Enhanced Larvae of the Great Worm - Speed: 3, DPS: 49.2
[2025-11-03T14:41:38.631Z] 💾 Saved progress to turtle_db/items/weapons/guns.json
[2025-11-03T14:41:40.631Z] 🔍 Enhancing item 51746: Shadowblaster (37/120)
[2025-11-03T14:41:44.779Z] ✅ Enhanced Shadowblaster - Speed: 3.1, DPS: 31.9
[2025-11-03T14:41:44.780Z] 💾 Saved progress to turtle_db/items/weapons/guns.json
[2025-11-03T14:41:46.780Z] 🔍 Enhancing item 51780: Ghoulslayer Shotgun (38/120)
[2025-11-03T14:41:50.874Z] ✅ Enhanced Ghoulslayer Shotgun - Speed: 3.1, DPS: 37.4
[2025-11-03T14:41:50.875Z] 💾 Saved progress to turtle_db/items/weapons/guns.json
[2025-11-03T14:41:52.875Z] 🔍 Enhancing item 55068: Zan's Leperification Blaster (39/120)
[2025-11-03T14:41:56.921Z] ✅ Enhanced Zan's Leperification Blaster - Speed: 2.7, DPS: 26.1
[2025-11-03T14:41:56.921Z] 💾 Saved progress to turtle_db/items/weapons/guns.json
[2025-11-03T14:41:58.921Z] 🔍 Enhancing item 55379: Slag Slugger (40/120)
[2025-11-03T14:42:02.924Z] ✅ Enhanced Slag Slugger - Speed: 2.3, DPS: 9.3
[2025-11-03T14:42:02.925Z] 💾 Saved progress to turtle_db/items/weapons/guns.json
[2025-11-03T14:42:04.925Z] 🔍 Enhancing item 58083: Nippsy's Precision Rifle (41/120)
[2025-11-03T14:42:08.926Z] ✅ Enhanced Nippsy's Precision Rifle - Speed: 2.9, DPS: 24.7
[2025-11-03T14:42:08.927Z] 💾 Saved progress to turtle_db/items/weapons/guns.json
[2025-11-03T14:42:10.928Z] 🔍 Enhancing item 60545: Techrifle X-TREME 5200 (42/120)
[2025-11-03T14:42:14.928Z] ✅ Enhanced Techrifle X-TREME 5200 - Speed: 2.6, DPS: 28.1
[2025-11-03T14:42:14.929Z] 💾 Saved progress to turtle_db/items/weapons/guns.json
[2025-11-03T14:42:16.930Z] 🔍 Enhancing item 61011: Flintlocke's Hand Cannon (43/120)
[2025-11-03T14:42:20.932Z] ✅ Enhanced Flintlocke's Hand Cannon - Speed: 3.2, DPS: 36.9
[2025-11-03T14:42:20.933Z] 💾 Saved progress to turtle_db/items/weapons/guns.json
[2025-11-03T14:42:22.933Z] 🔍 Enhancing item 61068: Dark Iron Desecrator (44/120)
[2025-11-03T14:42:26.741Z] ✅ Enhanced Dark Iron Desecrator - Speed: 2.9, DPS: 39.5
[2025-11-03T14:42:26.742Z] 💾 Saved progress to turtle_db/items/weapons/guns.json
[2025-11-03T14:42:28.742Z] 🔍 Enhancing item 61248: Beasthunter's Blunderbuss (45/120)
[2025-11-03T14:42:32.863Z] ✅ Enhanced Beasthunter's Blunderbuss - Speed: 2.8, DPS: 37.5
[2025-11-03T14:42:32.864Z] 💾 Saved progress to turtle_db/items/weapons/guns.json
[2025-11-03T14:42:34.864Z] 🔍 Enhancing item 61307: Worgen Hunter Musket (46/120)
[2025-11-03T14:42:38.935Z] ✅ Enhanced Worgen Hunter Musket - Speed: 2.9, DPS: 24.5
[2025-11-03T14:42:38.935Z] 💾 Saved progress to turtle_db/items/weapons/guns.json
[2025-11-03T14:42:40.936Z] 🔍 Enhancing item 61383: Intricate Gnomish Blunderbuss (47/120)
[2025-11-03T14:42:44.937Z] ✅ Enhanced Intricate Gnomish Blunderbuss - Speed: 3, DPS: 18
[2025-11-03T14:42:44.938Z] 💾 Saved progress to turtle_db/items/weapons/guns.json
[2025-11-03T14:42:46.939Z] 🔍 Enhancing item 80795: Burstshot Harquebus (48/120)
[2025-11-03T14:42:52.077Z] ✅ Enhanced Burstshot Harquebus - Speed: 2.6, DPS: 28.8
[2025-11-03T14:42:52.078Z] 💾 Saved progress to turtle_db/items/weapons/guns.json
[2025-11-03T14:42:54.079Z] 🔍 Enhancing item 83257: Caer Darrow Reserve Rifle (49/120)
[2025-11-03T14:42:58.152Z] ✅ Enhanced Caer Darrow Reserve Rifle - Speed: 2.6, DPS: 32.7
[2025-11-03T14:42:58.152Z] 💾 Saved progress to turtle_db/items/weapons/guns.json
[2025-11-03T14:43:00.153Z] 🔍 Enhancing item 2508: Old Blunderbuss (50/120)
[2025-11-03T14:43:04.219Z] ✅ Enhanced Old Blunderbuss - Speed: 2.3, DPS: 1.5
[2025-11-03T14:43:04.220Z] 💾 Saved progress to turtle_db/items/weapons/guns.json
[2025-11-03T14:43:06.220Z] 🔍 Enhancing item 2511: Hunter's Boomstick (51/120)
[2025-11-03T14:43:10.293Z] ✅ Enhanced Hunter's Boomstick - Speed: 2.1, DPS: 5
[2025-11-03T14:43:10.294Z] 💾 Saved progress to turtle_db/items/weapons/guns.json
[2025-11-03T14:43:12.295Z] 🔍 Enhancing item 2904: Daryl's Hunting Rifle (52/120)
[2025-11-03T14:43:16.366Z] ✅ Enhanced Daryl's Hunting Rifle - Speed: 2.5, DPS: 6.4
[2025-11-03T14:43:16.367Z] 💾 Saved progress to turtle_db/items/weapons/guns.json
[2025-11-03T14:43:18.367Z] 🔍 Enhancing item 3023: Large Bore Blunderbuss (53/120)
[2025-11-03T14:43:22.436Z] ✅ Enhanced Large Bore Blunderbuss - Speed: 2.5, DPS: 7.4
[2025-11-03T14:43:22.437Z] 💾 Saved progress to turtle_db/items/weapons/guns.json
[2025-11-03T14:43:24.438Z] 🔍 Enhancing item 3024: BKP 2700 "Enforcer" (54/120)
[2025-11-03T14:43:28.506Z] ✅ Enhanced BKP 2700 "Enforcer" - Speed: 2.7, DPS: 9.6
[2025-11-03T14:43:28.507Z] 💾 Saved progress to turtle_db/items/weapons/guns.json
[2025-11-03T14:43:30.508Z] 🔍 Enhancing item 3025: BKP 42 "Ultra" (55/120)
[2025-11-03T14:43:34.578Z] ✅ Enhanced BKP 42 "Ultra" - Speed: 2.1, DPS: 13.8
[2025-11-03T14:43:34.578Z] 💾 Saved progress to turtle_db/items/weapons/guns.json
[2025-11-03T14:43:36.578Z] 🔍 Enhancing item 3040: Hunter's Muzzle Loader (56/120)
[2025-11-03T14:43:40.668Z] ✅ Enhanced Hunter's Muzzle Loader - Speed: 1.8, DPS: 7.5
[2025-11-03T14:43:40.669Z] 💾 Saved progress to turtle_db/items/weapons/guns.json
[2025-11-03T14:43:42.670Z] 🔍 Enhancing item 3079: Skorn's Rifle (57/120)
[2025-11-03T14:43:46.739Z] ✅ Enhanced Skorn's Rifle - Speed: 1.9, DPS: 5
[2025-11-03T14:43:46.740Z] 💾 Saved progress to turtle_db/items/weapons/guns.json
[2025-11-03T14:43:48.740Z] 🔍 Enhancing item 3430: Sniper Rifle (58/120)
[2025-11-03T14:44:05.393Z] ✅ Enhanced Sniper Rifle - Speed: 3, DPS: 20.2
[2025-11-03T14:44:05.394Z] 💾 Saved progress to turtle_db/items/weapons/guns.json
[2025-11-03T14:44:07.395Z] 🔍 Enhancing item 3567: Dwarven Fishing Pole (59/120)
[2025-11-03T14:44:11.467Z] ✅ Enhanced Dwarven Fishing Pole - Speed: 1.9, DPS: 7.4
[2025-11-03T14:44:11.467Z] 💾 Saved progress to turtle_db/items/weapons/guns.json
[2025-11-03T14:44:13.467Z] 🔍 Enhancing item 4086: Flash Rifle (60/120)
[2025-11-03T14:44:17.538Z] ✅ Enhanced Flash Rifle - Speed: 1.8, DPS: 15.3
[2025-11-03T14:44:17.539Z] 💾 Saved progress to turtle_db/items/weapons/guns.json
[2025-11-03T14:44:19.539Z] 🔍 Enhancing item 4089: Ricochet Blunderbuss (61/120)
[2025-11-03T14:44:23.629Z] ✅ Enhanced Ricochet Blunderbuss - Speed: 2.3, DPS: 22.4
[2025-11-03T14:44:23.629Z] 💾 Saved progress to turtle_db/items/weapons/guns.json
[2025-11-03T14:44:25.630Z] 🔍 Enhancing item 4111: Master Hunter's Rifle (62/120)
[2025-11-03T14:44:29.704Z] ✅ Enhanced Master Hunter's Rifle - Speed: 2.6, DPS: 20.6
[2025-11-03T14:44:29.704Z] 💾 Saved progress to turtle_db/items/weapons/guns.json
[2025-11-03T14:44:31.705Z] 🔍 Enhancing item 4127: Shrapnel Blaster (63/120)
[2025-11-03T14:44:35.772Z] ✅ Enhanced Shrapnel Blaster - Speed: 1.9, DPS: 17.4
[2025-11-03T14:44:35.772Z] 💾 Saved progress to turtle_db/items/weapons/guns.json
[2025-11-03T14:44:37.772Z] 🔍 Enhancing item 4362: Rough Boomstick (64/120)
[2025-11-03T14:44:41.842Z] ✅ Enhanced Rough Boomstick - Speed: 2.3, DPS: 4.1
[2025-11-03T14:44:41.842Z] 💾 Saved progress to turtle_db/items/weapons/guns.json
[2025-11-03T14:44:43.843Z] 🔍 Enhancing item 4369: Deadly Blunderbuss (65/120)
[2025-11-03T14:44:47.913Z] ✅ Enhanced Deadly Blunderbuss - Speed: 2.6, DPS: 8.3
[2025-11-03T14:44:47.913Z] 💾 Saved progress to turtle_db/items/weapons/guns.json
[2025-11-03T14:44:49.913Z] 🔍 Enhancing item 4372: Lovingly Crafted Boomstick (66/120)
[2025-11-03T14:44:53.972Z] ✅ Enhanced Lovingly Crafted Boomstick - Speed: 1.8, DPS: 9.7
[2025-11-03T14:44:53.972Z] 💾 Saved progress to turtle_db/items/weapons/guns.json
[2025-11-03T14:44:55.973Z] 🔍 Enhancing item 4383: Moonsight Rifle (67/120)
[2025-11-03T14:44:59.975Z] ✅ Enhanced Moonsight Rifle - Speed: 1.7, DPS: 11.8
[2025-11-03T14:44:59.975Z] 💾 Saved progress to turtle_db/items/weapons/guns.json
[2025-11-03T14:45:01.977Z] 🔍 Enhancing item 4577: Compact Shotgun (68/120)
[2025-11-03T14:45:05.976Z] ✅ Enhanced Compact Shotgun - Speed: 2, DPS: 5.3
[2025-11-03T14:45:05.977Z] 💾 Saved progress to turtle_db/items/weapons/guns.json
[2025-11-03T14:45:07.977Z] 🔍 Enhancing item 5309: Privateer Musket (69/120)
[2025-11-03T14:45:11.978Z] ✅ Enhanced Privateer Musket - Speed: 2.3, DPS: 7.8
[2025-11-03T14:45:11.978Z] 💾 Saved progress to turtle_db/items/weapons/guns.json
[2025-11-03T14:45:13.978Z] 🔍 Enhancing item 8181: Hunting Rifle (70/120)
[2025-11-03T14:45:17.619Z] ✅ Enhanced Hunting Rifle - Speed: 2.7, DPS: 3
[2025-11-03T14:45:17.619Z] 💾 Saved progress to turtle_db/items/weapons/guns.json
[2025-11-03T14:45:19.620Z] 🔍 Enhancing item 8188: Explosive Shotgun (71/120)
[2025-11-03T14:45:23.715Z] ✅ Enhanced Explosive Shotgun - Speed: 2.1, DPS: 15.2
[2025-11-03T14:45:23.715Z] 💾 Saved progress to turtle_db/items/weapons/guns.json
[2025-11-03T14:45:25.716Z] 🔍 Enhancing item 10508: Mithril Blunderbuss (72/120)
[2025-11-03T14:45:29.783Z] ✅ Enhanced Mithril Blunderbuss - Speed: 2.9, DPS: 17.9
[2025-11-03T14:45:29.783Z] 💾 Saved progress to turtle_db/items/weapons/guns.json
[2025-11-03T14:45:31.783Z] 🔍 Enhancing item 10510: Mithril Heavy-bore Rifle (73/120)
[2025-11-03T14:45:35.909Z] ✅ Enhanced Mithril Heavy-bore Rifle - Speed: 2.9, DPS: 20.2
[2025-11-03T14:45:35.909Z] 💾 Saved progress to turtle_db/items/weapons/guns.json
[2025-11-03T14:45:37.909Z] 🔍 Enhancing item 12446: Anvilmar Musket (74/120)
[2025-11-03T14:45:41.912Z] ✅ Enhanced Anvilmar Musket - Speed: 2.7, DPS: 2.2
[2025-11-03T14:45:41.913Z] 💾 Saved progress to turtle_db/items/weapons/guns.json
[2025-11-03T14:45:43.913Z] 🔍 Enhancing item 12448: Light Hunting Rifle (75/120)
[2025-11-03T14:45:47.981Z] ✅ Enhanced Light Hunting Rifle - Speed: 1.9, DPS: 2.1
[2025-11-03T14:45:47.982Z] 💾 Saved progress to turtle_db/items/weapons/guns.json
[2025-11-03T14:45:49.983Z] 🔍 Enhancing item 13474: Farmer Dalson's Shotgun (76/120)
[2025-11-03T14:45:53.992Z] ✅ Enhanced Farmer Dalson's Shotgun - Speed: 1.9, DPS: 25.8
[2025-11-03T14:45:53.992Z] 💾 Saved progress to turtle_db/items/weapons/guns.json
[2025-11-03T14:45:55.993Z] 🔍 Enhancing item 15205: Owlsight Rifle (77/120)
[2025-11-03T14:45:59.993Z] ✅ Enhanced Owlsight Rifle - Speed: 2.6, DPS: 7.9
[2025-11-03T14:45:59.994Z] 💾 Saved progress to turtle_db/items/weapons/guns.json
[2025-11-03T14:46:01.994Z] 🔍 Enhancing item 15322: Smoothbore Gun (78/120)
[2025-11-03T14:46:05.996Z] ✅ Enhanced Smoothbore Gun - Speed: 2.5, DPS: 16.6
[2025-11-03T14:46:05.996Z] 💾 Saved progress to turtle_db/items/weapons/guns.json
[2025-11-03T14:46:07.997Z] 🔍 Enhancing item 15323: Percussion Shotgun (79/120)
[2025-11-03T14:46:11.998Z] ✅ Enhanced Percussion Shotgun - Speed: 2.3, DPS: 23.3
[2025-11-03T14:46:11.999Z] 💾 Saved progress to turtle_db/items/weapons/guns.json
[2025-11-03T14:46:13.999Z] 🔍 Enhancing item 15324: Burnside Rifle (80/120)
[2025-11-03T14:46:18.001Z] ✅ Enhanced Burnside Rifle - Speed: 2.5, DPS: 26
[2025-11-03T14:46:18.002Z] 💾 Saved progress to turtle_db/items/weapons/guns.json
[2025-11-03T14:46:20.003Z] 🔍 Enhancing item 15325: Sharpshooter Harquebus (81/120)
[2025-11-03T14:46:33.599Z] ✅ Enhanced Sharpshooter Harquebus - Speed: 2.2, DPS: 28
[2025-11-03T14:46:33.600Z] 💾 Saved progress to turtle_db/items/weapons/guns.json
[2025-11-03T14:46:35.601Z] 🔍 Enhancing item 15691: Sidegunner Shottie (82/120)
[2025-11-03T14:46:39.670Z] ✅ Enhanced Sidegunner Shottie - Speed: 2.9, DPS: 16
[2025-11-03T14:46:39.670Z] 💾 Saved progress to turtle_db/items/weapons/guns.json
[2025-11-03T14:46:41.671Z] 🔍 Enhancing item 15995: Thorium Rifle (83/120)
[2025-11-03T14:46:45.743Z] ✅ Enhanced Thorium Rifle - Speed: 2.5, DPS: 24.2
[2025-11-03T14:46:45.744Z] 💾 Saved progress to turtle_db/items/weapons/guns.json
[2025-11-03T14:46:47.744Z] 🔍 Enhancing item 16992: Smokey's Explosive Launcher (84/120)
[2025-11-03T14:46:51.813Z] ✅ Enhanced Smokey's Explosive Launcher - Speed: 2.7, DPS: 27.8
[2025-11-03T14:46:51.814Z] 💾 Saved progress to turtle_db/items/weapons/guns.json
[2025-11-03T14:46:53.814Z] 🔍 Enhancing item 17042: Nail Spitter (85/120)
[2025-11-03T14:46:57.887Z] ✅ Enhanced Nail Spitter - Speed: 1.9, DPS: 14.7
[2025-11-03T14:46:57.888Z] 💾 Saved progress to turtle_db/items/weapons/guns.json
[2025-11-03T14:46:59.888Z] 🔍 Enhancing item 17687: Master Hunter's Rifle (86/120)
[2025-11-03T14:47:03.962Z] ✅ Enhanced Master Hunter's Rifle - Speed: 2.6, DPS: 19.4
[2025-11-03T14:47:03.963Z] 💾 Saved progress to turtle_db/items/weapons/guns.json
[2025-11-03T14:47:05.963Z] 🔍 Enhancing item 18460: Unsophisticated Hand Cannon (87/120)
[2025-11-03T14:47:10.034Z] ✅ Enhanced Unsophisticated Hand Cannon - Speed: 2.5, DPS: 27.8
[2025-11-03T14:47:10.035Z] 💾 Saved progress to turtle_db/items/weapons/guns.json
[2025-11-03T14:47:12.035Z] 🔍 Enhancing item 51759: Siege Bomber (88/120)
[2025-11-03T14:47:16.010Z] ✅ Enhanced Siege Bomber - Speed: 2.8, DPS: 18.6
[2025-11-03T14:47:16.011Z] 💾 Saved progress to turtle_db/items/weapons/guns.json
[2025-11-03T14:47:18.011Z] 🔍 Enhancing item 51794: Otherworldly Rifle (89/120)
[2025-11-03T14:47:22.088Z] ✅ Enhanced Otherworldly Rifle - Speed: 2.6, DPS: 24.1
[2025-11-03T14:47:22.089Z] 💾 Saved progress to turtle_db/items/weapons/guns.json
[2025-11-03T14:47:24.089Z] 🔍 Enhancing item 51828: Hawkwind Rifle (90/120)
[2025-11-03T14:47:28.011Z] ✅ Enhanced Hawkwind Rifle - Speed: 2.6, DPS: 3.5
[2025-11-03T14:47:28.012Z] 💾 Saved progress to turtle_db/items/weapons/guns.json
[2025-11-03T14:47:30.012Z] 🔍 Enhancing item 58284: Waterlogged Blunderbuss (91/120)
[2025-11-03T14:47:34.096Z] ✅ Enhanced Waterlogged Blunderbuss - Speed: 3, DPS: 14.3
[2025-11-03T14:47:34.096Z] 💾 Saved progress to turtle_db/items/weapons/guns.json
[2025-11-03T14:47:36.097Z] 🔍 Enhancing item 60165: Wobblefree Fizz-rifle (92/120)
[2025-11-03T14:47:39.745Z] ✅ Enhanced Wobblefree Fizz-rifle - Speed: 2.6, DPS: 34.2
[2025-11-03T14:47:39.745Z] 💾 Saved progress to turtle_db/items/weapons/guns.json
[2025-11-03T14:47:41.745Z] 🔍 Enhancing item 61472: Brigade Rifle (93/120)
[2025-11-03T14:47:45.813Z] ✅ Enhanced Brigade Rifle - Speed: 2.8, DPS: 21.1
[2025-11-03T14:47:45.813Z] 💾 Saved progress to turtle_db/items/weapons/guns.json
[2025-11-03T14:47:47.814Z] 🔍 Enhancing item 61629: Farmer's Musket (94/120)
[2025-11-03T14:47:51.883Z] ✅ Enhanced Farmer's Musket - Speed: 2.6, DPS: 21.9
[2025-11-03T14:47:51.883Z] 💾 Saved progress to turtle_db/items/weapons/guns.json
[2025-11-03T14:47:53.884Z] 🔍 Enhancing item 80106: Miscalibrated Rifle (95/120)
[2025-11-03T14:47:57.959Z] ✅ Enhanced Miscalibrated Rifle - Speed: 2.8, DPS: 2.5
[2025-11-03T14:47:57.959Z] 💾 Saved progress to turtle_db/items/weapons/guns.json
[2025-11-03T14:47:59.960Z] 🔍 Enhancing item 80127: Polished Boomstick (96/120)
[2025-11-03T14:48:04.016Z] ✅ Enhanced Polished Boomstick - Speed: 2.4, DPS: 4.8
[2025-11-03T14:48:04.017Z] 💾 Saved progress to turtle_db/items/weapons/guns.json
[2025-11-03T14:48:06.018Z] 🔍 Enhancing item 83094: Monster - Rifle2H, Mechagnome (97/120)
[2025-11-03T14:48:10.085Z] ✅ Enhanced Monster - Rifle2H, Mechagnome - Speed: 2.6, DPS: 2.5
[2025-11-03T14:48:10.085Z] 💾 Saved progress to turtle_db/items/weapons/guns.json
[2025-11-03T14:48:12.086Z] 🔍 Enhancing item 2509: Ornate Blunderbuss (98/120)
[2025-11-03T14:48:16.020Z] ✅ Enhanced Ornate Blunderbuss - Speed: 2.2, DPS: 3
[2025-11-03T14:48:16.020Z] 💾 Saved progress to turtle_db/items/weapons/guns.json
[2025-11-03T14:48:18.021Z] 🔍 Enhancing item 2510: Solid Blunderbuss (99/120)
[2025-11-03T14:48:22.089Z] ✅ Enhanced Solid Blunderbuss - Speed: 2.2, DPS: 2
[2025-11-03T14:48:22.090Z] 💾 Saved progress to turtle_db/items/weapons/guns.json
[2025-11-03T14:48:24.090Z] 🔍 Enhancing item 2552: Monster - Gun (100/120)
[2025-11-03T14:48:28.021Z] ✅ Enhanced Monster - Gun - Speed: 2, DPS: 0.8
[2025-11-03T14:48:28.022Z] 💾 Saved progress to turtle_db/items/weapons/guns.json
[2025-11-03T14:48:30.023Z] 🔍 Enhancing item 2774: Rust-covered Blunderbuss (101/120)
[2025-11-03T14:48:37.656Z] ✅ Enhanced Rust-covered Blunderbuss - Speed: 2.4, DPS: 1.9
[2025-11-03T14:48:37.656Z] 💾 Saved progress to turtle_db/items/weapons/guns.json
[2025-11-03T14:48:39.658Z] 🔍 Enhancing item 2778: Cheap Blunderbuss (102/120)
[2025-11-03T14:48:43.737Z] ✅ Enhanced Cheap Blunderbuss - Speed: 2.2, DPS: 3.2
[2025-11-03T14:48:43.738Z] 💾 Saved progress to turtle_db/items/weapons/guns.json
[2025-11-03T14:48:45.738Z] 🔍 Enhancing item 2781: Dirty Blunderbuss (103/120)
[2025-11-03T14:48:55.553Z] ✅ Enhanced Dirty Blunderbuss - Speed: 2.2, DPS: 4.1
[2025-11-03T14:48:55.553Z] 💾 Saved progress to turtle_db/items/weapons/guns.json
[2025-11-03T14:48:57.554Z] 🔍 Enhancing item 2783: Shoddy Blunderbuss (104/120)
[2025-11-03T14:49:01.640Z] ✅ Enhanced Shoddy Blunderbuss - Speed: 2.1, DPS: 5
[2025-11-03T14:49:01.640Z] 💾 Saved progress to turtle_db/items/weapons/guns.json
[2025-11-03T14:49:03.641Z] 🔍 Enhancing item 2786: Oiled Blunderbuss (105/120)
[2025-11-03T14:49:07.729Z] ✅ Enhanced Oiled Blunderbuss - Speed: 2, DPS: 7
[2025-11-03T14:49:07.730Z] 💾 Saved progress to turtle_db/items/weapons/guns.json
[2025-11-03T14:49:09.730Z] 🔍 Enhancing item 3780: Long-barreled Musket (106/120)
[2025-11-03T14:49:26.781Z] ✅ Enhanced Long-barreled Musket - Speed: 2.6, DPS: 7.9
[2025-11-03T14:49:26.782Z] 💾 Saved progress to turtle_db/items/weapons/guns.json
[2025-11-03T14:49:28.782Z] 🔍 Enhancing item 4026: Sentinel Musket (107/120)
[2025-11-03T14:49:32.872Z] ✅ Enhanced Sentinel Musket - Speed: 2.8, DPS: 11.6
[2025-11-03T14:49:32.872Z] 💾 Saved progress to turtle_db/items/weapons/guns.json
[2025-11-03T14:49:34.873Z] 🔍 Enhancing item 8182: Pellet Rifle (108/120)
[2025-11-03T14:49:38.942Z] ✅ Enhanced Pellet Rifle - Speed: 2.6, DPS: 2.5
[2025-11-03T14:49:38.943Z] 💾 Saved progress to turtle_db/items/weapons/guns.json
[2025-11-03T14:49:40.944Z] 🔍 Enhancing item 11021: Monster - Big Sniper Gun (109/120)
[2025-11-03T14:49:45.092Z] ✅ Enhanced Monster - Big Sniper Gun - Speed: 2, DPS: 0.8
[2025-11-03T14:49:45.092Z] 💾 Saved progress to turtle_db/items/weapons/guns.json
[2025-11-03T14:49:47.093Z] 🔍 Enhancing item 12523: Monster - Gun, Silver Musket (110/120)
[2025-11-03T14:49:51.271Z] ✅ Enhanced Monster - Gun, Silver Musket - Speed: 2, DPS: 0.8
[2025-11-03T14:49:51.271Z] 💾 Saved progress to turtle_db/items/weapons/guns.json
[2025-11-03T14:49:53.272Z] 🔍 Enhancing item 13825: Primed Musket (111/120)
[2025-11-03T14:49:57.361Z] ✅ Enhanced Primed Musket - Speed: 1.8, DPS: 15.8
[2025-11-03T14:49:57.361Z] 💾 Saved progress to turtle_db/items/weapons/guns.json
[2025-11-03T14:49:59.362Z] 🔍 Enhancing item 13923: Monster - Gun, Tauren Blade Silver (112/120)
[2025-11-03T14:50:03.434Z] ✅ Enhanced Monster - Gun, Tauren Blade Silver - Speed: 2, DPS: 0.8
[2025-11-03T14:50:03.435Z] 💾 Saved progress to turtle_db/items/weapons/guns.json
[2025-11-03T14:50:05.436Z] 🔍 Enhancing item 13924: Monster - Gun, Tauren Scope Blade Feathered Silver Deluxe (113/120)
[2025-11-03T14:50:09.504Z] ✅ Enhanced Monster - Gun, Tauren Scope Blade Feathered Silver Deluxe - Speed: 2, DPS: 0.8
[2025-11-03T14:50:09.505Z] 💾 Saved progress to turtle_db/items/weapons/guns.json
[2025-11-03T14:50:11.505Z] 🔍 Enhancing item 14642: Monster - Gun, Tauren Feathers Silver (114/120)
[2025-11-03T14:50:15.604Z] ✅ Enhanced Monster - Gun, Tauren Feathers Silver - Speed: 2, DPS: 0.8
[2025-11-03T14:50:15.604Z] 💾 Saved progress to turtle_db/items/weapons/guns.json
[2025-11-03T14:50:17.604Z] 🔍 Enhancing item 15460: Monster - Gun, Shotgun (115/120)
[2025-11-03T14:50:21.674Z] ✅ Enhanced Monster - Gun, Shotgun - Speed: 2, DPS: 0.8
[2025-11-03T14:50:21.674Z] 💾 Saved progress to turtle_db/items/weapons/guns.json
[2025-11-03T14:50:23.675Z] 🔍 Enhancing item 21554: Monster - Gun, PvP Horde (116/120)
[2025-11-03T14:50:27.744Z] ✅ Enhanced Monster - Gun, PvP Horde - Speed: 2, DPS: 0.8
[2025-11-03T14:50:27.744Z] 💾 Saved progress to turtle_db/items/weapons/guns.json
[2025-11-03T14:50:29.745Z] 🔍 Enhancing item 21564: Monster - Gun, Kaldorei PVP Alliance (117/120)
[2025-11-03T14:50:33.812Z] ✅ Enhanced Monster - Gun, Kaldorei PVP Alliance - Speed: 2, DPS: 0.8
[2025-11-03T14:50:33.813Z] 💾 Saved progress to turtle_db/items/weapons/guns.json
[2025-11-03T14:50:35.813Z] 🔍 Enhancing item 41023: Water-logged Musket (118/120)
[2025-11-03T14:50:39.884Z] ✅ Enhanced Water-logged Musket - Speed: 2.2, DPS: 1.8
[2025-11-03T14:50:39.885Z] 💾 Saved progress to turtle_db/items/weapons/guns.json
[2025-11-03T14:50:41.885Z] 🔍 Enhancing item 58086: Standard Grade Rifle (119/120)
[2025-11-03T14:50:45.952Z] ✅ Enhanced Standard Grade Rifle - Speed: 2.6, DPS: 2.5
[2025-11-03T14:50:45.952Z] 💾 Saved progress to turtle_db/items/weapons/guns.json
[2025-11-03T14:50:47.954Z] 🔍 Enhancing item 51862: Brave's Rifle (120/120)
[2025-11-03T14:50:52.021Z] ✅ Enhanced Brave's Rifle - Speed: 2.6, DPS: 9
[2025-11-03T14:50:52.021Z] 💾 Saved progress to turtle_db/items/weapons/guns.json
[2025-11-03T14:50:54.021Z] 📊 Enhancement complete for turtle_db/items/weapons/guns.json
[2025-11-03T14:50:54.021Z]    Enhanced: 120 items
[2025-11-03T14:50:54.021Z]    Skipped: 0 items
[2025-11-03T14:50:54.022Z] 📂 Processing weapon file: turtle_db/items/weapons/polearms.json
[2025-11-03T14:50:54.022Z] 📊 Found 75 items in turtle_db/items/weapons/polearms.json
[2025-11-03T14:50:54.022Z] 🔍 Enhancing item 7758: Ruthless Shiv (1/75)
[2025-11-03T14:50:58.024Z] ✅ Enhanced Ruthless Shiv - Speed: 2.7, DPS: 34.8
[2025-11-03T14:50:58.025Z] 💾 Saved progress to turtle_db/items/weapons/polearms.json
[2025-11-03T14:51:00.025Z] 🔍 Enhancing item 7959: Blight (2/75)
[2025-11-03T14:51:04.096Z] ✅ Enhanced Blight - Speed: 2.7, DPS: 43.3
[2025-11-03T14:51:04.096Z] 💾 Saved progress to turtle_db/items/weapons/polearms.json
[2025-11-03T14:51:06.097Z] 🔍 Enhancing item 9416: Grimlok's Charge (3/75)
[2025-11-03T14:51:10.055Z] ✅ Enhanced Grimlok's Charge - Speed: 2.7, DPS: 40.9
[2025-11-03T14:51:10.056Z] 💾 Saved progress to turtle_db/items/weapons/polearms.json
[2025-11-03T14:51:12.056Z] 🔍 Enhancing item 9475: Diabolic Skiver (4/75)
[2025-11-03T14:51:16.226Z] ✅ Enhanced Diabolic Skiver - Speed: 2.9, DPS: 42.8
[2025-11-03T14:51:16.226Z] 💾 Saved progress to turtle_db/items/weapons/polearms.json
[2025-11-03T14:51:18.227Z] 🔍 Enhancing item 9480: Eyegouger (5/75)
[2025-11-03T14:51:22.058Z] ✅ Enhanced Eyegouger - Speed: 3, DPS: 41.8
[2025-11-03T14:51:22.060Z] 💾 Saved progress to turtle_db/items/weapons/polearms.json
[2025-11-03T14:51:24.061Z] 🔍 Enhancing item 11809: Flame Wrath (6/75)
[2025-11-03T14:51:28.131Z] ✅ Enhanced Flame Wrath - Speed: 3.3, DPS: 48.2
[2025-11-03T14:51:28.132Z] 💾 Saved progress to turtle_db/items/weapons/polearms.json
[2025-11-03T14:51:30.132Z] 🔍 Enhancing item 12583: Blackhand Doomsaw (7/75)
[2025-11-03T14:51:34.061Z] ✅ Enhanced Blackhand Doomsaw - Speed: 3.5, DPS: 54
[2025-11-03T14:51:34.061Z] 💾 Saved progress to turtle_db/items/weapons/polearms.json
[2025-11-03T14:51:36.062Z] 🔍 Enhancing item 12989: Gargoyle's Bite (8/75)
[2025-11-03T14:51:40.153Z] ✅ Enhanced Gargoyle's Bite - Speed: 2.9, DPS: 19
[2025-11-03T14:51:40.154Z] 💾 Saved progress to turtle_db/items/weapons/polearms.json
[2025-11-03T14:51:42.155Z] 🔍 Enhancing item 13054: Grim Reaper (9/75)
[2025-11-03T14:51:46.063Z] ✅ Enhanced Grim Reaper - Speed: 3.1, DPS: 35.6
[2025-11-03T14:51:46.063Z] 💾 Saved progress to turtle_db/items/weapons/polearms.json
[2025-11-03T14:51:48.064Z] 🔍 Enhancing item 13055: Bonechewer (10/75)
[2025-11-03T14:51:52.156Z] ✅ Enhanced Bonechewer - Speed: 2.8, DPS: 42
[2025-11-03T14:51:52.156Z] 💾 Saved progress to turtle_db/items/weapons/polearms.json
[2025-11-03T14:51:54.157Z] 🔍 Enhancing item 13056: Frenzied Striker (11/75)
[2025-11-03T14:51:58.065Z] ✅ Enhanced Frenzied Striker - Speed: 2.8, DPS: 48.2
[2025-11-03T14:51:58.066Z] 💾 Saved progress to turtle_db/items/weapons/polearms.json
[2025-11-03T14:52:00.067Z] 🔍 Enhancing item 13057: Bloodpike (12/75)
[2025-11-03T14:52:04.158Z] ✅ Enhanced Bloodpike - Speed: 3.2, DPS: 23.1
[2025-11-03T14:52:04.159Z] 💾 Saved progress to turtle_db/items/weapons/polearms.json
[2025-11-03T14:52:06.159Z] 🔍 Enhancing item 13058: Khoo's Point (13/75)
[2025-11-03T14:52:10.069Z] ✅ Enhanced Khoo's Point - Speed: 2.5, DPS: 38.8
[2025-11-03T14:52:10.070Z] 💾 Saved progress to turtle_db/items/weapons/polearms.json
[2025-11-03T14:52:12.070Z] 🔍 Enhancing item 13148: Chillpike (14/75)
[2025-11-03T14:52:16.248Z] ✅ Enhanced Chillpike - Speed: 2.8, DPS: 52.3
[2025-11-03T14:52:16.248Z] 💾 Saved progress to turtle_db/items/weapons/polearms.json
[2025-11-03T14:52:18.249Z] 🔍 Enhancing item 17074: Shadowstrike (15/75)
[2025-11-03T14:52:22.326Z] ✅ Enhanced Shadowstrike - Speed: 3.1, DPS: 66.1
[2025-11-03T14:52:22.326Z] 💾 Saved progress to turtle_db/items/weapons/polearms.json
[2025-11-03T14:52:24.327Z] 🔍 Enhancing item 17223: Thunderstrike (16/75)
[2025-11-03T14:52:28.411Z] ✅ Enhanced Thunderstrike - Speed: 3.1, DPS: 66.1
[2025-11-03T14:52:28.411Z] 💾 Saved progress to turtle_db/items/weapons/polearms.json
[2025-11-03T14:52:30.411Z] 🔍 Enhancing item 18502: Monstrous Glaive (17/75)
[2025-11-03T14:52:35.078Z] ✅ Enhanced Monstrous Glaive - Speed: 2.9, DPS: 53.1
[2025-11-03T14:52:35.078Z] 💾 Saved progress to turtle_db/items/weapons/polearms.json
[2025-11-03T14:52:37.078Z] 🔍 Enhancing item 18725: Peacemaker (18/75)
[2025-11-03T14:52:41.080Z] ✅ Enhanced Peacemaker - Speed: 3.4, DPS: 50.4
[2025-11-03T14:52:41.080Z] 💾 Saved progress to turtle_db/items/weapons/polearms.json
[2025-11-03T14:52:43.081Z] 🔍 Enhancing item 18869: Grand Marshal's Glaive (19/75)
[2025-11-03T14:52:47.083Z] ✅ Enhanced Grand Marshal's Glaive - Speed: 3.8, DPS: 84.5
[2025-11-03T14:52:47.084Z] 💾 Saved progress to turtle_db/items/weapons/polearms.json
[2025-11-03T14:52:49.084Z] 🔍 Enhancing item 18871: High Warlord's Pig Sticker (20/75)
[2025-11-03T14:52:53.083Z] ✅ Enhanced High Warlord's Pig Sticker - Speed: 3.8, DPS: 84.5
[2025-11-03T14:52:53.084Z] 💾 Saved progress to turtle_db/items/weapons/polearms.json
[2025-11-03T14:52:55.085Z] 🔍 Enhancing item 19167: Blackfury (21/75)
[2025-11-03T14:52:59.088Z] ✅ Enhanced Blackfury - Speed: 3.3, DPS: 59.5
[2025-11-03T14:52:59.088Z] 💾 Saved progress to turtle_db/items/weapons/polearms.json
[2025-11-03T14:53:01.088Z] 🔍 Enhancing item 19874: Halberd of Smiting (22/75)
[2025-11-03T14:53:04.876Z] ✅ Enhanced Halberd of Smiting - Speed: 3.5, DPS: 62.6
[2025-11-03T14:53:04.877Z] 💾 Saved progress to turtle_db/items/weapons/polearms.json
[2025-11-03T14:53:06.877Z] 🔍 Enhancing item 19963: Pitchfork of Madness (23/75)
[2025-11-03T14:53:10.950Z] ✅ Enhanced Pitchfork of Madness - Speed: 3.5, DPS: 58.4
[2025-11-03T14:53:10.950Z] 💾 Saved progress to turtle_db/items/weapons/polearms.json
[2025-11-03T14:53:12.951Z] 🔍 Enhancing item 21635: Barb of the Sand Reaver (24/75)
[2025-11-03T14:53:17.019Z] ✅ Enhanced Barb of the Sand Reaver - Speed: 3.7, DPS: 76.1
[2025-11-03T14:53:17.019Z] 💾 Saved progress to turtle_db/items/weapons/polearms.json
[2025-11-03T14:53:19.020Z] 🔍 Enhancing item 22314: Huntsman's Harpoon (25/75)
[2025-11-03T14:53:23.085Z] ✅ Enhanced Huntsman's Harpoon - Speed: 3.6, DPS: 52.2
[2025-11-03T14:53:23.086Z] 💾 Saved progress to turtle_db/items/weapons/polearms.json
[2025-11-03T14:53:25.086Z] 🔍 Enhancing item 23039: The Eye of Nerub (26/75)
[2025-11-03T14:53:29.096Z] ✅ Enhanced The Eye of Nerub - Speed: 3.7, DPS: 85
[2025-11-03T14:53:29.096Z] 💾 Saved progress to turtle_db/items/weapons/polearms.json
[2025-11-03T14:53:31.096Z] 🔍 Enhancing item 41562: Flamescale Pike (27/75)
[2025-11-03T14:53:35.099Z] ✅ Enhanced Flamescale Pike - Speed: 3.1, DPS: 29.2
[2025-11-03T14:53:35.099Z] 💾 Saved progress to turtle_db/items/weapons/polearms.json
[2025-11-03T14:53:37.099Z] 🔍 Enhancing item 55381: Phytolance (28/75)
[2025-11-03T14:53:40.763Z] ✅ Enhanced Phytolance - Speed: 3, DPS: 19.5
[2025-11-03T14:53:40.763Z] 💾 Saved progress to turtle_db/items/weapons/polearms.json
[2025-11-03T14:53:42.764Z] 🔍 Enhancing item 55495: Zandalar Predator's Glaive (29/75)
[2025-11-03T14:53:46.838Z] ✅ Enhanced Zandalar Predator's Glaive - Speed: 3.5, DPS: 62.6
[2025-11-03T14:53:46.839Z] 💾 Saved progress to turtle_db/items/weapons/polearms.json
[2025-11-03T14:53:48.839Z] 🔍 Enhancing item 58058: Harpoon of Ahab (30/75)
[2025-11-03T14:53:52.908Z] ✅ Enhanced Harpoon of Ahab - Speed: 3.2, DPS: 36.9
[2025-11-03T14:53:52.909Z] 💾 Saved progress to turtle_db/items/weapons/polearms.json
[2025-11-03T14:53:54.910Z] 🔍 Enhancing item 60498: Halberd of the Bronze Defender (31/75)
[2025-11-03T14:53:58.976Z] ✅ Enhanced Halberd of the Bronze Defender - Speed: 3.6, DPS: 58.3
[2025-11-03T14:53:58.977Z] 💾 Saved progress to turtle_db/items/weapons/polearms.json
[2025-11-03T14:54:00.977Z] 🔍 Enhancing item 60787: Scythe of the Harvest (32/75)
[2025-11-03T14:54:05.068Z] ✅ Enhanced Scythe of the Harvest - Speed: 2.7, DPS: 45.4
[2025-11-03T14:54:05.069Z] 💾 Saved progress to turtle_db/items/weapons/polearms.json
[2025-11-03T14:54:07.070Z] 🔍 Enhancing item 60818: Garran's Pike (33/75)
[2025-11-03T14:54:11.109Z] ✅ Enhanced Garran's Pike - Speed: 3, DPS: 40
[2025-11-03T14:54:11.109Z] 💾 Saved progress to turtle_db/items/weapons/polearms.json
[2025-11-03T14:54:13.110Z] 🔍 Enhancing item 60951: Krog's Pike (34/75)
[2025-11-03T14:54:17.112Z] ✅ Enhanced Krog's Pike - Speed: 3.2, DPS: 40.2
[2025-11-03T14:54:17.112Z] 💾 Saved progress to turtle_db/items/weapons/polearms.json
[2025-11-03T14:54:19.113Z] 🔍 Enhancing item 61534: Fisher's Harpoon (35/75)
[2025-11-03T14:54:23.115Z] ✅ Enhanced Fisher's Harpoon - Speed: 3.5, DPS: 49.1
[2025-11-03T14:54:23.116Z] 💾 Saved progress to turtle_db/items/weapons/polearms.json
[2025-11-03T14:54:25.116Z] 🔍 Enhancing item 61596: Defender's Glaive (36/75)
[2025-11-03T14:54:29.119Z] ✅ Enhanced Defender's Glaive - Speed: 2.5, DPS: 41.2
[2025-11-03T14:54:29.119Z] 💾 Saved progress to turtle_db/items/weapons/polearms.json
[2025-11-03T14:54:31.120Z] 🔍 Enhancing item 61650: Jadestone Skewer (37/75)
[2025-11-03T14:54:35.122Z] ✅ Enhanced Jadestone Skewer - Speed: 3.1, DPS: 72.9
[2025-11-03T14:54:35.122Z] 💾 Saved progress to turtle_db/items/weapons/polearms.json
[2025-11-03T14:54:37.122Z] 🔍 Enhancing item 80638: Revantusk Shadow Hunter's Striker (38/75)
[2025-11-03T14:54:41.123Z] ✅ Enhanced Revantusk Shadow Hunter's Striker - Speed: 3.4, DPS: 55.7
[2025-11-03T14:54:41.123Z] 💾 Saved progress to turtle_db/items/weapons/polearms.json
[2025-11-03T14:54:43.123Z] 🔍 Enhancing item 81369: Blade of the Blademaster (39/75)
[2025-11-03T14:54:47.126Z] ✅ Enhanced Blade of the Blademaster - Speed: 2.9, DPS: 60.2
[2025-11-03T14:54:47.126Z] 💾 Saved progress to turtle_db/items/weapons/polearms.json
[2025-11-03T14:54:49.127Z] 🔍 Enhancing item 83461: Cryptkeeper's Pike (40/75)
[2025-11-03T14:54:52.890Z] ✅ Enhanced Cryptkeeper's Pike - Speed: 3.7, DPS: 54.7
[2025-11-03T14:54:52.890Z] 💾 Saved progress to turtle_db/items/weapons/polearms.json
[2025-11-03T14:54:54.891Z] 🔍 Enhancing item 83562: Skaldrenox's Rage (41/75)
[2025-11-03T14:54:59.069Z] ✅ Enhanced Skaldrenox's Rage - Speed: 3.8, DPS: 64.6
[2025-11-03T14:54:59.069Z] 💾 Saved progress to turtle_db/items/weapons/polearms.json
[2025-11-03T14:55:01.070Z] 🔍 Enhancing item 1485: Pitchfork (42/75)
[2025-11-03T14:55:05.131Z] ✅ Enhanced Pitchfork - Speed: 3.7, DPS: 10
[2025-11-03T14:55:05.131Z] 💾 Saved progress to turtle_db/items/weapons/polearms.json
[2025-11-03T14:55:07.132Z] 🔍 Enhancing item 3346: Monster, Shovel (43/75)
[2025-11-03T14:55:11.133Z] ⚠️ Could not enhance Monster, Shovel - no speed/DPS data found
[2025-11-03T14:55:13.134Z] 🔍 Enhancing item 3367: Farmer's Pitchfork (44/75)
[2025-11-03T14:55:17.135Z] ✅ Enhanced Farmer's Pitchfork - Speed: 1.7, DPS: 3.5
[2025-11-03T14:55:17.135Z] 💾 Saved progress to turtle_db/items/weapons/polearms.json
[2025-11-03T14:55:19.136Z] 🔍 Enhancing item 3432: Monster - Glaive - 1 Blade Basic (45/75)
[2025-11-03T14:55:23.139Z] ✅ Enhanced Monster - Glaive - 1 Blade Basic - Speed: 2, DPS: 0.8
[2025-11-03T14:55:23.139Z] 💾 Saved progress to turtle_db/items/weapons/polearms.json
[2025-11-03T14:55:25.140Z] 🔍 Enhancing item 5200: Impaling Harpoon (46/75)
[2025-11-03T14:55:28.884Z] ✅ Enhanced Impaling Harpoon - Speed: 2.4, DPS: 14.4
[2025-11-03T14:55:28.884Z] 💾 Saved progress to turtle_db/items/weapons/polearms.json
[2025-11-03T14:55:30.884Z] 🔍 Enhancing item 5745: Monster - Trident, Wood Handle (47/75)
[2025-11-03T14:55:35.032Z] ✅ Enhanced Monster - Trident, Wood Handle - Speed: 2, DPS: 0.8
[2025-11-03T14:55:35.033Z] 💾 Saved progress to turtle_db/items/weapons/polearms.json
[2025-11-03T14:55:37.033Z] 🔍 Enhancing item 5746: Monster - Trident, Copper (48/75)
[2025-11-03T14:55:41.144Z] ✅ Enhanced Monster - Trident, Copper - Speed: 2, DPS: 0.8
[2025-11-03T14:55:41.144Z] 💾 Saved progress to turtle_db/items/weapons/polearms.json
[2025-11-03T14:55:43.145Z] 🔍 Enhancing item 5747: Monster - Trident, Ornate (49/75)
[2025-11-03T14:55:47.146Z] ✅ Enhanced Monster - Trident, Ornate - Speed: 2, DPS: 0.8
[2025-11-03T14:55:47.147Z] 💾 Saved progress to turtle_db/items/weapons/polearms.json
[2025-11-03T14:55:49.148Z] 🔍 Enhancing item 6679: Armor Piercer (50/75)
[2025-11-03T14:55:53.151Z] ✅ Enhanced Armor Piercer - Speed: 2.6, DPS: 19.8
[2025-11-03T14:55:53.151Z] 💾 Saved progress to turtle_db/items/weapons/polearms.json
[2025-11-03T14:55:55.151Z] 🔍 Enhancing item 11838: Monster - Trident, Flame Wrath (51/75)
[2025-11-03T14:55:59.154Z] ✅ Enhanced Monster - Trident, Flame Wrath - Speed: 2, DPS: 0.8
[2025-11-03T14:55:59.154Z] 💾 Saved progress to turtle_db/items/weapons/polearms.json
[2025-11-03T14:56:01.155Z] 🔍 Enhancing item 12063: Monster - Trident, Wicked (52/75)
[2025-11-03T14:56:05.158Z] ✅ Enhanced Monster - Trident, Wicked - Speed: 3, DPS: 1
[2025-11-03T14:56:05.159Z] 💾 Saved progress to turtle_db/items/weapons/polearms.json
[2025-11-03T14:56:07.160Z] 🔍 Enhancing item 12243: Smoldering Claw (53/75)
[2025-11-03T14:56:11.167Z] ✅ Enhanced Smoldering Claw - Speed: 2.9, DPS: 46.6
[2025-11-03T14:56:11.167Z] 💾 Saved progress to turtle_db/items/weapons/polearms.json
[2025-11-03T14:56:13.170Z] 🔍 Enhancing item 12338: Monster - Polearm, Rend Blackhand (54/75)
[2025-11-03T14:56:17.177Z] ✅ Enhanced Monster - Polearm, Rend Blackhand - Speed: 1.7, DPS: 0.9
[2025-11-03T14:56:17.177Z] 💾 Saved progress to turtle_db/items/weapons/polearms.json
[2025-11-03T14:56:19.179Z] 🔍 Enhancing item 12403: Monster - Polearm, Black (55/75)
[2025-11-03T14:56:23.185Z] ✅ Enhanced Monster - Polearm, Black - Speed: 1.7, DPS: 0.9
[2025-11-03T14:56:23.185Z] 💾 Saved progress to turtle_db/items/weapons/polearms.json
[2025-11-03T14:56:25.187Z] 🔍 Enhancing item 13059: Stoneraven (56/75)
[2025-11-03T14:56:29.191Z] ✅ Enhanced Stoneraven - Speed: 3.3, DPS: 44.8
[2025-11-03T14:56:29.192Z] 💾 Saved progress to turtle_db/items/weapons/polearms.json
[2025-11-03T14:56:31.193Z] 🔍 Enhancing item 13060: The Needler (57/75)
[2025-11-03T14:56:35.197Z] ✅ Enhanced The Needler - Speed: 2.2, DPS: 51.4
[2025-11-03T14:56:35.197Z] 💾 Saved progress to turtle_db/items/weapons/polearms.json
[2025-11-03T14:56:37.198Z] 🔍 Enhancing item 14879: Monster - Polearm, Blademaster (58/75)
[2025-11-03T14:56:41.121Z] ✅ Enhanced Monster - Polearm, Blademaster - Speed: 1.7, DPS: 0.9
[2025-11-03T14:56:41.121Z] 💾 Saved progress to turtle_db/items/weapons/polearms.json
[2025-11-03T14:56:43.123Z] 🔍 Enhancing item 15910: Monster - Trident, Dark Ornate (59/75)
[2025-11-03T14:56:47.204Z] ✅ Enhanced Monster - Trident, Dark Ornate - Speed: 2, DPS: 0.8
[2025-11-03T14:56:47.205Z] 💾 Saved progress to turtle_db/items/weapons/polearms.json
[2025-11-03T14:56:49.206Z] 🔍 Enhancing item 19946: Tigule's Harpoon (60/75)
[2025-11-03T14:56:53.209Z] ✅ Enhanced Tigule's Harpoon - Speed: 3.3, DPS: 58.5
[2025-11-03T14:56:53.209Z] 💾 Saved progress to turtle_db/items/weapons/polearms.json
[2025-11-03T14:56:55.210Z] 🔍 Enhancing item 20412: Monster - Polearm, PVPAlliance_A01 (61/75)
[2025-11-03T14:56:59.212Z] ✅ Enhanced Monster - Polearm, PVPAlliance_A01 - Speed: 1.7, DPS: 0.9
[2025-11-03T14:56:59.212Z] 💾 Saved progress to turtle_db/items/weapons/polearms.json
[2025-11-03T14:57:01.213Z] 🔍 Enhancing item 20660: Stonecutting Glaive (62/75)
[2025-11-03T14:57:05.212Z] ✅ Enhanced Stonecutting Glaive - Speed: 3.7, DPS: 51.4
[2025-11-03T14:57:05.213Z] 💾 Saved progress to turtle_db/items/weapons/polearms.json
[2025-11-03T14:57:07.213Z] 🔍 Enhancing item 40080: Thunderforge Lance (63/75)
[2025-11-03T14:57:11.214Z] ✅ Enhanced Thunderforge Lance - Speed: 3.5, DPS: 47
[2025-11-03T14:57:11.214Z] 💾 Saved progress to turtle_db/items/weapons/polearms.json
[2025-11-03T14:57:13.214Z] 🔍 Enhancing item 51790: Stormpike (64/75)
[2025-11-03T14:57:16.981Z] ✅ Enhanced Stormpike - Speed: 3.2, DPS: 21.3
[2025-11-03T14:57:16.982Z] 💾 Saved progress to turtle_db/items/weapons/polearms.json
[2025-11-03T14:57:18.982Z] 🔍 Enhancing item 58037: Ozuk's Piercer (65/75)
[2025-11-03T14:57:23.054Z] ✅ Enhanced Ozuk's Piercer - Speed: 3.1, DPS: 24.7
[2025-11-03T14:57:23.055Z] 💾 Saved progress to turtle_db/items/weapons/polearms.json
[2025-11-03T14:57:25.055Z] 🔍 Enhancing item 58098: The Chainsplitter (66/75)
[2025-11-03T14:57:29.472Z] ✅ Enhanced The Chainsplitter - Speed: 3.6, DPS: 29
[2025-11-03T14:57:29.473Z] 💾 Saved progress to turtle_db/items/weapons/polearms.json
[2025-11-03T14:57:31.474Z] 🔍 Enhancing item 58263: Wolfbrother (67/75)
[2025-11-03T14:57:35.226Z] ✅ Enhanced Wolfbrother - Speed: 2.8, DPS: 22.3
[2025-11-03T14:57:35.226Z] 💾 Saved progress to turtle_db/items/weapons/polearms.json
[2025-11-03T14:57:37.226Z] 🔍 Enhancing item 60138: Rethress Myrmidon Trident (68/75)
[2025-11-03T14:57:41.295Z] ✅ Enhanced Rethress Myrmidon Trident - Speed: 3.2, DPS: 46.6
[2025-11-03T14:57:41.295Z] 💾 Saved progress to turtle_db/items/weapons/polearms.json
[2025-11-03T14:57:43.297Z] 🔍 Enhancing item 60413: The Cruel Blade (69/75)
[2025-11-03T14:57:47.362Z] ✅ Enhanced The Cruel Blade - Speed: 2.6, DPS: 55.6
[2025-11-03T14:57:47.363Z] 💾 Saved progress to turtle_db/items/weapons/polearms.json
[2025-11-03T14:57:49.363Z] 🔍 Enhancing item 60475: Bronze Naga Trident (70/75)
[2025-11-03T14:57:53.468Z] ✅ Enhanced Bronze Naga Trident - Speed: 3.2, DPS: 30.3
[2025-11-03T14:57:53.469Z] 💾 Saved progress to turtle_db/items/weapons/polearms.json
[2025-11-03T14:57:55.469Z] 🔍 Enhancing item 60656: Livingstone Pitchfork (71/75)
[2025-11-03T14:57:59.539Z] ✅ Enhanced Livingstone Pitchfork - Speed: 2.9, DPS: 25.5
[2025-11-03T14:57:59.539Z] 💾 Saved progress to turtle_db/items/weapons/polearms.json
[2025-11-03T14:58:01.539Z] 🔍 Enhancing item 61595: Sharpened Iron Bar (72/75)
[2025-11-03T14:58:05.609Z] ✅ Enhanced Sharpened Iron Bar - Speed: 3.6, DPS: 53.9
[2025-11-03T14:58:05.609Z] 💾 Saved progress to turtle_db/items/weapons/polearms.json
[2025-11-03T14:58:07.610Z] 🔍 Enhancing item 61610: Old Farmer's Pitchfork (73/75)
[2025-11-03T14:58:11.676Z] ✅ Enhanced Old Farmer's Pitchfork - Speed: 3.7, DPS: 36.4
[2025-11-03T14:58:11.676Z] 💾 Saved progress to turtle_db/items/weapons/polearms.json
[2025-11-03T14:58:13.677Z] 🔍 Enhancing item 61621: Ceremonial Gilnean Pike (74/75)
[2025-11-03T14:58:17.745Z] ✅ Enhanced Ceremonial Gilnean Pike - Speed: 2.8, DPS: 38.6
[2025-11-03T14:58:17.746Z] 💾 Saved progress to turtle_db/items/weapons/polearms.json
[2025-11-03T14:58:19.747Z] 🔍 Enhancing item 80705: Satyr Poker (75/75)
[2025-11-03T14:58:23.813Z] ✅ Enhanced Satyr Poker - Speed: 3.1, DPS: 11.3
[2025-11-03T14:58:23.813Z] 💾 Saved progress to turtle_db/items/weapons/polearms.json
[2025-11-03T14:58:25.814Z] 📊 Enhancement complete for turtle_db/items/weapons/polearms.json
[2025-11-03T14:58:25.814Z]    Enhanced: 74 items
[2025-11-03T14:58:25.814Z]    Skipped: 0 items
[2025-11-03T14:58:25.814Z] 📂 Processing weapon file: turtle_db/items/weapons/staves.json
[2025-11-03T14:58:25.816Z] 📊 Found 338 items in turtle_db/items/weapons/staves.json
[2025-11-03T14:58:25.816Z] 🔍 Enhancing item 812: Glowing Brightwood Staff (1/338)
[2025-11-03T14:58:29.904Z] ✅ Enhanced Glowing Brightwood Staff - Speed: 3.1, DPS: 51.3
[2025-11-03T14:58:29.905Z] 💾 Saved progress to turtle_db/items/weapons/staves.json
[2025-11-03T14:58:31.906Z] 🔍 Enhancing item 873: Staff of Jordan (2/338)
[2025-11-03T14:58:35.987Z] ✅ Enhanced Staff of Jordan - Speed: 3.7, DPS: 40.4
[2025-11-03T14:58:35.988Z] 💾 Saved progress to turtle_db/items/weapons/staves.json
[2025-11-03T14:58:37.989Z] 🔍 Enhancing item 943: Warden Staff (3/338)
[2025-11-03T14:58:42.072Z] ✅ Enhanced Warden Staff - Speed: 2.4, DPS: 46.5
[2025-11-03T14:58:42.073Z] 💾 Saved progress to turtle_db/items/weapons/staves.json
[2025-11-03T14:58:44.073Z] 🔍 Enhancing item 944: Elemental Mage Staff (4/338)
[2025-11-03T14:58:48.156Z] ✅ Enhanced Elemental Mage Staff - Speed: 3.2, DPS: 57.5
[2025-11-03T14:58:48.157Z] 💾 Saved progress to turtle_db/items/weapons/staves.json
[2025-11-03T14:58:50.158Z] 🔍 Enhancing item 13249: Argent Crusader (5/338)
[2025-11-03T14:58:54.242Z] ✅ Enhanced Argent Crusader - Speed: 3, DPS: 53
[2025-11-03T14:58:54.243Z] 💾 Saved progress to turtle_db/items/weapons/staves.json
[2025-11-03T14:58:56.244Z] 🔍 Enhancing item 17113: Amberseal Keeper (6/338)
[2025-11-03T14:59:00.320Z] ✅ Enhanced Amberseal Keeper - Speed: 3.3, DPS: 56.6
[2025-11-03T14:59:00.321Z] 💾 Saved progress to turtle_db/items/weapons/staves.json
[2025-11-03T14:59:02.322Z] 🔍 Enhancing item 18608: Benediction (7/338)
[2025-11-03T14:59:06.244Z] ✅ Enhanced Benediction - Speed: 3, DPS: 59.3
[2025-11-03T14:59:06.245Z] 💾 Saved progress to turtle_db/items/weapons/staves.json
[2025-11-03T14:59:08.246Z] 🔍 Enhancing item 18609: Anathema (8/338)
[2025-11-03T14:59:12.318Z] ✅ Enhanced Anathema - Speed: 3, DPS: 59.3
[2025-11-03T14:59:12.319Z] 💾 Saved progress to turtle_db/items/weapons/staves.json
[2025-11-03T14:59:14.319Z] 🔍 Enhancing item 18715: Lok'delar, Stave of the Ancient Keepers (9/338)
[2025-11-03T14:59:18.247Z] ✅ Enhanced Lok'delar, Stave of the Ancient Keepers - Speed: 3.2, DPS: 73.3
[2025-11-03T14:59:18.248Z] 💾 Saved progress to turtle_db/items/weapons/staves.json
[2025-11-03T14:59:20.249Z] 🔍 Enhancing item 18842: Staff of Dominance (10/338)
[2025-11-03T14:59:24.320Z] ✅ Enhanced Staff of Dominance - Speed: 2.9, DPS: 57.1
[2025-11-03T14:59:24.321Z] 💾 Saved progress to turtle_db/items/weapons/staves.json
[2025-11-03T14:59:26.322Z] 🔍 Enhancing item 18873: Grand Marshal's Stave (11/338)
[2025-11-03T14:59:30.251Z] ✅ Enhanced Grand Marshal's Stave - Speed: 3, DPS: 61.5
[2025-11-03T14:59:30.252Z] 💾 Saved progress to turtle_db/items/weapons/staves.json
[2025-11-03T14:59:32.253Z] 🔍 Enhancing item 18874: High Warlord's War Staff (12/338)
[2025-11-03T14:59:36.405Z] ✅ Enhanced High Warlord's War Staff - Speed: 3, DPS: 61.5
[2025-11-03T14:59:36.405Z] 💾 Saved progress to turtle_db/items/weapons/staves.json
[2025-11-03T14:59:38.407Z] 🔍 Enhancing item 19355: Shadow Wing Focus Staff (13/338)
[2025-11-03T14:59:42.130Z] ✅ Enhanced Shadow Wing Focus Staff - Speed: 3.2, DPS: 59.3
[2025-11-03T14:59:42.132Z] 💾 Saved progress to turtle_db/items/weapons/staves.json
[2025-11-03T14:59:44.132Z] 🔍 Enhancing item 19356: Staff of the Shadow Flame (14/338)
[2025-11-03T14:59:48.205Z] ✅ Enhanced Staff of the Shadow Flame - Speed: 3.2, DPS: 60.9
[2025-11-03T14:59:48.206Z] 💾 Saved progress to turtle_db/items/weapons/staves.json
[2025-11-03T14:59:50.207Z] 🔍 Enhancing item 19566: Advisor's Gnarled Staff (15/338)
[2025-11-03T14:59:54.256Z] ✅ Enhanced Advisor's Gnarled Staff - Speed: 2.9, DPS: 54
[2025-11-03T14:59:54.257Z] 💾 Saved progress to turtle_db/items/weapons/staves.json
[2025-11-03T14:59:56.258Z] 🔍 Enhancing item 19567: Advisor's Gnarled Staff (16/338)
[2025-11-03T15:00:00.419Z] ✅ Enhanced Advisor's Gnarled Staff - Speed: 2.9, DPS: 45.9
[2025-11-03T15:00:00.420Z] 💾 Saved progress to turtle_db/items/weapons/staves.json
[2025-11-03T15:00:02.420Z] 🔍 Enhancing item 19568: Advisor's Gnarled Staff (17/338)
[2025-11-03T15:00:06.259Z] ✅ Enhanced Advisor's Gnarled Staff - Speed: 2.9, DPS: 38.1
[2025-11-03T15:00:06.260Z] 💾 Saved progress to turtle_db/items/weapons/staves.json
[2025-11-03T15:00:08.260Z] 🔍 Enhancing item 19569: Advisor's Gnarled Staff (18/338)
[2025-11-03T15:00:12.330Z] ✅ Enhanced Advisor's Gnarled Staff - Speed: 2.9, DPS: 27.8
[2025-11-03T15:00:12.331Z] 💾 Saved progress to turtle_db/items/weapons/staves.json
[2025-11-03T15:00:14.331Z] 🔍 Enhancing item 19884: Jin'do's Judgement (19/338)
[2025-11-03T15:00:18.020Z] ✅ Enhanced Jin'do's Judgement - Speed: 3.3, DPS: 56.1
[2025-11-03T15:00:18.021Z] 💾 Saved progress to turtle_db/items/weapons/staves.json
[2025-11-03T15:00:20.021Z] 🔍 Enhancing item 19909: Will of Arlokk (20/338)
[2025-11-03T15:00:24.092Z] ✅ Enhanced Will of Arlokk - Speed: 3, DPS: 55.5
[2025-11-03T15:00:24.092Z] 💾 Saved progress to turtle_db/items/weapons/staves.json
[2025-11-03T15:00:26.093Z] 🔍 Enhancing item 19944: Nat Pagle's Fish Terminator (21/338)
[2025-11-03T15:00:30.160Z] ✅ Enhanced Nat Pagle's Fish Terminator - Speed: 3.5, DPS: 61.4
[2025-11-03T15:00:30.161Z] 💾 Saved progress to turtle_db/items/weapons/staves.json
[2025-11-03T15:00:32.162Z] 🔍 Enhancing item 20069: Ironbark Staff (22/338)
[2025-11-03T15:00:36.232Z] ✅ Enhanced Ironbark Staff - Speed: 3.4, DPS: 55.8
[2025-11-03T15:00:36.233Z] 💾 Saved progress to turtle_db/items/weapons/staves.json
[2025-11-03T15:00:38.234Z] 🔍 Enhancing item 20220: Ironbark Staff (23/338)
[2025-11-03T15:00:42.267Z] ✅ Enhanced Ironbark Staff - Speed: 3.4, DPS: 55.8
[2025-11-03T15:00:42.268Z] 💾 Saved progress to turtle_db/items/weapons/staves.json
[2025-11-03T15:00:44.268Z] 🔍 Enhancing item 20425: Advisor's Gnarled Staff (24/338)
[2025-11-03T15:00:48.335Z] ✅ Enhanced Advisor's Gnarled Staff - Speed: 2.9, DPS: 19.7
[2025-11-03T15:00:48.336Z] 💾 Saved progress to turtle_db/items/weapons/staves.json
[2025-11-03T15:00:50.337Z] 🔍 Enhancing item 20487: Lok'delar, Stave of the Ancient Keepers DEP (25/338)
[2025-11-03T15:00:54.269Z] ✅ Enhanced Lok'delar, Stave of the Ancient Keepers DEP - Speed: 3.2, DPS: 73.3
[2025-11-03T15:00:54.270Z] 💾 Saved progress to turtle_db/items/weapons/staves.json
[2025-11-03T15:00:56.270Z] 🔍 Enhancing item 20581: Staff of Rampant Growth (26/338)
[2025-11-03T15:01:00.337Z] ✅ Enhanced Staff of Rampant Growth - Speed: 2.6, DPS: 57.3
[2025-11-03T15:01:00.337Z] 💾 Saved progress to turtle_db/items/weapons/staves.json
[2025-11-03T15:01:02.338Z] 🔍 Enhancing item 20654: Amethyst War Staff (27/338)
[2025-11-03T15:01:06.272Z] ✅ Enhanced Amethyst War Staff - Speed: 2.9, DPS: 51.4
[2025-11-03T15:01:06.273Z] 💾 Saved progress to turtle_db/items/weapons/staves.json
[2025-11-03T15:01:08.273Z] 🔍 Enhancing item 21128: Staff of the Qiraji Prophets (28/338)
[2025-11-03T15:01:12.340Z] ✅ Enhanced Staff of the Qiraji Prophets - Speed: 2.9, DPS: 59.3
[2025-11-03T15:01:12.341Z] 💾 Saved progress to turtle_db/items/weapons/staves.json
[2025-11-03T15:01:14.342Z] 🔍 Enhancing item 21273: Blessed Qiraji Acolyte Staff (29/338)
[2025-11-03T15:01:18.274Z] ✅ Enhanced Blessed Qiraji Acolyte Staff - Speed: 3, DPS: 59.8
[2025-11-03T15:01:18.275Z] 💾 Saved progress to turtle_db/items/weapons/staves.json
[2025-11-03T15:01:20.276Z] 🔍 Enhancing item 21275: Blessed Qiraji Augur Staff (30/338)
[2025-11-03T15:01:24.349Z] ✅ Enhanced Blessed Qiraji Augur Staff - Speed: 3, DPS: 59.8
[2025-11-03T15:01:24.350Z] 💾 Saved progress to turtle_db/items/weapons/staves.json
[2025-11-03T15:01:26.350Z] 🔍 Enhancing item 21452: Staff of the Ruins (31/338)
[2025-11-03T15:01:30.045Z] ✅ Enhanced Staff of the Ruins - Speed: 3.4, DPS: 58.6
[2025-11-03T15:01:30.046Z] 💾 Saved progress to turtle_db/items/weapons/staves.json
[2025-11-03T15:01:32.047Z] 🔍 Enhancing item 22589: Atiesh, Greatstaff of the Guardian (32/338)
[2025-11-03T15:01:36.113Z] ✅ Enhanced Atiesh, Greatstaff of the Guardian - Speed: 2.9, DPS: 64.3
[2025-11-03T15:01:36.114Z] 💾 Saved progress to turtle_db/items/weapons/staves.json
[2025-11-03T15:01:38.115Z] 🔍 Enhancing item 22630: Atiesh, Greatstaff of the Guardian (33/338)
[2025-11-03T15:01:42.187Z] ✅ Enhanced Atiesh, Greatstaff of the Guardian - Speed: 2.9, DPS: 64.3
[2025-11-03T15:01:42.188Z] 💾 Saved progress to turtle_db/items/weapons/staves.json
[2025-11-03T15:01:44.189Z] 🔍 Enhancing item 22631: Atiesh, Greatstaff of the Guardian (34/338)
[2025-11-03T15:01:48.256Z] ✅ Enhanced Atiesh, Greatstaff of the Guardian - Speed: 2.9, DPS: 64.3
[2025-11-03T15:01:48.257Z] 💾 Saved progress to turtle_db/items/weapons/staves.json
[2025-11-03T15:01:50.257Z] 🔍 Enhancing item 22632: Atiesh, Greatstaff of the Guardian (35/338)
[2025-11-03T15:01:54.283Z] ✅ Enhanced Atiesh, Greatstaff of the Guardian - Speed: 2.9, DPS: 64.3
[2025-11-03T15:01:54.284Z] 💾 Saved progress to turtle_db/items/weapons/staves.json
[2025-11-03T15:01:56.284Z] 🔍 Enhancing item 22799: Soulseeker (36/338)
[2025-11-03T15:02:00.351Z] ✅ Enhanced Soulseeker - Speed: 3.2, DPS: 63.6
[2025-11-03T15:02:00.352Z] 💾 Saved progress to turtle_db/items/weapons/staves.json
[2025-11-03T15:02:02.352Z] 🔍 Enhancing item 22800: Brimstone Staff (37/338)
[2025-11-03T15:02:06.284Z] ✅ Enhanced Brimstone Staff - Speed: 3.2, DPS: 60.9
[2025-11-03T15:02:06.285Z] 💾 Saved progress to turtle_db/items/weapons/staves.json
[2025-11-03T15:02:08.285Z] 🔍 Enhancing item 22801: Spire of Twilight (38/338)
[2025-11-03T15:02:12.351Z] ✅ Enhanced Spire of Twilight - Speed: 3.2, DPS: 60.9
[2025-11-03T15:02:12.352Z] 💾 Saved progress to turtle_db/items/weapons/staves.json
[2025-11-03T15:02:14.353Z] 🔍 Enhancing item 55060: Grandstaff of the Shen'dralar Elder (39/338)
[2025-11-03T15:02:18.288Z] ✅ Enhanced Grandstaff of the Shen'dralar Elder - Speed: 3.3, DPS: 56.7
[2025-11-03T15:02:18.289Z] 💾 Saved progress to turtle_db/items/weapons/staves.json
[2025-11-03T15:02:20.290Z] 🔍 Enhancing item 55348: Kirel'narak, the Death Sentence (40/338)
[2025-11-03T15:02:24.357Z] ✅ Enhanced Kirel'narak, the Death Sentence - Speed: 3.2, DPS: 60.9
[2025-11-03T15:02:24.358Z] 💾 Saved progress to turtle_db/items/weapons/staves.json
[2025-11-03T15:02:26.358Z] 🔍 Enhancing item 55365: Rudeus' Focusing Cane (41/338)
[2025-11-03T15:02:30.290Z] ✅ Enhanced Rudeus' Focusing Cane - Speed: 3.2, DPS: 56.3
[2025-11-03T15:02:30.291Z] 💾 Saved progress to turtle_db/items/weapons/staves.json
[2025-11-03T15:02:32.291Z] 🔍 Enhancing item 58199: Spine of Dentarg (42/338)
[2025-11-03T15:02:36.364Z] ✅ Enhanced Spine of Dentarg - Speed: 2.8, DPS: 41.8
[2025-11-03T15:02:36.365Z] 💾 Saved progress to turtle_db/items/weapons/staves.json
[2025-11-03T15:02:38.366Z] 🔍 Enhancing item 60333: Azshara Keeper's Staff (43/338)
[2025-11-03T15:02:42.059Z] ✅ Enhanced Azshara Keeper's Staff - Speed: 2.2, DPS: 52.5
[2025-11-03T15:02:42.060Z] 💾 Saved progress to turtle_db/items/weapons/staves.json
[2025-11-03T15:02:44.061Z] 🔍 Enhancing item 60905: Batu'kar of the Second Khan (44/338)
[2025-11-03T15:02:48.129Z] ✅ Enhanced Batu'kar of the Second Khan - Speed: 3.2, DPS: 51.6
[2025-11-03T15:02:48.130Z] 💾 Saved progress to turtle_db/items/weapons/staves.json
[2025-11-03T15:02:50.131Z] 🔍 Enhancing item 61208: Staff of the Dreamer (45/338)
[2025-11-03T15:02:54.200Z] ✅ Enhanced Staff of the Dreamer - Speed: 3, DPS: 57.7
[2025-11-03T15:02:54.201Z] 💾 Saved progress to turtle_db/items/weapons/staves.json
[2025-11-03T15:02:56.202Z] 🔍 Enhancing item 61264: Ansirem's Runeweaver (46/338)
[2025-11-03T15:03:00.271Z] ✅ Enhanced Ansirem's Runeweaver - Speed: 3.3, DPS: 57.1
[2025-11-03T15:03:00.271Z] 💾 Saved progress to turtle_db/items/weapons/staves.json
[2025-11-03T15:03:02.272Z] 🔍 Enhancing item 61454: Rod of Resuscitation (47/338)
[2025-11-03T15:03:06.298Z] ✅ Enhanced Rod of Resuscitation - Speed: 3.4, DPS: 58.4
[2025-11-03T15:03:06.299Z] 💾 Saved progress to turtle_db/items/weapons/staves.json
[2025-11-03T15:03:08.300Z] 🔍 Enhancing item 81363: Staff of Azure Domination (48/338)
[2025-11-03T15:03:12.370Z] ✅ Enhanced Staff of Azure Domination - Speed: 2.6, DPS: 57.5
[2025-11-03T15:03:12.371Z] 💾 Saved progress to turtle_db/items/weapons/staves.json
[2025-11-03T15:03:14.371Z] 🔍 Enhancing item 84503: Nature's Gift (49/338)
[2025-11-03T15:03:18.300Z] ✅ Enhanced Nature's Gift - Speed: 3.3, DPS: 69.5
[2025-11-03T15:03:18.300Z] 💾 Saved progress to turtle_db/items/weapons/staves.json
[2025-11-03T15:03:20.301Z] 🔍 Enhancing item 791: Gnarled Ash Staff (50/338)
[2025-11-03T15:03:24.385Z] ✅ Enhanced Gnarled Ash Staff - Speed: 3.2, DPS: 25.6
[2025-11-03T15:03:24.386Z] 💾 Saved progress to turtle_db/items/weapons/staves.json
[2025-11-03T15:03:26.386Z] 🔍 Enhancing item 937: Black Duskwood Staff (51/338)
[2025-11-03T15:03:30.301Z] ✅ Enhanced Black Duskwood Staff - Speed: 2.8, DPS: 33.6
[2025-11-03T15:03:30.302Z] 💾 Saved progress to turtle_db/items/weapons/staves.json
[2025-11-03T15:03:32.302Z] 🔍 Enhancing item 4134: Nimboya's Mystical Staff (52/338)
[2025-11-03T15:03:36.371Z] ✅ Enhanced Nimboya's Mystical Staff - Speed: 2.3, DPS: 40.4
[2025-11-03T15:03:36.372Z] 💾 Saved progress to turtle_db/items/weapons/staves.json
[2025-11-03T15:03:38.372Z] 🔍 Enhancing item 5201: Emberstone Staff (53/338)
[2025-11-03T15:03:42.302Z] ✅ Enhanced Emberstone Staff - Speed: 3, DPS: 19.7
[2025-11-03T15:03:42.303Z] 💾 Saved progress to turtle_db/items/weapons/staves.json
[2025-11-03T15:03:44.303Z] 🔍 Enhancing item 6318: Odo's Ley Staff (54/338)
[2025-11-03T15:03:48.471Z] ✅ Enhanced Odo's Ley Staff - Speed: 2.9, DPS: 21.7
[2025-11-03T15:03:48.472Z] 💾 Saved progress to turtle_db/items/weapons/staves.json
[2025-11-03T15:03:50.472Z] 🔍 Enhancing item 6505: Crescent Staff (55/338)
[2025-11-03T15:03:54.200Z] ✅ Enhanced Crescent Staff - Speed: 2.9, DPS: 20.3
[2025-11-03T15:03:54.201Z] 💾 Saved progress to turtle_db/items/weapons/staves.json
[2025-11-03T15:03:56.202Z] 🔍 Enhancing item 6631: Living Root (56/338)
[2025-11-03T15:04:00.372Z] ✅ Enhanced Living Root - Speed: 2.9, DPS: 21.2
[2025-11-03T15:04:00.373Z] 💾 Saved progress to turtle_db/items/weapons/staves.json
[2025-11-03T15:04:02.373Z] 🔍 Enhancing item 7710: Loksey's Training Stick (57/338)
[2025-11-03T15:04:06.306Z] ✅ Enhanced Loksey's Training Stick - Speed: 3.1, DPS: 31.3
[2025-11-03T15:04:06.307Z] 💾 Saved progress to turtle_db/items/weapons/staves.json
[2025-11-03T15:04:08.308Z] 🔍 Enhancing item 7713: Illusionary Rod (58/338)
[2025-11-03T15:04:12.376Z] ✅ Enhanced Illusionary Rod - Speed: 3.4, DPS: 34.7
[2025-11-03T15:04:12.377Z] 💾 Saved progress to turtle_db/items/weapons/staves.json
[2025-11-03T15:04:14.377Z] 🔍 Enhancing item 9408: Ironshod Bludgeon (59/338)
[2025-11-03T15:04:18.311Z] ✅ Enhanced Ironshod Bludgeon - Speed: 2.5, DPS: 37.2
[2025-11-03T15:04:18.312Z] 💾 Saved progress to turtle_db/items/weapons/staves.json
[2025-11-03T15:04:20.312Z] 🔍 Enhancing item 9452: Hydrocane (60/338)
[2025-11-03T15:04:24.375Z] ✅ Enhanced Hydrocane - Speed: 2.8, DPS: 21.6
[2025-11-03T15:04:24.376Z] 💾 Saved progress to turtle_db/items/weapons/staves.json
[2025-11-03T15:04:26.377Z] 🔍 Enhancing item 9517: Celestial Stave (61/338)
[2025-11-03T15:04:30.083Z] ✅ Enhanced Celestial Stave - Speed: 3, DPS: 35.7
[2025-11-03T15:04:30.084Z] 💾 Saved progress to turtle_db/items/weapons/staves.json
[2025-11-03T15:04:32.085Z] 🔍 Enhancing item 10627: Bludgeon of the Grinning Dog (62/338)
[2025-11-03T15:04:36.153Z] ✅ Enhanced Bludgeon of the Grinning Dog - Speed: 3.4, DPS: 41.2
[2025-11-03T15:04:36.154Z] 💾 Saved progress to turtle_db/items/weapons/staves.json
[2025-11-03T15:04:38.155Z] 🔍 Enhancing item 11750: Kindling Stave (63/338)
[2025-11-03T15:04:42.220Z] ✅ Enhanced Kindling Stave - Speed: 2.9, DPS: 45.9
[2025-11-03T15:04:42.221Z] 💾 Saved progress to turtle_db/items/weapons/staves.json
[2025-11-03T15:04:44.221Z] 🔍 Enhancing item 11932: Guiding Stave of Wisdom (64/338)
[2025-11-03T15:04:48.286Z] ✅ Enhanced Guiding Stave of Wisdom - Speed: 3.3, DPS: 50.5
[2025-11-03T15:04:48.287Z] 💾 Saved progress to turtle_db/items/weapons/staves.json
[2025-11-03T15:04:50.287Z] 🔍 Enhancing item 15854: Dancing Sliver (65/338)
[2025-11-03T15:04:54.315Z] ✅ Enhanced Dancing Sliver - Speed: 2.4, DPS: 51.3
[2025-11-03T15:04:54.316Z] 💾 Saved progress to turtle_db/items/weapons/staves.json
[2025-11-03T15:04:56.317Z] 🔍 Enhancing item 17743: Resurgence Rod (66/338)
[2025-11-03T15:05:00.385Z] ✅ Enhanced Resurgence Rod - Speed: 3.8, DPS: 45.8
[2025-11-03T15:05:00.386Z] 💾 Saved progress to turtle_db/items/weapons/staves.json
[2025-11-03T15:05:02.387Z] 🔍 Enhancing item 18311: Quel'dorei Channeling Rod (67/338)
[2025-11-03T15:05:06.319Z] ✅ Enhanced Quel'dorei Channeling Rod - Speed: 2.8, DPS: 49.6
[2025-11-03T15:05:06.320Z] 💾 Saved progress to turtle_db/items/weapons/staves.json
[2025-11-03T15:05:08.320Z] 🔍 Enhancing item 19102: Crackling Staff (68/338)
[2025-11-03T15:05:12.388Z] ✅ Enhanced Crackling Staff - Speed: 3.1, DPS: 55.6
[2025-11-03T15:05:12.388Z] 💾 Saved progress to turtle_db/items/weapons/staves.json
[2025-11-03T15:05:14.389Z] 🔍 Enhancing item 19570: Lorekeeper's Staff (69/338)
[2025-11-03T15:05:18.321Z] ✅ Enhanced Lorekeeper's Staff - Speed: 2.9, DPS: 54
[2025-11-03T15:05:18.322Z] 💾 Saved progress to turtle_db/items/weapons/staves.json
[2025-11-03T15:05:20.322Z] 🔍 Enhancing item 19571: Lorekeeper's Staff (70/338)
[2025-11-03T15:05:24.389Z] ✅ Enhanced Lorekeeper's Staff - Speed: 2.9, DPS: 45.9
[2025-11-03T15:05:24.390Z] 💾 Saved progress to turtle_db/items/weapons/staves.json
[2025-11-03T15:05:26.391Z] 🔍 Enhancing item 19572: Lorekeeper's Staff (71/338)
[2025-11-03T15:05:30.325Z] ✅ Enhanced Lorekeeper's Staff - Speed: 2.9, DPS: 38.1
[2025-11-03T15:05:30.326Z] 💾 Saved progress to turtle_db/items/weapons/staves.json
[2025-11-03T15:05:32.326Z] 🔍 Enhancing item 19573: Lorekeeper's Staff (72/338)
[2025-11-03T15:05:36.399Z] ✅ Enhanced Lorekeeper's Staff - Speed: 2.9, DPS: 27.8
[2025-11-03T15:05:36.400Z] 💾 Saved progress to turtle_db/items/weapons/staves.json
[2025-11-03T15:05:38.400Z] 🔍 Enhancing item 20434: Lorekeeper's Staff (73/338)
[2025-11-03T15:05:42.095Z] ✅ Enhanced Lorekeeper's Staff - Speed: 2.9, DPS: 19.7
[2025-11-03T15:05:42.096Z] 💾 Saved progress to turtle_db/items/weapons/staves.json
[2025-11-03T15:05:44.097Z] 🔍 Enhancing item 20522: Feral Staff (74/338)
[2025-11-03T15:05:48.162Z] ✅ Enhanced Feral Staff - Speed: 3, DPS: 45
[2025-11-03T15:05:48.163Z] 💾 Saved progress to turtle_db/items/weapons/staves.json
[2025-11-03T15:05:50.163Z] 🔍 Enhancing item 22335: Lord Valthalak's Staff of Command (75/338)
[2025-11-03T15:05:54.234Z] ✅ Enhanced Lord Valthalak's Staff of Command - Speed: 2.1, DPS: 53.8
[2025-11-03T15:05:54.235Z] 💾 Saved progress to turtle_db/items/weapons/staves.json
[2025-11-03T15:05:56.236Z] 🔍 Enhancing item 22391: Monster - Staff, Lord Valthalak (76/338)
[2025-11-03T15:06:00.308Z] ✅ Enhanced Monster - Staff, Lord Valthalak - Speed: 2.1, DPS: 53.8
[2025-11-03T15:06:00.309Z] 💾 Saved progress to turtle_db/items/weapons/staves.json
[2025-11-03T15:06:02.309Z] 🔍 Enhancing item 22406: Redemption (77/338)
[2025-11-03T15:06:06.330Z] ✅ Enhanced Redemption - Speed: 2.1, DPS: 52.1
[2025-11-03T15:06:06.331Z] 💾 Saved progress to turtle_db/items/weapons/staves.json
[2025-11-03T15:06:08.332Z] 🔍 Enhancing item 22458: Moonshadow Stave (78/338)
[2025-11-03T15:06:12.398Z] ✅ Enhanced Moonshadow Stave - Speed: 3.7, DPS: 45
[2025-11-03T15:06:12.398Z] 💾 Saved progress to turtle_db/items/weapons/staves.json
[2025-11-03T15:06:14.399Z] 🔍 Enhancing item 50527: Medic's Cane (79/338)
[2025-11-03T15:06:18.333Z] ✅ Enhanced Medic's Cane - Speed: 2.4, DPS: 30
[2025-11-03T15:06:18.334Z] 💾 Saved progress to turtle_db/items/weapons/staves.json
[2025-11-03T15:06:20.335Z] 🔍 Enhancing item 50531: Glyphed Baton (80/338)
[2025-11-03T15:06:24.402Z] ✅ Enhanced Glyphed Baton - Speed: 2.8, DPS: 31.4
[2025-11-03T15:06:24.403Z] 💾 Saved progress to turtle_db/items/weapons/staves.json
[2025-11-03T15:06:26.404Z] 🔍 Enhancing item 51833: Femur Staff (81/338)
[2025-11-03T15:06:30.337Z] ✅ Enhanced Femur Staff - Speed: 3.2, DPS: 27.8
[2025-11-03T15:06:30.338Z] 💾 Saved progress to turtle_db/items/weapons/staves.json
[2025-11-03T15:06:32.338Z] 🔍 Enhancing item 55037: Gryphon Tamer Longstaff (82/338)
[2025-11-03T15:06:36.408Z] ✅ Enhanced Gryphon Tamer Longstaff - Speed: 3, DPS: 50.8
[2025-11-03T15:06:36.408Z] 💾 Saved progress to turtle_db/items/weapons/staves.json
[2025-11-03T15:06:38.410Z] 🔍 Enhancing item 55064: Ol' Biggin's Substitute Broom (83/338)
[2025-11-03T15:06:42.339Z] ✅ Enhanced Ol' Biggin's Substitute Broom - Speed: 3.4, DPS: 36.2
[2025-11-03T15:06:42.340Z] 💾 Saved progress to turtle_db/items/weapons/staves.json
[2025-11-03T15:06:44.341Z] 🔍 Enhancing item 55242: Opaline Illuminator (84/338)
[2025-11-03T15:06:48.410Z] ✅ Enhanced Opaline Illuminator - Speed: 3.6, DPS: 34.7
[2025-11-03T15:06:48.411Z] 💾 Saved progress to turtle_db/items/weapons/staves.json
[2025-11-03T15:06:50.411Z] 🔍 Enhancing item 55327: Farraki Ceremony Totem (85/338)
[2025-11-03T15:06:54.115Z] ✅ Enhanced Farraki Ceremony Totem - Speed: 3.2, DPS: 25.6
[2025-11-03T15:06:54.116Z] 💾 Saved progress to turtle_db/items/weapons/staves.json
[2025-11-03T15:06:56.117Z] 🔍 Enhancing item 56071: Regal Twilight Staff (86/338)
[2025-11-03T15:07:00.186Z] ✅ Enhanced Regal Twilight Staff - Speed: 2.8, DPS: 44.3
[2025-11-03T15:07:00.186Z] 💾 Saved progress to turtle_db/items/weapons/staves.json
[2025-11-03T15:07:02.188Z] 🔍 Enhancing item 58044: Ceremonial Dwarven Staff (87/338)
[2025-11-03T15:07:06.253Z] ✅ Enhanced Ceremonial Dwarven Staff - Speed: 3.3, DPS: 27.7
[2025-11-03T15:07:06.254Z] 💾 Saved progress to turtle_db/items/weapons/staves.json
[2025-11-03T15:07:08.255Z] 🔍 Enhancing item 58183: Rod of Subjugation (88/338)
[2025-11-03T15:07:12.327Z] ✅ Enhanced Rod of Subjugation - Speed: 3.4, DPS: 34.7
[2025-11-03T15:07:12.328Z] 💾 Saved progress to turtle_db/items/weapons/staves.json
[2025-11-03T15:07:14.328Z] 🔍 Enhancing item 60383: Fleetmaster's Cane (89/338)
[2025-11-03T15:07:18.344Z] ✅ Enhanced Fleetmaster's Cane - Speed: 2.8, DPS: 55.9
[2025-11-03T15:07:18.345Z] 💾 Saved progress to turtle_db/items/weapons/staves.json
[2025-11-03T15:07:20.345Z] 🔍 Enhancing item 60546: Doomcaller Staff (90/338)
[2025-11-03T15:07:24.518Z] ✅ Enhanced Doomcaller Staff - Speed: 2.9, DPS: 49.7
[2025-11-03T15:07:24.519Z] 💾 Saved progress to turtle_db/items/weapons/staves.json
[2025-11-03T15:07:26.519Z] 🔍 Enhancing item 61031: Riftweaver (91/338)
[2025-11-03T15:07:30.348Z] ✅ Enhanced Riftweaver - Speed: 3.4, DPS: 56
[2025-11-03T15:07:30.349Z] 💾 Saved progress to turtle_db/items/weapons/staves.json
[2025-11-03T15:07:32.350Z] 🔍 Enhancing item 80541: Quel'dorei Magister's Staff (92/338)
[2025-11-03T15:07:36.417Z] ✅ Enhanced Quel'dorei Magister's Staff - Speed: 3.1, DPS: 55.6
[2025-11-03T15:07:36.418Z] 💾 Saved progress to turtle_db/items/weapons/staves.json
[2025-11-03T15:07:38.418Z] 🔍 Enhancing item 80542: Quel'dorei Cleric's Staff (93/338)
[2025-11-03T15:07:42.351Z] ✅ Enhanced Quel'dorei Cleric's Staff - Speed: 3.1, DPS: 55.6
[2025-11-03T15:07:42.352Z] 💾 Saved progress to turtle_db/items/weapons/staves.json
[2025-11-03T15:07:44.352Z] 🔍 Enhancing item 80641: Revantusk Mystic's Staff (94/338)
[2025-11-03T15:07:48.509Z] ✅ Enhanced Revantusk Mystic's Staff - Speed: 3.1, DPS: 55.6
[2025-11-03T15:07:48.509Z] 💾 Saved progress to turtle_db/items/weapons/staves.json
[2025-11-03T15:07:50.510Z] 🔍 Enhancing item 80642: Revantusk Mender's Cane (95/338)
[2025-11-03T15:07:54.354Z] ✅ Enhanced Revantusk Mender's Cane - Speed: 3.1, DPS: 55.6
[2025-11-03T15:07:54.355Z] 💾 Saved progress to turtle_db/items/weapons/staves.json
[2025-11-03T15:07:56.355Z] 🔍 Enhancing item 80709: Guardian Staff (96/338)
[2025-11-03T15:08:00.509Z] ✅ Enhanced Guardian Staff - Speed: 2.5, DPS: 18.2
[2025-11-03T15:08:00.509Z] 💾 Saved progress to turtle_db/items/weapons/staves.json
[2025-11-03T15:08:02.511Z] 🔍 Enhancing item 80744: Plaguemaw's Staff of Rotting (97/338)
[2025-11-03T15:08:06.233Z] ✅ Enhanced Plaguemaw's Staff of Rotting - Speed: 2.7, DPS: 34.8
[2025-11-03T15:08:06.233Z] 💾 Saved progress to turtle_db/items/weapons/staves.json
[2025-11-03T15:08:08.235Z] 🔍 Enhancing item 83093: Monster - Staff2H, Outerend (98/338)
[2025-11-03T15:08:12.305Z] ✅ Enhanced Monster - Staff2H, Outerend - Speed: 2.1, DPS: 53.8
[2025-11-03T15:08:12.305Z] 💾 Saved progress to turtle_db/items/weapons/staves.json
[2025-11-03T15:08:14.305Z] 🔍 Enhancing item 83513: Insomnius' Wrath (99/338)
[2025-11-03T15:08:18.357Z] ✅ Enhanced Insomnius' Wrath - Speed: 3.2, DPS: 51.4
[2025-11-03T15:08:18.358Z] 💾 Saved progress to turtle_db/items/weapons/staves.json
[2025-11-03T15:08:20.358Z] 🔍 Enhancing item 890: Twisted Chanter's Staff (100/338)
[2025-11-03T15:08:24.443Z] ✅ Enhanced Twisted Chanter's Staff - Speed: 3.4, DPS: 20.4
[2025-11-03T15:08:24.444Z] 💾 Saved progress to turtle_db/items/weapons/staves.json
[2025-11-03T15:08:26.445Z] 🔍 Enhancing item 1155: Rod of the Sleepwalker (101/338)
[2025-11-03T15:08:30.360Z] ✅ Enhanced Rod of the Sleepwalker - Speed: 2.8, DPS: 23.8
[2025-11-03T15:08:30.361Z] 💾 Saved progress to turtle_db/items/weapons/staves.json
[2025-11-03T15:08:32.362Z] 🔍 Enhancing item 1484: Witching Stave (102/338)
[2025-11-03T15:08:36.441Z] ✅ Enhanced Witching Stave - Speed: 3.6, DPS: 19.2
[2025-11-03T15:08:36.441Z] 💾 Saved progress to turtle_db/items/weapons/staves.json
[2025-11-03T15:08:38.442Z] 🔍 Enhancing item 1607: Soulkeeper (103/338)
[2025-11-03T15:08:42.363Z] ✅ Enhanced Soulkeeper - Speed: 3.8, DPS: 46.6
[2025-11-03T15:08:42.364Z] 💾 Saved progress to turtle_db/items/weapons/staves.json
[2025-11-03T15:08:44.365Z] 🔍 Enhancing item 1720: Tanglewood Staff (104/338)
[2025-11-03T15:08:48.449Z] ✅ Enhanced Tanglewood Staff - Speed: 3.4, DPS: 40.3
[2025-11-03T15:08:48.450Z] 💾 Saved progress to turtle_db/items/weapons/staves.json
[2025-11-03T15:08:50.450Z] 🔍 Enhancing item 1998: Bloodscalp Channeling Staff (105/338)
[2025-11-03T15:08:54.365Z] ✅ Enhanced Bloodscalp Channeling Staff - Speed: 2.8, DPS: 22.3
[2025-11-03T15:08:54.365Z] 💾 Saved progress to turtle_db/items/weapons/staves.json
[2025-11-03T15:08:56.366Z] 🔍 Enhancing item 2042: Staff of Westfall (106/338)
[2025-11-03T15:09:00.438Z] ✅ Enhanced Staff of Westfall - Speed: 3, DPS: 20.5
[2025-11-03T15:09:00.439Z] 💾 Saved progress to turtle_db/items/weapons/staves.json
[2025-11-03T15:09:02.439Z] 🔍 Enhancing item 2271: Staff of the Blessed Seer (107/338)
[2025-11-03T15:09:06.366Z] ✅ Enhanced Staff of the Blessed Seer - Speed: 3, DPS: 19.7
[2025-11-03T15:09:06.366Z] 💾 Saved progress to turtle_db/items/weapons/staves.json
[2025-11-03T15:09:08.367Z] 🔍 Enhancing item 2549: Staff of the Shade (108/338)
[2025-11-03T15:09:12.439Z] ✅ Enhanced Staff of the Shade - Speed: 2.6, DPS: 22.3
[2025-11-03T15:09:12.440Z] 💾 Saved progress to turtle_db/items/weapons/staves.json
[2025-11-03T15:09:14.440Z] 🔍 Enhancing item 3185: Acrobatic Staff (109/338)
[2025-11-03T15:09:18.369Z] ✅ Enhanced Acrobatic Staff - Speed: 2.2, DPS: 23
[2025-11-03T15:09:18.370Z] 💾 Saved progress to turtle_db/items/weapons/staves.json
[2025-11-03T15:09:20.371Z] 🔍 Enhancing item 3415: Staff of the Friar (110/338)
[2025-11-03T15:09:24.337Z] ✅ Enhanced Staff of the Friar - Speed: 2.6, DPS: 20.4
[2025-11-03T15:09:24.338Z] 💾 Saved progress to turtle_db/items/weapons/staves.json
[2025-11-03T15:09:26.339Z] 🔍 Enhancing item 6215: Balanced Fighting Stick (111/338)
[2025-11-03T15:09:30.372Z] ✅ Enhanced Balanced Fighting Stick - Speed: 2.2, DPS: 8.9
[2025-11-03T15:09:30.373Z] 💾 Saved progress to turtle_db/items/weapons/staves.json
[2025-11-03T15:09:32.373Z] 🔍 Enhancing item 6689: Wind Spirit Staff (112/338)
[2025-11-03T15:09:36.496Z] ✅ Enhanced Wind Spirit Staff - Speed: 3.3, DPS: 26.7
[2025-11-03T15:09:36.497Z] 💾 Saved progress to turtle_db/items/weapons/staves.json
[2025-11-03T15:09:38.498Z] 🔍 Enhancing item 7757: Windweaver Staff (113/338)
[2025-11-03T15:09:42.373Z] ✅ Enhanced Windweaver Staff - Speed: 3.1, DPS: 32.4
[2025-11-03T15:09:42.374Z] 💾 Saved progress to turtle_db/items/weapons/staves.json
[2025-11-03T15:09:44.374Z] 🔍 Enhancing item 9477: The Chief's Enforcer (114/338)
[2025-11-03T15:09:48.486Z] ✅ Enhanced The Chief's Enforcer - Speed: 3.4, DPS: 43.5
[2025-11-03T15:09:48.487Z] 💾 Saved progress to turtle_db/items/weapons/staves.json
[2025-11-03T15:09:50.488Z] 🔍 Enhancing item 9482: Witch Doctor's Cane (115/338)
[2025-11-03T15:09:54.377Z] ✅ Enhanced Witch Doctor's Cane - Speed: 2.3, DPS: 41.1
[2025-11-03T15:09:54.378Z] 💾 Saved progress to turtle_db/items/weapons/staves.json
[2025-11-03T15:09:56.378Z] 🔍 Enhancing item 9514: Arcane Staff (116/338)
[2025-11-03T15:10:00.113Z] ✅ Enhanced Arcane Staff - Speed: 2.9, DPS: 7.1
[2025-11-03T15:10:00.114Z] 💾 Saved progress to turtle_db/items/weapons/staves.json
[2025-11-03T15:10:02.114Z] 🔍 Enhancing item 9683: Strength of the Treant (117/338)
[2025-11-03T15:10:06.182Z] ✅ Enhanced Strength of the Treant - Speed: 3.7, DPS: 44.3
[2025-11-03T15:10:06.182Z] 💾 Saved progress to turtle_db/items/weapons/staves.json
[2025-11-03T15:10:08.183Z] 🔍 Enhancing item 10844: Spire of Hakkar (118/338)
[2025-11-03T15:10:12.252Z] ✅ Enhanced Spire of Hakkar - Speed: 3.4, DPS: 46.5
[2025-11-03T15:10:12.253Z] 💾 Saved progress to turtle_db/items/weapons/staves.json
[2025-11-03T15:10:14.254Z] 🔍 Enhancing item 12251: Big Stick (119/338)
[2025-11-03T15:10:18.324Z] ✅ Enhanced Big Stick - Speed: 3, DPS: 25.7
[2025-11-03T15:10:18.325Z] 💾 Saved progress to turtle_db/items/weapons/staves.json
[2025-11-03T15:10:20.325Z] 🔍 Enhancing item 12532: Spire of the Stoneshaper (120/338)
[2025-11-03T15:10:24.404Z] ✅ Enhanced Spire of the Stoneshaper - Speed: 3.4, DPS: 48.2
[2025-11-03T15:10:24.404Z] 💾 Saved progress to turtle_db/items/weapons/staves.json
[2025-11-03T15:10:26.405Z] 🔍 Enhancing item 13000: Staff of Hale Magefire (121/338)
[2025-11-03T15:10:30.385Z] ✅ Enhanced Staff of Hale Magefire - Speed: 3.3, DPS: 53
[2025-11-03T15:10:30.385Z] 💾 Saved progress to turtle_db/items/weapons/staves.json
[2025-11-03T15:10:32.386Z] 🔍 Enhancing item 13161: Trindlehaven Staff (122/338)
[2025-11-03T15:10:36.564Z] ✅ Enhanced Trindlehaven Staff - Speed: 2.1, DPS: 52.1
[2025-11-03T15:10:36.565Z] 💾 Saved progress to turtle_db/items/weapons/staves.json
[2025-11-03T15:10:38.565Z] 🔍 Enhancing item 13372: Slavedriver's Cane (123/338)
[2025-11-03T15:10:42.388Z] ✅ Enhanced Slavedriver's Cane - Speed: 3.9, DPS: 51.4
[2025-11-03T15:10:42.389Z] 💾 Saved progress to turtle_db/items/weapons/staves.json
[2025-11-03T15:10:44.389Z] 🔍 Enhancing item 18082: Zum'rah's Vexing Cane (124/338)
[2025-11-03T15:10:48.456Z] ✅ Enhanced Zum'rah's Vexing Cane - Speed: 2.7, DPS: 40.9
[2025-11-03T15:10:48.457Z] 💾 Saved progress to turtle_db/items/weapons/staves.json
[2025-11-03T15:10:50.458Z] 🔍 Enhancing item 18534: Rod of the Ogre Magi (125/338)
[2025-11-03T15:10:54.390Z] ✅ Enhanced Rod of the Ogre Magi - Speed: 2.7, DPS: 53.9
[2025-11-03T15:10:54.391Z] 💾 Saved progress to turtle_db/items/weapons/staves.json
[2025-11-03T15:10:56.392Z] 🔍 Enhancing item 19101: Whiteout Staff (126/338)
[2025-11-03T15:11:00.461Z] ✅ Enhanced Whiteout Staff - Speed: 3.1, DPS: 55.6
[2025-11-03T15:11:00.462Z] 💾 Saved progress to turtle_db/items/weapons/staves.json
[2025-11-03T15:11:02.463Z] 🔍 Enhancing item 20258: Zulian Ceremonial Staff (127/338)
[2025-11-03T15:11:06.393Z] ✅ Enhanced Zulian Ceremonial Staff - Speed: 2.6, DPS: 54.6
[2025-11-03T15:11:06.394Z] 💾 Saved progress to turtle_db/items/weapons/staves.json
[2025-11-03T15:11:08.394Z] 🔍 Enhancing item 20349: 90 Green Frost Staff (128/338)
[2025-11-03T15:11:12.338Z] ✅ Enhanced 90 Green Frost Staff - Speed: 2.7, DPS: 77.4
[2025-11-03T15:11:12.339Z] 💾 Saved progress to turtle_db/items/weapons/staves.json
[2025-11-03T15:11:14.340Z] 🔍 Enhancing item 20362: 63 Green Frost Staff (129/338)
[2025-11-03T15:11:18.396Z] ✅ Enhanced 63 Green Frost Staff - Speed: 2.7, DPS: 48.9
[2025-11-03T15:11:18.397Z] 💾 Saved progress to turtle_db/items/weapons/staves.json
[2025-11-03T15:11:20.397Z] 🔍 Enhancing item 20536: Soul Harvester (130/338)
[2025-11-03T15:11:24.467Z] ✅ Enhanced Soul Harvester - Speed: 3.3, DPS: 44.8
[2025-11-03T15:11:24.468Z] 💾 Saved progress to turtle_db/items/weapons/staves.json
[2025-11-03T15:11:26.469Z] 🔍 Enhancing item 20556: Wildstaff (131/338)
[2025-11-03T15:11:30.399Z] ✅ Enhanced Wildstaff - Speed: 2.5, DPS: 45
[2025-11-03T15:11:30.400Z] 💾 Saved progress to turtle_db/items/weapons/staves.json
[2025-11-03T15:11:32.401Z] 🔍 Enhancing item 22394: Staff of Metanoia (132/338)
[2025-11-03T15:11:36.473Z] ✅ Enhanced Staff of Metanoia - Speed: 2.1, DPS: 53.1
[2025-11-03T15:11:36.474Z] 💾 Saved progress to turtle_db/items/weapons/staves.json
[2025-11-03T15:11:38.474Z] 🔍 Enhancing item 23124: Staff of Balzaphon (133/338)
[2025-11-03T15:11:42.403Z] ✅ Enhanced Staff of Balzaphon - Speed: 3.9, DPS: 51.4
[2025-11-03T15:11:42.404Z] 💾 Saved progress to turtle_db/items/weapons/staves.json
[2025-11-03T15:11:44.405Z] 🔍 Enhancing item 51764: Staff of Spreading Twilight (134/338)
[2025-11-03T15:11:48.117Z] ✅ Enhanced Staff of Spreading Twilight - Speed: 2.9, DPS: 45.9
[2025-11-03T15:11:48.118Z] 💾 Saved progress to turtle_db/items/weapons/staves.json
[2025-11-03T15:11:50.118Z] 🔍 Enhancing item 55272: Arcanum Baton (135/338)
[2025-11-03T15:11:54.185Z] ✅ Enhanced Arcanum Baton - Speed: 3.6, DPS: 48.9
[2025-11-03T15:11:54.186Z] 💾 Saved progress to turtle_db/items/weapons/staves.json
[2025-11-03T15:11:56.187Z] 🔍 Enhancing item 55366: Spire of Channeled Power (136/338)
[2025-11-03T15:12:00.309Z] ✅ Enhanced Spire of Channeled Power - Speed: 2.9, DPS: 54
[2025-11-03T15:12:00.310Z] 💾 Saved progress to turtle_db/items/weapons/staves.json
[2025-11-03T15:12:02.310Z] 🔍 Enhancing item 58117: Staff of the Bloodbound (137/338)
[2025-11-03T15:12:06.377Z] ✅ Enhanced Staff of the Bloodbound - Speed: 2.7, DPS: 41.9
[2025-11-03T15:12:06.377Z] 💾 Saved progress to turtle_db/items/weapons/staves.json
[2025-11-03T15:12:08.379Z] 🔍 Enhancing item 60198: Acolyte's Staff (138/338)
[2025-11-03T15:12:12.524Z] ✅ Enhanced Acolyte's Staff - Speed: 3.3, DPS: 16.8
[2025-11-03T15:12:12.525Z] 💾 Saved progress to turtle_db/items/weapons/staves.json
[2025-11-03T15:12:14.526Z] 🔍 Enhancing item 60347: Staff of the Ogre Seer (139/338)
[2025-11-03T15:12:18.411Z] ✅ Enhanced Staff of the Ogre Seer - Speed: 3, DPS: 49.7
[2025-11-03T15:12:18.412Z] 💾 Saved progress to turtle_db/items/weapons/staves.json
[2025-11-03T15:12:20.413Z] 🔍 Enhancing item 60418: Sealbreaker Staff (140/338)
[2025-11-03T15:12:24.488Z] ✅ Enhanced Sealbreaker Staff - Speed: 2.7, DPS: 53.9
[2025-11-03T15:12:24.489Z] 💾 Saved progress to turtle_db/items/weapons/staves.json
[2025-11-03T15:12:26.490Z] 🔍 Enhancing item 61030: The Murkfisher (141/338)
[2025-11-03T15:12:30.413Z] ✅ Enhanced The Murkfisher - Speed: 3.1, DPS: 56.1
[2025-11-03T15:12:30.414Z] 💾 Saved progress to turtle_db/items/weapons/staves.json
[2025-11-03T15:12:32.415Z] 🔍 Enhancing item 61338: Staff of Ushered Ruination (142/338)
[2025-11-03T15:12:36.485Z] ✅ Enhanced Staff of Ushered Ruination - Speed: 2.2, DPS: 39.8
[2025-11-03T15:12:36.486Z] 💾 Saved progress to turtle_db/items/weapons/staves.json
[2025-11-03T15:12:38.487Z] 🔍 Enhancing item 61567: Timewarper's Staff (143/338)
[2025-11-03T15:12:42.417Z] ✅ Enhanced Timewarper's Staff - Speed: 2.9, DPS: 54.1
[2025-11-03T15:12:42.417Z] 💾 Saved progress to turtle_db/items/weapons/staves.json
[2025-11-03T15:12:44.417Z] 🔍 Enhancing item 61661: Varimathras' Cunning (144/338)
[2025-11-03T15:12:48.485Z] ✅ Enhanced Varimathras' Cunning - Speed: 3.6, DPS: 34.7
[2025-11-03T15:12:48.486Z] 💾 Saved progress to turtle_db/items/weapons/staves.json
[2025-11-03T15:12:50.487Z] 🔍 Enhancing item 80860: Staff of the Arcane Path (145/338)
[2025-11-03T15:12:54.420Z] ✅ Enhanced Staff of the Arcane Path - Speed: 3.3, DPS: 20.5
[2025-11-03T15:12:54.420Z] 💾 Saved progress to turtle_db/items/weapons/staves.json
[2025-11-03T15:12:56.421Z] 🔍 Enhancing item 81375: Staff of the Lost Druid (146/338)
[2025-11-03T15:13:00.263Z] ✅ Enhanced Staff of the Lost Druid - Speed: 2.6, DPS: 53.8
[2025-11-03T15:13:00.264Z] 💾 Saved progress to turtle_db/items/weapons/staves.json
[2025-11-03T15:13:02.265Z] 🔍 Enhancing item 83200: Verdant Cane (147/338)
[2025-11-03T15:13:06.339Z] ✅ Enhanced Verdant Cane - Speed: 2.9, DPS: 30.9
[2025-11-03T15:13:06.339Z] 💾 Saved progress to turtle_db/items/weapons/staves.json
[2025-11-03T15:13:08.341Z] 🔍 Enhancing item 83471: Staff of Alarus (148/338)
[2025-11-03T15:13:12.412Z] ✅ Enhanced Staff of Alarus - Speed: 2.8, DPS: 54.8
[2025-11-03T15:13:12.412Z] 💾 Saved progress to turtle_db/items/weapons/staves.json
[2025-11-03T15:13:14.413Z] 🔍 Enhancing item 84603: Rod of the Churning Hourglass (149/338)
[2025-11-03T15:13:18.425Z] ✅ Enhanced Rod of the Churning Hourglass - Speed: 3.1, DPS: 55.6
[2025-11-03T15:13:18.426Z] 💾 Saved progress to turtle_db/items/weapons/staves.json
[2025-11-03T15:13:20.427Z] 🔍 Enhancing item 866: Monk's Staff (150/338)
[2025-11-03T15:13:24.621Z] ✅ Enhanced Monk's Staff - Speed: 2.4, DPS: 31.3
[2025-11-03T15:13:24.622Z] 💾 Saved progress to turtle_db/items/weapons/staves.json
[2025-11-03T15:13:26.622Z] 🔍 Enhancing item 1300: Lesser Staff of the Spire (151/338)
[2025-11-03T15:13:30.428Z] ✅ Enhanced Lesser Staff of the Spire - Speed: 3.4, DPS: 13.1
[2025-11-03T15:13:30.429Z] 💾 Saved progress to turtle_db/items/weapons/staves.json
[2025-11-03T15:13:32.429Z] 🔍 Enhancing item 1317: Hardened Root Staff (152/338)
[2025-11-03T15:13:36.152Z] ✅ Enhanced Hardened Root Staff - Speed: 3.3, DPS: 16.8
[2025-11-03T15:13:36.153Z] 💾 Saved progress to turtle_db/items/weapons/staves.json
[2025-11-03T15:13:38.153Z] 🔍 Enhancing item 1391: Riverpaw Mystic Staff (153/338)
[2025-11-03T15:13:42.222Z] ✅ Enhanced Riverpaw Mystic Staff - Speed: 3, DPS: 11.8
[2025-11-03T15:13:42.223Z] 💾 Saved progress to turtle_db/items/weapons/staves.json
[2025-11-03T15:13:44.223Z] 🔍 Enhancing item 1405: Foamspittle Staff (154/338)
[2025-11-03T15:13:48.332Z] ✅ Enhanced Foamspittle Staff - Speed: 3.2, DPS: 11.4
[2025-11-03T15:13:48.333Z] 💾 Saved progress to turtle_db/items/weapons/staves.json
[2025-11-03T15:13:50.333Z] 🔍 Enhancing item 1539: Gnarled Hermit's Staff (155/338)
[2025-11-03T15:13:54.400Z] ✅ Enhanced Gnarled Hermit's Staff - Speed: 2.8, DPS: 12.5
[2025-11-03T15:13:54.401Z] 💾 Saved progress to turtle_db/items/weapons/staves.json
[2025-11-03T15:13:56.402Z] 🔍 Enhancing item 1928: Defias Mage Staff (156/338)
[2025-11-03T15:14:00.469Z] ✅ Enhanced Defias Mage Staff - Speed: 2.8, DPS: 10.7
[2025-11-03T15:14:00.469Z] 💾 Saved progress to turtle_db/items/weapons/staves.json
[2025-11-03T15:14:02.470Z] 🔍 Enhancing item 2013: Cryptbone Staff (157/338)
[2025-11-03T15:14:06.434Z] ✅ Enhanced Cryptbone Staff - Speed: 2.9, DPS: 17.4
[2025-11-03T15:14:06.435Z] 💾 Saved progress to turtle_db/items/weapons/staves.json
[2025-11-03T15:14:08.436Z] 🔍 Enhancing item 2072: Dwarven Magestaff (158/338)
[2025-11-03T15:14:22.664Z] ✅ Enhanced Dwarven Magestaff - Speed: 2.8, DPS: 18.4
[2025-11-03T15:14:22.665Z] 💾 Saved progress to turtle_db/items/weapons/staves.json
[2025-11-03T15:14:24.666Z] 🔍 Enhancing item 2077: Magician Staff (159/338)
[2025-11-03T15:14:28.753Z] ✅ Enhanced Magician Staff - Speed: 3, DPS: 19.7
[2025-11-03T15:14:28.754Z] 💾 Saved progress to turtle_db/items/weapons/staves.json
[2025-11-03T15:14:30.755Z] 🔍 Enhancing item 2226: Ogremage Staff (160/338)
[2025-11-03T15:14:34.438Z] ✅ Enhanced Ogremage Staff - Speed: 3.4, DPS: 18.2
[2025-11-03T15:14:34.439Z] 💾 Saved progress to turtle_db/items/weapons/staves.json
[2025-11-03T15:14:36.439Z] 🔍 Enhancing item 2280: Kam's Walking Stick (161/338)
[2025-11-03T15:14:40.652Z] ✅ Enhanced Kam's Walking Stick - Speed: 2.8, DPS: 18.4
[2025-11-03T15:14:40.653Z] 💾 Saved progress to turtle_db/items/weapons/staves.json
[2025-11-03T15:14:42.654Z] 🔍 Enhancing item 2950: Icicle Rod (162/338)
[2025-11-03T15:14:48.006Z] ✅ Enhanced Icicle Rod - Speed: 3.8, DPS: 16.8
[2025-11-03T15:14:48.007Z] 💾 Saved progress to turtle_db/items/weapons/staves.json
[2025-11-03T15:14:50.007Z] 🔍 Enhancing item 3227: Nightbane Staff (163/338)
[2025-11-03T15:14:54.072Z] ✅ Enhanced Nightbane Staff - Speed: 2.7, DPS: 15
[2025-11-03T15:14:54.073Z] 💾 Saved progress to turtle_db/items/weapons/staves.json
[2025-11-03T15:14:56.073Z] 🔍 Enhancing item 3446: Darkwood Staff (164/338)
[2025-11-03T15:15:00.145Z] ✅ Enhanced Darkwood Staff - Speed: 3.2, DPS: 9.1
[2025-11-03T15:15:00.145Z] 💾 Saved progress to turtle_db/items/weapons/staves.json
[2025-11-03T15:15:02.146Z] 🔍 Enhancing item 3452: Ceranium Rod (165/338)
[2025-11-03T15:15:06.294Z] ✅ Enhanced Ceranium Rod - Speed: 2.7, DPS: 14.4
[2025-11-03T15:15:06.295Z] 💾 Saved progress to turtle_db/items/weapons/staves.json
[2025-11-03T15:15:08.295Z] 🔍 Enhancing item 3738: Brewing Rod (166/338)
[2025-11-03T15:15:12.455Z] ✅ Enhanced Brewing Rod - Speed: 2.9, DPS: 16.9
[2025-11-03T15:15:12.456Z] 💾 Saved progress to turtle_db/items/weapons/staves.json
[2025-11-03T15:15:14.457Z] 🔍 Enhancing item 4437: Channeler's Staff (167/338)
[2025-11-03T15:15:18.447Z] ✅ Enhanced Channeler's Staff - Speed: 3.4, DPS: 13.1
[2025-11-03T15:15:18.448Z] 💾 Saved progress to turtle_db/items/weapons/staves.json
[2025-11-03T15:15:20.448Z] 🔍 Enhancing item 4575: Medicine Staff (168/338)
[2025-11-03T15:15:33.732Z] ✅ Enhanced Medicine Staff - Speed: 2.5, DPS: 12.6
[2025-11-03T15:15:33.733Z] 💾 Saved progress to turtle_db/items/weapons/staves.json
[2025-11-03T15:15:35.734Z] 🔍 Enhancing item 5340: Cauldron Stirrer (169/338)
[2025-11-03T15:15:39.799Z] ✅ Enhanced Cauldron Stirrer - Speed: 3.1, DPS: 10.2
[2025-11-03T15:15:39.800Z] 💾 Saved progress to turtle_db/items/weapons/staves.json
[2025-11-03T15:15:41.800Z] 🔍 Enhancing item 9513: Ley Staff (170/338)
[2025-11-03T15:15:45.874Z] ✅ Enhanced Ley Staff - Speed: 2.9, DPS: 7.1
[2025-11-03T15:15:45.875Z] 💾 Saved progress to turtle_db/items/weapons/staves.json
[2025-11-03T15:15:47.875Z] 🔍 Enhancing item 9603: Gritroot Staff (171/338)
[2025-11-03T15:15:52.030Z] ✅ Enhanced Gritroot Staff - Speed: 2.6, DPS: 6.9
[2025-11-03T15:15:52.030Z] 💾 Saved progress to turtle_db/items/weapons/staves.json
[2025-11-03T15:15:54.032Z] 🔍 Enhancing item 10698: Enchanted Azsharite Felbane Staff (172/338)
[2025-11-03T15:15:58.104Z] ✅ Enhanced Enchanted Azsharite Felbane Staff - Speed: 2.8, DPS: 46.6
[2025-11-03T15:15:58.105Z] 💾 Saved progress to turtle_db/items/weapons/staves.json
[2025-11-03T15:16:00.106Z] 🔍 Enhancing item 15274: Diviner Long Staff (173/338)
[2025-11-03T15:16:04.193Z] ✅ Enhanced Diviner Long Staff - Speed: 2.6, DPS: 40.4
[2025-11-03T15:16:04.194Z] 💾 Saved progress to turtle_db/items/weapons/staves.json
[2025-11-03T15:16:06.195Z] 🔍 Enhancing item 15276: Magus Long Staff (174/338)
[2025-11-03T15:16:10.281Z] ✅ Enhanced Magus Long Staff - Speed: 3.4, DPS: 45
[2025-11-03T15:16:10.282Z] 💾 Saved progress to turtle_db/items/weapons/staves.json
[2025-11-03T15:16:12.282Z] 🔍 Enhancing item 15397: Oakthrush Staff (175/338)
[2025-11-03T15:16:16.357Z] ✅ Enhanced Oakthrush Staff - Speed: 2.8, DPS: 9.5
[2025-11-03T15:16:16.358Z] 💾 Saved progress to turtle_db/items/weapons/staves.json
[2025-11-03T15:16:18.359Z] 🔍 Enhancing item 16889: Polished Walking Staff (176/338)
[2025-11-03T15:16:22.427Z] ✅ Enhanced Polished Walking Staff - Speed: 2.6, DPS: 16
[2025-11-03T15:16:22.428Z] 💾 Saved progress to turtle_db/items/weapons/staves.json
[2025-11-03T15:16:24.428Z] 🔍 Enhancing item 16894: Clear Crystal Rod (177/338)
[2025-11-03T15:16:28.575Z] ✅ Enhanced Clear Crystal Rod - Speed: 3.1, DPS: 13.7
[2025-11-03T15:16:28.576Z] 💾 Saved progress to turtle_db/items/weapons/staves.json
[2025-11-03T15:16:30.577Z] 🔍 Enhancing item 20724: Corrupted Blackwood Staff (178/338)
[2025-11-03T15:16:34.648Z] ✅ Enhanced Corrupted Blackwood Staff - Speed: 3.4, DPS: 48.2
[2025-11-03T15:16:34.649Z] 💾 Saved progress to turtle_db/items/weapons/staves.json
[2025-11-03T15:16:36.649Z] 🔍 Enhancing item 41315: Moonlight Staff (179/338)
[2025-11-03T15:16:40.798Z] ✅ Enhanced Moonlight Staff - Speed: 2.8, DPS: 18.6
[2025-11-03T15:16:40.799Z] 💾 Saved progress to turtle_db/items/weapons/staves.json
[2025-11-03T15:16:42.800Z] 🔍 Enhancing item 41790: Mirefang Staff (180/338)
[2025-11-03T15:16:46.957Z] ✅ Enhanced Mirefang Staff - Speed: 2.8, DPS: 22.9
[2025-11-03T15:16:46.958Z] 💾 Saved progress to turtle_db/items/weapons/staves.json
[2025-11-03T15:16:48.959Z] 🔍 Enhancing item 55175: Encrusted Bronze Staff (181/338)
[2025-11-03T15:16:53.028Z] ✅ Enhanced Encrusted Bronze Staff - Speed: 2.9, DPS: 15.3
[2025-11-03T15:16:53.029Z] 💾 Saved progress to turtle_db/items/weapons/staves.json
[2025-11-03T15:16:55.030Z] 🔍 Enhancing item 55238: Earthen Advisor Cane (182/338)
[2025-11-03T15:16:59.178Z] ✅ Enhanced Earthen Advisor Cane - Speed: 2.8, DPS: 33.6
[2025-11-03T15:16:59.179Z] 💾 Saved progress to turtle_db/items/weapons/staves.json
[2025-11-03T15:17:01.179Z] 🔍 Enhancing item 55241: Garnet Guardian Stave (183/338)
[2025-11-03T15:17:05.346Z] ✅ Enhanced Garnet Guardian Stave - Speed: 3.5, DPS: 42.9
[2025-11-03T15:17:05.347Z] 💾 Saved progress to turtle_db/items/weapons/staves.json
[2025-11-03T15:17:07.348Z] 🔍 Enhancing item 60112: Evermoon Staff (184/338)
[2025-11-03T15:17:11.417Z] ✅ Enhanced Evermoon Staff - Speed: 2.3, DPS: 14.3
[2025-11-03T15:17:11.418Z] 💾 Saved progress to turtle_db/items/weapons/staves.json
[2025-11-03T15:17:13.419Z] 🔍 Enhancing item 60495: Powered Iron Staff (185/338)
[2025-11-03T15:17:17.571Z] ✅ Enhanced Powered Iron Staff - Speed: 2.9, DPS: 7.1
[2025-11-03T15:17:17.572Z] 💾 Saved progress to turtle_db/items/weapons/staves.json
[2025-11-03T15:17:19.573Z] 🔍 Enhancing item 60522: Hexxer Staff (186/338)
[2025-11-03T15:17:23.640Z] ✅ Enhanced Hexxer Staff - Speed: 3.2, DPS: 9.1
[2025-11-03T15:17:23.641Z] 💾 Saved progress to turtle_db/items/weapons/staves.json
[2025-11-03T15:17:25.642Z] 🔍 Enhancing item 61164: Priestess of Elune's Staff (187/338)
[2025-11-03T15:17:29.708Z] ✅ Enhanced Priestess of Elune's Staff - Speed: 2.8, DPS: 23.6
[2025-11-03T15:17:29.709Z] 💾 Saved progress to turtle_db/items/weapons/staves.json
[2025-11-03T15:17:31.709Z] 🔍 Enhancing item 61411: Moonseeker Staff (188/338)
[2025-11-03T15:17:35.773Z] ✅ Enhanced Moonseeker Staff - Speed: 2.3, DPS: 50.4
[2025-11-03T15:17:35.774Z] 💾 Saved progress to turtle_db/items/weapons/staves.json
[2025-11-03T15:17:37.775Z] 🔍 Enhancing item 61447: Mossgrove Family Broom (189/338)
[2025-11-03T15:17:41.845Z] ✅ Enhanced Mossgrove Family Broom - Speed: 3.5, DPS: 32.4
[2025-11-03T15:17:41.846Z] 💾 Saved progress to turtle_db/items/weapons/staves.json
[2025-11-03T15:17:43.847Z] 🔍 Enhancing item 61502: Earthcaller Staff (190/338)
[2025-11-03T15:17:47.914Z] ✅ Enhanced Earthcaller Staff - Speed: 2.8, DPS: 12.5
[2025-11-03T15:17:47.915Z] 💾 Saved progress to turtle_db/items/weapons/staves.json
[2025-11-03T15:17:49.916Z] 🔍 Enhancing item 61551: Mathrengyl's Lost Staff (191/338)
[2025-11-03T15:17:53.984Z] ✅ Enhanced Mathrengyl's Lost Staff - Speed: 3.3, DPS: 48.2
[2025-11-03T15:17:53.985Z] 💾 Saved progress to turtle_db/items/weapons/staves.json
[2025-11-03T15:17:55.986Z] 🔍 Enhancing item 61667: Branch of the Great Tree (192/338)
[2025-11-03T15:18:00.082Z] ✅ Enhanced Branch of the Great Tree - Speed: 3.7, DPS: 38
[2025-11-03T15:18:00.083Z] 💾 Saved progress to turtle_db/items/weapons/staves.json
[2025-11-03T15:18:02.083Z] 🔍 Enhancing item 70010: Infused Briarwood Staff (193/338)
[2025-11-03T15:18:06.149Z] ✅ Enhanced Infused Briarwood Staff - Speed: 2.6, DPS: 20.4
[2025-11-03T15:18:06.150Z] 💾 Saved progress to turtle_db/items/weapons/staves.json
[2025-11-03T15:18:08.150Z] 🔍 Enhancing item 80128: Pearltip Staff (194/338)
[2025-11-03T15:18:12.321Z] ✅ Enhanced Pearltip Staff - Speed: 2.5, DPS: 7.4
[2025-11-03T15:18:12.323Z] 💾 Saved progress to turtle_db/items/weapons/staves.json
[2025-11-03T15:18:14.324Z] 🔍 Enhancing item 80502: Curved Ceremonial Staff (195/338)
[2025-11-03T15:18:18.393Z] ✅ Enhanced Curved Ceremonial Staff - Speed: 2.5, DPS: 10.8
[2025-11-03T15:18:18.393Z] 💾 Saved progress to turtle_db/items/weapons/staves.json
[2025-11-03T15:18:20.393Z] 🔍 Enhancing item 80504: Hardened Root Staff (196/338)
[2025-11-03T15:18:24.461Z] ✅ Enhanced Hardened Root Staff - Speed: 2.8, DPS: 10.7
[2025-11-03T15:18:24.462Z] 💾 Saved progress to turtle_db/items/weapons/staves.json
[2025-11-03T15:18:26.462Z] 🔍 Enhancing item 80602: Crude Channeling Staff (197/338)
[2025-11-03T15:18:30.516Z] ✅ Enhanced Crude Channeling Staff - Speed: 2.5, DPS: 10.8
[2025-11-03T15:18:30.516Z] 💾 Saved progress to turtle_db/items/weapons/staves.json
[2025-11-03T15:18:32.517Z] 🔍 Enhancing item 83231: Crescent Grove Staff (198/338)
[2025-11-03T15:18:36.517Z] ✅ Enhanced Crescent Grove Staff - Speed: 2.6, DPS: 29
[2025-11-03T15:18:36.517Z] 💾 Saved progress to turtle_db/items/weapons/staves.json
[2025-11-03T15:18:38.518Z] 🔍 Enhancing item 35: Bent Staff (199/338)
[2025-11-03T15:18:42.518Z] ✅ Enhanced Bent Staff - Speed: 2.9, DPS: 1.4
[2025-11-03T15:18:42.518Z] 💾 Saved progress to turtle_db/items/weapons/staves.json
[2025-11-03T15:18:44.519Z] 🔍 Enhancing item 880: Staff of Horrors (200/338)
[2025-11-03T15:18:48.521Z] ✅ Enhanced Staff of Horrors - Speed: 3.4, DPS: 15.1
[2025-11-03T15:18:48.522Z] 💾 Saved progress to turtle_db/items/weapons/staves.json
[2025-11-03T15:18:50.523Z] 🔍 Enhancing item 1388: Crooked Staff (201/338)
[2025-11-03T15:18:54.524Z] ✅ Enhanced Crooked Staff - Speed: 3.3, DPS: 1.7
[2025-11-03T15:18:54.525Z] 💾 Saved progress to turtle_db/items/weapons/staves.json
[2025-11-03T15:18:56.525Z] 🔍 Enhancing item 1473: Riverside Staff (202/338)
[2025-11-03T15:19:00.526Z] ✅ Enhanced Riverside Staff - Speed: 3.1, DPS: 12.6
[2025-11-03T15:19:00.527Z] 💾 Saved progress to turtle_db/items/weapons/staves.json
[2025-11-03T15:19:02.527Z] 🔍 Enhancing item 1613: Spiritchaser Staff (203/338)
[2025-11-03T15:19:06.528Z] ✅ Enhanced Spiritchaser Staff - Speed: 2.8, DPS: 33.6
[2025-11-03T15:19:06.529Z] 💾 Saved progress to turtle_db/items/weapons/staves.json
[2025-11-03T15:19:08.529Z] 🔍 Enhancing item 1664: Spellforce Rod (204/338)
[2025-11-03T15:19:12.379Z] ✅ Enhanced Spellforce Rod - Speed: 3.2, DPS: 30.2
[2025-11-03T15:19:12.380Z] 💾 Saved progress to turtle_db/items/weapons/staves.json
[2025-11-03T15:19:14.381Z] 🔍 Enhancing item 1933: Staff of Conjuring (205/338)
[2025-11-03T15:19:18.450Z] ✅ Enhanced Staff of Conjuring - Speed: 3, DPS: 10.2
[2025-11-03T15:19:18.451Z] 💾 Saved progress to turtle_db/items/weapons/staves.json
[2025-11-03T15:19:20.451Z] 🔍 Enhancing item 2487: Acolyte Staff (206/338)
[2025-11-03T15:19:24.536Z] ✅ Enhanced Acolyte Staff - Speed: 2.4, DPS: 2.1
[2025-11-03T15:19:24.537Z] 💾 Saved progress to turtle_db/items/weapons/staves.json
[2025-11-03T15:19:26.538Z] 🔍 Enhancing item 2503: Adept Short Staff (207/338)
[2025-11-03T15:19:30.539Z] ✅ Enhanced Adept Short Staff - Speed: 2.4, DPS: 4.4
[2025-11-03T15:19:30.540Z] 💾 Saved progress to turtle_db/items/weapons/staves.json
[2025-11-03T15:19:32.540Z] 🔍 Enhancing item 2527: Battle Staff (208/338)
[2025-11-03T15:19:36.542Z] ✅ Enhanced Battle Staff - Speed: 3.4, DPS: 22.9
[2025-11-03T15:19:36.543Z] 💾 Saved progress to turtle_db/items/weapons/staves.json
[2025-11-03T15:19:38.543Z] 🔍 Enhancing item 3902: Staff of Nobles (209/338)
[2025-11-03T15:19:42.544Z] ✅ Enhanced Staff of Nobles - Speed: 3.2, DPS: 11.9
[2025-11-03T15:19:42.545Z] 💾 Saved progress to turtle_db/items/weapons/staves.json
[2025-11-03T15:19:44.546Z] 🔍 Enhancing item 4566: Sturdy Quarterstaff (210/338)
[2025-11-03T15:19:56.566Z] ✅ Enhanced Sturdy Quarterstaff - Speed: 2.8, DPS: 8.9
[2025-11-03T15:19:56.567Z] 💾 Saved progress to turtle_db/items/weapons/staves.json
[2025-11-03T15:19:58.567Z] 🔍 Enhancing item 4938: Blemished Wooden Staff (211/338)
[2025-11-03T15:20:02.550Z] ✅ Enhanced Blemished Wooden Staff - Speed: 3.2, DPS: 6.4
[2025-11-03T15:20:02.551Z] 💾 Saved progress to turtle_db/items/weapons/staves.json
[2025-11-03T15:20:04.551Z] 🔍 Enhancing item 4961: Dreamwatcher Staff (212/338)
[2025-11-03T15:20:08.712Z] ✅ Enhanced Dreamwatcher Staff - Speed: 3.2, DPS: 5.6
[2025-11-03T15:20:08.713Z] 💾 Saved progress to turtle_db/items/weapons/staves.json
[2025-11-03T15:20:10.714Z] 🔍 Enhancing item 5306: Wind Rider Staff (213/338)
[2025-11-03T15:20:14.554Z] ✅ Enhanced Wind Rider Staff - Speed: 2.8, DPS: 13
[2025-11-03T15:20:14.554Z] 💾 Saved progress to turtle_db/items/weapons/staves.json
[2025-11-03T15:20:16.555Z] 🔍 Enhancing item 5613: Staff of the Purifier (214/338)
[2025-11-03T15:20:20.621Z] ✅ Enhanced Staff of the Purifier - Speed: 3.7, DPS: 15.3
[2025-11-03T15:20:20.622Z] 💾 Saved progress to turtle_db/items/weapons/staves.json
[2025-11-03T15:20:22.622Z] 🔍 Enhancing item 7094: Driftwood Branch (215/338)
[2025-11-03T15:20:26.274Z] ✅ Enhanced Driftwood Branch - Speed: 3.4, DPS: 5.7
[2025-11-03T15:20:26.274Z] 💾 Saved progress to turtle_db/items/weapons/staves.json
[2025-11-03T15:20:28.275Z] 🔍 Enhancing item 9527: Spellshifter Rod (216/338)
[2025-11-03T15:20:32.350Z] ✅ Enhanced Spellshifter Rod - Speed: 2.7, DPS: 35.7
[2025-11-03T15:20:32.351Z] 💾 Saved progress to turtle_db/items/weapons/staves.json
[2025-11-03T15:20:34.351Z] 🔍 Enhancing item 10826: Staff of Lore (217/338)
[2025-11-03T15:20:38.421Z] ✅ Enhanced Staff of Lore - Speed: 3.1, DPS: 37.3
[2025-11-03T15:20:38.422Z] 💾 Saved progress to turtle_db/items/weapons/staves.json
[2025-11-03T15:20:40.423Z] 🔍 Enhancing item 11857: Sanctimonial Rod (218/338)
[2025-11-03T15:20:44.576Z] ✅ Enhanced Sanctimonial Rod - Speed: 3.1, DPS: 35.6
[2025-11-03T15:20:44.577Z] 💾 Saved progress to turtle_db/items/weapons/staves.json
[2025-11-03T15:20:46.577Z] 🔍 Enhancing item 12252: Staff of Protection (219/338)
[2025-11-03T15:20:50.378Z] ✅ Enhanced Staff of Protection - Speed: 3, DPS: 27.7
[2025-11-03T15:20:50.379Z] 💾 Saved progress to turtle_db/items/weapons/staves.json
[2025-11-03T15:20:52.379Z] 🔍 Enhancing item 15105: Staff of Noh'Orahil (220/338)
[2025-11-03T15:20:56.457Z] ✅ Enhanced Staff of Noh'Orahil - Speed: 2.7, DPS: 28.9
[2025-11-03T15:20:56.458Z] 💾 Saved progress to turtle_db/items/weapons/staves.json
[2025-11-03T15:20:58.458Z] 🔍 Enhancing item 15106: Staff of Dar'Orahil (221/338)
[2025-11-03T15:21:02.162Z] ✅ Enhanced Staff of Dar'Orahil - Speed: 2.7, DPS: 28.9
[2025-11-03T15:21:02.163Z] 💾 Saved progress to turtle_db/items/weapons/staves.json
[2025-11-03T15:21:04.164Z] 🔍 Enhancing item 15109: Staff of Soran'ruk (222/338)
[2025-11-03T15:21:08.234Z] ✅ Enhanced Staff of Soran'ruk - Speed: 2.9, DPS: 16.9
[2025-11-03T15:21:08.234Z] 💾 Saved progress to turtle_db/items/weapons/staves.json
[2025-11-03T15:21:10.234Z] 🔍 Enhancing item 15275: Thaumaturgist Staff (223/338)
[2025-11-03T15:21:32.911Z] ✅ Enhanced Thaumaturgist Staff - Speed: 3.6, DPS: 41.8
[2025-11-03T15:21:32.912Z] 💾 Saved progress to turtle_db/items/weapons/staves.json
[2025-11-03T15:21:34.913Z] 🔍 Enhancing item 15278: Solstice Staff (224/338)
[2025-11-03T15:21:48.484Z] ✅ Enhanced Solstice Staff - Speed: 2.6, DPS: 46.7
[2025-11-03T15:21:48.485Z] 💾 Saved progress to turtle_db/items/weapons/staves.json
[2025-11-03T15:21:50.486Z] 🔍 Enhancing item 15444: Staff of Orgrimmar (225/338)
[2025-11-03T15:21:54.555Z] ✅ Enhanced Staff of Orgrimmar - Speed: 3.3, DPS: 11.8
[2025-11-03T15:21:54.556Z] 💾 Saved progress to turtle_db/items/weapons/staves.json
[2025-11-03T15:21:56.557Z] 🔍 Enhancing item 17004: Sarah's Guide (226/338)
[2025-11-03T15:22:00.629Z] ✅ Enhanced Sarah's Guide - Speed: 2.5, DPS: 47.2
[2025-11-03T15:22:00.630Z] 💾 Saved progress to turtle_db/items/weapons/staves.json
[2025-11-03T15:22:02.631Z] 🔍 Enhancing item 18353: Stoneflower Staff (227/338)
[2025-11-03T15:22:06.697Z] ✅ Enhanced Stoneflower Staff - Speed: 3, DPS: 47.3
[2025-11-03T15:22:06.697Z] 💾 Saved progress to turtle_db/items/weapons/staves.json
[2025-11-03T15:22:08.697Z] 🔍 Enhancing item 41044: Staff of Withering Power (228/338)
[2025-11-03T15:22:12.882Z] ✅ Enhanced Staff of Withering Power - Speed: 2.7, DPS: 8.3
[2025-11-03T15:22:12.883Z] 💾 Saved progress to turtle_db/items/weapons/staves.json
[2025-11-03T15:22:14.883Z] 🔍 Enhancing item 41345: Royal Gemstone Staff (229/338)
[2025-11-03T15:22:18.571Z] ✅ Enhanced Royal Gemstone Staff - Speed: 3, DPS: 35.5
[2025-11-03T15:22:18.572Z] 💾 Saved progress to turtle_db/items/weapons/staves.json
[2025-11-03T15:22:20.572Z] 🔍 Enhancing item 41558: The Slagbinder (230/338)
[2025-11-03T15:22:24.644Z] ✅ Enhanced The Slagbinder - Speed: 2.6, DPS: 22.1
[2025-11-03T15:22:24.645Z] 💾 Saved progress to turtle_db/items/weapons/staves.json
[2025-11-03T15:22:26.645Z] 🔍 Enhancing item 55148: Staff of Blossomed Jade (231/338)
[2025-11-03T15:22:30.574Z] ✅ Enhanced Staff of Blossomed Jade - Speed: 3.1, DPS: 31.3
[2025-11-03T15:22:30.575Z] 💾 Saved progress to turtle_db/items/weapons/staves.json
[2025-11-03T15:22:32.576Z] 🔍 Enhancing item 55165: Small Pearlstone Staff (232/338)
[2025-11-03T15:22:36.646Z] ✅ Enhanced Small Pearlstone Staff - Speed: 3.1, DPS: 10.2
[2025-11-03T15:22:36.647Z] 💾 Saved progress to turtle_db/items/weapons/staves.json
[2025-11-03T15:22:38.647Z] 🔍 Enhancing item 55240: Topaz Tempest Rod (233/338)
[2025-11-03T15:22:42.576Z] ✅ Enhanced Topaz Tempest Rod - Speed: 3.2, DPS: 28.1
[2025-11-03T15:22:42.577Z] 💾 Saved progress to turtle_db/items/weapons/staves.json
[2025-11-03T15:22:44.577Z] 🔍 Enhancing item 55271: Spellweaver Rod (234/338)
[2025-11-03T15:22:48.646Z] ✅ Enhanced Spellweaver Rod - Speed: 3.2, DPS: 44.7
[2025-11-03T15:22:48.646Z] 💾 Saved progress to turtle_db/items/weapons/staves.json
[2025-11-03T15:22:50.647Z] 🔍 Enhancing item 55326: Serpent's Coil Staff (235/338)
[2025-11-03T15:22:54.353Z] ✅ Enhanced Serpent's Coil Staff - Speed: 2.7, DPS: 15
[2025-11-03T15:22:54.353Z] 💾 Saved progress to turtle_db/items/weapons/staves.json
[2025-11-03T15:22:56.354Z] 🔍 Enhancing item 55328: Sphinx's Wisdom Staff (236/338)
[2025-11-03T15:23:00.421Z] ✅ Enhanced Sphinx's Wisdom Staff - Speed: 3, DPS: 25.7
[2025-11-03T15:23:00.422Z] 💾 Saved progress to turtle_db/items/weapons/staves.json
[2025-11-03T15:23:02.423Z] 🔍 Enhancing item 56052: Staff of Gallitrea (237/338)
[2025-11-03T15:23:06.490Z] ✅ Enhanced Staff of Gallitrea - Speed: 3.2, DPS: 32.5
[2025-11-03T15:23:06.490Z] 💾 Saved progress to turtle_db/items/weapons/staves.json
[2025-11-03T15:23:08.491Z] 🔍 Enhancing item 58014: Scolding Rod (238/338)
[2025-11-03T15:23:12.563Z] ✅ Enhanced Scolding Rod - Speed: 3, DPS: 25.7
[2025-11-03T15:23:12.564Z] 💾 Saved progress to turtle_db/items/weapons/staves.json
[2025-11-03T15:23:14.564Z] 🔍 Enhancing item 58054: Scepter of Nazjatar (239/338)
[2025-11-03T15:23:18.584Z] ✅ Enhanced Scepter of Nazjatar - Speed: 3, DPS: 27.7
[2025-11-03T15:23:18.585Z] 💾 Saved progress to turtle_db/items/weapons/staves.json
[2025-11-03T15:23:20.585Z] 🔍 Enhancing item 61091: Telraz's Jeweled Staff (240/338)
[2025-11-03T15:23:24.654Z] ✅ Enhanced Telraz's Jeweled Staff - Speed: 2.7, DPS: 47.2
[2025-11-03T15:23:24.655Z] 💾 Saved progress to turtle_db/items/weapons/staves.json
[2025-11-03T15:23:26.655Z] 🔍 Enhancing item 61500: Shadestaff (241/338)
[2025-11-03T15:23:30.587Z] ✅ Enhanced Shadestaff - Speed: 3.1, DPS: 12.6
[2025-11-03T15:23:30.588Z] 💾 Saved progress to turtle_db/items/weapons/staves.json
[2025-11-03T15:23:32.588Z] 🔍 Enhancing item 61729: Staff of Shackled Lightning (242/338)
[2025-11-03T15:23:36.655Z] ✅ Enhanced Staff of Shackled Lightning - Speed: 2.7, DPS: 33.5
[2025-11-03T15:23:36.656Z] 💾 Saved progress to turtle_db/items/weapons/staves.json
[2025-11-03T15:23:38.657Z] 🔍 Enhancing item 61735: Stablehand Broom (243/338)
[2025-11-03T15:23:42.589Z] ✅ Enhanced Stablehand Broom - Speed: 3.5, DPS: 38
[2025-11-03T15:23:42.590Z] 💾 Saved progress to turtle_db/items/weapons/staves.json
[2025-11-03T15:23:44.590Z] 🔍 Enhancing item 80208: Crooked Tree Branch (244/338)
[2025-11-03T15:23:48.657Z] ✅ Enhanced Crooked Tree Branch - Speed: 3.2, DPS: 3.1
[2025-11-03T15:23:48.658Z] 💾 Saved progress to turtle_db/items/weapons/staves.json
[2025-11-03T15:23:50.659Z] 🔍 Enhancing item 80604: Withered Root Staff (245/338)
[2025-11-03T15:23:54.591Z] ✅ Enhanced Withered Root Staff - Speed: 2.8, DPS: 10.7
[2025-11-03T15:23:54.591Z] 💾 Saved progress to turtle_db/items/weapons/staves.json
[2025-11-03T15:23:56.592Z] 🔍 Enhancing item 80836: Staff of the Zephyr (246/338)
[2025-11-03T15:24:00.665Z] ✅ Enhanced Staff of the Zephyr - Speed: 2.8, DPS: 23.9
[2025-11-03T15:24:00.666Z] 💾 Saved progress to turtle_db/items/weapons/staves.json
[2025-11-03T15:24:02.666Z] 🔍 Enhancing item 81092: Copper Staff (247/338)
[2025-11-03T15:24:06.469Z] ✅ Enhanced Copper Staff - Speed: 3.3, DPS: 5.9
[2025-11-03T15:24:06.470Z] 💾 Saved progress to turtle_db/items/weapons/staves.json
[2025-11-03T15:24:08.470Z] 🔍 Enhancing item 10: Gamemaster's Broom of Doom (248/338)
[2025-11-03T15:24:12.536Z] ✅ Enhanced Gamemaster's Broom of Doom - Speed: 3.5, DPS: 362
[2025-11-03T15:24:12.537Z] 💾 Saved progress to turtle_db/items/weapons/staves.json
[2025-11-03T15:24:14.538Z] 🔍 Enhancing item 26: Thalassian Staff (249/338)
[2025-11-03T15:24:18.597Z] ✅ Enhanced Thalassian Staff - Speed: 2.9, DPS: 1.4
[2025-11-03T15:24:18.597Z] 💾 Saved progress to turtle_db/items/weapons/staves.json
[2025-11-03T15:24:20.598Z] 🔍 Enhancing item 767: Long Bo Staff (250/338)
[2025-11-03T15:24:24.666Z] ✅ Enhanced Long Bo Staff - Speed: 2.5, DPS: 4.2
[2025-11-03T15:24:24.667Z] 💾 Saved progress to turtle_db/items/weapons/staves.json
[2025-11-03T15:24:26.668Z] 🔍 Enhancing item 854: Quarter Staff (251/338)
[2025-11-03T15:24:30.600Z] ✅ Enhanced Quarter Staff - Speed: 2.7, DPS: 9.4
[2025-11-03T15:24:30.601Z] 💾 Saved progress to turtle_db/items/weapons/staves.json
[2025-11-03T15:24:32.602Z] 🔍 Enhancing item 928: Long Staff (252/338)
[2025-11-03T15:24:36.667Z] ✅ Enhanced Long Staff - Speed: 3, DPS: 15.2
[2025-11-03T15:24:36.668Z] 💾 Saved progress to turtle_db/items/weapons/staves.json
[2025-11-03T15:24:38.668Z] 🔍 Enhancing item 1010: Gnarled Short Staff (253/338)
[2025-11-03T15:24:42.604Z] ✅ Enhanced Gnarled Short Staff - Speed: 2.8, DPS: 4.3
[2025-11-03T15:24:42.605Z] 💾 Saved progress to turtle_db/items/weapons/staves.json
[2025-11-03T15:24:44.606Z] 🔍 Enhancing item 1159: Militia Quarterstaff (254/338)
[2025-11-03T15:24:48.674Z] ✅ Enhanced Militia Quarterstaff - Speed: 2.8, DPS: 2.7
[2025-11-03T15:24:48.675Z] 💾 Saved progress to turtle_db/items/weapons/staves.json
[2025-11-03T15:24:50.675Z] 🔍 Enhancing item 1813: Chipped Quarterstaff (255/338)
[2025-11-03T15:24:54.608Z] ✅ Enhanced Chipped Quarterstaff - Speed: 3.1, DPS: 7.1
[2025-11-03T15:24:54.608Z] 💾 Saved progress to turtle_db/items/weapons/staves.json
[2025-11-03T15:24:56.609Z] 🔍 Enhancing item 1822: Cedar Walking Stick (256/338)
[2025-11-03T15:25:06.604Z] ✅ Enhanced Cedar Walking Stick - Speed: 2.8, DPS: 9.1
[2025-11-03T15:25:06.605Z] 💾 Saved progress to turtle_db/items/weapons/staves.json
[2025-11-03T15:25:08.605Z] 🔍 Enhancing item 1907: Monster - Staff, Basic (257/338)
[2025-11-03T15:25:12.759Z] ✅ Enhanced Monster - Staff, Basic - Speed: 2, DPS: 0.8
[2025-11-03T15:25:12.760Z] 💾 Saved progress to turtle_db/items/weapons/staves.json
[2025-11-03T15:25:14.761Z] 🔍 Enhancing item 1908: Monster - Staff, Crooked (258/338)
[2025-11-03T15:25:18.489Z] ✅ Enhanced Monster - Staff, Crooked - Speed: 2, DPS: 0.8
[2025-11-03T15:25:18.490Z] 💾 Saved progress to turtle_db/items/weapons/staves.json
[2025-11-03T15:25:20.491Z] 🔍 Enhancing item 2030: Gnarled Staff (259/338)
[2025-11-03T15:25:24.558Z] ✅ Enhanced Gnarled Staff - Speed: 2.9, DPS: 11.9
[2025-11-03T15:25:24.559Z] 💾 Saved progress to turtle_db/items/weapons/staves.json
[2025-11-03T15:25:26.559Z] 🔍 Enhancing item 2067: Frostbit Staff (260/338)
[2025-11-03T15:25:30.614Z] ✅ Enhanced Frostbit Staff - Speed: 2.7, DPS: 5.7
[2025-11-03T15:25:30.614Z] 💾 Saved progress to turtle_db/items/weapons/staves.json
[2025-11-03T15:25:32.614Z] 🔍 Enhancing item 2132: Short Staff (261/338)
[2025-11-03T15:25:36.826Z] ✅ Enhanced Short Staff - Speed: 3.2, DPS: 2
[2025-11-03T15:25:36.827Z] 💾 Saved progress to turtle_db/items/weapons/staves.json
[2025-11-03T15:25:38.828Z] 🔍 Enhancing item 2257: Frostmane Staff (262/338)
[2025-11-03T15:25:42.617Z] ✅ Enhanced Frostmane Staff - Speed: 3.1, DPS: 5.6
[2025-11-03T15:25:42.618Z] 💾 Saved progress to turtle_db/items/weapons/staves.json
[2025-11-03T15:25:44.619Z] 🔍 Enhancing item 2495: Walking Stick (263/338)
[2025-11-03T15:25:48.911Z] ✅ Enhanced Walking Stick - Speed: 2.5, DPS: 4.2
[2025-11-03T15:25:48.911Z] 💾 Saved progress to turtle_db/items/weapons/staves.json
[2025-11-03T15:25:50.912Z] 🔍 Enhancing item 2535: War Staff (264/338)
[2025-11-03T15:25:54.622Z] ✅ Enhanced War Staff - Speed: 3.3, DPS: 32.4
[2025-11-03T15:25:54.623Z] 💾 Saved progress to turtle_db/items/weapons/staves.json
[2025-11-03T15:25:56.624Z] 🔍 Enhancing item 3277: Executor Staff (265/338)
[2025-11-03T15:26:00.693Z] ✅ Enhanced Executor Staff - Speed: 2.9, DPS: 2.6
[2025-11-03T15:26:00.694Z] 💾 Saved progress to turtle_db/items/weapons/staves.json
[2025-11-03T15:26:02.694Z] 🔍 Enhancing item 3327: Vile Fin Oracle Staff (266/338)
[2025-11-03T15:26:06.624Z] ✅ Enhanced Vile Fin Oracle Staff - Speed: 2.9, DPS: 5
[2025-11-03T15:26:06.625Z] 💾 Saved progress to turtle_db/items/weapons/staves.json
[2025-11-03T15:26:08.626Z] 🔍 Enhancing item 3335: Farmer's Broom (267/338)
[2025-11-03T15:26:12.695Z] ✅ Enhanced Farmer's Broom - Speed: 3.5, DPS: 3.3
[2025-11-03T15:26:12.696Z] 💾 Saved progress to turtle_db/items/weapons/staves.json
[2025-11-03T15:26:14.697Z] 🔍 Enhancing item 3661: Handcrafted Staff (268/338)
[2025-11-03T15:26:18.625Z] ✅ Enhanced Handcrafted Staff - Speed: 2.9, DPS: 1.4
[2025-11-03T15:26:18.626Z] 💾 Saved progress to turtle_db/items/weapons/staves.json
[2025-11-03T15:26:20.627Z] 🔍 Enhancing item 3784: Metal Stave (269/338)
[2025-11-03T15:26:24.722Z] ✅ Enhanced Metal Stave - Speed: 3.1, DPS: 15.3
[2025-11-03T15:26:24.722Z] 💾 Saved progress to turtle_db/items/weapons/staves.json
[2025-11-03T15:26:26.722Z] 🔍 Enhancing item 4024: Heavy War Staff (270/338)
[2025-11-03T15:26:58.285Z] ✅ Enhanced Heavy War Staff - Speed: 3.4, DPS: 21.9
[2025-11-03T15:26:58.286Z] 💾 Saved progress to turtle_db/items/weapons/staves.json
[2025-11-03T15:27:00.287Z] 🔍 Enhancing item 5276: Monster - Staff, 3 Piece Taped Staff (271/338)
[2025-11-03T15:27:04.443Z] ✅ Enhanced Monster - Staff, 3 Piece Taped Staff - Speed: 2.9, DPS: 0.9
[2025-11-03T15:27:04.444Z] 💾 Saved progress to turtle_db/items/weapons/staves.json
[2025-11-03T15:27:06.445Z] 🔍 Enhancing item 5393: Thistlewood Staff (272/338)
[2025-11-03T15:27:10.593Z] ✅ Enhanced Thistlewood Staff - Speed: 3.1, DPS: 2.6
[2025-11-03T15:27:10.594Z] 💾 Saved progress to turtle_db/items/weapons/staves.json
[2025-11-03T15:27:12.595Z] 🔍 Enhancing item 5581: Smooth Walking Staff (273/338)
[2025-11-03T15:27:16.662Z] ✅ Enhanced Smooth Walking Staff - Speed: 3.3, DPS: 2.7
[2025-11-03T15:27:16.663Z] 💾 Saved progress to turtle_db/items/weapons/staves.json
[2025-11-03T15:27:18.663Z] 🔍 Enhancing item 5776: Elder's Cane (274/338)
[2025-11-03T15:27:22.635Z] ✅ Enhanced Elder's Cane - Speed: 3.5, DPS: 2.6
[2025-11-03T15:27:22.635Z] 💾 Saved progress to turtle_db/items/weapons/staves.json
[2025-11-03T15:27:24.635Z] 🔍 Enhancing item 5778: Primitive Walking Stick (275/338)
[2025-11-03T15:27:28.829Z] ✅ Enhanced Primitive Walking Stick - Speed: 3.1, DPS: 2.6
[2025-11-03T15:27:28.830Z] 💾 Saved progress to turtle_db/items/weapons/staves.json
[2025-11-03T15:27:30.831Z] 🔍 Enhancing item 6322: Monster - Staff, Arugal (276/338)
[2025-11-03T15:27:34.637Z] ✅ Enhanced Monster - Staff, Arugal - Speed: 2, DPS: 0.8
[2025-11-03T15:27:34.638Z] 💾 Saved progress to turtle_db/items/weapons/staves.json
[2025-11-03T15:27:36.639Z] 🔍 Enhancing item 11365: Monster - Staff, Badass Red Staff (277/338)
[2025-11-03T15:27:40.791Z] ✅ Enhanced Monster - Staff, Badass Red Staff - Speed: 2, DPS: 0.8
[2025-11-03T15:27:40.791Z] 💾 Saved progress to turtle_db/items/weapons/staves.json
[2025-11-03T15:27:42.792Z] 🔍 Enhancing item 12182: Monster - Staff of Jordan (278/338)
[2025-11-03T15:27:46.639Z] ✅ Enhanced Monster - Staff of Jordan - Speed: 2, DPS: 0.8
[2025-11-03T15:27:46.640Z] 💾 Saved progress to turtle_db/items/weapons/staves.json
[2025-11-03T15:27:48.640Z] 🔍 Enhancing item 12328: Monster - Staff, 3 Piece Taped Staff Green (279/338)
[2025-11-03T15:27:52.790Z] ✅ Enhanced Monster - Staff, 3 Piece Taped Staff Green - Speed: 2.9, DPS: 0.9
[2025-11-03T15:27:52.791Z] 💾 Saved progress to turtle_db/items/weapons/staves.json
[2025-11-03T15:27:54.792Z] 🔍 Enhancing item 12329: Monster - Staff, Crooked Green (280/338)
[2025-11-03T15:27:58.642Z] ✅ Enhanced Monster - Staff, Crooked Green - Speed: 2, DPS: 0.8
[2025-11-03T15:27:58.644Z] 💾 Saved progress to turtle_db/items/weapons/staves.json
[2025-11-03T15:28:00.644Z] 🔍 Enhancing item 12937: Monster - Staff, Basic Red (281/338)
[2025-11-03T15:28:04.688Z] ✅ Enhanced Monster - Staff, Basic Red - Speed: 2, DPS: 0.8
[2025-11-03T15:28:04.689Z] 💾 Saved progress to turtle_db/items/weapons/staves.json
[2025-11-03T15:28:06.689Z] 🔍 Enhancing item 12943: Monster - Staff, 3 Piece Taped Staff Red (282/338)
[2025-11-03T15:28:10.643Z] ✅ Enhanced Monster - Staff, 3 Piece Taped Staff Red - Speed: 2.9, DPS: 0.9
[2025-11-03T15:28:10.644Z] 💾 Saved progress to turtle_db/items/weapons/staves.json
[2025-11-03T15:28:12.644Z] 🔍 Enhancing item 13069: Monster - Staff, D01 Flaming Red (283/338)
[2025-11-03T15:28:16.802Z] ✅ Enhanced Monster - Staff, D01 Flaming Red - Speed: 2, DPS: 0.8
[2025-11-03T15:28:16.802Z] 💾 Saved progress to turtle_db/items/weapons/staves.json
[2025-11-03T15:28:18.802Z] 🔍 Enhancing item 13622: Monster - Staff, D01 Circling Black Skull (284/338)
[2025-11-03T15:28:22.645Z] ✅ Enhanced Monster - Staff, D01 Circling Black Skull - Speed: 2, DPS: 0.8
[2025-11-03T15:28:22.646Z] 💾 Saved progress to turtle_db/items/weapons/staves.json
[2025-11-03T15:28:24.646Z] 🔍 Enhancing item 13709: Monster - Staff Green Sphere Glowing (285/338)
[2025-11-03T15:28:28.795Z] ✅ Enhanced Monster - Staff Green Sphere Glowing - Speed: 2, DPS: 0.8
[2025-11-03T15:28:28.796Z] 💾 Saved progress to turtle_db/items/weapons/staves.json
[2025-11-03T15:28:30.797Z] 🔍 Enhancing item 14083: Tyrande's Staff (286/338)
[2025-11-03T15:28:34.647Z] ✅ Enhanced Tyrande's Staff - Speed: 2.4, DPS: 2.1
[2025-11-03T15:28:34.648Z] 💾 Saved progress to turtle_db/items/weapons/staves.json
[2025-11-03T15:28:36.649Z] 🔍 Enhancing item 14392: Durability Staff (287/338)
[2025-11-03T15:28:40.560Z] ✅ Enhanced Durability Staff - Speed: 2.8, DPS: 0.9
[2025-11-03T15:28:40.561Z] 💾 Saved progress to turtle_db/items/weapons/staves.json
[2025-11-03T15:28:42.562Z] 🔍 Enhancing item 14706: Monster - Staff, 3 Piece Taped Staff Purple (288/338)
[2025-11-03T15:28:46.629Z] ✅ Enhanced Monster - Staff, 3 Piece Taped Staff Purple - Speed: 2.9, DPS: 0.9
[2025-11-03T15:28:46.630Z] 💾 Saved progress to turtle_db/items/weapons/staves.json
[2025-11-03T15:28:48.631Z] 🔍 Enhancing item 14707: Monster - Staff, 3 Piece Taped Staff Blue (289/338)
[2025-11-03T15:28:52.696Z] ✅ Enhanced Monster - Staff, 3 Piece Taped Staff Blue - Speed: 2.9, DPS: 0.9
[2025-11-03T15:28:52.697Z] 💾 Saved progress to turtle_db/items/weapons/staves.json
[2025-11-03T15:28:54.697Z] 🔍 Enhancing item 21795: Monster - Staff, Ahn'Qiraj (290/338)
[2025-11-03T15:28:58.651Z] ✅ Enhanced Monster - Staff, Ahn'Qiraj - Speed: 2, DPS: 0.8
[2025-11-03T15:28:58.652Z] 💾 Saved progress to turtle_db/items/weapons/staves.json
[2025-11-03T15:29:00.652Z] 🔍 Enhancing item 41029: Shoreman's Staff (291/338)
[2025-11-03T15:29:04.723Z] ✅ Enhanced Shoreman's Staff - Speed: 3.3, DPS: 2.7
[2025-11-03T15:29:04.724Z] 💾 Saved progress to turtle_db/items/weapons/staves.json
[2025-11-03T15:29:06.725Z] 🔍 Enhancing item 41110: Ley-Technician Staff (292/338)
[2025-11-03T15:29:10.653Z] ✅ Enhanced Ley-Technician Staff - Speed: 3.5, DPS: 2.6
[2025-11-03T15:29:10.654Z] 💾 Saved progress to turtle_db/items/weapons/staves.json
[2025-11-03T15:29:12.655Z] 🔍 Enhancing item 41667: Winter Veil Tree (293/338)
[2025-11-03T15:29:16.337Z] ✅ Enhanced Winter Veil Tree - Speed: 2, DPS: 0.8
[2025-11-03T15:29:16.338Z] 💾 Saved progress to turtle_db/items/weapons/staves.json
[2025-11-03T15:29:18.338Z] 🔍 Enhancing item 41668: Winter Shepherd's Cane (294/338)
[2025-11-03T15:29:22.405Z] ✅ Enhanced Winter Shepherd's Cane - Speed: 2, DPS: 0.8
[2025-11-03T15:29:22.405Z] 💾 Saved progress to turtle_db/items/weapons/staves.json
[2025-11-03T15:29:24.406Z] 🔍 Enhancing item 58085: Mudpaw Cane (295/338)
[2025-11-03T15:29:28.558Z] ✅ Enhanced Mudpaw Cane - Speed: 2.4, DPS: 4.4
[2025-11-03T15:29:28.559Z] 💾 Saved progress to turtle_db/items/weapons/staves.json
[2025-11-03T15:29:30.559Z] 🔍 Enhancing item 61690: Cleric's Bent Staff (296/338)
[2025-11-03T15:29:34.657Z] ✅ Enhanced Cleric's Bent Staff - Speed: 2.9, DPS: 23.1
[2025-11-03T15:29:34.658Z] 💾 Saved progress to turtle_db/items/weapons/staves.json
[2025-11-03T15:29:36.659Z] 🔍 Enhancing item 80107: Smooth Wooden Staff (297/338)
[2025-11-03T15:29:40.811Z] ✅ Enhanced Smooth Wooden Staff - Speed: 3.2, DPS: 3.1
[2025-11-03T15:29:40.811Z] 💾 Saved progress to turtle_db/items/weapons/staves.json
[2025-11-03T15:29:42.813Z] 🔍 Enhancing item 1411: Withered Staff (298/338)
[2025-11-03T15:29:46.662Z] ✅ Enhanced Withered Staff - Speed: 3, DPS: 3.3
[2025-11-03T15:29:46.662Z] 💾 Saved progress to turtle_db/items/weapons/staves.json
[2025-11-03T15:29:48.663Z] 🔍 Enhancing item 1515: Rough Wooden Staff (299/338)
[2025-11-03T15:29:52.757Z] ✅ Enhanced Rough Wooden Staff - Speed: 3.3, DPS: 5
[2025-11-03T15:29:52.758Z] 💾 Saved progress to turtle_db/items/weapons/staves.json
[2025-11-03T15:29:54.759Z] 🔍 Enhancing item 1831: Oaken War Staff (300/338)
[2025-11-03T15:29:58.664Z] ✅ Enhanced Oaken War Staff - Speed: 3.7, DPS: 11.4
[2025-11-03T15:29:58.665Z] 💾 Saved progress to turtle_db/items/weapons/staves.json
[2025-11-03T15:30:00.666Z] 🔍 Enhancing item 2176: Monster - Staff, Ornate Priest Staff (301/338)
[2025-11-03T15:30:04.818Z] ✅ Enhanced Monster - Staff, Ornate Priest Staff - Speed: 2, DPS: 0.8
[2025-11-03T15:30:04.819Z] 💾 Saved progress to turtle_db/items/weapons/staves.json
[2025-11-03T15:30:06.820Z] 🔍 Enhancing item 2177: Monster - Staff, Ornate Mage Staff (302/338)
[2025-11-03T15:30:10.666Z] ✅ Enhanced Monster - Staff, Ornate Mage Staff - Speed: 2, DPS: 0.8
[2025-11-03T15:30:10.667Z] 💾 Saved progress to turtle_db/items/weapons/staves.json
[2025-11-03T15:30:12.667Z] 🔍 Enhancing item 2559: Monster - Staff, Ornate Warlock Staff (303/338)
[2025-11-03T15:30:16.831Z] ✅ Enhanced Monster - Staff, Ornate Warlock Staff - Speed: 2, DPS: 0.8
[2025-11-03T15:30:16.832Z] 💾 Saved progress to turtle_db/items/weapons/staves.json
[2025-11-03T15:30:18.833Z] 🔍 Enhancing item 5277: Monster - Staff, Metal /w Spike Crystal (304/338)
[2025-11-03T15:30:22.667Z] ✅ Enhanced Monster - Staff, Metal /w Spike Crystal - Speed: 3, DPS: 1
[2025-11-03T15:30:22.668Z] 💾 Saved progress to turtle_db/items/weapons/staves.json
[2025-11-03T15:30:24.668Z] 🔍 Enhancing item 5304: Monster - Staff, Large Metal Shaft (305/338)
[2025-11-03T15:30:28.561Z] ✅ Enhanced Monster - Staff, Large Metal Shaft - Speed: 2.4, DPS: 0.8
[2025-11-03T15:30:28.562Z] 💾 Saved progress to turtle_db/items/weapons/staves.json
[2025-11-03T15:30:30.563Z] 🔍 Enhancing item 7826: Monster - Staff, Special NPC (Whitemane) (306/338)
[2025-11-03T15:30:34.671Z] ✅ Enhanced Monster - Staff, Special NPC (Whitemane) - Speed: 2, DPS: 0.8
[2025-11-03T15:30:34.672Z] 💾 Saved progress to turtle_db/items/weapons/staves.json
[2025-11-03T15:30:36.673Z] 🔍 Enhancing item 11343: Monster - Staff, Jeweled Red Staff (307/338)
[2025-11-03T15:30:40.820Z] ✅ Enhanced Monster - Staff, Jeweled Red Staff - Speed: 2, DPS: 0.8
[2025-11-03T15:30:40.821Z] 💾 Saved progress to turtle_db/items/weapons/staves.json
[2025-11-03T15:30:42.821Z] 🔍 Enhancing item 11542: Monster - Staff, Red Feathered (308/338)
[2025-11-03T15:30:46.673Z] ✅ Enhanced Monster - Staff, Red Feathered - Speed: 3.4, DPS: 0.9
[2025-11-03T15:30:46.674Z] 💾 Saved progress to turtle_db/items/weapons/staves.json
[2025-11-03T15:30:48.675Z] 🔍 Enhancing item 11588: Monster - Staff, Jeweled D01 Green (309/338)
[2025-11-03T15:30:52.829Z] ✅ Enhanced Monster - Staff, Jeweled D01 Green - Speed: 2, DPS: 0.8
[2025-11-03T15:30:52.830Z] 💾 Saved progress to turtle_db/items/weapons/staves.json
[2025-11-03T15:30:54.830Z] 🔍 Enhancing item 12322: Monster - Staff, Green Feathered (310/338)
[2025-11-03T15:30:58.675Z] ✅ Enhanced Monster - Staff, Green Feathered - Speed: 3.4, DPS: 0.9
[2025-11-03T15:30:58.676Z] 💾 Saved progress to turtle_db/items/weapons/staves.json
[2025-11-03T15:31:00.676Z] 🔍 Enhancing item 12421: Monster - Staff, White Jeweled (311/338)
[2025-11-03T15:31:04.420Z] ✅ Enhanced Monster - Staff, White Jeweled - Speed: 2, DPS: 0.8
[2025-11-03T15:31:04.421Z] 💾 Saved progress to turtle_db/items/weapons/staves.json
[2025-11-03T15:31:06.422Z] 🔍 Enhancing item 12591: Monster - Staff, Holy Staff (312/338)
[2025-11-03T15:31:10.577Z] ✅ Enhanced Monster - Staff, Holy Staff - Speed: 2, DPS: 0.8
[2025-11-03T15:31:10.578Z] 💾 Saved progress to turtle_db/items/weapons/staves.json
[2025-11-03T15:31:12.579Z] 🔍 Enhancing item 12959: Monster - Staff, Demon Skull Staff (313/338)
[2025-11-03T15:31:16.730Z] ✅ Enhanced Monster - Staff, Demon Skull Staff - Speed: 2, DPS: 0.8
[2025-11-03T15:31:16.731Z] 💾 Saved progress to turtle_db/items/weapons/staves.json
[2025-11-03T15:31:18.731Z] 🔍 Enhancing item 13050: Monster - Staff, Ornate Jeweled Staff - Red (314/338)
[2025-11-03T15:31:22.681Z] ✅ Enhanced Monster - Staff, Ornate Jeweled Staff - Red - Speed: 2, DPS: 0.8
[2025-11-03T15:31:22.682Z] 💾 Saved progress to turtle_db/items/weapons/staves.json
[2025-11-03T15:31:24.683Z] 🔍 Enhancing item 13061: Monster - Staff, Green Crystal Sphere (315/338)
[2025-11-03T15:31:28.833Z] ✅ Enhanced Monster - Staff, Green Crystal Sphere - Speed: 2, DPS: 0.8
[2025-11-03T15:31:28.834Z] 💾 Saved progress to turtle_db/items/weapons/staves.json
[2025-11-03T15:31:30.835Z] 🔍 Enhancing item 13078: Monster - Staff, Pointed Red Crystal (316/338)
[2025-11-03T15:31:37.140Z] ✅ Enhanced Monster - Staff, Pointed Red Crystal - Speed: 2, DPS: 0.8
[2025-11-03T15:31:37.141Z] 💾 Saved progress to turtle_db/items/weapons/staves.json
[2025-11-03T15:31:39.141Z] 🔍 Enhancing item 13336: Monster - Staff, Feathered Black (317/338)
[2025-11-03T15:31:43.298Z] ✅ Enhanced Monster - Staff, Feathered Black - Speed: 3.4, DPS: 0.9
[2025-11-03T15:31:43.299Z] 💾 Saved progress to turtle_db/items/weapons/staves.json
[2025-11-03T15:31:45.300Z] 🔍 Enhancing item 13337: Monster - Staff, Feathered Gold (318/338)
[2025-11-03T15:31:49.450Z] ✅ Enhanced Monster - Staff, Feathered Gold - Speed: 3.4, DPS: 0.9
[2025-11-03T15:31:49.451Z] 💾 Saved progress to turtle_db/items/weapons/staves.json
[2025-11-03T15:31:51.451Z] 🔍 Enhancing item 13338: Monster - Staff, Feathered Invert (319/338)
[2025-11-03T15:31:55.604Z] ✅ Enhanced Monster - Staff, Feathered Invert - Speed: 3.4, DPS: 0.9
[2025-11-03T15:31:55.604Z] 💾 Saved progress to turtle_db/items/weapons/staves.json
[2025-11-03T15:31:57.604Z] 🔍 Enhancing item 13339: Monster - Staff, Feathered Silver (320/338)
[2025-11-03T15:32:01.753Z] ✅ Enhanced Monster - Staff, Feathered Silver - Speed: 3.4, DPS: 0.9
[2025-11-03T15:32:01.754Z] 💾 Saved progress to turtle_db/items/weapons/staves.json
[2025-11-03T15:32:03.754Z] 🔍 Enhancing item 13698: Monster - Staff, Ornate Warlock Staff Black Glow Low (321/338)
[2025-11-03T15:32:07.908Z] ✅ Enhanced Monster - Staff, Ornate Warlock Staff Black Glow Low - Speed: 2, DPS: 0.8
[2025-11-03T15:32:07.909Z] 💾 Saved progress to turtle_db/items/weapons/staves.json
[2025-11-03T15:32:09.909Z] 🔍 Enhancing item 13705: Monster - Staff, Yellow Jeweled with Low Purple Glow (322/338)
[2025-11-03T15:32:14.060Z] ✅ Enhanced Monster - Staff, Yellow Jeweled with Low Purple Glow - Speed: 2, DPS: 0.8
[2025-11-03T15:32:14.061Z] 💾 Saved progress to turtle_db/items/weapons/staves.json
[2025-11-03T15:32:16.061Z] 🔍 Enhancing item 13720: Monster - Staff, Feathered Invert - Glow Black High (323/338)
[2025-11-03T15:32:20.213Z] ✅ Enhanced Monster - Staff, Feathered Invert - Glow Black High - Speed: 3.4, DPS: 0.9
[2025-11-03T15:32:20.213Z] 💾 Saved progress to turtle_db/items/weapons/staves.json
[2025-11-03T15:32:22.214Z] 🔍 Enhancing item 13722: Monster - Staff, Demon Skull Staff Low Purple Flame (324/338)
[2025-11-03T15:32:26.372Z] ✅ Enhanced Monster - Staff, Demon Skull Staff Low Purple Flame - Speed: 2, DPS: 0.8
[2025-11-03T15:32:26.373Z] 💾 Saved progress to turtle_db/items/weapons/staves.json
[2025-11-03T15:32:28.373Z] 🔍 Enhancing item 13750: Monster - Staff, Jeweled Blue Staff (325/338)
[2025-11-03T15:32:32.523Z] ✅ Enhanced Monster - Staff, Jeweled Blue Staff - Speed: 2, DPS: 0.8
[2025-11-03T15:32:32.524Z] 💾 Saved progress to turtle_db/items/weapons/staves.json
[2025-11-03T15:32:34.524Z] 🔍 Enhancing item 13751: Monster - Staff, Jeweled Yellow Staff (326/338)
[2025-11-03T15:32:38.685Z] ✅ Enhanced Monster - Staff, Jeweled Yellow Staff - Speed: 2, DPS: 0.8
[2025-11-03T15:32:38.686Z] 💾 Saved progress to turtle_db/items/weapons/staves.json
[2025-11-03T15:32:40.687Z] 🔍 Enhancing item 13753: Monster - Staff, Jeweled Green Staff (327/338)
[2025-11-03T15:32:44.835Z] ✅ Enhanced Monster - Staff, Jeweled Green Staff - Speed: 2, DPS: 0.8
[2025-11-03T15:32:44.836Z] 💾 Saved progress to turtle_db/items/weapons/staves.json
[2025-11-03T15:32:46.836Z] 🔍 Enhancing item 13823: Stout War Staff (328/338)
[2025-11-03T15:33:10.108Z] ✅ Enhanced Stout War Staff - Speed: 3.1, DPS: 23.9
[2025-11-03T15:33:10.109Z] 💾 Saved progress to turtle_db/items/weapons/staves.json
[2025-11-03T15:33:12.109Z] 🔍 Enhancing item 14092: Monster - Staff, Holy Staff Archbishop Benedictus (329/338)
[2025-11-03T15:33:16.113Z] ✅ Enhanced Monster - Staff, Holy Staff Archbishop Benedictus - Speed: 2, DPS: 0.8
[2025-11-03T15:33:16.114Z] 💾 Saved progress to turtle_db/items/weapons/staves.json
[2025-11-03T15:33:18.115Z] 🔍 Enhancing item 14618: Monster - Staff, Jeweled Red Staff Low Red Flame (330/338)
[2025-11-03T15:33:22.184Z] ✅ Enhanced Monster - Staff, Jeweled Red Staff Low Red Flame - Speed: 2, DPS: 0.8
[2025-11-03T15:33:22.185Z] 💾 Saved progress to turtle_db/items/weapons/staves.json
[2025-11-03T15:33:24.185Z] 🔍 Enhancing item 14836: Monster - Staff, Ornate Jeweled Staff - Purple (331/338)
[2025-11-03T15:33:28.301Z] ✅ Enhanced Monster - Staff, Ornate Jeweled Staff - Purple - Speed: 2, DPS: 0.8
[2025-11-03T15:33:28.302Z] 💾 Saved progress to turtle_db/items/weapons/staves.json
[2025-11-03T15:33:30.303Z] 🔍 Enhancing item 14837: Monster - Staff, Ornate Jeweled Staff - Purple Low Purple Glow (332/338)
[2025-11-03T15:33:34.372Z] ✅ Enhanced Monster - Staff, Ornate Jeweled Staff - Purple Low Purple Glow - Speed: 2, DPS: 0.8
[2025-11-03T15:33:34.373Z] 💾 Saved progress to turtle_db/items/weapons/staves.json
[2025-11-03T15:33:36.373Z] 🔍 Enhancing item 14873: Monster - Staff, Ornate Jeweled Staff - Blue (333/338)
[2025-11-03T15:33:40.442Z] ✅ Enhanced Monster - Staff, Ornate Jeweled Staff - Blue - Speed: 2, DPS: 0.8
[2025-11-03T15:33:40.443Z] 💾 Saved progress to turtle_db/items/weapons/staves.json
[2025-11-03T15:33:42.443Z] 🔍 Enhancing item 18122: Monster - Staff, Ornate Jeweled Staff - Blue High Blue Glow (334/338)
[2025-11-03T15:33:46.078Z] ✅ Enhanced Monster - Staff, Ornate Jeweled Staff - Blue High Blue Glow - Speed: 2, DPS: 0.8
[2025-11-03T15:33:46.079Z] 💾 Saved progress to turtle_db/items/weapons/staves.json
[2025-11-03T15:33:48.080Z] 🔍 Enhancing item 18123: Monster - Staff, Feathered Silver Glow (335/338)
[2025-11-03T15:33:52.145Z] ✅ Enhanced Monster - Staff, Feathered Silver Glow - Speed: 3.4, DPS: 0.9
[2025-11-03T15:33:52.146Z] 💾 Saved progress to turtle_db/items/weapons/staves.json
[2025-11-03T15:33:54.146Z] 🔍 Enhancing item 18644: Monster - Staff, Ornate Jeweled Staff - Red Low Red Flame (336/338)
[2025-11-03T15:33:58.213Z] ✅ Enhanced Monster - Staff, Ornate Jeweled Staff - Red Low Red Flame - Speed: 2, DPS: 0.8
[2025-11-03T15:33:58.214Z] 💾 Saved progress to turtle_db/items/weapons/staves.json
[2025-11-03T15:34:00.215Z] 🔍 Enhancing item 20718: Monster - Staff, Jeweled Yellow Staff w/Low Purple Glow (337/338)
[2025-11-03T15:34:04.286Z] ✅ Enhanced Monster - Staff, Jeweled Yellow Staff w/Low Purple Glow - Speed: 2, DPS: 0.8
[2025-11-03T15:34:04.287Z] 💾 Saved progress to turtle_db/items/weapons/staves.json
[2025-11-03T15:34:06.287Z] 🔍 Enhancing item 20719: Monster - Staff, Jeweled D01/B02 Yellow w/Low Red Flame (338/338)
[2025-11-03T15:34:10.359Z] ✅ Enhanced Monster - Staff, Jeweled D01/B02 Yellow w/Low Red Flame - Speed: 2, DPS: 0.8
[2025-11-03T15:34:10.360Z] 💾 Saved progress to turtle_db/items/weapons/staves.json
[2025-11-03T15:34:12.360Z] 📊 Enhancement complete for turtle_db/items/weapons/staves.json
[2025-11-03T15:34:12.360Z]    Enhanced: 338 items
[2025-11-03T15:34:12.361Z]    Skipped: 0 items
[2025-11-03T15:34:12.361Z] 📂 Processing weapon file: turtle_db/items/weapons/thrown.json
[2025-11-03T15:34:12.361Z] 📊 Found 1 items in turtle_db/items/weapons/thrown.json
[2025-11-03T15:34:12.361Z] 🔍 Enhancing item 6088: Monster - Torch, Ranged (1/1)
[2025-11-03T15:34:16.512Z] ✅ Enhanced Monster - Torch, Ranged - Speed: 2, DPS: 0.8
[2025-11-03T15:34:16.513Z] 💾 Saved progress to turtle_db/items/weapons/thrown.json
[2025-11-03T15:34:18.514Z] 📊 Enhancement complete for turtle_db/items/weapons/thrown.json
[2025-11-03T15:34:18.514Z]    Enhanced: 1 items
[2025-11-03T15:34:18.514Z]    Skipped: 0 items
[2025-11-03T15:34:18.514Z] 📂 Processing weapon file: turtle_db/items/weapons/unknown.json
[2025-11-03T15:34:18.516Z] 📊 Found 340 items in turtle_db/items/weapons/unknown.json
[2025-11-03T15:34:18.516Z] 🔍 Enhancing item 7729: Chesterfall Musket (1/340)
[2025-11-03T15:34:22.583Z] ✅ Enhanced Chesterfall Musket - Speed: 2.3, DPS: 16.5
[2025-11-03T15:34:22.584Z] 💾 Saved progress to turtle_db/items/weapons/unknown.json
[2025-11-03T15:34:24.584Z] 🔍 Enhancing item 4379: Silver-plated Shotgun (2/340)
[2025-11-03T15:34:28.656Z] ✅ Enhanced Silver-plated Shotgun - Speed: 2.7, DPS: 10.4
[2025-11-03T15:34:28.657Z] 💾 Saved progress to turtle_db/items/weapons/unknown.json
[2025-11-03T15:34:30.658Z] 🔍 Enhancing item 60757: Dawnshield Mace (3/340)
[2025-11-03T15:34:34.722Z] ✅ Enhanced Dawnshield Mace - Speed: 2.4, DPS: 7.5
[2025-11-03T15:34:34.723Z] 💾 Saved progress to turtle_db/items/weapons/unknown.json
[2025-11-03T15:34:36.724Z] 🔍 Enhancing item 6946: Monster - Gun, Club (4/340)
[2025-11-03T15:34:40.875Z] ✅ Enhanced Monster - Gun, Club - Speed: 2, DPS: 0.8
[2025-11-03T15:34:40.876Z] 💾 Saved progress to turtle_db/items/weapons/unknown.json
[2025-11-03T15:34:42.877Z] 🔍 Enhancing item 83262: Scarlet Wanderer's Hammer (5/340)
[2025-11-03T15:34:46.724Z] ✅ Enhanced Scarlet Wanderer's Hammer - Speed: 3.7, DPS: 54.5
[2025-11-03T15:34:46.725Z] 💾 Saved progress to turtle_db/items/weapons/unknown.json
[2025-11-03T15:34:48.726Z] 🔍 Enhancing item 84017: Monster - Fist Weapon, Zul'jin (6/340)
[2025-11-03T15:34:52.820Z] ✅ Enhanced Monster - Fist Weapon, Zul'jin - Speed: 2, DPS: 0.8
[2025-11-03T15:34:52.821Z] 💾 Saved progress to turtle_db/items/weapons/unknown.json
[2025-11-03T15:34:54.821Z] 🔍 Enhancing item 1726: Poison-tipped Bone Spear (7/340)
[2025-11-03T15:35:06.417Z] ✅ Enhanced Poison-tipped Bone Spear - Speed: 2.3, DPS: 31.3
[2025-11-03T15:35:06.418Z] 💾 Saved progress to turtle_db/items/weapons/unknown.json
[2025-11-03T15:35:08.418Z] 🔍 Enhancing item 10799: Headspike (8/340)
[2025-11-03T15:35:12.489Z] ✅ Enhanced Headspike - Speed: 3, DPS: 44.2
[2025-11-03T15:35:12.490Z] 💾 Saved progress to turtle_db/items/weapons/unknown.json
[2025-11-03T15:35:14.491Z] 🔍 Enhancing item 12802: Darkspear (9/340)
[2025-11-03T15:35:18.569Z] ✅ Enhanced Darkspear - Speed: 3.2, DPS: 51.3
[2025-11-03T15:35:18.569Z] 💾 Saved progress to turtle_db/items/weapons/unknown.json
[2025-11-03T15:35:20.570Z] 🔍 Enhancing item 19106: Ice Barbed Spear (10/340)
[2025-11-03T15:35:24.639Z] ✅ Enhanced Ice Barbed Spear - Speed: 3.6, DPS: 53.9
[2025-11-03T15:35:24.640Z] 💾 Saved progress to turtle_db/items/weapons/unknown.json
[2025-11-03T15:35:26.640Z] 🔍 Enhancing item 20083: Hunting Spear (11/340)
[2025-11-03T15:35:30.711Z] ✅ Enhanced Hunting Spear - Speed: 3.1, DPS: 45
[2025-11-03T15:35:30.712Z] 💾 Saved progress to turtle_db/items/weapons/unknown.json
[2025-11-03T15:35:32.712Z] 🔍 Enhancing item 55026: Alteraci Hunting Spear (12/340)
[2025-11-03T15:35:36.780Z] ✅ Enhanced Alteraci Hunting Spear - Speed: 2.7, DPS: 43.7
[2025-11-03T15:35:36.780Z] 💾 Saved progress to turtle_db/items/weapons/unknown.json
[2025-11-03T15:35:38.781Z] 🔍 Enhancing item 55116: Raka'shishi, Spear of the Adrift Hunt (13/340)
[2025-11-03T15:35:42.853Z] ✅ Enhanced Raka'shishi, Spear of the Adrift Hunt - Speed: 3.5, DPS: 100
[2025-11-03T15:35:42.854Z] 💾 Saved progress to turtle_db/items/weapons/unknown.json
[2025-11-03T15:35:44.855Z] 🔍 Enhancing item 80538: Quel'dorei Ranger's Spear (14/340)
[2025-11-03T15:35:48.920Z] ✅ Enhanced Quel'dorei Ranger's Spear - Speed: 3.4, DPS: 55.7
[2025-11-03T15:35:48.921Z] 💾 Saved progress to turtle_db/items/weapons/unknown.json
[2025-11-03T15:35:50.921Z] 🔍 Enhancing item 80811: Energized Spear (15/340)
[2025-11-03T15:35:55.009Z] ✅ Enhanced Energized Spear - Speed: 2.3, DPS: 18.1
[2025-11-03T15:35:55.010Z] 💾 Saved progress to turtle_db/items/weapons/unknown.json
[2025-11-03T15:35:57.011Z] 🔍 Enhancing item 1406: Pearl-encrusted Spear (16/340)
[2025-11-03T15:36:01.078Z] ✅ Enhanced Pearl-encrusted Spear - Speed: 3.2, DPS: 13.8
[2025-11-03T15:36:01.079Z] 💾 Saved progress to turtle_db/items/weapons/unknown.json
[2025-11-03T15:36:03.080Z] 🔍 Enhancing item 1522: Headhunting Spear (17/340)
[2025-11-03T15:36:07.250Z] ✅ Enhanced Headhunting Spear - Speed: 3.2, DPS: 24.7
[2025-11-03T15:36:07.251Z] 💾 Saved progress to turtle_db/items/weapons/unknown.json
[2025-11-03T15:36:09.252Z] 🔍 Enhancing item 2023: Monster - Spear, Rusty (18/340)
[2025-11-03T15:36:13.398Z] ✅ Enhanced Monster - Spear, Rusty - Speed: 2, DPS: 0.8
[2025-11-03T15:36:13.399Z] 💾 Saved progress to turtle_db/items/weapons/unknown.json
[2025-11-03T15:36:15.400Z] 🔍 Enhancing item 3433: Monster - Spear, Badass (19/340)
[2025-11-03T15:36:19.551Z] ✅ Enhanced Monster - Spear, Badass - Speed: 2, DPS: 0.8
[2025-11-03T15:36:19.552Z] 💾 Saved progress to turtle_db/items/weapons/unknown.json
[2025-11-03T15:36:21.553Z] 🔍 Enhancing item 5597: Monster - Glaive - 2 Blade Red (20/340)
[2025-11-03T15:36:25.703Z] ✅ Enhanced Monster - Glaive - 2 Blade Red - Speed: 2, DPS: 0.8
[2025-11-03T15:36:25.704Z] 💾 Saved progress to turtle_db/items/weapons/unknown.json
[2025-11-03T15:36:27.704Z] 🔍 Enhancing item 6680: Monster - Spear, Sharp Thin (21/340)
[2025-11-03T15:36:31.865Z] ✅ Enhanced Monster - Spear, Sharp Thin - Speed: 2, DPS: 0.8
[2025-11-03T15:36:31.865Z] 💾 Saved progress to turtle_db/items/weapons/unknown.json
[2025-11-03T15:36:33.866Z] 🔍 Enhancing item 11864: White Bone Spear (22/340)
[2025-11-03T15:36:37.711Z] ✅ Enhanced White Bone Spear - Speed: 2.7, DPS: 40.4
[2025-11-03T15:36:37.711Z] 💾 Saved progress to turtle_db/items/weapons/unknown.json
[2025-11-03T15:36:39.712Z] 🔍 Enhancing item 13631: Monster - Spear, Badass Red (23/340)
[2025-11-03T15:36:43.860Z] ✅ Enhanced Monster - Spear, Badass Red - Speed: 2, DPS: 0.8
[2025-11-03T15:36:43.861Z] 💾 Saved progress to turtle_db/items/weapons/unknown.json
[2025-11-03T15:36:45.861Z] 🔍 Enhancing item 13632: Monster - Spear, Badass Blue (24/340)
[2025-11-03T15:36:50.013Z] ✅ Enhanced Monster - Spear, Badass Blue - Speed: 2, DPS: 0.8
[2025-11-03T15:36:50.013Z] 💾 Saved progress to turtle_db/items/weapons/unknown.json
[2025-11-03T15:36:52.014Z] 🔍 Enhancing item 14535: Monster - Spear, Cool Blue (25/340)
[2025-11-03T15:36:56.170Z] ✅ Enhanced Monster - Spear, Cool Blue - Speed: 2, DPS: 0.8
[2025-11-03T15:36:56.170Z] 💾 Saved progress to turtle_db/items/weapons/unknown.json
[2025-11-03T15:36:58.171Z] 🔍 Enhancing item 15810: Short Spear (26/340)
[2025-11-03T15:37:02.355Z] ✅ Enhanced Short Spear - Speed: 3.3, DPS: 15.2
[2025-11-03T15:37:02.356Z] 💾 Saved progress to turtle_db/items/weapons/unknown.json
[2025-11-03T15:37:04.357Z] 🔍 Enhancing item 15811: Heavy Spear (27/340)
[2025-11-03T15:37:08.428Z] ✅ Enhanced Heavy Spear - Speed: 3.8, DPS: 22.4
[2025-11-03T15:37:08.429Z] 💾 Saved progress to turtle_db/items/weapons/unknown.json
[2025-11-03T15:37:10.429Z] 🔍 Enhancing item 50429: Spear of the Endless Hunt (28/340)
[2025-11-03T15:37:14.501Z] ✅ Enhanced Spear of the Endless Hunt - Speed: 3.7, DPS: 53.1
[2025-11-03T15:37:14.502Z] 💾 Saved progress to turtle_db/items/weapons/unknown.json
[2025-11-03T15:37:16.503Z] 🔍 Enhancing item 61154: Savage Spear (29/340)
[2025-11-03T15:37:20.578Z] ✅ Enhanced Savage Spear - Speed: 2.6, DPS: 21.2
[2025-11-03T15:37:20.579Z] 💾 Saved progress to turtle_db/items/weapons/unknown.json
[2025-11-03T15:37:22.579Z] 🔍 Enhancing item 80728: Stormwind Guard Spear (30/340)
[2025-11-03T15:37:26.646Z] ✅ Enhanced Stormwind Guard Spear - Speed: 2.8, DPS: 19.5
[2025-11-03T15:37:26.647Z] 💾 Saved progress to turtle_db/items/weapons/unknown.json
[2025-11-03T15:37:28.647Z] 🔍 Enhancing item 80813: Piercing Spear (31/340)
[2025-11-03T15:37:32.738Z] ✅ Enhanced Piercing Spear - Speed: 2.7, DPS: 7
[2025-11-03T15:37:32.739Z] 💾 Saved progress to turtle_db/items/weapons/unknown.json
[2025-11-03T15:37:34.740Z] 🔍 Enhancing item 80814: Rusty Spear (32/340)
[2025-11-03T15:37:38.788Z] ✅ Enhanced Rusty Spear - Speed: 2.8, DPS: 3.8
[2025-11-03T15:37:38.789Z] 💾 Saved progress to turtle_db/items/weapons/unknown.json
[2025-11-03T15:37:40.790Z] 🔍 Enhancing item 83009: Monster - Kael'Thas Staff (33/340)
[2025-11-03T15:37:44.790Z] ⚠️ Could not enhance Monster - Kael'Thas Staff - no speed/DPS data found
[2025-11-03T15:37:46.790Z] 🔍 Enhancing item 13937: Headmaster's Charge (34/340)
[2025-11-03T15:37:50.792Z] ✅ Enhanced Headmaster's Charge - Speed: 2.9, DPS: 58.4
[2025-11-03T15:37:50.793Z] 💾 Saved progress to turtle_db/items/weapons/unknown.json
[2025-11-03T15:37:52.794Z] 🔍 Enhancing item 55239: Jeweled Magiwand (35/340)
[2025-11-03T15:37:56.795Z] ✅ Enhanced Jeweled Magiwand - Speed: 2.8, DPS: 23.6
[2025-11-03T15:37:56.796Z] 💾 Saved progress to turtle_db/items/weapons/unknown.json
[2025-11-03T15:37:58.796Z] 🔍 Enhancing item 58126: Snow Wanderer's Staff (36/340)
[2025-11-03T15:38:02.447Z] ✅ Enhanced Snow Wanderer's Staff - Speed: 2.8, DPS: 9.5
[2025-11-03T15:38:02.448Z] 💾 Saved progress to turtle_db/items/weapons/unknown.json
[2025-11-03T15:38:04.448Z] 🔍 Enhancing item 5303: Monster - Staff, Wooden Handle Rounded Head (37/340)
[2025-11-03T15:38:08.597Z] ✅ Enhanced Monster - Staff, Wooden Handle Rounded Head - Speed: 3.4, DPS: 0.9
[2025-11-03T15:38:08.598Z] 💾 Saved progress to turtle_db/items/weapons/unknown.json
[2025-11-03T15:38:10.598Z] 🔍 Enhancing item 11424: Monster - Staff, Wooden Handle Spiral Head (38/340)
[2025-11-03T15:38:14.750Z] ✅ Enhanced Monster - Staff, Wooden Handle Spiral Head - Speed: 3.4, DPS: 0.9
[2025-11-03T15:38:14.751Z] 💾 Saved progress to turtle_db/items/weapons/unknown.json
[2025-11-03T15:38:16.751Z] 🔍 Enhancing item 13721: Monster - Staff, Wooden Handle Spiral Head White (39/340)
[2025-11-03T15:38:20.806Z] ✅ Enhanced Monster - Staff, Wooden Handle Spiral Head White - Speed: 3.4, DPS: 0.9
[2025-11-03T15:38:20.807Z] 💾 Saved progress to turtle_db/items/weapons/unknown.json
[2025-11-03T15:38:22.807Z] 🔍 Enhancing item 13723: Monster - Staff, Wood w/ Spiral Head White Low Purple Glow (40/340)
[2025-11-03T15:38:26.808Z] ✅ Enhanced Monster - Staff, Wood w/ Spiral Head White Low Purple Glow - Speed: 3.4, DPS: 0.9
[2025-11-03T15:38:26.809Z] 💾 Saved progress to turtle_db/items/weapons/unknown.json
[2025-11-03T15:38:28.810Z] 🔍 Enhancing item 14845: Monster - Staff, Wooden Handle Rounded Head Low Yellow Glow (41/340)
[2025-11-03T15:38:32.810Z] ✅ Enhanced Monster - Staff, Wooden Handle Rounded Head Low Yellow Glow - Speed: 3.4, DPS: 0.9
[2025-11-03T15:38:32.811Z] 💾 Saved progress to turtle_db/items/weapons/unknown.json
[2025-11-03T15:38:34.811Z] 🔍 Enhancing item 19214: Monster - Staff, Wooden Handle Spiral Head Dark (42/340)
[2025-11-03T15:38:38.813Z] ✅ Enhanced Monster - Staff, Wooden Handle Spiral Head Dark - Speed: 3.4, DPS: 0.9
[2025-11-03T15:38:38.814Z] 💾 Saved progress to turtle_db/items/weapons/unknown.json
[2025-11-03T15:38:40.815Z] 🔍 Enhancing item 13399: Gargoyle Shredder Talons (43/340)
[2025-11-03T15:38:44.816Z] ✅ Enhanced Gargoyle Shredder Talons - Speed: 1.8, DPS: 38.9
[2025-11-03T15:38:44.817Z] 💾 Saved progress to turtle_db/items/weapons/unknown.json
[2025-11-03T15:38:46.817Z] 🔍 Enhancing item 17738: Claw of Celebras (44/340)
[2025-11-03T15:38:50.818Z] ✅ Enhanced Claw of Celebras - Speed: 1.8, DPS: 34.4
[2025-11-03T15:38:50.819Z] 💾 Saved progress to turtle_db/items/weapons/unknown.json
[2025-11-03T15:38:52.819Z] 🔍 Enhancing item 18202: Eskhandar's Left Claw (45/340)
[2025-11-03T15:38:56.820Z] ✅ Enhanced Eskhandar's Left Claw - Speed: 1.5, DPS: 48
[2025-11-03T15:38:56.821Z] 💾 Saved progress to turtle_db/items/weapons/unknown.json
[2025-11-03T15:38:58.821Z] 🔍 Enhancing item 18847: Grand Marshal's Left Hand Blade (46/340)
[2025-11-03T15:39:02.823Z] ✅ Enhanced Grand Marshal's Left Hand Blade - Speed: 2.9, DPS: 65.5
[2025-11-03T15:39:02.823Z] 💾 Saved progress to turtle_db/items/weapons/unknown.json
[2025-11-03T15:39:04.824Z] 🔍 Enhancing item 18848: High Warlord's Left Claw (47/340)
[2025-11-03T15:39:08.826Z] ✅ Enhanced High Warlord's Left Claw - Speed: 2.9, DPS: 65.5
[2025-11-03T15:39:08.826Z] 💾 Saved progress to turtle_db/items/weapons/unknown.json
[2025-11-03T15:39:10.827Z] 🔍 Enhancing item 19910: Arlokk's Grasp (48/340)
[2025-11-03T15:39:14.694Z] ✅ Enhanced Arlokk's Grasp - Speed: 1.5, DPS: 45
[2025-11-03T15:39:14.695Z] 💾 Saved progress to turtle_db/items/weapons/unknown.json
[2025-11-03T15:39:16.696Z] 🔍 Enhancing item 20005: Devilsaur Claws (49/340)
[2025-11-03T15:39:20.763Z] ✅ Enhanced Devilsaur Claws - Speed: 2, DPS: 34.5
[2025-11-03T15:39:20.764Z] 💾 Saved progress to turtle_db/items/weapons/unknown.json
[2025-11-03T15:39:22.764Z] 🔍 Enhancing item 21673: Silithid Claw (50/340)
[2025-11-03T15:39:26.835Z] ✅ Enhanced Silithid Claw - Speed: 1.6, DPS: 57.5
[2025-11-03T15:39:26.835Z] 💾 Saved progress to turtle_db/items/weapons/unknown.json
[2025-11-03T15:39:28.836Z] 🔍 Enhancing item 22404: Willey's Back Scratcher (51/340)
[2025-11-03T15:39:32.838Z] ✅ Enhanced Willey's Back Scratcher - Speed: 2.6, DPS: 40.2
[2025-11-03T15:39:32.838Z] 💾 Saved progress to turtle_db/items/weapons/unknown.json
[2025-11-03T15:39:34.839Z] 🔍 Enhancing item 23242: Claw of the Frost Wyrm (52/340)
[2025-11-03T15:39:38.840Z] ✅ Enhanced Claw of the Frost Wyrm - Speed: 1.5, DPS: 71.7
[2025-11-03T15:39:38.841Z] 💾 Saved progress to turtle_db/items/weapons/unknown.json
[2025-11-03T15:39:40.842Z] 🔍 Enhancing item 55133: Claw of the Mageweaver (53/340)
[2025-11-03T15:39:44.841Z] ✅ Enhanced Claw of the Mageweaver - Speed: 1.6, DPS: 65.6
[2025-11-03T15:39:44.842Z] 💾 Saved progress to turtle_db/items/weapons/unknown.json
[2025-11-03T15:39:46.843Z] 🔍 Enhancing item 58207: Fist of the Flamewaker (54/340)
[2025-11-03T15:39:50.576Z] ✅ Enhanced Fist of the Flamewaker - Speed: 1.5, DPS: 48
[2025-11-03T15:39:50.577Z] 💾 Saved progress to turtle_db/items/weapons/unknown.json
[2025-11-03T15:39:52.578Z] 🔍 Enhancing item 58268: Left (55/340)
[2025-11-03T15:39:56.648Z] ✅ Enhanced Left - Speed: 1.9, DPS: 25
[2025-11-03T15:39:56.649Z] 💾 Saved progress to turtle_db/items/weapons/unknown.json
[2025-11-03T15:39:58.649Z] 🔍 Enhancing item 61755: Stagwood Grasp (56/340)
[2025-11-03T15:40:02.720Z] ✅ Enhanced Stagwood Grasp - Speed: 1.7, DPS: 46.2
[2025-11-03T15:40:02.721Z] 💾 Saved progress to turtle_db/items/weapons/unknown.json
[2025-11-03T15:40:04.722Z] 🔍 Enhancing item 65013: Frostbound Slasher (57/340)
[2025-11-03T15:40:08.793Z] ✅ Enhanced Frostbound Slasher - Speed: 1.9, DPS: 24.2
[2025-11-03T15:40:08.794Z] 💾 Saved progress to turtle_db/items/weapons/unknown.json
[2025-11-03T15:40:10.794Z] 🔍 Enhancing item 11505: Monster - Claw - Bear Offhand (58/340)
[2025-11-03T15:40:14.856Z] ✅ Enhanced Monster - Claw - Bear Offhand - Speed: 1.5, DPS: 0.7
[2025-11-03T15:40:14.857Z] 💾 Saved progress to turtle_db/items/weapons/unknown.json
[2025-11-03T15:40:16.858Z] 🔍 Enhancing item 11506: Monster - Claw Offhand (59/340)
[2025-11-03T15:40:20.860Z] ✅ Enhanced Monster - Claw Offhand - Speed: 1.5, DPS: 0.7
[2025-11-03T15:40:20.861Z] 💾 Saved progress to turtle_db/items/weapons/unknown.json
[2025-11-03T15:40:22.861Z] 🔍 Enhancing item 11863: White Bone Shredder (60/340)
[2025-11-03T15:40:26.862Z] ✅ Enhanced White Bone Shredder - Speed: 1.4, DPS: 31.1
[2025-11-03T15:40:26.863Z] 💾 Saved progress to turtle_db/items/weapons/unknown.json
[2025-11-03T15:40:28.863Z] 🔍 Enhancing item 15906: Left-Handed Brass Knuckles (61/340)
[2025-11-03T15:40:32.865Z] ✅ Enhanced Left-Handed Brass Knuckles - Speed: 1.4, DPS: 6.8
[2025-11-03T15:40:32.866Z] 💾 Saved progress to turtle_db/items/weapons/unknown.json
[2025-11-03T15:40:34.867Z] 🔍 Enhancing item 15907: Left-Handed Claw (62/340)
[2025-11-03T15:40:38.868Z] ✅ Enhanced Left-Handed Claw - Speed: 1.5, DPS: 11.7
[2025-11-03T15:40:38.869Z] 💾 Saved progress to turtle_db/items/weapons/unknown.json
[2025-11-03T15:40:40.869Z] 🔍 Enhancing item 15909: Left-Handed Blades (63/340)
[2025-11-03T15:40:44.870Z] ✅ Enhanced Left-Handed Blades - Speed: 1.5, DPS: 17.3
[2025-11-03T15:40:44.870Z] 💾 Saved progress to turtle_db/items/weapons/unknown.json
[2025-11-03T15:40:46.871Z] 🔍 Enhancing item 22211: Monster - Knuckle, B01 Red Offhand (64/340)
[2025-11-03T15:40:50.874Z] ✅ Enhanced Monster - Knuckle, B01 Red Offhand - Speed: 1.5, DPS: 0.7
[2025-11-03T15:40:50.875Z] 💾 Saved progress to turtle_db/items/weapons/unknown.json
[2025-11-03T15:40:52.876Z] 🔍 Enhancing item 2706: Monster, Flower - Red (65/340)
[2025-11-03T15:40:56.877Z] ✅ Enhanced Monster, Flower - Red - Speed: 2, DPS: 3.8
[2025-11-03T15:40:56.878Z] 💾 Saved progress to turtle_db/items/weapons/unknown.json
[2025-11-03T15:40:58.879Z] 🔍 Enhancing item 2708: Monster, Bouquet - White & Purple (66/340)
[2025-11-03T15:41:02.640Z] ✅ Enhanced Monster, Bouquet - White & Purple - Speed: 2, DPS: 3.8
[2025-11-03T15:41:02.641Z] 💾 Saved progress to turtle_db/items/weapons/unknown.json
[2025-11-03T15:41:04.642Z] 🔍 Enhancing item 2709: Monster, Flower - Rose (67/340)
[2025-11-03T15:41:08.712Z] ✅ Enhanced Monster, Flower - Rose - Speed: 2, DPS: 3.8
[2025-11-03T15:41:08.713Z] 💾 Saved progress to turtle_db/items/weapons/unknown.json
[2025-11-03T15:41:10.713Z] 🔍 Enhancing item 2710: Monster, Bouquet - Roses (68/340)
[2025-11-03T15:41:14.863Z] ✅ Enhanced Monster, Bouquet - Roses - Speed: 2, DPS: 3.8
[2025-11-03T15:41:14.864Z] 💾 Saved progress to turtle_db/items/weapons/unknown.json
[2025-11-03T15:41:16.865Z] 🔍 Enhancing item 2716: Monster, Bottle - Green (69/340)
[2025-11-03T15:41:20.887Z] ✅ Enhanced Monster, Bottle - Green - Speed: 2, DPS: 3.8
[2025-11-03T15:41:20.887Z] 💾 Saved progress to turtle_db/items/weapons/unknown.json
[2025-11-03T15:41:22.888Z] 🔍 Enhancing item 2717: Monster, Bottle - Black (70/340)
[2025-11-03T15:41:26.889Z] ✅ Enhanced Monster, Bottle - Black - Speed: 2, DPS: 3.8
[2025-11-03T15:41:26.890Z] 💾 Saved progress to turtle_db/items/weapons/unknown.json
[2025-11-03T15:41:28.890Z] 🔍 Enhancing item 2808: Torch of Flame (71/340)
[2025-11-03T15:41:32.893Z] ✅ Enhanced Torch of Flame - Speed: 2.9, DPS: 14.7
[2025-11-03T15:41:32.894Z] 💾 Saved progress to turtle_db/items/weapons/unknown.json
[2025-11-03T15:41:34.894Z] 🔍 Enhancing item 2901: Mining Pick (72/340)
[2025-11-03T15:41:38.523Z] ✅ Enhanced Mining Pick - Speed: 2, DPS: 1.5
[2025-11-03T15:41:38.524Z] 💾 Saved progress to turtle_db/items/weapons/unknown.json
[2025-11-03T15:41:40.525Z] 🔍 Enhancing item 3362: Monster, Broom (73/340)
[2025-11-03T15:41:44.674Z] ⚠️ Could not enhance Monster, Broom - no speed/DPS data found
[2025-11-03T15:41:46.675Z] 🔍 Enhancing item 4616: Ryedol's Lucky Pick (74/340)
[2025-11-03T15:41:50.742Z] ✅ Enhanced Ryedol's Lucky Pick - Speed: 1.5, DPS: 1
[2025-11-03T15:41:50.743Z] 💾 Saved progress to turtle_db/items/weapons/unknown.json
[2025-11-03T15:41:52.743Z] 🔍 Enhancing item 4704: OLDCeremonial Club (75/340)
[2025-11-03T15:41:56.906Z] ✅ Enhanced OLDCeremonial Club - Speed: 2.2, DPS: 0.7
[2025-11-03T15:41:56.906Z] 💾 Saved progress to turtle_db/items/weapons/unknown.json
[2025-11-03T15:41:58.906Z] 🔍 Enhancing item 5410: OLDCeremonial Club (76/340)
[2025-11-03T15:42:02.907Z] ✅ Enhanced OLDCeremonial Club - Speed: 2.2, DPS: 0.7
[2025-11-03T15:42:02.908Z] 💾 Saved progress to turtle_db/items/weapons/unknown.json
[2025-11-03T15:42:04.909Z] 🔍 Enhancing item 5532: Monster - Hot Iron Poker (77/340)
[2025-11-03T15:42:08.911Z] ⚠️ Could not enhance Monster - Hot Iron Poker - no speed/DPS data found
[2025-11-03T15:42:10.912Z] 🔍 Enhancing item 5956: Blacksmith Hammer (78/340)
[2025-11-03T15:42:14.912Z] ✅ Enhanced Blacksmith Hammer - Speed: 2, DPS: 1.3
[2025-11-03T15:42:14.913Z] 💾 Saved progress to turtle_db/items/weapons/unknown.json
[2025-11-03T15:42:16.913Z] 🔍 Enhancing item 6219: Arclight Spanner (79/340)
[2025-11-03T15:42:20.915Z] ✅ Enhanced Arclight Spanner - Speed: 2.4, DPS: 2.7
[2025-11-03T15:42:20.916Z] 💾 Saved progress to turtle_db/items/weapons/unknown.json
[2025-11-03T15:42:22.917Z] 🔍 Enhancing item 6225: Monster, Fish - Blue (80/340)
[2025-11-03T15:42:26.918Z] ✅ Enhanced Monster, Fish - Blue - Speed: 2, DPS: 3.8
[2025-11-03T15:42:26.919Z] 💾 Saved progress to turtle_db/items/weapons/unknown.json
[2025-11-03T15:42:28.919Z] 🔍 Enhancing item 6227: Monster, Fish - Green (81/340)
[2025-11-03T15:42:32.920Z] ✅ Enhanced Monster, Fish - Green - Speed: 2, DPS: 3.8
[2025-11-03T15:42:32.921Z] 💾 Saved progress to turtle_db/items/weapons/unknown.json
[2025-11-03T15:42:34.922Z] 🔍 Enhancing item 6228: Monster, Fish - Orange (82/340)
[2025-11-03T15:42:38.922Z] ✅ Enhanced Monster, Fish - Orange - Speed: 2, DPS: 3.8
[2025-11-03T15:42:38.923Z] 💾 Saved progress to turtle_db/items/weapons/unknown.json
[2025-11-03T15:42:40.924Z] 🔍 Enhancing item 6229: Monster, Fish - Purple (83/340)
[2025-11-03T15:42:44.926Z] ✅ Enhanced Monster, Fish - Purple - Speed: 2, DPS: 3.8
[2025-11-03T15:42:44.926Z] 💾 Saved progress to turtle_db/items/weapons/unknown.json
[2025-11-03T15:42:46.927Z] 🔍 Enhancing item 6234: Monster, Flower - Long Blue (84/340)
[2025-11-03T15:42:50.692Z] ✅ Enhanced Monster, Flower - Long Blue - Speed: 2, DPS: 3.8
[2025-11-03T15:42:50.693Z] 💾 Saved progress to turtle_db/items/weapons/unknown.json
[2025-11-03T15:42:52.693Z] 🔍 Enhancing item 6235: Monster, Flower - Rose (Black) (85/340)
[2025-11-03T15:42:56.890Z] ✅ Enhanced Monster, Flower - Rose (Black) - Speed: 2, DPS: 3.8
[2025-11-03T15:42:56.891Z] 💾 Saved progress to turtle_db/items/weapons/unknown.json
[2025-11-03T15:42:58.892Z] 🔍 Enhancing item 7005: Skinning Knife (86/340)
[2025-11-03T15:43:02.932Z] ✅ Enhanced Skinning Knife - Speed: 1.6, DPS: 2.2
[2025-11-03T15:43:02.933Z] 💾 Saved progress to turtle_db/items/weapons/unknown.json
[2025-11-03T15:43:04.934Z] 🔍 Enhancing item 7009: Survivalist's Skinning Knife (87/340)
[2025-11-03T15:43:08.934Z] ✅ Enhanced Survivalist's Skinning Knife - Speed: 1.6, DPS: 2.2
[2025-11-03T15:43:08.935Z] 💾 Saved progress to turtle_db/items/weapons/unknown.json
[2025-11-03T15:43:10.936Z] 🔍 Enhancing item 10515: Torch of Retribution (88/340)
[2025-11-03T15:43:14.938Z] ⚠️ Could not enhance Torch of Retribution - no speed/DPS data found
[2025-11-03T15:43:16.938Z] 🔍 Enhancing item 12742: Monster, Book - Brown (89/340)
[2025-11-03T15:43:20.942Z] ✅ Enhanced Monster, Book - Brown - Speed: 2, DPS: 3.8
[2025-11-03T15:43:20.942Z] 💾 Saved progress to turtle_db/items/weapons/unknown.json
[2025-11-03T15:43:22.944Z] 🔍 Enhancing item 12744: Monster, Bag - Brown (90/340)
[2025-11-03T15:43:26.706Z] ✅ Enhanced Monster, Bag - Brown - Speed: 2, DPS: 3.8
[2025-11-03T15:43:26.707Z] 💾 Saved progress to turtle_db/items/weapons/unknown.json
[2025-11-03T15:43:28.709Z] 🔍 Enhancing item 12750: Monster, Book - Black Skull Glowing (91/340)
[2025-11-03T15:43:32.893Z] ✅ Enhanced Monster, Book - Black Skull Glowing - Speed: 2, DPS: 3.8
[2025-11-03T15:43:32.894Z] 💾 Saved progress to turtle_db/items/weapons/unknown.json
[2025-11-03T15:43:34.895Z] 🔍 Enhancing item 12751: Monster, Book - Blue (92/340)
[2025-11-03T15:43:38.948Z] ✅ Enhanced Monster, Book - Blue - Speed: 2, DPS: 3.8
[2025-11-03T15:43:38.948Z] 💾 Saved progress to turtle_db/items/weapons/unknown.json
[2025-11-03T15:43:40.949Z] 🔍 Enhancing item 12801: Monster, Bucket - Wood (93/340)
[2025-11-03T15:43:44.951Z] ⚠️ Could not enhance Monster, Bucket - Wood - no speed/DPS data found
[2025-11-03T15:43:46.952Z] 🔍 Enhancing item 12850: Monster, Bag - Black (94/340)
[2025-11-03T15:43:50.953Z] ✅ Enhanced Monster, Bag - Black - Speed: 2, DPS: 3.8
[2025-11-03T15:43:50.954Z] 💾 Saved progress to turtle_db/items/weapons/unknown.json
[2025-11-03T15:43:52.955Z] 🔍 Enhancing item 12852: Monster, Bag - Gray (95/340)
[2025-11-03T15:43:56.955Z] ✅ Enhanced Monster, Bag - Gray - Speed: 2, DPS: 3.8
[2025-11-03T15:43:56.956Z] 💾 Saved progress to turtle_db/items/weapons/unknown.json
[2025-11-03T15:43:58.956Z] 🔍 Enhancing item 12854: Monster, Bag - Green (96/340)
[2025-11-03T15:44:02.701Z] ✅ Enhanced Monster, Bag - Green - Speed: 2, DPS: 3.8
[2025-11-03T15:44:02.702Z] 💾 Saved progress to turtle_db/items/weapons/unknown.json
[2025-11-03T15:44:04.702Z] 🔍 Enhancing item 12856: Monster, Bag - Red (97/340)
[2025-11-03T15:44:08.848Z] ✅ Enhanced Monster, Bag - Red - Speed: 2, DPS: 3.8
[2025-11-03T15:44:08.849Z] 💾 Saved progress to turtle_db/items/weapons/unknown.json
[2025-11-03T15:44:10.849Z] 🔍 Enhancing item 12858: Monster, Bag - White (98/340)
[2025-11-03T15:44:14.965Z] ✅ Enhanced Monster, Bag - White - Speed: 2, DPS: 3.8
[2025-11-03T15:44:14.966Z] 💾 Saved progress to turtle_db/items/weapons/unknown.json
[2025-11-03T15:44:16.967Z] 🔍 Enhancing item 12864: Monster, Book - B01 Black Glowing (99/340)
[2025-11-03T15:44:20.966Z] ✅ Enhanced Monster, Book - B01 Black Glowing - Speed: 2, DPS: 3.8
[2025-11-03T15:44:20.967Z] 💾 Saved progress to turtle_db/items/weapons/unknown.json
[2025-11-03T15:44:22.968Z] 🔍 Enhancing item 12866: Monster, Book - B02 Black Glowing (100/340)
[2025-11-03T15:44:26.968Z] ✅ Enhanced Monster, Book - B02 Black Glowing - Speed: 2, DPS: 3.8
[2025-11-03T15:44:26.969Z] 💾 Saved progress to turtle_db/items/weapons/unknown.json
[2025-11-03T15:44:28.970Z] 🔍 Enhancing item 12868: Monster, Book - B02 Blue Glowing (101/340)
[2025-11-03T15:44:32.972Z] ✅ Enhanced Monster, Book - B02 Blue Glowing - Speed: 2, DPS: 3.8
[2025-11-03T15:44:32.973Z] 💾 Saved progress to turtle_db/items/weapons/unknown.json
[2025-11-03T15:44:34.973Z] 🔍 Enhancing item 13607: Monster, Bucket - Metal (102/340)
[2025-11-03T15:44:38.973Z] ⚠️ Could not enhance Monster, Bucket - Metal - no speed/DPS data found
[2025-11-03T15:44:40.973Z] 🔍 Enhancing item 13608: Monster, Bucket - Metal Dirty (103/340)
[2025-11-03T15:44:44.976Z] ⚠️ Could not enhance Monster, Bucket - Metal Dirty - no speed/DPS data found
[2025-11-03T15:44:46.977Z] 🔍 Enhancing item 19485: Monster, Fish - Blue Offhand (104/340)
[2025-11-03T15:44:50.981Z] ✅ Enhanced Monster, Fish - Blue Offhand - Speed: 2, DPS: 3.8
[2025-11-03T15:44:50.982Z] 💾 Saved progress to turtle_db/items/weapons/unknown.json
[2025-11-03T15:44:52.983Z] 🔍 Enhancing item 19486: Monster, Fish - Green Offhand (105/340)
[2025-11-03T15:44:56.984Z] ✅ Enhanced Monster, Fish - Green Offhand - Speed: 2, DPS: 3.8
[2025-11-03T15:44:56.984Z] 💾 Saved progress to turtle_db/items/weapons/unknown.json
[2025-11-03T15:44:58.985Z] 🔍 Enhancing item 19487: Monster, Fish - Orange Offhand (106/340)
[2025-11-03T15:45:02.986Z] ✅ Enhanced Monster, Fish - Orange Offhand - Speed: 2, DPS: 3.8
[2025-11-03T15:45:02.987Z] 💾 Saved progress to turtle_db/items/weapons/unknown.json
[2025-11-03T15:45:04.987Z] 🔍 Enhancing item 19488: Monster, Fish - Purple Offhand (107/340)
[2025-11-03T15:45:08.988Z] ✅ Enhanced Monster, Fish - Purple Offhand - Speed: 2, DPS: 3.8
[2025-11-03T15:45:08.989Z] 💾 Saved progress to turtle_db/items/weapons/unknown.json
[2025-11-03T15:45:10.989Z] 🔍 Enhancing item 21121: Monster, Flower - Purple (108/340)
[2025-11-03T15:45:14.838Z] ✅ Enhanced Monster, Flower - Purple - Speed: 2, DPS: 3.8
[2025-11-03T15:45:14.838Z] 💾 Saved progress to turtle_db/items/weapons/unknown.json
[2025-11-03T15:45:16.840Z] 🔍 Enhancing item 21796: Monster, Ahn'Qiraj Held Scepter (109/340)
[2025-11-03T15:45:20.913Z] ✅ Enhanced Monster, Ahn'Qiraj Held Scepter - Speed: 2, DPS: 3.8
[2025-11-03T15:45:20.914Z] 💾 Saved progress to turtle_db/items/weapons/unknown.json
[2025-11-03T15:45:22.915Z] 🔍 Enhancing item 41464: Hornfang Specialty Mug (110/340)
[2025-11-03T15:45:26.992Z] ⚠️ Could not enhance Hornfang Specialty Mug - no speed/DPS data found
[2025-11-03T15:45:28.992Z] 🔍 Enhancing item 50062: Half-Eaten Mutton Chop (111/340)
[2025-11-03T15:45:33.000Z] ✅ Enhanced Half-Eaten Mutton Chop - Speed: 1.8, DPS: 3.6
[2025-11-03T15:45:33.001Z] 💾 Saved progress to turtle_db/items/weapons/unknown.json
[2025-11-03T15:45:35.001Z] 🔍 Enhancing item 50374: Thunder Bluff Guard's Totem (112/340)
[2025-11-03T15:45:39.002Z] ⚠️ Could not enhance Thunder Bluff Guard's Totem - no speed/DPS data found
[2025-11-03T15:45:41.004Z] 🔍 Enhancing item 58217: Lookout's Illuminator (113/340)
[2025-11-03T15:45:45.005Z] ⚠️ Could not enhance Lookout's Illuminator - no speed/DPS data found
[2025-11-03T15:45:47.006Z] 🔍 Enhancing item 67004: Decorative Flail (114/340)
[2025-11-03T15:45:50.726Z] ✅ Enhanced Decorative Flail - Speed: 1.5, DPS: 1
[2025-11-03T15:45:50.727Z] 💾 Saved progress to turtle_db/items/weapons/unknown.json
[2025-11-03T15:45:52.728Z] 🔍 Enhancing item 2198: Monster, Potion Blue (115/340)
[2025-11-03T15:45:56.878Z] ✅ Enhanced Monster, Potion Blue - Speed: 2, DPS: 2.8
[2025-11-03T15:45:56.879Z] 💾 Saved progress to turtle_db/items/weapons/unknown.json
[2025-11-03T15:45:58.879Z] 🔍 Enhancing item 2199: Monster, Vial Purple (116/340)
[2025-11-03T15:46:03.013Z] ✅ Enhanced Monster, Vial Purple - Speed: 2, DPS: 2.8
[2025-11-03T15:46:03.014Z] 💾 Saved progress to turtle_db/items/weapons/unknown.json
[2025-11-03T15:46:05.014Z] 🔍 Enhancing item 2200: Monster, Potion Green (117/340)
[2025-11-03T15:46:09.016Z] ✅ Enhanced Monster, Potion Green - Speed: 2, DPS: 2.8
[2025-11-03T15:46:09.016Z] 💾 Saved progress to turtle_db/items/weapons/unknown.json
[2025-11-03T15:46:11.017Z] 🔍 Enhancing item 2201: Monster, Vial Black (118/340)
[2025-11-03T15:46:15.018Z] ✅ Enhanced Monster, Vial Black - Speed: 2, DPS: 2.8
[2025-11-03T15:46:15.019Z] 💾 Saved progress to turtle_db/items/weapons/unknown.json
[2025-11-03T15:46:17.020Z] 🔍 Enhancing item 2703: Monster, Tankard Wooden (119/340)
[2025-11-03T15:46:21.021Z] ✅ Enhanced Monster, Tankard Wooden - Speed: 2, DPS: 3.8
[2025-11-03T15:46:21.022Z] 💾 Saved progress to turtle_db/items/weapons/unknown.json
[2025-11-03T15:46:23.022Z] 🔍 Enhancing item 2704: Monster, Tankard Dirty (120/340)
[2025-11-03T15:46:27.023Z] ✅ Enhanced Monster, Tankard Dirty - Speed: 2, DPS: 3.8
[2025-11-03T15:46:27.024Z] 💾 Saved progress to turtle_db/items/weapons/unknown.json
[2025-11-03T15:46:29.025Z] 🔍 Enhancing item 2705: Monster, Tankard Metal (121/340)
[2025-11-03T15:46:33.025Z] ✅ Enhanced Monster, Tankard Metal - Speed: 2, DPS: 3.8
[2025-11-03T15:46:33.026Z] 💾 Saved progress to turtle_db/items/weapons/unknown.json
[2025-11-03T15:46:35.027Z] 🔍 Enhancing item 2707: Monster, Flower - Yellow (122/340)
[2025-11-03T15:46:39.027Z] ✅ Enhanced Monster, Flower - Yellow - Speed: 2, DPS: 3.8
[2025-11-03T15:46:39.028Z] 💾 Saved progress to turtle_db/items/weapons/unknown.json
[2025-11-03T15:46:41.028Z] 🔍 Enhancing item 2715: Monster, Lantern - Round (123/340)
[2025-11-03T15:46:45.030Z] ✅ Enhanced Monster, Lantern - Round - Speed: 2, DPS: 3.8
[2025-11-03T15:46:45.031Z] 💾 Saved progress to turtle_db/items/weapons/unknown.json
[2025-11-03T15:46:47.032Z] 🔍 Enhancing item 2718: Monster, Glass - Clear (124/340)
[2025-11-03T15:46:51.032Z] ✅ Enhanced Monster, Glass - Clear - Speed: 2, DPS: 3.8
[2025-11-03T15:46:51.033Z] 💾 Saved progress to turtle_db/items/weapons/unknown.json
[2025-11-03T15:46:53.033Z] 🔍 Enhancing item 3351: Monster, Rolling Pin (125/340)
[2025-11-03T15:46:57.036Z] ⚠️ Could not enhance Monster, Rolling Pin - no speed/DPS data found
[2025-11-03T15:46:59.037Z] 🔍 Enhancing item 3368: Monster, Harpoon (126/340)
[2025-11-03T15:47:02.898Z] ⚠️ Could not enhance Monster, Harpoon - no speed/DPS data found
[2025-11-03T15:47:04.900Z] 🔍 Enhancing item 3696: Monster, Vial Yellow (127/340)
[2025-11-03T15:47:09.040Z] ⚠️ Could not enhance Monster, Vial Yellow - no speed/DPS data found
[2025-11-03T15:47:11.041Z] 🔍 Enhancing item 3699: Monster, Potion Red (128/340)
[2025-11-03T15:47:15.043Z] ⚠️ Could not enhance Monster, Potion Red - no speed/DPS data found
[2025-11-03T15:47:17.044Z] 🔍 Enhancing item 4994: Monster, Gizmo (129/340)
[2025-11-03T15:47:21.045Z] ✅ Enhanced Monster, Gizmo - Speed: 2, DPS: 2.8
[2025-11-03T15:47:21.046Z] 💾 Saved progress to turtle_db/items/weapons/unknown.json
[2025-11-03T15:47:23.047Z] 🔍 Enhancing item 6232: Monster, Flowers  - Boquet Roses (130/340)
[2025-11-03T15:47:27.049Z] ✅ Enhanced Monster, Flowers  - Boquet Roses - Speed: 2, DPS: 3.8
[2025-11-03T15:47:27.050Z] 💾 Saved progress to turtle_db/items/weapons/unknown.json
[2025-11-03T15:47:29.050Z] 🔍 Enhancing item 6233: Monster, Flowers  - Boquet Wildflowers (131/340)
[2025-11-03T15:47:33.052Z] ✅ Enhanced Monster, Flowers  - Boquet Wildflowers - Speed: 2, DPS: 3.8
[2025-11-03T15:47:33.054Z] 💾 Saved progress to turtle_db/items/weapons/unknown.json
[2025-11-03T15:47:35.055Z] 🔍 Enhancing item 6236: Monster, Flower - Rose (White) (132/340)
[2025-11-03T15:47:38.860Z] ✅ Enhanced Monster, Flower - Rose (White) - Speed: 2, DPS: 3.8
[2025-11-03T15:47:38.861Z] 💾 Saved progress to turtle_db/items/weapons/unknown.json
[2025-11-03T15:47:40.863Z] 🔍 Enhancing item 6237: Monster, Flowers  - Boquet Roses (Black) (133/340)
[2025-11-03T15:47:45.027Z] ✅ Enhanced Monster, Flowers  - Boquet Roses (Black) - Speed: 2, DPS: 3.8
[2025-11-03T15:47:45.029Z] 💾 Saved progress to turtle_db/items/weapons/unknown.json
[2025-11-03T15:47:47.030Z] 🔍 Enhancing item 9700: Monster, Sparkler Blue (134/340)
[2025-11-03T15:47:51.059Z] ⚠️ Could not enhance Monster, Sparkler Blue - no speed/DPS data found
[2025-11-03T15:47:53.060Z] 🔍 Enhancing item 9701: Monster, Sparkler Red (135/340)
[2025-11-03T15:47:57.063Z] ⚠️ Could not enhance Monster, Sparkler Red - no speed/DPS data found
[2025-11-03T15:47:59.064Z] 🔍 Enhancing item 9702: Monster, Sparkler White (136/340)
[2025-11-03T15:48:03.066Z] ⚠️ Could not enhance Monster, Sparkler White - no speed/DPS data found
[2025-11-03T15:48:05.067Z] 🔍 Enhancing item 12746: Monster, Orb - Lava (137/340)
[2025-11-03T15:48:09.070Z] ✅ Enhanced Monster, Orb - Lava - Speed: 2, DPS: 3.8
[2025-11-03T15:48:09.071Z] 💾 Saved progress to turtle_db/items/weapons/unknown.json
[2025-11-03T15:48:11.073Z] 🔍 Enhancing item 12747: Monster, Orb - Lava Offhand (138/340)
[2025-11-03T15:48:14.843Z] ✅ Enhanced Monster, Orb - Lava Offhand - Speed: 2, DPS: 3.8
[2025-11-03T15:48:14.844Z] 💾 Saved progress to turtle_db/items/weapons/unknown.json
[2025-11-03T15:48:16.846Z] 🔍 Enhancing item 12748: Monster, Scepter - Gold (139/340)
[2025-11-03T15:48:21.009Z] ✅ Enhanced Monster, Scepter - Gold - Speed: 2, DPS: 3.8
[2025-11-03T15:48:21.010Z] 💾 Saved progress to turtle_db/items/weapons/unknown.json
[2025-11-03T15:48:23.011Z] 🔍 Enhancing item 13612: Monster, Glass - Purple Wine (140/340)
[2025-11-03T15:48:27.079Z] ✅ Enhanced Monster, Glass - Purple Wine - Speed: 2, DPS: 3.8
[2025-11-03T15:48:27.081Z] 💾 Saved progress to turtle_db/items/weapons/unknown.json
[2025-11-03T15:48:29.082Z] 🔍 Enhancing item 13861: Monster, Tankard Gold (141/340)
[2025-11-03T15:48:33.082Z] ✅ Enhanced Monster, Tankard Gold - Speed: 2, DPS: 3.8
[2025-11-03T15:48:33.083Z] 💾 Saved progress to turtle_db/items/weapons/unknown.json
[2025-11-03T15:48:35.084Z] 🔍 Enhancing item 19053: Monster, Orb - A01 Blue (142/340)
[2025-11-03T15:48:39.085Z] ✅ Enhanced Monster, Orb - A01 Blue - Speed: 2, DPS: 3.8
[2025-11-03T15:48:39.086Z] 💾 Saved progress to turtle_db/items/weapons/unknown.json
[2025-11-03T15:48:41.087Z] 🔍 Enhancing item 20468: Monster, Orb - A01 Green (143/340)
[2025-11-03T15:48:45.089Z] ✅ Enhanced Monster, Orb - A01 Green - Speed: 2, DPS: 3.8
[2025-11-03T15:48:45.090Z] 💾 Saved progress to turtle_db/items/weapons/unknown.json
[2025-11-03T15:48:47.092Z] 🔍 Enhancing item 21123: Monster, Flower - White (144/340)
[2025-11-03T15:48:50.829Z] ✅ Enhanced Monster, Flower - White - Speed: 2, DPS: 3.8
[2025-11-03T15:48:50.831Z] 💾 Saved progress to turtle_db/items/weapons/unknown.json
[2025-11-03T15:48:52.832Z] 🔍 Enhancing item 12686: Einhorn's Skinner (145/340)
[2025-11-03T15:48:56.902Z] ✅ Enhanced Einhorn's Skinner - Speed: 1.5, DPS: 35
[2025-11-03T15:48:56.903Z] 💾 Saved progress to turtle_db/items/weapons/unknown.json
[2025-11-03T15:48:58.904Z] 🔍 Enhancing item 18392: Distracting Dagger (146/340)
[2025-11-03T15:49:02.984Z] ✅ Enhanced Distracting Dagger - Speed: 1.3, DPS: 40.8
[2025-11-03T15:49:02.985Z] 💾 Saved progress to turtle_db/items/weapons/unknown.json
[2025-11-03T15:49:04.987Z] 🔍 Enhancing item 61571: Leeching Fang (147/340)
[2025-11-03T15:49:09.070Z] ✅ Enhanced Leeching Fang - Speed: 1.5, DPS: 42
[2025-11-03T15:49:09.072Z] 💾 Saved progress to turtle_db/items/weapons/unknown.json
[2025-11-03T15:49:11.073Z] 🔍 Enhancing item 60613: The Backup (148/340)
[2025-11-03T15:49:15.106Z] ✅ Enhanced The Backup - Speed: 1.4, DPS: 35.7
[2025-11-03T15:49:15.107Z] 💾 Saved progress to turtle_db/items/weapons/unknown.json
[2025-11-03T15:49:17.109Z] 🔍 Enhancing item 5627: Relic Blade (149/340)
[2025-11-03T15:49:21.108Z] ✅ Enhanced Relic Blade - Speed: 1.8, DPS: 10
[2025-11-03T15:49:21.109Z] 💾 Saved progress to turtle_db/items/weapons/unknown.json
[2025-11-03T15:49:23.110Z] 🔍 Enhancing item 5093: Razormane Backstabber (150/340)
[2025-11-03T15:49:27.113Z] ✅ Enhanced Razormane Backstabber - Speed: 1.7, DPS: 9.4
[2025-11-03T15:49:27.114Z] 💾 Saved progress to turtle_db/items/weapons/unknown.json
[2025-11-03T15:49:29.114Z] 🔍 Enhancing item 2946: Balanced Throwing Dagger (151/340)
[2025-11-03T15:49:33.116Z] ✅ Enhanced Balanced Throwing Dagger - Speed: 2.2, DPS: 3
[2025-11-03T15:49:33.118Z] 💾 Saved progress to turtle_db/items/weapons/unknown.json
[2025-11-03T15:49:35.119Z] 🔍 Enhancing item 2947: Small Throwing Knife (152/340)
[2025-11-03T15:49:39.121Z] ✅ Enhanced Small Throwing Knife - Speed: 2, DPS: 1
[2025-11-03T15:49:39.122Z] 💾 Saved progress to turtle_db/items/weapons/unknown.json
[2025-11-03T15:49:41.123Z] 🔍 Enhancing item 3107: Keen Throwing Knife (153/340)
[2025-11-03T15:49:45.122Z] ✅ Enhanced Keen Throwing Knife - Speed: 1.9, DPS: 6.3
[2025-11-03T15:49:45.123Z] 💾 Saved progress to turtle_db/items/weapons/unknown.json
[2025-11-03T15:49:47.124Z] 🔍 Enhancing item 3108: Heavy Throwing Dagger (154/340)
[2025-11-03T15:49:51.127Z] ✅ Enhanced Heavy Throwing Dagger - Speed: 2.1, DPS: 11.7
[2025-11-03T15:49:51.129Z] 💾 Saved progress to turtle_db/items/weapons/unknown.json
[2025-11-03T15:49:53.129Z] 🔍 Enhancing item 3463: Silver Star (155/340)
[2025-11-03T15:49:57.132Z] ✅ Enhanced Silver Star - Speed: 2.3, DPS: 17.6
[2025-11-03T15:49:57.135Z] 💾 Saved progress to turtle_db/items/weapons/unknown.json
[2025-11-03T15:49:59.136Z] 🔍 Enhancing item 4959: Throwing Tomahawk (156/340)
[2025-11-03T15:50:02.905Z] ✅ Enhanced Throwing Tomahawk - Speed: 2, DPS: 2.5
[2025-11-03T15:50:02.907Z] 💾 Saved progress to turtle_db/items/weapons/unknown.json
[2025-11-03T15:50:04.907Z] 🔍 Enhancing item 5379: Boot Knife (157/340)
[2025-11-03T15:50:09.121Z] ✅ Enhanced Boot Knife - Speed: 1.7, DPS: 2.1
[2025-11-03T15:50:09.122Z] 💾 Saved progress to turtle_db/items/weapons/unknown.json
[2025-11-03T15:50:11.122Z] 🔍 Enhancing item 5870: Monster - Throwing Spear (158/340)
[2025-11-03T15:50:15.140Z] ✅ Enhanced Monster - Throwing Spear - Speed: 2, DPS: 0.8
[2025-11-03T15:50:15.142Z] 💾 Saved progress to turtle_db/items/weapons/unknown.json
[2025-11-03T15:50:17.143Z] 🔍 Enhancing item 6886: Monster - Throwing Knife (159/340)
[2025-11-03T15:50:21.143Z] ✅ Enhanced Monster - Throwing Knife - Speed: 2, DPS: 0.8
[2025-11-03T15:50:21.144Z] 💾 Saved progress to turtle_db/items/weapons/unknown.json
[2025-11-03T15:50:23.145Z] 🔍 Enhancing item 15327: Wicked Throwing Dagger (160/340)
[2025-11-03T15:50:27.146Z] ✅ Enhanced Wicked Throwing Dagger - Speed: 1.8, DPS: 18.3
[2025-11-03T15:50:27.147Z] 💾 Saved progress to turtle_db/items/weapons/unknown.json
[2025-11-03T15:50:29.148Z] 🔍 Enhancing item 20086: Dusksteel Throwing Knife (161/340)
[2025-11-03T15:50:33.151Z] ✅ Enhanced Dusksteel Throwing Knife - Speed: 1.8, DPS: 30
[2025-11-03T15:50:33.152Z] 💾 Saved progress to turtle_db/items/weapons/unknown.json
[2025-11-03T15:50:35.154Z] 🔍 Enhancing item 20814: Master's Throwing Dagger (162/340)
[2025-11-03T15:50:38.837Z] ✅ Enhanced Master's Throwing Dagger - Speed: 2.2, DPS: 33.9
[2025-11-03T15:50:38.839Z] 💾 Saved progress to turtle_db/items/weapons/unknown.json
[2025-11-03T15:50:40.840Z] 🔍 Enhancing item 55072: Fahrad's Silent Nails (163/340)
[2025-11-03T15:50:44.910Z] ✅ Enhanced Fahrad's Silent Nails - Speed: 3, DPS: 37.7
[2025-11-03T15:50:44.912Z] 💾 Saved progress to turtle_db/items/weapons/unknown.json
[2025-11-03T15:50:46.913Z] 🔍 Enhancing item 55474: Balanced Razor Shivs (164/340)
[2025-11-03T15:50:50.996Z] ✅ Enhanced Balanced Razor Shivs - Speed: 2.1, DPS: 23.8
[2025-11-03T15:50:50.998Z] 💾 Saved progress to turtle_db/items/weapons/unknown.json
[2025-11-03T15:50:52.999Z] 🔍 Enhancing item 55510: Fragments of Aldrach (165/340)
[2025-11-03T15:50:57.083Z] ✅ Enhanced Fragments of Aldrach - Speed: 1.9, DPS: 81.8
[2025-11-03T15:50:57.084Z] 💾 Saved progress to turtle_db/items/weapons/unknown.json
[2025-11-03T15:50:59.085Z] 🔍 Enhancing item 58239: Overheated Skyrazors (166/340)
[2025-11-03T15:51:03.168Z] ✅ Enhanced Overheated Skyrazors - Speed: 1.6, DPS: 37.8
[2025-11-03T15:51:03.170Z] 💾 Saved progress to turtle_db/items/weapons/unknown.json
[2025-11-03T15:51:05.171Z] 🔍 Enhancing item 58281: Trusty Goblin Shiv (167/340)
[2025-11-03T15:51:09.169Z] ✅ Enhanced Trusty Goblin Shiv - Speed: 2.3, DPS: 17.6
[2025-11-03T15:51:09.170Z] 💾 Saved progress to turtle_db/items/weapons/unknown.json
[2025-11-03T15:51:11.171Z] 🔍 Enhancing item 58302: Deflecting Poniards (168/340)
[2025-11-03T15:51:15.172Z] ✅ Enhanced Deflecting Poniards - Speed: 1.8, DPS: 32.8
[2025-11-03T15:51:15.174Z] 💾 Saved progress to turtle_db/items/weapons/unknown.json
[2025-11-03T15:51:17.175Z] 🔍 Enhancing item 12986: Monster - Spear, Broad Notched (169/340)
[2025-11-03T15:51:21.175Z] ✅ Enhanced Monster - Spear, Broad Notched - Speed: 2, DPS: 0.8
[2025-11-03T15:51:21.177Z] 💾 Saved progress to turtle_db/items/weapons/unknown.json
[2025-11-03T15:51:23.177Z] 🔍 Enhancing item 51812: Ashwood Spear (170/340)
[2025-11-03T15:51:27.176Z] ✅ Enhanced Ashwood Spear - Speed: 2.5, DPS: 11.4
[2025-11-03T15:51:27.178Z] 💾 Saved progress to turtle_db/items/weapons/unknown.json
[2025-11-03T15:51:29.179Z] 🔍 Enhancing item 60624: Goldplated Royal Crossbow (171/340)
[2025-11-03T15:51:33.180Z] ✅ Enhanced Goldplated Royal Crossbow - Speed: 3.3, DPS: 32.9
[2025-11-03T15:51:33.181Z] 💾 Saved progress to turtle_db/items/weapons/unknown.json
[2025-11-03T15:51:35.181Z] 🔍 Enhancing item 5198: Cookie's Stirring Rod (172/340)
[2025-11-03T15:51:39.184Z] ✅ Enhanced Cookie's Stirring Rod - Speed: 1.3, DPS: 22.3
[2025-11-03T15:51:39.186Z] 💾 Saved progress to turtle_db/items/weapons/unknown.json
[2025-11-03T15:51:41.187Z] 🔍 Enhancing item 5243: Firebelcher (173/340)
[2025-11-03T15:51:45.187Z] ✅ Enhanced Firebelcher - Speed: 1.7, DPS: 20.3
[2025-11-03T15:51:45.188Z] 💾 Saved progress to turtle_db/items/weapons/unknown.json
[2025-11-03T15:51:47.190Z] 🔍 Enhancing item 6806: Dancing Flame (174/340)
[2025-11-03T15:51:51.086Z] ✅ Enhanced Dancing Flame - Speed: 1.4, DPS: 37.1
[2025-11-03T15:51:51.087Z] 💾 Saved progress to turtle_db/items/weapons/unknown.json
[2025-11-03T15:51:53.088Z] 🔍 Enhancing item 7001: Gravestone Scepter (175/340)
[2025-11-03T15:51:57.193Z] ✅ Enhanced Gravestone Scepter - Speed: 1.5, DPS: 29
[2025-11-03T15:51:57.194Z] 💾 Saved progress to turtle_db/items/weapons/unknown.json
[2025-11-03T15:51:59.196Z] 🔍 Enhancing item 7513: Ragefire Wand (176/340)
[2025-11-03T15:52:03.200Z] ✅ Enhanced Ragefire Wand - Speed: 1.4, DPS: 37.1
[2025-11-03T15:52:03.203Z] 💾 Saved progress to turtle_db/items/weapons/unknown.json
[2025-11-03T15:52:05.203Z] 🔍 Enhancing item 7514: Icefury Wand (177/340)
[2025-11-03T15:52:09.201Z] ✅ Enhanced Icefury Wand - Speed: 1.6, DPS: 37.2
[2025-11-03T15:52:09.202Z] 💾 Saved progress to turtle_db/items/weapons/unknown.json
[2025-11-03T15:52:11.204Z] 🔍 Enhancing item 7708: Necrotic Wand (178/340)
[2025-11-03T15:52:15.205Z] ✅ Enhanced Necrotic Wand - Speed: 1.4, DPS: 33.2
[2025-11-03T15:52:15.206Z] 💾 Saved progress to turtle_db/items/weapons/unknown.json
[2025-11-03T15:52:17.206Z] 🔍 Enhancing item 9381: Earthen Rod (179/340)
[2025-11-03T15:52:21.818Z] ✅ Enhanced Earthen Rod - Speed: 1.7, DPS: 35.6
[2025-11-03T15:52:21.819Z] 💾 Saved progress to turtle_db/items/weapons/unknown.json
[2025-11-03T15:52:23.819Z] 🔍 Enhancing item 9483: Flaming Incinerator (180/340)
[2025-11-03T15:52:28.057Z] ✅ Enhanced Flaming Incinerator - Speed: 1.8, DPS: 47.2
[2025-11-03T15:52:28.059Z] 💾 Saved progress to turtle_db/items/weapons/unknown.json
[2025-11-03T15:52:30.060Z] 🔍 Enhancing item 10572: Freezing Shard (181/340)
[2025-11-03T15:52:34.142Z] ✅ Enhanced Freezing Shard - Speed: 1.3, DPS: 35.8
[2025-11-03T15:52:34.144Z] 💾 Saved progress to turtle_db/items/weapons/unknown.json
[2025-11-03T15:52:36.145Z] 🔍 Enhancing item 10766: Plaguerot Sprig (182/340)
[2025-11-03T15:52:40.228Z] ✅ Enhanced Plaguerot Sprig - Speed: 1.6, DPS: 37.2
[2025-11-03T15:52:40.229Z] 💾 Saved progress to turtle_db/items/weapons/unknown.json
[2025-11-03T15:52:42.229Z] 🔍 Enhancing item 11263: Nether Force Wand (183/340)
[2025-11-03T15:52:46.403Z] ✅ Enhanced Nether Force Wand - Speed: 1.5, DPS: 37.3
[2025-11-03T15:52:46.405Z] 💾 Saved progress to turtle_db/items/weapons/unknown.json
[2025-11-03T15:52:48.406Z] 🔍 Enhancing item 11748: Pyric Caduceus (184/340)
[2025-11-03T15:52:52.494Z] ✅ Enhanced Pyric Caduceus - Speed: 1.8, DPS: 52.5
[2025-11-03T15:52:52.495Z] 💾 Saved progress to turtle_db/items/weapons/unknown.json
[2025-11-03T15:52:54.496Z] 🔍 Enhancing item 13064: Jaina's Firestarter (185/340)
[2025-11-03T15:52:58.599Z] ✅ Enhanced Jaina's Firestarter - Speed: 1.6, DPS: 39.4
[2025-11-03T15:52:58.601Z] 💾 Saved progress to turtle_db/items/weapons/unknown.json
[2025-11-03T15:53:00.602Z] 🔍 Enhancing item 13534: Banshee Finger (186/340)
[2025-11-03T15:53:04.694Z] ✅ Enhanced Banshee Finger - Speed: 1.9, DPS: 59.7
[2025-11-03T15:53:04.696Z] 💾 Saved progress to turtle_db/items/weapons/unknown.json
[2025-11-03T15:53:06.697Z] 🔍 Enhancing item 13938: Bonecreeper Stylus (187/340)
[2025-11-03T15:53:10.772Z] ✅ Enhanced Bonecreeper Stylus - Speed: 1.9, DPS: 62.6
[2025-11-03T15:53:10.773Z] 💾 Saved progress to turtle_db/items/weapons/unknown.json
[2025-11-03T15:53:12.774Z] 🔍 Enhancing item 17077: Crimson Shocker (188/340)
[2025-11-03T15:53:16.845Z] ✅ Enhanced Crimson Shocker - Speed: 2, DPS: 77.8
[2025-11-03T15:53:16.847Z] 💾 Saved progress to turtle_db/items/weapons/unknown.json
[2025-11-03T15:53:18.848Z] 🔍 Enhancing item 17745: Noxious Shooter (189/340)
[2025-11-03T15:53:22.935Z] ✅ Enhanced Noxious Shooter - Speed: 1.6, DPS: 50
[2025-11-03T15:53:22.937Z] 💾 Saved progress to turtle_db/items/weapons/unknown.json
[2025-11-03T15:53:24.938Z] 🔍 Enhancing item 18483: Mana Channeling Wand (190/340)
[2025-11-03T15:53:29.020Z] ✅ Enhanced Mana Channeling Wand - Speed: 1.6, DPS: 60.9
[2025-11-03T15:53:29.022Z] 💾 Saved progress to turtle_db/items/weapons/unknown.json
[2025-11-03T15:53:31.022Z] 🔍 Enhancing item 18761: Oblivion's Touch (191/340)
[2025-11-03T15:53:35.197Z] ✅ Enhanced Oblivion's Touch - Speed: 1.8, DPS: 62.5
[2025-11-03T15:53:35.199Z] 💾 Saved progress to turtle_db/items/weapons/unknown.json
[2025-11-03T15:53:37.200Z] 🔍 Enhancing item 19130: Cold Snap (192/340)
[2025-11-03T15:53:41.248Z] ✅ Enhanced Cold Snap - Speed: 1.7, DPS: 85.3
[2025-11-03T15:53:41.249Z] 💾 Saved progress to turtle_db/items/weapons/unknown.json
[2025-11-03T15:53:43.250Z] 🔍 Enhancing item 19367: Dragon's Touch (193/340)
[2025-11-03T15:53:47.253Z] ✅ Enhanced Dragon's Touch - Speed: 1.6, DPS: 95.6
[2025-11-03T15:53:47.254Z] 💾 Saved progress to turtle_db/items/weapons/unknown.json
[2025-11-03T15:53:49.254Z] 🔍 Enhancing item 19435: Essence Gatherer (194/340)
[2025-11-03T15:53:53.256Z] ✅ Enhanced Essence Gatherer - Speed: 1.4, DPS: 85.4
[2025-11-03T15:53:53.258Z] 💾 Saved progress to turtle_db/items/weapons/unknown.json
[2025-11-03T15:53:55.259Z] 🔍 Enhancing item 19861: Touch of Chaos (195/340)
[2025-11-03T15:53:59.258Z] ✅ Enhanced Touch of Chaos - Speed: 1.5, DPS: 82
[2025-11-03T15:53:59.259Z] 💾 Saved progress to turtle_db/items/weapons/unknown.json
[2025-11-03T15:54:01.259Z] 🔍 Enhancing item 19927: Mar'li's Touch (196/340)
[2025-11-03T15:54:05.263Z] ✅ Enhanced Mar'li's Touch - Speed: 1.7, DPS: 76.8
[2025-11-03T15:54:05.264Z] 💾 Saved progress to turtle_db/items/weapons/unknown.json
[2025-11-03T15:54:07.265Z] 🔍 Enhancing item 21603: Wand of Qiraji Nobility (197/340)
[2025-11-03T15:54:11.268Z] ✅ Enhanced Wand of Qiraji Nobility - Speed: 1.6, DPS: 102.2
[2025-11-03T15:54:11.270Z] 💾 Saved progress to turtle_db/items/weapons/unknown.json
[2025-11-03T15:54:13.270Z] 🔍 Enhancing item 21801: Antenna of Invigoration (198/340)
[2025-11-03T15:54:17.271Z] ✅ Enhanced Antenna of Invigoration - Speed: 1.6, DPS: 71.6
[2025-11-03T15:54:17.273Z] 💾 Saved progress to turtle_db/items/weapons/unknown.json
[2025-11-03T15:54:19.274Z] 🔍 Enhancing item 22820: Wand of Fates (199/340)
[2025-11-03T15:54:23.273Z] ✅ Enhanced Wand of Fates - Speed: 1.5, DPS: 113.7
[2025-11-03T15:54:23.274Z] 💾 Saved progress to turtle_db/items/weapons/unknown.json
[2025-11-03T15:54:25.274Z] 🔍 Enhancing item 22821: Doomfinger (200/340)
[2025-11-03T15:54:29.280Z] ✅ Enhanced Doomfinger - Speed: 1.5, DPS: 139
[2025-11-03T15:54:29.282Z] 💾 Saved progress to turtle_db/items/weapons/unknown.json
[2025-11-03T15:54:31.283Z] 🔍 Enhancing item 23009: Wand of the Whispering Dead (201/340)
[2025-11-03T15:54:35.362Z] ✅ Enhanced Wand of the Whispering Dead - Speed: 1.5, DPS: 113.7
[2025-11-03T15:54:35.364Z] 💾 Saved progress to turtle_db/items/weapons/unknown.json
[2025-11-03T15:54:37.365Z] 🔍 Enhancing item 23177: Lady Falther'ess' Finger (202/340)
[2025-11-03T15:54:41.438Z] ✅ Enhanced Lady Falther'ess' Finger - Speed: 1.3, DPS: 38.1
[2025-11-03T15:54:41.440Z] 💾 Saved progress to turtle_db/items/weapons/unknown.json
[2025-11-03T15:54:43.441Z] 🔍 Enhancing item 51735: Scourgelord's Fang (203/340)
[2025-11-03T15:54:47.521Z] ✅ Enhanced Scourgelord's Fang - Speed: 1.6, DPS: 95.9
[2025-11-03T15:54:47.523Z] 💾 Saved progress to turtle_db/items/weapons/unknown.json
[2025-11-03T15:54:49.524Z] 🔍 Enhancing item 55134: Rod of Permafrost (204/340)
[2025-11-03T15:54:53.597Z] ✅ Enhanced Rod of Permafrost - Speed: 1.5, DPS: 113.7
[2025-11-03T15:54:53.598Z] 💾 Saved progress to turtle_db/items/weapons/unknown.json
[2025-11-03T15:54:55.599Z] 🔍 Enhancing item 55511: Hellflame (205/340)
[2025-11-03T15:54:59.682Z] ✅ Enhanced Hellflame - Speed: 1.6, DPS: 139.1
[2025-11-03T15:54:59.684Z] 💾 Saved progress to turtle_db/items/weapons/unknown.json
[2025-11-03T15:55:01.685Z] 🔍 Enhancing item 58047: Grasp of Ancestors (206/340)
[2025-11-03T15:55:05.771Z] ✅ Enhanced Grasp of Ancestors - Speed: 1.5, DPS: 33
[2025-11-03T15:55:05.773Z] 💾 Saved progress to turtle_db/items/weapons/unknown.json
[2025-11-03T15:55:07.774Z] 🔍 Enhancing item 58137: Netherbranch (207/340)
[2025-11-03T15:55:11.852Z] ✅ Enhanced Netherbranch - Speed: 1.5, DPS: 34
[2025-11-03T15:55:11.854Z] 💾 Saved progress to turtle_db/items/weapons/unknown.json
[2025-11-03T15:55:13.855Z] 🔍 Enhancing item 58205: Primal Flameslinger (208/340)
[2025-11-03T15:55:17.941Z] ✅ Enhanced Primal Flameslinger - Speed: 1.5, DPS: 77.7
[2025-11-03T15:55:17.942Z] 💾 Saved progress to turtle_db/items/weapons/unknown.json
[2025-11-03T15:55:19.943Z] 🔍 Enhancing item 58253: Lector's Baton (209/340)
[2025-11-03T15:55:24.020Z] ✅ Enhanced Lector's Baton - Speed: 1.6, DPS: 60.9
[2025-11-03T15:55:24.021Z] 💾 Saved progress to turtle_db/items/weapons/unknown.json
[2025-11-03T15:55:26.022Z] 🔍 Enhancing item 60805: Clutch of the Damned (210/340)
[2025-11-03T15:55:30.096Z] ✅ Enhanced Clutch of the Damned - Speed: 1.5, DPS: 66.7
[2025-11-03T15:55:30.097Z] 💾 Saved progress to turtle_db/items/weapons/unknown.json
[2025-11-03T15:55:32.098Z] 🔍 Enhancing item 61020: Lodestone (211/340)
[2025-11-03T15:55:36.180Z] ✅ Enhanced Lodestone - Speed: 1.5, DPS: 77.7
[2025-11-03T15:55:36.181Z] 💾 Saved progress to turtle_db/items/weapons/unknown.json
[2025-11-03T15:55:38.183Z] 🔍 Enhancing item 61286: Bloodfang Effigy (212/340)
[2025-11-03T15:55:42.273Z] ✅ Enhanced Bloodfang Effigy - Speed: 1.8, DPS: 71.7
[2025-11-03T15:55:42.274Z] 💾 Saved progress to turtle_db/items/weapons/unknown.json
[2025-11-03T15:55:44.275Z] 🔍 Enhancing item 80544: Quel'dorei Magister's Spellflinger (213/340)
[2025-11-03T15:55:48.304Z] ✅ Enhanced Quel'dorei Magister's Spellflinger - Speed: 1.3, DPS: 66.2
[2025-11-03T15:55:48.306Z] 💾 Saved progress to turtle_db/items/weapons/unknown.json
[2025-11-03T15:55:50.306Z] 🔍 Enhancing item 80545: Quel'dorei Cleric's Wand (214/340)
[2025-11-03T15:55:54.390Z] ✅ Enhanced Quel'dorei Cleric's Wand - Speed: 1.3, DPS: 66.2
[2025-11-03T15:55:54.391Z] 💾 Saved progress to turtle_db/items/weapons/unknown.json
[2025-11-03T15:55:56.392Z] 🔍 Enhancing item 80748: Corrupter's Focus (215/340)
[2025-11-03T15:56:00.308Z] ✅ Enhanced Corrupter's Focus - Speed: 2.1, DPS: 51.4
[2025-11-03T15:56:00.309Z] 💾 Saved progress to turtle_db/items/weapons/unknown.json
[2025-11-03T15:56:02.310Z] 🔍 Enhancing item 80829: Moonbeam (216/340)
[2025-11-03T15:56:06.411Z] ✅ Enhanced Moonbeam - Speed: 1.3, DPS: 32.7
[2025-11-03T15:56:06.412Z] 💾 Saved progress to turtle_db/items/weapons/unknown.json
[2025-11-03T15:56:08.414Z] 🔍 Enhancing item 81290: Diathorus' Claw (217/340)
[2025-11-03T15:56:12.100Z] ✅ Enhanced Diathorus' Claw - Speed: 1.9, DPS: 32.6
[2025-11-03T15:56:12.101Z] 💾 Saved progress to turtle_db/items/weapons/unknown.json
[2025-11-03T15:56:14.102Z] 🔍 Enhancing item 81320: Crackling Zapper (218/340)
[2025-11-03T15:56:18.179Z] ✅ Enhanced Crackling Zapper - Speed: 1.7, DPS: 34.1
[2025-11-03T15:56:18.180Z] 💾 Saved progress to turtle_db/items/weapons/unknown.json
[2025-11-03T15:56:20.181Z] 🔍 Enhancing item 83215: Blackflame Wand (219/340)
[2025-11-03T15:56:24.291Z] ✅ Enhanced Blackflame Wand - Speed: 1.3, DPS: 35.4
[2025-11-03T15:56:24.293Z] 💾 Saved progress to turtle_db/items/weapons/unknown.json
[2025-11-03T15:56:26.294Z] 🔍 Enhancing item 83467: Cryptwatcher's Call (220/340)
[2025-11-03T15:56:30.481Z] ✅ Enhanced Cryptwatcher's Call - Speed: 1.4, DPS: 65.4
[2025-11-03T15:56:30.482Z] 💾 Saved progress to turtle_db/items/weapons/unknown.json
[2025-11-03T15:56:32.483Z] 🔍 Enhancing item 84602: Consecrated Caduceus (221/340)
[2025-11-03T15:56:36.318Z] ✅ Enhanced Consecrated Caduceus - Speed: 1.6, DPS: 71.6
[2025-11-03T15:56:36.320Z] 💾 Saved progress to turtle_db/items/weapons/unknown.json
[2025-11-03T15:56:38.321Z] 🔍 Enhancing item 5069: Fire Wand (222/340)
[2025-11-03T15:56:42.508Z] ✅ Enhanced Fire Wand - Speed: 1.5, DPS: 8.7
[2025-11-03T15:56:42.511Z] 💾 Saved progress to turtle_db/items/weapons/unknown.json
[2025-11-03T15:56:44.512Z] 🔍 Enhancing item 5212: Blazing Wand (223/340)
[2025-11-03T15:56:48.320Z] ✅ Enhanced Blazing Wand - Speed: 1.5, DPS: 12.7
[2025-11-03T15:56:48.322Z] 💾 Saved progress to turtle_db/items/weapons/unknown.json
[2025-11-03T15:56:50.322Z] 🔍 Enhancing item 5215: Ember Wand (224/340)
[2025-11-03T15:56:54.504Z] ✅ Enhanced Ember Wand - Speed: 1.5, DPS: 33.7
[2025-11-03T15:56:54.506Z] 💾 Saved progress to turtle_db/items/weapons/unknown.json
[2025-11-03T15:56:56.507Z] 🔍 Enhancing item 5241: Dwarven Flamestick (225/340)
[2025-11-03T15:57:00.323Z] ✅ Enhanced Dwarven Flamestick - Speed: 1.8, DPS: 13.6
[2025-11-03T15:57:00.324Z] 💾 Saved progress to turtle_db/items/weapons/unknown.json
[2025-11-03T15:57:02.325Z] 🔍 Enhancing item 5242: Cinder Wand (226/340)
[2025-11-03T15:57:06.413Z] ✅ Enhanced Cinder Wand - Speed: 1.4, DPS: 11.8
[2025-11-03T15:57:06.415Z] 💾 Saved progress to turtle_db/items/weapons/unknown.json
[2025-11-03T15:57:08.416Z] 🔍 Enhancing item 5244: Consecrated Wand (227/340)
[2025-11-03T15:57:12.327Z] ✅ Enhanced Consecrated Wand - Speed: 1.2, DPS: 24.2
[2025-11-03T15:57:12.329Z] 💾 Saved progress to turtle_db/items/weapons/unknown.json
[2025-11-03T15:57:14.330Z] 🔍 Enhancing item 5246: Excavation Rod (228/340)
[2025-11-03T15:57:18.452Z] ✅ Enhanced Excavation Rod - Speed: 1.9, DPS: 24.2
[2025-11-03T15:57:18.454Z] 💾 Saved progress to turtle_db/items/weapons/unknown.json
[2025-11-03T15:57:20.455Z] 🔍 Enhancing item 5248: Flash Wand (229/340)
[2025-11-03T15:57:24.211Z] ✅ Enhanced Flash Wand - Speed: 1.3, DPS: 30.4
[2025-11-03T15:57:24.212Z] 💾 Saved progress to turtle_db/items/weapons/unknown.json
[2025-11-03T15:57:26.214Z] 🔍 Enhancing item 5249: Burning Sliver (230/340)
[2025-11-03T15:57:30.378Z] ✅ Enhanced Burning Sliver - Speed: 1.3, DPS: 32.7
[2025-11-03T15:57:30.378Z] 💾 Saved progress to turtle_db/items/weapons/unknown.json
[2025-11-03T15:57:32.379Z] 🔍 Enhancing item 5250: Charred Wand (231/340)
[2025-11-03T15:57:36.333Z] ✅ Enhanced Charred Wand - Speed: 1.8, DPS: 22.2
[2025-11-03T15:57:36.335Z] 💾 Saved progress to turtle_db/items/weapons/unknown.json
[2025-11-03T15:57:38.335Z] 🔍 Enhancing item 5326: Flaring Baton (232/340)
[2025-11-03T15:57:42.445Z] ✅ Enhanced Flaring Baton - Speed: 1.9, DPS: 13.7
[2025-11-03T15:57:42.447Z] 💾 Saved progress to turtle_db/items/weapons/unknown.json
[2025-11-03T15:57:44.448Z] 🔍 Enhancing item 5356: Branding Rod (233/340)
[2025-11-03T15:57:48.336Z] ✅ Enhanced Branding Rod - Speed: 1.6, DPS: 21.6
[2025-11-03T15:57:48.337Z] 💾 Saved progress to turtle_db/items/weapons/unknown.json
[2025-11-03T15:57:50.339Z] 🔍 Enhancing item 5604: Elven Wand (234/340)
[2025-11-03T15:57:54.526Z] ✅ Enhanced Elven Wand - Speed: 1.6, DPS: 9.4
[2025-11-03T15:57:54.528Z] 💾 Saved progress to turtle_db/items/weapons/unknown.json
[2025-11-03T15:57:56.529Z] 🔍 Enhancing item 6729: Fizzle's Zippy Lighter (235/340)
[2025-11-03T15:58:00.200Z] ✅ Enhanced Fizzle's Zippy Lighter - Speed: 1.5, DPS: 31
[2025-11-03T15:58:00.202Z] 💾 Saved progress to turtle_db/items/weapons/unknown.json
[2025-11-03T15:58:02.204Z] 🔍 Enhancing item 6797: Eyepoker (236/340)
[2025-11-03T15:58:06.290Z] ✅ Enhanced Eyepoker - Speed: 1.7, DPS: 30.6
[2025-11-03T15:58:06.291Z] 💾 Saved progress to turtle_db/items/weapons/unknown.json
[2025-11-03T15:58:08.291Z] 🔍 Enhancing item 8184: Firestarter (237/340)
[2025-11-03T15:58:12.346Z] ✅ Enhanced Firestarter - Speed: 1.5, DPS: 23.3
[2025-11-03T15:58:12.348Z] 💾 Saved progress to turtle_db/items/weapons/unknown.json
[2025-11-03T15:58:14.349Z] 🔍 Enhancing item 8186: Dire Wand (238/340)
[2025-11-03T15:58:18.451Z] ✅ Enhanced Dire Wand - Speed: 1.7, DPS: 20.3
[2025-11-03T15:58:18.453Z] 💾 Saved progress to turtle_db/items/weapons/unknown.json
[2025-11-03T15:58:20.454Z] 🔍 Enhancing item 9654: Cairnstone Sliver (239/340)
[2025-11-03T15:58:24.348Z] ✅ Enhanced Cairnstone Sliver - Speed: 1.8, DPS: 41.4
[2025-11-03T15:58:24.349Z] 💾 Saved progress to turtle_db/items/weapons/unknown.json
[2025-11-03T15:58:26.351Z] 🔍 Enhancing item 10704: Chillnail Splinter (240/340)
[2025-11-03T15:58:30.436Z] ✅ Enhanced Chillnail Splinter - Speed: 1.4, DPS: 37.1
[2025-11-03T15:58:30.438Z] 💾 Saved progress to turtle_db/items/weapons/unknown.json
[2025-11-03T15:58:32.439Z] 🔍 Enhancing item 10836: Rod of Corrosion (241/340)
[2025-11-03T15:58:36.116Z] ✅ Enhanced Rod of Corrosion - Speed: 1.3, DPS: 55
[2025-11-03T15:58:36.117Z] 💾 Saved progress to turtle_db/items/weapons/unknown.json
[2025-11-03T15:58:38.118Z] 🔍 Enhancing item 11860: Charged Lightning Rod (242/340)
[2025-11-03T15:58:42.198Z] ✅ Enhanced Charged Lightning Rod - Speed: 1.5, DPS: 37.3
[2025-11-03T15:58:42.200Z] 💾 Saved progress to turtle_db/items/weapons/unknown.json
[2025-11-03T15:58:44.200Z] 🔍 Enhancing item 12605: Serpentine Skuller (243/340)
[2025-11-03T15:58:48.277Z] ✅ Enhanced Serpentine Skuller - Speed: 1.4, DPS: 54.6
[2025-11-03T15:58:48.277Z] 💾 Saved progress to turtle_db/items/weapons/unknown.json
[2025-11-03T15:58:50.279Z] 🔍 Enhancing item 12984: Skycaller (244/340)
[2025-11-03T15:58:54.370Z] ✅ Enhanced Skycaller - Speed: 1.6, DPS: 21.6
[2025-11-03T15:58:54.371Z] 💾 Saved progress to turtle_db/items/weapons/unknown.json
[2025-11-03T15:58:56.372Z] 🔍 Enhancing item 13004: Torch of Austen (245/340)
[2025-11-03T15:59:00.357Z] ✅ Enhanced Torch of Austen - Speed: 1.4, DPS: 56.8
[2025-11-03T15:59:00.359Z] 💾 Saved progress to turtle_db/items/weapons/unknown.json
[2025-11-03T15:59:02.359Z] 🔍 Enhancing item 13062: Thunderwood (246/340)
[2025-11-03T15:59:06.453Z] ✅ Enhanced Thunderwood - Speed: 1.9, DPS: 27.1
[2025-11-03T15:59:06.455Z] 💾 Saved progress to turtle_db/items/weapons/unknown.json
[2025-11-03T15:59:08.456Z] 🔍 Enhancing item 13063: Starfaller (247/340)
[2025-11-03T15:59:12.359Z] ✅ Enhanced Starfaller - Speed: 1.4, DPS: 32.9
[2025-11-03T15:59:12.360Z] 💾 Saved progress to turtle_db/items/weapons/unknown.json
[2025-11-03T15:59:14.361Z] 🔍 Enhancing item 13065: Wand of Allistarj (248/340)
[2025-11-03T15:59:18.470Z] ✅ Enhanced Wand of Allistarj - Speed: 1.9, DPS: 48.4
[2025-11-03T15:59:18.471Z] 💾 Saved progress to turtle_db/items/weapons/unknown.json
[2025-11-03T15:59:20.471Z] 🔍 Enhancing item 13396: Skul's Ghastly Touch (249/340)
[2025-11-03T15:59:24.364Z] ✅ Enhanced Skul's Ghastly Touch - Speed: 1.8, DPS: 55.8
[2025-11-03T15:59:24.366Z] 💾 Saved progress to turtle_db/items/weapons/unknown.json
[2025-11-03T15:59:26.366Z] 🔍 Enhancing item 15281: Glowstar Rod (250/340)
[2025-11-03T15:59:48.770Z] ✅ Enhanced Glowstar Rod - Speed: 1.5, DPS: 50
[2025-11-03T15:59:48.771Z] 💾 Saved progress to turtle_db/items/weapons/unknown.json
[2025-11-03T15:59:50.772Z] 🔍 Enhancing item 15282: Dragon Finger (251/340)
[2025-11-03T16:00:04.253Z] ✅ Enhanced Dragon Finger - Speed: 1.4, DPS: 53.2
[2025-11-03T16:00:04.255Z] 💾 Saved progress to turtle_db/items/weapons/unknown.json
[2025-11-03T16:00:06.256Z] 🔍 Enhancing item 16789: Captain Rackmore's Tiller (252/340)
[2025-11-03T16:00:10.330Z] ✅ Enhanced Captain Rackmore's Tiller - Speed: 1.5, DPS: 29.7
[2025-11-03T16:00:10.332Z] 💾 Saved progress to turtle_db/items/weapons/unknown.json
[2025-11-03T16:00:12.333Z] 🔍 Enhancing item 16997: Stormrager (253/340)
[2025-11-03T16:00:16.435Z] ✅ Enhanced Stormrager - Speed: 1.3, DPS: 62.7
[2025-11-03T16:00:16.436Z] 💾 Saved progress to turtle_db/items/weapons/unknown.json
[2025-11-03T16:00:18.438Z] 🔍 Enhancing item 18338: Wand of Arcane Potency (254/340)
[2025-11-03T16:00:22.560Z] ✅ Enhanced Wand of Arcane Potency - Speed: 1.6, DPS: 58.4
[2025-11-03T16:00:22.561Z] 💾 Saved progress to turtle_db/items/weapons/unknown.json
[2025-11-03T16:00:24.562Z] 🔍 Enhancing item 19108: Wand of Biting Cold (255/340)
[2025-11-03T16:00:28.648Z] ✅ Enhanced Wand of Biting Cold - Speed: 1.5, DPS: 64
[2025-11-03T16:00:28.650Z] 💾 Saved progress to turtle_db/items/weapons/unknown.json
[2025-11-03T16:00:30.651Z] 🔍 Enhancing item 19967: Thoughtblighter (256/340)
[2025-11-03T16:00:34.807Z] ✅ Enhanced Thoughtblighter - Speed: 1.8, DPS: 71.7
[2025-11-03T16:00:34.808Z] 💾 Saved progress to turtle_db/items/weapons/unknown.json
[2025-11-03T16:00:36.809Z] 🔍 Enhancing item 20082: Woestave (257/340)
[2025-11-03T16:00:40.918Z] ✅ Enhanced Woestave - Speed: 1.9, DPS: 51.3
[2025-11-03T16:00:40.919Z] 💾 Saved progress to turtle_db/items/weapons/unknown.json
[2025-11-03T16:00:42.920Z] 🔍 Enhancing item 20350: 90 Green Frost Wand (258/340)
[2025-11-03T16:00:46.998Z] ✅ Enhanced 90 Green Frost Wand - Speed: 1.3, DPS: 101.9
[2025-11-03T16:00:46.998Z] 💾 Saved progress to turtle_db/items/weapons/unknown.json
[2025-11-03T16:00:48.999Z] 🔍 Enhancing item 20672: Sparkling Crystal Wand (259/340)
[2025-11-03T16:00:53.086Z] ✅ Enhanced Sparkling Crystal Wand - Speed: 1.5, DPS: 62.3
[2025-11-03T16:00:53.087Z] 💾 Saved progress to turtle_db/items/weapons/unknown.json
[2025-11-03T16:00:55.089Z] 🔍 Enhancing item 22254: Wand of Eternal Light (260/340)
[2025-11-03T16:00:59.176Z] ✅ Enhanced Wand of Eternal Light - Speed: 1.5, DPS: 55.7
[2025-11-03T16:00:59.178Z] 💾 Saved progress to turtle_db/items/weapons/unknown.json
[2025-11-03T16:01:01.179Z] 🔍 Enhancing item 22408: Ritssyn's Wand of Bad Mojo (261/340)
[2025-11-03T16:01:05.261Z] ✅ Enhanced Ritssyn's Wand of Bad Mojo - Speed: 1.3, DPS: 63.8
[2025-11-03T16:01:05.263Z] 💾 Saved progress to turtle_db/items/weapons/unknown.json
[2025-11-03T16:01:07.263Z] 🔍 Enhancing item 50529: Rod of Charring (262/340)
[2025-11-03T16:01:11.341Z] ✅ Enhanced Rod of Charring - Speed: 1.8, DPS: 33.1
[2025-11-03T16:01:11.342Z] 💾 Saved progress to turtle_db/items/weapons/unknown.json
[2025-11-03T16:01:13.343Z] 🔍 Enhancing item 58089: Thornlash Branch (263/340)
[2025-11-03T16:01:17.423Z] ✅ Enhanced Thornlash Branch - Speed: 1.5, DPS: 33
[2025-11-03T16:01:17.425Z] 💾 Saved progress to turtle_db/items/weapons/unknown.json
[2025-11-03T16:01:19.426Z] 🔍 Enhancing item 60427: Skullrattler (264/340)
[2025-11-03T16:01:23.509Z] ✅ Enhanced Skullrattler - Speed: 2.1, DPS: 63.6
[2025-11-03T16:01:23.510Z] 💾 Saved progress to turtle_db/items/weapons/unknown.json
[2025-11-03T16:01:25.510Z] 🔍 Enhancing item 61019: Wand of the Eclipse (265/340)
[2025-11-03T16:01:29.614Z] ✅ Enhanced Wand of the Eclipse - Speed: 1.7, DPS: 65.6
[2025-11-03T16:01:29.615Z] 💾 Saved progress to turtle_db/items/weapons/unknown.json
[2025-11-03T16:01:31.616Z] 🔍 Enhancing item 61615: Burning Torch (266/340)
[2025-11-03T16:01:35.966Z] ✅ Enhanced Burning Torch - Speed: 1.6, DPS: 50.6
[2025-11-03T16:01:35.968Z] 💾 Saved progress to turtle_db/items/weapons/unknown.json
[2025-11-03T16:01:37.969Z] 🔍 Enhancing item 80644: Revantusk Mystic's Mojobender (267/340)
[2025-11-03T16:01:42.048Z] ✅ Enhanced Revantusk Mystic's Mojobender - Speed: 1.3, DPS: 66.2
[2025-11-03T16:01:42.049Z] 💾 Saved progress to turtle_db/items/weapons/unknown.json
[2025-11-03T16:01:44.051Z] 🔍 Enhancing item 80645: Revantusk Mender's Wand (268/340)
[2025-11-03T16:01:48.227Z] ✅ Enhanced Revantusk Mender's Wand - Speed: 1.3, DPS: 66.2
[2025-11-03T16:01:48.229Z] 💾 Saved progress to turtle_db/items/weapons/unknown.json
[2025-11-03T16:01:50.230Z] 🔍 Enhancing item 80772: Twisted Draenei Rib (269/340)
[2025-11-03T16:01:54.314Z] ✅ Enhanced Twisted Draenei Rib - Speed: 2.1, DPS: 63.3
[2025-11-03T16:01:54.316Z] 💾 Saved progress to turtle_db/items/weapons/unknown.json
[2025-11-03T16:01:56.317Z] 🔍 Enhancing item 80799: Wand of Divine Justice (270/340)
[2025-11-03T16:02:00.403Z] ✅ Enhanced Wand of Divine Justice - Speed: 1.9, DPS: 37.1
[2025-11-03T16:02:00.404Z] 💾 Saved progress to turtle_db/items/weapons/unknown.json
[2025-11-03T16:02:02.406Z] 🔍 Enhancing item 4547: Gnomish Zapper (271/340)
[2025-11-03T16:02:06.435Z] ✅ Enhanced Gnomish Zapper - Speed: 1.3, DPS: 32.7
[2025-11-03T16:02:06.437Z] 💾 Saved progress to turtle_db/items/weapons/unknown.json
[2025-11-03T16:02:08.438Z] 🔍 Enhancing item 5071: Shadow Wand (272/340)
[2025-11-03T16:02:12.440Z] ✅ Enhanced Shadow Wand - Speed: 1.4, DPS: 10.4
[2025-11-03T16:02:12.442Z] 💾 Saved progress to turtle_db/items/weapons/unknown.json
[2025-11-03T16:02:14.443Z] 🔍 Enhancing item 5092: Charred Razormane Wand (273/340)
[2025-11-03T16:02:18.444Z] ✅ Enhanced Charred Razormane Wand - Speed: 1.5, DPS: 15.7
[2025-11-03T16:02:18.446Z] 💾 Saved progress to turtle_db/items/weapons/unknown.json
[2025-11-03T16:02:20.447Z] 🔍 Enhancing item 5207: Opaque Wand (274/340)
[2025-11-03T16:02:24.446Z] ✅ Enhanced Opaque Wand - Speed: 1.4, DPS: 15
[2025-11-03T16:02:24.447Z] 💾 Saved progress to turtle_db/items/weapons/unknown.json
[2025-11-03T16:02:26.448Z] 🔍 Enhancing item 5208: Smoldering Wand (275/340)
[2025-11-03T16:02:30.449Z] ✅ Enhanced Smoldering Wand - Speed: 1.6, DPS: 13.4
[2025-11-03T16:02:30.450Z] 💾 Saved progress to turtle_db/items/weapons/unknown.json
[2025-11-03T16:02:32.451Z] 🔍 Enhancing item 5209: Gloom Wand (276/340)
[2025-11-03T16:02:36.415Z] ✅ Enhanced Gloom Wand - Speed: 1.8, DPS: 14.4
[2025-11-03T16:02:36.416Z] 💾 Saved progress to turtle_db/items/weapons/unknown.json
[2025-11-03T16:02:38.417Z] 🔍 Enhancing item 5210: Burning Wand (277/340)
[2025-11-03T16:02:42.457Z] ✅ Enhanced Burning Wand - Speed: 1.4, DPS: 17.5
[2025-11-03T16:02:42.459Z] 💾 Saved progress to turtle_db/items/weapons/unknown.json
[2025-11-03T16:02:44.460Z] 🔍 Enhancing item 5211: Dusk Wand (278/340)
[2025-11-03T16:02:48.459Z] ✅ Enhanced Dusk Wand - Speed: 1.7, DPS: 17.6
[2025-11-03T16:02:48.460Z] 💾 Saved progress to turtle_db/items/weapons/unknown.json
[2025-11-03T16:02:50.461Z] 🔍 Enhancing item 5213: Scorching Wand (279/340)
[2025-11-03T16:02:54.462Z] ✅ Enhanced Scorching Wand - Speed: 1.3, DPS: 28.8
[2025-11-03T16:02:54.464Z] 💾 Saved progress to turtle_db/items/weapons/unknown.json
[2025-11-03T16:02:56.464Z] 🔍 Enhancing item 5214: Wand of Eventide (280/340)
[2025-11-03T16:03:10.587Z] ✅ Enhanced Wand of Eventide - Speed: 1.3, DPS: 25.8
[2025-11-03T16:03:10.589Z] 💾 Saved progress to turtle_db/items/weapons/unknown.json
[2025-11-03T16:03:12.590Z] 🔍 Enhancing item 5216: Umbral Wand (281/340)
[2025-11-03T16:03:16.470Z] ✅ Enhanced Umbral Wand - Speed: 1.5, DPS: 35.7
[2025-11-03T16:03:16.471Z] 💾 Saved progress to turtle_db/items/weapons/unknown.json
[2025-11-03T16:03:18.473Z] 🔍 Enhancing item 5235: Cultist's Firestick (282/340)
[2025-11-03T16:03:22.557Z] ✅ Enhanced Cultist's Firestick - Speed: 1.8, DPS: 4.4
[2025-11-03T16:03:22.558Z] 💾 Saved progress to turtle_db/items/weapons/unknown.json
[2025-11-03T16:03:24.559Z] 🔍 Enhancing item 5236: Combustible Wand (283/340)
[2025-11-03T16:03:28.474Z] ✅ Enhanced Combustible Wand - Speed: 1.6, DPS: 25.9
[2025-11-03T16:03:28.476Z] 💾 Saved progress to turtle_db/items/weapons/unknown.json
[2025-11-03T16:03:30.477Z] 🔍 Enhancing item 5238: Pitchwood Wand (284/340)
[2025-11-03T16:03:34.548Z] ✅ Enhanced Pitchwood Wand - Speed: 1.7, DPS: 34.7
[2025-11-03T16:03:34.550Z] 💾 Saved progress to turtle_db/items/weapons/unknown.json
[2025-11-03T16:03:36.551Z] 🔍 Enhancing item 5239: Blackbone Wand (285/340)
[2025-11-03T16:03:40.477Z] ✅ Enhanced Blackbone Wand - Speed: 1.6, DPS: 35.3
[2025-11-03T16:03:40.479Z] 💾 Saved progress to turtle_db/items/weapons/unknown.json
[2025-11-03T16:03:42.480Z] 🔍 Enhancing item 5240: Torchlight Wand (286/340)
[2025-11-03T16:03:46.568Z] ✅ Enhanced Torchlight Wand - Speed: 1.3, DPS: 15.8
[2025-11-03T16:03:46.570Z] 💾 Saved progress to turtle_db/items/weapons/unknown.json
[2025-11-03T16:03:48.571Z] 🔍 Enhancing item 5245: Summoner's Wand (287/340)
[2025-11-03T16:03:52.481Z] ✅ Enhanced Summoner's Wand - Speed: 1.8, DPS: 28.1
[2025-11-03T16:03:52.482Z] 💾 Saved progress to turtle_db/items/weapons/unknown.json
[2025-11-03T16:03:54.484Z] 🔍 Enhancing item 5247: Rod of Sorrow (288/340)
[2025-11-03T16:03:58.563Z] ✅ Enhanced Rod of Sorrow - Speed: 1.9, DPS: 31.8
[2025-11-03T16:03:58.563Z] 💾 Saved progress to turtle_db/items/weapons/unknown.json
[2025-11-03T16:04:00.564Z] 🔍 Enhancing item 5252: Wand of Decay (289/340)
[2025-11-03T16:04:04.484Z] ✅ Enhanced Wand of Decay - Speed: 1.5, DPS: 15.7
[2025-11-03T16:04:04.485Z] 💾 Saved progress to turtle_db/items/weapons/unknown.json
[2025-11-03T16:04:06.487Z] 🔍 Enhancing item 5253: Goblin Igniter (290/340)
[2025-11-03T16:04:10.567Z] ✅ Enhanced Goblin Igniter - Speed: 2, DPS: 32.8
[2025-11-03T16:04:10.568Z] 💾 Saved progress to turtle_db/items/weapons/unknown.json
[2025-11-03T16:04:12.568Z] 🔍 Enhancing item 5347: Pestilent Wand (291/340)
[2025-11-03T16:04:16.282Z] ✅ Enhanced Pestilent Wand - Speed: 1.5, DPS: 27
[2025-11-03T16:04:16.284Z] 💾 Saved progress to turtle_db/items/weapons/unknown.json
[2025-11-03T16:04:18.285Z] 🔍 Enhancing item 5818: Moonbeam Wand (292/340)
[2025-11-03T16:04:22.369Z] ✅ Enhanced Moonbeam Wand - Speed: 1.8, DPS: 24.2
[2025-11-03T16:04:22.371Z] 💾 Saved progress to turtle_db/items/weapons/unknown.json
[2025-11-03T16:04:24.372Z] 🔍 Enhancing item 6230: Monster - Wand, Basic (293/340)
[2025-11-03T16:04:28.456Z] ✅ Enhanced Monster - Wand, Basic - Speed: 2, DPS: 1
[2025-11-03T16:04:28.457Z] 💾 Saved progress to turtle_db/items/weapons/unknown.json
[2025-11-03T16:04:30.458Z] 🔍 Enhancing item 6677: Spellcrafter Wand (294/340)
[2025-11-03T16:04:34.540Z] ✅ Enhanced Spellcrafter Wand - Speed: 1.7, DPS: 20.3
[2025-11-03T16:04:34.541Z] 💾 Saved progress to turtle_db/items/weapons/unknown.json
[2025-11-03T16:04:36.542Z] 🔍 Enhancing item 7607: Sable Wand (295/340)
[2025-11-03T16:04:40.495Z] ✅ Enhanced Sable Wand - Speed: 1.8, DPS: 16.9
[2025-11-03T16:04:40.496Z] 💾 Saved progress to turtle_db/items/weapons/unknown.json
[2025-11-03T16:04:42.497Z] 🔍 Enhancing item 8071: Sizzle Stick (296/340)
[2025-11-03T16:04:46.577Z] ✅ Enhanced Sizzle Stick - Speed: 1.7, DPS: 17.6
[2025-11-03T16:04:46.578Z] 💾 Saved progress to turtle_db/items/weapons/unknown.json
[2025-11-03T16:04:48.579Z] 🔍 Enhancing item 9489: Gyromatic Icemaker (297/340)
[2025-11-03T16:04:52.500Z] ✅ Enhanced Gyromatic Icemaker - Speed: 1.4, DPS: 25
[2025-11-03T16:04:52.502Z] 💾 Saved progress to turtle_db/items/weapons/unknown.json
[2025-11-03T16:04:54.503Z] 🔍 Enhancing item 11287: Lesser Magic Wand (298/340)
[2025-11-03T16:04:58.593Z] ✅ Enhanced Lesser Magic Wand - Speed: 1.5, DPS: 11.3
[2025-11-03T16:04:58.595Z] 💾 Saved progress to turtle_db/items/weapons/unknown.json
[2025-11-03T16:05:00.596Z] 🔍 Enhancing item 11288: Greater Magic Wand (299/340)
[2025-11-03T16:05:04.500Z] ✅ Enhanced Greater Magic Wand - Speed: 1.8, DPS: 17.5
[2025-11-03T16:05:04.501Z] 💾 Saved progress to turtle_db/items/weapons/unknown.json
[2025-11-03T16:05:06.501Z] 🔍 Enhancing item 11289: Lesser Mystic Wand (300/340)
[2025-11-03T16:05:10.623Z] ✅ Enhanced Lesser Mystic Wand - Speed: 1.3, DPS: 25.4
[2025-11-03T16:05:10.625Z] 💾 Saved progress to turtle_db/items/weapons/unknown.json
[2025-11-03T16:05:12.626Z] 🔍 Enhancing item 11290: Greater Mystic Wand (301/340)
[2025-11-03T16:05:16.504Z] ✅ Enhanced Greater Mystic Wand - Speed: 2, DPS: 29
[2025-11-03T16:05:16.505Z] 💾 Saved progress to turtle_db/items/weapons/unknown.json
[2025-11-03T16:05:18.507Z] 🔍 Enhancing item 12296: Spark of the People's Militia (302/340)
[2025-11-03T16:05:22.696Z] ✅ Enhanced Spark of the People's Militia - Speed: 1.8, DPS: 12.8
[2025-11-03T16:05:22.698Z] 💾 Saved progress to turtle_db/items/weapons/unknown.json
[2025-11-03T16:05:24.699Z] 🔍 Enhancing item 12468: Chilton Wand (303/340)
[2025-11-03T16:05:28.508Z] ✅ Enhanced Chilton Wand - Speed: 1.5, DPS: 37.3
[2025-11-03T16:05:28.509Z] 💾 Saved progress to turtle_db/items/weapons/unknown.json
[2025-11-03T16:05:30.510Z] 🔍 Enhancing item 13293: Monster - Wand, Horde Dark Skull (304/340)
[2025-11-03T16:05:34.688Z] ✅ Enhanced Monster - Wand, Horde Dark Skull - Speed: 2, DPS: 1
[2025-11-03T16:05:34.690Z] 💾 Saved progress to turtle_db/items/weapons/unknown.json
[2025-11-03T16:05:36.691Z] 🔍 Enhancing item 15204: Moonstone Wand (305/340)
[2025-11-03T16:05:40.513Z] ✅ Enhanced Moonstone Wand - Speed: 1.8, DPS: 13.6
[2025-11-03T16:05:40.514Z] 💾 Saved progress to turtle_db/items/weapons/unknown.json
[2025-11-03T16:05:42.516Z] 🔍 Enhancing item 15279: Ivory Wand (306/340)
[2025-11-03T16:06:00.752Z] ✅ Enhanced Ivory Wand - Speed: 1.4, DPS: 42.1
[2025-11-03T16:06:00.754Z] 💾 Saved progress to turtle_db/items/weapons/unknown.json
[2025-11-03T16:06:02.755Z] 🔍 Enhancing item 15280: Wizard's Hand (307/340)
[2025-11-03T16:06:06.857Z] ✅ Enhanced Wizard's Hand - Speed: 1.8, DPS: 44.4
[2025-11-03T16:06:06.858Z] 💾 Saved progress to turtle_db/items/weapons/unknown.json
[2025-11-03T16:06:08.858Z] 🔍 Enhancing item 15283: Lunar Wand (308/340)
[2025-11-03T16:06:12.972Z] ✅ Enhanced Lunar Wand - Speed: 1.7, DPS: 56.8
[2025-11-03T16:06:12.973Z] 💾 Saved progress to turtle_db/items/weapons/unknown.json
[2025-11-03T16:06:14.975Z] 🔍 Enhancing item 15465: Stingshot Wand (309/340)
[2025-11-03T16:06:19.059Z] ✅ Enhanced Stingshot Wand - Speed: 1.8, DPS: 22.2
[2025-11-03T16:06:19.060Z] 💾 Saved progress to turtle_db/items/weapons/unknown.json
[2025-11-03T16:06:21.061Z] 🔍 Enhancing item 15692: Kodo Brander (310/340)
[2025-11-03T16:06:25.212Z] ✅ Enhanced Kodo Brander - Speed: 1.9, DPS: 31.1
[2025-11-03T16:06:25.214Z] 💾 Saved progress to turtle_db/items/weapons/unknown.json
[2025-11-03T16:06:27.215Z] 🔍 Enhancing item 16993: Smokey's Fireshooter (311/340)
[2025-11-03T16:06:31.293Z] ✅ Enhanced Smokey's Fireshooter - Speed: 1.9, DPS: 53.2
[2025-11-03T16:06:31.293Z] 💾 Saved progress to turtle_db/items/weapons/unknown.json
[2025-11-03T16:06:33.295Z] 🔍 Enhancing item 18301: Lethtendris's Wand (312/340)
[2025-11-03T16:06:37.426Z] ✅ Enhanced Lethtendris's Wand - Speed: 1.7, DPS: 50.9
[2025-11-03T16:06:37.427Z] 💾 Saved progress to turtle_db/items/weapons/unknown.json
[2025-11-03T16:06:39.428Z] 🔍 Enhancing item 19118: Nature's Breath (313/340)
[2025-11-03T16:06:43.512Z] ✅ Enhanced Nature's Breath - Speed: 1.4, DPS: 41.1
[2025-11-03T16:06:43.513Z] 💾 Saved progress to turtle_db/items/weapons/unknown.json
[2025-11-03T16:06:45.515Z] 🔍 Enhancing item 41117: Withered Wand (314/340)
[2025-11-03T16:06:49.594Z] ✅ Enhanced Withered Wand - Speed: 1.8, DPS: 6.7
[2025-11-03T16:06:49.596Z] 💾 Saved progress to turtle_db/items/weapons/unknown.json
[2025-11-03T16:06:51.597Z] 🔍 Enhancing item 51816: Webwood Branch (315/340)
[2025-11-03T16:06:55.678Z] ✅ Enhanced Webwood Branch - Speed: 1.6, DPS: 6.6
[2025-11-03T16:06:55.679Z] 💾 Saved progress to turtle_db/items/weapons/unknown.json
[2025-11-03T16:06:57.680Z] 🔍 Enhancing item 51820: Bhartec's Lost Wand (316/340)
[2025-11-03T16:07:01.769Z] ✅ Enhanced Bhartec's Lost Wand - Speed: 1.7, DPS: 6.5
[2025-11-03T16:07:01.771Z] 💾 Saved progress to turtle_db/items/weapons/unknown.json
[2025-11-03T16:07:03.772Z] 🔍 Enhancing item 58009: Quistis' Wand (317/340)
[2025-11-03T16:07:07.858Z] ✅ Enhanced Quistis' Wand - Speed: 1.5, DPS: 31.3
[2025-11-03T16:07:07.860Z] 💾 Saved progress to turtle_db/items/weapons/unknown.json
[2025-11-03T16:07:09.861Z] 🔍 Enhancing item 58026: Rod of Stromgarde (318/340)
[2025-11-03T16:07:13.957Z] ✅ Enhanced Rod of Stromgarde - Speed: 2.1, DPS: 26.9
[2025-11-03T16:07:13.959Z] 💾 Saved progress to turtle_db/items/weapons/unknown.json
[2025-11-03T16:07:15.960Z] 🔍 Enhancing item 58277: Lady Winter's Touch (319/340)
[2025-11-03T16:07:20.088Z] ✅ Enhanced Lady Winter's Touch - Speed: 1.5, DPS: 32.3
[2025-11-03T16:07:20.089Z] 💾 Saved progress to turtle_db/items/weapons/unknown.json
[2025-11-03T16:07:22.089Z] 🔍 Enhancing item 61374: Grungy Firestick (320/340)
[2025-11-03T16:07:26.169Z] ✅ Enhanced Grungy Firestick - Speed: 1.8, DPS: 7.8
[2025-11-03T16:07:26.170Z] 💾 Saved progress to turtle_db/items/weapons/unknown.json
[2025-11-03T16:07:28.171Z] 🔍 Enhancing item 6231: Monster - Wand, Jeweled - Green (321/340)
[2025-11-03T16:07:32.345Z] ✅ Enhanced Monster - Wand, Jeweled - Green - Speed: 2, DPS: 1
[2025-11-03T16:07:32.347Z] 💾 Saved progress to turtle_db/items/weapons/unknown.json
[2025-11-03T16:07:34.348Z] 🔍 Enhancing item 12941: Monster - Wand, Jeweled - B02 Red (322/340)
[2025-11-03T16:07:38.511Z] ✅ Enhanced Monster - Wand, Jeweled - B02 Red - Speed: 2, DPS: 1
[2025-11-03T16:07:38.513Z] 💾 Saved progress to turtle_db/items/weapons/unknown.json
[2025-11-03T16:07:40.514Z] 🔍 Enhancing item 13290: Monster - Wand, Horde Purple Orb (323/340)
[2025-11-03T16:07:44.561Z] ✅ Enhanced Monster - Wand, Horde Purple Orb - Speed: 2, DPS: 1
[2025-11-03T16:07:44.563Z] 💾 Saved progress to turtle_db/items/weapons/unknown.json
[2025-11-03T16:07:46.563Z] 🔍 Enhancing item 13291: Monster - Wand, Horde Red Feathered (324/340)
[2025-11-03T16:07:50.564Z] ✅ Enhanced Monster - Wand, Horde Red Feathered - Speed: 2, DPS: 1
[2025-11-03T16:07:50.565Z] 💾 Saved progress to turtle_db/items/weapons/unknown.json
[2025-11-03T16:07:52.566Z] 🔍 Enhancing item 13292: Monster - Wand, Horde Demon Skull (325/340)
[2025-11-03T16:07:56.569Z] ✅ Enhanced Monster - Wand, Horde Demon Skull - Speed: 2, DPS: 1
[2025-11-03T16:07:56.571Z] 💾 Saved progress to turtle_db/items/weapons/unknown.json
[2025-11-03T16:07:58.572Z] 🔍 Enhancing item 16582: Monster - Wand, Horde Green Feathered (326/340)
[2025-11-03T16:08:02.568Z] ✅ Enhanced Monster - Wand, Horde Green Feathered - Speed: 2, DPS: 1
[2025-11-03T16:08:02.570Z] 💾 Saved progress to turtle_db/items/weapons/unknown.json
[2025-11-03T16:08:04.571Z] 🔍 Enhancing item 19983: Monster - Wand, Horde Demon Skull Red (327/340)
[2025-11-03T16:08:08.572Z] ✅ Enhanced Monster - Wand, Horde Demon Skull Red - Speed: 2, DPS: 1
[2025-11-03T16:08:08.573Z] 💾 Saved progress to turtle_db/items/weapons/unknown.json
[2025-11-03T16:08:10.574Z] 🔍 Enhancing item 6256: Fishing Pole (328/340)
[2025-11-03T16:08:14.576Z] ✅ Enhanced Fishing Pole - Speed: 3, DPS: 1
[2025-11-03T16:08:14.577Z] 💾 Saved progress to turtle_db/items/weapons/unknown.json
[2025-11-03T16:08:16.578Z] 🔍 Enhancing item 6365: Strong Fishing Pole (329/340)
[2025-11-03T16:08:20.578Z] ✅ Enhanced Strong Fishing Pole - Speed: 3, DPS: 5.7
[2025-11-03T16:08:20.579Z] 💾 Saved progress to turtle_db/items/weapons/unknown.json
[2025-11-03T16:08:22.580Z] 🔍 Enhancing item 6366: Darkwood Fishing Pole (330/340)
[2025-11-03T16:08:26.431Z] ✅ Enhanced Darkwood Fishing Pole - Speed: 3, DPS: 11.8
[2025-11-03T16:08:26.433Z] 💾 Saved progress to turtle_db/items/weapons/unknown.json
[2025-11-03T16:08:28.434Z] 🔍 Enhancing item 6367: Big Iron Fishing Pole (331/340)
[2025-11-03T16:08:32.587Z] ✅ Enhanced Big Iron Fishing Pole - Speed: 3, DPS: 19
[2025-11-03T16:08:32.589Z] 💾 Saved progress to turtle_db/items/weapons/unknown.json
[2025-11-03T16:08:34.590Z] 🔍 Enhancing item 7010: Driftwood Fishing Pole (332/340)
[2025-11-03T16:08:38.587Z] ✅ Enhanced Driftwood Fishing Pole - Speed: 3, DPS: 1
[2025-11-03T16:08:38.588Z] 💾 Saved progress to turtle_db/items/weapons/unknown.json
[2025-11-03T16:08:40.590Z] 🔍 Enhancing item 12225: Blump Family Fishing Pole (333/340)
[2025-11-03T16:08:44.590Z] ✅ Enhanced Blump Family Fishing Pole - Speed: 3, DPS: 5.7
[2025-11-03T16:08:44.592Z] 💾 Saved progress to turtle_db/items/weapons/unknown.json
[2025-11-03T16:08:46.593Z] 🔍 Enhancing item 19022: Nat Pagle's Extreme Angler FC-5000 (334/340)
[2025-11-03T16:08:50.593Z] ✅ Enhanced Nat Pagle's Extreme Angler FC-5000 - Speed: 3, DPS: 38.8
[2025-11-03T16:08:50.595Z] 💾 Saved progress to turtle_db/items/weapons/unknown.json
[2025-11-03T16:08:52.596Z] 🔍 Enhancing item 19970: Arcanite Fishing Pole (335/340)
[2025-11-03T16:08:56.597Z] ✅ Enhanced Arcanite Fishing Pole - Speed: 3, DPS: 17.5
[2025-11-03T16:08:56.599Z] 💾 Saved progress to turtle_db/items/weapons/unknown.json
[2025-11-03T16:08:58.600Z] 🔍 Enhancing item 84507: Barkskin Fisher (336/340)
[2025-11-03T16:09:02.379Z] ✅ Enhanced Barkskin Fisher - Speed: 2.5, DPS: 45.8
[2025-11-03T16:09:02.381Z] 💾 Saved progress to turtle_db/items/weapons/unknown.json
[2025-11-03T16:09:04.382Z] 🔍 Enhancing item 60864: Half-O-Staff (337/340)
[2025-11-03T16:09:08.463Z] ✅ Enhanced Half-O-Staff - Speed: 1.6, DPS: 13.1
[2025-11-03T16:09:08.465Z] 💾 Saved progress to turtle_db/items/weapons/unknown.json
[2025-11-03T16:09:10.466Z] 🔍 Enhancing item 20363: 63 Green Frost Wand (338/340)
[2025-11-03T16:09:14.609Z] ✅ Enhanced 63 Green Frost Wand - Speed: 1.3, DPS: 55.8
[2025-11-03T16:09:14.611Z] 💾 Saved progress to turtle_db/items/weapons/unknown.json
[2025-11-03T16:09:16.612Z] 🔍 Enhancing item 58023: Loop of the Assassin (339/340)
[2025-11-03T16:09:20.610Z] ⚠️ Could not enhance Loop of the Assassin - no speed/DPS data found
[2025-11-03T16:09:22.611Z] 🔍 Enhancing item 3991: Plated Buckler (340/340)
[2025-11-03T16:09:26.614Z] ⚠️ Could not enhance Plated Buckler - no speed/DPS data found
[2025-11-03T16:09:28.615Z] 📊 Enhancement complete for turtle_db/items/weapons/unknown.json
[2025-11-03T16:09:28.616Z]    Enhanced: 321 items
[2025-11-03T16:09:28.616Z]    Skipped: 0 items
[2025-11-03T16:09:28.616Z] 🔄 Restarting browser for fresh session...
[2025-11-03T16:09:28.753Z] 🔒 Browser closed
[2025-11-03T16:09:28.753Z] 🚀 Initializing browser for weapon enhancement...
[2025-11-03T16:09:29.160Z] ✅ Browser initialized
[2025-11-03T16:09:29.160Z] 🎉 All weapon files enhancement complete!
[2025-11-03T16:09:29.231Z] 🔒 Browser closed
